fast build + product smoke	cargo test --workspace --lib	﻿2026-09-30T16:44:17.7818646Z ##[group]Run cargo test --workspace --lib
fast build + product smoke	cargo test --workspace --lib	2026-09-30T16:44:17.7819083Z ^[[36;1mcargo test --workspace --lib^[[0m
fast build + product smoke	cargo test --workspace --lib	2026-09-30T16:44:17.7876966Z shell: /usr/bin/bash -e {0}
fast build + product smoke	cargo test --workspace --lib	2026-09-30T16:44:17.7877190Z env:
fast build + product smoke	cargo test --workspace --lib	2026-09-30T16:44:17.7877361Z   CARGO_TERM_COLOR: always
fast build + product smoke	cargo test --workspace --lib	2026-09-30T16:44:17.7877727Z   CARGO_HOME: /home/runner/.cargo
fast build + product smoke	cargo test --workspace --lib	2026-09-30T16:44:17.7877950Z   CARGO_INCREMENTAL: 0
fast build + product smoke	cargo test --workspace --lib	2026-09-30T16:44:17.7878138Z ##[endgroup]
fast build + product smoke	cargo test --workspace --lib	2026-09-30T16:44:17.9743139Z ^[[1m^[[92m   Compiling^[[0m unicode-ident v1.0.24
fast build + product smoke	cargo test --workspace --lib	2026-09-30T16:44:17.9743709Z ^[[1m^[[92m   Compiling^[[0m cfg-if v1.0.4
fast build + product smoke	cargo test --workspace --lib	2026-09-30T16:44:17.9744200Z ^[[1m^[[92m   Compiling^[[0m memchr v2.8.3
fast build + product smoke	cargo test --workspace --lib	2026-09-30T16:44:17.9781027Z ^[[1m^[[92m   Compiling^[[0m libc v0.2.186
fast build + product smoke	cargo test --workspace --lib	2026-09-30T16:44:18.0070769Z ^[[1m^[[92m   Compiling^[[0m libm v0.2.16
fast build + product smoke	cargo test --workspace --lib	2026-09-30T16:44:18.0317392Z ^[[1m^[[92m   Compiling^[[0m proc-macro2 v1.0.106
fast build + product smoke	cargo test --workspace --lib	2026-09-30T16:44:18.4629379Z ^[[1m^[[92m   Compiling^[[0m quote v1.0.46
fast build + product smoke	cargo test --workspace --lib	2026-09-30T16:44:18.5944453Z ^[[1m^[[92m   Compiling^[[0m syn v2.0.119
fast build + product smoke	cargo test --workspace --lib	2026-09-30T16:44:18.6208798Z ^[[1m^[[92m   Compiling^[[0m syn v3.0.3
fast build + product smoke	cargo test --workspace --lib	2026-09-30T16:44:19.1559684Z ^[[1m^[[92m   Compiling^[[0m serde_core v1.0.228
fast build + product smoke	cargo test --workspace --lib	2026-09-30T16:44:19.2129053Z ^[[1m^[[92m   Compiling^[[0m once_cell v1.21.4
fast build + product smoke	cargo test --workspace --lib	2026-09-30T16:44:19.3359607Z ^[[1m^[[92m   Compiling^[[0m getrandom v0.3.4
fast build + product smoke	cargo test --workspace --lib	2026-09-30T16:44:19.4519305Z ^[[1m^[[92m   Compiling^[[0m crossbeam-utils v0.8.22
fast build + product smoke	cargo test --workspace --lib	2026-09-30T16:44:19.8269635Z ^[[1m^[[92m   Compiling^[[0m crossbeam-epoch v0.9.20
fast build + product smoke	cargo test --workspace --lib	2026-09-30T16:44:20.0609097Z ^[[1m^[[92m   Compiling^[[0m rand_core v0.9.5
fast build + product smoke	cargo test --workspace --lib	2026-09-30T16:44:20.1769059Z ^[[1m^[[92m   Compiling^[[0m zmij v1.0.23
fast build + product smoke	cargo test --workspace --lib	2026-09-30T16:44:20.4099382Z ^[[1m^[[92m   Compiling^[[0m typenum v1.20.1
fast build + product smoke	cargo test --workspace --lib	2026-09-30T16:44:21.0369142Z ^[[1m^[[92m   Compiling^[[0m itoa v1.0.18
fast build + product smoke	cargo test --workspace --lib	2026-09-30T16:44:21.0888950Z ^[[1m^[[92m   Compiling^[[0m either v1.16.0
fast build + product smoke	cargo test --workspace --lib	2026-09-30T16:44:21.1399697Z ^[[1m^[[92m   Compiling^[[0m generic-array v0.14.7
fast build + product smoke	cargo test --workspace --lib	2026-09-30T16:44:21.1799741Z ^[[1m^[[92m   Compiling^[[0m bytemuck_derive v1.12.0
fast build + product smoke	cargo test --workspace --lib	2026-09-30T16:44:21.2118972Z ^[[1m^[[92m   Compiling^[[0m num-traits v0.2.19
fast build + product smoke	cargo test --workspace --lib	2026-09-30T16:44:21.5695335Z ^[[1m^[[92m   Compiling^[[0m crossbeam-deque v0.8.7
fast build + product smoke	cargo test --workspace --lib	2026-09-30T16:44:21.6849148Z ^[[1m^[[92m   Compiling^[[0m crypto-common v0.1.7
fast build + product smoke	cargo test --workspace --lib	2026-09-30T16:44:21.7334521Z ^[[1m^[[92m   Compiling^[[0m block-buffer v0.10.4
fast build + product smoke	cargo test --workspace --lib	2026-09-30T16:44:21.7749496Z ^[[1m^[[92m   Compiling^[[0m constant_time_eq v0.3.1
fast build + product smoke	cargo test --workspace --lib	2026-09-30T16:44:21.8049185Z ^[[1m^[[92m   Compiling^[[0m digest v0.10.7
fast build + product smoke	cargo test --workspace --lib	2026-09-30T16:44:21.8139374Z ^[[1m^[[92m   Compiling^[[0m arrayref v0.3.9 (/home/runner/work/uor-r4/uor-r4/third_party/arrayref)
fast build + product smoke	cargo test --workspace --lib	2026-09-30T16:44:21.8389032Z ^[[1m^[[92m   Compiling^[[0m arrayvec v0.7.8
fast build + product smoke	cargo test --workspace --lib	2026-09-30T16:44:21.9339373Z ^[[1m^[[92m   Compiling^[[0m rayon-core v1.13.0
fast build + product smoke	cargo test --workspace --lib	2026-09-30T16:44:21.9476550Z ^[[1m^[[92m   Compiling^[[0m blake3 v1.5.0
fast build + product smoke	cargo test --workspace --lib	2026-09-30T16:44:22.0519216Z ^[[1m^[[92m   Compiling^[[0m bytemuck v1.25.2
fast build + product smoke	cargo test --workspace --lib	2026-09-30T16:44:22.1789374Z ^[[1m^[[92m   Compiling^[[0m cpufeatures v0.2.17
fast build + product smoke	cargo test --workspace --lib	2026-09-30T16:44:22.2035903Z ^[[1m^[[92m   Compiling^[[0m sha2 v0.10.9
fast build + product smoke	cargo test --workspace --lib	2026-09-30T16:44:22.2788956Z ^[[1m^[[92m   Compiling^[[0m rayon v1.12.0
fast build + product smoke	cargo test --workspace --lib	2026-09-30T16:44:22.5169266Z ^[[1m^[[92m   Compiling^[[0m serde_json v1.0.150
fast build + product smoke	cargo test --workspace --lib	2026-09-30T16:44:22.5819609Z ^[[1m^[[92m   Compiling^[[0m regex-syntax v0.8.11
fast build + product smoke	cargo test --workspace --lib	2026-09-30T16:44:22.6269157Z ^[[1m^[[92m   Compiling^[[0m serde_derive v1.0.228
fast build + product smoke	cargo test --workspace --lib	2026-09-30T16:44:23.8139134Z ^[[1m^[[92m   Compiling^[[0m zerocopy-derive v0.8.55
fast build + product smoke	cargo test --workspace --lib	2026-09-30T16:44:23.9970193Z ^[[1m^[[92m   Compiling^[[0m uor-foundation v0.5.2 (https://github.com/UOR-Foundation/UOR-Framework.git?rev=51c01382200b0179d6640b07e9c8119364ab69a1#51c01382)
fast build + product smoke	cargo test --workspace --lib	2026-09-30T16:44:24.9858933Z ^[[1m^[[92m   Compiling^[[0m zerocopy v0.8.55
fast build + product smoke	cargo test --workspace --lib	2026-09-30T16:44:25.0354687Z ^[[1m^[[92m   Compiling^[[0m uor-foundation-sdk v0.5.2 (https://github.com/UOR-Foundation/UOR-Framework.git?rev=51c01382200b0179d6640b07e9c8119364ab69a1#51c01382)
fast build + product smoke	cargo test --workspace --lib	2026-09-30T16:44:25.1129000Z ^[[1m^[[92m   Compiling^[[0m serde v1.0.228
fast build + product smoke	cargo test --workspace --lib	2026-09-30T16:44:25.5379296Z ^[[1m^[[92m   Compiling^[[0m pin-project-lite v0.2.17
fast build + product smoke	cargo test --workspace --lib	2026-09-30T16:44:25.5783072Z ^[[1m^[[92m   Compiling^[[0m bitflags v2.13.1
fast build + product smoke	cargo test --workspace --lib	2026-09-30T16:44:25.7109565Z ^[[1m^[[92m   Compiling^[[0m keccak v0.1.6
fast build + product smoke	cargo test --workspace --lib	2026-09-30T16:44:25.8749709Z ^[[1m^[[92m   Compiling^[[0m sha3 v0.10.9
fast build + product smoke	cargo test --workspace --lib	2026-09-30T16:44:26.0878784Z ^[[1m^[[92m   Compiling^[[0m uor-matmul-core v0.1.0 (https://github.com/UOR-Foundation/uor-matmul.git?rev=b13c98449948174f590e337c4dc25dfc394a07d0#b13c9844)
fast build + product smoke	cargo test --workspace --lib	2026-09-30T16:44:26.8399112Z ^[[1m^[[92m   Compiling^[[0m aho-corasick v1.1.4
fast build + product smoke	cargo test --workspace --lib	2026-09-30T16:44:26.9578799Z ^[[1m^[[92m   Compiling^[[0m hex v0.4.3
fast build + product smoke	cargo test --workspace --lib	2026-09-30T16:44:27.1270226Z ^[[1m^[[92m   Compiling^[[0m uor-r4-tokenizer v0.1.0 (/home/runner/work/uor-r4/uor-r4/crates/uor-r4-tokenizer)
fast build + product smoke	cargo test --workspace --lib	2026-09-30T16:44:27.9369490Z ^[[1m^[[92m   Compiling^[[0m regex-automata v0.4.16
fast build + product smoke	cargo test --workspace --lib	2026-09-30T16:44:28.2640939Z ^[[1m^[[92m   Compiling^[[0m ppv-lite86 v0.2.21
fast build + product smoke	cargo test --workspace --lib	2026-09-30T16:44:28.5179098Z ^[[1m^[[92m   Compiling^[[0m rand_chacha v0.9.0
fast build + product smoke	cargo test --workspace --lib	2026-09-30T16:44:28.8368772Z ^[[1m^[[92m   Compiling^[[0m rand v0.9.5
fast build + product smoke	cargo test --workspace --lib	2026-09-30T16:44:28.8559501Z ^[[1m^[[92m   Compiling^[[0m ryu v1.0.23
fast build + product smoke	cargo test --workspace --lib	2026-09-30T16:44:28.9559326Z ^[[1m^[[92m   Compiling^[[0m futures-sink v0.3.33
fast build + product smoke	cargo test --workspace --lib	2026-09-30T16:44:28.9999867Z ^[[1m^[[92m   Compiling^[[0m stable_deref_trait v1.2.1
fast build + product smoke	cargo test --workspace --lib	2026-09-30T16:44:29.0284934Z ^[[1m^[[92m   Compiling^[[0m futures-core v0.3.33
fast build + product smoke	cargo test --workspace --lib	2026-09-30T16:44:29.1018920Z ^[[1m^[[92m   Compiling^[[0m futures-channel v0.3.33
fast build + product smoke	cargo test --workspace --lib	2026-09-30T16:44:29.2340010Z ^[[1m^[[92m   Compiling^[[0m uor-matmul-codec v0.1.0 (https://github.com/UOR-Foundation/uor-matmul.git?rev=b13c98449948174f590e337c4dc25dfc394a07d0#b13c9844)
fast build + product smoke	cargo test --workspace --lib	2026-09-30T16:44:29.3149447Z ^[[1m^[[92m   Compiling^[[0m rand_distr v0.5.1
fast build + product smoke	cargo test --workspace --lib	2026-09-30T16:44:29.5008215Z ^[[1m^[[92m   Compiling^[[0m uor-matmul-kernels v0.1.0 (https://github.com/UOR-Foundation/uor-matmul.git?rev=b13c98449948174f590e337c4dc25dfc394a07d0#b13c9844)
fast build + product smoke	cargo test --workspace --lib	2026-09-30T16:44:29.7289075Z ^[[1m^[[92m   Compiling^[[0m half v2.7.1
fast build + product smoke	cargo test --workspace --lib	2026-09-30T16:44:30.0539207Z ^[[1m^[[92m   Compiling^[[0m wasm-bindgen-shared v0.2.126
fast build + product smoke	cargo test --workspace --lib	2026-09-30T16:44:30.2739061Z ^[[1m^[[92m   Compiling^[[0m futures-macro v0.3.33
fast build + product smoke	cargo test --workspace --lib	2026-09-30T16:44:30.7609455Z ^[[1m^[[92m   Compiling^[[0m futures-io v0.3.33
fast build + product smoke	cargo test --workspace --lib	2026-09-30T16:44:30.8295811Z ^[[1m^[[92m   Compiling^[[0m slab v0.4.12
fast build + product smoke	cargo test --workspace --lib	2026-09-30T16:44:30.9110522Z ^[[1m^[[92m   Compiling^[[0m futures-task v0.3.33
fast build + product smoke	cargo test --workspace --lib	2026-09-30T16:44:30.9939730Z ^[[1m^[[92m   Compiling^[[0m wasm-bindgen-macro-support v0.2.126
fast build + product smoke	cargo test --workspace --lib	2026-09-30T16:44:31.4519289Z ^[[1m^[[92m   Compiling^[[0m futures-util v0.3.33
fast build + product smoke	cargo test --workspace --lib	2026-09-30T16:44:31.7859498Z ^[[1m^[[92m   Compiling^[[0m uor-prism-numerics v0.4.0
fast build + product smoke	cargo test --workspace --lib	2026-09-30T16:44:31.9637862Z ^[[1m^[[92m   Compiling^[[0m uor-prism-tensor v0.4.0
fast build + product smoke	cargo test --workspace --lib	2026-09-30T16:44:32.1299127Z ^[[1m^[[92m   Compiling^[[0m uor-prism-fhe v0.4.0
fast build + product smoke	cargo test --workspace --lib	2026-09-30T16:44:32.1908894Z ^[[1m^[[92m   Compiling^[[0m uor-prism-crypto v0.4.0
fast build + product smoke	cargo test --workspace --lib	2026-09-30T16:44:32.4059793Z ^[[1m^[[92m   Compiling^[[0m uor-prism v0.4.0
fast build + product smoke	cargo test --workspace --lib	2026-09-30T16:44:32.4564242Z ^[[1m^[[92m   Compiling^[[0m uor-addr v0.2.0 (https://github.com/UOR-Foundation/uor-addr.git?rev=165b51e3e2113ee5d032730cde709335d4fe9b60#165b51e3)
fast build + product smoke	cargo test --workspace --lib	2026-09-30T16:44:33.6786685Z ^[[1m^[[92m   Compiling^[[0m memmap2 v0.9.11
fast build + product smoke	cargo test --workspace --lib	2026-09-30T16:44:33.8087709Z ^[[1m^[[92m   Compiling^[[0m uor-matmul-gemm v0.1.0 (https://github.com/UOR-Foundation/uor-matmul.git?rev=b13c98449948174f590e337c4dc25dfc394a07d0#b13c9844)
fast build + product smoke	cargo test --workspace --lib	2026-09-30T16:44:34.1150374Z ^[[1m^[[92m   Compiling^[[0m log v0.4.33
fast build + product smoke	cargo test --workspace --lib	2026-09-30T16:44:34.2309272Z ^[[1m^[[92m   Compiling^[[0m utf8parse v0.2.2
fast build + product smoke	cargo test --workspace --lib	2026-09-30T16:44:34.2728948Z ^[[1m^[[92m   Compiling^[[0m ciborium-io v0.2.2
fast build + product smoke	cargo test --workspace --lib	2026-09-30T16:44:34.3069277Z ^[[1m^[[92m   Compiling^[[0m ciborium-ll v0.2.2
fast build + product smoke	cargo test --workspace --lib	2026-09-30T16:44:34.4289192Z ^[[1m^[[92m   Compiling^[[0m wasm-bindgen-macro v0.2.126
fast build + product smoke	cargo test --workspace --lib	2026-09-30T16:44:34.6069777Z ^[[1m^[[92m   Compiling^[[0m uor-r4-graph-format v0.1.0 (/home/runner/work/uor-r4/uor-r4/crates/uor-r4-graph-format)
fast build + product smoke	cargo test --workspace --lib	2026-09-30T16:44:35.1300632Z ^[[1m^[[92m   Compiling^[[0m uor-matmul v0.1.0 (https://github.com/UOR-Foundation/uor-matmul.git?rev=b13c98449948174f590e337c4dc25dfc394a07d0#b13c9844)
fast build + product smoke	cargo test --workspace --lib	2026-09-30T16:44:38.7909803Z ^[[1m^[[92m   Compiling^[[0m safetensors v0.6.2
fast build + product smoke	cargo test --workspace --lib	2026-09-30T16:44:39.4728976Z ^[[1m^[[92m   Compiling^[[0m tracing-core v0.1.36
fast build + product smoke	cargo test --workspace --lib	2026-09-30T16:44:39.9549050Z ^[[1m^[[92m   Compiling^[[0m tracing v0.1.44
fast build + product smoke	cargo test --workspace --lib	2026-09-30T16:44:40.0899501Z ^[[1m^[[92m   Compiling^[[0m uor-r4-model-source v0.1.0 (/home/runner/work/uor-r4/uor-r4/crates/uor-r4-model-source)
fast build + product smoke	cargo test --workspace --lib	2026-09-30T16:44:41.1987339Z ^[[1m^[[92m   Compiling^[[0m wasm-bindgen v0.2.126
fast build + product smoke	cargo test --workspace --lib	2026-09-30T16:44:42.2975402Z ^[[1m^[[92m   Compiling^[[0m uor-r4-graph-runtime v0.1.0 (/home/runner/work/uor-r4/uor-r4/crates/uor-r4-graph-runtime)
fast build + product smoke	cargo test --workspace --lib	2026-09-30T16:44:44.8958874Z ^[[1m^[[92m   Compiling^[[0m ciborium v0.2.2
fast build + product smoke	cargo test --workspace --lib	2026-09-30T16:44:45.3589676Z ^[[1m^[[92m   Compiling^[[0m anstyle-parse v1.0.0
fast build + product smoke	cargo test --workspace --lib	2026-09-30T16:44:45.4499012Z ^[[1m^[[92m   Compiling^[[0m regex v1.13.1
fast build + product smoke	cargo test --workspace --lib	2026-09-30T16:44:45.7950682Z ^[[1m^[[92m   Compiling^[[0m uor-r4-integer v0.1.0 (/home/runner/work/uor-r4/uor-r4/crates/uor-r4-integer)
fast build + product smoke	cargo test --workspace --lib	2026-09-30T16:45:03.1959653Z ^[[1m^[[92m   Compiling^[[0m is_terminal_polyfill v1.70.2
fast build + product smoke	cargo test --workspace --lib	2026-09-30T16:45:03.2334925Z ^[[1m^[[92m   Compiling^[[0m anstyle-query v1.1.5
fast build + product smoke	cargo test --workspace --lib	2026-09-30T16:45:03.2718964Z ^[[1m^[[92m   Compiling^[[0m anstyle v1.0.14
fast build + product smoke	cargo test --workspace --lib	2026-09-30T16:45:03.3989267Z ^[[1m^[[92m   Compiling^[[0m colorchoice v1.0.5
fast build + product smoke	cargo test --workspace --lib	2026-09-30T16:45:03.4388292Z ^[[1m^[[92m   Compiling^[[0m anstream v1.0.0
fast build + product smoke	cargo test --workspace --lib	2026-09-30T16:45:03.6531634Z ^[[1m^[[92m   Compiling^[[0m uor-r4-core v0.1.0 (/home/runner/work/uor-r4/uor-r4/crates/uor-r4-core)
fast build + product smoke	cargo test --workspace --lib	2026-09-30T16:45:07.7729238Z ^[[1m^[[33mwarning^[[0m^[[1m: unused import: `json`^[[0m
fast build + product smoke	cargo test --workspace --lib	2026-09-30T16:45:07.7768619Z  ^[[1m^[[94m--> ^[[0mcrates/uor-r4-core/src/learned_reference/environment.rs:2:18
fast build + product smoke	cargo test --workspace --lib	2026-09-30T16:45:07.7788350Z   ^[[1m^[[94m|^[[0m
fast build + product smoke	cargo test --workspace --lib	2026-09-30T16:45:07.7798586Z ^[[1m^[[94m2^[[0m ^[[1m^[[94m|^[[0m use serde_json::{json, Value};
fast build + product smoke	cargo test --workspace --lib	2026-09-30T16:45:07.7828234Z   ^[[1m^[[94m|^[[0m                  ^[[1m^[[33m^^^^^[[0m
fast build + product smoke	cargo test --workspace --lib	2026-09-30T16:45:07.7858202Z   ^[[1m^[[94m|^[[0m
fast build + product smoke	cargo test --workspace --lib	2026-09-30T16:45:07.7878394Z   ^[[1m^[[94m= ^[[0m^[[1mnote^[[0m: `#[warn(unused_imports)]` (part of `#[warn(unused)]`) on by default
fast build + product smoke	cargo test --workspace --lib	2026-09-30T16:45:07.7887980Z 
fast build + product smoke	cargo test --workspace --lib	2026-09-30T16:45:12.7903237Z ^[[1m^[[92m   Compiling^[[0m js-sys v0.3.103
fast build + product smoke	cargo test --workspace --lib	2026-09-30T16:45:18.9038978Z ^[[1m^[[92m   Compiling^[[0m serde-wasm-bindgen v0.6.5
fast build + product smoke	cargo test --workspace --lib	2026-09-30T16:45:19.1849262Z ^[[1m^[[92m   Compiling^[[0m console_error_panic_hook v0.1.7
fast build + product smoke	cargo test --workspace --lib	2026-09-30T16:45:19.2268840Z ^[[1m^[[92m   Compiling^[[0m jiff-core v0.1.0
fast build + product smoke	cargo test --workspace --lib	2026-09-30T16:45:20.2992903Z ^[[1m^[[92m   Compiling^[[0m jiff v0.2.34
fast build + product smoke	cargo test --workspace --lib	2026-09-30T16:45:23.5709272Z ^[[1m^[[92m   Compiling^[[0m env_filter v2.0.0
fast build + product smoke	cargo test --workspace --lib	2026-09-30T16:45:23.8028888Z ^[[1m^[[92m   Compiling^[[0m env_logger v0.11.11
fast build + product smoke	cargo test --workspace --lib	2026-09-30T16:45:24.1049244Z ^[[1m^[[92m   Compiling^[[0m equivalent v1.0.2
fast build + product smoke	cargo test --workspace --lib	2026-09-30T16:45:24.1339178Z ^[[1m^[[92m   Compiling^[[0m linux-raw-sys v0.12.1
fast build + product smoke	cargo test --workspace --lib	2026-09-30T16:45:24.3970069Z ^[[1m^[[92m   Compiling^[[0m rustix v1.1.4
fast build + product smoke	cargo test --workspace --lib	2026-09-30T16:45:24.9139545Z ^[[1m^[[92m   Compiling^[[0m raw-cpuid v11.6.0
fast build + product smoke	cargo test --workspace --lib	2026-09-30T16:45:26.4819290Z ^[[1m^[[92m   Compiling^[[0m num-complex v0.4.6
fast build + product smoke	cargo test --workspace --lib	2026-09-30T16:45:26.6972106Z ^[[1m^[[92m   Compiling^[[0m reborrow v0.5.5
fast build + product smoke	cargo test --workspace --lib	2026-09-30T16:45:26.7319287Z ^[[1m^[[92m   Compiling^[[0m pulp-wasm-simd-flag v0.1.1
fast build + product smoke	cargo test --workspace --lib	2026-09-30T16:45:26.7529033Z ^[[1m^[[92m   Compiling^[[0m pulp v0.22.3
fast build + product smoke	cargo test --workspace --lib	2026-09-30T16:45:26.7588760Z ^[[1m^[[92m   Compiling^[[0m dyn-stack v0.13.2
fast build + product smoke	cargo test --workspace --lib	2026-09-30T16:45:26.9119785Z ^[[1m^[[92m   Compiling^[[0m hashbrown v0.17.1
fast build + product smoke	cargo test --workspace --lib	2026-09-30T16:45:27.3759789Z ^[[1m^[[92m   Compiling^[[0m indexmap v2.14.0
fast build + product smoke	cargo test --workspace --lib	2026-09-30T16:45:27.8949875Z ^[[1m^[[92m   Compiling^[[0m minimal-lexical v0.2.1
fast build + product smoke	cargo test --workspace --lib	2026-09-30T16:45:29.3259656Z ^[[1m^[[92m   Compiling^[[0m gemm-common v0.19.0
fast build + product smoke	cargo test --workspace --lib	2026-09-30T16:45:29.7849106Z ^[[1m^[[92m   Compiling^[[0m synstructure v0.14.0
fast build + product smoke	cargo test --workspace --lib	2026-09-30T16:45:30.1305398Z ^[[1m^[[92m   Compiling^[[0m bytecount v0.6.9
fast build + product smoke	cargo test --workspace --lib	2026-09-30T16:45:30.5169597Z ^[[1m^[[92m   Compiling^[[0m sealed v0.5.0
fast build + product smoke	cargo test --workspace --lib	2026-09-30T16:45:30.7268972Z ^[[1m^[[92m   Compiling^[[0m synthez-core v0.3.1
fast build + product smoke	cargo test --workspace --lib	2026-09-30T16:45:31.3009089Z ^[[1m^[[92m   Compiling^[[0m zerofrom-derive v0.1.8
fast build + product smoke	cargo test --workspace --lib	2026-09-30T16:45:31.8219069Z ^[[1m^[[92m   Compiling^[[0m gemm-f32 v0.19.0
fast build + product smoke	cargo test --workspace --lib	2026-09-30T16:45:31.9499490Z ^[[1m^[[92m   Compiling^[[0m nom v7.1.3
fast build + product smoke	cargo test --workspace --lib	2026-09-30T16:45:33.2373768Z ^[[1m^[[92m   Compiling^[[0m serde_spanned v0.6.9
fast build + product smoke	cargo test --workspace --lib	2026-09-30T16:45:33.3032675Z ^[[1m^[[92m   Compiling^[[0m toml_datetime v0.6.11
fast build + product smoke	cargo test --workspace --lib	2026-09-30T16:45:33.3109696Z ^[[1m^[[92m   Compiling^[[0m derive_more v0.99.20
fast build + product smoke	cargo test --workspace --lib	2026-09-30T16:45:33.4729072Z ^[[1m^[[92m   Compiling^[[0m bstr v1.13.0
fast build + product smoke	cargo test --workspace --lib	2026-09-30T16:45:33.8649612Z ^[[1m^[[92m   Compiling^[[0m toml_write v0.1.2
fast build + product smoke	cargo test --workspace --lib	2026-09-30T16:45:33.9758887Z ^[[1m^[[92m   Compiling^[[0m winnow v0.7.15
fast build + product smoke	cargo test --workspace --lib	2026-09-30T16:45:34.7769038Z ^[[1m^[[92m   Compiling^[[0m regex-syntax v0.7.5
fast build + product smoke	cargo test --workspace --lib	2026-09-30T16:45:35.4788932Z ^[[1m^[[92m   Compiling^[[0m unicode-width v0.2.2
fast build + product smoke	cargo test --workspace --lib	2026-09-30T16:45:35.6339738Z ^[[1m^[[92m   Compiling^[[0m allocator-api2 v0.2.21
fast build + product smoke	cargo test --workspace --lib	2026-09-30T16:45:35.8726483Z ^[[1m^[[92m   Compiling^[[0m same-file v1.0.6
fast build + product smoke	cargo test --workspace --lib	2026-09-30T16:45:35.9553026Z ^[[1m^[[92m   Compiling^[[0m foldhash v0.2.0
fast build + product smoke	cargo test --workspace --lib	2026-09-30T16:45:36.0489246Z ^[[1m^[[92m   Compiling^[[0m peg-runtime v0.6.3
fast build + product smoke	cargo test --workspace --lib	2026-09-30T16:45:36.2549200Z ^[[1m^[[92m   Compiling^[[0m peg-macros v0.6.3
fast build + product smoke	cargo test --workspace --lib	2026-09-30T16:45:37.0569279Z ^[[1m^[[92m   Compiling^[[0m hashbrown v0.16.1
fast build + product smoke	cargo test --workspace --lib	2026-09-30T16:45:37.1839154Z ^[[1m^[[92m   Compiling^[[0m walkdir v2.5.0
fast build + product smoke	cargo test --workspace --lib	2026-09-30T16:45:37.4269598Z ^[[1m^[[92m   Compiling^[[0m toml_edit v0.22.27
fast build + product smoke	cargo test --workspace --lib	2026-09-30T16:45:37.5778123Z ^[[1m^[[92m   Compiling^[[0m globset v0.4.19
fast build + product smoke	cargo test --workspace --lib	2026-09-30T16:45:38.2734928Z ^[[1m^[[92m   Compiling^[[0m nom_locate v4.2.0
fast build + product smoke	cargo test --workspace --lib	2026-09-30T16:45:38.3349409Z ^[[1m^[[92m   Compiling^[[0m gemm-f16 v0.19.0
fast build + product smoke	cargo test --workspace --lib	2026-09-30T16:45:38.9309129Z ^[[1m^[[92m   Compiling^[[0m gherkin v0.14.0
fast build + product smoke	cargo test --workspace --lib	2026-09-30T16:45:39.2096117Z ^[[1m^[[92m   Compiling^[[0m zerofrom v0.1.8
fast build + product smoke	cargo test --workspace --lib	2026-09-30T16:45:39.2709398Z ^[[1m^[[92m   Compiling^[[0m synthez-codegen v0.3.1
fast build + product smoke	cargo test --workspace --lib	2026-09-30T16:45:39.4269015Z ^[[1m^[[92m   Compiling^[[0m crc32fast v1.5.2
fast build + product smoke	cargo test --workspace --lib	2026-09-30T16:45:39.5540112Z ^[[1m^[[92m   Compiling^[[0m getrandom v0.4.3
fast build + product smoke	cargo test --workspace --lib	2026-09-30T16:45:39.6469070Z ^[[1m^[[92m   Compiling^[[0m yoke-derive v0.8.3
fast build + product smoke	cargo test --workspace --lib	2026-09-30T16:45:40.1745475Z ^[[1m^[[92m   Compiling^[[0m gemm-c64 v0.19.0
fast build + product smoke	cargo test --workspace --lib	2026-09-30T16:45:40.7219122Z ^[[1m^[[92m   Compiling^[[0m gemm-f64 v0.19.0
fast build + product smoke	cargo test --workspace --lib	2026-09-30T16:45:41.7089158Z ^[[1m^[[33mwarning^[[0m^[[1m: constant `REQUEST_SCHEMA` is never used^[[0m
fast build + product smoke	cargo test --workspace --lib	2026-09-30T16:45:41.7118388Z   ^[[1m^[[94m--> ^[[0mcrates/uor-r4-core/src/learned_reference/adapter.rs:11:18
fast build + product smoke	cargo test --workspace --lib	2026-09-30T16:45:41.7148086Z    ^[[1m^[[94m|^[[0m
fast build + product smoke	cargo test --workspace --lib	2026-09-30T16:45:41.7168518Z ^[[1m^[[94m11^[[0m ^[[1m^[[94m|^[[0m pub(super) const REQUEST_SCHEMA: &str = "uor-r4.text-to-clauses/1";
fast build + product smoke	cargo test --workspace --lib	2026-09-30T16:45:41.7178140Z    ^[[1m^[[94m|^[[0m                  ^[[1m^[[33m^^^^^^^^^^^^^^^[[0m
fast build + product smoke	cargo test --workspace --lib	2026-09-30T16:45:41.7208076Z    ^[[1m^[[94m|^[[0m
fast build + product smoke	cargo test --workspace --lib	2026-09-30T16:45:41.7228357Z    ^[[1m^[[94m= ^[[0m^[[1mnote^[[0m: `#[warn(dead_code)]` (part of `#[warn(unused)]`) on by default
fast build + product smoke	cargo test --workspace --lib	2026-09-30T16:45:41.7257817Z 
fast build + product smoke	cargo test --workspace --lib	2026-09-30T16:45:41.7268171Z ^[[1m^[[33mwarning^[[0m^[[1m: method `position` is never used^[[0m
fast build + product smoke	cargo test --workspace --lib	2026-09-30T16:45:41.7298334Z    ^[[1m^[[94m--> ^[[0mcrates/uor-r4-core/src/native_geometric/learner/observed_text_session.rs:175:8
fast build + product smoke	cargo test --workspace --lib	2026-09-30T16:45:41.7318091Z     ^[[1m^[[94m|^[[0m
fast build + product smoke	cargo test --workspace --lib	2026-09-30T16:45:41.7328167Z ^[[1m^[[94m168^[[0m ^[[1m^[[94m|^[[0m impl ObservedSpan {
fast build + product smoke	cargo test --workspace --lib	2026-09-30T16:45:41.7358334Z     ^[[1m^[[94m|^[[0m ^[[1m^[[94m-----------------^[[0m ^[[1m^[[94mmethod in this implementation^[[0m
fast build + product smoke	cargo test --workspace --lib	2026-09-30T16:45:41.7378178Z ^[[1m^[[94m...^[[0m
fast build + product smoke	cargo test --workspace --lib	2026-09-30T16:45:41.7418353Z ^[[1m^[[94m175^[[0m ^[[1m^[[94m|^[[0m     fn position(&self) -> (u32, u32, usize) {
fast build + product smoke	cargo test --workspace --lib	2026-09-30T16:45:41.7438000Z     ^[[1m^[[94m|^[[0m        ^[[1m^[[33m^^^^^^^^^[[0m
fast build + product smoke	cargo test --workspace --lib	2026-09-30T16:45:41.7447864Z 
fast build + product smoke	cargo test --workspace --lib	2026-09-30T16:45:41.7478236Z ^[[1m^[[33mwarning^[[0m^[[1m: method `example` is never used^[[0m
fast build + product smoke	cargo test --workspace --lib	2026-09-30T16:45:41.7508366Z     ^[[1m^[[94m--> ^[[0mcrates/uor-r4-core/src/native_geometric/learner/transferable_lexical.rs:1590:8
fast build + product smoke	cargo test --workspace --lib	2026-09-30T16:45:41.7509098Z      ^[[1m^[[94m|^[[0m
fast build + product smoke	cargo test --workspace --lib	2026-09-30T16:45:41.7509480Z ^[[1m^[[94m1405^[[0m ^[[1m^[[94m|^[[0m impl TlTrainer {
fast build + product smoke	cargo test --workspace --lib	2026-09-30T16:45:41.7510095Z      ^[[1m^[[94m|^[[0m ^[[1m^[[94m--------------^[[0m ^[[1m^[[94mmethod in this implementation^[[0m
fast build + product smoke	cargo test --workspace --lib	2026-09-30T16:45:41.7510619Z ^[[1m^[[94m...^[[0m
fast build + product smoke	cargo test --workspace --lib	2026-09-30T16:45:41.7511153Z ^[[1m^[[94m1590^[[0m ^[[1m^[[94m|^[[0m     fn example(&self, q: &TlQuant, ex: &TlExample) -> TlGrads {
fast build + product smoke	cargo test --workspace --lib	2026-09-30T16:45:41.7511746Z      ^[[1m^[[94m|^[[0m        ^[[1m^[[33m^^^^^^^^[[0m
fast build + product smoke	cargo test --workspace --lib	2026-09-30T16:45:41.7511986Z 
fast build + product smoke	cargo test --workspace --lib	2026-09-30T16:45:42.0965968Z ^[[1m^[[92m   Compiling^[[0m gemm-c32 v0.19.0
fast build + product smoke	cargo test --workspace --lib	2026-09-30T16:45:44.7240023Z ^[[1m^[[92m   Compiling^[[0m terminal_size v0.4.4
fast build + product smoke	cargo test --workspace --lib	2026-09-30T16:45:44.7769211Z ^[[1m^[[92m   Compiling^[[0m thiserror-impl v1.0.69
fast build + product smoke	cargo test --workspace --lib	2026-09-30T16:45:45.4139532Z ^[[1m^[[92m   Compiling^[[0m typed-builder-macro v0.15.2
fast build + product smoke	cargo test --workspace --lib	2026-09-30T16:45:45.6398869Z ^[[1m^[[92m   Compiling^[[0m thiserror-impl v2.0.19
fast build + product smoke	cargo test --workspace --lib	2026-09-30T16:45:46.0319021Z ^[[1m^[[92m   Compiling^[[0m strsim v0.11.1
fast build + product smoke	cargo test --workspace --lib	2026-09-30T16:45:46.3089077Z ^[[1m^[[92m   Compiling^[[0m smallvec v1.15.2
fast build + product smoke	cargo test --workspace --lib	2026-09-30T16:45:46.4398839Z ^[[1m^[[92m   Compiling^[[0m clap_lex v1.1.0
fast build + product smoke	cargo test --workspace --lib	2026-09-30T16:45:46.5369059Z ^[[1m^[[92m   Compiling^[[0m unicode-linebreak v0.1.5
fast build + product smoke	cargo test --workspace --lib	2026-09-30T16:45:46.5829164Z ^[[1m^[[92m   Compiling^[[0m smawk v0.3.3
fast build + product smoke	cargo test --workspace --lib	2026-09-30T16:45:46.6380966Z ^[[1m^[[92m   Compiling^[[0m fastrand v2.5.0
fast build + product smoke	cargo test --workspace --lib	2026-09-30T16:45:46.6859239Z ^[[1m^[[92m   Compiling^[[0m typed-path v0.12.3
fast build + product smoke	cargo test --workspace --lib	2026-09-30T16:45:46.7714289Z ^[[1m^[[92m   Compiling^[[0m tempfile v3.27.0
fast build + product smoke	cargo test --workspace --lib	2026-09-30T16:45:47.0929198Z ^[[1m^[[92m   Compiling^[[0m textwrap v0.16.2
fast build + product smoke	cargo test --workspace --lib	2026-09-30T16:45:47.4720040Z ^[[1m^[[92m   Compiling^[[0m zip v7.2.0
fast build + product smoke	cargo test --workspace --lib	2026-09-30T16:45:47.8078628Z ^[[1m^[[92m   Compiling^[[0m thiserror v2.0.19
fast build + product smoke	cargo test --workspace --lib	2026-09-30T16:45:47.8459355Z ^[[1m^[[92m   Compiling^[[0m clap_builder v4.6.2
fast build + product smoke	cargo test --workspace --lib	2026-09-30T16:45:48.5359117Z ^[[1m^[[92m   Compiling^[[0m nibble_vec v0.1.0
fast build + product smoke	cargo test --workspace --lib	2026-09-30T16:45:48.5939680Z ^[[1m^[[92m   Compiling^[[0m clap_derive v4.6.1
fast build + product smoke	cargo test --workspace --lib	2026-09-30T16:45:49.8819264Z ^[[1m^[[92m   Compiling^[[0m typed-builder v0.15.2
fast build + product smoke	cargo test --workspace --lib	2026-09-30T16:45:49.9079437Z ^[[1m^[[92m   Compiling^[[0m thiserror v1.0.69
fast build + product smoke	cargo test --workspace --lib	2026-09-30T16:45:50.0069058Z ^[[1m^[[92m   Compiling^[[0m gemm v0.19.0
fast build + product smoke	cargo test --workspace --lib	2026-09-30T16:45:50.0479938Z ^[[1m^[[92m   Compiling^[[0m yoke v0.8.3
fast build + product smoke	cargo test --workspace --lib	2026-09-30T16:45:50.1708945Z ^[[1m^[[92m   Compiling^[[0m synthez v0.3.1
fast build + product smoke	cargo test --workspace --lib	2026-09-30T16:45:50.2128976Z ^[[1m^[[92m   Compiling^[[0m toml v0.8.23
fast build + product smoke	cargo test --workspace --lib	2026-09-30T16:45:50.8029571Z ^[[1m^[[92m   Compiling^[[0m cucumber-expressions v0.3.0
fast build + product smoke	cargo test --workspace --lib	2026-09-30T16:45:51.4009036Z ^[[1m^[[92m   Compiling^[[0m ignore v0.4.31
fast build + product smoke	cargo test --workspace --lib	2026-09-30T16:45:51.4789914Z ^[[1m^[[92m   Compiling^[[0m safetensors v0.7.0
fast build + product smoke	cargo test --workspace --lib	2026-09-30T16:45:52.1689411Z ^[[1m^[[92m   Compiling^[[0m peg v0.6.3
fast build + product smoke	cargo test --workspace --lib	2026-09-30T16:45:52.1919208Z ^[[1m^[[92m   Compiling^[[0m lazy-regex-proc_macros v3.6.0
fast build + product smoke	cargo test --workspace --lib	2026-09-30T16:45:52.6899271Z ^[[1m^[[92m   Compiling^[[0m futures-executor v0.3.33
fast build + product smoke	cargo test --workspace --lib	2026-09-30T16:45:52.8659002Z ^[[1m^[[92m   Compiling^[[0m float8 v0.6.1
fast build + product smoke	cargo test --workspace --lib	2026-09-30T16:45:53.0510883Z ^[[1m^[[92m   Compiling^[[0m pin-project-internal v1.1.13
fast build + product smoke	cargo test --workspace --lib	2026-09-30T16:45:53.1179065Z ^[[1m^[[92m   Compiling^[[0m itertools v0.13.0
fast build + product smoke	cargo test --workspace --lib	2026-09-30T16:45:53.7859536Z ^[[1m^[[92m   Compiling^[[0m num_cpus v1.17.0
fast build + product smoke	cargo test --workspace --lib	2026-09-30T16:45:54.0519634Z ^[[1m^[[92m   Compiling^[[0m wait-timeout v0.2.1
fast build + product smoke	cargo test --workspace --lib	2026-09-30T16:45:54.2359404Z ^[[1m^[[92m   Compiling^[[0m uor-r4-simd v0.1.0 (/home/runner/work/uor-r4/uor-r4/crates/uor-r4-simd)
fast build + product smoke	cargo test --workspace --lib	2026-09-30T16:45:54.2779651Z ^[[1m^[[92m   Compiling^[[0m endian-type v0.1.2
fast build + product smoke	cargo test --workspace --lib	2026-09-30T16:45:54.3369101Z ^[[1m^[[92m   Compiling^[[0m bit-vec v0.8.0
fast build + product smoke	cargo test --workspace --lib	2026-09-30T16:45:54.4699409Z ^[[1m^[[92m   Compiling^[[0m byteorder v1.5.0
fast build + product smoke	cargo test --workspace --lib	2026-09-30T16:45:54.4708348Z ^[[1m^[[92m   Compiling^[[0m fnv v1.0.7
fast build + product smoke	cargo test --workspace --lib	2026-09-30T16:45:54.5042859Z ^[[1m^[[92m   Compiling^[[0m quick-error v1.2.3
fast build + product smoke	cargo test --workspace --lib	2026-09-30T16:45:54.5405888Z ^[[1m^[[92m   Compiling^[[0m rusty-fork v0.3.1
fast build + product smoke	cargo test --workspace --lib	2026-09-30T16:45:54.6134291Z ^[[1m^[[92m   Compiling^[[0m candle-core v0.9.2 (/home/runner/work/uor-r4/uor-r4/third_party/candle-core-0.9.2)
fast build + product smoke	cargo test --workspace --lib	2026-09-30T16:45:54.8249038Z ^[[1m^[[92m   Compiling^[[0m bit-set v0.8.0
fast build + product smoke	cargo test --workspace --lib	2026-09-30T16:45:54.9109299Z ^[[1m^[[92m   Compiling^[[0m cucumber-codegen v0.21.1
fast build + product smoke	cargo test --workspace --lib	2026-09-30T16:45:55.7329391Z ^[[1m^[[92m   Compiling^[[0m radix_trie v0.2.1
fast build + product smoke	cargo test --workspace --lib	2026-09-30T16:45:55.9469089Z ^[[1m^[[92m   Compiling^[[0m pin-project v1.1.13
fast build + product smoke	cargo test --workspace --lib	2026-09-30T16:45:55.9765719Z ^[[1m^[[92m   Compiling^[[0m futures v0.3.33
fast build + product smoke	cargo test --workspace --lib	2026-09-30T16:45:56.0099081Z ^[[1m^[[92m   Compiling^[[0m lazy-regex v3.6.0
fast build + product smoke	cargo test --workspace --lib	2026-09-30T16:45:56.9630706Z ^[[1m^[[92m   Compiling^[[0m nix v0.28.0
fast build + product smoke	cargo test --workspace --lib	2026-09-30T16:45:58.8329348Z ^[[1m^[[92m   Compiling^[[0m globwalk v0.9.1
fast build + product smoke	cargo test --workspace --lib	2026-09-30T16:45:59.5859066Z ^[[1m^[[92m   Compiling^[[0m clap v4.6.2
fast build + product smoke	cargo test --workspace --lib	2026-09-30T16:45:59.6146063Z ^[[1m^[[92m   Compiling^[[0m anyhow v1.0.104
fast build + product smoke	cargo test --workspace --lib	2026-09-30T16:45:59.8789534Z ^[[1m^[[92m   Compiling^[[0m console v0.15.11
fast build + product smoke	cargo test --workspace --lib	2026-09-30T16:46:00.3909560Z ^[[1m^[[92m   Compiling^[[0m fd-lock v4.0.4
fast build + product smoke	cargo test --workspace --lib	2026-09-30T16:46:00.4422766Z ^[[1m^[[92m   Compiling^[[0m smart-default v0.7.1
fast build + product smoke	cargo test --workspace --lib	2026-09-30T16:46:00.6876938Z ^[[1m^[[92m   Compiling^[[0m tokio-macros v2.7.1
fast build + product smoke	cargo test --workspace --lib	2026-09-30T16:46:01.1079113Z ^[[1m^[[92m   Compiling^[[0m rand_xorshift v0.4.0
fast build + product smoke	cargo test --workspace --lib	2026-09-30T16:46:01.1699067Z ^[[1m^[[92m   Compiling^[[0m home v0.5.12
fast build + product smoke	cargo test --workspace --lib	2026-09-30T16:46:01.2177724Z ^[[1m^[[92m   Compiling^[[0m unicode-segmentation v1.13.3
fast build + product smoke	cargo test --workspace --lib	2026-09-30T16:46:01.5009743Z ^[[1m^[[92m   Compiling^[[0m uor-r4-router v0.1.0 (/home/runner/work/uor-r4/uor-r4/crates/uor-r4-router)
fast build + product smoke	cargo test --workspace --lib	2026-09-30T16:46:05.2985261Z ^[[1m^[[92m   Compiling^[[0m uor-r4-graph-compiler v0.1.0 (/home/runner/work/uor-r4/uor-r4/crates/uor-r4-graph-compiler)
fast build + product smoke	cargo test --workspace --lib	2026-09-30T16:46:15.5340276Z ^[[1m^[[92m   Compiling^[[0m uor-r4-graph-certify v0.1.0 (/home/runner/work/uor-r4/uor-r4/crates/uor-r4-graph-certify)
fast build + product smoke	cargo test --workspace --lib	2026-09-30T16:46:15.5849951Z ^[[1m^[[92m   Compiling^[[0m inventory v0.3.24
fast build + product smoke	cargo test --workspace --lib	2026-09-30T16:46:15.6329012Z ^[[1m^[[92m   Compiling^[[0m unarray v0.1.4
fast build + product smoke	cargo test --workspace --lib	2026-09-30T16:46:15.6708806Z ^[[1m^[[92m   Compiling^[[0m drain_filter_polyfill v0.1.3
fast build + product smoke	cargo test --workspace --lib	2026-09-30T16:46:15.7065119Z ^[[1m^[[92m   Compiling^[[0m humantime v2.4.0
fast build + product smoke	cargo test --workspace --lib	2026-09-30T16:46:15.8819045Z ^[[1m^[[92m   Compiling^[[0m linked-hash-map v0.5.6
fast build + product smoke	cargo test --workspace --lib	2026-09-30T16:46:15.9809273Z ^[[1m^[[92m   Compiling^[[0m unicode-width v0.1.14
fast build + product smoke	cargo test --workspace --lib	2026-09-30T16:46:16.1216761Z ^[[1m^[[92m   Compiling^[[0m rustyline v14.0.0
fast build + product smoke	cargo test --workspace --lib	2026-09-30T16:46:17.8129064Z ^[[1m^[[92m   Compiling^[[0m cucumber v0.21.1
fast build + product smoke	cargo test --workspace --lib	2026-09-30T16:46:19.6009254Z ^[[1m^[[92m   Compiling^[[0m proptest v1.11.0
fast build + product smoke	cargo test --workspace --lib	2026-09-30T16:46:23.4689385Z ^[[1m^[[92m   Compiling^[[0m uor-r4-graph-cli v0.1.0 (/home/runner/work/uor-r4/uor-r4/crates/uor-r4-graph-cli)
fast build + product smoke	cargo test --workspace --lib	2026-09-30T16:46:29.1029851Z ^[[1m^[[92m   Compiling^[[0m uor-r4-api v0.1.0 (/home/runner/work/uor-r4/uor-r4/crates/uor-r4-api)
fast build + product smoke	cargo test --workspace --lib	2026-09-30T16:46:29.9949324Z ^[[1m^[[92m   Compiling^[[0m uor-r4-proof-model v0.1.0 (/home/runner/work/uor-r4/uor-r4/crates/uor-r4-proof-model)
fast build + product smoke	cargo test --workspace --lib	2026-09-30T16:46:30.5079576Z ^[[1m^[[92m   Compiling^[[0m tokio v1.53.1
fast build + product smoke	cargo test --workspace --lib	2026-09-30T16:46:32.5872782Z ^[[1m^[[92m   Compiling^[[0m candle-nn v0.9.2
fast build + product smoke	cargo test --workspace --lib	2026-09-30T16:46:35.2821348Z ^[[1m^[[92m   Compiling^[[0m uor-r4-lut v0.1.0 (/home/runner/work/uor-r4/uor-r4/crates/uor-r4-lut)
fast build + product smoke	cargo test --workspace --lib	2026-09-30T16:46:37.2678695Z ^[[1m^[[92m   Compiling^[[0m repo-model v0.1.0 (/home/runner/work/uor-r4/uor-r4/crates/repo-model)
fast build + product smoke	cargo test --workspace --lib	2026-09-30T16:46:38.1129997Z ^[[1m^[[92m   Compiling^[[0m uor-foundation-verify v0.5.2 (https://github.com/UOR-Foundation/UOR-Framework.git?rev=51c01382200b0179d6640b07e9c8119364ab69a1#51c01382)
fast build + product smoke	cargo test --workspace --lib	2026-09-30T16:46:38.1439646Z ^[[1m^[[92m   Compiling^[[0m repo-conformance v0.1.0 (/home/runner/work/uor-r4/uor-r4/crates/repo-conformance)
fast build + product smoke	cargo test --workspace --lib	2026-09-30T16:47:17.1850741Z ^[[1m^[[33mwarning^[[0m^[[1m: variable does not need to be mutable^[[0m
fast build + product smoke	cargo test --workspace --lib	2026-09-30T16:47:17.1869012Z     ^[[1m^[[94m--> ^[[0mcrates/uor-r4-core/src/native_geometric/learner/relational.rs:2153:13
fast build + product smoke	cargo test --workspace --lib	2026-09-30T16:47:17.1908186Z      ^[[1m^[[94m|^[[0m
fast build + product smoke	cargo test --workspace --lib	2026-09-30T16:47:17.1938642Z ^[[1m^[[94m2153^[[0m ^[[1m^[[94m|^[[0m         let mut tr = RelationalTrainer::new(
fast build + product smoke	cargo test --workspace --lib	2026-09-30T16:47:17.1968199Z      ^[[1m^[[94m|^[[0m             ^[[1m^[[94m----^[[0m^[[1m^[[33m^^^[[0m
fast build + product smoke	cargo test --workspace --lib	2026-09-30T16:47:17.1998127Z      ^[[1m^[[94m|^[[0m             ^[[1m^[[94m|^[[0m
fast build + product smoke	cargo test --workspace --lib	2026-09-30T16:47:17.2028225Z      ^[[1m^[[94m|^[[0m             ^[[1m^[[94mhelp: remove this `mut`^[[0m
fast build + product smoke	cargo test --workspace --lib	2026-09-30T16:47:17.2058086Z      ^[[1m^[[94m|^[[0m
fast build + product smoke	cargo test --workspace --lib	2026-09-30T16:47:17.2088431Z      ^[[1m^[[94m= ^[[0m^[[1mnote^[[0m: `#[warn(unused_mut)]` (part of `#[warn(unused)]`) on by default
fast build + product smoke	cargo test --workspace --lib	2026-09-30T16:47:17.2108049Z 
fast build + product smoke	cargo test --workspace --lib	2026-09-30T16:47:17.2248889Z ^[[1m^[[33mwarning^[[0m^[[1m: unused variable: `table`^[[0m
fast build + product smoke	cargo test --workspace --lib	2026-09-30T16:47:17.2258438Z     ^[[1m^[[94m--> ^[[0mcrates/uor-r4-core/src/native_geometric/learner/relational.rs:2922:13
fast build + product smoke	cargo test --workspace --lib	2026-09-30T16:47:17.2259092Z      ^[[1m^[[94m|^[[0m
fast build + product smoke	cargo test --workspace --lib	2026-09-30T16:47:17.2259499Z ^[[1m^[[94m2922^[[0m ^[[1m^[[94m|^[[0m         let table = table();
fast build + product smoke	cargo test --workspace --lib	2026-09-30T16:47:17.2260328Z      ^[[1m^[[94m|^[[0m             ^[[1m^[[33m^^^^^^[[0m ^[[1m^[[33mhelp: if this is intentional, prefix it with an underscore: `_table`^[[0m
fast build + product smoke	cargo test --workspace --lib	2026-09-30T16:47:17.2261021Z      ^[[1m^[[94m|^[[0m
fast build + product smoke	cargo test --workspace --lib	2026-09-30T16:47:17.2261646Z      ^[[1m^[[94m= ^[[0m^[[1mnote^[[0m: `#[warn(unused_variables)]` (part of `#[warn(unused)]`) on by default
fast build + product smoke	cargo test --workspace --lib	2026-09-30T16:47:17.2262132Z 
fast build + product smoke	cargo test --workspace --lib	2026-09-30T16:47:24.7862443Z ^[[1m^[[92m   Compiling^[[0m lab-runner v0.1.0 (/home/runner/work/uor-r4/uor-r4/tools/lab-runner)
fast build + product smoke	cargo test --workspace --lib	2026-09-30T16:47:34.4880019Z ^[[1m^[[92m   Compiling^[[0m uor-r4-naf v0.1.0 (/home/runner/work/uor-r4/uor-r4/crates/uor-r4-naf)
fast build + product smoke	cargo test --workspace --lib	2026-09-30T16:50:47.9349721Z ^[[1m^[[33mwarning^[[0m: `uor-r4-core` (lib) generated 4 warnings (run `cargo fix --lib -p uor-r4-core` to apply 1 suggestion)
fast build + product smoke	cargo test --workspace --lib	2026-09-30T16:51:57.4539524Z ^[[1m^[[92m   Compiling^[[0m uor-r4-workbench v0.1.0 (/home/runner/work/uor-r4/uor-r4/crates/uor-r4-workbench)
fast build + product smoke	cargo test --workspace --lib	2026-09-30T16:51:59.2458888Z ^[[1m^[[33mwarning^[[0m^[[1m: field `file` is never read^[[0m
fast build + product smoke	cargo test --workspace --lib	2026-09-30T16:51:59.2488403Z   ^[[1m^[[94m--> ^[[0mcrates/uor-r4-workbench/src/launch.rs:19:5
fast build + product smoke	cargo test --workspace --lib	2026-09-30T16:51:59.2518222Z    ^[[1m^[[94m|^[[0m
fast build + product smoke	cargo test --workspace --lib	2026-09-30T16:51:59.2548335Z ^[[1m^[[94m17^[[0m ^[[1m^[[94m|^[[0m pub struct VerifiedExecutable {
fast build + product smoke	cargo test --workspace --lib	2026-09-30T16:51:59.2578298Z    ^[[1m^[[94m|^[[0m            ^[[1m^[[94m------------------^[[0m ^[[1m^[[94mfield in this struct^[[0m
fast build + product smoke	cargo test --workspace --lib	2026-09-30T16:51:59.2608173Z ^[[1m^[[94m18^[[0m ^[[1m^[[94m|^[[0m     path: PathBuf,
fast build + product smoke	cargo test --workspace --lib	2026-09-30T16:51:59.2638168Z ^[[1m^[[94m19^[[0m ^[[1m^[[94m|^[[0m     file: File,
fast build + product smoke	cargo test --workspace --lib	2026-09-30T16:51:59.2668179Z    ^[[1m^[[94m|^[[0m     ^[[1m^[[33m^^^^^[[0m
fast build + product smoke	cargo test --workspace --lib	2026-09-30T16:51:59.2698078Z    ^[[1m^[[94m|^[[0m
fast build + product smoke	cargo test --workspace --lib	2026-09-30T16:51:59.2728430Z    ^[[1m^[[94m= ^[[0m^[[1mnote^[[0m: `#[warn(dead_code)]` (part of `#[warn(unused)]`) on by default
fast build + product smoke	cargo test --workspace --lib	2026-09-30T16:51:59.2757812Z 
fast build + product smoke	cargo test --workspace --lib	2026-09-30T16:52:02.1949104Z ^[[1m^[[33mwarning^[[0m: `uor-r4-workbench` (lib test) generated 1 warning
fast build + product smoke	cargo test --workspace --lib	2026-09-30T16:52:45.5913551Z ^[[1m^[[92m   Compiling^[[0m uor-r4-wasm-router v0.1.0 (/home/runner/work/uor-r4/uor-r4)
fast build + product smoke	cargo test --workspace --lib	2026-09-30T16:52:49.8335323Z ^[[1m^[[33mwarning^[[0m: `uor-r4-core` (lib test) generated 5 warnings (3 duplicates) (run `cargo fix --lib -p uor-r4-core --tests` to apply 2 suggestions)
fast build + product smoke	cargo test --workspace --lib	2026-09-30T16:52:49.8348782Z ^[[1m^[[92m   Compiling^[[0m uor-r4-training v0.1.0 (/home/runner/work/uor-r4/uor-r4/crates/uor-r4-training)
fast build + product smoke	cargo test --workspace --lib	2026-09-30T16:53:40.1366560Z ^[[1m^[[92m    Finished^[[0m `test` profile [unoptimized + debuginfo] target(s) in 9m 22s
fast build + product smoke	cargo test --workspace --lib	2026-09-30T16:53:40.1800179Z ^[[1m^[[92m     Running^[[0m unittests src/lib.rs (target/debug/deps/lab_runner-f60912edd8dd7821)
fast build + product smoke	cargo test --workspace --lib	2026-09-30T16:53:40.1813646Z 
fast build + product smoke	cargo test --workspace --lib	2026-09-30T16:53:40.1813794Z running 84 tests
fast build + product smoke	cargo test --workspace --lib	2026-09-30T16:53:40.1817259Z test admission::tests::empty_runner_admits_anything_valid ... ok
fast build + product smoke	cargo test --workspace --lib	2026-09-30T16:53:40.1818060Z test admission::tests::at_most_one_gpu_job ... ok
fast build + product smoke	cargo test --workspace --lib	2026-09-30T16:53:40.1818629Z test admission::tests::exclusive_blocks_and_is_blocked ... ok
fast build + product smoke	cargo test --workspace --lib	2026-09-30T16:53:40.1819156Z test admission::tests::gpu_memory_counts_toward_rss_budget ... ok
fast build + product smoke	cargo test --workspace --lib	2026-09-30T16:53:40.1819683Z test admission::tests::rss_limit_is_enforced ... ok
fast build + product smoke	cargo test --workspace --lib	2026-09-30T16:53:40.1820355Z test admission::tests::thread_limit_is_enforced ... ok
fast build + product smoke	cargo test --workspace --lib	2026-09-30T16:53:40.1821057Z test agent::tests::plist_mentions_label_paths_and_keepalive ... ok
fast build + product smoke	cargo test --workspace --lib	2026-09-30T16:53:40.1824411Z test agent::tests::installer_rejects_missing_program_and_dangling_external_aliases ... ok
fast build + product smoke	cargo test --workspace --lib	2026-09-30T16:53:40.1827218Z test coord::tests::actual_runner_root_must_match_reservation ... ok
fast build + product smoke	cargo test --workspace --lib	2026-09-30T16:53:40.1833298Z test coord::tests::admission_fences_host_generation_spec_and_finalization ... ok
fast build + product smoke	cargo test --workspace --lib	2026-09-30T16:53:40.1835460Z test coord::tests::complete_rejects_an_assertion_or_a_missing_receipt ... ok
fast build + product smoke	cargo test --workspace --lib	2026-09-30T16:53:40.1837138Z test coord::tests::completion_requires_exact_merged_head_and_main_ancestry ... ok
fast build + product smoke	cargo test --workspace --lib	2026-09-30T16:53:40.1838506Z test coord::tests::additional_reservations_do_not_relax_per_issue_or_attempt_identity_fences ... ok
fast build + product smoke	cargo test --workspace --lib	2026-09-30T16:53:40.1839614Z test coord::tests::completion_requires_full_scope_independent_acceptance_and_current_generation ... ok
fast build + product smoke	cargo test --workspace --lib	2026-09-30T16:53:40.1846167Z test coord::tests::event_parser_rejects_unknown_fields_and_malformed_envelopes ... ok
fast build + product smoke	cargo test --workspace --lib	2026-09-30T16:53:40.1847053Z test coord::tests::exclusive_task_blocks_partner_until_finalized ... ok
fast build + product smoke	cargo test --workspace --lib	2026-09-30T16:53:40.1854787Z test coord::tests::host_reservations_account_threads_and_memory_before_reserving ... ok
fast build + product smoke	cargo test --workspace --lib	2026-09-30T16:53:40.1865616Z test coord::tests::host_reservations_reject_different_roots_unbound_specs_and_exclusive_jobs ... ok
fast build + product smoke	cargo test --workspace --lib	2026-09-30T16:53:40.1866648Z test coord::tests::initial_reservation_cannot_exceed_host_resource_limits ... ok
fast build + product smoke	cargo test --workspace --lib	2026-09-30T16:53:40.2028533Z test agent::tests::write_plist_targets_a_tempdir_and_prints_bootstrap ... ok
fast build + product smoke	cargo test --workspace --lib	2026-09-30T16:53:40.2085271Z test coord::tests::multiple_reservations_of_either_lane_fit_actual_resource_limits ... ok
fast build + product smoke	cargo test --workspace --lib	2026-09-30T16:53:40.2086267Z test coord::tests::native_blockers_fail_closed_even_when_local_dependency_list_is_empty ... ok
fast build + product smoke	cargo test --workspace --lib	2026-09-30T16:53:40.2098276Z test coord::tests::ordinary_and_validation_share_only_one_runner_and_keep_queue_fence ... ok
fast build + product smoke	cargo test --workspace --lib	2026-09-30T16:53:40.2099675Z test coord::tests::ownership_expires_and_old_epoch_cannot_revive ... ok
fast build + product smoke	cargo test --workspace --lib	2026-09-30T16:53:40.2101624Z test coord::tests::policy_and_work_card_versions_fence_new_work ... ok
fast build + product smoke	cargo test --workspace --lib	2026-09-30T16:53:40.2110808Z test coord::tests::cancelled_queue_receipt_can_release_only_without_launch_intent ... ok
fast build + product smoke	cargo test --workspace --lib	2026-09-30T16:53:40.2115255Z test coord::tests::queued_cancel_requires_positive_never_started_evidence ... ok
fast build + product smoke	cargo test --workspace --lib	2026-09-30T16:53:40.2117115Z test coord::tests::rejected_transition_has_no_partial_mutation ... ok
fast build + product smoke	cargo test --workspace --lib	2026-09-30T16:53:40.2117922Z test coord::tests::server_date_is_not_local_time ... ok
fast build + product smoke	cargo test --workspace --lib	2026-09-30T16:53:40.2119286Z test coord::tests::source_ownership_rejects_path_aliases ... ok
fast build + product smoke	cargo test --workspace --lib	2026-09-30T16:53:40.2126544Z test coord::tests::state_and_typed_events_round_trip_without_losing_resource_bindings ... ok
fast build + product smoke	cargo test --workspace --lib	2026-09-30T16:53:40.2130407Z test coord::tests::takeover_does_not_release_running_attempt ... ok
fast build + product smoke	cargo test --workspace --lib	2026-09-30T16:53:40.2177001Z test coord::tests::third_reservation_accounts_full_memory_union_and_all_identities ... ok
fast build + product smoke	cargo test --workspace --lib	2026-09-30T16:53:40.2189216Z test coord::tests::three_reservations_require_every_other_exact_local_running_spec ... ok
fast build + product smoke	cargo test --workspace --lib	2026-09-30T16:53:40.2201088Z test coord::tests::unavailable_heartbeat_never_extends_a_lease ... ok
fast build + product smoke	cargo test --workspace --lib	2026-09-30T16:53:40.2202059Z test coord::tests::unknown_or_mismatched_exit_never_releases_reservation ... ok
fast build + product smoke	cargo test --workspace --lib	2026-09-30T16:53:40.2208586Z test coord::tests::unresolved_other_queue_reservation_prevents_undercounting ... ok
fast build + product smoke	cargo test --workspace --lib	2026-09-30T16:53:40.3112583Z test coord::tests::pre_spawn_reconciliation_requires_positive_bound_proof_and_zero_extra_cost ... ok
fast build + product smoke	cargo test --workspace --lib	2026-09-30T16:53:40.3838569Z test coord::tests::lost_successful_push_reply_is_recovered_without_a_second_event ... ok
fast build + product smoke	cargo test --workspace --lib	2026-09-30T16:53:40.3880502Z test daemon::tests::late_admission_keeps_partner_and_combined_budget ... ok
fast build + product smoke	cargo test --workspace --lib	2026-09-30T16:53:40.3986473Z test coord::tests::independent_git_contenders_cannot_both_commit_the_same_claim ... ok
fast build + product smoke	cargo test --workspace --lib	2026-09-30T16:53:40.4345900Z test daemon::tests::failed_hash_late_policy_and_budget_have_positive_unstarted_proofs ... ok
fast build + product smoke	cargo test --workspace --lib	2026-09-30T16:53:40.4761008Z test daemon::tests::recovered_wall_clock_is_estimated_in_both_exit_and_charge ... ok
fast build + product smoke	cargo test --workspace --lib	2026-09-30T16:53:41.0326714Z test daemon::tests::production_validator_defers_only_exact_completed_peer_until_finalized ... ok
fast build + product smoke	cargo test --workspace --lib	2026-09-30T16:53:41.0327913Z test github_sync::tests::identity_is_stable_across_collection_times_and_changes_on_edit ... ok
fast build + product smoke	cargo test --workspace --lib	2026-09-30T16:53:41.0328787Z test github_sync::tests::server_window_overlaps_and_future_restores_force_full_reconciliation ... ok
fast build + product smoke	cargo test --workspace --lib	2026-09-30T16:53:41.0329701Z test host::tests::absent_volume_is_never_created ... ok
fast build + product smoke	cargo test --workspace --lib	2026-09-30T16:53:41.0331463Z test host::tests::concurrency_has_no_lane_quota_and_preserves_exclusivity ... ok
fast build + product smoke	cargo test --workspace --lib	2026-09-30T16:53:41.0335763Z test host::tests::concurrent_cargo_requires_disjoint_real_caches ... ok
fast build + product smoke	cargo test --workspace --lib	2026-09-30T16:53:41.0337437Z test host::tests::critical_and_unknown_pressure_never_admit_even_with_global_override ... ok
fast build + product smoke	cargo test --workspace --lib	2026-09-30T16:53:41.0339231Z test host::tests::legacy_serialization_omits_lane_and_new_lane_enforces_limits ... ok
fast build + product smoke	cargo test --workspace --lib	2026-09-30T16:53:41.0341368Z test host::tests::pressure_approval_does_not_skip_disabled_admission ... ok
fast build + product smoke	cargo test --workspace --lib	2026-09-30T16:53:41.0348771Z test host::tests::production_rejects_unowned_command_criterion ... ok
fast build + product smoke	cargo test --workspace --lib	2026-09-30T16:53:41.0355669Z test host::tests::reviewed_spec_cannot_exceed_small_check_bounds ... ok
fast build + product smoke	cargo test --workspace --lib	2026-09-30T16:53:41.0356407Z test host::tests::warning_requires_exact_reviewed_spec_and_legacy_policy_stays_normal ... ok
fast build + product smoke	cargo test --workspace --lib	2026-09-30T16:53:41.0905051Z test ledger::tests::concurrent_charges_survive_and_duplicate_copies_do_not_double_charge ... ok
fast build + product smoke	cargo test --workspace --lib	2026-09-30T16:53:41.0941844Z test ledger::tests::execution_metadata_distinguishes_estimate_and_old_bytes_remain_retryable ... ok
fast build + product smoke	cargo test --workspace --lib	2026-09-30T16:53:41.1002821Z test ledger::tests::extension_never_resets_prior_charge_and_corruption_is_rejected ... ok
fast build + product smoke	cargo test --workspace --lib	2026-09-30T16:53:41.2188095Z test ledger::tests::external_legacy_drift_blocks_only_admission_until_reviewed_import ... ok
fast build + product smoke	cargo test --workspace --lib	2026-09-30T16:53:41.2345199Z test ledger::tests::historical_fixture_requires_explicit_coverage_and_preserves_late_event ... ok
fast build + product smoke	cargo test --workspace --lib	2026-09-30T16:53:41.2391055Z test ledger::tests::idempotent_charge_repairs_missing_view_and_rejects_conflict ... ok
fast build + product smoke	cargo test --workspace --lib	2026-09-30T16:53:41.2511384Z test ledger::tests::programme_corrections_are_hash_bound_idempotent_and_cannot_overdraw ... ok
fast build + product smoke	cargo test --workspace --lib	2026-09-30T16:53:41.2515988Z test maintenance::retained_tests::retained_input_cannot_escape_scope_via_parent_traversal_or_alias ... ok
fast build + product smoke	cargo test --workspace --lib	2026-09-30T16:53:41.2567142Z test outbox::tests::durable_retirement_preserves_original_and_unblocks_later_intent ... ok
fast build + product smoke	cargo test --workspace --lib	2026-09-30T16:53:41.2636405Z test outbox::tests::pending_event_survives_failed_network_and_conflicting_retry_is_rejected ... ok
fast build + product smoke	cargo test --workspace --lib	2026-09-30T16:53:41.2637786Z test outbox::tests::retirement_requires_positive_staleness_not_transient_failure ... ok
fast build + product smoke	cargo test --workspace --lib	2026-09-30T16:53:41.5777861Z Terminated
fast build + product smoke	cargo test --workspace --lib	2026-09-30T16:53:41.6517172Z test process::tests::legacy_live_identity_cannot_signal_but_same_host_absence_can_be_reconciled ... ok
fast build + product smoke	cargo test --workspace --lib	2026-09-30T16:53:41.9099899Z Terminated
fast build + product smoke	cargo test --workspace --lib	2026-09-30T16:53:41.9781995Z test process::tests::nonce_mismatch_never_signals_the_process ... ok
fast build + product smoke	cargo test --workspace --lib	2026-09-30T16:53:41.9783121Z test process::tests::stable_boot_schemes_validate_uuid_and_never_promote_legacy_time_drift ... ok
fast build + product smoke	cargo test --workspace --lib	2026-09-30T16:53:42.9144217Z Killed
fast build + product smoke	cargo test --workspace --lib	2026-09-30T16:53:42.9348006Z test daemon::tests::pending_verifier_keeps_partner_monitored_and_opens_payload_once ... ok
fast build + product smoke	cargo test --workspace --lib	2026-09-30T16:53:42.9349442Z test process::tests::verified_prior_boot_has_no_surviving_process_members ... ok
fast build + product smoke	cargo test --workspace --lib	2026-09-30T16:53:42.9350270Z test spec::tests::empty_argv_and_missing_cwd_are_rejected ... ok
fast build + product smoke	cargo test --workspace --lib	2026-09-30T16:53:42.9350992Z test spec::tests::log_match_requires_a_value ... ok
fast build + product smoke	cargo test --workspace --lib	2026-09-30T16:53:42.9352629Z test spec::tests::missing_kill_criterion_names_the_field ... ok
fast build + product smoke	cargo test --workspace --lib	2026-09-30T16:53:42.9354065Z test spec::tests::missing_wall_s_names_the_field ... ok
fast build + product smoke	cargo test --workspace --lib	2026-09-30T16:53:42.9758309Z test spec::tests::provenance_rejects_changed_executable_input_and_untracked_source ... ok
fast build + product smoke	cargo test --workspace --lib	2026-09-30T16:53:42.9771282Z test spec::tests::valid_spec_parses ... ok
fast build + product smoke	cargo test --workspace --lib	2026-09-30T16:53:42.9795618Z test tests::atomic_write_round_trips ... ok
fast build + product smoke	cargo test --workspace --lib	2026-09-30T16:53:42.9796383Z test tests::civil_from_days_matches_known_dates ... ok
fast build + product smoke	cargo test --workspace --lib	2026-09-30T16:53:42.9797027Z test tests::sanitize_component_replaces_unsafe_bytes ... ok
fast build + product smoke	cargo test --workspace --lib	2026-09-30T16:53:42.9797772Z test tests::utc_iso_format_is_stable ... ok
fast build + product smoke	cargo test --workspace --lib	2026-09-30T16:53:43.2758257Z Terminated
fast build + product smoke	cargo test --workspace --lib	2026-09-30T16:53:43.2854268Z test daemon::tests::unknown_monitor_preserves_paths_child_and_charge_until_stopped_reconciliation ... ok
fast build + product smoke	cargo test --workspace --lib	2026-09-30T16:53:43.4193748Z test daemon::tests::failed_or_timed_out_verifier_never_opens_payload_and_preserves_receipt ... ok
fast build + product smoke	cargo test --workspace --lib	2026-09-30T16:53:43.8975598Z test process::tests::term_handlers_get_bounded_grace_without_claiming_checkpoint_success ... ok
fast build + product smoke	cargo test --workspace --lib	2026-09-30T16:53:43.8976009Z 
fast build + product smoke	cargo test --workspace --lib	2026-09-30T16:53:43.8976210Z test result: ok. 84 passed; 0 failed; 0 ignored; 0 measured; 0 filtered out; finished in 3.72s
fast build + product smoke	cargo test --workspace --lib	2026-09-30T16:53:43.8976482Z 
fast build + product smoke	cargo test --workspace --lib	2026-09-30T16:53:43.8980434Z ^[[1m^[[92m     Running^[[0m unittests src/lib.rs (target/debug/deps/repo_conformance-6d4ecbb919a7c58d)
fast build + product smoke	cargo test --workspace --lib	2026-09-30T16:53:43.8989443Z 
fast build + product smoke	cargo test --workspace --lib	2026-09-30T16:53:43.8989561Z running 1 test
fast build + product smoke	cargo test --workspace --lib	2026-09-30T16:53:43.8991655Z test meta::tests::the_assertive_vocabulary_is_recognised ... ok
fast build + product smoke	cargo test --workspace --lib	2026-09-30T16:53:43.8992042Z 
fast build + product smoke	cargo test --workspace --lib	2026-09-30T16:53:43.8992392Z test result: ok. 1 passed; 0 failed; 0 ignored; 0 measured; 0 filtered out; finished in 0.00s
fast build + product smoke	cargo test --workspace --lib	2026-09-30T16:53:43.8992731Z 
fast build + product smoke	cargo test --workspace --lib	2026-09-30T16:53:43.8993345Z ^[[1m^[[92m     Running^[[0m unittests src/lib.rs (target/debug/deps/repo_model-36e87e09bdf4403a)
fast build + product smoke	cargo test --workspace --lib	2026-09-30T16:53:43.9002132Z 
fast build + product smoke	cargo test --workspace --lib	2026-09-30T16:53:43.9002256Z running 9 tests
fast build + product smoke	cargo test --workspace --lib	2026-09-30T16:53:43.9004613Z test empirical::tests::a_present_fixture_reflects_the_run_outcome ... ok
fast build + product smoke	cargo test --workspace --lib	2026-09-30T16:53:43.9005608Z test empirical::tests::an_absent_fixture_is_unavailable_never_pass ... ok
fast build + product smoke	cargo test --workspace --lib	2026-09-30T16:53:43.9006260Z test empirical::tests::statuses_serialize_to_the_three_tokens ... ok
fast build + product smoke	cargo test --workspace --lib	2026-09-30T16:53:43.9006833Z test tests::a_build_claim_without_an_evidence_pointer_is_rejected ... ok
fast build + product smoke	cargo test --workspace --lib	2026-09-30T16:53:43.9007473Z test tests::deployed_production_with_serving_reachability_is_accepted ... ok
fast build + product smoke	cargo test --workspace --lib	2026-09-30T16:53:43.9008402Z test tests::deployed_production_without_serving_reachability_is_rejected ... ok
fast build + product smoke	cargo test --workspace --lib	2026-09-30T16:53:43.9058374Z test tests::the_id_register_is_well_formed_cm_02 ... ok
fast build + product smoke	cargo test --workspace --lib	2026-09-30T16:53:43.9070371Z test tests::model_is_consistent_cm_01 ... ok
fast build + product smoke	cargo test --workspace --lib	2026-09-30T16:53:43.9079886Z test tests::every_some_true_claim_cites_an_authority_cm_03 ... ok
fast build + product smoke	cargo test --workspace --lib	2026-09-30T16:53:43.9080257Z 
fast build + product smoke	cargo test --workspace --lib	2026-09-30T16:53:43.9080593Z test result: ok. 9 passed; 0 failed; 0 ignored; 0 measured; 0 filtered out; finished in 0.01s
fast build + product smoke	cargo test --workspace --lib	2026-09-30T16:53:43.9081079Z 
fast build + product smoke	cargo test --workspace --lib	2026-09-30T16:53:43.9083902Z ^[[1m^[[92m     Running^[[0m unittests src/lib.rs (target/debug/deps/uor_r4_api-b9b5ae31fe887259)
fast build + product smoke	cargo test --workspace --lib	2026-09-30T16:53:43.9092952Z 
fast build + product smoke	cargo test --workspace --lib	2026-09-30T16:53:43.9093070Z running 83 tests
fast build + product smoke	cargo test --workspace --lib	2026-09-30T16:53:43.9097139Z test capability_suite::tests::attribution_histogram_records_and_totals ... ok
fast build + product smoke	cargo test --workspace --lib	2026-09-30T16:53:43.9097866Z test capability_suite::tests::cid_round_trips_and_verifies ... ok
fast build + product smoke	cargo test --workspace --lib	2026-09-30T16:53:43.9098700Z test capability_suite::tests::builtin_constitution_validates_and_covers_every_stage ... ok
fast build + product smoke	cargo test --workspace --lib	2026-09-30T16:53:43.9099456Z test capability_suite::tests::builtin_manifests_all_validate ... ok
fast build + product smoke	cargo test --workspace --lib	2026-09-30T16:53:43.9100211Z test capability_suite::tests::builtin_manifests_cover_all_nine_workloads ... ok
fast build + product smoke	cargo test --workspace --lib	2026-09-30T16:53:43.9101149Z test capability_suite::tests::comparability_requires_same_slice_and_mode ... ok
fast build + product smoke	cargo test --workspace --lib	2026-09-30T16:53:43.9102000Z test capability_suite::tests::document_leakage_is_detected_and_disjoint_passes ... ok
fast build + product smoke	cargo test --workspace --lib	2026-09-30T16:53:43.9102698Z test capability_suite::tests::metric_status_unavailable_has_no_rate ... ok
fast build + product smoke	cargo test --workspace --lib	2026-09-30T16:53:43.9103105Z test capability_suite::tests::declined_token_may_leave_scorer_empty ... ok
fast build + product smoke	cargo test --workspace --lib	2026-09-30T16:53:43.9103856Z test capability_suite::tests::degenerate_control_flags_a_control_that_matches_the_primary ... ok
fast build + product smoke	cargo test --workspace --lib	2026-09-30T16:53:43.9104677Z test capability_suite::tests::normative_scorer_id_pins_the_scoring_semantics_version ... ok
fast build + product smoke	cargo test --workspace --lib	2026-09-30T16:53:43.9105477Z test capability_suite::tests::report_histogram_must_match_embedded_tokens ... ok
fast build + product smoke	cargo test --workspace --lib	2026-09-30T16:53:43.9106220Z test capability_suite::tests::report_against_manifest_enforces_fixture_absence ... ok
fast build + product smoke	cargo test --workspace --lib	2026-09-30T16:53:43.9106972Z test capability_suite::tests::resolution_path_maps_deployed_signals ... ok
fast build + product smoke	cargo test --workspace --lib	2026-09-30T16:53:43.9107755Z test capability_suite::tests::report_rejects_an_unknown_field ... ok
fast build + product smoke	cargo test --workspace --lib	2026-09-30T16:53:43.9108422Z test capability_suite::tests::served_token_requires_the_normative_scorer_id ... ok
fast build + product smoke	cargo test --workspace --lib	2026-09-30T16:53:43.9109123Z test capability_suite::tests::verify_cid_detects_a_single_flipped_byte ... ok
fast build + product smoke	cargo test --workspace --lib	2026-09-30T16:53:43.9109860Z test capability_suite::tests::report_validates_round_trips_and_is_deterministic ... ok
fast build + product smoke	cargo test --workspace --lib	2026-09-30T16:53:43.9110584Z test capability_suite::tests::verify_cid_rejects_a_malformed_identity ... ok
fast build + product smoke	cargo test --workspace --lib	2026-09-30T16:53:43.9111268Z test compile::tests::all_source_attention_records_are_threaded_into_cover_stage_flags ... ok
fast build + product smoke	cargo test --workspace --lib	2026-09-30T16:53:43.9112067Z test compile::tests::dense_operator_is_exactly_threaded_or_omitted_from_cover_flags ... ok
fast build + product smoke	cargo test --workspace --lib	2026-09-30T16:53:43.9112836Z test compile::tests::deployed_tokenizer_is_threaded_into_cover_and_score_stages ... ok
fast build + product smoke	cargo test --workspace --lib	2026-09-30T16:53:43.9113578Z test compile::tests::source_manifest_kappa_is_threaded_into_cover_stage_flags ... ok
fast build + product smoke	cargo test --workspace --lib	2026-09-30T16:53:43.9114370Z test compile::tests::compiled_model_exposes_registry_validated_source_execution_identity ... ok
fast build + product smoke	cargo test --workspace --lib	2026-09-30T16:53:43.9115205Z test compile::tests::optional_stage_file_distinguishes_absence_from_invalid_entries ... ok
fast build + product smoke	cargo test --workspace --lib	2026-09-30T16:53:43.9115967Z test compile::tests::source_validation_returns_the_complete_adapter_identity ... ok
fast build + product smoke	cargo test --workspace --lib	2026-09-30T16:53:43.9117109Z test deployed_quality::tests::deployed_quality_failures_use_the_sanctioned_field_specific_boundary ... ok
fast build + product smoke	cargo test --workspace --lib	2026-09-30T16:53:43.9118079Z test compile::tests::tokenizer_adapter_is_threaded_as_an_atomic_stage_a_pair ... ok
fast build + product smoke	cargo test --workspace --lib	2026-09-30T16:53:43.9118844Z test deployed_quality::tests::story_sample_rejects_zero_and_preserves_nested_prefixes ... ok
fast build + product smoke	cargo test --workspace --lib	2026-09-30T16:53:43.9119662Z test deployed_quality::tests::adapter_source_cids_are_canonical_lowercase_and_nonzero ... ok
fast build + product smoke	cargo test --workspace --lib	2026-09-30T16:53:43.9120437Z test deployed_quality::tests::typed_sample_decision_vocabulary_is_fail_closed ... ok
fast build + product smoke	cargo test --workspace --lib	2026-09-30T16:53:43.9121222Z test engine::tests::absent_normative_candidate_field_preserves_legacy_witness_json_bytes ... ok
fast build + product smoke	cargo test --workspace --lib	2026-09-30T16:53:43.9122026Z test engine::tests::inference_witness_segment_lane_serde_is_backward_compatible ... ok
fast build + product smoke	cargo test --workspace --lib	2026-09-30T16:53:43.9122711Z test engine::tests::segment_adjust_inactive_keeps_base_winner ... ok
fast build + product smoke	cargo test --workspace --lib	2026-09-30T16:53:43.9123381Z test engine::tests::normative_served_candidate_witness_binds_runtime_tuple ... ok
fast build + product smoke	cargo test --workspace --lib	2026-09-30T16:53:43.9124095Z test engine::tests::reference_skipmix_keeps_learned_special_token_outcomes ... ok
fast build + product smoke	cargo test --workspace --lib	2026-09-30T16:53:43.9124973Z test engine::tests::segment_adjust_promotes_boosted_candidate ... ok
fast build + product smoke	cargo test --workspace --lib	2026-09-30T16:53:43.9125572Z test engine::tests::segment_adjust_tie_breaks_by_lower_id ... ok
fast build + product smoke	cargo test --workspace --lib	2026-09-30T16:53:43.9126194Z test engine::tests::segment_lane_attribution_records_only_real_promotions ... ok
fast build + product smoke	cargo test --workspace --lib	2026-09-30T16:53:43.9126800Z test engine::tests::skipmix_injected_absent_tables_keep_base_winner ... ok
fast build + product smoke	cargo test --workspace --lib	2026-09-30T16:53:43.9127508Z test engine::tests::skipmix_injected_joint_row_presence_gates_fallback_and_still_injects ... ok
fast build + product smoke	cargo test --workspace --lib	2026-09-30T16:53:43.9128989Z test compile::tests::stage_a_adapter_sidecar_is_validated_and_must_match_preflight ... ok
fast build + product smoke	cargo test --workspace --lib	2026-09-30T16:53:43.9129711Z test engine::tests::skipmix_injected_promotes_candidate_already_in_ranked ... ok
fast build + product smoke	cargo test --workspace --lib	2026-09-30T16:53:43.9130101Z test engine::tests::skipmix_injected_tie_breaks_by_lower_id ... ok
fast build + product smoke	cargo test --workspace --lib	2026-09-30T16:53:43.9130484Z test engine::tests::skipmix_lane_witness_serde_is_backward_compatible ... ok
fast build + product smoke	cargo test --workspace --lib	2026-09-30T16:53:43.9130870Z test engine::tests::skipmix_injects_candidate_absent_from_ranked ... ok
fast build + product smoke	cargo test --workspace --lib	2026-09-30T16:53:43.9131245Z test engine::tests::table_score_is_an_exact_two_level_lookup ... ok
fast build + product smoke	cargo test --workspace --lib	2026-09-30T16:53:43.9131590Z test engine::tests::test_inference_request_serde_roundtrip ... ok
fast build + product smoke	cargo test --workspace --lib	2026-09-30T16:53:43.9131987Z test engine::tests::table_rerank_uses_learned_content_to_candidate_contributions ... ok
fast build + product smoke	cargo test --workspace --lib	2026-09-30T16:53:43.9132436Z test engine::tests::skipmix_injected_falls_back_to_psi_bag_when_joint_key_absent ... ok
fast build + product smoke	cargo test --workspace --lib	2026-09-30T16:53:43.9133001Z test native_capability_api::recovery_utf8_tests::streaming_preserves_split_multibyte_scalars_and_rejects_invalid_bytes ... ok
fast build + product smoke	cargo test --workspace --lib	2026-09-30T16:53:43.9133523Z test engine::tests::unique_window_tokens_sorts_dedups_and_caps ... ok
fast build + product smoke	cargo test --workspace --lib	2026-09-30T16:53:43.9133984Z test production_envelope::tests::malformed_manifest_is_refused_before_any_component_can_activate ... ok
fast build + product smoke	cargo test --workspace --lib	2026-09-30T16:53:43.9134484Z test release_bundle::tests::abi_conversion_preserves_current_build_version ... ok
fast build + product smoke	cargo test --workspace --lib	2026-09-30T16:53:43.9134944Z test release_bundle::tests::continuation_capability_does_not_require_tokenizer_family ... ok
fast build + product smoke	cargo test --workspace --lib	2026-09-30T16:53:43.9136559Z test engine::tests::test_inference_response_serde_roundtrip ... ok
fast build + product smoke	cargo test --workspace --lib	2026-09-30T16:53:43.9137850Z test release_bundle::tests::from_compiled_model_does_not_validate_a_caller_supplied_bad_field ... ok
fast build + product smoke	cargo test --workspace --lib	2026-09-30T16:53:43.9138841Z test release_bundle::tests::from_compiled_model_copies_digests_and_abi_and_passes_validation ... ok
fast build + product smoke	cargo test --workspace --lib	2026-09-30T16:53:43.9141183Z test release_bundle::tests::instruction_chat_requires_tokenizer_family ... ok
fast build + product smoke	cargo test --workspace --lib	2026-09-30T16:53:43.9142350Z test release_bundle::tests::rejects_empty_model_id ... ok
fast build + product smoke	cargo test --workspace --lib	2026-09-30T16:53:43.9142958Z test release_bundle::tests::rejects_malformed_component_digest ... ok
fast build + product smoke	cargo test --workspace --lib	2026-09-30T16:53:43.9143417Z test release_bundle::tests::rejects_malformed_optional_tokenizer_digest ... ok
fast build + product smoke	cargo test --workspace --lib	2026-09-30T16:53:43.9143803Z test release_bundle::tests::rejects_malformed_uor_matmul_rev ... ok
fast build + product smoke	cargo test --workspace --lib	2026-09-30T16:53:43.9144319Z test release_bundle::tests::round_trips_through_json ... ok
fast build + product smoke	cargo test --workspace --lib	2026-09-30T16:53:43.9145841Z test release_bundle::tests::schema_one_deserializes_for_research_but_never_production_validates ... ok
fast build + product smoke	cargo test --workspace --lib	2026-09-30T16:53:43.9146738Z test release_bundle::tests::schema_two_rejects_non_normative_selector ... ok
fast build + product smoke	cargo test --workspace --lib	2026-09-30T16:53:43.9148435Z test release_bundle::tests::schema_two_requires_deployed_quality_report_selector_and_compiler ... ok
fast build + product smoke	cargo test --workspace --lib	2026-09-30T16:53:43.9149056Z test release_bundle::tests::unknown_field_is_a_hard_parse_error ... ok
fast build + product smoke	cargo test --workspace --lib	2026-09-30T16:53:43.9151876Z test release_bundle::tests::valid_manifest_passes_validation ... ok
fast build + product smoke	cargo test --workspace --lib	2026-09-30T16:53:43.9152551Z test release_bundle::tests::rejects_unsupported_schema ... ok
fast build + product smoke	cargo test --workspace --lib	2026-09-30T16:53:43.9157940Z test serving_eval::tests::abstain_breakdown_records_by_status ... ok
fast build + product smoke	cargo test --workspace --lib	2026-09-30T16:53:43.9160518Z test serving_eval::tests::binding_sample_gate_proceeds_only_when_every_falsifier_passes ... ok
fast build + product smoke	cargo test --workspace --lib	2026-09-30T16:53:43.9161469Z test serving_eval::tests::attribution_rows_reproduce_aggregate_and_bind_generation_and_positions ... ok
fast build + product smoke	cargo test --workspace --lib	2026-09-30T16:53:43.9162619Z test serving_eval::tests::binding_sample_gate_stops_on_reachability_quality_and_replay_failures ... ok
fast build + product smoke	cargo test --workspace --lib	2026-09-30T16:53:43.9163402Z test serving_eval::tests::breakdown_splits_exact_context_by_ngram ... ok
fast build + product smoke	cargo test --workspace --lib	2026-09-30T16:53:43.9164094Z test serving_eval::tests::pre_reemission_canonical_arm_is_diagnostic_only ... ok
fast build + product smoke	cargo test --workspace --lib	2026-09-30T16:53:43.9164727Z test serving_eval::tests::pre_reemission_diagnostic_must_really_be_sections_absent ... ok
fast build + product smoke	cargo test --workspace --lib	2026-09-30T16:53:43.9165295Z test serving_eval::tests::sample_gate_distinguishes_upper_bound_stop_from_extendable_inconclusive ... ok
fast build + product smoke	cargo test --workspace --lib	2026-09-30T16:53:43.9167026Z test serving_eval::tests::durable_progress_is_newline_delimited_and_parseable ... ok
fast build + product smoke	cargo test --workspace --lib	2026-09-30T16:53:43.9168243Z test serving_eval::tests::discover_requires_all_bundle_files ... ok
fast build + product smoke	cargo test --workspace --lib	2026-09-30T16:53:43.9169019Z test serving_eval::tests::sample_is_story_distributed_and_canonically_sorted ... ok
fast build + product smoke	cargo test --workspace --lib	2026-09-30T16:53:43.9202047Z test serving_eval::tests::six_thousand_position_sample_is_nested_in_eighteen_thousand_extension ... ok
fast build + product smoke	cargo test --workspace --lib	2026-09-30T16:53:43.9721662Z test production_envelope::tests::production_boundary_replays_candidate_provenance_instead_of_trusting_records ... ok
fast build + product smoke	cargo test --workspace --lib	2026-09-30T16:53:43.9722283Z 
fast build + product smoke	cargo test --workspace --lib	2026-09-30T16:53:43.9722573Z test result: ok. 83 passed; 0 failed; 0 ignored; 0 measured; 0 filtered out; finished in 0.06s
fast build + product smoke	cargo test --workspace --lib	2026-09-30T16:53:43.9722939Z 
fast build + product smoke	cargo test --workspace --lib	2026-09-30T16:53:43.9726484Z ^[[1m^[[92m     Running^[[0m unittests src/lib.rs (target/debug/deps/uor_r4_core-5d36636826f2fafe)
fast build + product smoke	cargo test --workspace --lib	2026-09-30T16:53:43.9746086Z 
fast build + product smoke	cargo test --workspace --lib	2026-09-30T16:53:43.9746212Z running 1162 tests
fast build + product smoke	cargo test --workspace --lib	2026-09-30T16:53:43.9749501Z test answer_oracle::tests::answer_oracle_current_initial_and_abstain_forms_are_typed ... ok
fast build + product smoke	cargo test --workspace --lib	2026-09-30T16:53:43.9750516Z test answer_oracle::tests::answer_oracle_explanatory_only_accepts_inherited_place_form_or_owner_sentence ... ok
fast build + product smoke	cargo test --workspace --lib	2026-09-30T16:53:43.9753585Z test answer_oracle::tests::answer_oracle_explanatory_owner_first_requires_present_tense_owner_sentence ... ok
fast build + product smoke	cargo test --workspace --lib	2026-09-30T16:53:43.9754174Z test answer_oracle::tests::answer_oracle_previous_request_rejects_present_tense_old_value ... ok
fast build + product smoke	cargo test --workspace --lib	2026-09-30T16:53:44.0621093Z test corpus_induced_spin_placement::tests::imbalanced_executed_prefix_work_is_rejected ... ok
fast build + product smoke	cargo test --workspace --lib	2026-09-30T16:53:44.0636483Z test corpus_induced_spin_placement::tests::optimized_circular_medoid_matches_brute_force_at_boundaries ... ok
fast build + product smoke	cargo test --workspace --lib	2026-09-30T16:53:44.0637859Z test corpus_induced_spin_placement::tests::target_derived_score_frame_is_rejected ... ok
fast build + product smoke	cargo test --workspace --lib	2026-09-30T16:53:44.0677940Z test corpus_induced_spin_placement::tests::target_free_scan_freezes_prediction_before_current_target ... ok
fast build + product smoke	cargo test --workspace --lib	2026-09-30T16:53:44.0708499Z test corpus_induced_spin_placement::tests::one_and_eight_worker_compiles_have_identical_canonical_bytes ... ok
fast build + product smoke	cargo test --workspace --lib	2026-09-30T16:53:44.0725879Z test corpus_induced_spin_placement::tests::trusted_cid_and_single_byte_tamper_are_rejected ... ok
fast build + product smoke	cargo test --workspace --lib	2026-09-30T16:53:44.0797121Z test direct_causal_geometric_attention::tests::causal_mask_never_reads_a_future_token_value ... ok
fast build + product smoke	cargo test --workspace --lib	2026-09-30T16:53:44.0868726Z test corpus_induced_spin_placement::tests::one_and_eight_worker_document_scans_are_canonical ... ok
fast build + product smoke	cargo test --workspace --lib	2026-09-30T16:53:44.0883949Z test direct_causal_geometric_attention::tests::compiles_are_deterministic_and_qkvo_all_learn ... ok
fast build + product smoke	cargo test --workspace --lib	2026-09-30T16:53:44.0898464Z test direct_causal_geometric_attention::tests::construction_same_query_dynamic_binding_is_load_bearing ... ok
fast build + product smoke	cargo test --workspace --lib	2026-09-30T16:53:44.0948520Z test direct_causal_geometric_attention::tests::value_aggregation_is_load_bearing ... ok
fast build + product smoke	cargo test --workspace --lib	2026-09-30T16:53:44.0988377Z test direct_causal_geometric_attention::tests::every_arm_uses_unit_r4_raw_vectors_with_three_effective_dof ... ok
fast build + product smoke	cargo test --workspace --lib	2026-09-30T16:53:44.0989568Z test geometric_gated_delta_retention::tests::delta_overwrite_changes_a_key_specific_association ... ok
fast build + product smoke	cargo test --workspace --lib	2026-09-30T16:53:44.1003462Z test geometric_gated_delta_retention::tests::construction_kappa_binds_partition_events_and_target_membership ... ok
fast build + product smoke	cargo test --workspace --lib	2026-09-30T16:53:44.1004853Z test geometric_gated_delta_retention::tests::exact_h4_connection_transport_composes_and_is_frame_equivariant ... ok
fast build + product smoke	cargo test --workspace --lib	2026-09-30T16:53:44.1006388Z test geometric_gated_delta_retention::tests::prediction_is_pre_observation_and_support_is_unchanged ... ok
fast build + product smoke	cargo test --workspace --lib	2026-09-30T16:53:44.1007522Z test direct_causal_geometric_attention::tests::h4_connection_preserves_norm_tangency_and_composes ... ok
fast build + product smoke	cargo test --workspace --lib	2026-09-30T16:53:44.1016468Z test geometric_gated_delta_retention::tests::state_identity_and_observation_trace_bind_exact_route_phases ... ok
fast build + product smoke	cargo test --workspace --lib	2026-09-30T16:53:44.1034728Z test geometric_gated_delta_retention::tests::route_order_transport_and_delta_interventions_change_bounded_state ... ok
fast build + product smoke	cargo test --workspace --lib	2026-09-30T16:53:44.1036016Z test geometric_gated_delta_retention::tests::two_compiles_are_byte_identical_and_k_v_q_remain_distinct ... ok
fast build + product smoke	cargo test --workspace --lib	2026-09-30T16:53:44.1037158Z test geometric_gated_delta_retention::tests::v_receives_a_real_candidate_conditioned_write_role_update ... ok
fast build + product smoke	cargo test --workspace --lib	2026-09-30T16:53:44.1055030Z test helm_d_r4_attention::tests::cached_frame_matrix_is_bit_identical_to_direct_reconstruction ... ok
fast build + product smoke	cargo test --workspace --lib	2026-09-30T16:53:44.1108178Z test helm_d_r4_attention::tests::coherent_spin_transport_is_a_gauge_reparameterization ... ok
fast build + product smoke	cargo test --workspace --lib	2026-09-30T16:53:44.1109134Z test helm_d_r4_attention::tests::flat_control_is_squared_distance_and_arithmetic_centroid ... ok
fast build + product smoke	cargo test --workspace --lib	2026-09-30T16:53:44.1110104Z test helm_d_r4_attention::tests::helm_d_learned_manifold_mixed_readout_preserves_scores_and_changes_values ... ok
fast build + product smoke	cargo test --workspace --lib	2026-09-30T16:53:44.1544261Z test helm_d_r4_attention::tests::helm_d_learned_manifold_r4_construction_has_the_frozen_matched_capacity ... ok
fast build + product smoke	cargo test --workspace --lib	2026-09-30T16:53:44.1552487Z test helm_d_r4_attention::tests::helm_d_learned_manifold_r4_construction_identity_projection_is_exact ... ok
fast build + product smoke	cargo test --workspace --lib	2026-09-30T16:53:44.1556014Z test helm_d_r4_attention::tests::helm_d_learned_manifold_r4_construction_is_covariant_and_mismatch_is_live ... ok
fast build + product smoke	cargo test --workspace --lib	2026-09-30T16:53:44.1563723Z test helm_d_r4_attention::tests::helm_d_learned_manifold_r4_construction_matches_the_upstream_h64_row ... ok
fast build + product smoke	cargo test --workspace --lib	2026-09-30T16:53:44.1565023Z test helm_d_r4_attention::tests::helm_d_learned_manifold_r4_construction_order_key_control_is_live ... ok
fast build + product smoke	cargo test --workspace --lib	2026-09-30T16:53:44.1589158Z test helm_d_r4_attention::tests::helm_d_learned_manifold_r4_construction_registered_frame_census_is_exact_and_complete ... ok
fast build + product smoke	cargo test --workspace --lib	2026-09-30T16:53:44.1590435Z test helm_d_r4_attention::tests::helm_d_learned_manifold_r4_construction_rejects_invalid_parameters ... ok
fast build + product smoke	cargo test --workspace --lib	2026-09-30T16:53:44.1595878Z test helm_d_r4_attention::tests::helm_d_learned_manifold_r4_construction_token_leaf_basis_is_strict_24_element_subgroup ... ok
fast build + product smoke	cargo test --workspace --lib	2026-09-30T16:53:44.1597121Z test helm_d_r4_attention::tests::helm_d_learned_manifold_value_readout_is_independent_from_score_metric ... ok
fast build + product smoke	cargo test --workspace --lib	2026-09-30T16:53:44.1604065Z test helm_d_r4_attention::tests::intrinsic_destructive_controls_are_live ... ok
fast build + product smoke	cargo test --workspace --lib	2026-09-30T16:53:44.1605037Z test helm_d_r4_attention::tests::intrinsic_distance_has_identity_symmetry_and_nonnegativity ... ok
fast build + product smoke	cargo test --workspace --lib	2026-09-30T16:53:44.1607522Z test helm_d_r4_attention::tests::intrinsic_operator_binds_policy_evidence_and_fails_closed ... ok
fast build + product smoke	cargo test --workspace --lib	2026-09-30T16:53:44.1624521Z test helm_d_r4_attention::tests::intrinsic_parameters_allow_zero_scores_and_reject_invalid_values ... ok
fast build + product smoke	cargo test --workspace --lib	2026-09-30T16:53:44.1625657Z test helm_d_r4_attention::tests::intrinsic_softmax_exposes_the_live_f32_weight_boundary ... ok
fast build + product smoke	cargo test --workspace --lib	2026-09-30T16:53:44.1626738Z test h4_spin_frame_sidecar::tests::canonical_sidecar_rejects_matrix_or_product_tampering ... ok
fast build + product smoke	cargo test --workspace --lib	2026-09-30T16:53:44.1627855Z test helm_d_r4_attention::tests::lorentz_barycenter_accepts_the_frozen_timelike_floor ... ok
fast build + product smoke	cargo test --workspace --lib	2026-09-30T16:53:44.1628811Z test helm_d_r4_attention::tests::lorentz_barycenter_respects_a_one_hot_weight ... ok
fast build + product smoke	cargo test --workspace --lib	2026-09-30T16:53:44.1629732Z test helm_d_r4_attention::tests::lorentz_distance_and_centroid_are_so4_equivariant ... ok
fast build + product smoke	cargo test --workspace --lib	2026-09-30T16:53:44.1630727Z test helm_d_r4_attention::tests::pinned_helm_d_row_matches_the_audited_upstream_golden_fixture ... ok
fast build + product smoke	cargo test --workspace --lib	2026-09-30T16:53:44.1631758Z test helm_d_r4_attention::tests::source_frame_permutation_breaks_the_coherent_identity ... ok
fast build + product smoke	cargo test --workspace --lib	2026-09-30T16:53:44.1632938Z test native_geometric::action_emission_tests::native_action_emission_conflict_check_keeps_jointly_acceptable_alternatives ... ok
fast build + product smoke	cargo test --workspace --lib	2026-09-30T16:53:44.1648469Z test h4_spin_frame_sidecar::tests::canonical_sidecar_binds_every_registered_frame_and_product ... ok
fast build + product smoke	cargo test --workspace --lib	2026-09-30T16:53:46.3279972Z test canonical_lexical_ingestion::tests::global_exact_spin_snapshot_view_is_read_only ... ok
fast build + product smoke	cargo test --workspace --lib	2026-09-30T16:53:46.3478401Z test native_geometric::adaptive_attention::data::tests::mixed_depth_pairs_are_balanced_and_cover_link_domain ... ok
fast build + product smoke	cargo test --workspace --lib	2026-09-30T16:53:46.3668365Z test native_geometric::adaptive_attention::data::tests::validator_rejects_wrong_depth_and_changed_distractor ... ok
fast build + product smoke	cargo test --workspace --lib	2026-09-30T16:53:46.3688574Z test native_geometric::adaptive_attention::report::adaptive_attention_learning_report ... ignored, single bounded mixed-depth fit; requires exclusive report and pinned parent
fast build + product smoke	cargo test --workspace --lib	2026-09-30T16:53:46.7139854Z test native_geometric::action_emission_tests::native_action_emission_tags_preserve_legacy_add_and_exact_read_roles ... ok
fast build + product smoke	cargo test --workspace --lib	2026-09-30T16:53:46.7338787Z test native_geometric::action_emission_tests::native_action_emission_subset_fit_rejects_mask_and_freezes_inherited_parameters ... ok
fast build + product smoke	cargo test --workspace --lib	2026-09-30T16:53:46.8274063Z test native_geometric::adaptive_attention::report::artifact_and_loop_bounds ... ok
fast build + product smoke	cargo test --workspace --lib	2026-09-30T16:53:47.0579389Z test native_geometric::action_emission_tests::native_action_emission_erasure_changes_only_action_context_and_preserves_cursor ... ok
fast build + product smoke	cargo test --workspace --lib	2026-09-30T16:53:47.0608418Z test native_geometric::addressed_attention::causal_credit::tests::causal_post_ce_offer_excludes_current_but_keeps_actual_publication_future ... ok
fast build + product smoke	cargo test --workspace --lib	2026-09-30T16:53:47.0618690Z test native_geometric::addressed_attention::causal_credit::tests::causal_pre_ce_event_keeps_current_loss_analytic_expectation ... ok
fast build + product smoke	cargo test --workspace --lib	2026-09-30T16:53:47.0638403Z test native_geometric::addressed_attention::causal_credit::tests::causal_same_boundary_loo_excludes_prior_loss_and_own_baseline ... ok
fast build + product smoke	cargo test --workspace --lib	2026-09-30T16:53:47.5091775Z test native_geometric::addressed_attention::artifact::tests::canonical_geometry_byte_endpoints_group_scores_and_predicates ... ok
fast build + product smoke	cargo test --workspace --lib	2026-09-30T16:53:47.7928087Z test native_geometric::addressed_attention::causal_learner::tests::causal_checkpoint_preserves_bits_and_refuses_cross_codec_or_source ... ok
fast build + product smoke	cargo test --workspace --lib	2026-09-30T16:53:47.7959711Z test native_geometric::addressed_attention::causal_pilot::causal_pilot_fit_report ... ignored, one capped pilot fit; exclusive report root and projected allowance required
fast build + product smoke	cargo test --workspace --lib	2026-09-30T16:53:47.7978795Z test native_geometric::addressed_attention::causal_pilot_eval::causal_pilot_evaluation_report ... ignored, saved causal fit evaluation; exclusive report root and recorded allowance required
fast build + product smoke	cargo test --workspace --lib	2026-09-30T16:53:47.8028511Z test native_geometric::addressed_attention::causal_pilot_eval::causal_pilot_retention_detects_symbol_and_generation_losses_independently ... ok
fast build + product smoke	cargo test --workspace --lib	2026-09-30T16:53:47.8058427Z test native_geometric::addressed_attention::causal_report::frozen_causal_credit_report ... ignored, one projected frozen32-batch paired credit comparison
fast build + product smoke	cargo test --workspace --lib	2026-09-30T16:53:47.8068425Z test native_geometric::addressed_attention::circuit::tests::addressed_circuit_every_input_reaches_output_and_lowering_matches ... ok
fast build + product smoke	cargo test --workspace --lib	2026-09-30T16:53:47.8098535Z test native_geometric::addressed_attention::circuit::tests::addressed_circuit_offline_sampler_visits_actual_rows_and_replays ... ok
fast build + product smoke	cargo test --workspace --lib	2026-09-30T16:53:47.8118220Z test native_geometric::addressed_attention::circuit::tests::addressed_circuit_reused_rows_request_new_decisions ... ok
fast build + product smoke	cargo test --workspace --lib	2026-09-30T16:53:47.8168327Z test native_geometric::addressed_attention::circuit::tests::addressed_export_modes_masks_ties_roundtrip_and_refusals ... ok
fast build + product smoke	cargo test --workspace --lib	2026-09-30T16:53:48.0909190Z test native_geometric::addressed_attention::engine::tests::cached_prediction_no_target_and_unknown_id_transactionality ... ok
fast build + product smoke	cargo test --workspace --lib	2026-09-30T16:53:48.1298982Z test native_geometric::addressed_attention::causal_learner::tests::causal_checkpoint_rejects_resealed_bad_values_and_experiment_identity ... ok
fast build + product smoke	cargo test --workspace --lib	2026-09-30T16:53:48.1609201Z test native_geometric::addressed_attention::artifact::tests::canonical_model_roundtrip_and_strict_envelope_fail_closed ... ok
fast build + product smoke	cargo test --workspace --lib	2026-09-30T16:53:48.4399231Z test native_geometric::addressed_attention::engine::tests::null_ties_legal_extent_turn_and_policy_error_rollback ... ok
fast build + product smoke	cargo test --workspace --lib	2026-09-30T16:53:48.5218847Z test native_geometric::addressed_attention::engine::tests::eos_and_prepared_action_stamps_and_snapshot_root_consistency ... ok
fast build + product smoke	cargo test --workspace --lib	2026-09-30T16:53:48.5278389Z test native_geometric::addressed_attention::engine::tests::prepared_overflow_masks_match_checked_scalar_domain ... ok
fast build + product smoke	cargo test --workspace --lib	2026-09-30T16:53:48.5638840Z test native_geometric::addressed_attention::engine::tests::input_runs_observe_key_with_native_byte_phases ... ok
fast build + product smoke	cargo test --workspace --lib	2026-09-30T16:53:48.5668140Z test native_geometric::addressed_attention::inputs::tests::addressed_inputs_stage_masks_and_reserved_bits ... ok
fast build + product smoke	cargo test --workspace --lib	2026-09-30T16:53:48.7799081Z test native_geometric::addressed_attention::engine::tests::snapshot_resume_full_ring_pending_and_session_reset ... ok
fast build + product smoke	cargo test --workspace --lib	2026-09-30T16:53:48.8398817Z test native_geometric::addressed_attention::engine::tests::ordered_two_read_arithmetic_emit_and_same_key_publication ... ok
fast build + product smoke	cargo test --workspace --lib	2026-09-30T16:53:49.0938688Z test native_geometric::addressed_attention::learner::tests::sgd_preserves_parent_and_updates_unclipped_with_descent_sign ... ok
fast build + product smoke	cargo test --workspace --lib	2026-09-30T16:53:49.0998184Z test native_geometric::addressed_attention::objects::tests::cached_offers_unknown_ids_and_external_ingestion ... ok
fast build + product smoke	cargo test --workspace --lib	2026-09-30T16:53:49.1078166Z test native_geometric::addressed_attention::objects::tests::canonical_scalars_and_ordered_arithmetic ... ok
fast build + product smoke	cargo test --workspace --lib	2026-09-30T16:53:49.1108250Z test native_geometric::addressed_attention::objects::tests::full_snapshot_results_reuse_and_forged_retained_payload_rejected ... ok
fast build + product smoke	cargo test --workspace --lib	2026-09-30T16:53:49.1138204Z test native_geometric::addressed_attention::objects::tests::lease_byte_never_overrides_emission_and_mismatch_cancels ... ok
fast build + product smoke	cargo test --workspace --lib	2026-09-30T16:53:49.1168159Z test native_geometric::addressed_attention::objects::tests::occurrences_extents_duplicates_and_owned_eviction ... ok
fast build + product smoke	cargo test --workspace --lib	2026-09-30T16:53:49.1198302Z test native_geometric::addressed_attention::objects::tests::partial_mismatch_eos_clear_and_repeated_byte_do_not_publish ... ok
fast build + product smoke	cargo test --workspace --lib	2026-09-30T16:53:49.1218491Z test native_geometric::addressed_attention::objects::tests::resident_cross_session_namespace_collision_is_rejected ... ok
fast build + product smoke	cargo test --workspace --lib	2026-09-30T16:53:49.1278236Z test native_geometric::addressed_attention::objects::tests::result_publication_requires_final_ack_and_same_key_once ... ok
fast build + product smoke	cargo test --workspace --lib	2026-09-30T16:53:49.1308175Z test native_geometric::addressed_attention::objects::tests::turn_reset_counter_bounds_and_snapshot_strictness ... ok
fast build + product smoke	cargo test --workspace --lib	2026-09-30T16:53:49.4189750Z test native_geometric::addressed_attention::causal_credit::tests::causal_paired_batch_preserves_actual_old_paths_losses_direct_and_gradient ... ok
fast build + product smoke	cargo test --workspace --lib	2026-09-30T16:53:49.6917943Z test native_geometric::addressed_attention::learner::tests::checkpoint_bitwise_roundtrip_and_resealed_invalid_payloads_rejected ... ok
fast build + product smoke	cargo test --workspace --lib	2026-09-30T16:53:49.6919913Z test native_geometric::addressed_attention::offline::tests::frozen_forward_backward_report ... ignored, requires an exclusive report path and the recorded dry-run allowance
fast build + product smoke	cargo test --workspace --lib	2026-09-30T16:53:49.7872852Z test native_geometric::addressed_attention::offline::tests::current_target_affects_only_direct_ce_not_offer_or_path_scores ... ok
fast build + product smoke	cargo test --workspace --lib	2026-09-30T16:53:49.7874347Z test native_geometric::addressed_attention::pilot::tests::pilot_evaluation_report ... ignored, evaluation of the one sealed pilot fit; exclusive new report root required
fast build + product smoke	cargo test --workspace --lib	2026-09-30T16:53:49.7908996Z test native_geometric::addressed_attention::pilot::tests::pilot_fit_report ... ignored, one capped pilot fit; exclusive report root and projected allowance required
fast build + product smoke	cargo test --workspace --lib	2026-09-30T16:53:49.7928470Z test native_geometric::addressed_attention::pilot::tests::pilot_gate_rejects_a_retained_symbol_regression_despite_aggregate_improvement ... ok
fast build + product smoke	cargo test --workspace --lib	2026-09-30T16:53:49.7958200Z test native_geometric::addressed_attention::pilot_data::tests::pilot_digest_binds_every_field_and_order ... ok
fast build + product smoke	cargo test --workspace --lib	2026-09-30T16:53:49.7988125Z test native_geometric::addressed_attention::pilot_data::tests::pilot_fixed_window_split_and_oracle_forms ... ok
fast build + product smoke	cargo test --workspace --lib	2026-09-30T16:53:49.7989812Z test native_geometric::addressed_attention::pilot_data::tests::pilot_ordered_scalar_targets_and_complete_programs ... ok
fast build + product smoke	cargo test --workspace --lib	2026-09-30T16:53:50.0549278Z test native_geometric::addressed_attention::offline::tests::complete_deterministic_parameter_export_trace_and_pending_snapshot_parity ... ok
fast build + product smoke	cargo test --workspace --lib	2026-09-30T16:53:50.0568587Z test native_geometric::addressed_attention::stability_report::frozen_stability_report ... ignored, one projected zero-update32-batch diagnostic, exclusive report root
fast build + product smoke	cargo test --workspace --lib	2026-09-30T16:53:50.0598427Z test native_geometric::addressed_attention::stability_report::stability_family_partition_is_exact_and_head_aligned ... ok
fast build + product smoke	cargo test --workspace --lib	2026-09-30T16:53:50.0618320Z test native_geometric::addressed_attention::stability_stats::tests::stability_identical_and_opposite_vectors_preserve_signed_signal ... ok
fast build + product smoke	cargo test --workspace --lib	2026-09-30T16:53:50.0628389Z test native_geometric::addressed_attention::stability_stats::tests::stability_orthogonal_vectors_have_known_covariance ... ok
fast build + product smoke	cargo test --workspace --lib	2026-09-30T16:53:50.0658248Z test native_geometric::addressed_attention::stability_stats::tests::stability_rejected_samples_are_transactional ... ok
fast build + product smoke	cargo test --workspace --lib	2026-09-30T16:53:50.0688345Z test native_geometric::addressed_attention::stability_stats::tests::stability_zero_vectors_count_for_variance_but_not_directions ... ok
fast build + product smoke	cargo test --workspace --lib	2026-09-30T16:53:50.3169198Z test native_geometric::addressed_attention::pilot::tests::controls_disable_reads_mask_only_declared_fields_and_preserve_export_interpretation ... ok
fast build + product smoke	cargo test --workspace --lib	2026-09-30T16:53:50.3200427Z test native_geometric::addressed_attention::training::tests::invocation_rng_masks_normalized_ce_and_invalid_inputs ... ok
fast build + product smoke	cargo test --workspace --lib	2026-09-30T16:53:50.3209959Z test native_geometric::addressed_attention::training::tests::late_offered_symbol_direct_and_future_score_have_same_mean_normalization ... ok
fast build + product smoke	cargo test --workspace --lib	2026-09-30T16:53:50.3215947Z test native_geometric::addressed_attention::learner::tests::terminal_eos_batch_scores_every_position_and_keeps_parameters_frozen ... ok
fast build + product smoke	cargo test --workspace --lib	2026-09-30T16:53:50.3258397Z test native_geometric::addressed_attention::training::tests::serial_four_particle_loo_matches_explicit_and_rejects_mutated_parameters ... ok
fast build + product smoke	cargo test --workspace --lib	2026-09-30T16:53:50.4989007Z test native_geometric::addressed_attention::training::tests::hard_h4_changed_source_shared_row_exact_credit_and_exports ... ok
fast build + product smoke	cargo test --workspace --lib	2026-09-30T16:53:50.5018253Z test native_geometric::anchors::tests::coefficient_sign_uses_exact_golden_comparison_and_checked_bounds ... ok
fast build + product smoke	cargo test --workspace --lib	2026-09-30T16:53:50.5768966Z test native_geometric::anchors::tests::all_roots_retain_exact_paired_inverse_and_unit_radius ... ok
fast build + product smoke	cargo test --workspace --lib	2026-09-30T16:53:50.5798541Z test native_geometric::completion_runtime_tests::native_completion_postings_and_sparse_score_work_have_fixed_bounds ... ok
fast build + product smoke	cargo test --workspace --lib	2026-09-30T16:53:50.9948984Z test native_geometric::anchors::tests::exact_signed_heatmap_preserves_antipodes_and_projection_scope ... ok
fast build + product smoke	cargo test --workspace --lib	2026-09-30T16:53:51.0298719Z test native_geometric::anchors::tests::anchor_classes_and_wire_roundtrip_are_deterministic_and_bound_to_root_order ... ok
fast build + product smoke	cargo test --workspace --lib	2026-09-30T16:53:52.1199389Z test native_geometric::completion_runtime_tests::native_completion_requires_the_observed_final_digit_and_uses_actual_suffix_history ... ok
fast build + product smoke	cargo test --workspace --lib	2026-09-30T16:53:52.1228498Z test native_geometric::current_query_handoff::committed_scope_tests::current_query_committed_scope_includes_noncurrent_records_and_ignores_spelling ... ok
fast build + product smoke	cargo test --workspace --lib	2026-09-30T16:53:52.1238698Z test native_geometric::current_query_handoff::committed_scope_tests::current_query_committed_scope_keeps_existing_boundary_and_handles_no_records ... ok
fast build + product smoke	cargo test --workspace --lib	2026-09-30T16:53:52.1268581Z test native_geometric::current_query_handoff::committed_scope_tests::current_query_committed_scope_keeps_later_words_in_same_token_and_span_terminal ... ok
fast build + product smoke	cargo test --workspace --lib	2026-09-30T16:53:52.1298344Z test native_geometric::current_query_handoff::committed_scope_tests::current_query_source_byte_ordinal_survives_turn_end ... ok
fast build + product smoke	cargo test --workspace --lib	2026-09-30T16:53:52.1343531Z test native_geometric::current_query_handoff::lexical_tests::current_query_lexical_codes_reject_unknown_primes_and_bad_shapes ... ok
fast build + product smoke	cargo test --workspace --lib	2026-09-30T16:53:52.1358671Z test native_geometric::current_query_handoff::lexical_tests::current_query_lexical_dictionary_requires_canonical_primes_order_and_padding ... ok
fast build + product smoke	cargo test --workspace --lib	2026-09-30T16:53:52.1398423Z test native_geometric::current_query_handoff::lexical_tests::current_query_lexical_option_preserves_legacy_wire_shape ... ok
fast build + product smoke	cargo test --workspace --lib	2026-09-30T16:53:52.1418279Z test native_geometric::current_source::tests::current_source_assert_conflict_and_ambiguous_records_have_no_hint ... ok
fast build + product smoke	cargo test --workspace --lib	2026-09-30T16:53:52.1448352Z test native_geometric::current_source::tests::current_source_exact_occurrence_and_previous_chain_are_distinct_from_spelling ... ok
fast build + product smoke	cargo test --workspace --lib	2026-09-30T16:53:52.1449566Z test native_geometric::current_source::tests::current_source_freezes_every_parent_root_landmark_bias_and_namespace ... ok
fast build + product smoke	cargo test --workspace --lib	2026-09-30T16:53:52.1450729Z test native_geometric::current_source::tests::current_source_hints_join_ordered_query_primes_without_owner_identity_hash ... ok
fast build + product smoke	cargo test --workspace --lib	2026-09-30T16:53:52.1451889Z test native_geometric::current_source::tests::current_source_targets_and_configuration_are_explicit_and_bounded ... ok
fast build + product smoke	cargo test --workspace --lib	2026-09-30T16:53:52.1452969Z test native_geometric::current_source::tests::current_source_witness_preserves_parent_router_and_wire_shape ... ok
fast build + product smoke	cargo test --workspace --lib	2026-09-30T16:53:52.1454047Z test native_geometric::dependent_attention::data::tests::paired_dependent_corpus_is_balanced_and_causal ... ok
fast build + product smoke	cargo test --workspace --lib	2026-09-30T16:53:52.1478545Z test native_geometric::dependent_attention::data::tests::update_requires_both_query_coordinates_and_payload ... ok
fast build + product smoke	cargo test --workspace --lib	2026-09-30T16:53:52.1538572Z test native_geometric::completion_runtime_tests::native_completion_raw_response_fit_learns_suffix_and_stop_without_repairing_wrong_numbers ... ok
fast build + product smoke	cargo test --workspace --lib	2026-09-30T16:53:52.1578297Z test native_geometric::dependent_attention::data::tests::validation_rejects_changed_oracle_and_pair_pollution ... ok
fast build + product smoke	cargo test --workspace --lib	2026-09-30T16:53:52.1579795Z test native_geometric::dependent_attention::report::dependent_attention_learning_report ... ignored, bounded actual dependent-query fit; requires exclusive report and pinned reader paths
fast build + product smoke	cargo test --workspace --lib	2026-09-30T16:53:52.1608192Z test native_geometric::dependent_attention::runtime::tests::learned_update_has_both_dependencies_and_order ... ok
fast build + product smoke	cargo test --workspace --lib	2026-09-30T16:53:52.2178796Z test native_geometric::dependent_language::completion_data::tests::completion_oracle_separates_terminal_from_unresolved_and_rejects_prefix_damage ... ok
fast build + product smoke	cargo test --workspace --lib	2026-09-30T16:53:52.2208503Z test native_geometric::dependent_language::completion_diagnostic::continuation_completion_diagnostic ... ignored, Measure frozen continuation completion; no fit or correction
fast build + product smoke	cargo test --workspace --lib	2026-09-30T16:53:52.2608585Z test native_geometric::dependent_language::completion_learning::tests::split_keeps_whole_matched_families_and_disjoint_cohorts ... ok
fast build + product smoke	cargo test --workspace --lib	2026-09-30T16:53:52.2638511Z test native_geometric::dependent_language::completion_report::typed_language_completion_report ... ignored, Learn typed completion with frozen reader; exclusive report
fast build + product smoke	cargo test --workspace --lib	2026-09-30T16:53:52.4805389Z test native_geometric::dependent_attention::report::update_artifact_rejects_corruption ... ok
fast build + product smoke	cargo test --workspace --lib	2026-09-30T16:53:52.4828214Z test native_geometric::dependent_language::contextual_role::tests::test_contextual_role_edge_cases ... ok
fast build + product smoke	cargo test --workspace --lib	2026-09-30T16:53:52.6438527Z test native_geometric::dependent_language::contextual_role::tests::test_contextual_role_distinguishes_auxiliary_from_proper_name_content ... ok
fast build + product smoke	cargo test --workspace --lib	2026-09-30T16:53:52.6478387Z test native_geometric::dependent_language::correspondence::tests::content_adjacency_retains_order_and_repeated_occurrence_gaps ... ok
fast build + product smoke	cargo test --workspace --lib	2026-09-30T16:53:52.6504688Z test native_geometric::dependent_language::correspondence::tests::learned_context_and_unmatched_positions_break_runs_without_global_monotonicity ... ok
fast build + product smoke	cargo test --workspace --lib	2026-09-30T16:53:52.7171609Z test native_geometric::dependent_language::contextual_role::tests::test_contextual_role_with_trust_predicate_verb ... ok
fast build + product smoke	cargo test --workspace --lib	2026-09-30T16:53:52.7180034Z test native_geometric::dependent_language::correspondence::tests::source_projection_skips_only_inherited_context_and_retains_raw_order ... ok
fast build + product smoke	cargo test --workspace --lib	2026-09-30T16:53:52.7209586Z test native_geometric::dependent_language::correspondence_diagnostic::correspondence_representation_diagnostic ... ignored, bounded no-fit correspondence representation diagnostic
fast build + product smoke	cargo test --workspace --lib	2026-09-30T16:53:52.7211751Z test native_geometric::dependent_language::correspondence_learning::tests::bounded_proposals_preserve_parent_and_single_witness_admission ... ok
fast build + product smoke	cargo test --workspace --lib	2026-09-30T16:53:52.7258478Z test native_geometric::dependent_language::correspondence_report::ordered_correspondence_qualification ... ignored, bounded actual-artifact occurrence qualification
fast build + product smoke	cargo test --workspace --lib	2026-09-30T16:53:52.7992739Z test native_geometric::dependent_language::data::tests::dependent_corpus_checks_two_read_causality_and_rejects_path_or_unrelated_edits ... ok
fast build + product smoke	cargo test --workspace --lib	2026-09-30T16:53:52.8212386Z test native_geometric::dependent_language::depth_data::tests::depth_transfer_oracle_rejects_stale_intermediate_and_unrelated_intervention ... ok
fast build + product smoke	cargo test --workspace --lib	2026-09-30T16:53:52.8218873Z test native_geometric::dependent_language::depth_report::third_language_read_report ... ignored, Frozen-parameter third language read; exclusive report
fast build + product smoke	cargo test --workspace --lib	2026-09-30T16:53:53.1638954Z test native_geometric::dependent_language::correspondence::tests::malformed_shapes_and_artifact_headers_are_rejected ... ok
fast build + product smoke	cargo test --workspace --lib	2026-09-30T16:53:53.1668816Z test native_geometric::dependent_language::independent_neighbor_report::independent_neighbor_evaluate_report ... ignored, evaluate sealed independent panel once with unchanged artifact and retained controls
fast build + product smoke	cargo test --workspace --lib	2026-09-30T16:53:53.1698337Z test native_geometric::dependent_language::independent_neighbor_report::independent_neighbor_environment_fixed_seed ... ok
fast build + product smoke	cargo test --workspace --lib	2026-09-30T16:53:53.1728609Z test native_geometric::dependent_language::independent_neighbor_report::independent_neighbor_prepare_report ... ignored, prepare and seal independent data after acceptance freeze; no model decode
fast build + product smoke	cargo test --workspace --lib	2026-09-30T16:53:53.1798515Z test native_geometric::dependent_language::joint_learning::tests::shared_induction_refuses_erased_distinctions_and_preserves_latent_positives ... ok
fast build + product smoke	cargo test --workspace --lib	2026-09-30T16:53:53.1838589Z test native_geometric::dependent_language::joint_report::shared_language_output_credit_report ... ignored, Shared final-output reader and update credit; exclusive source-bound report
fast build + product smoke	cargo test --workspace --lib	2026-09-30T16:53:53.1888412Z test native_geometric::dependent_language::lexical_role_report::lexical_role_reuse ... ignored, bounded unchanged-artifact lexical role diagnostic
fast build + product smoke	cargo test --workspace --lib	2026-09-30T16:53:53.1948325Z test native_geometric::dependent_language::lexical_role_report::role_oracle_preserves_consistent_identity_and_answer_interventions ... ok
fast build + product smoke	cargo test --workspace --lib	2026-09-30T16:53:53.1978322Z test native_geometric::dependent_language::neighbor_transfer_report::neighbor_continuation_changes_only_second_hop_availability ... ok
fast build + product smoke	cargo test --workspace --lib	2026-09-30T16:53:53.2008378Z test native_geometric::dependent_language::neighbor_transfer_report::neighbor_substitution_preserves_role_tokens_and_punctuation ... ok
fast build + product smoke	cargo test --workspace --lib	2026-09-30T16:53:53.2068629Z test native_geometric::dependent_language::neighbor_transfer_report::unchanged_neighbor_transfer_report ... ignored, bounded unchanged-artifact lexical-neighbor transfer and retained controls
fast build + product smoke	cargo test --workspace --lib	2026-09-30T16:53:53.2128312Z test native_geometric::dependent_language::occurrence::tests::exhaustive_correspondence_limit_returns_error_not_partial_offers ... ok
fast build + product smoke	cargo test --workspace --lib	2026-09-30T16:53:53.2158233Z test native_geometric::dependent_language::occurrence::tests::identical_endpoints_use_query_order_in_both_roles ... ok
fast build + product smoke	cargo test --workspace --lib	2026-09-30T16:53:53.2178340Z test native_geometric::dependent_language::occurrence::tests::overlapping_text_keeps_answer_occurrences_out_of_known_context ... ok
fast build + product smoke	cargo test --workspace --lib	2026-09-30T16:53:53.2238489Z test native_geometric::dependent_language::occurrence::tests::repeated_query_occurrences_require_distinct_source_occurrences ... ok
fast build + product smoke	cargo test --workspace --lib	2026-09-30T16:53:53.2278255Z test native_geometric::dependent_language::occurrence::tests::witnesses_do_not_mix_features_or_multiply_one_offer ... ok
fast build + product smoke	cargo test --workspace --lib	2026-09-30T16:53:53.2308501Z test native_geometric::dependent_language::occurrence_collision::occurrence_proposal_collision_diagnostic ... ignored, bounded actual-artifact proposal collision diagnostic
fast build + product smoke	cargo test --workspace --lib	2026-09-30T16:53:53.2368310Z test native_geometric::dependent_language::occurrence_data::tests::occurrence_oracle_preserves_repetition_roles_and_interventions ... ok
fast build + product smoke	cargo test --workspace --lib	2026-09-30T16:53:53.2398321Z test native_geometric::dependent_language::occurrence_learning::tests::bounded_proposals_preserve_parent_and_single_witness_admission ... ok
fast build + product smoke	cargo test --workspace --lib	2026-09-30T16:53:53.2458531Z test native_geometric::dependent_language::occurrence_qualification::occurrence_correspondence_qualification ... ignored, bounded actual-artifact occurrence qualification
fast build + product smoke	cargo test --workspace --lib	2026-09-30T16:53:53.2488420Z test native_geometric::dependent_language::occurrence_report::occurrence_correspondence_diagnostic ... ignored, bounded actual-artifact occurrence diagnostic
fast build + product smoke	cargo test --workspace --lib	2026-09-30T16:53:53.2538670Z test native_geometric::dependent_language::occurrence_role::tests::anchor_identity_preserves_the_boolean_collision ... ok
fast build + product smoke	cargo test --workspace --lib	2026-09-30T16:53:53.2568744Z test native_geometric::completion_runtime_tests::native_completion_single_digit_stop_disabled_controls_and_step_cap_are_causal ... ok
fast build + product smoke	cargo test --workspace --lib	2026-09-30T16:53:53.2618522Z test native_geometric::dependent_language::occurrence_role::tests::frozen_query_patterns_preserve_unknown_and_conflicting_support ... ok
fast build + product smoke	cargo test --workspace --lib	2026-09-30T16:53:53.2668510Z test native_geometric::dependent_language::occurrence_role::tests::learned_patterns_recombine_neighbors_without_overriding_conflicts ... ok
fast build + product smoke	cargo test --workspace --lib	2026-09-30T16:53:53.2708397Z test native_geometric::dependent_language::occurrence_role::tests::neighbor_projection_preserves_center_and_negative_credit ... ok
fast build + product smoke	cargo test --workspace --lib	2026-09-30T16:53:53.2738355Z test native_geometric::dependent_language::occurrence_role::tests::paired_pattern_ambiguity_blocks_wildcards_without_becoming_a_label ... ok
fast build + product smoke	cargo test --workspace --lib	2026-09-30T16:53:53.2739687Z test native_geometric::dependent_language::occurrence_role::tests::paired_roles_join_endpoints_before_complementary_credit ... ok
fast build + product smoke	cargo test --workspace --lib	2026-09-30T16:53:53.2768227Z test native_geometric::dependent_language::occurrence_role::tests::paired_roles_keep_equal_byte_ambiguity_uncredited ... ok
fast build + product smoke	cargo test --workspace --lib	2026-09-30T16:53:53.2798300Z test native_geometric::dependent_language::occurrence_role::tests::source_rule_selection_counts_regressions_separately_from_net_gain ... ok
fast build + product smoke	cargo test --workspace --lib	2026-09-30T16:53:53.2828350Z test native_geometric::dependent_language::occurrence_role::tests::unknown_neighbor_induction_keeps_specific_rules_before_pruning ... ok
fast build + product smoke	cargo test --workspace --lib	2026-09-30T16:53:53.2858358Z test native_geometric::dependent_language::occurrence_role::tests::unsupported_source_views_block_extrapolation_without_erasing_exact_credit ... ok
fast build + product smoke	cargo test --workspace --lib	2026-09-30T16:53:53.2888472Z test native_geometric::dependent_language::occurrence_role_report::learned_occurrence_roles ... ignored, bounded learned occurrence role fit and actual generation qualification
fast build + product smoke	cargo test --workspace --lib	2026-09-30T16:53:53.2918422Z test native_geometric::dependent_language::occurrence_role_report::occurrence_role_raw_corpus_has_mixed_occurrences_and_independent_training ... ok
fast build + product smoke	cargo test --workspace --lib	2026-09-30T16:53:53.3968744Z test native_geometric::dependent_language::independent_neighbor_report::independent_neighbor_exclusion_and_failure_are_pre_model ... ok
fast build + product smoke	cargo test --workspace --lib	2026-09-30T16:53:53.3988299Z test native_geometric::dependent_language::phrase::tests::phrase_splice_keeps_exact_bytes_and_old_word_contract ... ok
fast build + product smoke	cargo test --workspace --lib	2026-09-30T16:53:53.4590225Z test native_geometric::dependent_language::phrase_data::tests::whole_phrase_oracle_rejects_truncation_and_unrelated_intervention ... ok
fast build + product smoke	cargo test --workspace --lib	2026-09-30T16:53:53.4628513Z test native_geometric::dependent_language::phrase_order_report::phrase_order_identity ... ignored, bounded unchanged-artifact phrase-order diagnostic
fast build + product smoke	cargo test --workspace --lib	2026-09-30T16:53:53.4648273Z test native_geometric::dependent_language::phrase_order_report::raw_oracle_distinguishes_order_gaps_and_conflicts ... ok
fast build + product smoke	cargo test --workspace --lib	2026-09-30T16:53:53.4649704Z test native_geometric::dependent_language::phrase_report::whole_phrase_query_update_report ... ignored, Execute whole-phrase update with frozen artifact; exclusive report
fast build + product smoke	cargo test --workspace --lib	2026-09-30T16:53:53.4651177Z test native_geometric::dependent_language::query_participation::tests::ambiguous_uncredited_keys_block_positive_wildcards ... ok
fast build + product smoke	cargo test --workspace --lib	2026-09-30T16:53:53.4678410Z test native_geometric::dependent_language::query_participation::tests::contradictory_support_blocks_optional_and_replacement_generalization ... ok
fast build + product smoke	cargo test --workspace --lib	2026-09-30T16:53:53.4680224Z test native_geometric::dependent_language::query_participation::tests::query_identity_and_neighbor_roles_remain_distinct ... ok
fast build + product smoke	cargo test --workspace --lib	2026-09-30T16:53:53.4708419Z test native_geometric::dependent_language::query_participation::tests::unknown_centers_and_duplicate_or_out_of_range_rows_are_invalid ... ok
fast build + product smoke	cargo test --workspace --lib	2026-09-30T16:53:53.4748612Z test native_geometric::dependent_language::query_participation_report::learned_query_participation_report ... ignored, bounded output-credit fit and query-participation qualification
fast build + product smoke	cargo test --workspace --lib	2026-09-30T16:53:53.4798495Z test native_geometric::dependent_language::query_participation_report::query_participation_training_has_independent_answers_and_causal_distractors ... ok
fast build + product smoke	cargo test --workspace --lib	2026-09-30T16:53:53.4800253Z test native_geometric::dependent_language::query_participation_report::same_identity_participation_probe ... ignored, unchanged fitted artifact: optional and required same-identity occurrences
fast build + product smoke	cargo test --workspace --lib	2026-09-30T16:53:53.4828512Z test native_geometric::dependent_language::report::dependent_language_learning_report ... ignored, Final-output-trained query update with pinned parent and exclusive evidence
fast build + product smoke	cargo test --workspace --lib	2026-09-30T16:53:53.4858384Z test native_geometric::dependent_language::role_transfer_report::role_transfer_raw_corpus_is_independent_and_source_interventions_are_bounded ... ok
fast build + product smoke	cargo test --workspace --lib	2026-09-30T16:53:53.4868487Z test native_geometric::dependent_language::role_transfer_report::unchanged_role_transfer_report ... ignored, bounded unchanged-artifact role transfer and coverage diagnostic
fast build + product smoke	cargo test --workspace --lib	2026-09-30T16:53:53.4869885Z test native_geometric::dependent_language::runtime::tests::raw_question_boundary_is_explicit_and_bounded ... ok
fast build + product smoke	cargo test --workspace --lib	2026-09-30T16:53:53.4968739Z test native_geometric::dependent_language::phrase::tests::later_phrase_component_and_order_rebind_canonical_query ... ok
fast build + product smoke	cargo test --workspace --lib	2026-09-30T16:53:53.5271161Z test native_geometric::dependent_language::occurrence_role::tests::anchor_migration_uses_exact_words_and_preserves_markers ... ok
fast build + product smoke	cargo test --workspace --lib	2026-09-30T16:53:53.5298833Z test native_geometric::dependent_language::schedule_report::shared_language_scheduling_report ... ignored, Learn shared raw-language action policy; exclusive source-bound report
fast build + product smoke	cargo test --workspace --lib	2026-09-30T16:53:53.5308437Z test native_geometric::dependent_language::scheduling::tests::mixed_question_protocol_has_no_target_depth_argument ... ok
fast build + product smoke	cargo test --workspace --lib	2026-09-30T16:53:53.5358380Z test native_geometric::dependent_language::span::tests::span_extent_retains_coverage_and_excludes_matched_words ... ok
fast build + product smoke	cargo test --workspace --lib	2026-09-30T16:53:53.6449473Z test native_geometric::addressed_attention::stability::tests::instrumented_credit_matches_original_batch_and_target_cannot_change_its_context ... ok
fast build + product smoke	cargo test --workspace --lib	2026-09-30T16:53:53.7019041Z test native_geometric::dependent_language::schedule_data::tests::mixed_schedule_corpus_preserves_raw_inputs_and_one_or_two_read_paths ... ok
fast build + product smoke	cargo test --workspace --lib	2026-09-30T16:53:53.7318849Z test native_geometric::dependent_language::runtime::tests::splice_preserves_word_boundary_and_rebinds_geometric_occurrences ... ok
fast build + product smoke	cargo test --workspace --lib	2026-09-30T16:53:53.7334309Z test native_geometric::dependent_language::span_report::typed_language_span_report ... ignored, Refine learned boundary evidence with frozen span rules; exclusive report
fast build + product smoke	cargo test --workspace --lib	2026-09-30T16:53:53.7378542Z test native_geometric::dependent_language::styled_role_report::learned_styled_role_report ... ignored, bounded paired source/query role fits and retained-path qualification
fast build + product smoke	cargo test --workspace --lib	2026-09-30T16:53:53.7408292Z test native_geometric::dependent_language::styled_role_report::paired_styled_fact_endpoints_keep_names_separate_from_style ... ok
fast build + product smoke	cargo test --workspace --lib	2026-09-30T16:53:53.7468687Z test native_geometric::dependent_language::unknown_neighbor_report::unknown_neighbor_learning_report ... ignored, bounded training-only unknown-neighbor fit, actual generation and retained controls
fast build + product smoke	cargo test --workspace --lib	2026-09-30T16:53:53.7837764Z test native_geometric::dependent_language::span_boundary::credit_tests::unrelated_records_and_noncommon_latent_context_supply_no_credit ... ok
fast build + product smoke	cargo test --workspace --lib	2026-09-30T16:53:53.8008658Z test native_geometric::dependent_language::span_data::tests::span_oracle_rejects_wrong_boundaries_and_unrelated_source_edits ... ok
fast build + product smoke	cargo test --workspace --lib	2026-09-30T16:53:53.9759033Z test native_geometric::dependent_language::span_boundary::tests::answer_usage_overrides_context_role_and_extent_cannot_cross_barrier ... ok
fast build + product smoke	cargo test --workspace --lib	2026-09-30T16:53:54.5968771Z test native_geometric::durable_memory_tests::native_durable_memory_consolidation ... ok
fast build + product smoke	cargo test --workspace --lib	2026-09-30T16:53:54.5998762Z test native_geometric::durable_memory_tests::native_durable_memory_learned_relations_are_authoritative ... ignored, requires explicit retained artifact to verify learned relation persistence
fast build + product smoke	cargo test --workspace --lib	2026-09-30T16:53:54.6238812Z test native_geometric::dependent_read_tests::dependent_read_requires_current_exact_nonconflicting_intermediate_and_final_versions ... ok
fast build + product smoke	cargo test --workspace --lib	2026-09-30T16:53:54.8840064Z test native_geometric::durable_memory_tests::native_durable_memory_eviction_survivability ... ok
fast build + product smoke	cargo test --workspace --lib	2026-09-30T16:53:55.0028842Z test native_geometric::durable_memory_tests::native_durable_memory_cross_identity_isolation_in_store ... ok
fast build + product smoke	cargo test --workspace --lib	2026-09-30T16:53:55.4470618Z test native_geometric::durable_memory_tests::native_durable_memory_multi_turn_fact_retention_and_query ... ok
fast build + product smoke	cargo test --workspace --lib	2026-09-30T16:53:55.4518606Z test native_geometric::durable_memory_tests::native_durable_memory_scope_validation_and_isolation ... ok
fast build + product smoke	cargo test --workspace --lib	2026-09-30T16:53:55.6558828Z test native_geometric::durable_memory_tests::native_durable_memory_pronoun_antecedent_resolution ... ok
fast build + product smoke	cargo test --workspace --lib	2026-09-30T16:53:55.8452175Z test native_geometric::durable_memory_tests::native_durable_memory_restart_and_export_import_roundtrip ... ok
fast build + product smoke	cargo test --workspace --lib	2026-09-30T16:53:55.8980977Z test native_geometric::durable_memory_tests::native_durable_memory_rejects_truncating_fact_identity ... ok
fast build + product smoke	cargo test --workspace --lib	2026-09-30T16:53:55.8989446Z test native_geometric::engram::tests::test_engram_deep_linear_probe_retrieval ... ok
fast build + product smoke	cargo test --workspace --lib	2026-09-30T16:53:55.8992380Z test native_geometric::engram::tests::test_engram_deterministic_tie_breaking ... ok
fast build + product smoke	cargo test --workspace --lib	2026-09-30T16:53:55.9009408Z test native_geometric::engram::tests::test_engram_entry_size_and_memory_footprint ... ok
fast build + product smoke	cargo test --workspace --lib	2026-09-30T16:53:55.9028472Z test native_geometric::engram::tests::test_engram_from_sequences ... ok
fast build + product smoke	cargo test --workspace --lib	2026-09-30T16:53:55.9029284Z test native_geometric::engram::tests::test_engram_hashing ... ok
fast build + product smoke	cargo test --workspace --lib	2026-09-30T16:53:55.9030083Z test native_geometric::engram::tests::test_engram_table_insert_and_lookup ... ok
fast build + product smoke	cargo test --workspace --lib	2026-09-30T16:53:55.9031556Z test native_geometric::field_composition::tests::native_field_composition_balanced_query_association_removes_neutral_identities ... ok
fast build + product smoke	cargo test --workspace --lib	2026-09-30T16:53:55.9033000Z test native_geometric::field_composition::tests::native_field_composition_binds_occurrence_and_current_version_not_spelling ... ok
fast build + product smoke	cargo test --workspace --lib	2026-09-30T16:53:55.9034393Z test native_geometric::field_composition::tests::native_field_composition_namespace_and_offline_pieces_are_explicit ... ok
fast build + product smoke	cargo test --workspace --lib	2026-09-30T16:53:55.9035777Z test native_geometric::field_composition::tests::native_field_composition_persistent_and_recent_reads_share_exact_field_anchor ... ok
fast build + product smoke	cargo test --workspace --lib	2026-09-30T16:53:55.9037872Z test native_geometric::field_composition::tests::native_field_composition_rejects_ambiguity_conflict_dependency_and_changed_winner ... ok
fast build + product smoke	cargo test --workspace --lib	2026-09-30T16:53:55.9039390Z test native_geometric::field_composition::tests::native_field_composition_three_symbols_separate_is_in_and_preserve_exact_packing ... ok
fast build + product smoke	cargo test --workspace --lib	2026-09-30T16:53:55.9040803Z test native_geometric::field_composition::tests::native_historical_field_proof_is_optional_and_revalidated_with_work ... ok
fast build + product smoke	cargo test --workspace --lib	2026-09-30T16:53:56.4178619Z test native_geometric::durable_memory_tests::native_durable_memory_selective_forget_and_full_reset ... ok
fast build + product smoke	cargo test --workspace --lib	2026-09-30T16:53:56.6608914Z test native_geometric::durable_memory_tests::native_durable_memory_versioned_corrections_and_conflict_handling ... ok
fast build + product smoke	cargo test --workspace --lib	2026-09-30T16:53:56.7600168Z test native_geometric::durable_memory_tests::native_durable_memory_turn_execution_flow ... ok
fast build + product smoke	cargo test --workspace --lib	2026-09-30T16:54:00.6468885Z test native_geometric::general_prose_tests::native_general_prose_eos_stopping_decision ... ok
fast build + product smoke	cargo test --workspace --lib	2026-09-30T16:54:00.6478568Z test native_geometric::general_prose_tests::native_general_prose_causal_context_ablation ... ok
fast build + product smoke	cargo test --workspace --lib	2026-09-30T16:54:00.6480269Z test native_geometric::general_prose_tests::native_general_prose_continuous_multi_sentence_generation ... ok
fast build + product smoke	cargo test --workspace --lib	2026-09-30T16:54:00.6481464Z test native_geometric::general_prose_tests::native_general_prose_instruction_following_and_qa ... ok
fast build + product smoke	cargo test --workspace --lib	2026-09-30T16:54:00.6488327Z test native_geometric::general_prose_tests::native_general_prose_mixed_modality_stream ... ok
fast build + product smoke	cargo test --workspace --lib	2026-09-30T16:54:00.6500552Z test native_geometric::general_prose_tests::native_general_prose_unified_capability_coexistence ... ok
fast build + product smoke	cargo test --workspace --lib	2026-09-30T16:54:00.6511093Z test native_geometric::general_prose_tests::native_general_prose_vocabulary_and_punctuation_handling ... ok
fast build + product smoke	cargo test --workspace --lib	2026-09-30T16:54:00.6512265Z test native_geometric::groundedness_tests::explicit_calculator_preserves_integer_grammar ... ok
fast build + product smoke	cargo test --workspace --lib	2026-09-30T16:54:00.6539818Z test native_geometric::general_prose_tests::native_general_prose_repetition_entropy_and_diversity ... ok
fast build + product smoke	cargo test --workspace --lib	2026-09-30T16:54:00.6558382Z test native_geometric::general_prose_tests::native_general_prose_multi_domain_generation ... ok
fast build + product smoke	cargo test --workspace --lib	2026-09-30T16:54:01.4645022Z test native_geometric::groundedness_tests::native_groundedness_conflicting_fact_surfacing_and_resolution ... ok
fast build + product smoke	cargo test --workspace --lib	2026-09-30T16:54:01.4748126Z test native_geometric::groundedness_tests::native_groundedness_answerable_local_session_fact ... ok
fast build + product smoke	cargo test --workspace --lib	2026-09-30T16:54:01.4781049Z test native_geometric::groundedness_tests::native_groundedness_causal_source_intervention ... ok
fast build + product smoke	cargo test --workspace --lib	2026-09-30T16:54:01.8318949Z test native_geometric::general_prose_tests::native_general_prose_heterogeneous_curriculum_calibration ... ok
fast build + product smoke	cargo test --workspace --lib	2026-09-30T16:54:02.2898713Z test native_geometric::groundedness_tests::native_groundedness_distinct_refusal_modes ... ok
fast build + product smoke	cargo test --workspace --lib	2026-09-30T16:54:02.2928545Z test native_geometric::guarantees_tests::diagnostics_cannot_certify_unobserved_serving_or_saturated_arithmetic ... ok
fast build + product smoke	cargo test --workspace --lib	2026-09-30T16:54:02.2929740Z test native_geometric::guarantees_tests::test_artifact_integrity_witness_and_codec_separation ... ok
fast build + product smoke	cargo test --workspace --lib	2026-09-30T16:54:02.2958082Z test native_geometric::guarantees_tests::test_euler_hopf_bridge_and_chart_adapters ... ok
fast build + product smoke	cargo test --workspace --lib	2026-09-30T16:54:02.2978569Z test native_geometric::guarantees_tests::test_formal_claim_dossier_vocabulary_and_statuses ... ok
fast build + product smoke	cargo test --workspace --lib	2026-09-30T16:54:02.2979632Z test native_geometric::guarantees_tests::test_icosian_quaternion_inverse_witness ... ok
fast build + product smoke	cargo test --workspace --lib	2026-09-30T16:54:02.2980552Z test native_geometric::guarantees_tests::test_prohibited_wording_scanner ... ok
fast build + product smoke	cargo test --workspace --lib	2026-09-30T16:54:02.2981467Z test native_geometric::guarantees_tests::test_serving_operation_census_allowed_ops ... ok
fast build + product smoke	cargo test --workspace --lib	2026-09-30T16:54:02.2982492Z test native_geometric::guarantees_tests::test_serving_operation_census_rejects_forbidden_ops ... ok
fast build + product smoke	cargo test --workspace --lib	2026-09-30T16:54:02.2983474Z test native_geometric::guarantees_tests::test_zphi_fibonacci_recurrence_and_inverse ... ok
fast build + product smoke	cargo test --workspace --lib	2026-09-30T16:54:02.2984405Z test native_geometric::guarantees_tests::test_zphi_ring_exact_arithmetic ... ok
fast build + product smoke	cargo test --workspace --lib	2026-09-30T16:54:02.2985867Z test native_geometric::groundedness_tests::native_groundedness_supported_query_with_provenance ... ok
fast build + product smoke	cargo test --workspace --lib	2026-09-30T16:54:02.2988352Z test native_geometric::groundedness_tests::native_groundedness_dual_denominator_metrics ... ok
fast build + product smoke	cargo test --workspace --lib	2026-09-30T16:54:02.5889290Z test native_geometric::hamming_policy::artifact::tests::source_bound_parameter_artifact_round_trip_and_finite_intervention ... ok
fast build + product smoke	cargo test --workspace --lib	2026-09-30T16:54:02.5895236Z test native_geometric::hamming_policy::artifact::tests::parameter_checksum_unknown_fields_and_wire_limits_are_rejected ... ok
fast build + product smoke	cargo test --workspace --lib	2026-09-30T16:54:02.5933903Z test native_geometric::hamming_policy::artifact::tests::resealed_version_configuration_geometry_and_source_changes_are_rejected ... ok
fast build + product smoke	cargo test --workspace --lib	2026-09-30T16:54:02.6583983Z test native_geometric::groundedness_tests::native_groundedness_unsupported_query_calibrated_abstention ... ok
fast build + product smoke	cargo test --workspace --lib	2026-09-30T16:54:02.8649174Z test native_geometric::hamming_policy::policy::tests::hamming_policy_active_length_is_visible_and_unknown_parameters_are_rejected ... ok
fast build + product smoke	cargo test --workspace --lib	2026-09-30T16:54:02.8698475Z test native_geometric::hamming_policy::policy::tests::hamming_policy_topology_carries_every_input_to_geometric_and_emission_outputs ... ok
fast build + product smoke	cargo test --workspace --lib	2026-09-30T16:54:02.8739493Z test native_geometric::hamming_policy::policy::tests::hamming_policy_direct_integer_scores_repeated_cells_and_geometric_decode ... ok
fast build + product smoke	cargo test --workspace --lib	2026-09-30T16:54:02.8740975Z test native_geometric::hamming_policy::report::hamming_policy_report ... ignored, exclusive initialized policy conformance and actual generation; zero fitting
fast build + product smoke	cargo test --workspace --lib	2026-09-30T16:54:02.8818534Z test native_geometric::hamming_policy::policy::tests::hamming_policy_legal_argmax_parameter_validation_and_interventions ... ok
fast build + product smoke	cargo test --workspace --lib	2026-09-30T16:54:02.9468981Z test native_geometric::hamming_policy::policy::tests::hamming_policy_packing_retains_fourth_roots_all_payload_bytes_and_excludes_ids ... ok
fast build + product smoke	cargo test --workspace --lib	2026-09-30T16:54:03.1589112Z test native_geometric::hamming_policy::publication_tests::hamming_policy_actual_session_publishes_only_matching_complete_result ... ok
fast build + product smoke	cargo test --workspace --lib	2026-09-30T16:54:03.1736683Z test native_geometric::hamming_policy::session_tests::offers_observation_turn_and_parameter_binding ... ok
fast build + product smoke	cargo test --workspace --lib	2026-09-30T16:54:03.2291384Z test native_geometric::hamming_refinement::metric::tests::actual_signatures_obey_bipolar_dot_identity_and_two_lane_distance ... ok
fast build + product smoke	cargo test --workspace --lib	2026-09-30T16:54:03.2292841Z test native_geometric::hamming_refinement::report::hamming_refinement_report ... ignored, exclusive finite Hamming mechanism report, no language fitting
fast build + product smoke	cargo test --workspace --lib	2026-09-30T16:54:03.2378397Z test native_geometric::hamming_policy::session_tests::full_document_replay_and_source_bound_reload ... ok
fast build + product smoke	cargo test --workspace --lib	2026-09-30T16:54:03.4368987Z test native_geometric::hamming_refinement::metric::tests::census_counts_complete_domains_and_ranking_ties_without_semantic_claims ... ok
fast build + product smoke	cargo test --workspace --lib	2026-09-30T16:54:03.4588450Z test native_geometric::hamming_refinement::metric::tests::root_domains_and_signature_padding_fail_closed ... ok
fast build + product smoke	cargo test --workspace --lib	2026-09-30T16:54:03.5162054Z test native_geometric::hamming_refinement::tests::hamming_refinement_bounds_null_and_no_mutation_on_policy_errors ... ok
fast build + product smoke	cargo test --workspace --lib	2026-09-30T16:54:03.5178463Z test native_geometric::historical_query_context::tests::historical_query_context_freezes_all_noncode_fields_and_old_keys ... ok
fast build + product smoke	cargo test --workspace --lib	2026-09-30T16:54:03.5190772Z test native_geometric::historical_query_context::tests::historical_query_context_wire_preserves_inner_and_rejects_answer_labels ... ok
fast build + product smoke	cargo test --workspace --lib	2026-09-30T16:54:03.5192104Z test native_geometric::historical_read::query_context_tests::historical_query_context_short_query_has_identical_features ... ok
fast build + product smoke	cargo test --workspace --lib	2026-09-30T16:54:03.5195559Z test native_geometric::historical_read::query_context_tests::historical_query_context_window_preserves_prefix_and_bounded_order ... ok
fast build + product smoke	cargo test --workspace --lib	2026-09-30T16:54:03.5208681Z test native_geometric::historical_read::query_context_tests::historical_query_window_control_changes_only_exposure_limit ... ok
fast build + product smoke	cargo test --workspace --lib	2026-09-30T16:54:03.5220019Z test native_geometric::historical_read::tests::historical_read_ancestor_rejects_broken_overwritten_and_cross_owner_paths ... ok
fast build + product smoke	cargo test --workspace --lib	2026-09-30T16:54:03.5249417Z test native_geometric::historical_read::tests::historical_read_ancestor_walks_exact_validated_links_to_the_assertion_root ... ok
fast build + product smoke	cargo test --workspace --lib	2026-09-30T16:54:03.5252861Z test native_geometric::hamming_refinement::tests::hamming_refinement_exposes_owned_full_payload_and_legal_extent ... ok
fast build + product smoke	cargo test --workspace --lib	2026-09-30T16:54:03.5255113Z test native_geometric::historical_read::tests::historical_read_eviction_is_proven_by_an_overwritten_slot_not_by_rejection ... ok
fast build + product smoke	cargo test --workspace --lib	2026-09-30T16:54:03.5256453Z test native_geometric::historical_read::tests::historical_read_immediate_previous_retains_occurrence_not_oldest_or_spelling ... ok
fast build + product smoke	cargo test --workspace --lib	2026-09-30T16:54:03.5288545Z test native_geometric::historical_read::tests::historical_read_previous_rejects_broken_forward_self_and_noncurrent_links ... ok
fast build + product smoke	cargo test --workspace --lib	2026-09-30T16:54:03.5318860Z test native_geometric::historical_read::tests::historical_read_previous_rejects_conflict_assertion_and_cross_owner ... ok
fast build + product smoke	cargo test --workspace --lib	2026-09-30T16:54:03.5348339Z test native_geometric::historical_read::tests::historical_read_query_scope_clips_old_cues_without_mutating_sources ... ok
fast build + product smoke	cargo test --workspace --lib	2026-09-30T16:54:03.5349659Z test native_geometric::historical_read::tests::historical_read_reassertion_link_requires_resident_same_owner_same_value_older_record ... ok
fast build + product smoke	cargo test --workspace --lib	2026-09-30T16:54:03.5378689Z test native_geometric::historical_read::tests::historical_read_head_reassertion_first_hop_is_valid_only_under_the_head_contract ... ok
fast build + product smoke	cargo test --workspace --lib	2026-09-30T16:54:03.5408494Z test native_geometric::historical_read_training::tests::historical_read_labels_are_exact_optional_records_without_response_fields ... ok
fast build + product smoke	cargo test --workspace --lib	2026-09-30T16:54:03.5438381Z test native_geometric::historical_read_training::tests::historical_read_witness_wire_binds_parent_router_without_payload_templates ... ok
fast build + product smoke	cargo test --workspace --lib	2026-09-30T16:54:03.5468189Z test native_geometric::historical_version_intent::tests::historical_version_classes_are_exact_chain_positions ... ok
fast build + product smoke	cargo test --workspace --lib	2026-09-30T16:54:03.5469420Z test native_geometric::historical_version_intent::tests::historical_version_reader_scope_follows_the_declared_contracts_and_controls ... ok
fast build + product smoke	cargo test --workspace --lib	2026-09-30T16:54:03.5498322Z test native_geometric::historical_version_intent::tests::historical_version_codes_require_known_primes_classes_and_depths ... ok
fast build + product smoke	cargo test --workspace --lib	2026-09-30T16:54:03.5528117Z test native_geometric::hopf_metric::tests::test_fixed_point_q30_fiber_holonomy ... ok
fast build + product smoke	cargo test --workspace --lib	2026-09-30T16:54:03.5558304Z test native_geometric::historical_version_intent::tests::historical_version_wire_rejects_unknown_fields_and_response_labels ... ok
fast build + product smoke	cargo test --workspace --lib	2026-09-30T16:54:03.5559465Z test native_geometric::hopf_metric::tests::test_fixed_point_q30_fiber_reconstruction_roundtrip ... ok
fast build + product smoke	cargo test --workspace --lib	2026-09-30T16:54:03.5588209Z test native_geometric::hopf_metric::tests::test_fixed_point_q30_hamilton_product ... ok
fast build + product smoke	cargo test --workspace --lib	2026-09-30T16:54:03.5618037Z test native_geometric::hopf_metric::tests::test_fixed_point_q30_hopf_projection ... ok
fast build + product smoke	cargo test --workspace --lib	2026-09-30T16:54:03.5619012Z test native_geometric::hopf_metric::tests::test_fixed_point_q30_south_pole_noise_stability ... ok
fast build + product smoke	cargo test --workspace --lib	2026-09-30T16:54:03.5648097Z test native_geometric::hopf_metric::tests::test_fubini_study_geodesic_midpoint ... ok
fast build + product smoke	cargo test --workspace --lib	2026-09-30T16:54:03.5678088Z test native_geometric::hopf_metric::tests::test_fubini_study_metric_properties ... ok
fast build + product smoke	cargo test --workspace --lib	2026-09-30T16:54:03.5707962Z test native_geometric::hopf_metric::tests::test_hopf_fiber_reconstruction ... ok
fast build + product smoke	cargo test --workspace --lib	2026-09-30T16:54:03.5708810Z test native_geometric::hopf_metric::tests::test_hopf_fiber_invariance ... ok
fast build + product smoke	cargo test --workspace --lib	2026-09-30T16:54:03.5738078Z test native_geometric::hopf_metric::tests::test_hopf_metric_zero_allocations ... ok
fast build + product smoke	cargo test --workspace --lib	2026-09-30T16:54:03.5768131Z test native_geometric::hopf_metric::tests::test_hopf_projection_unit_norm ... ok
fast build + product smoke	cargo test --workspace --lib	2026-09-30T16:54:03.5798031Z test native_geometric::hopf_metric::tests::test_hopf_state_trajectory ... ok
fast build + product smoke	cargo test --workspace --lib	2026-09-30T16:54:03.5798791Z test native_geometric::hopf_metric::tests::test_isqrt_u64_and_cordic_atan2 ... ok
fast build + product smoke	cargo test --workspace --lib	2026-09-30T16:54:03.5828063Z test native_geometric::hopf_metric::tests::test_unit_s3_normalization_and_algebra ... ok
fast build + product smoke	cargo test --workspace --lib	2026-09-30T16:54:03.5829006Z test native_geometric::joint_admission::tests::admission_legality_matches_exact_operations_at_boundaries ... ok
fast build + product smoke	cargo test --workspace --lib	2026-09-30T16:54:03.5830234Z test native_geometric::hopf_metric::tests::test_unit_s3_q30_normalization ... ok
fast build + product smoke	cargo test --workspace --lib	2026-09-30T16:54:03.7110547Z test native_geometric::hamming_refinement::tests::hamming_refinement_import_rejects_wrong_binding_and_pending_frontier ... ok
fast build + product smoke	cargo test --workspace --lib	2026-09-30T16:54:03.7388003Z test native_geometric::hamming_refinement::tests::hamming_refinement_reads_update_then_read_again_with_fourth_context_root ... ok
fast build + product smoke	cargo test --workspace --lib	2026-09-30T16:54:03.7438246Z test native_geometric::joint_admission_tests::native_joint_admission_overflow_rejection_add_sub_mul ... ok
fast build + product smoke	cargo test --workspace --lib	2026-09-30T16:54:04.5215915Z test native_geometric::joint_admission_tests::native_joint_admission_feature_encoding_all_actions ... ok
fast build + product smoke	cargo test --workspace --lib	2026-09-30T16:54:04.5598535Z test native_geometric::joint_admission_tests::native_joint_admission_control_bypass ... ok
fast build + product smoke	cargo test --workspace --lib	2026-09-30T16:54:04.5638784Z test native_geometric::language_relation::report::language_relation_learning_report ... ignored, output-supervised contextual language relation fit with pinned artifacts and exclusive report
fast build + product smoke	cargo test --workspace --lib	2026-09-30T16:54:04.7348947Z test native_geometric::joint_admission_tests::native_joint_admission_lexical_prose_arbitration ... ok
fast build + product smoke	cargo test --workspace --lib	2026-09-30T16:54:04.7428727Z test native_geometric::joint_admission_tests::native_joint_admission_training_validation_and_heterogeneous_curriculum ... ok
fast build + product smoke	cargo test --workspace --lib	2026-09-30T16:54:04.8063629Z test native_geometric::language_relation::report::corpus_and_lexical_boundaries_preserve_occurrences ... ok
fast build + product smoke	cargo test --workspace --lib	2026-09-30T16:54:05.7619073Z test native_geometric::learned_routing_tests::learned_routing_selects_exact_source_then_executes_query_conditioned_transport ... ok
fast build + product smoke	cargo test --workspace --lib	2026-09-30T16:54:05.7630237Z test native_geometric::learner::addressed_lexical_bridge::tests::exact_source_selection_and_disabled_control ... ok
fast build + product smoke	cargo test --workspace --lib	2026-09-30T16:54:05.7648305Z test native_geometric::learner::chat::tests::encoding_round_trips_through_decode ... ok
fast build + product smoke	cargo test --workspace --lib	2026-09-30T16:54:05.7678093Z test native_geometric::learner::chat::tests::non_ascii_round_trips ... ok
fast build + product smoke	cargo test --workspace --lib	2026-09-30T16:54:05.7708118Z test native_geometric::learner::chat::tests::procedural_corpus_is_deterministic_and_well_formed ... ok
fast build + product smoke	cargo test --workspace --lib	2026-09-30T16:54:05.7718439Z test native_geometric::learner::chat::tests::prompt_ends_at_the_assistant_marker ... ok
fast build + product smoke	cargo test --workspace --lib	2026-09-30T16:54:05.7748404Z test native_geometric::learner::chat::tests::tsv_parsing_skips_blanks_and_splits_on_tab ... ok
fast build + product smoke	cargo test --workspace --lib	2026-09-30T16:54:05.7768226Z test native_geometric::learner::cold_prior::tests::a_future_token_cannot_change_an_earlier_prediction ... ok
fast build + product smoke	cargo test --workspace --lib	2026-09-30T16:54:05.7788348Z test native_geometric::learner::cold_prior::tests::a_repeated_write_can_produce_a_negative_read ... ok
fast build + product smoke	cargo test --workspace --lib	2026-09-30T16:54:05.7808340Z test native_geometric::learner::cold_prior::tests::absent_marker_is_a_distinct_row_from_real_token_zero ... ok
fast build + product smoke	cargo test --workspace --lib	2026-09-30T16:54:05.7838164Z test native_geometric::learner::cold_prior::tests::all_four_interventions_run ... ok
fast build + product smoke	cargo test --workspace --lib	2026-09-30T16:54:05.7858122Z test native_geometric::learner::cold_prior::tests::cold_positions_agree_with_memory_disabled ... ok
fast build + product smoke	cargo test --workspace --lib	2026-09-30T16:54:05.7880191Z test native_geometric::learner::cold_prior::tests::distinct_full_ids_sharing_a_residue_differ_in_the_prior ... ok
fast build + product smoke	cargo test --workspace --lib	2026-09-30T16:54:05.7898168Z test native_geometric::learner::cold_prior::tests::export_and_reload_are_integer_exact ... ok
fast build + product smoke	cargo test --workspace --lib	2026-09-30T16:54:05.7928181Z test native_geometric::learner::cold_prior::tests::hidden_and_prior_are_bounded ... ok
fast build + product smoke	cargo test --workspace --lib	2026-09-30T16:54:05.7938169Z test native_geometric::learner::cold_prior::tests::order_reversal_changes_the_address_and_the_prediction ... ok
fast build + product smoke	cargo test --workspace --lib	2026-09-30T16:54:05.7968169Z test native_geometric::learner::cold_prior::tests::same_tail_with_changed_earlier_writes_is_distinguishable ... ok
fast build + product smoke	cargo test --workspace --lib	2026-09-30T16:54:05.7988150Z test native_geometric::learner::cold_prior::tests::state_is_reset_between_windows ... ok
fast build + product smoke	cargo test --workspace --lib	2026-09-30T16:54:05.7998108Z test native_geometric::learner::cold_prior::tests::the_surrogate_gradient_reaches_both_new_tables ... ok
fast build + product smoke	cargo test --workspace --lib	2026-09-30T16:54:05.8004255Z test native_geometric::learner::cold_prior::tests::training_reduces_loss_on_a_repeating_context ... ok
fast build + product smoke	cargo test --workspace --lib	2026-09-30T16:54:05.8028378Z test native_geometric::learner::contextual_emission::tests::disabled_state_gives_an_exactly_zero_residual_and_round_trips ... ok
fast build + product smoke	cargo test --workspace --lib	2026-09-30T16:54:05.8059126Z test native_geometric::learner::contextual_emission::tests::fixed_point_loss_matches_the_parent_units_and_training_start ... ok
fast build + product smoke	cargo test --workspace --lib	2026-09-30T16:54:05.8060437Z test native_geometric::learner::contextual_emission::tests::post_map_output_refit_is_consumed_and_keeps_the_committed_incumbent ... ok
fast build + product smoke	cargo test --workspace --lib	2026-09-30T16:54:05.8061698Z test native_geometric::learner::contextual_emission::tests::sparse_and_full_residuals_agree_after_independent_loading ... ok
fast build + product smoke	cargo test --workspace --lib	2026-09-30T16:54:05.8062927Z test native_geometric::learner::contextual_emission::tests::sparse_training_forward_and_export_agree_above_the_row_budget ... ok
fast build + product smoke	cargo test --workspace --lib	2026-09-30T16:54:05.8066966Z test native_geometric::learner::contextual_emission::tests::ternary_refinement_retains_an_earlier_accepted_coordinate ... ok
fast build + product smoke	cargo test --workspace --lib	2026-09-30T16:54:05.8068589Z test native_geometric::learner::contextual_emission::tests::training_reduces_nll_and_the_update_can_change_the_residual ... ok
fast build + product smoke	cargo test --workspace --lib	2026-09-30T16:54:05.8070161Z test native_geometric::learner::contextual_emission::tests::zero_map_can_admit_a_target_row_and_retains_best_served_ce ... ok
fast build + product smoke	cargo test --workspace --lib	2026-09-30T16:54:05.8071405Z test native_geometric::learner::geometric_attention::tests::a_batched_read_matches_an_incremental_observe_predict_trace ... ok
fast build + product smoke	cargo test --workspace --lib	2026-09-30T16:54:05.9948869Z test native_geometric::learned_routing_tests::learned_routing_uses_ordered_retained_context_and_snapshot_replay ... ok
fast build + product smoke	cargo test --workspace --lib	2026-09-30T16:54:07.3679025Z test native_geometric::learned_routing_tests::learned_routing_hard_fit_reload_and_disabled_parent_preservation ... ok
fast build + product smoke	cargo test --workspace --lib	2026-09-30T16:54:07.3708198Z test native_geometric::learner::geometric_attention::tests::a_future_token_cannot_change_an_earlier_prediction ... ok
fast build + product smoke	cargo test --workspace --lib	2026-09-30T16:54:07.9279031Z test native_geometric::learned_routing_tests::learned_routing_preserves_frozen_nested_parent_validation ... ok
fast build + product smoke	cargo test --workspace --lib	2026-09-30T16:54:52.9998955Z test native_geometric::learner::geometric_attention::tests::a_composed_dictionary_read_answers_unseen_relational_facts ... ok
fast build + product smoke	cargo test --workspace --lib	2026-09-30T16:54:53.0048496Z test native_geometric::learner::geometric_attention::tests::an_empty_bucket_predicts_uniformly_and_costs_log_v ... ok
fast build + product smoke	cargo test --workspace --lib	2026-09-30T16:54:53.2843019Z test native_geometric::learner::geometric_attention::tests::a_context_lookup_cannot_generalise_to_unseen_relational_facts ... ok
fast build + product smoke	cargo test --workspace --lib	2026-09-30T16:54:53.2868278Z test native_geometric::learner::geometric_attention::tests::cold_routes_are_uniform_on_a_non_repeating_sequence ... ok
fast build + product smoke	cargo test --workspace --lib	2026-09-30T16:54:53.2888601Z test native_geometric::learner::geometric_attention::tests::conjugacy_classes_of_2i_from_the_verified_table ... ok
fast build + product smoke	cargo test --workspace --lib	2026-09-30T16:54:55.5058902Z test native_geometric::learner::geometric_attention::tests::a_per_class_bias_is_the_nearest_prototype_reduced_form ... ok
fast build + product smoke	cargo test --workspace --lib	2026-09-30T16:55:07.3699050Z test native_geometric::learner::geometric_attention::tests::a_general_filter_is_at_least_as_good_as_a_class_filter has been running for over 60 seconds
fast build + product smoke	cargo test --workspace --lib	2026-09-30T16:55:12.2450338Z test native_geometric::learner::geometric_attention::tests::copies_a_repeated_context ... ok
fast build + product smoke	cargo test --workspace --lib	2026-09-30T16:55:40.1459136Z test native_geometric::learner::geometric_attention::tests::closed_routes_abstain_instead_of_guessing ... ok
fast build + product smoke	cargo test --workspace --lib	2026-09-30T16:55:40.1488690Z test native_geometric::learner::geometric_attention::tests::graded_exact_kernel_equals_the_bucket_read ... ok
fast build + product smoke	cargo test --workspace --lib	2026-09-30T16:55:47.4748976Z test native_geometric::learner::geometric_attention::tests::a_general_filter_is_at_least_as_good_as_a_class_filter ... ok
fast build + product smoke	cargo test --workspace --lib	2026-09-30T16:55:47.4758658Z test native_geometric::learner::geometric_attention::tests::gradients_reach_both_tables ... ok
fast build + product smoke	cargo test --workspace --lib	2026-09-30T16:55:47.4808267Z test native_geometric::learner::geometric_attention::tests::integer_path_is_exactly_the_float_reference ... ok
fast build + product smoke	cargo test --workspace --lib	2026-09-30T16:55:47.4818213Z test native_geometric::learner::geometric_attention::tests::ordered_words_are_distinct_and_order_sensitive ... ok
fast build + product smoke	cargo test --workspace --lib	2026-09-30T16:55:55.5079421Z test native_geometric::learner::geometric_attention::tests::corruption_in_the_objective_changes_the_filter has been running for over 60 seconds
fast build + product smoke	cargo test --workspace --lib	2026-09-30T16:56:12.2451004Z test native_geometric::learner::geometric_attention::tests::exact_addressing_beats_matched_filter_as_context_grows has been running for over 60 seconds
fast build + product smoke	cargo test --workspace --lib	2026-09-30T16:56:38.3238913Z test native_geometric::learner::geometric_attention::tests::graded_kernel_recovers_a_corrupted_query ... ok
fast build + product smoke	cargo test --workspace --lib	2026-09-30T16:56:47.4758884Z test native_geometric::learner::geometric_attention::tests::ordered_words_recover_the_duplicated_key_collapse has been running for over 60 seconds
fast build + product smoke	cargo test --workspace --lib	2026-09-30T16:56:48.2561235Z test native_geometric::learner::geometric_attention::tests::corruption_in_the_objective_changes_the_filter ... FAILED
fast build + product smoke	cargo test --workspace --lib	2026-09-30T16:56:48.3765538Z test native_geometric::learner::geometric_attention::tests::per_token_compute_is_dominated_by_the_readout ... ok
fast build + product smoke	cargo test --workspace --lib	2026-09-30T16:57:38.3226027Z test native_geometric::learner::geometric_attention::tests::ordered_words_win_at_every_difficulty has been running for over 60 seconds
fast build + product smoke	cargo test --workspace --lib	2026-09-30T16:57:48.3778926Z test native_geometric::learner::geometric_attention::tests::read_width_is_not_the_constraint has been running for over 60 seconds
fast build + product smoke	cargo test --workspace --lib	2026-09-30T16:58:07.3309077Z test native_geometric::learner::geometric_attention::tests::exact_addressing_beats_matched_filter_as_context_grows ... ok
fast build + product smoke	cargo test --workspace --lib	2026-09-30T16:58:30.6228790Z test native_geometric::learner::geometric_attention::tests::readout_resolution_is_not_the_constraint ... ok
fast build + product smoke	cargo test --workspace --lib	2026-09-30T16:58:41.8268840Z test native_geometric::learner::geometric_attention::tests::read_width_is_not_the_constraint ... ok
fast build + product smoke	cargo test --workspace --lib	2026-09-30T16:58:41.8298455Z test native_geometric::learner::geometric_attention::tests::same_query_tail_with_a_changed_prefix_is_distinguishable ... ok
fast build + product smoke	cargo test --workspace --lib	2026-09-30T16:58:43.7668932Z test native_geometric::learner::geometric_attention::tests::ordered_words_recover_the_duplicated_key_collapse ... ok
fast build + product smoke	cargo test --workspace --lib	2026-09-30T16:58:43.7678380Z test native_geometric::learner::geometric_attention::tests::sequence_state_is_reset_between_documents ... ok
fast build + product smoke	cargo test --workspace --lib	2026-09-30T16:58:43.7708497Z test native_geometric::learner::geometric_attention::tests::short_prefix_paths_do_not_panic_under_overflow_checks ... ok
fast build + product smoke	cargo test --workspace --lib	2026-09-30T16:58:43.7738327Z test native_geometric::learner::geometric_attention::tests::short_prefixes_pad_instead_of_wrapping ... ok
fast build + product smoke	cargo test --workspace --lib	2026-09-30T16:58:43.7739554Z test native_geometric::learner::geometric_attention::tests::the_kernel_gradient_matches_an_independent_reference_at_order_one ... ok
fast build + product smoke	cargo test --workspace --lib	2026-09-30T16:58:43.7768304Z test native_geometric::learner::geometric_attention::tests::the_mean_loss_ste_matches_an_independent_analytic_reference ... ok
fast build + product smoke	cargo test --workspace --lib	2026-09-30T16:59:18.9979215Z test native_geometric::learner::geometric_attention::tests::selection_is_the_nonlinearity_not_the_read ... ok
fast build + product smoke	cargo test --workspace --lib	2026-09-30T16:59:18.9980515Z test native_geometric::learner::grounded_session::tests::a_session_resumes_and_interleaves_without_sharing_state ... ok
fast build + product smoke	cargo test --workspace --lib	2026-09-30T16:59:18.9981808Z test native_geometric::learner::grounded_session::tests::exact_factorization_rejects_conflicting_labels_and_unsupported_algebra ... ok
fast build + product smoke	cargo test --workspace --lib	2026-09-30T16:59:19.0010960Z test native_geometric::learner::grounded_session::tests::factorization_is_invariant_to_observed_token_and_outcome_relabeling ... ok
fast build + product smoke	cargo test --workspace --lib	2026-09-30T16:59:19.0012386Z test native_geometric::learner::grounded_session::tests::isomorphism_uses_actual_elements_of_a_reordered_witness ... ok
fast build + product smoke	cargo test --workspace --lib	2026-09-30T16:59:19.0039083Z test native_geometric::learner::grounded_session::tests::outcome_state_is_injective_and_the_reference_fixes_the_gauge ... ok
fast build + product smoke	cargo test --workspace --lib	2026-09-30T16:59:19.0042521Z test native_geometric::learner::grounded_session::tests::owned_snapshot_survives_eviction_while_exact_origin_liveness_changes ... ok
fast build + product smoke	cargo test --workspace --lib	2026-09-30T16:59:19.0050278Z test native_geometric::learner::grounded_session::tests::the_factorization_reproduces_every_observed_transition ... ok
fast build + product smoke	cargo test --workspace --lib	2026-09-30T16:59:19.0080037Z test native_geometric::learner::grounded_session::tests::unknown_operands_stay_typed_and_the_reader_absence_is_not_identity ... ok
fast build + product smoke	cargo test --workspace --lib	2026-09-30T16:59:19.0089401Z test native_geometric::learner::group_table::tests::classification_is_unambiguous ... ok
fast build + product smoke	cargo test --workspace --lib	2026-09-30T16:59:19.0114882Z test native_geometric::learner::group_table::tests::composition_is_associative_for_every_triple ... ok
fast build + product smoke	cargo test --workspace --lib	2026-09-30T16:59:19.0117948Z test native_geometric::learner::group_table::tests::identity_is_two_sided_and_inverses_exist ... ok
fast build + product smoke	cargo test --workspace --lib	2026-09-30T16:59:19.0119089Z test native_geometric::learner::group_table::tests::shared_composition_helpers_are_consistent ... ok
fast build + product smoke	cargo test --workspace --lib	2026-09-30T16:59:19.0146810Z test native_geometric::learner::group_table::tests::table_agrees_with_the_quantized_accumulation_it_replaced ... ok
fast build + product smoke	cargo test --workspace --lib	2026-09-30T16:59:19.0149656Z test native_geometric::learner::group_table::tests::table_is_a_latin_square_so_left_multiplication_is_a_bijection ... ok
fast build + product smoke	cargo test --workspace --lib	2026-09-30T16:59:19.0158952Z test native_geometric::learner::hamilton_transport::tests::common_rotation_does_not_create_attention_scores ... ok
fast build + product smoke	cargo test --workspace --lib	2026-09-30T16:59:19.0169049Z test native_geometric::learner::hamilton_transport::tests::imaginary_actions_square_to_minus_identity ... ok
fast build + product smoke	cargo test --workspace --lib	2026-09-30T16:59:19.0198827Z test native_geometric::learner::hamilton_transport::tests::inverses_and_norms_hold_for_all_actions ... ok
fast build + product smoke	cargo test --workspace --lib	2026-09-30T16:59:19.0202049Z test native_geometric::learner::hamilton_transport::tests::left_actions_do_not_commute ... ok
fast build + product smoke	cargo test --workspace --lib	2026-09-30T16:59:19.0203168Z test native_geometric::learner::hamilton_transport::tests::query_relative_operation_uses_both_frames ... ok
fast build + product smoke	cargo test --workspace --lib	2026-09-30T16:59:19.0228826Z test native_geometric::learner::hamilton_transport::tests::reject_overflow_before_sign_change ... ok
fast build + product smoke	cargo test --workspace --lib	2026-09-30T16:59:19.0232877Z test native_geometric::learner::head_projection::tests::coordinate_delta_matches_direct_objective_change ... ok
fast build + product smoke	cargo test --workspace --lib	2026-09-30T16:59:19.0234149Z test native_geometric::learner::head_projection::tests::gram_equals_direct_repeated_occurrence_sum ... ok
fast build + product smoke	cargo test --workspace --lib	2026-09-30T16:59:19.0235276Z test native_geometric::learner::head_projection::tests::invalid_row_shifts_are_excluded ... ok
fast build + product smoke	cargo test --workspace --lib	2026-09-30T16:59:19.0236352Z test native_geometric::learner::head_projection::tests::nearest_seed_is_swept_at_s0_on_a_correlated_gram ... ok
fast build + product smoke	cargo test --workspace --lib	2026-09-30T16:59:19.0249078Z test native_geometric::learner::head_projection::tests::nearest_ternary_ties_resolve_to_magnitude_one ... ok
fast build + product smoke	cargo test --workspace --lib	2026-09-30T16:59:19.0252781Z test native_geometric::learner::head_projection::tests::projection_is_deterministic_and_never_worse_than_q0 ... ok
fast build + product smoke	cargo test --workspace --lib	2026-09-30T16:59:19.0254114Z test native_geometric::learner::head_projection::tests::screen_helper_separates_practical_gain_from_smoothing_attribution ... ok
fast build + product smoke	cargo test --workspace --lib	2026-09-30T16:59:19.0288235Z test native_geometric::learner::head_projection::tests::zero_and_collinear_features_are_handled ... ok
fast build + product smoke	cargo test --workspace --lib	2026-09-30T16:59:19.0316134Z test native_geometric::learner::integrated_attention::context_tests::delayed_context_commit_preserves_occurrence_and_causal_cutoff ... ok
fast build + product smoke	cargo test --workspace --lib	2026-09-30T16:59:19.0340677Z test native_geometric::learner::integrated_attention::encoder::tests::a2_coarse_context_masks_anchor_and_counts_selected_rows ... ok
fast build + product smoke	cargo test --workspace --lib	2026-09-30T16:59:19.0345710Z test native_geometric::learner::integrated_attention::encoder::tests::a2_contrastive_source_training_reduces_pair_loss ... ok
fast build + product smoke	cargo test --workspace --lib	2026-09-30T16:59:19.0347792Z test native_geometric::learner::integrated_attention::encoder::tests::deterministic_noncollapsed_and_bounded_reads ... ok
fast build + product smoke	cargo test --workspace --lib	2026-09-30T16:59:19.0363821Z test native_geometric::learner::integrated_attention::encoder::tests::hard_address_search_edits_only_dedicated_integer_rows ... ok
fast build + product smoke	cargo test --workspace --lib	2026-09-30T16:59:19.0372711Z test native_geometric::learner::integrated_attention::encoder::tests::hard_address_skip_identical_negative_and_reject_invalid_batch ... ok
fast build + product smoke	cargo test --workspace --lib	2026-09-30T16:59:19.0390475Z test native_geometric::learner::integrated_attention::encoder::tests::one_step_loss_surrogate_is_finite ... ok
fast build + product smoke	cargo test --workspace --lib	2026-09-30T16:59:19.0424783Z test native_geometric::learner::integrated_attention::encoder::tests::selected_supervision_updates_hard_artifact ... ok
fast build + product smoke	cargo test --workspace --lib	2026-09-30T16:59:19.0568563Z test native_geometric::learner::integrated_attention::geometry::tests::both_finite_algebras_roundtrip_and_obey_relative_left_invariance ... ok
fast build + product smoke	cargo test --workspace --lib	2026-09-30T16:59:19.0588356Z test native_geometric::learner::integrated_attention::geometry::tests::corrupted_loaded_table_is_rejected_without_offline_builder ... ok
fast build + product smoke	cargo test --workspace --lib	2026-09-30T16:59:19.0618257Z test native_geometric::learner::integrated_attention::geometry::tests::malformed_coefficients_edges_and_lanes_fail ... ok
fast build + product smoke	cargo test --workspace --lib	2026-09-30T16:59:19.0648361Z test native_geometric::learner::integrated_attention::geometry::tests::selected_packed_energy_uses_only_one_and_two_lane_factors ... ok
fast build + product smoke	cargo test --workspace --lib	2026-09-30T16:59:19.0678278Z test native_geometric::learner::integrated_attention::memory::tests::query_respects_commit_cutoff_source_and_owned_payload ... ok
fast build + product smoke	cargo test --workspace --lib	2026-09-30T16:59:19.0679625Z test native_geometric::learner::integrated_attention::memory::tests::raw_history_is_independent_of_semantic_writes_and_eviction_is_explicit ... ok
fast build + product smoke	cargo test --workspace --lib	2026-09-30T16:59:19.0708252Z test native_geometric::learner::integrated_attention::memory::tests::record_eviction_and_index_overflow_are_visible ... ok
fast build + product smoke	cargo test --workspace --lib	2026-09-30T16:59:19.0709476Z test native_geometric::learner::integrated_attention::memory::tests::restore_rebuilds_index_and_rejects_future_commit ... ok
fast build + product smoke	cargo test --workspace --lib	2026-09-30T16:59:19.0738357Z test native_geometric::learner::integrated_attention::memory::tests::restore_rejects_foreign_limits_before_allocating_session_ring ... ok
fast build + product smoke	cargo test --workspace --lib	2026-09-30T16:59:19.0768375Z test native_geometric::learner::integrated_attention::memory::tests::search_budgets_report_truncation_without_claiming_absence ... ok
fast build + product smoke	cargo test --workspace --lib	2026-09-30T16:59:19.0798275Z test native_geometric::learner::integrated_attention::output::tests::every_token_path_has_positive_dyadic_probability ... ok
fast build + product smoke	cargo test --workspace --lib	2026-09-30T16:59:19.0828240Z test native_geometric::learner::integrated_attention::output::tests::exact_mode_support_and_selected_row_accounting ... ok
fast build + product smoke	cargo test --workspace --lib	2026-09-30T16:59:19.0858226Z test native_geometric::learner::integrated_attention::output::tests::legal_actions_normalize_with_and_without_copy ... ok
fast build + product smoke	cargo test --workspace --lib	2026-09-30T16:59:19.0888278Z test native_geometric::learner::integrated_attention::output::tests::marginal_copy_gradient_counts_shared_rows_once ... ok
fast build + product smoke	cargo test --workspace --lib	2026-09-30T16:59:19.0918160Z test native_geometric::learner::integrated_attention::output::tests::trainer_keeps_hard_artifact_valid ... ok
fast build + product smoke	cargo test --workspace --lib	2026-09-30T16:59:19.0948428Z test native_geometric::learner::integrated_attention::read_action::tests::integer_learning_changes_hard_action_and_retains_shared_coordinates ... ok
fast build + product smoke	cargo test --workspace --lib	2026-09-30T16:59:19.0978320Z test native_geometric::learner::integrated_attention::read_action::tests::rejects_invalid_inputs_and_preserves_serde_and_no_read_ties ... ok
fast build + product smoke	cargo test --workspace --lib	2026-09-30T16:59:19.0988465Z test native_geometric::learner::integrated_attention::training::tests::frozen_coarse_router_survives_joint_language_learning ... ok
fast build + product smoke	cargo test --workspace --lib	2026-09-30T16:59:19.1028296Z test native_geometric::learner::integrated_attention::training::tests::loaded_bundle_and_snapshot_replay_same_causal_prediction ... ok
fast build + product smoke	cargo test --workspace --lib	2026-09-30T16:59:19.1058304Z test native_geometric::learner::integrated_attention::training::tests::one_token_copy_generate_marginalization_normalizes ... ok
fast build + product smoke	cargo test --workspace --lib	2026-09-30T16:59:19.1088350Z test native_geometric::learner::integrated_attention::training_support::tests::energy_trainer_lowers_target_energy_and_raises_negative ... ok
fast build + product smoke	cargo test --workspace --lib	2026-09-30T16:59:19.1118336Z test native_geometric::learner::integrated_attention::training_support::tests::energy_training_rejects_invalid_candidates_without_mutation ... ok
fast build + product smoke	cargo test --workspace --lib	2026-09-30T16:59:19.1149148Z test native_geometric::learner::integrated_attention::training_support::tests::gate_initially_enabled_and_trains_selected_exact_feature_rows ... ok
fast build + product smoke	cargo test --workspace --lib	2026-09-30T16:59:19.1178349Z test native_geometric::learner::integrated_attention::training_support::tests::gate_rejects_unbounded_or_invalid_features_and_weights ... ok
fast build + product smoke	cargo test --workspace --lib	2026-09-30T16:59:19.1208375Z test native_geometric::learner::integrated_attention::training_support::tests::offline_positive_insertion_allows_sixty_four_negatives_plus_one ... ok
fast build + product smoke	cargo test --workspace --lib	2026-09-30T16:59:19.1238260Z test native_geometric::learner::language_transport::missing_owned_relation_does_not_select_an_approximate_neighbour ... ok
fast build + product smoke	cargo test --workspace --lib	2026-09-30T16:59:19.1268226Z test native_geometric::learner::language_transport::tests::language_is_learned_from_selected_key_not_given_relation_id ... ok
fast build + product smoke	cargo test --workspace --lib	2026-09-30T16:59:19.1298235Z test native_geometric::learner::language_transport::tests::model_roundtrip_rejects_foreign_and_malformed_data ... ok
fast build + product smoke	cargo test --workspace --lib	2026-09-30T16:59:19.1328203Z test native_geometric::learner::language_transport::tests::ownership_absence_and_ambiguity_do_not_fall_back ... ok
fast build + product smoke	cargo test --workspace --lib	2026-09-30T16:59:19.1358269Z test native_geometric::learner::lexical_realization::tests::an_unfitted_context_uses_the_declared_default_policy ... ok
fast build + product smoke	cargo test --workspace --lib	2026-09-30T16:59:19.1388262Z test native_geometric::learner::lexical_realization::tests::an_unseen_evidence_class_still_selects_the_learned_uncopied_word ... ok
fast build + product smoke	cargo test --workspace --lib	2026-09-30T16:59:19.1418205Z test native_geometric::learner::lexical_realization::tests::the_key_separates_a_derived_result_from_a_direct_read ... ok
fast build + product smoke	cargo test --workspace --lib	2026-09-30T16:59:19.1448257Z test native_geometric::learner::lexical_realization::tests::the_key_separates_older_evidence_with_everything_else_fixed ... ok
fast build + product smoke	cargo test --workspace --lib	2026-09-30T16:59:19.1478251Z test native_geometric::learner::lexical_realization::tests::the_table_round_trips_and_rejects_a_wide_or_unsorted_row ... ok
fast build + product smoke	cargo test --workspace --lib	2026-09-30T16:59:19.1508307Z test native_geometric::learner::lexical_residual::marginal_relative_correction_does_not_repeat_unigram_and_preserves_action_mass ... ok
fast build + product smoke	cargo test --workspace --lib	2026-09-30T16:59:19.1538193Z test native_geometric::learner::lexical_residual::tests::copied_and_stop_logits_and_generate_mass_are_preserved ... ok
fast build + product smoke	cargo test --workspace --lib	2026-09-30T16:59:19.1568093Z test native_geometric::learner::lexical_residual::tests::exact_equal_mass_and_absent_mass ... ok
fast build + product smoke	cargo test --workspace --lib	2026-09-30T16:59:19.1598143Z test native_geometric::learner::lexical_residual::tests::integer_logadd_agrees_with_wide_reference ... ok
fast build + product smoke	cargo test --workspace --lib	2026-09-30T16:59:19.1628100Z test native_geometric::learner::lexical_residual::tests::invalid_context_and_shift_are_errors ... ok
fast build + product smoke	cargo test --workspace --lib	2026-09-30T16:59:19.1658189Z test native_geometric::learner::lexical_residual::tests::serialization_rejects_foreign_truncated_and_trailing ... ok
fast build + product smoke	cargo test --workspace --lib	2026-09-30T16:59:19.1688123Z test native_geometric::learner::lexical_residual::tests::sparse_prior_matches_independent_counts ... ok
fast build + product smoke	cargo test --workspace --lib	2026-09-30T16:59:19.1718152Z test native_geometric::learner::lowbit::tests::a_single_weight_selects_add_subtract_or_nothing ... ok
fast build + product smoke	cargo test --workspace --lib	2026-09-30T16:59:19.1748180Z test native_geometric::learner::lowbit::tests::accumulator_overflow_wraps_instead_of_panicking ... ok
fast build + product smoke	cargo test --workspace --lib	2026-09-30T16:59:19.1778068Z test native_geometric::learner::lowbit::tests::packing_round_trips_every_weight ... ok
fast build + product smoke	cargo test --workspace --lib	2026-09-30T16:59:19.1808111Z test native_geometric::learner::lowbit::tests::scale_is_a_power_of_two_so_it_is_a_shift ... ok
fast build + product smoke	cargo test --workspace --lib	2026-09-30T16:59:19.1838078Z test native_geometric::learner::lowbit::tests::serving_path_is_exactly_the_reference ... ok
fast build + product smoke	cargo test --workspace --lib	2026-09-30T16:59:19.1861747Z test native_geometric::learner::lowbit::tests::storage_is_two_bits_per_weight ... ok
fast build + product smoke	cargo test --workspace --lib	2026-09-30T16:59:19.1888142Z test native_geometric::learner::lowbit_attention::tests::gradients_are_produced_for_every_table ... ok
fast build + product smoke	cargo test --workspace --lib	2026-09-30T16:59:19.1918160Z test native_geometric::learner::lowbit_attention::tests::integer_path_is_exactly_the_float_reference ... ok
fast build + product smoke	cargo test --workspace --lib	2026-09-30T16:59:30.6225421Z test native_geometric::learner::geometric_attention::tests::resolution_scales_the_mechanism has been running for over 60 seconds
fast build + product smoke	cargo test --workspace --lib	2026-09-30T16:59:39.9206212Z test native_geometric::learner::lowbit_attention::tests::learns_induction_at_long_delay ... FAILED
fast build + product smoke	cargo test --workspace --lib	2026-09-30T16:59:43.7708936Z test native_geometric::learner::geometric_attention::tests::training_budget_is_not_the_constraint has been running for over 60 seconds
fast build + product smoke	cargo test --workspace --lib	2026-09-30T16:59:43.9878967Z test native_geometric::learner::lowbit_attention::tests::learns_induction_at_short_delay ... FAILED
fast build + product smoke	cargo test --workspace --lib	2026-09-30T17:00:43.9889152Z test native_geometric::learner::lowbit_attention::tests::normalisation_moves_off_the_uniform_collapse has been running for over 60 seconds
fast build + product smoke	cargo test --workspace --lib	2026-09-30T17:00:51.8398973Z test native_geometric::learner::geometric_attention::tests::training_budget_is_not_the_constraint ... ok
fast build + product smoke	cargo test --workspace --lib	2026-09-30T17:00:51.8418369Z test native_geometric::learner::lowbit_attention::tests::state_grows_linearly_not_geometrically ... ok
fast build + product smoke	cargo test --workspace --lib	2026-09-30T17:00:51.8428434Z test native_geometric::learner::lowbit_core::adam_reference_tests::adam_carries_moments_across_steps_against_the_same_reference ... ok
fast build + product smoke	cargo test --workspace --lib	2026-09-30T17:00:51.8458392Z test native_geometric::learner::lowbit_core::adam_reference_tests::adam_matches_an_independent_reference_including_small_gradients ... ok
fast build + product smoke	cargo test --workspace --lib	2026-09-30T17:00:51.8478246Z test native_geometric::learner::lowbit_core::tests::decay_keeps_the_state_bounded_and_the_integer_path_exact ... ok
fast build + product smoke	cargo test --workspace --lib	2026-09-30T17:00:51.8508181Z test native_geometric::learner::lowbit_core::tests::empty_sequence_gives_the_readout_of_the_zero_state ... ok
fast build + product smoke	cargo test --workspace --lib	2026-09-30T17:01:10.2478795Z test native_geometric::learner::geometric_attention::tests::resolution_scales_the_mechanism ... ok
fast build + product smoke	cargo test --workspace --lib	2026-09-30T17:01:10.2718500Z test native_geometric::learner::lowbit_core::tests::explore_state_growth ... ok
fast build + product smoke	cargo test --workspace --lib	2026-09-30T17:01:10.2748155Z test native_geometric::learner::lowbit_core::tests::forward_is_deterministic_and_sensitive_to_order ... ok
fast build + product smoke	cargo test --workspace --lib	2026-09-30T17:01:10.2758606Z test native_geometric::learner::lowbit_core::tests::gradients_are_produced_for_every_matrix ... ok
fast build + product smoke	cargo test --workspace --lib	2026-09-30T17:01:10.2808172Z test native_geometric::learner::lowbit_core::tests::integer_forward_is_exactly_the_float_reference ... ok
fast build + product smoke	cargo test --workspace --lib	2026-09-30T17:01:10.4721752Z test native_geometric::learner::lowbit_core::tests::learns_a_task_the_recurrence_is_required_for ... ok
fast build + product smoke	cargo test --workspace --lib	2026-09-30T17:01:10.4749029Z test native_geometric::learner::lowbit_core::tests::out_of_range_token_is_clamped_not_a_panic ... ok
fast build + product smoke	cargo test --workspace --lib	2026-09-30T17:01:10.4754005Z test native_geometric::learner::lowbit_core::tests::rejects_inconsistent_shapes ... ok
fast build + product smoke	cargo test --workspace --lib	2026-09-30T17:01:10.4779163Z test native_geometric::learner::lowbit_core::tests::relu_keeps_the_state_non_negative ... ok
fast build + product smoke	cargo test --workspace --lib	2026-09-30T17:01:10.4841230Z test native_geometric::learner::lowbit_core::tests::training_is_deterministic_for_a_fixed_seed ... ok
fast build + product smoke	cargo test --workspace --lib	2026-09-30T17:01:10.4850346Z test native_geometric::learner::lowbit_core::tests::un_decayed_growth_wraps_without_panicking ... ok
fast build + product smoke	cargo test --workspace --lib	2026-09-30T17:01:10.4878227Z test native_geometric::learner::lowbit_core::tests::weights_are_ternary_at_two_bits_and_the_core_is_small ... ok
fast build + product smoke	cargo test --workspace --lib	2026-09-30T17:01:10.4898336Z test native_geometric::learner::observed_text_session::tests::byte_identity_joins_distinct_token_forms_and_restore_binds_capture_key ... ok
fast build + product smoke	cargo test --workspace --lib	2026-09-30T17:01:10.4928325Z test native_geometric::learner::observed_text_session::tests::candidate_and_feature_bounds_reject_unrepresentable_inputs ... ok
fast build + product smoke	cargo test --workspace --lib	2026-09-30T17:01:10.4929672Z test native_geometric::learner::observed_text_session::tests::candidate_features_distinguish_local_order_but_not_four_token_interiors ... ok
fast build + product smoke	cargo test --workspace --lib	2026-09-30T17:01:10.4985770Z test native_geometric::learner::observed_text_session::tests::every_emission_phase_and_final_eos_resume_independently ... ok
fast build + product smoke	cargo test --workspace --lib	2026-09-30T17:01:10.4987076Z test native_geometric::learner::observed_text_session::tests::fit_reports_extractor_and_action_baselines_on_their_own_units ... ok
fast build + product smoke	cargo test --workspace --lib	2026-09-30T17:01:10.5011515Z test native_geometric::learner::observed_text_session::tests::full_width_candidate_scores_preserve_the_winning_role_and_ties ... ok
fast build + product smoke	cargo test --workspace --lib	2026-09-30T17:01:10.5068292Z test native_geometric::learner::observed_text_session::tests::joint_decode_matches_exhaustive_enumeration_of_the_declared_space ... ok
fast build + product smoke	cargo test --workspace --lib	2026-09-30T17:01:10.5098235Z test native_geometric::learner::observed_text_session::tests::joint_update_equals_the_declared_scored_feature_difference ... ok
fast build + product smoke	cargo test --workspace --lib	2026-09-30T17:01:10.5128229Z test native_geometric::learner::observed_text_session::tests::lexical_keys_are_exact_and_identity_regimes_are_disjoint ... ok
fast build + product smoke	cargo test --workspace --lib	2026-09-30T17:01:10.5158302Z test native_geometric::learner::observed_text_session::tests::lexical_membership_matches_identity_but_does_not_replace_role_semantics ... ok
fast build + product smoke	cargo test --workspace --lib	2026-09-30T17:01:10.5188431Z test native_geometric::learner::observed_text_session::tests::loaded_runtime_preserves_goal_and_exact_multiword_source ... ok
fast build + product smoke	cargo test --workspace --lib	2026-09-30T17:01:10.5189686Z test native_geometric::learner::observed_text_session::tests::long_legal_phrase_completes_instead_of_being_silently_truncated ... ok
fast build + product smoke	cargo test --workspace --lib	2026-09-30T17:01:10.5248298Z test native_geometric::learner::observed_text_session::tests::malformed_or_foreign_snapshots_cannot_emit_unowned_content ... ok
fast build + product smoke	cargo test --workspace --lib	2026-09-30T17:01:10.5278229Z test native_geometric::learner::observed_text_session::tests::missing_fact_cycle_and_read_controls_have_explicit_terminal_reasons ... ok
fast build + product smoke	cargo test --workspace --lib	2026-09-30T17:01:10.5279647Z test native_geometric::learner::observed_text_session::tests::model_loader_and_fit_reject_invalid_semantics_and_source_labels ... ok
fast build + product smoke	cargo test --workspace --lib	2026-09-30T17:01:10.5368387Z test native_geometric::learner::observed_text_session::tests::ordered_feature_token_domain_is_explicit_at_every_boundary ... ok
fast build + product smoke	cargo test --workspace --lib	2026-09-30T17:01:10.5398267Z test native_geometric::learner::observed_text_session::tests::ordered_interval_products_equal_direct_noncommutative_composition ... ok
fast build + product smoke	cargo test --workspace --lib	2026-09-30T17:01:10.5399482Z test native_geometric::learner::observed_text_session::tests::ordered_segment_features_distinguish_interior_permutations ... ok
fast build + product smoke	cargo test --workspace --lib	2026-09-30T17:01:10.5400723Z test native_geometric::learner::observed_text_session::tests::restore_rejects_forged_role_phases_and_unrelated_valid_source_history ... ok
fast build + product smoke	cargo test --workspace --lib	2026-09-30T17:01:10.5402242Z test native_geometric::learner::observed_text_session::tests::segment_model_loader_rejects_invalid_fields_and_learns_background ... ok
fast build + product smoke	cargo test --workspace --lib	2026-09-30T17:01:10.5403507Z test native_geometric::learner::observed_text_session::tests::structured_decoder_admits_reordering_and_background_with_exact_scores ... ok
fast build + product smoke	cargo test --workspace --lib	2026-09-30T17:01:10.5404763Z test native_geometric::learner::observed_text_session::tests::supervision_rejects_conflicts_overlaps_and_unrepresentable_cues ... ok
fast build + product smoke	cargo test --workspace --lib	2026-09-30T17:01:10.5405946Z test native_geometric::learner::observed_text_session::tests::the_extractor_locates_roles_and_goals_without_gold_fields ... ok
fast build + product smoke	cargo test --workspace --lib	2026-09-30T17:01:10.5407029Z test native_geometric::learner::occurrence::tests::a_hand_built_example_reduces_loss_and_moves_the_weight ... ok
fast build + product smoke	cargo test --workspace --lib	2026-09-30T17:01:10.5408203Z test native_geometric::learner::occurrence::tests::admission_uses_only_the_causal_prefix_and_respects_the_bound ... ok
fast build + product smoke	cargo test --workspace --lib	2026-09-30T17:01:10.5409247Z test native_geometric::learner::occurrence::tests::artifact_round_trips_and_rejects_malformed_input ... ok
fast build + product smoke	cargo test --workspace --lib	2026-09-30T17:01:10.5410268Z test native_geometric::learner::occurrence::tests::checkpoint_round_trips_and_rejects_a_foreign_identity ... ok
fast build + product smoke	cargo test --workspace --lib	2026-09-30T17:01:10.5411246Z test native_geometric::learner::occurrence::tests::evicted_slots_are_reported_not_silently_absent ... ok
fast build + product smoke	cargo test --workspace --lib	2026-09-30T17:01:10.5412240Z test native_geometric::learner::occurrence::tests::features_are_indicators_and_the_newest_flag_is_unique ... ok
fast build + product smoke	cargo test --workspace --lib	2026-09-30T17:01:10.5413324Z test native_geometric::learner::occurrence::tests::geometric_slot_equality_fires_for_distinct_tokens_in_the_same_slot ... ok
fast build + product smoke	cargo test --workspace --lib	2026-09-30T17:01:10.5414341Z test native_geometric::learner::occurrence::tests::no_read_leaves_the_local_logits_untouched ... ok
fast build + product smoke	cargo test --workspace --lib	2026-09-30T17:01:10.5415320Z test native_geometric::learner::occurrence::tests::ring_reset_stales_every_reference_and_rejects_future_indices ... ok
fast build + product smoke	cargo test --workspace --lib	2026-09-30T17:01:10.5416450Z test native_geometric::learner::occurrence::tests::selector_threshold_prevents_a_forced_copy_and_ties_go_to_the_newer ... ok
fast build + product smoke	cargo test --workspace --lib	2026-09-30T17:01:10.5417707Z test native_geometric::learner::occurrence::tests::trainer_quantization_preserves_the_ranking_and_respects_the_bound ... ok
fast build + product smoke	cargo test --workspace --lib	2026-09-30T17:01:10.5418831Z test native_geometric::learner::policy_feasibility::tests::bounds_and_acceptance_share_the_tolerated_feasible_set ... ok
fast build + product smoke	cargo test --workspace --lib	2026-09-30T17:01:10.5419912Z test native_geometric::learner::policy_feasibility::tests::fixed_objective_is_included_in_every_subtree_bound ... ok
fast build + product smoke	cargo test --workspace --lib	2026-09-30T17:01:10.5420889Z test native_geometric::learner::policy_feasibility::tests::integer_outcomes_match_the_ideal_identity ... ok
fast build + product smoke	cargo test --workspace --lib	2026-09-30T17:01:10.5421905Z test native_geometric::learner::policy_feasibility::tests::saturated_boost_uses_its_effective_integer_change ... ok
fast build + product smoke	cargo test --workspace --lib	2026-09-30T17:01:10.5422988Z test native_geometric::learner::policy_feasibility::tests::solver_finds_the_text_minimum_under_a_preservation_floor ... ok
fast build + product smoke	cargo test --workspace --lib	2026-09-30T17:01:10.5424224Z test native_geometric::learner::prefix_artifact::tests::artifact_round_trips_and_rejects_malformed_input ... ok
fast build + product smoke	cargo test --workspace --lib	2026-09-30T17:01:10.5425276Z test native_geometric::learner::prefix_artifact::tests::exact_table_matches_the_floating_table_under_the_bijection ... ok
fast build + product smoke	cargo test --workspace --lib	2026-09-30T17:01:10.5426364Z test native_geometric::learner::prefix_artifact::tests::historical_mapping_is_a_bijection_and_preserves_negation ... ok
fast build + product smoke	cargo test --workspace --lib	2026-09-30T17:01:10.5427431Z test native_geometric::learner::prefix_artifact::tests::palette_identity_matches_the_bound_table_identity ... ok
fast build + product smoke	cargo test --workspace --lib	2026-09-30T17:01:10.5458651Z test native_geometric::learner::prefix_artifact::tests::sorted_table_matches_the_canonical_closure_identity ... ok
fast build + product smoke	cargo test --workspace --lib	2026-09-30T17:01:10.5459679Z test native_geometric::learner::prefix_state::tests::action_credit_is_zero_before_warmup_and_nonzero_after ... ok
fast build + product smoke	cargo test --workspace --lib	2026-09-30T17:01:10.5460743Z test native_geometric::learner::prefix_state::tests::checkpoint_round_trips_and_resume_matches_an_uninterrupted_run ... ok
fast build + product smoke	cargo test --workspace --lib	2026-09-30T17:01:10.5461931Z test native_geometric::learner::prefix_state::tests::fixed_action_arm_never_moves_its_action_map ... ok
fast build + product smoke	cargo test --workspace --lib	2026-09-30T17:01:10.5463036Z test native_geometric::learner::prefix_state::tests::learned_older_gradient_reaches_an_earlier_token_while_local_inputs_are_unchanged ... ok
fast build + product smoke	cargo test --workspace --lib	2026-09-30T17:01:10.5464213Z test native_geometric::learner::prefix_state::tests::local_tail_state_is_the_pair_product_and_is_availability_masked ... ok
fast build + product smoke	cargo test --workspace --lib	2026-09-30T17:01:10.5465346Z test native_geometric::learner::prefix_state::tests::older_prefix_excludes_the_local_pair_and_is_empty_before_three_tokens ... ok
fast build + product smoke	cargo test --workspace --lib	2026-09-30T17:01:10.5466454Z test native_geometric::learner::prefix_state::tests::palette_contains_the_identity_and_closes_over_the_whole_group ... ok
fast build + product smoke	cargo test --workspace --lib	2026-09-30T17:01:10.5467506Z test native_geometric::learner::prefix_state::tests::residual_scale_is_exactly_reader_times_output_shifts ... ok
fast build + product smoke	cargo test --workspace --lib	2026-09-30T17:01:10.5468788Z test native_geometric::learner::prefix_state::tests::state_adjoint_matches_finite_difference_of_the_continuous_extension ... ok
fast build + product smoke	cargo test --workspace --lib	2026-09-30T17:01:10.5469851Z test native_geometric::learner::prefix_state::tests::step_zero_reproduces_the_parent_scores_exactly ... ok
fast build + product smoke	cargo test --workspace --lib	2026-09-30T17:01:10.5470819Z test native_geometric::learner::prefix_state::tests::targets_iterator_is_the_shared_n_minus_one_contract ... ok
fast build + product smoke	cargo test --workspace --lib	2026-09-30T17:01:10.5471760Z test native_geometric::learner::prefix_state::tests::two_older_prefix_arms_agree_through_warmup ... ok
fast build + product smoke	cargo test --workspace --lib	2026-09-30T17:01:10.5472813Z test native_geometric::learner::prior_learning::tests::a_common_offset_changes_nothing_and_extreme_errors_are_uncapped ... ok
fast build + product smoke	cargo test --workspace --lib	2026-09-30T17:01:10.5473829Z test native_geometric::learner::prior_learning::tests::a_mid_pass_checkpoint_continues_exactly ... ok
fast build + product smoke	cargo test --workspace --lib	2026-09-30T17:01:10.5474842Z test native_geometric::learner::prior_learning::tests::a_resumed_split_run_equals_an_uninterrupted_run_in_full_state ... ok
fast build + product smoke	cargo test --workspace --lib	2026-09-30T17:01:10.5475951Z test native_geometric::learner::prior_learning::tests::artifact_roundtrip_is_exact_and_malformed_inputs_are_rejected ... ok
fast build + product smoke	cargo test --workspace --lib	2026-09-30T17:01:10.5477059Z test native_geometric::learner::prior_learning::tests::the_authored_witness_represents_all_sixteen_pairs_exactly ... ok
fast build + product smoke	cargo test --workspace --lib	2026-09-30T17:01:10.5478237Z test native_geometric::learner::prior_learning::tests::the_balanced_fixture_has_pure_contexts_and_uniform_targets ... ok
fast build + product smoke	cargo test --workspace --lib	2026-09-30T17:01:10.5479388Z test native_geometric::learner::prior_learning::tests::the_frozen_bias_reproduces_the_fit_unigram_up_to_quantization ... ok
fast build + product smoke	cargo test --workspace --lib	2026-09-30T17:01:10.5480420Z test native_geometric::learner::prior_learning::tests::the_iterator_scores_exactly_n_minus_one_targets ... ok
fast build + product smoke	cargo test --workspace --lib	2026-09-30T17:01:10.5481440Z test native_geometric::learner::prior_learning::tests::the_schedule_is_a_permutation_with_a_partial_final_batch ... ok
fast build + product smoke	cargo test --workspace --lib	2026-09-30T17:01:10.5482482Z test native_geometric::learner::prior_learning::tests::the_ste_gradient_matches_a_hand_computed_credit_path ... ok
fast build + product smoke	cargo test --workspace --lib	2026-09-30T17:01:10.5483685Z test native_geometric::learner::prior_learning::tests::training_and_serving_scores_are_the_same_computation ... ok
fast build + product smoke	cargo test --workspace --lib	2026-09-30T17:01:10.5484719Z test native_geometric::learner::prior_learning::tests::uniform_integer_scores_are_exactly_twelve_bits_at_v4096 ... ok
fast build + product smoke	cargo test --workspace --lib	2026-09-30T17:01:10.5485720Z test native_geometric::learner::query_read::tests::artifact_round_trips_and_rejects_malformed_input ... ok
fast build + product smoke	cargo test --workspace --lib	2026-09-30T17:01:10.5486816Z test native_geometric::learner::query_read::tests::categorical_credit_matches_the_state_relaxation_and_distinguishes_a_from_b ... ok
fast build + product smoke	cargo test --workspace --lib	2026-09-30T17:01:10.5518129Z test native_geometric::learner::query_read::tests::checked_input_rejects_out_of_vocabulary_tokens_and_empty_prompts ... ok
fast build + product smoke	cargo test --workspace --lib	2026-09-30T17:01:10.5519223Z test native_geometric::learner::query_read::tests::checkpoint_round_trips_and_resume_rejects_a_different_arm ... ok
fast build + product smoke	cargo test --workspace --lib	2026-09-30T17:01:10.5520284Z test native_geometric::learner::query_read::tests::constructive_query_interaction_witness_after_export_and_reload ... ok
fast build + product smoke	cargo test --workspace --lib	2026-09-30T17:01:10.5521281Z test native_geometric::learner::query_read::tests::future_tokens_cannot_change_a_prediction ... ok
fast build + product smoke	cargo test --workspace --lib	2026-09-30T17:01:10.5578389Z test native_geometric::learner::query_read::tests::inference_rows_equal_the_training_path_rows_on_every_position ... ok
fast build + product smoke	cargo test --workspace --lib	2026-09-30T17:01:10.5638352Z test native_geometric::learner::query_read::tests::inference_seam_folds_history_at_most_once_and_never_for_the_local_arm ... ok
fast build + product smoke	cargo test --workspace --lib	2026-09-30T17:01:10.5728302Z test native_geometric::learner::query_read::tests::learned_query_credit_fixture_passes_and_survives_interventions ... ok
fast build + product smoke	cargo test --workspace --lib	2026-09-30T17:01:10.5729559Z test native_geometric::learner::query_read::tests::legacy_zero_digest_imports_only_through_the_restricted_path_and_repairs_cleanly ... ok
fast build + product smoke	cargo test --workspace --lib	2026-09-30T17:01:10.5758277Z test native_geometric::learner::query_read::tests::local_arm_is_invariant_under_an_older_prefix_change ... ok
fast build + product smoke	cargo test --workspace --lib	2026-09-30T17:01:10.5788318Z test native_geometric::learner::query_read::tests::mixed_difference_is_the_declared_algebra_and_coincident_rows_receive_two_credits ... ok
fast build + product smoke	cargo test --workspace --lib	2026-09-30T17:01:10.5818260Z test native_geometric::learner::query_read::tests::older_prefix_excludes_the_local_pair_and_masks_early_positions ... ok
fast build + product smoke	cargo test --workspace --lib	2026-09-30T17:01:10.5848234Z test native_geometric::learner::query_read::tests::palette_slot_and_group_identity_are_resolved_through_the_bound_mapping ... ok
fast build + product smoke	cargo test --workspace --lib	2026-09-30T17:01:10.5868272Z test native_geometric::learner::query_read::tests::q_and_s_agree_exactly_through_warmup ... ok
fast build + product smoke	cargo test --workspace --lib	2026-09-30T17:01:10.5888300Z test native_geometric::learner::query_read::tests::reader_and_output_gradients_match_a_continuous_surrogate ... ok
fast build + product smoke	cargo test --workspace --lib	2026-09-30T17:01:10.5938154Z test native_geometric::learner::query_read::tests::step_zero_reproduces_the_frozen_parent_exactly ... ok
fast build + product smoke	cargo test --workspace --lib	2026-09-30T17:01:10.5968208Z test native_geometric::learner::query_read::tests::tokenizer_identity_round_trips_and_a_mismatch_is_rejected ... ok
fast build + product smoke	cargo test --workspace --lib	2026-09-30T17:01:10.5998236Z test native_geometric::learner::read_conditioned::tests::identity_maps_leave_the_state_unchanged_and_round_trip ... ok
fast build + product smoke	cargo test --workspace --lib	2026-09-30T17:01:10.6028205Z test native_geometric::learner::read_conditioned::tests::loader_rejects_unbounded_or_ambiguous_domains ... ok
fast build + product smoke	cargo test --workspace --lib	2026-09-30T17:01:10.6058166Z test native_geometric::learner::realtext_support::tests::cycle_certificates_distinguish_pair_from_ring ... ok
fast build + product smoke	cargo test --workspace --lib	2026-09-30T17:01:10.6088087Z test native_geometric::learner::realtext_support::tests::older_len_excludes_the_local_pair ... ok
fast build + product smoke	cargo test --workspace --lib	2026-09-30T17:01:10.6118160Z test native_geometric::learner::realtext_support::tests::reference_argmax_scans_the_whole_vocabulary ... ok
fast build + product smoke	cargo test --workspace --lib	2026-09-30T17:01:10.6148289Z test native_geometric::learner::relational::tests::a_correct_payload_learns_a_positive_read_at_a_bounded_strength ... ok
fast build + product smoke	cargo test --workspace --lib	2026-09-30T17:01:10.6178308Z test native_geometric::learner::relational::tests::action_loss_matches_the_closed_form_and_prefers_the_reference_optimum ... ok
fast build + product smoke	cargo test --workspace --lib	2026-09-30T17:01:10.6208244Z test native_geometric::learner::relational::tests::admission_shares_any_exact_context_token_and_respects_the_bound ... ok
fast build + product smoke	cargo test --workspace --lib	2026-09-30T17:01:10.6238279Z test native_geometric::learner::relational::tests::an_all_zero_interaction_reproduces_the_factorised_selector_exactly ... ok
fast build + product smoke	cargo test --workspace --lib	2026-09-30T17:01:10.6268208Z test native_geometric::learner::relational::tests::artifact_rejects_invalid_map_values_and_vocabulary_alignment ... ok
fast build + product smoke	cargo test --workspace --lib	2026-09-30T17:01:10.6298213Z test native_geometric::learner::relational::tests::artifact_round_trips_the_encoding_and_rejects_mismatches ... ok
fast build + product smoke	cargo test --workspace --lib	2026-09-30T17:01:10.6328247Z test native_geometric::learner::relational::tests::categorical_checkpoint_preserves_learned_codes_and_continuation ... ok
fast build + product smoke	cargo test --workspace --lib	2026-09-30T17:01:10.6358399Z test native_geometric::learner::relational::tests::categorical_search_changes_the_map_and_preserves_ties_and_unrelated_tokens ... ok
fast build + product smoke	cargo test --workspace --lib	2026-09-30T17:01:10.6388173Z test native_geometric::learner::relational::tests::checkpoint_round_trips_and_rejects_a_foreign_identity ... ok
fast build + product smoke	cargo test --workspace --lib	2026-09-30T17:01:10.6418351Z test native_geometric::learner::relational::tests::descriptor_search_is_deduplicated_strict_and_never_increases_the_objective ... ok
fast build + product smoke	cargo test --workspace --lib	2026-09-30T17:01:10.6448260Z test native_geometric::learner::relational::tests::descriptor_search_never_increases_the_objective_and_is_bounded ... ok
fast build + product smoke	cargo test --workspace --lib	2026-09-30T17:01:10.6478179Z test native_geometric::learner::relational::tests::legacy_checkpoint_is_explicitly_geometric_only ... ok
fast build + product smoke	cargo test --workspace --lib	2026-09-30T17:01:10.6498252Z test native_geometric::learner::relational::tests::no_read_is_available_and_beats_a_doomed_read ... ok
fast build + product smoke	cargo test --workspace --lib	2026-09-30T17:01:10.6538215Z test native_geometric::learner::relational::tests::relation_is_common_left_invariant_and_not_right_invariant ... ok
fast build + product smoke	cargo test --workspace --lib	2026-09-30T17:01:10.6568212Z test native_geometric::learner::relational::tests::selector_rejects_extreme_coefficients_without_overflow ... ok
fast build + product smoke	cargo test --workspace --lib	2026-09-30T17:01:10.6598238Z test native_geometric::learner::relational::tests::the_bucket_key_ignores_the_interaction_and_the_strength_bias ... ok
fast build + product smoke	cargo test --workspace --lib	2026-09-30T17:01:10.6628186Z test native_geometric::learner::relational::tests::the_centre_is_central_and_the_antipodal_relative_element ... ok
fast build + product smoke	cargo test --workspace --lib	2026-09-30T17:01:10.6658282Z test native_geometric::learner::relational::tests::the_confidence_interface_round_trips_and_rejects_malformed_tables ... ok
fast build + product smoke	cargo test --workspace --lib	2026-09-30T17:01:10.6688258Z test native_geometric::learner::relational::tests::the_contextual_interaction_survives_the_versioned_artifact_round_trip ... ok
fast build + product smoke	cargo test --workspace --lib	2026-09-30T17:01:10.6718237Z test native_geometric::learner::relational::tests::the_direct_action_policy_round_trips_and_rejects_bad_opcodes ... ok
fast build + product smoke	cargo test --workspace --lib	2026-09-30T17:01:10.6748279Z test native_geometric::learner::relational::tests::the_direct_policy_fitter_respects_support_fallback_and_the_abstention_tie ... ok
fast build + product smoke	cargo test --workspace --lib	2026-09-30T17:01:10.6778250Z test native_geometric::learner::relational::tests::the_fit_event_bucket_and_source_equal_the_reloaded_selector_contract ... ok
fast build + product smoke	cargo test --workspace --lib	2026-09-30T17:01:10.6808250Z test native_geometric::learner::relational::tests::the_interaction_fit_moves_entries_and_lowers_the_served_objective ... ok
fast build + product smoke	cargo test --workspace --lib	2026-09-30T17:01:10.6838306Z test native_geometric::learner::relational::tests::the_policy_decision_reads_the_causal_payload_gap_and_the_ungated_top_source ... ok
fast build + product smoke	cargo test --workspace --lib	2026-09-30T17:01:10.6868190Z test native_geometric::learner::relational::tests::the_regret_decomposition_is_exact_and_nonnegative ... ok
fast build + product smoke	cargo test --workspace --lib	2026-09-30T17:01:10.6898289Z test native_geometric::learner::relational::tests::the_signed_relation_separates_the_authored_present_and_absent_final_query ... ok
fast build + product smoke	cargo test --workspace --lib	2026-09-30T17:01:10.6928217Z test native_geometric::learner::relational::tests::the_single_relation_function_agrees_with_the_trainers_own_index ... ok
fast build + product smoke	cargo test --workspace --lib	2026-09-30T17:01:10.6958204Z test native_geometric::learner::relational::tests::the_without_relation_comparator_drops_only_the_relation_term ... ok
fast build + product smoke	cargo test --workspace --lib	2026-09-30T17:01:10.6988224Z test native_geometric::learner::relational_session::tests::group_identity_and_cyclic_zero_have_their_actual_meaning ... ok
fast build + product smoke	cargo test --workspace --lib	2026-09-30T17:01:10.7018219Z test native_geometric::learner::relational_session::tests::policy_features_are_not_reconstructed_from_action_labels ... ok
fast build + product smoke	cargo test --workspace --lib	2026-09-30T17:01:10.7048259Z test native_geometric::learner::relational_session::tests::the_categorical_control_is_fitted_from_the_same_supervision ... ok
fast build + product smoke	cargo test --workspace --lib	2026-09-30T17:01:10.7078245Z test native_geometric::learner::relational_session::tests::the_follow_map_and_continuation_policy_are_learned ... ok
fast build + product smoke	cargo test --workspace --lib	2026-09-30T17:01:10.7108227Z test native_geometric::learner::relational_session::tests::the_learned_compatibility_selects_the_answered_role ... ok
fast build + product smoke	cargo test --workspace --lib	2026-09-30T17:01:10.7138263Z test native_geometric::learner::relational_session::tests::the_model_and_frame_round_trip_and_reject_malformed_bytes ... ok
fast build + product smoke	cargo test --workspace --lib	2026-09-30T17:01:10.7168292Z test native_geometric::learner::relative_action_learning::tests::learns_relation_action_and_generalizes_composed_vectors ... ok
fast build + product smoke	cargo test --workspace --lib	2026-09-30T17:01:10.7198309Z test native_geometric::learner::relative_action_learning::tests::rejects_missing_classes_unknown_relation_and_bad_artifact ... ok
fast build + product smoke	cargo test --workspace --lib	2026-09-30T17:01:10.7228223Z test native_geometric::learner::result_decoder::tests::decoder_round_trips_and_separates_identity_from_noread ... ok
fast build + product smoke	cargo test --workspace --lib	2026-09-30T17:01:10.7258205Z test native_geometric::learner::result_decoder::tests::relative_result_is_the_frame_free_ordered_product ... ok
fast build + product smoke	cargo test --workspace --lib	2026-09-30T17:01:10.7288355Z test native_geometric::learner::result_decoder::tests::supervised_outer_operations_are_parameters_and_absent_reads_do_not_score ... ok
fast build + product smoke	cargo test --workspace --lib	2026-09-30T17:01:10.7438293Z test native_geometric::learner::result_decoder::tests::the_state_bound_and_fit_improve_development_hits ... ok
fast build + product smoke	cargo test --workspace --lib	2026-09-30T17:01:10.7439569Z test native_geometric::learner::result_decoder::tests::v2_distinguishes_unknown_operands_from_identity_and_v1_keeps_legacy_policy ... ok
fast build + product smoke	cargo test --workspace --lib	2026-09-30T17:01:10.7458346Z test native_geometric::learner::scoped_memory::tests::a_pinned_view_hides_later_commits_and_missing_history_is_typed ... ok
fast build + product smoke	cargo test --workspace --lib	2026-09-30T17:01:10.7498307Z test native_geometric::learner::scoped_memory::tests::assert_correction_conflict_and_same_value_reassertion_are_distinct ... ok
fast build + product smoke	cargo test --workspace --lib	2026-09-30T17:01:10.7508362Z test native_geometric::learner::scoped_memory::tests::bound_out_of_band_eos_is_valid_but_out_of_vocabulary_payload_is_not ... ok
fast build + product smoke	cargo test --workspace --lib	2026-09-30T17:01:10.7558319Z test native_geometric::learner::scoped_memory::tests::capacity_releases_each_expired_payload_after_multiple_overflows ... ok
fast build + product smoke	cargo test --workspace --lib	2026-09-30T17:01:10.7588361Z test native_geometric::learner::scoped_memory::tests::central_sign_fold_identifies_opposites_that_the_signed_action_separates ... ok
fast build + product smoke	cargo test --workspace --lib	2026-09-30T17:01:10.7618261Z test native_geometric::learner::scoped_memory::tests::computation_consumes_the_grounded_result_and_respects_its_controls ... ok
fast build + product smoke	cargo test --workspace --lib	2026-09-30T17:01:10.7619466Z test native_geometric::learner::scoped_memory::tests::computation_identity_validates_dimensions_numbers_modes_and_fold ... ok
fast build + product smoke	cargo test --workspace --lib	2026-09-30T17:01:10.7648299Z test native_geometric::learner::scoped_memory::tests::computation_restore_rejects_operation_state_source_control_and_query_tampering ... ok
fast build + product smoke	cargo test --workspace --lib	2026-09-30T17:01:10.7708393Z test native_geometric::learner::scoped_memory::tests::computed_operand_payload_is_bound_after_source_eviction_with_legacy_compatibility ... ok
fast build + product smoke	cargo test --workspace --lib	2026-09-30T17:01:10.7738311Z test native_geometric::learner::scoped_memory::tests::computed_source_can_be_followed_and_two_result_redirects_resume_after_source_eviction ... ok
fast build + product smoke	cargo test --workspace --lib	2026-09-30T17:01:10.7768242Z test native_geometric::learner::scoped_memory::tests::declared_capacity_releases_the_oldest_payload_as_a_visible_tombstone ... ok
fast build + product smoke	cargo test --workspace --lib	2026-09-30T17:01:10.7798262Z test native_geometric::learner::scoped_memory::tests::dependent_snapshot_preserves_one_history_and_rejects_capture_retargeting ... ok
fast build + product smoke	cargo test --workspace --lib	2026-09-30T17:01:10.7828237Z test native_geometric::learner::scoped_memory::tests::key_encoding_is_injective_where_delimiter_concatenation_collides ... ok
fast build + product smoke	cargo test --workspace --lib	2026-09-30T17:01:10.7858136Z test native_geometric::learner::scoped_memory::tests::lexicon_rejects_ambiguous_and_ungrounded_entries ... ok
fast build + product smoke	cargo test --workspace --lib	2026-09-30T17:01:10.7888308Z test native_geometric::learner::scoped_memory::tests::old_three_class_intent_migrates_without_selecting_an_unfitted_fourth_class ... ok
fast build + product smoke	cargo test --workspace --lib	2026-09-30T17:01:10.7918312Z test native_geometric::learner::scoped_memory::tests::older_session_versions_report_explicit_incompatibility_before_field_decoding ... ok
fast build + product smoke	cargo test --workspace --lib	2026-09-30T17:01:10.7948190Z test native_geometric::learner::scoped_memory::tests::origin_liveness_checks_lineage_history_and_owned_contents ... ok
fast build + product smoke	cargo test --workspace --lib	2026-09-30T17:01:10.7978288Z test native_geometric::learner::scoped_memory::tests::oversized_answer_is_rejected_before_emission_and_counters_do_not_wrap ... ok
fast build + product smoke	cargo test --workspace --lib	2026-09-30T17:01:10.8008301Z test native_geometric::learner::scoped_memory::tests::owned_previous_distinct_capture_survives_new_public_eviction_barrier ... ok
fast build + product smoke	cargo test --workspace --lib	2026-09-30T17:01:10.8038296Z test native_geometric::learner::scoped_memory::tests::pinned_history_rejects_a_same_lineage_fork_but_capture_survives_eviction ... ok
fast build + product smoke	cargo test --workspace --lib	2026-09-30T17:01:10.8068269Z test native_geometric::learner::scoped_memory::tests::previous_distinct_skips_reassertions_while_previous_assertion_does_not ... ok
fast build + product smoke	cargo test --workspace --lib	2026-09-30T17:01:10.8091615Z test native_geometric::learner::scoped_memory::tests::public_previous_distinct_keeps_eviction_barrier_for_equal_tombstone ... ok
fast build + product smoke	cargo test --workspace --lib	2026-09-30T17:01:10.8118322Z test native_geometric::learner::scoped_memory::tests::raw_request_restore_rederives_observed_operations_and_compute_ingestion_writes_nothing ... ok
fast build + product smoke	cargo test --workspace --lib	2026-09-30T17:01:10.8119828Z test native_geometric::learner::scoped_memory::tests::realized_contract_selects_a_learned_word_from_owned_evidence ... ok
fast build + product smoke	cargo test --workspace --lib	2026-09-30T17:01:10.8148231Z test native_geometric::learner::scoped_memory::tests::realized_pinned_words_survive_predecessor_and_origin_payload_eviction ... ok
fast build + product smoke	cargo test --workspace --lib	2026-09-30T17:01:10.8149392Z test native_geometric::learner::scoped_memory::tests::realized_restore_rejects_unearned_word_counters_before_capture ... ok
fast build + product smoke	cargo test --workspace --lib	2026-09-30T17:01:10.8150515Z test native_geometric::learner::scoped_memory::tests::realized_restore_replays_words_stop_and_terminator_at_every_boundary ... ok
fast build + product smoke	cargo test --workspace --lib	2026-09-30T17:01:10.8151693Z test native_geometric::learner::scoped_memory::tests::realized_vocabulary_cannot_bind_the_protocol_terminator_as_a_word ... ok
fast build + product smoke	cargo test --workspace --lib	2026-09-30T17:01:10.8152847Z test native_geometric::learner::scoped_memory::tests::reload_rejects_id_predecessor_coverage_capacity_and_payload_corruption ... ok
fast build + product smoke	cargo test --workspace --lib	2026-09-30T17:01:10.8153918Z test native_geometric::learner::scoped_memory::tests::scopes_and_relations_are_independent_addresses ... ok
fast build + product smoke	cargo test --workspace --lib	2026-09-30T17:01:10.8154952Z test native_geometric::learner::scoped_memory::tests::snapshot_enforces_owned_prefix_eos_capture_and_phase_at_each_step ... ok
fast build + product smoke	cargo test --workspace --lib	2026-09-30T17:01:11.3841557Z test native_geometric::learner::scoped_memory::tests::state_lexical_contract_emits_learned_words_around_the_exact_span_and_restores ... ok
fast build + product smoke	cargo test --workspace --lib	2026-09-30T17:01:11.9978924Z test native_geometric::learner::scoped_memory::tests::state_lexical_recurrence_control_changes_the_emitted_sequence ... ok
fast build + product smoke	cargo test --workspace --lib	2026-09-30T17:01:12.0022787Z test native_geometric::learner::scoped_memory::tests::state_lexical_restore_binds_exact_recurrent_state_at_every_phase ... ok
fast build + product smoke	cargo test --workspace --lib	2026-09-30T17:01:12.0031741Z test native_geometric::learner::scoped_memory::tests::store_round_trips_and_rejects_tampering ... ok
fast build + product smoke	cargo test --workspace --lib	2026-09-30T17:01:12.0068248Z test native_geometric::learner::scoped_memory::tests::tabulated_fit_is_independent_of_example_order_and_rejects_truncation ... ok
fast build + product smoke	cargo test --workspace --lib	2026-09-30T17:01:12.0090406Z test native_geometric::learner::shared_transition::tests::a_shifted_value_cannot_reuse_the_local_prior_and_steps_retain_state ... ok
fast build + product smoke	cargo test --workspace --lib	2026-09-30T17:01:12.0128329Z test native_geometric::learner::shared_transition::tests::exhaustion_is_not_a_learned_stop_and_v1_keeps_its_legacy_contract ... ok
fast build + product smoke	cargo test --workspace --lib	2026-09-30T17:01:12.0158313Z test native_geometric::learner::shared_transition::tests::finite_transition_reuses_intermediate_labels_and_never_invents_an_absent_operand ... ok
fast build + product smoke	cargo test --workspace --lib	2026-09-30T17:01:12.0168230Z test native_geometric::learner::shared_transition::tests::the_round_trip_preserves_every_learned_field ... ok
fast build + product smoke	cargo test --workspace --lib	2026-09-30T17:01:12.0169292Z test native_geometric::learner::shared_transition::tests::the_witness_subgroup_is_closed_and_non_abelian ... ok
fast build + product smoke	cargo test --workspace --lib	2026-09-30T17:01:12.0170433Z test native_geometric::learner::state_lexical::tests::artifact_load_rejects_overflowing_dimensions_biases_and_recurrent_ranges ... ok
fast build + product smoke	cargo test --workspace --lib	2026-09-30T17:01:19.0835915Z test native_geometric::learner::state_lexical::tests::authored_derived_key_cases_select_different_uncopied_words ... ok
fast build + product smoke	cargo test --workspace --lib	2026-09-30T17:01:26.1918943Z test native_geometric::learner::state_lexical::tests::copied_token_identity_enters_the_recurrence ... ok
fast build + product smoke	cargo test --workspace --lib	2026-09-30T17:01:26.1920181Z test native_geometric::learner::state_lexical::tests::equal_length_prefixes_over_different_symbols_reach_different_states ... ok
fast build + product smoke	cargo test --workspace --lib	2026-09-30T17:01:33.3518899Z test native_geometric::learner::state_lexical::tests::every_served_weight_is_ternary_and_every_embedding_is_four_bit ... ok
fast build + product smoke	cargo test --workspace --lib	2026-09-30T17:01:33.3520165Z test native_geometric::learner::state_lexical::tests::malformed_fit_inputs_return_errors_before_entering_the_optimizer ... ok
fast build + product smoke	cargo test --workspace --lib	2026-09-30T17:01:33.3521357Z test native_geometric::learner::state_lexical::tests::quantized_training_affine_matches_integer_export_with_fractional_biases ... ok
fast build + product smoke	cargo test --workspace --lib	2026-09-30T17:01:33.3522559Z test native_geometric::learner::state_lexical::tests::served_action_loss_keeps_large_finite_errors_without_probability_floor ... ok
fast build + product smoke	cargo test --workspace --lib	2026-09-30T17:01:40.4768929Z test native_geometric::learner::state_lexical::tests::the_artifact_round_trips_and_rejects_a_corrupt_bound ... ok
fast build + product smoke	cargo test --workspace --lib	2026-09-30T17:01:47.6329058Z test native_geometric::learner::state_lexical::tests::the_content_feature_is_ordered_suffix_aware_and_distinguishes_unknowns ... ok
fast build + product smoke	cargo test --workspace --lib	2026-09-30T17:01:51.8409352Z test native_geometric::learner::lowbit_core::tests::explore_recall_capacity has been running for over 60 seconds
fast build + product smoke	cargo test --workspace --lib	2026-09-30T17:01:54.7479042Z test native_geometric::learner::state_lexical::tests::the_fitted_decoder_reproduces_every_declared_sequence_through_the_served_path ... ok
fast build + product smoke	cargo test --workspace --lib	2026-09-30T17:01:54.7498357Z test native_geometric::learner::state_lexical::tests::weighted_objective_gradient_matches_finite_difference_and_example_permutation ... ok
fast build + product smoke	cargo test --workspace --lib	2026-09-30T17:01:54.7548130Z test native_geometric::learner::tests::test_canonical_h4_roots_properties ... ok
fast build + product smoke	cargo test --workspace --lib	2026-09-30T17:01:54.7549161Z test native_geometric::learner::tests::test_continuous_embedding_hopf_and_assignment ... ok
fast build + product smoke	cargo test --workspace --lib	2026-09-30T17:02:08.8872247Z test native_geometric::learner::tests::test_engram_integration_and_repetition_entropy ... ok
fast build + product smoke	cargo test --workspace --lib	2026-09-30T17:02:08.9268414Z test native_geometric::learner::tests::test_exported_model_context_scoring_and_hopf_state ... ok
fast build + product smoke	cargo test --workspace --lib	2026-09-30T17:02:09.1008711Z test native_geometric::learner::tests::test_jepa_trainer_learns_and_reduces_bpb ... ok
fast build + product smoke	cargo test --workspace --lib	2026-09-30T17:02:09.7603897Z test native_geometric::learner::tests::test_runtime_predict_offers_ascii_with_prose_tables ... ok
fast build + product smoke	cargo test --workspace --lib	2026-09-30T17:02:09.7628426Z test native_geometric::learner::tests::test_transition_table_and_discrete_quantization ... ok
fast build + product smoke	cargo test --workspace --lib	2026-09-30T17:02:09.7658269Z test native_geometric::learner::tl_execution::tests::compiled_prompt_reproduces_grounded_native_state ... ok
fast build + product smoke	cargo test --workspace --lib	2026-09-30T17:02:09.7688245Z test native_geometric::learner::tl_execution::tests::complete_rollout_matches_all_actions_tokens_and_final_state ... ok
fast build + product smoke	cargo test --workspace --lib	2026-09-30T17:02:09.7718125Z test native_geometric::learner::tl_execution::tests::copy_stop_tie_order_and_stop_state_are_native ... ok
fast build + product smoke	cargo test --workspace --lib	2026-09-30T17:02:09.7748083Z test native_geometric::learner::tl_execution::tests::malformed_inputs_do_not_panic ... ok
fast build + product smoke	cargo test --workspace --lib	2026-09-30T17:02:09.7898563Z test native_geometric::learner::transferable_lexical::checkpoint::continuation_tests::exact_checkpoint_resumes_latents_moments_and_updates ... ok
fast build + product smoke	cargo test --workspace --lib	2026-09-30T17:02:09.7928429Z test native_geometric::learner::transferable_lexical::checkpoint::continuation_tests::legacy_cursor_defaults_span_rng_and_new_cursor_round_trips ... ok
fast build + product smoke	cargo test --workspace --lib	2026-09-30T17:02:09.7988415Z test native_geometric::learner::transferable_lexical::checkpoint::continuation_tests::rejects_foreign_corrupt_and_truncated_checkpoint ... ok
fast build + product smoke	cargo test --workspace --lib	2026-09-30T17:02:09.7989889Z test native_geometric::learner::transferable_lexical::intervention::intervention_tests::changing_only_feedback_changes_learning_with_selected_evidence_fixed ... ok
fast build + product smoke	cargo test --workspace --lib	2026-09-30T17:02:09.7991320Z test native_geometric::learner::transferable_lexical::intervention::intervention_tests::invalid_intervention_does_not_update_trainer ... ok
fast build + product smoke	cargo test --workspace --lib	2026-09-30T17:02:09.7993224Z test native_geometric::learner::transferable_lexical::intervention::intervention_tests::original_copy_feedback_is_exactly_the_default_training_path ... ok
fast build + product smoke	cargo test --workspace --lib	2026-09-30T17:02:09.7994652Z test native_geometric::learner::transferable_lexical::read_plan::continuation_tests::compiled_readout_matches_every_row_and_reuses_buffers ... ok
fast build + product smoke	cargo test --workspace --lib	2026-09-30T17:02:09.7995949Z test native_geometric::learner::transferable_lexical::read_plan::continuation_tests::invalid_read_plan_dimensions_return_error ... ok
fast build + product smoke	cargo test --workspace --lib	2026-09-30T17:02:09.7997110Z test native_geometric::learner::transferable_lexical::tests::a_reordered_span_changes_the_evidence_fingerprint ... ok
fast build + product smoke	cargo test --workspace --lib	2026-09-30T17:02:09.7998368Z test native_geometric::learner::transferable_lexical::tests::artifact_rejects_biases_that_can_overflow_served_accumulators ... ok
fast build + product smoke	cargo test --workspace --lib	2026-09-30T17:02:09.7999515Z test native_geometric::learner::transferable_lexical::tests::artifact_round_trips_exactly_and_rejects_corruption ... ok
fast build + product smoke	cargo test --workspace --lib	2026-09-30T17:02:09.8000611Z test native_geometric::learner::transferable_lexical::tests::bits_are_normalised_over_the_legal_action_set_only ... ok
fast build + product smoke	cargo test --workspace --lib	2026-09-30T17:02:09.8001931Z test native_geometric::learner::transferable_lexical::tests::copy_is_illegal_without_a_live_owned_occurrence ... ok
fast build + product smoke	cargo test --workspace --lib	2026-09-30T17:02:09.8002917Z test native_geometric::learner::transferable_lexical::tests::declared_low_bit_bounds_hold ... ok
fast build + product smoke	cargo test --workspace --lib	2026-09-30T17:02:09.8825215Z test native_geometric::learner::transferable_lexical::tests::joint_source_and_feedback_identity_changes_fitted_actions ... ok
fast build + product smoke	cargo test --workspace --lib	2026-09-30T17:02:09.8826843Z test native_geometric::learner::transferable_lexical::tests::served_integer_maps_equal_the_exact_float_reference ... ok
fast build + product smoke	cargo test --workspace --lib	2026-09-30T17:02:09.8839076Z test native_geometric::learner::transferable_lexical::tests::temporal_meaning_is_authored_from_typed_state_not_from_the_route_key ... ok
fast build + product smoke	cargo test --workspace --lib	2026-09-30T17:02:09.8858445Z test native_geometric::learner::transferable_lexical::tests::the_readout_loss_gradient_matches_a_finite_difference_on_the_unquantised_bias ... ok
fast build + product smoke	cargo test --workspace --lib	2026-09-30T17:02:09.8888279Z test native_geometric::learner::transferable_lexical::tests::the_recurrence_consumes_the_actually_emitted_token ... ok
fast build + product smoke	cargo test --workspace --lib	2026-09-30T17:02:09.9758570Z test native_geometric::learner::transferable_lexical::tests::training_reduces_served_bits_on_a_synthetic_source ... ok
fast build + product smoke	cargo test --workspace --lib	2026-09-30T17:02:09.9788397Z test native_geometric::learner::transferable_lexical::warmstart_tests::fresh_optimizer_preserves_all_served_weights_and_resets_history ... ok
fast build + product smoke	cargo test --workspace --lib	2026-09-30T17:02:09.9878233Z test native_geometric::learner::vsa_codes::tests::distance_is_a_graded_function_of_the_root_dot_product ... ok
fast build + product smoke	cargo test --workspace --lib	2026-09-30T17:02:10.0028261Z test native_geometric::learner::vsa_codes::tests::root_codes_alias_the_vocabulary_onto_120_values ... ok
fast build + product smoke	cargo test --workspace --lib	2026-09-30T17:02:12.1550217Z test native_geometric::lexical_emission_tests::native_lexical_read_checkpoint_rejects_forged_payload_cursor_and_transients ... ok
fast build + product smoke	cargo test --workspace --lib	2026-09-30T17:02:14.2232821Z test native_geometric::lexical_emission_tests::native_lexical_read_disabled_control_stops_a_restored_partial_read ... ok
fast build + product smoke	cargo test --workspace --lib	2026-09-30T17:02:15.5673262Z test native_geometric::lexical_emission_tests::native_lexical_read_old_artifact_rejects_even_null_read_field ... ok
fast build + product smoke	cargo test --workspace --lib	2026-09-30T17:02:17.7879132Z test native_geometric::lexical_emission_tests::native_lexical_read_prediction_is_idempotent_and_mismatch_clears_cursor ... ok
fast build + product smoke	cargo test --workspace --lib	2026-09-30T17:02:20.0138988Z test native_geometric::lexical_emission_tests::native_lexical_read_preserves_selected_identity_among_equal_values ... ok
fast build + product smoke	cargo test --workspace --lib	2026-09-30T17:02:21.9708950Z test native_geometric::learner::lowbit_attention::tests::normalisation_moves_off_the_uniform_collapse ... FAILED
fast build + product smoke	cargo test --workspace --lib	2026-09-30T17:02:21.9718415Z test native_geometric::m1_profiler_tests::native_profiler_does_not_invent_power_or_thermals ... ok
fast build + product smoke	cargo test --workspace --lib	2026-09-30T17:02:22.2548984Z test native_geometric::lexical_emission_tests::native_lexical_read_signed_multidigit_cursor_restores_without_value_writes ... ok
fast build + product smoke	cargo test --workspace --lib	2026-09-30T17:02:23.0238868Z test native_geometric::memory_runtime::tests::occurrence_local_paths_preserve_noncommuting_order_and_signed_state ... ok
fast build + product smoke	cargo test --workspace --lib	2026-09-30T17:02:23.2749217Z test native_geometric::m1_profiler_tests::native_profiler_reports_only_measured_scope ... ok
fast build + product smoke	cargo test --workspace --lib	2026-09-30T17:02:23.7929070Z test native_geometric::memory_runtime::tests::occurrence_paths_compare_local_order_and_ignore_unrelated_prefix_and_gap ... ok
fast build + product smoke	cargo test --workspace --lib	2026-09-30T17:02:24.0438690Z test native_geometric::memory_runtime::tests::occurrence_scratch_is_bounded_and_evicted_source_cues_are_rejected ... ok
fast build + product smoke	cargo test --workspace --lib	2026-09-30T17:02:24.4601698Z test native_geometric::memory_runtime::tests::occurrence_transport_and_phases_are_invariant_to_common_frame_changes ... ok
fast build + product smoke	cargo test --workspace --lib	2026-09-30T17:02:24.7024937Z test native_geometric::memory_runtime::tests::occurrence_union_counts_each_feature_and_prior_once_without_merging_equal_tokens ... ok
fast build + product smoke	cargo test --workspace --lib	2026-09-30T17:02:24.7068376Z test native_geometric::memory_training::pointer_warmup_tests::native_query_bias_calibration_separates_opposing_contexts_and_skips_absent_rows ... ok
fast build + product smoke	cargo test --workspace --lib	2026-09-30T17:02:24.7069803Z test native_geometric::memory_training::pointer_warmup_tests::native_uniform_target_responsibility_reaches_a_starved_correct_route ... ok
fast build + product smoke	cargo test --workspace --lib	2026-09-30T17:02:25.0708999Z test native_geometric::memory_runtime::tests::query_context_v3_keeps_global_relative_geometry_and_flat_routes ... ok
fast build + product smoke	cargo test --workspace --lib	2026-09-30T17:02:26.7259532Z test native_geometric::memory_training::resumable::tests::native_occurrence_stream_restores_calibration_and_matches_integer_reduction ... ok
fast build + product smoke	cargo test --workspace --lib	2026-09-30T17:02:26.7260898Z test native_geometric::memory_training::resumable::tests::native_response_epoch_selection_does_not_reward_lost_targets ... ok
fast build + product smoke	cargo test --workspace --lib	2026-09-30T17:02:26.9359122Z test native_geometric::memory_training::resumable::tests::native_response_advancing_path_binds_config_and_mid_response_resume ... ok
fast build + product smoke	cargo test --workspace --lib	2026-09-30T17:02:27.3885117Z test native_geometric::memory_training::resumable::tests::native_response_fit_capacity_counts_extra_continuation ... ok
fast build + product smoke	cargo test --workspace --lib	2026-09-30T17:02:28.0464972Z test native_geometric::memory_training::resumable::tests::native_response_stream_requires_spans_and_valid_frozen_policy ... ok
fast build + product smoke	cargo test --workspace --lib	2026-09-30T17:02:28.8153093Z test native_geometric::memory_training::resumable::tests::native_response_stream_mid_response_resume_preserves_policy_and_artifact ... ok
fast build + product smoke	cargo test --workspace --lib	2026-09-30T17:02:28.8168412Z test native_geometric::memory_training::resumable::tests::native_stream_calibration_accumulates_population_before_applying_bias ... ok
fast build + product smoke	cargo test --workspace --lib	2026-09-30T17:02:29.5489175Z test native_geometric::memory_training::resumable::tests::native_stream_checkpoint_rejects_changed_sources_order_baseline_and_invalid_stage ... ok
fast build + product smoke	cargo test --workspace --lib	2026-09-30T17:02:30.1909057Z test native_geometric::memory_training::resumable::tests::native_stream_batch_capacity_preserves_legacy_query_reader_objective ... ok
fast build + product smoke	cargo test --workspace --lib	2026-09-30T17:02:30.1968432Z test native_geometric::memory_training::resumable::tests::native_stream_sampling_fills_distinct_population_and_keeps_tail ... ok
fast build + product smoke	cargo test --workspace --lib	2026-09-30T17:02:32.0418992Z test native_geometric::memory_training::resumable::tests::native_stream_span_supervision_observes_full_context_and_resumes_exact_population ... ok
fast build + product smoke	cargo test --workspace --lib	2026-09-30T17:02:32.0882092Z test native_geometric::memory_training::resumable::tests::native_stream_resume_preserves_floats_registry_calibration_and_selected_epoch ... ok
fast build + product smoke	cargo test --workspace --lib	2026-09-30T17:02:32.7049912Z test native_geometric::memory_training::resumable::tests::native_stream_span_supervision_rejects_invalid_missing_or_changed_masks ... ok
fast build + product smoke	cargo test --workspace --lib	2026-09-30T17:02:33.4308959Z test native_geometric::mixed_operators::tests::native_mixed_copy_targets_distinguish_equal_valued_earlier_and_latest_ids ... ok
fast build + product smoke	cargo test --workspace --lib	2026-09-30T17:02:34.6368623Z test native_geometric::mixed_operators::tests::native_mixed_disabled_controls_restore_dictionary_with_old_router ... ok
fast build + product smoke	cargo test --workspace --lib	2026-09-30T17:02:34.6388334Z test native_geometric::mixed_operators::tests::native_mixed_rejection_keeps_features_and_all_wrong_alternatives ... ok
fast build + product smoke	cargo test --workspace --lib	2026-09-30T17:02:35.3178970Z test native_geometric::mixed_operators::tests::native_mixed_prime_migration_preserves_encoded_old_word_and_scores ... ok
fast build + product smoke	cargo test --workspace --lib	2026-09-30T17:02:35.3208165Z test native_geometric::multi_step_reasoning_tests::native_multi_step_arithmetic_dag_composition ... ok
fast build + product smoke	cargo test --workspace --lib	2026-09-30T17:02:35.3921848Z test native_geometric::multi_step_reasoning_tests::native_multi_step_chained_rust_execution ... ok
fast build + product smoke	cargo test --workspace --lib	2026-09-30T17:02:35.3938550Z test native_geometric::multi_step_reasoning_tests::native_multi_step_constraint_preservation ... ok
fast build + product smoke	cargo test --workspace --lib	2026-09-30T17:02:35.3968326Z test native_geometric::multi_step_reasoning_tests::native_multi_step_counterfactual_intermediate_mutation ... ok
fast build + product smoke	cargo test --workspace --lib	2026-09-30T17:02:35.3998731Z test native_geometric::multi_step_reasoning_tests::native_multi_step_intermediate_ablation ... ok
fast build + product smoke	cargo test --workspace --lib	2026-09-30T17:02:35.4028143Z test native_geometric::multi_step_reasoning_tests::native_multi_step_novel_operand_transfer ... ok
fast build + product smoke	cargo test --workspace --lib	2026-09-30T17:02:36.0098770Z test native_geometric::mixed_operators::tests::native_mixed_training_frames_exclude_overflowing_add_candidates ... ok
fast build + product smoke	cargo test --workspace --lib	2026-09-30T17:02:36.0158320Z test native_geometric::numeral::tests::native_numeral_exact_signed_extremes_and_zphi_boundary ... ok
fast build + product smoke	cargo test --workspace --lib	2026-09-30T17:02:36.0218340Z test native_geometric::numeral::tests::native_numeral_scanner_preserves_cross_token_provenance_and_repeated_values ... ok
fast build + product smoke	cargo test --workspace --lib	2026-09-30T17:02:36.0278285Z test native_geometric::numeral::tests::native_numeral_scanner_rejects_overflow_and_noninteger_fragments ... ok
fast build + product smoke	cargo test --workspace --lib	2026-09-30T17:02:36.0279547Z test native_geometric::numeral::tests::native_numeral_scanner_serialization_keeps_unfinished_and_rejected_runs ... ok
fast build + product smoke	cargo test --workspace --lib	2026-09-30T17:02:36.0438580Z test native_geometric::multi_step_reasoning_tests::native_multi_step_relational_transitive_inference ... ok
fast build + product smoke	cargo test --workspace --lib	2026-09-30T17:02:37.6913160Z test native_geometric::operation_transition_tests::native_operation_transition_checkpoint_and_cap_survive_repeated_operations ... ok
fast build + product smoke	cargo test --workspace --lib	2026-09-30T17:02:38.5958903Z test native_geometric::operation_transition_tests::native_operation_transition_artifact_rejects_frozen_parent_and_shape_mutations ... ok
fast build + product smoke	cargo test --workspace --lib	2026-09-30T17:02:39.3239974Z test native_geometric::operation_transition_tests::native_operation_transition_completed_checkpoint_requires_boundary_but_prefill_does_not ... ok
fast build + product smoke	cargo test --workspace --lib	2026-09-30T17:02:40.2139155Z test native_geometric::operation_transition_tests::native_operation_transition_excludes_copy_alias_add_but_keeps_equal_distinct_literals ... ok
fast build + product smoke	cargo test --workspace --lib	2026-09-30T17:02:40.9408867Z test native_geometric::operation_transition_tests::native_operation_transition_exhausted_write_identity_never_offers_an_operator ... ok
fast build + product smoke	cargo test --workspace --lib	2026-09-30T17:02:41.1528602Z test native_geometric::ordered_state::report::ordered_corpus_and_prefix_arithmetic ... ok
fast build + product smoke	cargo test --workspace --lib	2026-09-30T17:02:41.1548672Z test native_geometric::ordered_state::report::ordered_state_learning_report ... ignored, bounded output-driven ordered-state fit, pinned parent and exclusive report
fast build + product smoke	cargo test --workspace --lib	2026-09-30T17:02:41.6718892Z test native_geometric::operation_transition_tests::native_operation_transition_prediction_is_idempotent_and_mismatch_does_not_write ... ok
fast build + product smoke	cargo test --workspace --lib	2026-09-30T17:02:41.9398880Z test native_geometric::recurrent_routing_tests::recurrent_routing_first_value_changes_second_source_under_equal_scan_work ... ok
fast build + product smoke	cargo test --workspace --lib	2026-09-30T17:02:41.9428285Z test native_geometric::recurrent_routing_tests::recurrent_routing_output_can_learn_eos_and_base_without_emitting_bos ... ok
fast build + product smoke	cargo test --workspace --lib	2026-09-30T17:02:41.9488191Z test native_geometric::recurrent_text::data::tests::recurrent_text_corpus_has_causal_depth_transfer ... ok
fast build + product smoke	cargo test --workspace --lib	2026-09-30T17:02:41.9518179Z test native_geometric::recurrent_text::data::tests::recurrent_text_trace_rejects_cycles_and_wrong_answers ... ok
fast build + product smoke	cargo test --workspace --lib	2026-09-30T17:02:41.9608217Z test native_geometric::recurrent_text::data::tests::recurrent_text_validation_rejects_noninitial_intervention ... ok
fast build + product smoke	cargo test --workspace --lib	2026-09-30T17:02:42.1758839Z test native_geometric::recurrent_text::report::actual_emission_updates_pending_query_and_export_rejects_corruption ... ok
fast build + product smoke	cargo test --workspace --lib	2026-09-30T17:02:42.1798576Z test native_geometric::recurrent_text::report::recurrent_text_learning_report ... ignored, bounded recurrent integration fit; exclusive report and pinned evidence required
fast build + product smoke	cargo test --workspace --lib	2026-09-30T17:02:43.0988958Z test native_geometric::relation_admission::tests::native_relation_admission_binds_replacement_writer_and_roundtrips ... ok
fast build + product smoke	cargo test --workspace --lib	2026-09-30T17:02:43.5249137Z test native_geometric::learner::geometric_attention::tests::ordered_words_win_at_every_difficulty ... ok
fast build + product smoke	cargo test --workspace --lib	2026-09-30T17:02:43.5278462Z test native_geometric::relation_admission::tests::native_relation_admission_periodic_phases_preserve_observed_counts ... ok
fast build + product smoke	cargo test --workspace --lib	2026-09-30T17:02:43.7344885Z test native_geometric::relation_admission::tests::native_relation_admission_exact_guard_and_crowded_fallback ... ok
fast build + product smoke	cargo test --workspace --lib	2026-09-30T17:02:43.7378464Z test native_geometric::relation_span::tests::retained_relation_pending_flush_commits_once_and_old_fields_stay_absent ... ok
fast build + product smoke	cargo test --workspace --lib	2026-09-30T17:02:43.7408365Z test native_geometric::relation_span::tests::retained_relation_span_conflict_compares_complete_value_and_revision_clears_it ... ok
fast build + product smoke	cargo test --workspace --lib	2026-09-30T17:02:43.7428376Z test native_geometric::relation_span::tests::retained_relation_span_shape_binds_padding_anchor_terminal_and_word_count ... ok
fast build + product smoke	cargo test --workspace --lib	2026-09-30T17:02:43.7429586Z test native_geometric::relation_span::tests::reverse_relation_span_compares_complete_value_across_anchor_directions ... ok
fast build + product smoke	cargo test --workspace --lib	2026-09-30T17:02:43.7431266Z test native_geometric::relation_span::tests::reverse_relation_span_shape_keeps_selected_endpoint_and_exact_start ... ok
fast build + product smoke	cargo test --workspace --lib	2026-09-30T17:02:43.7432471Z test native_geometric::relation_start::tests::contextual_relation_start_breaks_lowercase_shape_alias_with_occurrence_roles ... ok
fast build + product smoke	cargo test --workspace --lib	2026-09-30T17:02:43.7433644Z test native_geometric::relation_start::tests::relation_start_features_respect_candidate_endpoint_and_context ... ok
fast build + product smoke	cargo test --workspace --lib	2026-09-30T17:02:43.7434736Z test native_geometric::relation_start::tests::relation_start_shape_classes_are_lexical_identity_independent ... ok
fast build + product smoke	cargo test --workspace --lib	2026-09-30T17:02:43.7435912Z test native_geometric::relation_start_refinement::tests::relation_start_refinement_freezes_noncode_fields_and_keeps_inherited_keys ... ok
fast build + product smoke	cargo test --workspace --lib	2026-09-30T17:02:43.7437227Z test native_geometric::relation_start_refinement::tests::relation_start_refinement_label_schema_rejects_response_and_imprecise_identity ... ok
fast build + product smoke	cargo test --workspace --lib	2026-09-30T17:02:43.7468752Z test native_geometric::relation_start_refinement::tests::relation_start_refinement_witness_roundtrip_keeps_previous_router ... ok
fast build + product smoke	cargo test --workspace --lib	2026-09-30T17:02:43.7470007Z test native_geometric::relation_start_training::tests::contextual_relation_start_registry_counts_distinct_actual_owners ... ok
fast build + product smoke	cargo test --workspace --lib	2026-09-30T17:02:43.7471244Z test native_geometric::relation_start_training::tests::contextual_relation_start_registry_depends_on_recurring_prompt_words_only ... ok
fast build + product smoke	cargo test --workspace --lib	2026-09-30T17:02:43.7472469Z test native_geometric::relation_tests::native_relation_owner_scan_capacity_holds_every_match_count_up_to_the_full_view ... ok
fast build + product smoke	cargo test --workspace --lib	2026-09-30T17:02:43.7473615Z test native_geometric::relation_tests::native_relation_owner_scan_stops_at_the_fact_cutoff_and_the_turn_boundary ... ok
fast build + product smoke	cargo test --workspace --lib	2026-09-30T17:02:44.2229025Z test native_geometric::recurrent_routing_tests::recurrent_routing_joint_fit_preserves_parent_and_reloads_causal_state ... ok
fast build + product smoke	cargo test --workspace --lib	2026-09-30T17:02:44.2698173Z test native_geometric::relation_admission::tests::native_relation_boundary_alias_and_exact_cache_guard ... ok
fast build + product smoke	cargo test --workspace --lib	2026-09-30T17:02:44.3908197Z test native_geometric::relation_tests::native_relation_role_features_ignore_payload_renaming_and_global_pose ... ok
fast build + product smoke	cargo test --workspace --lib	2026-09-30T17:02:44.3928643Z test native_geometric::relation_tests::native_relation_versions_preserve_unrelated_members_and_conflicts ... ok
fast build + product smoke	cargo test --workspace --lib	2026-09-30T17:02:44.8458577Z test native_geometric::relation_tests::native_relation_role_path_keeps_context_order_and_direction ... ok
fast build + product smoke	cargo test --workspace --lib	2026-09-30T17:02:44.8488166Z test native_geometric::relational_attention::circuit::tests::exported_truth_tables_match_hard_training_path ... ok
fast build + product smoke	cargo test --workspace --lib	2026-09-30T17:02:44.8528333Z test native_geometric::relational_attention::circuit::tests::malformed_topologies_and_nonfinite_parameters_are_rejected ... ok
fast build + product smoke	cargo test --workspace --lib	2026-09-30T17:02:44.8551824Z test native_geometric::relational_attention::circuit::tests::soft_backward_matches_finite_differences_with_shared_wires ... ok
fast build + product smoke	cargo test --workspace --lib	2026-09-30T17:02:44.8578328Z test native_geometric::relational_attention::circuit::tests::surrogate_accumulates_shared_paths_and_direct_carries ... ok
fast build + product smoke	cargo test --workspace --lib	2026-09-30T17:02:44.8974210Z test native_geometric::relational_attention::data::tests::changed_source_changes_answer_without_changing_query_or_keys ... ok
fast build + product smoke	cargo test --workspace --lib	2026-09-30T17:02:45.0132621Z test native_geometric::relational_attention::data::tests::first_attention_corpus_balances_slots_values_and_unseen_keys ... ok
fast build + product smoke	cargo test --workspace --lib	2026-09-30T17:02:45.0578463Z test native_geometric::relation_tests::native_relation_snapshot_rejects_dangling_or_rewritten_current_versions ... ok
fast build + product smoke	cargo test --workspace --lib	2026-09-30T17:02:45.0829025Z test native_geometric::relational_attention::data::tests::validation_rejects_corrupt_answers_and_cross_split_families ... ok
fast build + product smoke	cargo test --workspace --lib	2026-09-30T17:02:45.1130455Z test native_geometric::relation_tests::native_writer_cue_identity_is_exact_and_does_not_change_reader_addresses ... ok
fast build + product smoke	cargo test --workspace --lib	2026-09-30T17:02:45.1131907Z test native_geometric::relational_attention::report::relational_attention_learning_report ... ignored, bounded actual attention curriculum; exclusive report directory required
fast build + product smoke	cargo test --workspace --lib	2026-09-30T17:02:45.1268348Z test native_geometric::relational_attention::data::tests::validation_rejects_query_identity_as_a_position_shortcut ... ok
fast build + product smoke	cargo test --workspace --lib	2026-09-30T17:02:45.1643024Z test native_geometric::relative_language::data::tests::relative_corpus_separates_lexical_and_construction_transfer_and_rejects_unrelated_edits ... ok
fast build + product smoke	cargo test --workspace --lib	2026-09-30T17:02:45.1645895Z test native_geometric::relative_language::report::relative_language_learning_report ... ignored, output-supervised contextual language relation fit with pinned artifacts and exclusive report
fast build + product smoke	cargo test --workspace --lib	2026-09-30T17:02:45.1688337Z test native_geometric::relative_language::runtime::tests::endpoint_retains_the_demonstrated_role_reversal_distinction ... ok
fast build + product smoke	cargo test --workspace --lib	2026-09-30T17:02:45.1698457Z test native_geometric::relative_language::runtime::tests::relative_topology_survives_unmatched_prefix_and_retains_order ... ok
fast build + product smoke	cargo test --workspace --lib	2026-09-30T17:02:45.3719066Z test native_geometric::relational_attention::report::relation_orientation_and_exact_export_validation ... ok
fast build + product smoke	cargo test --workspace --lib	2026-09-30T17:02:45.4388784Z test native_geometric::relative_language::report::corpus_and_lexical_boundaries_preserve_occurrences ... ok
fast build + product smoke	cargo test --workspace --lib	2026-09-30T17:02:46.7419590Z test native_geometric::response_entry_runtime_tests::native_response_entry_commits_only_selected_observation_and_tracks_actual_mismatch ... ok
fast build + product smoke	cargo test --workspace --lib	2026-09-30T17:02:46.9308985Z test native_geometric::response_entry_runtime_tests::native_response_entry_counts_unselected_eos_and_restores_a_new_boundary_after_eos ... ok
fast build + product smoke	cargo test --workspace --lib	2026-09-30T17:02:48.0249148Z test native_geometric::response_entry_runtime_tests::native_response_entry_first_unselected_or_mismatched_observation_closes_boundary ... ok
fast build + product smoke	cargo test --workspace --lib	2026-09-30T17:02:48.2519206Z test native_geometric::response_entry_runtime_tests::native_response_entry_eos_and_observation_cap_end_without_invented_tokens ... ok
fast build + product smoke	cargo test --workspace --lib	2026-09-30T17:02:49.5549071Z test native_geometric::response_entry_runtime_tests::native_response_entry_reuses_no_write_only_during_committed_response ... ok
fast build + product smoke	cargo test --workspace --lib	2026-09-30T17:02:49.7491920Z test native_geometric::response_entry_runtime_tests::native_response_entry_respects_typed_precedence_and_valid_gate_boundaries ... ok
fast build + product smoke	cargo test --workspace --lib	2026-09-30T17:02:50.4829137Z test native_geometric::response_entry_runtime_tests::native_response_entry_snapshot_rejects_foreign_origin_history_and_transient_fields ... ok
fast build + product smoke	cargo test --workspace --lib	2026-09-30T17:02:51.1549087Z test native_geometric::response_entry_runtime_tests::native_response_entry_uses_disjoint_entry_and_continuation_geometry_namespaces ... ok
fast build + product smoke	cargo test --workspace --lib	2026-09-30T17:02:52.7005030Z test native_geometric::response_entry_training_tests::native_response_entry_artifact_rejects_foreign_baseline_and_malformed_rows ... ok
fast build + product smoke	cargo test --workspace --lib	2026-09-30T17:02:52.8239379Z test native_geometric::response_entry_training_tests::native_response_entry_fitting_bootstraps_actual_selected_entry_and_freezes_numeric_baseline ... ok
fast build + product smoke	cargo test --workspace --lib	2026-09-30T17:02:53.2888884Z test native_geometric::response_entry_training_tests::native_response_entry_fitting_skips_overlong_and_overbudget_responses_whole ... ok
fast build + product smoke	cargo test --workspace --lib	2026-09-30T17:02:53.7441666Z test native_geometric::response_runtime_tests::advancing_response_geometry_changes_scores_inputs_without_changing_admission ... ok
fast build + product smoke	cargo test --workspace --lib	2026-09-30T17:02:53.9709157Z test native_geometric::response_runtime_tests::equal_value_occurrences_commit_distinct_reads_and_causal_successors ... ok
fast build + product smoke	cargo test --workspace --lib	2026-09-30T17:02:54.6058945Z test native_geometric::response_runtime_tests::response_control_removes_state_without_removing_the_memory_reader ... ok
fast build + product smoke	cargo test --workspace --lib	2026-09-30T17:02:54.6598947Z test native_geometric::response_runtime_tests::response_prediction_is_idempotent_and_wrong_observation_cannot_choose_a_source ... ok
fast build + product smoke	cargo test --workspace --lib	2026-09-30T17:02:55.4484392Z test native_geometric::response_runtime_tests::response_query_and_postings_stay_fixed_and_evicted_sources_are_not_read ... ok
fast build + product smoke	cargo test --workspace --lib	2026-09-30T17:02:55.6152494Z test native_geometric::response_entry_training_tests::native_response_entry_keeps_complete_numeric_output_and_both_prior_heads ... ok
fast build + product smoke	cargo test --workspace --lib	2026-09-30T17:03:00.9339083Z test native_geometric::role_read_tests::native_role_read_commits_only_observed_entry_and_restores_before_byte_zero ... ok
fast build + product smoke	cargo test --workspace --lib	2026-09-30T17:03:02.8918834Z test native_geometric::role_read_tests::native_role_read_validates_quantized_rows_and_parent_identity ... ok
fast build + product smoke	cargo test --workspace --lib	2026-09-30T17:03:03.1088869Z test native_geometric::shared_core::angular_tree::tests::angular_split_uses_signed_geometry_and_matches_exhaustive_leaf_loss ... ok
fast build + product smoke	cargo test --workspace --lib	2026-09-30T17:03:04.8492605Z test native_geometric::shared_core::angular_tree::tests::angular_artifact_rejects_malformed_trees_and_preserves_runtime_checkpoint ... ok
fast build + product smoke	cargo test --workspace --lib	2026-09-30T17:03:04.8608617Z test native_geometric::shared_core::block_calibration::tests::block_tail_loss_matches_direct_for_all_signed_ranks_and_thresholds ... ok
fast build + product smoke	cargo test --workspace --lib	2026-09-30T17:03:04.8638654Z test native_geometric::shared_core::tests::active_sensitivity::active_sensitivity_run_saved_experiment ... ignored, requires sealed decoder/priors/corpus and frozen active-sensitivity design
fast build + product smoke	cargo test --workspace --lib	2026-09-30T17:03:05.1048692Z test native_geometric::shared_core::tests::active_sensitivity::active_sensitivity_trace_lineage_coverage_selection_and_reuse ... ok
fast build + product smoke	cargo test --workspace --lib	2026-09-30T17:03:05.1078722Z test native_geometric::shared_core::tests::angular_tree_experiment::angular_tree_run_saved_experiment ... ignored, requires sealed parents, corpus, frozen tree design and exclusive output
fast build + product smoke	cargo test --workspace --lib	2026-09-30T17:03:05.3441122Z test native_geometric::shared_core::tests::calibrated::calibrated_caps_constants_and_collapsed_pair_separation ... ok
fast build + product smoke	cargo test --workspace --lib	2026-09-30T17:03:05.3656439Z test native_geometric::shared_core::tests::calibrated::calibrated_covers_every_leaf_and_preserves_recurrence_and_snapshots ... ok
fast build + product smoke	cargo test --workspace --lib	2026-09-30T17:03:05.6468885Z test native_geometric::shared_core::tests::calibrated::calibrated_training_records_separate_provenance_and_preserves_parent ... ok
fast build + product smoke	cargo test --workspace --lib	2026-09-30T17:03:06.5868884Z test native_geometric::shared_core::tests::calibrated::calibrated_wire_rejects_malformed_domains_and_dispatch ... ok
fast build + product smoke	cargo test --workspace --lib	2026-09-30T17:03:06.5870148Z test native_geometric::shared_core::tests::calibrated_audit::calibrated_bitset_errors_match_boolean_operations_and_ignore_padding ... ok
fast build + product smoke	cargo test --workspace --lib	2026-09-30T17:03:06.5958485Z test native_geometric::shared_core::tests::calibrated_audit::loss_frontier::tail_sum_likelihood_matches_direct_min_max_with_extreme_thresholds ... ok
fast build + product smoke	cargo test --workspace --lib	2026-09-30T17:03:06.5998849Z test native_geometric::shared_core::tests::calibrated_audit::run_exact_calibrated_capacity ... ignored, Requires preserved calibrated artifact, sealed trace and an exclusive output directory
fast build + product smoke	cargo test --workspace --lib	2026-09-30T17:03:06.6000579Z test native_geometric::shared_core::tests::calibrated_audit::run_exact_loss_frontier ... ignored, Requires preserved calibrated artifact and sealed development states
fast build + product smoke	cargo test --workspace --lib	2026-09-30T17:03:06.8508987Z test native_geometric::shared_core::tests::context_augmentation::context_augmentation_matching_noops_ties_support_and_lineage ... ok
fast build + product smoke	cargo test --workspace --lib	2026-09-30T17:03:06.8538656Z test native_geometric::shared_core::tests::context_augmentation::context_augmentation_run_saved_experiment ... ignored, requires sealed matched dataset, decoder/priors/corpus and frozen context design
fast build + product smoke	cargo test --workspace --lib	2026-09-30T17:03:06.8568243Z test native_geometric::shared_core::tests::context_data::context_data_equal_exposure_unique_variants_and_rust_arithmetic ... ok
fast build + product smoke	cargo test --workspace --lib	2026-09-30T17:03:06.8588659Z test native_geometric::shared_core::tests::context_data::context_data_prepare_saved ... ignored, parent runs once with exclusive saved data output and metered preparation
fast build + product smoke	cargo test --workspace --lib	2026-09-30T17:03:07.1218769Z test native_geometric::shared_core::tests::context_decoder_refit::context_decoder_refit_repetition_lineage_cells_and_comparison ... ok
fast build + product smoke	cargo test --workspace --lib	2026-09-30T17:03:07.1248611Z test native_geometric::shared_core::tests::context_decoder_refit::context_decoder_refit_run_saved_experiment ... ignored, requires sealed context witnesses/data and frozen four-cell refit design
fast build + product smoke	cargo test --workspace --lib	2026-09-30T17:03:07.1278451Z test native_geometric::shared_core::tests::context_decoder_resume::context_decoder_resume_compact_records_preserve_values_and_original_identity ... ok
fast build + product smoke	cargo test --workspace --lib	2026-09-30T17:03:07.1338529Z test native_geometric::shared_core::tests::context_decoder_resume::context_decoder_resume_saved_evaluation ... ignored, requires sealed incomplete four-head attempt; zero training calls
fast build + product smoke	cargo test --workspace --lib	2026-09-30T17:03:07.3529005Z test native_geometric::role_read_tests::native_no_read_completion_preserves_parent_and_requires_committed_no_read ... ok
fast build + product smoke	cargo test --workspace --lib	2026-09-30T17:03:07.3568772Z test native_geometric::shared_core::tests::coupled_profile::coupled_profile_run_saved_experiment ... ignored, requires sealed decoder/priors/corpus and frozen coupled-profile design
fast build + product smoke	cargo test --workspace --lib	2026-09-30T17:03:07.3588382Z test native_geometric::shared_core::tests::credit_assignment::credit_access_addresses_and_single_use_replay_are_causal ... ok
fast build + product smoke	cargo test --workspace --lib	2026-09-30T17:03:07.3618311Z test native_geometric::shared_core::tests::credit_assignment::credit_categorical_gradient_matches_finite_difference ... ok
fast build + product smoke	cargo test --workspace --lib	2026-09-30T17:03:07.3648294Z test native_geometric::shared_core::tests::credit_assignment::credit_probe_rejects_unbounded_inputs ... ok
fast build + product smoke	cargo test --workspace --lib	2026-09-30T17:03:07.3688026Z test native_geometric::shared_core::tests::credit_assignment::credit_run_saved_artifact_probe ... ignored, explicit parent, frozen design, exclusively claimed report required
fast build + product smoke	cargo test --workspace --lib	2026-09-30T17:03:07.3708565Z test native_geometric::shared_core::tests::credit_assignment::credit_trace_failed_read_proposal ... ignored, explicit sealed failed probe and new trace attempt required
fast build + product smoke	cargo test --workspace --lib	2026-09-30T17:03:07.3738194Z test native_geometric::shared_core::tests::credit_assignment::credit_trace_unchanged_control_and_likelihood_parity ... ok
fast build + product smoke	cargo test --workspace --lib	2026-09-30T17:03:07.3749214Z test native_geometric::shared_core::tests::decoder_validation::decoder_folds_and_pooled_selection_preserve_document_boundaries_and_weighting ... ok
fast build + product smoke	cargo test --workspace --lib	2026-09-30T17:03:07.3750960Z test native_geometric::shared_core::tests::decoder_validation::decoder_validation_run_saved_experiment ... ignored, requires sealed cap parents, prior tree, corpus and frozen decoder-validation design
fast build + product smoke	cargo test --workspace --lib	2026-09-30T17:03:07.3752576Z test native_geometric::shared_core::tests::diagnostic::checks::collision_bound_counts_incompatible_targets_without_conflating_repeats ... ok
fast build + product smoke	cargo test --workspace --lib	2026-09-30T17:03:07.3753797Z test native_geometric::shared_core::tests::diagnostic::checks::output_guard_preserves_sealed_input_and_rejects_aliases ... ok
fast build + product smoke	cargo test --workspace --lib	2026-09-30T17:03:07.3755024Z test native_geometric::shared_core::tests::diagnostic::checks::signed_landmark_cannot_represent_constant_left_on_complete_root_domain ... ok
fast build + product smoke	cargo test --workspace --lib	2026-09-30T17:03:07.3756450Z test native_geometric::shared_core::tests::diagnostic::run_saved_artifact_diagnostic ... ignored, Requires a saved sealed attempt and an exclusive diagnostic output directory
fast build + product smoke	cargo test --workspace --lib	2026-09-30T17:03:07.3758013Z test native_geometric::shared_core::tests::final_emission::final_emission_accounting_detects_regressions_alignment_and_source_changes ... ok
fast build + product smoke	cargo test --workspace --lib	2026-09-30T17:03:07.3759520Z test native_geometric::shared_core::tests::final_emission::final_emission_run_saved_experiment ... ignored, requires sealed parent/corpus, frozen final-emission design and exclusive output
fast build + product smoke	cargo test --workspace --lib	2026-09-30T17:03:07.3761200Z test native_geometric::shared_core::tests::full_objective::full_objective_run_saved_experiment ... ignored, requires sealed parent/corpus, frozen full-objective design and exclusive output
fast build + product smoke	cargo test --workspace --lib	2026-09-30T17:03:07.3763029Z test native_geometric::shared_core::tests::full_objective::full_objective_witness_binds_parent_config_and_replays_only_selected_parameters ... ok
fast build + product smoke	cargo test --workspace --lib	2026-09-30T17:03:07.3764191Z test native_geometric::shared_core::tests::shared_core_all_bytes_and_evicted_occurrences_are_bounded ... ok
fast build + product smoke	cargo test --workspace --lib	2026-09-30T17:03:07.3765128Z test native_geometric::shared_core::tests::shared_core_context_disabled_removes_only_reads ... ok
fast build + product smoke	cargo test --workspace --lib	2026-09-30T17:03:07.3766094Z test native_geometric::shared_core::tests::shared_core_joint_fit_preserves_parent_and_accounts_all_proposals ... ok
fast build + product smoke	cargo test --workspace --lib	2026-09-30T17:03:07.3767145Z test native_geometric::shared_core::tests::shared_core_runtime_source_excludes_linear_predictor_and_float_work ... ok
fast build + product smoke	cargo test --workspace --lib	2026-09-30T17:03:07.3768321Z test native_geometric::shared_core::tests::shared_core_snapshot_rejects_wrong_artifact_and_resident_identity ... ok
fast build + product smoke	cargo test --workspace --lib	2026-09-30T17:03:07.3769410Z test native_geometric::shared_core::tests::coupled_profile::coupled_profile_coverage_witness_lineage_and_global_ties ... ok
fast build + product smoke	cargo test --workspace --lib	2026-09-30T17:03:07.3770486Z test native_geometric::shared_core::tests::shared_core_streaming_causality_and_checkpoint_replay ... ok
fast build + product smoke	cargo test --workspace --lib	2026-09-30T17:03:07.8405679Z test native_geometric::shared_core::tests::shared_core_wire_roundtrip_and_invalid_parameter_rejection ... ok
fast build + product smoke	cargo test --workspace --lib	2026-09-30T17:03:07.8418527Z test native_geometric::shared_core::tests::tied_learning::tied_run_saved_experiment ... ignored, requires sealed actual parent, frozen design and exclusive output
fast build + product smoke	cargo test --workspace --lib	2026-09-30T17:03:07.8419808Z test native_geometric::shared_core::tests::tied_learning::tied_search_counts_real_callbacks_for_all_arms ... ok
fast build + product smoke	cargo test --workspace --lib	2026-09-30T17:03:07.8448504Z test native_geometric::shared_core::tests::tree_state_pair::tree_state_pair_run_saved_experiment ... ignored, requires sealed decoder/priors/corpus and frozen tree-state-pair design
fast build + product smoke	cargo test --workspace --lib	2026-09-30T17:03:08.1088849Z test native_geometric::shared_core::tests::tree_state_pair::tree_state_pair_witness_preserves_decoder_and_selects_exact_ties ... ok
fast build + product smoke	cargo test --workspace --lib	2026-09-30T17:03:08.1090219Z test native_geometric::shared_core::tied_training::tests::expected_leave_one_out_gradient_matches_nonseparable_finite_difference ... ok
fast build + product smoke	cargo test --workspace --lib	2026-09-30T17:03:08.1091466Z test native_geometric::shared_core::tied_training::tests::matched_search_calls_replay_best_and_reject_nonfinite_cost ... ok
fast build + product smoke	cargo test --workspace --lib	2026-09-30T17:03:08.1118086Z test native_geometric::shared_core::tied_training::tests::stable_softmax_and_invalid_config ... ok
fast build + product smoke	cargo test --workspace --lib	2026-09-30T17:03:08.1119216Z test native_geometric::shared_operator_refinement::tests::native_shared_operator_frame_budget_reserves_rejection_atomically ... ok
fast build + product smoke	cargo test --workspace --lib	2026-09-30T17:03:08.2819201Z test native_geometric::shared_core::tests::tied_learning::tied_artifact_roundtrip_and_exclusive_training_metadata ... ok
fast build + product smoke	cargo test --workspace --lib	2026-09-30T17:03:10.1309904Z test native_geometric::snapshot::completion_snapshot_tests::native_completion_checkpoint_follows_mismatched_actual_byte ... ok
fast build + product smoke	cargo test --workspace --lib	2026-09-30T17:03:10.1328767Z test native_geometric::snapshot::completion_snapshot_tests::native_completion_checkpoint_cannot_anchor_an_unfinished_numeral ... ok
fast build + product smoke	cargo test --workspace --lib	2026-09-30T17:03:10.1388815Z test native_geometric::snapshot::completion_snapshot_tests::native_completion_checkpoint_preserves_mid_suffix_and_empty_input_continuation ... ok
fast build + product smoke	cargo test --workspace --lib	2026-09-30T17:03:10.1548516Z test native_geometric::snapshot::completion_snapshot_tests::native_completion_checkpoint_rejects_reforged_anchor_and_actual_history ... ok
fast build + product smoke	cargo test --workspace --lib	2026-09-30T17:03:10.1588463Z test native_geometric::snapshot::completion_snapshot_tests::native_completion_checkpoint_uses_retained_suffix_through_step_cap ... ok
fast build + product smoke	cargo test --workspace --lib	2026-09-30T17:03:10.2188788Z test native_geometric::snapshot::completion_snapshot_tests::native_completion_checkpoint_rejects_missing_foreign_and_transient_state ... ok
fast build + product smoke	cargo test --workspace --lib	2026-09-30T17:03:10.9336373Z test native_geometric::snapshot::response_snapshot_tests::response_checkpoint_bounds_frozen_queries_by_retained_context ... ok
fast build + product smoke	cargo test --workspace --lib	2026-09-30T17:03:11.6473005Z test native_geometric::snapshot::response_snapshot_tests::response_checkpoint_preserves_stopped_and_cleared_boundaries ... ok
fast build + product smoke	cargo test --workspace --lib	2026-09-30T17:03:12.1919036Z test native_geometric::snapshot::response_snapshot_tests::response_checkpoint_preserves_legacy_schema_and_refuses_cross_schema_state ... ok
fast build + product smoke	cargo test --workspace --lib	2026-09-30T17:03:12.3569059Z test native_geometric::snapshot::response_snapshot_tests::response_checkpoint_rebases_slots_preserves_absolute_state_and_future_work ... ok
fast build + product smoke	cargo test --workspace --lib	2026-09-30T17:03:12.8768283Z test native_geometric::snapshot::response_snapshot_tests::response_checkpoint_refuses_tampered_state_and_future_references ... ok
fast build + product smoke	cargo test --workspace --lib	2026-09-30T17:03:12.8770640Z test native_geometric::snapshot::value_snapshot::predecessor_tests::identical_words_inside_one_token_keep_distinct_delimiters ... ok
fast build + product smoke	cargo test --workspace --lib	2026-09-30T17:03:12.8772880Z test native_geometric::snapshot::value_snapshot::predecessor_tests::retained_predecessor_payload_tampering_is_rejected_without_authenticating_eviction ... ok
fast build + product smoke	cargo test --workspace --lib	2026-09-30T17:03:12.8818528Z test native_geometric::snapshot::value_snapshot::predecessor_tests::retained_word_delimiter_tampering_rejects_but_eviction_is_not_authenticated ... ok
fast build + product smoke	cargo test --workspace --lib	2026-09-30T17:03:13.0658137Z test native_geometric::snapshot::response_snapshot_tests::response_checkpoint_retains_query_after_all_query_tokens_are_evicted ... ok
fast build + product smoke	cargo test --workspace --lib	2026-09-30T17:03:14.5338980Z test native_geometric::snapshot::value_snapshot_tests::native_value_checkpoint_preserves_committed_emission_and_optional_response_state ... ok
fast build + product smoke	cargo test --workspace --lib	2026-09-30T17:03:15.4089193Z test native_geometric::snapshot::value_snapshot_tests::native_value_checkpoint_rejects_malformed_scanner_records_queries_and_derivations ... ok
fast build + product smoke	cargo test --workspace --lib	2026-09-30T17:03:15.8168046Z test native_geometric::snapshot::value_snapshot_tests::native_value_checkpoint_preserves_old_schema_laws_and_rejects_cross_schema_values ... ok
fast build + product smoke	cargo test --workspace --lib	2026-09-30T17:03:16.2529368Z test native_geometric::snapshot::value_snapshot_tests::native_value_checkpoint_retains_numeric_records_and_open_scanner_after_token_eviction ... ok
fast build + product smoke	cargo test --workspace --lib	2026-09-30T17:03:16.6889102Z test native_geometric::snapshot::value_snapshot_tests::native_value_checkpoint_validates_old_derivation_after_operand_and_token_eviction ... ok
fast build + product smoke	cargo test --workspace --lib	2026-09-30T17:03:17.2134807Z test native_geometric::snapshot::value_snapshot_tests::native_value_word_checkpoint_checks_early_whole_lexical_token_bytes ... ok
fast build + product smoke	cargo test --workspace --lib	2026-09-30T17:03:17.5929102Z test native_geometric::snapshot::value_snapshot_tests::native_value_word_checkpoint_preserves_split_word_and_frozen_query_emission ... ok
fast build + product smoke	cargo test --workspace --lib	2026-09-30T17:03:18.3564772Z test native_geometric::shared_core::block_calibration::tests::block_fit_preserves_state_parent_and_records_complete_search ... ok
fast build + product smoke	cargo test --workspace --lib	2026-09-30T17:03:18.6824646Z test native_geometric::snapshot::value_snapshot_tests::native_value_word_checkpoint_rejects_missing_fields_and_malformed_atoms_without_changing_v1 ... ok
fast build + product smoke	cargo test --workspace --lib	2026-09-30T17:03:22.2992852Z test native_geometric::source_refinement_tests::source_refinement_reconstructs_exact_parent_and_reloads ... ok
fast build + product smoke	cargo test --workspace --lib	2026-09-30T17:03:22.3018397Z test native_geometric::source_refinement_tests::source_refinement_trace_scores_match_selected_direct_choice ... ok
fast build + product smoke	cargo test --workspace --lib	2026-09-30T17:03:22.3078316Z test native_geometric::source_role_refinement::tests::source_role_configuration_is_scoped_and_bounded ... ok
fast build + product smoke	cargo test --workspace --lib	2026-09-30T17:03:22.3079493Z test native_geometric::source_role_refinement::tests::source_role_frozen_fields_allow_only_existing_recency_roots ... ok
fast build + product smoke	cargo test --workspace --lib	2026-09-30T17:03:22.3119764Z test native_geometric::source_role_refinement::tests::source_role_targets_have_no_implicit_training_stage ... ok
fast build + product smoke	cargo test --workspace --lib	2026-09-30T17:03:22.5768747Z test native_geometric::source_refinement_tests::source_refinement_rejects_tampered_parent_and_inherited_parameters ... ok
fast build + product smoke	cargo test --workspace --lib	2026-09-30T17:03:24.4829020Z test native_geometric::source_routing_tests::source_routing_selected_exact_source_commits_only_after_observation ... ok
fast build + product smoke	cargo test --workspace --lib	2026-09-30T17:03:24.4848296Z test native_geometric::source_routing_training::pair_tests::native_source_pair_candidates_are_unique_bounded_and_include_current ... ok
fast build + product smoke	cargo test --workspace --lib	2026-09-30T17:03:25.3727533Z test native_geometric::source_refinement_tests::source_refinement_bounds_and_single_revision_are_explicit ... ok
fast build + product smoke	cargo test --workspace --lib	2026-09-30T17:03:25.3758241Z test native_geometric::source_span::tests::source_span_exact_bytes_count_traversal_and_refuse_wider_gaps ... ok
fast build + product smoke	cargo test --workspace --lib	2026-09-30T17:03:25.3778312Z test native_geometric::source_span::tests::source_span_length_reserves_four_response_steps ... ok
fast build + product smoke	cargo test --workspace --lib	2026-09-30T17:03:26.2250467Z test native_geometric::tests::native_codec_preserves_code_whitespace_and_unseen_unicode ... ok
fast build + product smoke	cargo test --workspace --lib	2026-09-30T17:03:26.5675064Z test native_geometric::source_routing_training::pair_tests::native_source_pair_mask_guard_and_frozen_roots_leave_block_exact ... ok
fast build + product smoke	cargo test --workspace --lib	2026-09-30T17:03:26.9318870Z test native_geometric::tests::native_context_eviction_matches_exact_ordered_tail_and_has_fixed_storage ... ok
fast build + product smoke	cargo test --workspace --lib	2026-09-30T17:03:27.1468873Z test native_geometric::source_routing_tests::source_routing_fit_reloads_and_disabled_path_preserves_complete_parent ... ok
fast build + product smoke	cargo test --workspace --lib	2026-09-30T17:03:27.4268730Z test native_geometric::tests::native_evaluation_refuses_id_and_exact_text_leakage ... ok
fast build + product smoke	cargo test --workspace --lib	2026-09-30T17:03:27.6308532Z test native_geometric::tests::native_geometry_is_read_by_learned_scores_and_controls_remove_its_features ... ok
fast build + product smoke	cargo test --workspace --lib	2026-09-30T17:03:28.0219102Z test native_geometric::tests::native_legacy_session_checkpoint_defaults_new_memory_counters ... ok
fast build + product smoke	cargo test --workspace --lib	2026-09-30T17:03:29.2386517Z test native_geometric::tests::native_memory_cue_aliases_preserve_outputs_and_validate_complete_mapping ... ok
fast build + product smoke	cargo test --workspace --lib	2026-09-30T17:03:29.2408300Z test native_geometric::tests::native_query_occurrence_address_preserves_all_declared_bits ... ok
fast build + product smoke	cargo test --workspace --lib	2026-09-30T17:03:30.8355987Z test native_geometric::tests::native_memory_read_learns_query_relative_copy_and_restores_after_eviction ... ok
fast build + product smoke	cargo test --workspace --lib	2026-09-30T17:03:30.9428872Z test native_geometric::tests::native_query_context_selector_separates_query_roles_and_occurrence_rank ... ok
fast build + product smoke	cargo test --workspace --lib	2026-09-30T17:03:31.1288550Z test native_geometric::tests::native_readout_fits_separate_labels_and_preserves_fixed_baseline ... ok
fast build + product smoke	cargo test --workspace --lib	2026-09-30T17:03:31.1348338Z test native_geometric::text_attention::data::tests::novel_longer_spans_reuse_training_character_repertoire ... ok
fast build + product smoke	cargo test --workspace --lib	2026-09-30T17:03:31.1478266Z test native_geometric::text_attention::data::tests::rejects_answer_leakage_and_broken_pair ... ok
fast build + product smoke	cargo test --workspace --lib	2026-09-30T17:03:31.1618197Z test native_geometric::text_attention::data::tests::reproducible_balanced_causal_text_pairs ... ok
fast build + product smoke	cargo test --workspace --lib	2026-09-30T17:03:31.3939036Z test native_geometric::text_attention::report::text_artifact_state_bounds_and_training_shape ... ok
fast build + product smoke	cargo test --workspace --lib	2026-09-30T17:03:31.3940581Z test native_geometric::text_attention::report::text_attention_learning_report ... ignored, bounded actual text fit; exclusive report and pinned parent required
fast build + product smoke	cargo test --workspace --lib	2026-09-30T17:03:31.3961643Z test native_geometric::training::work_tests::native_evaluation_adds_every_nested_work_counter ... ok
fast build + product smoke	cargo test --workspace --lib	2026-09-30T17:03:31.3978573Z test native_geometric::typed_routing_training::query_operand_supervision_tests::current_query_literals_reject_stale_and_derived_equal_values ... ok
fast build + product smoke	cargo test --workspace --lib	2026-09-30T17:03:31.4008533Z test native_geometric::typed_routing_training::query_operand_supervision_tests::current_query_operand_binds_occurrence_and_rejects_ambiguity ... ok
fast build + product smoke	cargo test --workspace --lib	2026-09-30T17:03:31.4038300Z test native_geometric::value_lexemes::tests::candidate_predecessors_survive_window_eviction_and_bind_snapshot ... ok
fast build + product smoke	cargo test --workspace --lib	2026-09-30T17:03:31.4068208Z test native_geometric::value_lexemes::tests::complete_word_identity_is_independent_of_token_boundaries ... ok
fast build + product smoke	cargo test --workspace --lib	2026-09-30T17:03:31.4069389Z test native_geometric::value_lexemes::tests::exact_delimiters_survive_chunking_without_claiming_wider_gap_adjacency ... ok
fast build + product smoke	cargo test --workspace --lib	2026-09-30T17:03:31.4098231Z test native_geometric::value_lexemes::tests::numeric_start_cues_survive_same_token_later_words ... ok
fast build + product smoke	cargo test --workspace --lib	2026-09-30T17:03:31.4128154Z test native_geometric::value_lexemes::tests::rejects_whole_oversized_numeric_and_non_ascii_runs ... ok
fast build + product smoke	cargo test --workspace --lib	2026-09-30T17:03:31.4150104Z test native_geometric::value_lexemes::tests::unfinished_word_snapshot_resumes_and_bad_shapes_reject ... ok
fast build + product smoke	cargo test --workspace --lib	2026-09-30T17:03:31.8188798Z test native_geometric::tests::native_session_restores_after_eviction_and_rejects_state_tampering ... ok
fast build + product smoke	cargo test --workspace --lib	2026-09-30T17:03:32.0129148Z test native_geometric::value_lexemes::tests::value_capture_and_joint_match_preserve_names_inside_one_lexical_token ... ok
fast build + product smoke	cargo test --workspace --lib	2026-09-30T17:03:32.5629809Z test native_geometric::value_runtime_tests::native_typed_literal_frame_rejects_a_supplied_intermediate ... ok
fast build + product smoke	cargo test --workspace --lib	2026-09-30T17:03:32.8239690Z test native_geometric::value_runtime_tests::native_typed_provenance_preserves_names_aliases_and_unknown_ancestry ... ok
fast build + product smoke	cargo test --workspace --lib	2026-09-30T17:03:33.4288980Z test native_geometric::value_runtime_tests::native_typed_roles_alias_admission_uses_identity_not_numeric_equality ... ok
fast build + product smoke	cargo test --workspace --lib	2026-09-30T17:03:33.5188880Z test native_geometric::value_runtime_tests::native_typed_roles_lineage_is_order_and_copy_invariant ... ok
fast build + product smoke	cargo test --workspace --lib	2026-09-30T17:03:34.2128824Z test native_geometric::value_runtime_tests::native_typed_routing_case_fold_changes_metadata_only ... ok
fast build + product smoke	cargo test --workspace --lib	2026-09-30T17:03:34.2913437Z test native_geometric::value_runtime_tests::native_typed_roles_query_boundary_tracks_end_and_roundtrips ... ok
fast build + product smoke	cargo test --workspace --lib	2026-09-30T17:03:34.3508806Z test native_geometric::tests::native_resume_and_artifact_reload_are_identical ... ok
fast build + product smoke	cargo test --workspace --lib	2026-09-30T17:03:35.0491148Z test native_geometric::value_runtime_tests::native_typed_routing_preserves_role_information_without_encoding_values ... ok
fast build + product smoke	cargo test --workspace --lib	2026-09-30T17:03:35.2278917Z test native_geometric::value_runtime_tests::native_value_absence_preserves_legacy_serialized_fields_and_roundtrip ... ok
fast build + product smoke	cargo test --workspace --lib	2026-09-30T17:03:35.3170298Z test native_geometric::value_runtime_tests::native_value_causal_add_to_add_transition ... ok
fast build + product smoke	cargo test --workspace --lib	2026-09-30T17:03:36.0124533Z test native_geometric::value_runtime_tests::native_value_causal_add_to_mul_transition ... ok
fast build + product smoke	cargo test --workspace --lib	2026-09-30T17:03:36.0968812Z test native_geometric::value_runtime_tests::native_value_causal_sub_to_mul_transition ... ok
fast build + product smoke	cargo test --workspace --lib	2026-09-30T17:03:36.1733437Z test native_geometric::value_runtime_tests::native_value_causal_add_to_sub_transition ... ok
fast build + product smoke	cargo test --workspace --lib	2026-09-30T17:03:36.8838932Z test native_geometric::value_runtime_tests::native_value_document_boundaries_do_not_join_numerals ... ok
fast build + product smoke	cargo test --workspace --lib	2026-09-30T17:03:36.9459127Z test native_geometric::value_runtime_tests::native_value_does_not_implicitly_repeat_mixed_add_sub_generation ... ok
fast build + product smoke	cargo test --workspace --lib	2026-09-30T17:03:37.0258914Z test native_geometric::value_runtime_tests::native_value_does_not_implicitly_repeat_chained_generation ... ok
fast build + product smoke	cargo test --workspace --lib	2026-09-30T17:03:37.8149028Z test native_geometric::value_runtime_tests::native_value_equal_first_bytes_preserve_complete_derivation_identity ... ok
fast build + product smoke	cargo test --workspace --lib	2026-09-30T17:03:37.8288601Z test native_geometric::value_runtime_tests::native_value_does_not_implicitly_repeat_mixed_add_sub_mul_generation ... ok
fast build + product smoke	cargo test --workspace --lib	2026-09-30T17:03:37.9038996Z test native_geometric::value_runtime_tests::native_value_host_authored_chained_rust_execution ... ok
fast build + product smoke	cargo test --workspace --lib	2026-09-30T17:03:37.9869119Z test native_geometric::value_runtime_tests::native_value_host_authored_mixed_chained_rust_execution ... ok
fast build + product smoke	cargo test --workspace --lib	2026-09-30T17:03:38.0618946Z test native_geometric::value_runtime_tests::native_value_mixed_mul_rust_execution ... ok
fast build + product smoke	cargo test --workspace --lib	2026-09-30T17:03:38.1177247Z test native_geometric::value_runtime_tests::native_value_fit_preserves_canonical_spelling_and_terminal_punctuation ... ok
fast build + product smoke	cargo test --workspace --lib	2026-09-30T17:03:38.8189616Z test native_geometric::value_runtime_tests::native_value_overflow_and_disabled_control_offer_no_derived_candidate ... ok
fast build + product smoke	cargo test --workspace --lib	2026-09-30T17:03:39.0098681Z test native_geometric::value_runtime_tests::native_value_mul_execution ... ok
fast build + product smoke	cargo test --workspace --lib	2026-09-30T17:03:39.5094923Z test native_geometric::value_runtime_tests::native_value_prediction_is_causal_and_mismatch_never_selects_a_target_source ... ok
fast build + product smoke	cargo test --workspace --lib	2026-09-30T17:03:39.5096565Z test native_geometric::value_runtime_tests::native_value_selected_execution_learned_chain_diagnostic ... ignored, requires an admitted local model allowance and R4_TYPED_ADMISSION_MODEL artifact
fast build + product smoke	cargo test --workspace --lib	2026-09-30T17:03:39.5148500Z test native_geometric::value_runtime_tests::native_value_fit_uses_raw_responses_and_emits_an_absent_sum ... ok
fast build + product smoke	cargo test --workspace --lib	2026-09-30T17:03:39.9579447Z test native_geometric::value_runtime_tests::native_value_selected_execution_abstention_does_no_arithmetic ... ok
fast build + product smoke	cargo test --workspace --lib	2026-09-30T17:03:40.3681949Z test native_geometric::value_runtime_tests::native_value_selected_execution_reuses_only_committed_derived_values ... ok
fast build + product smoke	cargo test --workspace --lib	2026-09-30T17:03:40.3798803Z test native_geometric::value_runtime_tests::native_value_selected_execution_preserves_overflow_fallback_order ... ok
fast build + product smoke	cargo test --workspace --lib	2026-09-30T17:03:40.7358957Z test native_geometric::value_runtime_tests::native_value_selected_execution_runs_one_of_736_scored_choices ... ok
fast build + product smoke	cargo test --workspace --lib	2026-09-30T17:03:40.7359978Z test native_geometric::vsa::attention::tests::test_div_small_positive_edge_cases ... ok
fast build + product smoke	cargo test --workspace --lib	2026-09-30T17:03:40.7498387Z test native_geometric::vsa::attention::tests::test_head_1_induction_retrieves_the_true_successor ... ok
fast build + product smoke	cargo test --workspace --lib	2026-09-30T17:03:40.7508122Z test native_geometric::vsa::attention::tests::test_multihead_vsa_zero_allocations ... ok
fast build + product smoke	cargo test --workspace --lib	2026-09-30T17:03:40.7538096Z test native_geometric::vsa::attention::tests::test_rectified_quadratic_scoring_and_sparsity ... ok
fast build + product smoke	cargo test --workspace --lib	2026-09-30T17:03:40.7539126Z test native_geometric::vsa::attention::tests::test_shared_query_key_role_yields_zero_distance_for_identical_tokens ... ok
fast build + product smoke	cargo test --workspace --lib	2026-09-30T17:03:40.7540099Z test native_geometric::vsa::attention::tests::test_value_roles_are_quasi_orthogonal ... ok
fast build + product smoke	cargo test --workspace --lib	2026-09-30T17:03:40.7598085Z test native_geometric::vsa::tests::test_bundling_bit_slice_matches_naive_counting ... ok
fast build + product smoke	cargo test --workspace --lib	2026-09-30T17:03:40.7628044Z test native_geometric::vsa::tests::test_bundling_preservation_across_window ... ok
fast build + product smoke	cargo test --workspace --lib	2026-09-30T17:03:40.7658029Z test native_geometric::vsa::tests::test_bundling_strict_commutativity ... ok
fast build + product smoke	cargo test --workspace --lib	2026-09-30T17:03:40.7688095Z test native_geometric::vsa::tests::test_hrr_associative_unbinding_continuation_prediction ... ok
fast build + product smoke	cargo test --workspace --lib	2026-09-30T17:03:40.7718047Z test native_geometric::vsa::tests::test_invertibility_and_algebra_of_binding ... ok
fast build + product smoke	cargo test --workspace --lib	2026-09-30T17:03:40.7747983Z test native_geometric::vsa::tests::test_large_ngram_in_rolling_context ... ok
fast build + product smoke	cargo test --workspace --lib	2026-09-30T17:03:40.7778058Z test native_geometric::vsa::tests::test_non_collision_of_distinct_ngram_sequences ... ok
fast build + product smoke	cargo test --workspace --lib	2026-09-30T17:03:40.7808051Z test native_geometric::vsa::tests::test_orthogonality_of_random_hypervectors ... ok
fast build + product smoke	cargo test --workspace --lib	2026-09-30T17:03:40.7838057Z test native_geometric::vsa::tests::test_position_distinctness_and_permutation_properties ... ok
fast build + product smoke	cargo test --workspace --lib	2026-09-30T17:03:40.7867986Z test native_geometric::vsa::tests::test_positional_context_encoding ... ok
fast build + product smoke	cargo test --workspace --lib	2026-09-30T17:03:40.7905694Z test native_geometric::vsa::tests::test_rolling_vsa_context_engine ... ok
fast build + product smoke	cargo test --workspace --lib	2026-09-30T17:03:40.7928120Z test native_geometric::vsa::tests::test_serving_hot_path_invariants_and_integer_metrics ... ok
fast build + product smoke	cargo test --workspace --lib	2026-09-30T17:03:40.7958100Z test native_geometric::vsa::tests::test_vsa_higher_order_periodic_attractor_elimination ... ok
fast build + product smoke	cargo test --workspace --lib	2026-09-30T17:03:40.7988075Z test native_geometric::vsa::tests::test_vsa_lag0_and_lag1_repetition_trap_elimination ... ok
fast build + product smoke	cargo test --workspace --lib	2026-09-30T17:03:40.8018014Z test native_geometric::vsa::tests::test_vsa_single_token_and_boundary_cases ... ok
fast build + product smoke	cargo test --workspace --lib	2026-09-30T17:03:40.8048013Z test native_geometric::vsa::tests::test_zero_allocation_top_k_candidates_q15 ... ok
fast build + product smoke	cargo test --workspace --lib	2026-09-30T17:03:40.8077933Z test native_geometric::vsa::tests::test_zero_dimension_safety ... ok
fast build + product smoke	cargo test --workspace --lib	2026-09-30T17:03:41.2345114Z test native_geometric::value_runtime_tests::native_value_signed_extrema_use_ordinary_tokens_and_complete_once ... ok
fast build + product smoke	cargo test --workspace --lib	2026-09-30T17:03:41.2488276Z test native_geometric::value_runtime_tests::native_value_sub_execution ... ok
fast build + product smoke	cargo test --workspace --lib	2026-09-30T17:03:45.2869359Z test native_geometric::word_copy_tests::native_word_copy_completed_suffix_retains_observed_geometry_without_word_shape ... ok
fast build + product smoke	cargo test --workspace --lib	2026-09-30T17:03:45.2878350Z test native_geometric::word_copy_tests::native_word_copy_completed_suffix_restores_at_the_actual_word_end ... ok
fast build + product smoke	cargo test --workspace --lib	2026-09-30T17:03:45.2898336Z test native_geometric::word_copy_tests::native_word_copy_fitted_selection_commits_observations_without_rescoring_words ... ok
fast build + product smoke	cargo test --workspace --lib	2026-09-30T17:03:45.2958378Z test native_geometric::word_copy_tests::native_word_copy_mismatch_preserves_origin_and_disables_copy_suffix ... ok
fast build + product smoke	cargo test --workspace --lib	2026-09-30T17:03:45.3018398Z test native_geometric::word_copy_tests::native_word_copy_observed_eos_boundary_and_cap_clear_the_original_occurrence ... ok
fast build + product smoke	cargo test --workspace --lib	2026-09-30T17:03:45.4318756Z test native_geometric::word_copy_tests::native_word_copy_preserves_parent_and_respects_typed_precedence_and_controls ... ok
fast build + product smoke	cargo test --workspace --lib	2026-09-30T17:03:45.9261201Z test native_geometric::word_copy_tests::native_word_copy_completed_suffix_preserves_default_artifact_identity ... ok
fast build + product smoke	cargo test --workspace --lib	2026-09-30T17:03:46.3178958Z test native_geometric::word_copy_tests::native_word_copy_requires_the_parent_to_retain_lexical_words ... ok
fast build + product smoke	cargo test --workspace --lib	2026-09-30T17:03:46.3208426Z test native_geometric::word_copy_tests::native_word_copy_snapshot_preserves_an_active_inherited_lexical_entry ... ok
fast build + product smoke	cargo test --workspace --lib	2026-09-30T17:03:46.3388777Z test native_geometric::word_copy_tests::native_word_copy_snapshot_restores_mid_copy_and_rejects_changed_cursor_or_origin ... ok
fast build + product smoke	cargo test --workspace --lib	2026-09-30T17:03:46.3445441Z test native_geometric::word_copy_tests::native_word_copy_composed_prefix_dispatch_and_restore ... ok
fast build + product smoke	cargo test --workspace --lib	2026-09-30T17:03:46.3446727Z test native_geometric::word_copy_training::dictionary_limit_tests::prompt_dictionary_limit_has_deterministic_frequency_and_byte_ties ... ok
fast build + product smoke	cargo test --workspace --lib	2026-09-30T17:03:46.3498526Z test native_geometric::word_copy_training::dictionary_limit_tests::prompt_dictionary_limit_preserves_legacy_wrapper ... ok
fast build + product smoke	cargo test --workspace --lib	2026-09-30T17:03:46.3518333Z test native_geometric::word_copy_training::dictionary_limit_tests::prompt_dictionary_limit_rejects_invalid_capacity ... ok
fast build + product smoke	cargo test --workspace --lib	2026-09-30T17:03:46.3548273Z test native_geometric::word_copy_training::tests::finite_large_frozen_baseline_and_copy_logits_keep_finite_objective ... ok
fast build + product smoke	cargo test --workspace --lib	2026-09-30T17:03:47.3385533Z test native_geometric::word_copy_tests::native_word_copy_shared_binding_matches_selector_and_preserves_old_identity ... ok
fast build + product smoke	cargo test --workspace --lib	2026-09-30T17:03:47.4159590Z test native_geometric::word_copy_value_tests::native_host_authored_interleaved_rust_fixture_compiles_and_executes ... ok
fast build + product smoke	cargo test --workspace --lib	2026-09-30T17:03:51.4573677Z test native_geometric::word_copy_value_tests::native_value_to_word_copy_transition ... ok
fast build + product smoke	cargo test --workspace --lib	2026-09-30T17:03:51.5801866Z test native_geometric::word_copy_value_tests::native_word_copy_fixture_does_not_implicitly_chain_hand_weighted_operations ... ok
fast build + product smoke	cargo test --workspace --lib	2026-09-30T17:03:51.5815367Z test native_geometric::word_copy_value_tests::native_word_copy_to_value_transition ... ok
fast build + product smoke	cargo test --workspace --lib	2026-09-30T17:03:51.5838817Z test native_geometric::word_emission::tests::native_word_emission_balanced_vocabulary_uses_presence_and_class_sizes ... ok
fast build + product smoke	cargo test --workspace --lib	2026-09-30T17:03:51.5858083Z test native_geometric::word_emission::tests::native_word_emission_context_erasure_removes_prefix_and_query_features ... ok
fast build + product smoke	cargo test --workspace --lib	2026-09-30T17:03:51.5884379Z test native_geometric::word_emission::tests::native_word_emission_inheritance_label_preserves_previous_receipt_serialization ... ok
fast build + product smoke	cargo test --workspace --lib	2026-09-30T17:03:51.5885871Z test native_geometric::word_emission::tests::native_word_emission_larger_fit_window_keeps_legacy_config_bound ... ok
fast build + product smoke	cargo test --workspace --lib	2026-09-30T17:03:51.5887103Z test native_geometric::word_emission::tests::native_word_emission_namespace_preserves_candidate_and_query_order ... ok
fast build + product smoke	cargo test --workspace --lib	2026-09-30T17:03:51.5888542Z test native_geometric::word_emission::tests::native_word_emission_prefix_query_fields_preserve_candidate_and_legacy_context ... ok
fast build + product smoke	cargo test --workspace --lib	2026-09-30T17:03:51.6038766Z test native_geometric::word_copy_value_tests::native_hand_weighted_explicit_refresh_depends_on_committed_intermediate ... ok
fast build + product smoke	cargo test --workspace --lib	2026-09-30T17:03:51.6058158Z test native_geometric::workspace_coding_tests::native_workspace_file_read_write_patch ... ok
fast build + product smoke	cargo test --workspace --lib	2026-09-30T17:03:51.6254713Z test native_geometric::workspace_coding_tests::native_workspace_compiler_feedback_diagnosis ... ok
fast build + product smoke	cargo test --workspace --lib	2026-09-30T17:03:51.6376020Z test native_geometric::workspace_coding_tests::native_workspace_iteration_limit_enforcement ... ok
fast build + product smoke	cargo test --workspace --lib	2026-09-30T17:03:51.7538967Z test native_geometric::workspace_coding_tests::native_workspace_iterative_compiler_repair ... ok
fast build + product smoke	cargo test --workspace --lib	2026-09-30T17:03:51.8496728Z test native_geometric::workspace_coding_tests::native_workspace_multi_file_interface_repair ... ok
fast build + product smoke	cargo test --workspace --lib	2026-09-30T17:03:51.8832739Z test native_geometric::workspace_coding_tests::native_workspace_provenance_and_revision_binding ... ok
fast build + product smoke	cargo test --workspace --lib	2026-09-30T17:03:51.9459003Z test native_geometric::workspace_coding_tests::native_workspace_single_file_synthesis_and_run ... ok
fast build + product smoke	cargo test --workspace --lib	2026-09-30T17:03:52.0182912Z test native_geometric::workspace_coding_tests::workspace_host_program_output_is_bounded ... ok
fast build + product smoke	cargo test --workspace --lib	2026-09-30T17:03:52.0190349Z test native_geometric::workspace_coding_tests::workspace_rejects_absolute_paths_and_oversized_files ... ok
fast build + product smoke	cargo test --workspace --lib	2026-09-30T17:03:52.0195221Z test native_geometric::workspace_coding_tests::workspace_rejects_symlink_escape ... ok
fast build + product smoke	cargo test --workspace --lib	2026-09-30T17:03:52.0197308Z test native_geometric::writer_choice::tests::writer_choice_exact_override_binding_rejects_wrong_boundary_and_support ... ok
fast build + product smoke	cargo test --workspace --lib	2026-09-30T17:03:52.0199096Z test native_geometric::writer_choice::tests::writer_choice_layout_two_retains_primes_gap_and_directed_separation ... ok
fast build + product smoke	cargo test --workspace --lib	2026-09-30T17:03:52.0200713Z test native_geometric::writer_choice::tests::writer_choice_legacy_serialization_omits_layout_and_roundtrips_exactly ... ok
fast build + product smoke	cargo test --workspace --lib	2026-09-30T17:03:52.0202212Z test native_geometric::writer_choice::tests::writer_choice_minimal_suppression_exposes_existing_positive_target ... ok
fast build + product smoke	cargo test --workspace --lib	2026-09-30T17:03:52.0203624Z test native_geometric::writer_choice::tests::writer_choice_negative_rows_preserve_no_write_dominance ... ok
fast build + product smoke	cargo test --workspace --lib	2026-09-30T17:03:52.0205378Z test native_geometric::writer_choice::tests::writer_choice_packing_preserves_full_lexical_key_and_exact_exterior_gap ... ok
fast build + product smoke	cargo test --workspace --lib	2026-09-30T17:03:52.0206910Z test native_geometric::writer_choice::tests::writer_choice_reports_shared_key_impossibility_and_preservation_conflict ... ok
fast build + product smoke	cargo test --workspace --lib	2026-09-30T17:03:52.0208626Z test native_geometric::writer_choice::tests::writer_choice_row_validation_excludes_positive_weights_invalid_keys_and_primes ... ok
fast build + product smoke	cargo test --workspace --lib	2026-09-30T17:03:52.0210211Z test native_geometric::writer_choice::tests::writer_choice_separation_repairs_literal_and_valid_revision_key_conflict ... ok
fast build + product smoke	cargo test --workspace --lib	2026-09-30T17:03:52.0211756Z test native_geometric::writer_lexical::tests::writer_lexical_endpoint_context_is_ordered_and_lossless ... ok
fast build + product smoke	cargo test --workspace --lib	2026-09-30T17:03:52.0213142Z test native_geometric::writer_lexical::tests::writer_lexical_nonpositive_scores_preserve_no_write ... ok
fast build + product smoke	cargo test --workspace --lib	2026-09-30T17:03:52.0214586Z test native_geometric::writer_refinement::tests::writer_refinement_cannot_replace_better_epoch_zero_with_a_worse_epoch ... ok
fast build + product smoke	cargo test --workspace --lib	2026-09-30T17:03:52.0216236Z test native_geometric::writer_refinement::tests::writer_refinement_freezes_metadata_and_support_and_disables_inherited_cache ... ok
fast build + product smoke	cargo test --workspace --lib	2026-09-30T17:03:52.0217922Z test native_geometric::writer_refinement::tests::writer_refinement_keeps_warm_rows_and_zero_initializes_new_keys ... ok
fast build + product smoke	cargo test --workspace --lib	2026-09-30T17:03:52.0219557Z test native_geometric::writer_refinement::tests::writer_refinement_updates_from_old_weight_without_dropping_unobserved_rows ... ok
fast build + product smoke	cargo test --workspace --lib	2026-09-30T17:03:52.0221161Z test native_geometric::writer_role::tests::writer_role_full_parent_baseline_includes_existing_choice_correction ... ok
fast build + product smoke	cargo test --workspace --lib	2026-09-30T17:03:52.0222625Z test native_geometric::writer_role::tests::writer_role_masks_only_value_identity_and_retains_context_fields ... ok
fast build + product smoke	cargo test --workspace --lib	2026-09-30T17:03:52.0224122Z test native_geometric::writer_role::tests::writer_role_nonpositive_scores_keep_no_write_and_controls_omit_only_new_operator ... ok
fast build + product smoke	cargo test --workspace --lib	2026-09-30T17:03:52.0225694Z test native_geometric::writer_role::tests::writer_role_preserves_directed_conflict_separation_and_reports_aliases ... ok
fast build + product smoke	cargo test --workspace --lib	2026-09-30T17:03:52.0227254Z test native_geometric::writer_role::tests::writer_role_serialization_preserves_exact_context_keys_and_rejects_unknown_fields ... ok
fast build + product smoke	cargo test --workspace --lib	2026-09-30T17:03:52.0229130Z test native_geometric::writer_role::tests::writer_role_validation_rejects_erased_slot_payloads_and_invalid_context ... ok
fast build + product smoke	cargo test --workspace --lib	2026-09-30T17:03:52.0230683Z test prime_route_attention::tests::worker_start_gate_abort_releases_a_waiter_without_starting_work ... ok
fast build + product smoke	cargo test --workspace --lib	2026-09-30T17:03:52.0645332Z test r4_group_addressed_retention::tests::exact_geometry_artifact_is_full_source_free_and_reproducible ... ok
fast build + product smoke	cargo test --workspace --lib	2026-09-30T17:03:52.0973755Z test r4_group_addressed_retention::tests::wrong_bound_and_noncanonical_json_fail_closed ... ok
fast build + product smoke	cargo test --workspace --lib	2026-09-30T17:03:52.1031451Z test r4_softmax_trace_state_student::tests::compiler_is_deterministic_and_budgets_are_exact ... ok
fast build + product smoke	cargo test --workspace --lib	2026-09-30T17:03:52.1067049Z test r4_softmax_trace_state_student::tests::diagnostic_snapshot_is_exact_and_read_only_for_all_recurrent_arms ... ok
fast build + product smoke	cargo test --workspace --lib	2026-09-30T17:03:52.1108408Z test r4_softmax_trace_state_student::tests::runtime_is_source_free_replayable_and_controls_transport ... ok
fast build + product smoke	cargo test --workspace --lib	2026-09-30T17:03:52.1132695Z test r4_softmax_trace_state_student::tests::same_causal_prefix_has_identical_prediction ... ok
fast build + product smoke	cargo test --workspace --lib	2026-09-30T17:03:52.1135922Z test r4_softmax_trace_state_student::tests::signed_reduction_commutes_with_registered_h4_frame ... ok
fast build + product smoke	cargo test --workspace --lib	2026-09-30T17:03:52.1137869Z test r4_softmax_trace_state_student::tests::signed_reduction_is_finite_and_role_separated ... ok
fast build + product smoke	cargo test --workspace --lib	2026-09-30T17:03:52.1139154Z test r4_softmax_trace_state_student::tests::state_is_exactly_278_bytes_and_round_trips ... ok
fast build + product smoke	cargo test --workspace --lib	2026-09-30T17:03:52.1140885Z test r4_softmax_trace_student::tests::all_arms_share_support_and_evaluate_without_source_state ... ok
fast build + product smoke	cargo test --workspace --lib	2026-09-30T17:03:52.1142943Z test r4_softmax_trace_student::tests::compilation_roundtrip_and_runtime_replay_are_exact ... ok
fast build + product smoke	cargo test --workspace --lib	2026-09-30T17:03:52.1144364Z test r4_softmax_trace_student::tests::document_order_and_teacher_entry_order_do_not_change_bytes ... ok
fast build + product smoke	cargo test --workspace --lib	2026-09-30T17:03:52.1145574Z test r4_softmax_trace_student::tests::malformed_shapes_and_bytes_fail_closed ... ok
fast build + product smoke	cargo test --workspace --lib	2026-09-30T17:03:52.1146449Z test r4_softmax_trace_student::tests::shared_cap_preserves_each_arm_winner ... ok
fast build + product smoke	cargo test --workspace --lib	2026-09-30T17:03:52.1147477Z test recursive_geometric_attention::a1p_contract_tests::s4_parity_is_derived_and_malformed_histories_fail_closed ... ok
fast build + product smoke	cargo test --workspace --lib	2026-09-30T17:03:52.1149025Z test recursive_geometric_attention::a1p_contract_tests::validation_label_permutation_cannot_change_preparation_inputs ... ok
fast build + product smoke	cargo test --workspace --lib	2026-09-30T17:03:52.2095976Z test spiralcore_operator::finite_composition_table_tests::exact_finite_composition_table_is_complete_associative_and_ordered ... ok
fast build + product smoke	cargo test --workspace --lib	2026-09-30T17:03:52.2111265Z test transformerless::bott_fock::tests::append_is_deterministic_and_counts_tokens ... ok
fast build + product smoke	cargo test --workspace --lib	2026-09-30T17:03:52.2113196Z test transformerless::bott_fock::tests::order_changes_the_fold ... ok
fast build + product smoke	cargo test --workspace --lib	2026-09-30T17:03:52.2114853Z test transformerless::bott_fock::tests::p4_update_source_scan ... ok
fast build + product smoke	cargo test --workspace --lib	2026-09-30T17:03:52.2725858Z test transformerless::bott_fock::tests::state_converges_under_repeated_embedding ... ok
fast build + product smoke	cargo test --workspace --lib	2026-09-30T17:03:52.2753994Z test transformerless::bpe_derive::tests::a_larger_request_than_the_source_is_rejected ... ok
fast build + product smoke	cargo test --workspace --lib	2026-09-30T17:03:52.2791483Z test transformerless::bpe_derive::tests::a_non_dense_prefix_is_rejected ... ok
fast build + product smoke	cargo test --workspace --lib	2026-09-30T17:03:52.2825547Z test transformerless::bpe_derive::tests::truncation_keeps_exactly_the_dense_prefix_and_its_merges ... ok
fast build + product smoke	cargo test --workspace --lib	2026-09-30T17:03:52.2828001Z test transformerless::compiler::capacity_override_tests::hidden_stream_suffix_changes_only_the_record_file_name ... ok
fast build + product smoke	cargo test --workspace --lib	2026-09-30T17:03:52.2830130Z test transformerless::compiler::capacity_override_tests::invalid_value_fails_loudly - should panic ... ok
fast build + product smoke	cargo test --workspace --lib	2026-09-30T17:03:52.2831266Z test transformerless::compiler::capacity_override_tests::set_value_overrides_with_separators ... ok
fast build + product smoke	cargo test --workspace --lib	2026-09-30T17:03:52.2851819Z test transformerless::compiler::capacity_override_tests::source_corpus_checkpoint_publish_is_atomic_and_name_is_strict ... ok
fast build + product smoke	cargo test --workspace --lib	2026-09-30T17:03:52.2854421Z test transformerless::compiler::capacity_override_tests::unset_returns_pinned_default ... ok
fast build + product smoke	cargo test --workspace --lib	2026-09-30T17:03:52.2856613Z test transformerless::compiler::capacity_override_tests::zero_fails_loudly - should panic ... ok
fast build + product smoke	cargo test --workspace --lib	2026-09-30T17:03:52.2858118Z test transformerless::compiler::hierarchical_codes_determinism_865::relational_prefixes_are_deterministically_ordered ... ok
fast build + product smoke	cargo test --workspace --lib	2026-09-30T17:03:52.2922145Z test transformerless::dot_assignment_tests::dot_kernel_equals_plain_on_synthetic_artifact ... ok
fast build + product smoke	cargo test --workspace --lib	2026-09-30T17:03:52.2924370Z test transformerless::dot_assignment_tests::pack_dot_entry_round_trips_powers_of_two ... ok
fast build + product smoke	cargo test --workspace --lib	2026-09-30T17:03:52.2993260Z test transformerless::dot_assignment_tests::resid_assign_window_matches_plain_window_path ... ok
fast build + product smoke	cargo test --workspace --lib	2026-09-30T17:03:52.3127925Z test transformerless::dot_assignment_tests::resid_kernel_equals_plain_on_synthetic_artifact ... ok
fast build + product smoke	cargo test --workspace --lib	2026-09-30T17:03:52.3624487Z test transformerless::dot_assignment_tests::resid_routing_consistent_across_all_entry_points ... ok
fast build + product smoke	cargo test --workspace --lib	2026-09-30T17:03:52.3752613Z test transformerless::dot_assignment_tests::tla7_container_roundtrip ... ok
fast build + product smoke	cargo test --workspace --lib	2026-09-30T17:03:52.3754922Z test transformerless::reference_state::tests::active_frontier_enforces_capacity ... ok
fast build + product smoke	cargo test --workspace --lib	2026-09-30T17:03:52.3755713Z test transformerless::reference_state::tests::clear_resets_used_entries ... ok
fast build + product smoke	cargo test --workspace --lib	2026-09-30T17:03:52.3756512Z test transformerless::reference_state::tests::packed_edge_ranges_resolve_checked ... ok
fast build + product smoke	cargo test --workspace --lib	2026-09-30T17:03:52.3768348Z test transformerless::region_store::tests::manifest_resolver_matches_monolithic_predictions ... ok
fast build + product smoke	cargo test --workspace --lib	2026-09-30T17:03:52.3769817Z test transformerless::region_store::tests::region_kappas_are_deterministic_and_payload_bound ... ok
fast build + product smoke	cargo test --workspace --lib	2026-09-30T17:03:52.3772379Z test transformerless::scenarios::tests::damaged_tagged_header_cannot_downgrade_to_sibling_vocab ... ok
fast build + product smoke	cargo test --workspace --lib	2026-09-30T17:03:52.3773827Z test transformerless::scenarios::tests::encode_into_still_applies_gpt2_remap_when_vocab_uses_it ... ok
fast build + product smoke	cargo test --workspace --lib	2026-09-30T17:03:52.3775607Z test transformerless::scenarios::tests::encode_into_uses_literal_bytes_when_vocab_has_no_gpt2_remap ... ok
fast build + product smoke	cargo test --workspace --lib	2026-09-30T17:03:52.3776973Z test transformerless::scenarios::tests::historical_untagged_tokenizer_bytes_stay_exact ... ok
fast build + product smoke	cargo test --workspace --lib	2026-09-30T17:03:52.3778572Z test transformerless::scenarios::tests::sentencepiece_tagged_export_and_parser_reject_invalid_utf8 ... ok
fast build + product smoke	cargo test --workspace --lib	2026-09-30T17:03:52.3780227Z test transformerless::scenarios::tests::tagged_parser_bounds_identity_counts_and_trailing_bytes ... ok
fast build + product smoke	cargo test --workspace --lib	2026-09-30T17:03:52.3781571Z test transformerless::scenarios::tests::test_format_instruct_chat_prompt_custom_system ... ok
fast build + product smoke	cargo test --workspace --lib	2026-09-30T17:03:52.3782901Z test transformerless::scenarios::tests::test_format_instruct_chat_prompt_default_system ... ok
fast build + product smoke	cargo test --workspace --lib	2026-09-30T17:03:52.3784310Z test transformerless::sentencepiece::tests::charsmap_validation_rejects_invalid_utf8_and_leaf_offsets ... ok
fast build + product smoke	cargo test --workspace --lib	2026-09-30T17:03:52.3785774Z test transformerless::sentencepiece::tests::decode_maps_meta_to_space_and_drops_the_leading_space ... ok
fast build + product smoke	cargo test --workspace --lib	2026-09-30T17:03:52.3789610Z test transformerless::sentencepiece::tests::host_and_runtime_share_all_leading_whitespace_policy_combinations ... ok
fast build + product smoke	cargo test --workspace --lib	2026-09-30T17:03:52.3790993Z test transformerless::sentencepiece::tests::missing_unknown_piece_is_refused ... ok
fast build + product smoke	cargo test --workspace --lib	2026-09-30T17:03:52.3792326Z test transformerless::sentencepiece::tests::non_finite_piece_scores_are_refused_before_viterbi ... ok
fast build + product smoke	cargo test --workspace --lib	2026-09-30T17:03:52.3793688Z test transformerless::sentencepiece::tests::non_unigram_model_type_is_refused_by_name ... ok
fast build + product smoke	cargo test --workspace --lib	2026-09-30T17:03:52.3794992Z test transformerless::sentencepiece::tests::parses_pieces_scores_types_and_unk ... ok
fast build + product smoke	cargo test --workspace --lib	2026-09-30T17:03:52.3796889Z test transformerless::sentencepiece::tests::registered_adapter_reports_unknown_loss_and_exports_decode_only_runtime ... ok
fast build + product smoke	cargo test --workspace --lib	2026-09-30T17:03:52.3800443Z test transformerless::sentencepiece::tests::source_resolver_selects_synthetic_sentencepiece_without_guessing_wrappers ... ok
fast build + product smoke	cargo test --workspace --lib	2026-09-30T17:03:52.3802076Z test transformerless::sentencepiece::tests::unmatched_characters_become_unk_and_collapse_when_adjacent ... ok
fast build + product smoke	cargo test --workspace --lib	2026-09-30T17:03:52.3803424Z test transformerless::sentencepiece::tests::unsupported_sentencepiece_semantics_are_refused_by_name ... ok
fast build + product smoke	cargo test --workspace --lib	2026-09-30T17:03:52.3804918Z test transformerless::sentencepiece::tests::version_one_is_frozen_and_version_two_uses_trainer_unknown_surface ... ok
fast build + product smoke	cargo test --workspace --lib	2026-09-30T17:03:52.3806392Z test transformerless::sentencepiece::tests::viterbi_prefers_the_higher_scoring_segmentation ... ok
fast build + product smoke	cargo test --workspace --lib	2026-09-30T17:03:53.0352911Z test transformerless::simd::tests::compact_and_legacy_layouts_agree ... ok
fast build + product smoke	cargo test --workspace --lib	2026-09-30T17:03:53.0357936Z test transformerless::simd::tests::one_term_tables_use_compact_load_layout ... ok
fast build + product smoke	cargo test --workspace --lib	2026-09-30T17:03:53.0468620Z test native_geometric::word_copy_tests::native_word_copy_zero_binding_ablation_preserves_admission_and_other_parameters ... ok
fast build + product smoke	cargo test --workspace --lib	2026-09-30T17:03:53.0621026Z test transformerless::simd::tests::test_simd_hamming_equivalence ... ok
fast build + product smoke	cargo test --workspace --lib	2026-09-30T17:03:53.0622668Z test transformerless::simd::tests::two_term_tables_keep_legacy_load_layout ... ok
fast build + product smoke	cargo test --workspace --lib	2026-09-30T17:03:53.0623664Z test transformerless::source_scan::tests::allow_marker_moves_lines_to_the_allowed_list ... ok
fast build + product smoke	cargo test --workspace --lib	2026-09-30T17:03:53.0624674Z test transformerless::source_scan::tests::comment_stripping_respects_string_literals ... ok
fast build + product smoke	cargo test --workspace --lib	2026-09-30T17:03:53.0625736Z test transformerless::source_scan::tests::seeded_violations_are_caught_and_lookalikes_pass ... ok
fast build + product smoke	cargo test --workspace --lib	2026-09-30T17:03:53.0626631Z test transformerless::witnesses::p1_popcount_table ... ok
fast build + product smoke	cargo test --workspace --lib	2026-09-30T17:03:53.0627331Z test transformerless::witnesses::p2_hamming_exact ... ok
fast build + product smoke	cargo test --workspace --lib	2026-09-30T17:03:53.0628189Z test transformerless::witnesses::p3_sign_signature ... ok
fast build + product smoke	cargo test --workspace --lib	2026-09-30T17:03:53.0642960Z test transformerless::witnesses::p4_contract_owned_graph_runtime_source_scan ... ok
fast build + product smoke	cargo test --workspace --lib	2026-09-30T17:03:53.0650336Z test transformerless::witnesses::p4_runtime_source_scan ... ok
fast build + product smoke	cargo test --workspace --lib	2026-09-30T17:03:53.0651381Z test transformerless::witnesses::p4_simd_exclusion_is_pinned_to_its_equivalence_witnesses ... ok
fast build + product smoke	cargo test --workspace --lib	2026-09-30T17:03:53.1437821Z test zeta_projection::tests::distinct_state_directions_can_select_distinct_windows ... ok
fast build + product smoke	cargo test --workspace --lib	2026-09-30T17:03:53.1487258Z test zeta_projection::tests::projection_is_deterministic_and_uses_all_windows ... ok
fast build + product smoke	cargo test --workspace --lib	2026-09-30T17:03:53.5849269Z test transformerless::simd::tests::simd_dot_argmax_matches_scalar_reference ... ok
fast build + product smoke	cargo test --workspace --lib	2026-09-30T17:03:56.9566731Z test native_geometric::workspace_coding_tests::workspace_host_program_has_a_deadline ... ok
fast build + product smoke	cargo test --workspace --lib	2026-09-30T17:12:06.2113745Z test native_geometric::learner::lowbit_core::tests::explore_recall_capacity ... ok
fast build + product smoke	cargo test --workspace --lib	2026-09-30T17:12:06.2114275Z 
fast build + product smoke	cargo test --workspace --lib	2026-09-30T17:12:06.2114356Z failures:
fast build + product smoke	cargo test --workspace --lib	2026-09-30T17:12:06.2114463Z 
fast build + product smoke	cargo test --workspace --lib	2026-09-30T17:12:06.2114782Z ---- native_geometric::learner::geometric_attention::tests::corruption_in_the_objective_changes_the_filter stdout ----
fast build + product smoke	cargo test --workspace --lib	2026-09-30T17:12:06.2115314Z corrupt 0.0: kernel=[0, 0, 0, 0, 0, 0, 0, 0, 0] clean=0.14 corrupted=0.14
fast build + product smoke	cargo test --workspace --lib	2026-09-30T17:12:06.2115691Z corrupt 0.5: kernel=[0, 0, 0, 1, 1, 0, 0, 0, 0] clean=0.14 corrupted=0.12
fast build + product smoke	cargo test --workspace --lib	2026-09-30T17:12:06.2115938Z 
fast build + product smoke	cargo test --workspace --lib	2026-09-30T17:12:06.2116508Z thread 'native_geometric::learner::geometric_attention::tests::corruption_in_the_objective_changes_the_filter' (13153) panicked at crates/uor-r4-core/src/native_geometric/learner/geometric_attention.rs:1439:9:
fast build + product smoke	cargo test --workspace --lib	2026-09-30T17:12:06.2117276Z corruption in the objective must raise corrupted accuracy: 0.14 -> 0.12
fast build + product smoke	cargo test --workspace --lib	2026-09-30T17:12:06.2117920Z note: run with `RUST_BACKTRACE=1` environment variable to display a backtrace
fast build + product smoke	cargo test --workspace --lib	2026-09-30T17:12:06.2118185Z 
fast build + product smoke	cargo test --workspace --lib	2026-09-30T17:12:06.2118432Z ---- native_geometric::learner::lowbit_attention::tests::learns_induction_at_long_delay stdout ----
fast build + product smoke	cargo test --workspace --lib	2026-09-30T17:12:06.2118760Z 
fast build + product smoke	cargo test --workspace --lib	2026-09-30T17:12:06.2119235Z thread 'native_geometric::learner::lowbit_attention::tests::learns_induction_at_long_delay' (13291) panicked at crates/uor-r4-core/src/native_geometric/learner/lowbit_attention.rs:813:9:
fast build + product smoke	cargo test --workspace --lib	2026-09-30T17:12:06.2119938Z content-addressed memory must retrieve the pair at delay 16, got 0.38
fast build + product smoke	cargo test --workspace --lib	2026-09-30T17:12:06.2120180Z 
fast build + product smoke	cargo test --workspace --lib	2026-09-30T17:12:06.2120422Z ---- native_geometric::learner::lowbit_attention::tests::learns_induction_at_short_delay stdout ----
fast build + product smoke	cargo test --workspace --lib	2026-09-30T17:12:06.2120751Z 
fast build + product smoke	cargo test --workspace --lib	2026-09-30T17:12:06.2121234Z thread 'native_geometric::learner::lowbit_attention::tests::learns_induction_at_short_delay' (13293) panicked at crates/uor-r4-core/src/native_geometric/learner/lowbit_attention.rs:788:13:
fast build + product smoke	cargo test --workspace --lib	2026-09-30T17:12:06.2121959Z content-addressed memory must retrieve a pair at delay 1, got 0.89
fast build + product smoke	cargo test --workspace --lib	2026-09-30T17:12:06.2122214Z 
fast build + product smoke	cargo test --workspace --lib	2026-09-30T17:12:06.2122488Z ---- native_geometric::learner::lowbit_attention::tests::normalisation_moves_off_the_uniform_collapse stdout ----
fast build + product smoke	cargo test --workspace --lib	2026-09-30T17:12:06.2122961Z collapse: unnormalised=0.00 normalised=0.00
fast build + product smoke	cargo test --workspace --lib	2026-09-30T17:12:06.2123148Z 
fast build + product smoke	cargo test --workspace --lib	2026-09-30T17:12:06.2123671Z thread 'native_geometric::learner::lowbit_attention::tests::normalisation_moves_off_the_uniform_collapse' (13295) panicked at crates/uor-r4-core/src/native_geometric/learner/lowbit_attention.rs:841:9:
fast build + product smoke	cargo test --workspace --lib	2026-09-30T17:12:06.2124865Z normalisation must move the run off the uniform collapse: 0.00 -> 0.00
fast build + product smoke	cargo test --workspace --lib	2026-09-30T17:12:06.2125106Z 
fast build + product smoke	cargo test --workspace --lib	2026-09-30T17:12:06.2125115Z 
fast build + product smoke	cargo test --workspace --lib	2026-09-30T17:12:06.2125186Z failures:
fast build + product smoke	cargo test --workspace --lib	2026-09-30T17:12:06.2125538Z     native_geometric::learner::geometric_attention::tests::corruption_in_the_objective_changes_the_filter
fast build + product smoke	cargo test --workspace --lib	2026-09-30T17:12:06.2126055Z     native_geometric::learner::lowbit_attention::tests::learns_induction_at_long_delay
fast build + product smoke	cargo test --workspace --lib	2026-09-30T17:12:06.2126518Z     native_geometric::learner::lowbit_attention::tests::learns_induction_at_short_delay
fast build + product smoke	cargo test --workspace --lib	2026-09-30T17:12:06.2127009Z     native_geometric::learner::lowbit_attention::tests::normalisation_moves_off_the_uniform_collapse
fast build + product smoke	cargo test --workspace --lib	2026-09-30T17:12:06.2127310Z 
fast build + product smoke	cargo test --workspace --lib	2026-09-30T17:12:06.2127701Z test result: FAILED. 1098 passed; 4 failed; 60 ignored; 0 measured; 0 filtered out; finished in 1102.24s
fast build + product smoke	cargo test --workspace --lib	2026-09-30T17:12:06.2128018Z 
fast build + product smoke	cargo test --workspace --lib	2026-09-30T17:12:06.2129042Z ^[[1m^[[91merror^[[0m: test failed, to rerun pass `-p uor-r4-core --lib`
fast build + product smoke	cargo test --workspace --lib	2026-09-30T17:12:06.2166149Z ##[error]Process completed with exit code 101.
