j,b_mod_35,f_mod_143,admissible_bit,z1_real,z1_imag,z2_real,z2_imag,radius_C2,local_transport_error
0,0,0,0,0.3699812605963433,-0.1288212751438706,0.6940749460583998,-0.13117058155195935,0.8077294140569612,0.5954936829637416
1,1,0,0,0.1119997666458068,0.3177863037867932,0.9295548929258024,-0.3551843647062125,1.050599978344395,0.34598121809297055
2,2,0,0,0.03202279134129144,0.5451358612446666,1.009251174696654,-0.45238278886907984,1.2334653167688967,0.265425261046727
3,3,0,0,0.14230397344330756,0.5251177487397424,0.8311757447244995,-0.3837377952643697,1.0649445455195938,0.5634323300323255
4,4,0,0,0.37701450983278234,0.35805394550372754,0.36591817488075656,-0.17474897982782006,0.6593753750134799,0.7812357175267765
5,5,0,0,0.6299173134447631,0.20992398821269262,-0.3092498615928293,0.08945631669861225,0.7379036604442731,0.8307962845956747
6,6,0,0,0.8066091995512065,0.2192005616862371,-1.0217085256792628,0.2989387941443318,1.353484392645279,0.7483611503294012
7,7,0,0,0.8656554485731228,0.42117825307003287,-1.5604016506616667,0.3688786198615301,1.8702072676797243,0.621644290610962
8,8,0,0,0.8297937433362732,0.7280587326787189,-1.7562494013032932,0.28105471397682713,2.0933300949770293,0.5410205895376762
9,9,0,0,0.7641077038539273,0.9744270313436497,-1.5512119418999128,0.09588378394389935,1.9871640121586387,0.5536438860304869
10,10,0,0,0.7346501910357308,1.0045317853949043,-1.024450331342456,-0.07280279562213748,1.6135655361638017,0.6290471325653058
11,11,0,0,0.7701855290195113,0.7565905820954519,-0.3623784919171682,-0.11037509662008055,1.1441660243970944,0.6925053852592361
12,12,0,0,0.8471241843289309,0.3007463005020955,0.2155250136572837,0.042170919665314145,0.9253632470106234,0.6892084381628819
13,13,0,0,0.904930961966864,-0.18942878417594675,0.5431950389682267,0.35449260124498166,1.129384418565166,0.6242850095082647
14,14,0,0,0.8829958185396752,-0.5184965796494895,0.5692145914920507,0.7127834188625489,1.3713445125276202,0.5638660887954133
15,15,0,0,0.7585567702667729,-0.5634596257035963,0.36689074432638036,0.9642708866773388,1.399043346248236,0.5582794089210419
16,16,0,1,0.5646017141939231,-0.33362464042259954,0.09064301844996474,0.9814886357727771,1.1838988957308194,0.5716576117066849
17,17,0,0,0.3771018958143831,0.03439468513845214,-0.0996454388701277,0.7180762550500145,0.8178945871852,0.5728206929112378
18,18,0,0,0.27712429142540185,0.3447879393844614,-0.11096119510468164,0.2313802779453382,0.5113959482476717,0.5905609761129978
19,19,0,0,0.30701983937572097,0.44041905866079323,0.0462126994105156,-0.3380360885454817,0.636108591160258,0.6182713423819586
20,20,0,0,0.4438796200486277,0.2818418533796776,0.27153053172764885,-0.820650790152053,1.0117610866447149,0.5745755119711223
21,21,0,0,0.6055035600288851,-0.03232738508783116,0.42931477982752836,-1.0820224820857962,1.3125408385843609,0.41451839453251066
22,22,0,0,0.6879900772538801,-0.31471578227236974,0.41609351759791124,-1.0691969719017513,1.374297038533514,0.2922928927493384
23,23,0,0,0.6177218247683804,-0.38463362317089433,0.20870707210756392,-0.8211516071396239,1.116858039647137,0.475569037426674
24,24,0,0,0.392268266792969,-0.16278792065270115,-0.128384523554359,-0.4419193683155712,0.6262185035783462,0.6636810026487215
25,25,0,0,0.08896325395380848,0.2819903501963952,-0.4772206335235295,-0.05167952937276636,0.5637759528170077,0.6483942597465148
26,26,0,0,-0.16508106716442794,0.7583333239037569,-0.7225441503499649,0.26035629231192947,1.0918684156208724,0.40138155193662745
27,27,0,0,-0.24911243789157528,1.0393859468385473,-0.8012786897853575,0.4606161212876735,1.4130091659617736,0.1577977108132962
28,28,0,0,-0.1054001497667162,0.9702231051646422,-0.7217374859679728,0.5654947323362648,1.3390785474786757,0.485078537765078
29,29,0,0,0.23039558046857025,0.5440864898639421,-0.5458245727984598,0.6130194433763876,1.0113503518464966,0.7232445389509473
30,30,0,0,0.6402819038137899,-0.08954851064131976,-0.34692414260592824,0.6301256837146161,0.9671579964561947,0.6992183689412881
31,31,0,1,0.9724116108849207,-0.6895001802669101,-0.16823027020921694,0.6143474115746812,1.3515616913389799,0.42207350236977714
32,32,0,0,1.1054483537398092,-1.0296666988265393,-0.004892673587036621,0.5393870352979327,1.6041171670301144,0.12324794388889905
33,33,0,0,0.9997556679863251,-0.9976665529258443,0.18052147962332799,0.3800162672922293,1.4737198901113584,0.43807144365171996
34,34,0,0,0.7124285942961872,-0.6392434593750237,0.4187268255170794,0.14056698089767763,1.054171680918667,0.6351319706444585
35,0,1,0,0.4465436658537785,-0.09280229994555178,0.6851448238373105,-0.12740799729614685,0.8328683808354049,0.6010246569318087
36,1,1,0,0.18068823560958824,0.3214766853036051,0.977119872317802,-0.3410302650105839,1.09866299847271,0.3456151057500308
37,2,1,0,0.09089807941188618,0.5100116055537763,1.096417721702178,-0.44876105552664586,1.293016861475632,0.2501984780304937
38,3,1,0,0.19380047925349403,0.45371513546019543,0.9307690363998796,-0.41404122383043346,1.1318909771070316,0.5522135115113791
39,4,1,0,0.4223953957732052,0.2640975541818665,0.4516887183669218,-0.2551874431808985,0.7192417659955539,0.7710495428936094
40,5,1,0,0.6649794743783743,0.1145057956121742,-0.25337374686230324,-0.04220426383448913,0.7220032784261922,0.8222373953417802
41,6,1,0,0.821447877862903,0.14224166213780884,-0.9983632441033372,0.13246240310413446,1.307396176339007,0.7424560743398639
42,7,1,0,0.8489973599327001,0.3721737313161646,-1.562302534909565,0.1967816735286228,1.8272443846065225,0.6111180901844308
43,8,1,0,0.7757689339087436,0.700896779453145,-1.7737734366617155,0.1352339343979375,2.0634035368500165,0.5137268124321376
44,9,1,0,0.6777525760668405,0.9494058215251391,-1.5794207690403597,-0.0003132743415354263,1.963489249302862,0.5242921520140514
45,10,1,0,0.6327880062499532,0.9572974383811685,-1.065502192399064,-0.11214511853479261,1.5699396472486873,0.6260382593663316
46,11,1,0,0.6765050009159784,0.6702247388976557,-0.4220115105333853,-0.10240157158477207,1.0466327024226119,0.7125122790386851
47,12,1,0,0.7832168961733811,0.17539531443068312,0.13531860584646568,0.07751435194995401,0.817625722823197,0.7055007657120945
48,13,1,0,0.8812730613701913,-0.3341757380397761,0.45086125528787085,0.39715298930336473,1.117730737263484,0.6144179594663439
49,14,1,0,0.8942016920410347,-0.6500878282823006,0.48529927989823607,0.7520198399675153,1.422413470585948,0.5403779781024498
50,15,1,0,0.7854353545659127,-0.6492250268613411,0.31872875702059256,1.0028894134058766,1.4648471004779529,0.5565178371810314
51,16,1,0,0.5824146480209282,-0.3544117365110285,0.10179308791838083,1.0331002384468844,1.2419631381941547,0.5827437888627709
52,17,1,0,0.36644852090357993,0.07591945226903139,-0.02049928319128074,0.7988861032262876,0.8824327216534359,0.5553329820737103
53,18,1,0,0.2325175728708296,0.4250155545629002,0.02384235408651177,0.35054352446672177,0.5984579047085007,0.5323722382864067
54,19,1,0,0.23917289931315636,0.5245986480271112,0.20562642546700577,-0.18488152955449902,0.6394300775678944,0.5626056355266129
55,20,1,0,0.3745874975818424,0.3385418340020193,0.41624505977201104,-0.6516681702500347,0.9235029618878928,0.5522051910922497
56,21,1,0,0.5574424103419119,-0.018423835616929004,0.5261239637081876,-0.9232400778233145,1.2001083888773774,0.41461865685212657
57,22,1,0,0.6741370063877634,-0.33717590782310974,0.44994440255159657,-0.9452027038803043,1.2899637254620553,0.27603946379286126
58,23,1,0,0.6352854241729832,-0.418990504997149,0.18708017300324034,-0.7467045193322116,1.0824542686721157,0.46280754024695486
59,24,1,0,0.4239176475630478,-0.17758848826103,-0.1806884263872487,-0.41811399022855883,0.6470791754749754,0.6773393140739158
60,25,1,0,0.11074754439651308,0.3119660898628889,-0.5304236878167415,-0.0679578033790901,0.6289319609078718,0.6827266547877912
61,26,1,0,-0.17281270342749916,0.8425046691188933,-0.7556342349169979,0.21987971436498868,1.1657652138063146,0.43712133007338977
62,27,1,0,-0.29280153349907195,1.1692483872393844,-0.8108342379277217,0.4099630078888788,1.5094357748226441,0.13842656358231895
63,28,1,0,-0.1753580897851088,1.1248118462301644,-0.7218935326132475,0.5123082387854027,1.4420617715718798,0.47669879957730493
64,29,1,0,0.15579750791231078,0.699699083629262,-0.55964759530736,0.5585712982491489,1.0672670693244337,0.7410804349507131
65,30,1,0,0.5854763107116668,0.04965642813081925,-0.3934982136625222,0.5731402879155825,0.9102630966082323,0.7325623702562548
66,31,1,0,0.9548723844142359,-0.5736719241478178,-0.25170713450136883,0.5558759065295678,1.2701319821543533,0.45574812691803634
67,32,1,0,1.129661524427796,-0.9356323238037578,-0.11072387418239414,0.48546497084011075,1.5490251835737534,0.1210715008295015
68,33,1,0,1.0572704719469033,-0.9213328134873123,0.08043495038674886,0.34015340423612683,1.4452851357833925,0.4287641962176583
69,34,1,0,0.7873201350684509,-0.5801845316378795,0.35446316689208973,0.122551447115735,1.0474493208310365,0.6299415718060764
70,0,2,0,0.5113116317302814,-0.06131519711213545,0.6602565345314468,-0.13105500946623866,0.847533624723677,0.6070527612102188
71,1,2,1,0.2417896048540063,0.3217451551503708,1.0009659821768935,-0.33264022645329877,1.1289661534379352,0.35000046116850586
72,2,2,0,0.1437259159816852,0.4734167293908881,1.1557159846173517,-0.44726487009355603,1.334355964393235,0.23924697574972234
73,3,2,0,0.23813165839443737,0.3824975327104703,1.00356372998487,-0.44225629602860717,1.1856398444626304,0.5384321001393976
74,4,2,0,0.4582017760038701,0.17043638064787947,0.517157850314384,-0.3304143480012981,0.7846166649315877,0.7541321696954316
75,5,2,0,0.6886276733592843,0.017381988624658434,-0.20718396394057012,-0.16780439774687783,0.7386431593551035,0.8039881584973383
76,6,2,0,0.8249047536161799,0.060039496210023045,-0.972403176944136,-0.02961039639135702,1.2769171107590445,0.7270952698012473
77,7,2,0,0.8229146452781628,0.31441098336815354,-1.5504063213146728,0.02564864729175997,1.7833845334521117,0.5965973361780894
78,8,2,0,0.7150339202936395,0.663313200155333,-1.7697978150545257,-0.013603411969338727,2.0207986707388197,0.48934705026690956
79,9,2,0,0.5864836540692607,0.9153208792377274,-1.583227656024114,-0.10291680584463453,1.9232724893222568,0.4983853234956394
80,10,2,0,0.5257147226222951,0.9052243065686516,-1.0841287667990527,-0.16016899007088659,1.5155184931785208,0.6226755496468501
81,11,2,0,0.5752963991211342,0.5845944227821331,-0.46510916597675606,-0.10447187683200708,0.9486608958495729,0.7290778503870204
82,12,2,0,0.7088413037787924,0.055465972927861776,0.06340376610485982,0.10173307531975392,0.7210423872879784,0.7193669278286446
83,13,2,0,0.8456279552764545,-0.471620531568547,0.3578831565575243,0.4273588276786359,1.1172414626590224,0.6040722976775348
84,14,2,0,0.8949204237085053,-0.7759614489132148,0.3925208540682612,0.7772513959519555,1.4700990063114279,0.5173582009436066
85,15,2,0,0.8065426512558477,-0.7333567041041434,0.255211128225415,1.0264369066068393,1.518890564512141,0.5603312977947261
86,16,2,1,0.6008862436523029,-0.37796562396514727,0.09344687121464594,1.0701287635274581,1.2875675434626919,0.6049444901474109
87,17,2,0,0.3619571360029928,0.11234518619381179,0.03767480976187894,0.8679949887785535,0.9478761000255709,0.5521958884212984
88,18,2,0,0.19605933394196262,0.5013144065083726,0.13889105162653698,0.4633187016192501,0.7236783402110919,0.47754929655734835
89,19,2,0,0.17666693730348132,0.6092644666105008,0.34889736756297474,-0.031374755917013275,0.7246572606491956,0.5034113127039331
90,20,2,0,0.30378622732638355,0.401473432638891,0.5501459135483706,-0.4759481238861797,0.8846774168321451,0.5331961290909684
91,21,2,0,0.49954970205483024,0.006031480557999312,0.6181405263653543,-0.7535766136896885,1.0952450440956338,0.4296596129019489
92,22,2,0,0.6439704833433922,-0.34855738694898386,0.4845297271454867,-0.8096234579526376,1.1943405860846779,0.28361227864163474
93,23,2,0,0.6344841913538602,-0.44643719853906005,0.17019569897074305,-0.6633796098559913,1.0348504452519662,0.4534724175037538
94,24,2,0,0.44027178973293407,-0.19334726714526115,-0.22628337332041176,-0.39027527340725987,0.6593492008196856,0.6866763203343585
95,25,2,0,0.12388482157738169,0.3318982882875788,-0.5768133386194048,-0.085195088882596,0.682257835106686,0.7130947302779583
96,26,2,0,-0.18206367373143262,0.9092461563713826,-0.7828580290411375,0.17516259793147113,1.2261420731371202,0.4743101289018354
97,27,2,0,-0.33367943092631275,1.2781333420733225,-0.8154349608025622,0.3544468233802618,1.592335871807912,0.12963016187310436
98,28,2,0,-0.24297709573587342,1.2592625040469234,-0.7171200732314428,0.45597612696417095,1.5384912580003447,0.4625500888078166
99,29,2,0,0.07838264728901924,0.8392840576951478,-0.5675175020743242,0.503674736820393,1.1341542772343802,0.7517121383368403
100,30,2,0,0.5201393019787979,0.17809353582331816,-0.4327393783596786,0.5176770693186815,0.8703534446686259,0.7607875577346336
101,31,2,0,0.919644000283244,-0.4642914363799443,-0.32743487920833975,0.4989501177801639,1.1905781978970296,0.4888583146402413
102,32,2,0,1.1322769763915597,-0.8458151762782378,-0.21073487692581572,0.4310071591486089,1.492524982464043,0.1312962363834163
103,33,2,0,1.0936470663257858,-0.8489302625866753,-0.018867620267182136,0.29652802746462786,1.415991297496241,0.4189459684840208
104,34,2,0,0.845079801743198,-0.5255974174059627,0.28320058805975135,0.09799741627059799,1.0393356450979838,0.6221456737646747
105,0,3,0,0.5634208177077833,-0.035996961742295074,0.620946309603093,-0.14134878592729128,0.8510538160269319,0.6113466223280314
106,1,3,0,0.2946381247796434,0.3176233604828348,1.0013750930455785,-0.3294920515507089,1.139742651963683,0.35657304477126844
107,2,3,0,0.19023090645709778,0.43516988990420263,1.1862540997080846,-0.4472699961023881,1.3538130850816865,0.23328423353480338
108,3,3,0,0.27548619733529744,0.3120632709066924,1.047923515328315,-0.4672119914811104,1.2205354845038487,0.5231587275669131
109,4,3,0,0.48506403305549506,0.07824611359925977,0.5605252219690974,-0.39835989045286935,0.8451560194677541,0.7312777068110622
110,5,3,0,0.7018713028715313,-0.08006539900353819,-0.17213985765595685,-0.28430394426620753,0.7807013880039619,0.7764813081030261
111,6,3,0,0.8183176034129829,-0.02623307200411671,-0.944669322004932,-0.18356282065990032,1.2634980455814793,0.7025677616979256
112,7,3,0,0.7890523562385793,0.24856275845793321,-1.5249082670718173,-0.14071470628851626,1.7405553473899378,0.578628089412412
113,8,3,0,0.6495233194538926,0.6154445117970344,-1.7440012875249282,-0.16223620226193294,1.9668537225295821,0.4693235993250124
114,9,3,0,0.49245963461334513,0.8720107701220372,-1.5619433227386406,-0.2097917670133082,1.8672436380629953,0.4769210761038355
115,10,3,0,0.41565899346594387,0.8482532372326466,-1.0793456181079386,-0.21596228371380483,1.4504939243721346,0.6183529209312806
116,11,3,0,0.4686175861239602,0.500104542873889,-0.4903907136935174,-0.1166322659693841,0.8507603266312666,0.741613247963826
117,12,3,0,0.6256130043666173,-0.058046065420060376,0.001342394103584208,0.11434888203631965,0.6386223029211089,0.7309517093257172
118,13,3,0,0.7989580961685139,-0.6003814013424896,0.2659572805215895,0.4447334413383911,1.1257499613228132,0.594313959307837
119,14,3,0,0.8853972751305793,-0.8948272855458016,0.2923770010277049,0.7884889921791185,1.5138835514277573,0.49498289324039496
120,15,3,0,0.8215275727087686,-0.815211326150005,0.17717618163558901,1.0352135188595433,1.5628613143758268,0.567209848900239
121,16,3,0,0.6193409285762533,-0.4046734515405497,0.06536465492915397,1.0927256153651543,1.3212363894400578,0.6345696155254661
122,17,3,0,0.3629537733923206,0.1422313987292822,0.07338847206969412,0.9248350890489888,1.0063155678877216,0.5637765714728425
123,18,3,0,0.16733718471438025,0.5715675309247723,0.23166520714862393,0.5679916875626098,0.8549704679923228,0.4313728707889961
124,19,3,0,0.11945345433763689,0.6922636892102195,0.47306974858007195,0.11955999023916446,0.8553290135612955,0.4418889159063659
125,20,3,0,0.2317139427377569,0.46909573177876346,0.670636288068599,-0.29725991148580394,0.9010319876026082,0.5162955198171104
126,21,3,0,0.4321506957965101,0.04049676753608871,0.7038379107140779,-0.5769678739765718,1.0083025063033828,0.45449834397664857
127,22,3,0,0.5976908265618474,-0.3484396609403401,0.5197502242226868,-0.6658117421229582,1.0918287837388907,0.31119644875348895
128,23,3,0,0.6152796034113343,-0.4660414792339831,0.15924842587346474,-0.5733849358127868,0.9746250543161806,0.44824613534362384
129,24,3,0,0.44109751023181154,-0.209308865655043,-0.26323954740784233,-0.35926112199987525,0.6608636984088314,0.6910163651271385
130,25,3,0,0.12813052576993494,0.34170237574803525,-0.6144668520802014,-0.10306039043685092,0.7220587937337788,0.7375652153510233
131,26,3,0,-0.1928563820602868,0.9572328224773307,-0.8029082074170111,0.12732837523852333,1.270575603892889,0.5097293607443615
132,27,3,0,-0.37137945514900333,1.3634541710268369,-0.814611465997111,0.2955509007249737,1.6576707006068954,0.13277733545141313
133,28,3,0,-0.3074909393642303,1.3700445428238202,-0.7075464700452576,0.39804059049554746,1.6219220221909487,0.44289236194507703
134,29,3,0,-0.000849637994926763,0.9588629363402185,-0.5695937271511246,0.4498246935583424,1.2025797776099822,0.754632858687466
135,30,3,0,0.44521913245119255,0.29181409227804,-0.46421737354426246,0.4652193000456145,0.8457554654791855,0.7826313228616943
136,31,3,1,0.8673337310838494,-0.36495921968383027,-0.3940203376544274,0.4450985246280877,1.1130263951135528,0.5197184118888091
137,32,3,0,1.1133808758454529,-0.7633407416162089,-0.30262637911620127,0.3775590757787794,1.4340291641209675,0.15117082675709023
138,33,3,0,1.108448825993725,-0.7831052257342054,-0.11465759338288554,0.2505649132344835,1.3848616298690808,0.40835196293005255
139,34,3,0,0.8849200183389732,-0.4776556079292478,0.20739370363965234,0.06803660656462654,1.0290186814560316,0.6111526509102383
140,0,4,0,0.6024191719276706,-0.018337158485462003,0.569148543563943,-0.15726042693446074,0.8437452320504737,0.6118532581153606
141,1,4,1,0.33883292618617533,0.3081407943341589,0.9792743876315058,-0.33081195887976295,1.1305633018144976,0.36259588664949477
142,2,4,0,0.23031895125188104,0.3949535359749396,1.1879276321655206,-0.4479931169095371,1.3494091325263724,0.23210679388991623
143,3,4,0,0.30622318418684125,0.24280609511678053,1.0629901000661985,-0.4877128873071833,1.2331014766204942,0.5074638423794992
144,4,4,0,0.503815988684776,-0.01147658907205965,0.5806054728659986,-0.4570546884962202,0.89440704712646,0.7035081404163159
145,5,4,0,0.7059543090430174,-0.1765251878599697,-0.1493605747718462,-0.3888313720481002,0.8384694661049893,0.7404934562939786
146,6,4,0,0.8032523775687896,-0.11533301220611908,-0.9159787764830236,-0.32583525159971083,1.266373489902104,0.6695881060650366
147,7,4,0,0.7492340395424378,0.17547824195807676,-1.4862625271025272,-0.29857713211570486,1.7000790754260244,0.5582034815790315
148,8,4,0,0.581282782836294,0.5576208116283707,-1.6965132532845186,-0.30739757275145735,1.9030189514259963,0.45512256596387013
149,9,4,0,0.3979051939995441,0.8194210590246789,-1.5154027033340758,-0.31864208199639976,1.7965960995939425,0.4607589009172563
150,10,4,0,0.30492228793466664,0.7862757145409566,-1.0506518653173755,-0.2783743075280315,1.3757066177578687,0.6125629625945981
151,11,4,0,0.3586568505454479,0.41695288797580593,-0.4969299997194866,-0.13866159697295197,0.7540894577772873,0.7496948344675511
152,12,4,0,0.5353516842551751,-0.16443963151389343,-0.04947587350305062,0.11514270946405347,0.5738880760643934,0.7404077499269831
153,13,4,0,0.7424678756244677,-0.7193465277702585,0.1768101020908439,0.4491381275588966,1.1409228033385623,0.5862589524712929
154,14,4,0,0.8660805210838828,-1.0055376652242338,0.18658994025803585,0.7859692231270126,1.5536295860641653,0.47364139034800556
155,15,4,0,0.8301214240337592,-0.8941141417142461,0.08585152720335927,1.0297493225612744,1.5988420275598814,0.5747098826318379
156,16,4,0,0.6370227977774257,-0.43474916743873065,0.01781143788323256,1.1012833938904931,1.3445992876895627,0.6676808711196848
157,17,4,0,0.36854932143014046,0.16435591054113288,0.08570724670245708,0.9690785668414871,1.0532333400084184,0.5881395227774728
158,18,4,0,0.14568593194542037,0.6338042299893557,0.3001716772222759,0.6630577869004232,0.976053716398297,0.39977228573605933
159,19,4,0,0.06732521470482547,0.7714341551007103,0.5756130873646867,0.2651450668668812,1.0006376332221105,0.37957374095379615
160,20,4,0,0.1586558123138608,0.5396923089009128,0.7753898472627279,-0.11930672516240252,0.9653512132767342,0.49992948805242254
161,21,4,0,0.35586518777552717,0.08415797064435583,0.7817879896718268,-0.3973560990523526,0.9501615263431302,0.4834168926967258
162,22,4,0,0.5359905397460409,-0.3366498582771183,0.5554587724117666,-0.5171671959308407,0.9882385046998581,0.3507252934409068
163,23,4,0,0.5781996882609728,-0.4769707657054916,0.1552995755983919,-0.47897539763255703,0.9029680949851306,0.4471762428768747
164,24,4,0,0.4266569500050772,-0.22459253728443743,-0.289773035463711,-0.32594633210031826,0.6501441257775082,0.6898032493527095
165,25,4,0,0.12355816440065431,0.3416483084047836,-0.641561954044956,-0.1212067634173951,0.7471833824450407,0.7545031778579262
166,26,4,0,-0.20509385793283508,0.9856608915365389,-0.8145130114137032,0.07752348263912104,1.2973173165378995,0.540689602277373
167,27,4,0,-0.4055430622855756,1.4232158205463274,-0.8078904727675517,0.23474783678328326,1.7022931622033637,0.14524227549826946
168,28,4,0,-0.3681375744200102,1.4542015659362064,-0.6933149924343225,0.3399667602727152,1.6871545705404984,0.4182247931367272
169,29,4,0,-0.08076632689276071,1.0549653488577777,-0.5661224800051556,0.39836973029799716,1.2643845108333331,0.7496682360560173
170,30,4,0,0.36201471461968204,0.38730829297354663,-0.4876869883561146,0.4170695279452114,0.8323748897939863,0.7971468041875156
171,31,4,1,0.7991096023527833,-0.27888222808548924,-0.45032349203061156,0.39569728539125687,1.037168762957603,0.5469172011604578
172,32,4,0,1.0737444103332119,-0.6909658824689456,-0.38433624236687736,0.3266075872833538,1.3728611629460752,0.1767660922079173
173,33,4,0,1.1019239958393272,-0.7261672724344439,-0.20431467371913364,0.2037624383752563,1.3508586222662144,0.39692623847120295
174,34,4,0,0.9066283426879682,-0.4382656346419179,0.12961825385395676,0.03399833771714238,1.0158781900271767,0.5964617399325036
175,0,5,0,0.628275273770145,-0.009637074171763712,0.5071279461342432,-0.1775474509687686,0.8267554317483411,0.6068574171118739
176,1,5,0,0.37424125478785486,0.2923537165235731,0.9361940188340568,-0.3356235825205857,1.1021023738269276,0.36558544236818097
177,2,5,0,0.26406726800983177,0.3523277873998595,1.1614072900981418,-0.4485400553216763,1.3205761873248125,0.23463886331873782
178,3,5,0,0.3308449595738023,0.17491216348015642,1.048695632421883,-0.5025927797211578,1.221644254231678,0.4923059613909238
179,4,5,0,0.5154515743465509,-0.09793198215986704,0.5768536231852391,-0.5046950853716402,0.9288477972231638,0.672028713272612
180,5,5,0,0.7023002992135817,-0.2707831874736709,-0.1395993605441851,-0.4787629345013329,0.9029126058542769,0.6971492222743434
181,6,5,0,0.7814423850363265,-0.2059720113329604,-0.8871075430498719,-0.4531136831992513,1.2827113757280628,0.6293378685340988
182,7,5,0,0.7053991854958772,0.09616815109646973,-1.435176425072272,-0.44436869925956374,1.6625375893941237,0.5367873491708812
183,8,5,0,0.5124063324158438,0.4903650122177256,-1.627917720039467,-0.44584681035916923,1.8308231963335748,0.4480141624710669
184,9,5,0,0.30504798700781255,0.7576153444416711,-1.443975170254181,-0.4270575010308966,1.7130317235849242,0.45049683424083037
185,10,5,0,0.19581546797223814,0.7191489632512403,-0.9980445375371864,-0.34603551317763753,1.2928079533056902,0.6049341582784065
186,11,5,0,0.24767113807947203,0.33514002255293046,-0.484174136761216,-0.1700712008879023,0.6610662867173621,0.7530613183148703
187,12,5,0,0.44002601684464976,-0.26330934294105685,-0.08785779913113963,0.10416074854327313,0.5305875610919292,0.7478763085325201
188,13,5,0,0.6775620403094543,-0.8276857524107643,0.09216910884237907,0.4406699734130338,1.1605340121274885,0.5809675174328699
189,14,5,0,0.8375994684419267,-1.1071017436559707,0.07707738366101195,0.7701359736373996,1.589433069148475,0.4539870773245176
190,15,5,0,0.8321379502658599,-0.969364445476813,-0.017166549286114014,1.0107723426100979,1.6291336395235148,0.5807341422144858
191,16,5,0,0.6531147367371376,-0.46822036744772794,-0.04844579578569635,1.0964031978292872,1.3602338545910784,0.7006724565466902
192,17,5,0,0.3776698247470808,0.17774944737277742,0.07427144090778905,1.0006221313779617,1.0867337573222395,0.6217464029943781
193,18,5,0,0.13021876479518116,0.6862497341760792,0.34298617359947664,0.7472390542999797,1.078842594595273,0.38773207699297996
194,19,5,0,0.01993925002073914,0.8446553451844051,0.6544748805189777,0.40280561157671213,1.142116437053594,0.318638378197435
195,20,5,0,0.0849541004268198,0.611407771276882,0.8623966536400887,0.05436281593043323,1.0619416019360965,0.48244438034186055
196,21,5,0,0.2716053359424995,0.13593974651053387,0.8506832225250734,-0.21858642820865817,0.9293497968345659,0.5113980127955993
197,22,5,0,0.46004483785541717,-0.31327885574953124,0.591448747095217,-0.36703988275720967,0.8912433956400917,0.39451216464550154
198,23,5,0,0.5243284014599614,-0.4785258530118043,0.1592328380603575,-0.38238174920264545,0.8218747857297146,0.44966285992464655
199,24,5,0,0.39769986738227664,-0.23822662339513534,-0.3043092354851557,-0.29118718296111773,0.6263475033338278,0.6826309184552922
200,25,5,0,0.11055450210066595,0.3323437519766119,-0.6564402907840958,-0.13927039783036427,0.7569575724498394,0.7625941324808325
201,26,5,0,-0.21856553037332352,0.9942617119031814,-0.816481765950886,0.026893322293519734,1.3052559012462948,0.5650090568781381
202,27,5,0,-0.4358319530964195,1.4560632073677275,-0.7948131851542001,0.17346309741564778,1.7239161814455564,0.16240228572793344
203,28,5,0,-0.4241812623140283,1.5094280902219526,-0.674575378487728,0.2831040292704888,1.7301741922420588,0.3892898436787555
204,29,5,0,-0.16013237398855804,1.1247217424862659,-0.5574217478433645,0.35047535749776476,1.3130854337789644,0.7369633400090576
205,30,5,0,0.27213960812167654,0.461600258619224,-0.5030824133582928,0.3743135321968277,0.8248256179835979,0.8036952773889087
206,31,5,0,0.7166678816610217,-0.20878678070781867,-0.49547655154700104,0.35193076895284736,0.9625783353428858,0.5692992211456845
207,32,5,0,1.01480202201455,-0.6310043565445352,-0.454088620479077,0.2795350542608236,1.3085587352779375,0.20486542333363394
208,33,5,0,1.0749979656307749,-0.6800273566716406,-0.2853992061324429,0.15764067655872657,1.3131493143199842,0.38480453770317014
209,34,5,0,0.9105714286602399,-0.4090160448996639,0.05249171448193119,-0.002644779088963918,0.9995983326433654,0.5776956378510072
210,0,6,0,0.6413730873976254,-0.010973780394095528,0.4374024213316978,-0.2008132617841907,0.8019518098921767,0.595061317198038
211,1,6,1,0.40099318263646605,0.2693749759736571,0.8742076128811391,-0.342803959999017,1.0559885963456603,0.36352392714820514
212,2,6,0,0.2917093990744011,0.30675014750047874,1.1081045467554356,-0.4479586946818859,1.2679718865894,0.2392821363331357
213,3,6,0,0.3499663320348135,0.10836532083890259,1.0057525705855577,-0.5107693489197823,1.1860198300845628,0.4784146769588309
214,4,6,0,0.5210776473833907,-0.1805276277246076,0.5493720587124276,-0.5397059040883132,0.9472086680220986,0.6381638404605259
215,5,6,0,0.692453140664438,-0.3617442729366453,-0.14322875635748022,-0.5517971478756178,0.9671322764078774,0.6479239919579611
216,6,6,0,0.7547229448549047,-0.2968416175063025,-0.8587754884058295,-0.562413539539403,1.308253032986405,0.5835282498890754
217,7,6,0,0.6595371288122818,0.011786533738744958,-1.372599112557732,-0.574765167656924,1.6277320014073224,0.516299965266506
218,8,6,0,0.4449716935350515,0.41438862245099867,-1.5392465112581584,-0.574442139545461,1.7518508305704188,0.44880498167949207
219,9,6,0,0.21605481033357135,0.6867858146324167,-1.3485621626419528,-0.5325646097056803,1.6188265522498364,0.446354134209288
220,10,6,0,0.09059453351180644,0.6467154287372255,-0.9220215337419776,-0.41738340478058295,1.2044836364762852,0.5952493923395205
221,11,6,0,0.13792220135824884,0.25448807410615887,-0.4519541844551043,-0.2101113052157754,0.5763645191332673,0.7516047753830568
222,12,6,0,0.3416947341597941,-0.3545360033965203,-0.11282728314812908,0.0817150658375092,0.5117210342211138,0.7534687822226382
223,13,6,0,0.6057992850319703,-0.9248530028216428,0.013732313557220372,0.4196558495015381,1.1826434200679203,0.5793147537773605
224,14,6,0,0.8007384449288816,-1.1986952724686202,-0.03408279849255445,0.741619493005955,1.6214849746406028,0.4369484050554234
225,15,6,0,0.8274721094666057,-1.0402423780038759,-0.12994404600178844,0.9791743411943986,1.6560441245586037,0.5836696093092528
226,16,6,1,0.6667600364495317,-0.5049211217168815,-0.132154080522385,1.078858854301425,1.3714646965435586,0.7305254859769794
227,17,6,0,0.3890922928770945,0.18172278677630158,0.0393024001118214,1.0195670395727556,1.1070129224393916,0.6604679064667267
228,18,6,0,0.11986443862994059,0.7273696016510122,0.35928171860080743,0.8194956160095763,1.1593491445779773,0.39680687075861665
229,19,6,0,-0.023157077278267182,0.9098987891979128,0.7081222417013492,0.530218925388962,1.269260128911591,0.26252255148908726
230,20,6,0,0.011015448867905946,0.6822886531420621,0.9300024424341049,0.22043647644836992,1.1743661819903297,0.46233046890592033
231,21,6,0,0.18056383848868,0.19452359760819424,0.9093570504490377,-0.044309190590019,0.9483334220453885,0.5345231909494269
232,22,6,0,0.37148710767445015,-0.2786909558913658,0.6274446680936155,-0.21863821854968005,0.8106545517010663,0.4368998774908624
233,23,6,0,0.45527799163006294,-0.47017258967221415,0.17171478231302678,-0.28574299948136705,0.7344898515018425,0.45458367876796657
234,24,6,0,0.3554410881294831,-0.24918740509265996,-0.3055421692513755,-0.2557882249192534,0.5892506794104384,0.6692715428614768
235,25,6,0,0.08980511573310539,0.3147063235928451,-0.6576689479906286,-0.1568705712556919,0.7511603358793302,0.7608590146081728
236,26,6,0,-0.2329567590807113,0.98329994618866,-0.8077511484730284,-0.023440916489883907,1.29389297478632,0.5809703047339084
237,27,6,0,-0.4619400613394146,1.461311586291487,-0.7749560806177077,0.11304169244221123,1.721091375731272,0.18018293336872135
238,28,6,0,-0.4749345042426616,1.5341282300000658,-0.6514813263059395,0.2286528308106573,1.7480910287986808,0.3570904321748492
239,29,6,0,-0.23764609792776764,1.1659390439548736,-0.5438654892903012,0.3070946806852374,1.3438699101567997,0.716964805365284
240,30,6,0,0.1774757578972385,0.5123270577404897,-0.5105068514796179,0.3377921533529841,0.8177392267763023,0.8019336445951318
241,31,6,1,0.622183748831608,-0.1568468227754818,-0.5288950332795174,0.31475864283234184,0.8891099496633228,0.5859474132847716
242,32,6,0,0.9386085922801206,-0.5852670631411203,-0.5104344104429938,0.23757686833568295,1.241172703709028,0.23319397549406698
243,33,6,0,1.0292439569195517,-0.6461491505691218,-0.35571881929820187,0.11368877692450828,1.2713429372274467,0.3722704838150494
244,34,6,0,0.8976803779694381,-0.3911363106213146,-0.02140695254328133,-0.04033577506723738,0.9802565515441719,0.5546235909901792
245,0,7,0,0.6424933276256921,-0.023170085302309247,0.36265914100511465,-0.22557137169416294,0.7718410621228992,0.5756104186440936
246,1,7,1,0.41946803911105873,0.2384038886040796,0.7958576317735547,-0.3511443037879468,0.9947268680759336,0.3549245316549581
247,2,7,0,0.31361578806977114,0.257600442331246,1.0301164481451088,-0.4452945000235758,1.193373344308569,0.24436353150108225
248,3,7,0,0.3642812627554326,0.042960404243409606,0.9356215235449228,-0.511297831429921,1.1275458050442615,0.46619075770938656
249,4,7,0,0.5218645783482859,-0.25888113764956094,0.49889908508991093,-0.5607985752544968,0.9501354749068098,0.6032702162377557
250,5,7,0,0.6780150404486058,-0.44844993097954433,-0.16023697382456215,-0.6060223767939709,1.026523621075302,0.5946473779421346
251,6,7,0,0.72496363737749,-0.38663809865043547,-0.8316337302261905,-0.651156597653478,1.3381632451854317,0.5344934994748439
252,7,7,0,0.6136194993362283,-0.0763903923283017,-1.29970476752161,-0.6867677489192264,1.5947560332789774,0.4990220683792725
253,8,7,0,0.3809756178846291,0.3305839979788474,-1.4319617459874283,-0.6902126514255083,1.667733835868736,0.45762596503076863
254,9,7,0,0.1329688577648032,0.607262802697833,-1.2305821755734094,-0.6326808516977503,1.5169266230176328,0.4481069429075911
255,10,7,0,-0.008602528833997378,0.5688258235971849,-0.823573106323263,-0.49069417168512075,1.1147601772031737,0.5834483973948705
256,11,7,0,0.03161262648903276,0.17466759125199624,-0.4004876781642533,-0.2577840086618466,0.5082825012436244,0.7453566205114206
257,12,7,0,0.24244574202236757,-0.43826667783295664,-0.12364239315544122,0.04837863990261952,0.5181559156349997,0.757250678286479
258,13,7,0,0.5288425767139844,-1.0105796412643848,-0.056863272073649496,0.3866427777980268,1.2056831058026132,0.5818613846774497
259,14,7,0,0.7564077302881931,-1.2796657449128088,-0.14469351843944858,0.7012136806264418,1.6499496699351341,0.4236761821870793
260,15,7,0,0.8160977829489493,-1.1060170178600157,-0.2502498814734347,0.9359755881262711,1.6816552975791264,0.5824287277947982
261,16,7,0,0.6770859572718348,-0.5444910328526945,-0.2316033444354798,1.0495594528945424,1.3820749012646534,0.7548573070877851
262,17,7,0,0.4014849432907981,0.1758857400026935,-0.018405868764469015,1.026195528037615,1.1160385257664203,0.7003519648151458
263,18,7,0,0.11340922891288799,0.755907739779228,0.3488426585322313,0.879031088970634,1.2159954852093369,0.42403242592174245
264,19,7,0,-0.06249793483551227,0.9652766803116262,0.7355715861447573,0.6453560084251924,1.3759414948921878,0.2170569458816014
265,20,7,0,-0.06268508481011026,0.7503277556691179,0.9769403975728831,0.37591141968477976,1.2894351851273471,0.43840017588835134
266,21,7,0,0.0841925837425503,0.2583729039923329,0.9568022086066968,0.12210924548428599,1.0021108136838324,0.5499166202645529
267,22,7,0,0.2723698580004169,-0.23352667186310644,0.663095661390064,-0.07494423142257917,0.7576493516109374,0.4740089269472213
268,23,7,0,0.37314508122651885,-0.4515703896132772,0.19316105068869813,-0.19104430238645181,0.6457260916182033,0.46050608428142614
269,24,7,0,0.3015237664776045,-0.25644108088817963,-0.29248771842742055,-0.22047241834462636,0.5392919083386518,0.6497001293692592
270,25,7,0,0.06227078861887559,0.28992583030676783,-0.6440979769594748,-0.17361066123744553,0.73002568709113,0.7486649420646463
271,26,7,0,-0.24786175863704216,0.9535561874779261,-0.7874306363522148,-0.07240405408402258,1.2633266435035482,0.5872870950588833
272,27,7,0,-0.48360496668541764,1.4389581362469503,-0.7479533704228928,0.05471878385557724,1.693193040178142,0.19577329514154693
273,28,7,0,-0.5197790368299475,1.5274547007213188,-0.6241890107198882,0.17763776353662522,1.7390960887832763,0.3229294666213185
274,29,7,0,-0.31197719378234057,1.1771571853104266,-0.5258676127718912,0.26894716754373005,1.3534763143330117,0.6903978469897768
275,30,7,0,0.0801184198297848,0.5377995596071248,-0.5102179258940523,0.3080817702471997,0.8067738447495159,0.7917977283649004
276,31,7,0,0.5182466604728755,-0.12462950478487754,-0.5502807770989029,0.2848904624560172,0.8173638258432946,0.5961705648228
277,32,7,0,0.8477768817936315,-0.5550186415181995,-0.5522820355675512,0.2017837252171209,1.1715389247948942,0.2601230171289872
278,33,7,0,0.9668330151642955,-0.6255148768068212,-0.4133875298816794,0.07331335158414586,1.2256830902400966,0.3596907630799279
279,34,7,0,0.8694179415667652,-0.3854667698310142,-0.08961597191928987,-0.07749481465093959,0.9583885728048773,0.5271755561705128
280,0,8,0,0.6327820635922812,-0.04677118978403516,0.2856664729778593,-0.2503120131968614,0.7395012656731533,0.5480867993380468
281,1,8,1,0.4302730633474905,0.19875529757802188,0.7040680490407051,-0.3594132029053413,0.9216985654000023,0.33882547642766186
282,2,8,0,0.33027064030344394,0.20421019157342002,0.930151491705965,-0.4396464457131453,1.0996596259479263,0.24848610637396998
283,3,8,0,0.3745281881916864,-0.021675932786087378,0.8404582347963825,-0.50342166670627,1.0490684576130693,0.4556507460954715
284,4,8,0,0.518996285564844,-0.3328153510242408,0.42677957274613626,-0.5670226582183091,0.9400950488933691,0.5686256883716789
285,5,8,0,0.660584158911471,-0.5300909555501416,-0.19023538308271956,-0.6399754864425284,1.0784831831720039,0.5395071533670524
286,6,8,0,0.6940003566224294,-0.474086496267526,-0.8062546394505118,-0.7172388987588981,1.3677984802095775,0.48531456438935583
287,7,8,0,0.5695333707707948,-0.16698796003160363,-1.217870616364647,-0.7777762011060153,1.56217729353245,0.48735990997565054
288,8,8,0,0.322271205661,0.24001305023425848,-1.307927895116692,-0.7904276081989313,1.5801633386800273,0.47388411349680626
289,9,8,0,0.05764997903503048,0.5195227951098242,-1.091943393349557,-0.7249703171491537,1.4110810712884478,0.45511082115325285
290,10,8,0,-0.09981587939617857,0.4853647660146466,-0.7041620755138132,-0.564119400245959,1.0293770408328848,0.5696174474834064
291,11,8,0,-0.06917630129308784,0.09523135682703301,-0.330373041451126,-0.3118626326113427,0.46931761113413856,0.7344693461991433
292,12,8,0,0.14433519592301292,-0.514885365130975,-0.11980843661352722,0.004974835648575548,0.5480131371433534,0.7592297640130183
293,13,8,0,0.448407839901229,-1.084859246315007,-0.1180736143415066,0.3423849214164684,1.2284779151523562,0.588758390531632
294,14,8,0,0.7056124699352958,-1.3495330207693987,-0.25248414759608834,0.6498523091864424,1.6748685322787107,0.41540424509579044
295,15,8,0,0.798064646366601,-1.165955683575285,-0.3756052492155306,0.8822898143535759,1.7075931762548378,0.5764416865566291
296,16,8,0,0.6832286316640839,-0.5863805911523218,-0.3446673893518125,1.0095115552830747,1.3959057096875738,0.7718827533091064
297,17,8,0,0.41345067714264105,0.16015749119973652,-0.0975094007312789,1.0209447317349352,1.1173307983338658,0.7379981478133232
298,18,8,0,0.10954230166451712,0.7709171103322771,0.31206402164341956,0.9252923554085855,1.2489445958243548,0.46364254964525614
299,19,8,0,-0.0986698266236191,1.0090875132237491,0.7364057450435957,0.7465144376666744,1.4586194058108612,0.191195773691577
300,20,8,0,-0.13560357185402777,0.8135108994636702,1.002354756781675,0.5181566192222147,1.3976371677700927,0.40992379504101595
301,21,8,0,-0.01582780008269867,0.32576438424045223,0.9921866567453619,0.27766466007092805,1.080696524733406,0.5555743974241527
302,22,8,0,0.16511216683903143,-0.17869829746174762,0.6979721539265594,0.06136142912936011,0.7417044302117156,0.5031942199851702
303,23,8,0,0.28045168768066464,-0.4225965367442481,0.2237095688154603,-0.1000622165843278,0.5632933519566282,0.46591198553601604
304,24,8,0,0.23796954055647218,-0.2589874660792833,-0.2645289495374045,-0.18585564274701258,0.4777257528154561,0.6241154467974065
305,25,8,0,0.029155492190761998,0.2594177594182357,-0.6149119465393335,-0.18908036295606287,0.6942735068248332,0.7257326930480903
306,26,8,0,-0.26279945263591115,0.9062946443237696,-0.7548455289306478,-0.11898686414479609,1.2142418132403794,0.5830856949328994
307,27,8,0,-0.5006183017242053,1.389674552604892,-0.7135202879358942,-0.0004050531729069287,1.6404040391144579,0.20741748077531116
308,28,8,0,-0.5581851763964614,1.4893271293456272,-0.592857621792281,0.13088773229033426,1.7024328907580881,0.28848288718001786
309,29,8,0,-0.38180615439491106,1.1576849762257944,-0.5038663146648381,0.23650605486616638,1.340084631937488,0.6582378806388622
310,30,8,0,-0.01768601086401284,0.5370434842143685,-0.5026095338498503,0.2854839114083805,0.7892058705478454,0.7734815720944422
311,31,8,1,0.4077824013245883,-0.11305951534796949,-0.5596170650436827,0.2627684652091348,0.7491912083288451,0.59949496338582
312,32,8,0,0.7453971496921764,-0.5409515325522637,-0.5789178624288913,0.1729897856219562,1.1015066176417783,0.2844244326681981
313,33,8,0,0.8904648522442578,-0.6186064938653608,-0.4568756524464958,0.03778956451690053,1.1771852277018986,0.3474362382006775
314,34,8,0,0.827728604873786,-0.3924403664849869,-0.1498654710835595,-0.11258110146204839,0.9350284746480613,0.4954485416687495
315,0,9,0,0.613707590081123,-0.08202867621096148,0.20918453364890452,-0.2735687079079542,0.7084939780325868,0.5124845973664119
316,1,9,0,0.4342150228964922,0.14988694080385925,0.6020471546075327,-0.3664198336052338,0.8412687156686943,0.31476079155061976
317,2,9,0,0.34224588928660254,0.14589545230399112,0.8114390090819831,-0.4302211399066635,0.990929476006796,0.25073385092241474
318,3,9,0,0.3814551753187079,-0.08605764333755467,0.7230414877461205,-0.4866181567339459,0.9552487593394227,0.4464373432644767
319,4,9,0,0.5136213903400078,-0.4023462797744773,0.3349187394854281,-0.5578089375123927,0.9214178391426859,0.5352981119046236
320,5,9,0,0.6416938072364752,-0.6060151319368823,-0.23247672053181295,-0.6526897374016452,1.1220849349673911,0.48504500810707674
321,6,9,0,0.6635693640317806,-0.5579633929747514,-0.783124553886855,-0.7590877423850992,1.3932500552023068,0.43992521548818847
322,7,9,0,0.5290172390691531,-0.2585588796247997,-1.128650192372732,-0.8456533396503225,1.5282973405296265,0.4834427661060079
323,8,9,0,0.27050918941795604,0.14389247357977974,-1.1693739909651208,-0.8726613887707427,1.4909237726018871,0.49640133714188023
324,9,9,0,-0.008280219900421507,0.42419434658105776,-0.9350045709753706,-0.807099969442951,1.3060066286709953,0.46640579545049243
325,10,9,0,-0.18131910723331252,0.3962779043994813,-0.5656932642270722,-0.6357270645126569,0.9560703770690157,0.5539696006234879
326,11,9,0,-0.16254298668649125,0.015653784292862405,-0.24257610464084153,-0.37091710449015886,0.47232184835103724,0.7191948216622335
327,12,9,0,0.04932844124566321,-0.5849755051953057,-0.10108689755808553,-0.04743853479254165,0.59757728557519,0.7593498934321433
328,13,9,0,0.36621265869015934,-1.1479246088115964,-0.1684794440096379,0.2878274876376485,1.2502290208572866,0.5997152411393502
329,14,9,0,0.6494206436364599,-1.4079856681565766,-0.35515989432549794,0.588584876186601,1.6960959645988227,0.4132230011776112
330,15,9,0,0.7734944279240346,-1.219334322742599,-0.5033404712416739,0.8192904718888756,1.73483668625187,0.565632054263024
331,16,9,0,0.684358645379371,-0.6298627037792071,-0.46885587106559734,0.9597823986704489,1.416362192995782,0.7803532096092273
332,17,9,0,0.4235724941604969,0.1347680658739588,-0.19615059554983177,1.0043791727158362,1.115718901923174,0.7706572258810375
333,18,9,0,0.10690306356789267,0.7717823813220607,0.24993638540633561,0.957964094008814,1.2598570201731083,0.5096035010369934
334,19,9,0,-0.13228236907246194,1.0398576310834298,0.710778205248756,0.8323420365150153,1.5155201882180493,0.1929568311062165
335,20,9,0,-0.20713054152061672,0.8698649740896894,1.0058157587759053,0.6449632038166077,1.4923843369782506,0.37675018591122905
336,21,9,0,-0.11762676689958515,0.39482532591322317,1.0148668596672925,0.41978017549096863,1.1729847538906515,0.5502126100324
337,22,9,0,0.05243505771366064,-0.11537814032847164,0.7315661059497739,0.1879626619215477,0.765885422366976,0.5226684554802572
338,23,9,0,0.1800728729018741,-0.38336534090342655,0.263201802353437,-0.014318944057339356,0.4988741776060872,0.46938088725818516
339,24,9,0,0.16711706252257563,-0.2559039335861706,-0.22145189983459945,-0.15242642692171973,0.4070499912486494,0.592957761850671
340,25,9,0,-0.008133045926005415,0.22476955283687108,-0.569673673632251,-0.20285920617518113,0.6451879185773789,0.6921415745873957
341,26,9,0,-0.2772317110588287,0.8432169853269099,-0.7095759631493683,-0.16226375468886198,1.147911093911671,0.5678980213041959
342,27,9,0,-0.5128347572859027,1.3147809918811257,-0.6714762895348892,-0.051383360012225085,1.5637036810042035,0.21414991051081336
343,28,9,0,-0.5897288486514745,1.4204292636620655,-0.5576518231241009,0.08902353199208213,1.6383833962419572,0.2559079314167785
344,29,9,0,-0.44586384071646734,1.107614414270382,-0.4783093148566442,0.20999462467692873,1.3032581471948668,0.6216763617561335
345,30,9,0,-0.11360733043175117,0.5098196113805341,-0.48819088590058624,0.2700241908478788,0.7642421516741135,0.7474131006362557
346,31,9,1,0.29396423246720954,-0.12240302776676304,-0.5571562446407493,0.2485590115638615,0.6881875720675962,0.5956587962702886
347,32,9,0,0.6349414359402722,-0.543178073094366,-0.5900158631248063,0.15178769028029307,1.034094419201622,0.3051395582112758
348,33,9,0,0.803281688884831,-0.6254026136952022,-0.4850491405156239,0.008216526479408225,1.127710105007838,0.3357990183057139
349,34,9,0,0.7749731333202553,-0.41207659860151463,-0.20014598785065876,-0.14415305294555653,0.9117176095751625,0.45970663361028596
350,0,10,0,0.587006968354873,-0.12889225344856692,0.13587715854488702,-0.2939823801684164,0.68269952098998,0.4691766716131475
351,1,10,0,0.43226576246696397,0.09142427472542768,0.4931835777055442,-0.3710747735212131,0.7590379544347412,0.28273346999473997
352,2,10,0,0.35017317278864313,0.08199204257989119,0.6776249560481057,-0.41638299668320783,0.8728655835656329,0.2507758933923118
353,3,10,0,0.3857860922879711,-0.15080595169332428,0.5866842616861223,-0.4606373168560432,0.8532048433169359,0.437899168164197
354,4,10,0,0.5068071105676115,-0.4676643897311842,0.22572060844219563,-0.533002498758332,0.9003359847871643,0.5040087522371134
355,5,10,0,0.6227552125027168,-0.6757299088102713,-0.2858833040393137,-0.6437303724853826,1.1578225340477035,0.4341129165597552
356,6,10,0,0.6352454737942709,-0.637117960895191,-0.7626392091133412,-0.7757061244922717,1.411663792453145,0.4030203866696107
357,7,10,0,0.4936018790523393,-0.3496106719916294,-1.0337423639490977,-0.8887792422670743,1.491449715371706,0.48862904444888033
358,8,10,0,0.22708503453044945,0.04357562395040155,-1.0188468271491415,-0.9348524206244485,1.4019501964940215,0.5236599370222096
359,9,10,0,-0.06348672855246829,0.32206137469519663,-0.7625250741090662,-0.8768949376211728,1.2075360508256192,0.4808642335177269
360,10,10,0,-0.25166796273706643,0.30159933155477714,-0.4104729118835468,-0.7035458591585839,0.9043028848742339,0.5368186069175053
361,11,10,0,-0.24681837745074586,-0.06462568274131368,-0.13840913095414586,-0.4333448638069002,0.5215751612533926,0.6998600731396925
362,12,10,0,-0.040755351665240525,-0.6492758291450701,-0.06750012722910548,-0.10759029243492371,0.6628363592950778,0.7574915447526602
363,13,10,0,0.28392662137287455,-1.200217967016732,-0.2068171722522642,0.2240878723649473,1.2704826688914195,0.6140414909692903
364,14,10,0,0.588931158697642,-1.4548733855990394,-0.4504537099439628,0.5185527190726265,1.713272291572257,0.41781578036984807
365,15,10,0,0.7425767727639668,-1.2654488265230106,-0.6306579028641351,0.7481793138630862,1.763599351364884,0.5503927432436356
366,16,10,1,0.6797066041146073,-0.6740500891895156,-0.6013758681250456,0.901465315454475,1.4459036067954163,0.779500551355044
367,17,10,0,0.4304594996461235,0.10025095533951299,-0.31200709134457677,0.9771628919075559,1.1169339180329858,0.7962041690503006
368,18,10,0,0.10412901565516715,0.7582340082462795,0.16401678842343423,0.9769585931508582,1.2518431462362107,0.5569451175696878
369,19,10,0,-0.16394003207692326,1.0563776645373109,0.6594044861008757,0.9018510548717847,1.5462728432311024,0.22061797776431685
370,20,10,0,-0.2765981497287952,0.9175061122193984,0.9873256422769251,0.7545816531237246,1.5692448494488755,0.3394621204775114
371,21,10,0,-0.21919003721692315,0.46357574893929515,1.0243981832325273,0.5463568567018644,1.2691903718887203,0.5331624012976075
372,22,10,0,-0.06271337893512005,-0.04497950487307969,0.7632949583548218,0.30295759848638315,0.8248385440112587,0.531292017559963
373,23,10,0,0.0751531225463033,-0.3342413367816847,0.31117285432060243,0.06495316480966401,0.4673464688289508,0.4697125730008114
374,24,10,0,0.09155073618468271,-0.2463880870244314,-0.16347045667614618,-0.12053155545569572,0.33217325718665763,0.5569246714905033
375,25,10,0,-0.048028968400095615,0.18768142654140363,-0.5083584804514759,-0.21452140812111042,0.5847896022189445,0.6483334226563723
376,26,10,0,-0.2905833584679475,0.7664038475676757,-0.65149041751494,-0.2014078488051617,1.0662168782471804,0.5416644063463308
377,27,10,0,-0.5201793386562944,1.2162022606354004,-0.6217672129713928,-0.0974377354506579,1.4648628135615718,0.21566875454490694
378,28,10,0,-0.614105714241642,1.3221852876745426,-0.5187459342624909,0.05245304939489846,1.5482727246554266,0.22793506662726684
379,29,10,0,-0.5029699361799708,1.0278131582948635,-0.4496404724252259,0.18939128453008872,1.2439550868756009,0.5820800288473614
380,30,10,0,-0.20530191625079558,0.45662273427071726,-0.46756353451272975,0.2614604567741391,0.7332328603736284,0.7142269883037892
381,31,10,0,0.18011588926457614,-0.15227152260192914,-0.5434004681599894,0.2421528422966644,0.6399612628823153,0.5846081629173363
382,32,10,0,0.5201554742743543,-0.5612406367405786,-0.5856364518381444,0.13851118026938072,0.973503040841546,0.32152163788522653
383,33,10,0,0.7087677843536827,-0.6453910485750415,-0.49719730369565246,-0.014521538412420768,1.0799525043253109,0.3249193671177448
384,34,10,0,0.7138496478642337,-0.4439877193682715,-0.23876871431806404,-0.17092466281184246,0.8904673795261524,0.42037675583520945
385,0,11,0,0.5546239663093258,-0.1870094657901044,0.06822802151605485,-0.3103607017284146,0.6660023366303887,0.41887955648127795
386,1,11,0,0.42552283502749566,0.02318195327615432,0.3809387933404263,-0.37244611111637377,0.6822298410689064,0.24321278317815231
387,2,11,0,0.35471477411931296,0.011891951727957494,0.5326573914277644,-0.397698441919075,0.7535595111481944,0.2489234497751505
388,3,11,0,0.3881889278352013,-0.2166114494465586,0.43513094368271077,-0.42553229896214156,0.753676216511702,0.42922289826150256
389,4,11,0,0.4994974038379618,-0.5291099979552184,0.1020131203038774,-0.4928844643134615,0.8847580563367232,0.47501764884076114
390,5,11,0,0.6050057046176182,-0.738900214192591,-0.3490842512577218,-0.6132166675726052,1.1873920687871942,0.38971312624115956
391,6,11,0,0.6103863629543317,-0.7104909151935201,-0.7451018065670635,-0.7667032958433775,1.4214005412478714,0.3793794464570906
392,7,11,0,0.46455798049651603,-0.4386341740502983,-0.934956775367597,-0.9060936698395947,1.450297888785938,0.5031287652405909
393,8,11,0,0.19309354552719213,-0.05946874213489177,-0.8591562256109235,-0.9753545671197079,1.3154039684532841,0.5540442618519327
394,9,11,0,-0.10696141331997887,0.2140633505250355,-0.5776052706969765,-0.9323914920225848,1.1226066119128466,0.4973345310211352
395,10,11,0,-0.30974103331547304,0.2014780433051456,-0.24115907415981389,-0.7656118242483858,0.8836583469486196,0.5185494835844133
396,11,11,0,-0.32061166215732606,-0.14615690186136218,-0.01950291811049537,-0.4974066278358704,0.6098749011911148,0.6768416920787482
397,12,11,0,-0.12429315748090922,-0.708631280914364,-0.019331747634075074,-0.17402172118885803,0.740448753931713,0.7534794706041772
398,13,11,0,0.20312485406649639,-1.2423557127568687,-0.23200823233892523,0.15243440419871707,1.2890971611230915,0.6307463594650337
399,14,11,0,0.5252430991952559,-1.49019597826871,-0.5361794421423942,0.4409659563868055,1.7258342144507202,0.4292583303092833
400,15,11,0,0.7055649163196792,-1.3036270714323908,-0.7546992525269396,0.6701581682976647,1.7933065339794505,0.5315683521276611
401,16,11,1,0.6685879791922337,-0.7179180516882511,-0.7392013612100804,0.8356484566092625,1.4856457216673453,0.7689937815550217
402,17,11,0,0.43279214301783225,0.05742717613066944,-0.44235179152799387,0.940032249694693,1.126917325073318,0.8130735867632579
403,18,11,0,0.0999026404359816,0.7303534596542366,0.05638657496875333,0.9824014739857848,1.2295075500057506,0.6019551599224527
404,19,11,0,-0.1942157787161538,1.05773297034958,0.5835409788709951,0.9544228487772722,1.5517608880097187,0.2644738326237514
405,20,11,0,-0.3432910910574866,0.9546867894283529,0.9473156096317548,0.8457451688121997,1.625412991805349,0.29964888321847305
406,21,11,0,-0.3184118829483946,0.5299745086414451,1.0205422104232877,0.6558085916747192,1.361561757388372,0.5043090435662236
407,22,11,0,-0.1772409722774978,0.03086927818691336,0.7925093371929831,0.4048935920496004,0.9079521711029407,0.5284657394279648
408,23,11,0,-0.030986092388291805,-0.27584587846868097,0.3668509320418515,0.13683591073548398,0.4799528720577037,0.4659963385265868
409,24,11,0,0.014021792386107025,-0.22979767634305884,-0.09123927007442752,-0.09036799069328548,0.2636182104105184,0.516987113884997
410,25,11,0,-0.0888587075663773,0.14990366957655044,-0.43137757822180867,-0.22364203820995324,0.5162066992107884,0.5951201931626151
411,26,11,0,-0.3022632944406636,0.6782458792706334,-0.5807723265366344,-0.23570320575006115,0.9717165576367156,0.5047482056654754
412,27,11,0,-0.5226525856210064,1.0964076571322303,-0.5644854317317888,-0.13796599322284708,1.3464597631559214,0.21233843071678826
413,28,11,0,-0.6311418937926773,1.1967160564649182,-0.47632955588193915,0.021374003375027956,1.4345090113791945,0.2077359624243849
414,29,11,0,-0.5520690553368466,0.9198955291014661,-0.4182881938481338,0.1744430977573603,1.1646387567779557,0.5409418187922213
415,30,11,0,-0.29048397834325185,0.3786595749011876,-0.44139723301514633,0.25929974646545667,0.6998799119627227,0.6747363156831728
416,31,11,0,0.06960943933635758,-0.2016451466489477,-0.5190763493730611,0.24317404407766377,0.6116208886257463,0.5664943569387729
417,32,11,0,0.4049415947097847,-0.594139282416959,-0.566214740392917,0.13322583624204418,0.9248391415363283,0.3330169836828235
418,33,11,0,0.6106377952801334,-0.6775964075160074,-0.4930481948951531,-0.029787074397203378,1.0373038131587557,0.3147382249853568
419,34,11,0,0.6473037289176903,-0.4873968716129454,-0.26441568044656555,-0.19181610407614644,0.8736514738600307,0.3780433028631714
420,0,12,0,0.5186404013833691,-0.2557333521394874,0.00846348628115307,-0.32173053008675984,0.6617927001210726,0.3626261612451316
421,1,12,1,0.4151665194561499,-0.0548187646466301,0.2687394529616228,-0.36980871847578206,0.6199578353997381,0.1972069903453717
422,2,12,0,0.3565345062885688,-0.06492031812427951,0.38066520341882665,-0.3739723444166835,0.6450525663557958,0.2461580726469838
423,3,12,0,0.38924730765317994,-0.28419297050246584,0.27244379052640466,-0.3816800284075108,0.672446558530727,0.41958914172059747
424,4,12,0,0.4924767172224443,-0.5871437539237309,-0.0330377426980023,-0.43818139111189114,0.8833830022912924,0.4480662245085876
425,5,12,0,0.589463992339785,-0.795341719457332,-0.4204604379180217,-0.5618295813384893,1.2134561002754487,0.3545919374539468
426,6,12,0,0.5900848001004891,-0.7771310611117381,-0.7307235592274754,-0.7323104722306848,1.4220999631541689,0.37230405285982554
427,7,12,0,0.4428522578224411,-0.5241325572323348,-0.8341764379071075,-0.8971255117453665,1.4041073937534538,0.5259519906122464
428,8,12,0,0.1692924486499635,-0.16368058393717744,-0.693313660712123,-0.9929796056820046,1.2337518373475072,0.5860134029655095
429,9,12,0,-0.1380539386866629,0.10129196590427432,-0.38361871937532266,-0.9718863478670544,1.0587942894486997,0.5147513404204803
430,10,12,0,-0.35477109116152555,0.09620219337024329,-0.060704236669558126,-0.8200161242408254,0.9006824287715197,0.49958879427075126
431,11,12,0,-0.38284741471137634,-0.229432921892411,0.11222730695232089,-0.5612662150215315,0.7258280382774146,0.650540293724099
432,12,12,0,-0.1999011540697253,-0.7639408990515554,0.04287720468980084,-0.24511664268318817,0.8279412973420252,0.7470971851534265
433,13,12,0,0.12524616107757472,-1.2750889642045136,-0.24318613698339367,0.07426306955234618,1.30621321698299,0.6486656996527232
434,14,12,0,0.45942709168505075,-1.514089454415833,-0.610284881054995,0.35708173041672,1.7330594700670623,0.44697457328968226
435,15,12,0,0.6627713450498228,-1.3332414576346625,-0.8726155372570434,0.5864046139711465,1.8226702629175686,0.5104412296035613
436,16,12,0,0.6504265321375203,-0.7603319889064094,-0.8791487271577267,0.76338773762135,1.5351946878088494,0.7489092365533537
437,17,12,0,0.429365354015025,0.007381285734753482,-0.5841223601859514,0.8937703395093516,1.1508403199677242,0.8201951112597473
438,18,12,0,0.09299590273390818,0.6885695397617598,-0.07040261450284382,0.974614028976802,1.199001785912034,0.6419500889070782
439,19,12,0,-0.22362744715151295,1.043327324153628,0.4849518769388041,0.989803312363544,1.5340893261337116,0.3157230342198542
440,20,12,0,-0.40646100838973465,0.9798406556279701,0.8866338721477804,0.9176789657127142,1.6593831893550008,0.26042465874427584
441,21,12,0,-0.41315203393015254,0.5919682135607237,1.003270825126467,0.7470806263800022,1.4442308610015142,0.4640727443166091
442,22,12,0,-0.2880001508719756,0.11035727272392776,0.8185044184929334,0.4927867870629861,1.003947765146006,0.5140828787413518
443,23,12,0,-0.13494484106052418,-0.20905666690290794,0.4291664280662454,0.2007378055271431,0.5351581912410539,0.45764299419368853
444,24,12,0,-0.0626359342547258,-0.20568633414390097,-0.005853982706404079,-0.06198131965693533,0.2238438773195749,0.4744080675625668
445,25,12,0,-0.12889465609386228,0.11317246952036109,-0.33958947749010204,-0.2298044086122084,0.44446925615446053,0.5337056060637845
446,26,12,0,-0.31168604235172476,0.5813664947715115,-0.49793860354853636,-0.26455400652845207,0.8677942529850712,0.45797348880172745
447,27,12,0,-0.5203335395842695,0.9583363467318838,-0.49988707210494426,-0.1725445289551075,1.211946469615594,0.20530121334626167
448,28,12,0,-0.6408009058383296,1.0467766435179675,-0.43061428209006014,-0.0042161036125407565,1.3006973428924868,0.19816878110184727
449,29,12,0,-0.5922633511615829,0.7861730267855769,-0.3846559631299331,0.1646871344757047,1.0695447477350255,0.49982024175049483
450,30,12,0,-0.3669954475565256,0.2778065013203594,-0.4104054745965616,0.2628233604872963,0.6703513131931179,0.6299056162032607
451,31,12,0,-0.03423882512957759,-0.268914681167593,-0.4851045006090307,0.2509973441479733,0.6097650745772467,0.5416731325789259
452,32,12,0,0.2932362619712637,-0.6403758401749441,-0.5325387619059136,0.13572819712088108,0.8933579341118617,0.33926499205015337
453,33,12,0,0.512717462355556,-0.7206217071252168,-0.472771329806589,-0.03721287046136135,1.0035299542113565,0.3049879631418982
454,34,12,0,0.578430397918318,-0.5411674837525654,-0.27617839347650863,-0.20599682272721528,0.8638015783176133,0.33344723318011205
455,0,13,0,0.481203100349907,-0.33413782153197435,-0.04151545229737374,-0.32738155042162254,0.6723888160137831,0.30176751334193913
456,1,13,0,0.4024146396361507,-0.1423373085363607,0.15987285191004005,-0.3626848043479486,0.5824921009572812,0.14661606990775197
457,2,13,0,0.35626950779723343,-0.1488327570788865,0.22583380827808747,-0.3452751327763888,0.5650619240763995,0.244099694299183
458,3,13,0,0.38943613804025984,-0.35425470603898956,0.10288212476504487,-0.32979100555666874,0.6296854304370811,0.40832562926243554
459,4,13,0,0.4863405047207685,-0.6423133263129397,-0.17602215866456408,-0.37006169192830224,0.903893219282574,0.42240565093800364
460,5,13,0,0.5768939564842973,-0.845009990474968,-0.49819571545224683,-0.49080453182119677,1.2393290847800724,0.3305043988704726
461,6,13,0,0.5751303307683917,-0.8362091918120172,-0.7196264848625864,-0.6733811140128358,1.4146819827316373,0.3818824629680318
462,7,13,0,0.4291134669066909,-0.6046502870200102,-0.7333182874734681,-0.8620083853859526,1.3529798610078339,0.5551983060449031
463,8,13,0,0.15607615534814637,-0.26743519065565624,-0.5244657104000714,-0.9870296368722375,1.159815990973947,0.6181968412090649
464,9,13,0,-0.15649231154532345,-0.01501605734189641,-0.18413781353658717,-0.9939810054084877,1.0230446222124414,0.5322057517176272
465,10,13,0,-0.3863661189258827,-0.013780061050297816,0.12770844147545543,-0.864952785914003,0.9559923827211619,0.48037778835610695
466,11,13,0,-0.4327930529109028,-0.31484529005627854,0.2546213530536169,-0.6230335043376648,0.8599070672326675,0.621356725703489
467,12,13,0,-0.2664695822634411,-0.8161046436630772,0.11833630117354549,-0.3191351294074971,0.9235169401139683,0.7381074200712914
468,13,13,0,0.05155701724643688,-1.2992615168833812,-0.23972055321420985,-0.008927383156946505,1.3222270066387283,0.6665866405746635
469,14,13,0,0.39249964638461987,-1.5268098789950693,-0.6709033061796644,0.2681841295699653,1.7341390811019148,0.4698605196689018
470,15,13,0,0.6145635917588896,-1.3537216851587592,-0.9816378011681374,0.4980520826537412,1.8498430903464764,0.4887081453042686
471,16,13,1,0.6247756440989078,-0.8000788420874707,-1.0179561882553816,0.6856847297364279,1.5927551942518905,0.7197141939661895
472,17,13,0,0.41912830869581963,-0.04856989852266905,-0.7339982630818128,0.839183846346153,1.1920614717237372,0.8169396892266351
473,18,13,0,0.08231103745197588,0.6336459976739314,-0.21339320425438918,0.9540929333012184,1.1679522003283742,0.6750101039933433
474,19,13,0,-0.2526176019596246,1.0128992880860532,0.36586510864806604,1.0080895643546117,1.4966236895465062,0.36890496626724306
475,20,13,0,-0.46534401139180714,0.9916239409773716,0.8065250948517111,0.9700956480871488,1.6707577275957455,0.22726106705063445
476,21,13,0,-0.5012955544892344,0.6475417310289603,0.9727669582368794,0.8196516420462919,1.5128489335426933,0.41344623756209015
477,22,13,0,-0.3918797051723163,0.19152911007194867,0.8405347184692894,0.5661260479503591,1.1032907225437156,0.48852038602150605
478,23,13,0,-0.2333464185549183,-0.1349999503746003,0.49677056354065674,0.25639474657105493,0.6206406339608203,0.444395038533619
479,24,13,0,-0.13559300151743434,-0.17383382504272565,0.09116156636248549,-0.035270700124523324,0.2411599350191234,0.43076524566610974
480,25,13,0,-0.16641045433797613,0.0791463593899548,-0.23429866606801436,-0.23260854383172933,0.3780994381143986,0.46574539945659404
481,26,13,0,-0.3182930386690203,0.4785387598426613,-0.4038490892467796,-0.28749061370358064,0.7589827026948806,0.4027178142618694
482,27,13,0,-0.5133803188985936,0.8053105659415442,-0.42840542198437576,-0.20092507289342293,1.0658266978980917,0.19667639377434457
483,28,13,0,-0.6431865537981595,0.8756771291035435,-0.3818410839998295,-0.024503384234357054,1.1519124995809698,0.20037205651028778
484,29,13,0,-0.6228405762170477,0.6295859468642746,-0.34911523052457716,0.15947876219040938,0.9652065932459138,0.4602623475547315
485,30,13,0,-0.43287231644207763,0.15654847946830117,-0.37532154174023225,0.2711191134517146,0.6528841414361938,0.5808294008772736
486,31,13,1,-0.12827122093893928,-0.3519406367598702,-0.4425650412346278,0.2647730968233625,0.6374043665119894,0.5107081280158432
487,32,13,0,0.1888860704299579,-0.6980128681092204,-0.48571849578010606,0.14555325837079985,0.8831806835601517,0.34010679995532694
488,33,13,0,0.41882037176161213,-0.7727025412052242,-0.4369677768360446,-0.03671683784801259,0.9822263920105887,0.29522512075439383
489,34,13,0,0.5103710876293939,-0.6038429256380689,-0.2735838065039967,-0.21291962644962184,0.8633005226685639,0.2875009564697433
490,0,14,0,0.4444488312279048,-0.42104029829789025,-0.08019007819677859,-0.326899541329631,0.6986440117351294,0.23806794811135049
491,1,14,0,0.3884766659663042,-0.23890630223248577,0.05738871637635706,-0.35087417754027345,0.5782702607592618,0.09598232375592256
492,2,14,0,0.354503879485322,-0.24007345810344768,0.07228159837118035,-0.31195938218242253,0.5346508687457853,0.24482973775253616
493,3,14,0,0.3891021603789136,-0.4274430868924369,-0.0692220684618298,-0.2709075719821697,0.6420986614711807,0.39504277782542013
494,4,14,0,0.4814734413327517,-0.6952175338120907,-0.32338610910834836,-0.29011882601151273,0.950732140405016,0.3969155798713745
495,5,14,0,0.5677781049607518,-0.8879860828968047,-0.5803327374168948,-0.40190923968656883,1.2685457748754894,0.3173847837685989
496,6,14,0,0.5659816538134249,-0.8870291661276026,-0.7118481574937396,-0.591375598180385,1.401288289919262,0.4047647113937809
497,7,14,0,0.4236094563781625,-0.6788014503175607,-0.6342925839448859,-0.8014818673211271,1.2980433914851488,0.5884988308375846
498,8,14,0,0.15346060697079036,-0.36907186651679186,-0.35582394651108884,-0.9573185020011159,1.0967377059855374,0.6494338598766217
499,9,14,0,-0.16239233820846455,-0.13349024824082217,0.017145290195759267,-0.9976199348073455,1.0196717183413089,0.5489824069834565
500,10,14,0,-0.4045193276335585,-0.12784424086065155,0.3207336883753061,-0.8987651738339777,1.0443318308401743,0.4613515681394895
501,11,14,0,-0.47007577874051676,-0.4026426006887456,0.4053179358492292,-0.6808095116087687,1.005423553466871,0.5896719516955966
502,12,14,0,-0.323188390333964,-0.8659711822363567,0.20601775305330838,-0.3942501596439703,1.025784249763527,0.7262772824030808
503,13,14,0,-0.01687755312277609,-1.3157667489551501,-0.2212377275121505,-0.09556155194967747,1.3377612386899198,0.683351554913337
504,14,14,0,0.325401204790467,-1.5287156693803738,-0.7164021440739043,0.17556606510282446,1.7282687919237416,0.4965011618783691
505,15,14,0,0.5613602761414933,-1.364567487463108,-1.079146684387237,0.406174715747321,1.8726198903160824,0.46841914871913204
506,16,14,0,0.5913369214109556,-0.8359015796159509,-1.1523650531978842,0.6034700029179062,1.6554552442400032,0.6822653695928523
507,17,14,0,0.4012196606163899,-0.10891492853246994,-0.8884832492267142,0.7770830435656462,1.2514392588040668,0.803077631185248
508,18,14,0,0.06691642977563768,0.5666608420048764,-0.3692946472968154,0.921488111527481,1.145033272286948,0.6997814488387161
509,19,14,0,-0.2815374442380429,0.9665308549465669,0.22891844243497483,1.009708619504368,1.4440776903131294,0.4207562939005624
510,20,14,0,-0.5191807834167628,0.9889523472824497,0.7086017503514137,1.0031772441398112,1.6601374807002414,0.20839219228434702
511,21,14,0,-0.5808139147073887,0.6947689840030387,0.9294219409063063,0.8735197714258088,1.564260425875493,0.35414968486048937
512,22,14,0,-0.4858969046289167,0.2723280363994719,0.8578319417342478,0.6248615289620172,1.1985766274934007,0.4526695068664769
513,23,14,0,-0.32293915681810625,-0.05503535333980493,0.5680632445924938,0.3038590584658986,0.722734229431788,0.4263264669793884
514,24,14,0,-0.20211151696985405,-0.13426965787669,0.1978811197542268,-0.010000046934610471,0.3132640177423191,0.3879727424745218
515,25,14,0,-0.1997362163250314,0.04934536297482909,-0.11724116685978431,-0.2316805250591387,0.33128670039299696,0.3935068139868837
516,26,14,0,-0.3215729922657995,0.37259899053834766,-0.29970620009480164,-0.3041725006156185,0.6516010386816457,0.34114738842695974
517,27,14,0,-0.5020282463890648,0.6409392933080799,-0.35065975549837725,-0.2230261789483033,0.9140779389642891,0.18973717255445033
518,28,14,0,-0.6385416299764238,0.6871890340899074,-0.33028790492954435,-0.03983508891842821,0.9953095579960312,0.21292633766185756
519,29,14,0,-0.6432966967369472,0.4536182199100325,-0.31200079745108417,0.15802577379149968,0.8613459074376155,0.42370511422100204
520,30,14,0,-0.4864053581569849,0.017901239397147266,-0.33687585020035327,0.2831195945654109,0.6561651241043462,0.5287225729417409
521,31,14,0,-0.20958702867916976,-0.44812748574062994,-0.39266026067979587,0.283459088144559,0.6922976968296599,0.4743828679415046
522,32,14,0,0.09552607166988233,-0.7647454703817456,-0.42714678282308677,0.1619900901113867,0.8959107255795552,0.335597704548582
523,33,14,0,0.3326246695897769,-0.8317719802546322,-0.38664802821539274,-0.028507380598762903,0.9761112469528637,0.28489779136326354
524,34,14,0,0.4462088768279032,-0.6736951254106545,-0.2566068800859539,-0.21234457610199686,0.8740164721957362,0.24134450530317142
525,0,15,0,0.4104296296164836,-0.5150309909592208,-0.10646801738499424,-0.3201880475253744,0.7399765043699453,0.1741374847328754
526,1,15,1,0.374508599652008,-0.34382965955313244,-0.03598973445943345,-0.33447301784862854,0.6096252838071602,0.06259467586674637
527,2,15,0,0.3517450234761585,-0.33868203267886327,-0.07605914673793501,-0.27466502303772916,0.5653812425987874,0.250476670751972
528,3,15,0,0.38845002919844374,-0.5043049776670294,-0.23958840648990137,-0.20639031907599492,0.7107858355487089,0.37974871884402434
529,4,15,0,0.47803600233736065,-0.7464692340991208,-0.4715334451078778,-0.20034140411982193,1.0238238154327233,0.3702886105817477
530,5,15,0,0.5623015155564958,-0.924459235826861,-0.6648316267904946,-0.2974069970258914,1.3043235361533463,0.3130623748870874
531,6,15,0,0.5627505804108003,-0.9290360679060734,-0.7073480812146796,-0.48833052057893045,1.3851369017357271,0.4357695576403791
532,7,15,0,0.42623603845122976,-0.7452968880763466,-0.538962065733514,-0.7168781980631305,1.2415873191237345,0.6234048922267099
533,8,15,0,0.16107976685556954,-0.46692419668131,-0.19059297620978807,-0.9041815517404788,1.0477761487193036,0.6787805642828584
534,9,15,0,-0.15625561358054302,-0.2526418718111486,0.21650050915255512,-0.982121546900533,1.0486557755132444,0.5645737687884145
535,10,15,0,-0.4096078120648189,-0.24517874146043736,0.5149358104324783,-0.9199899888361266,1.1573381715786886,0.44292707834998735
536,11,15,0,-0.4946884945259101,-0.49289401230775426,0.5618019204295679,-0.7327324921933918,1.157661227172888,0.5558326595139208
537,12,15,0,-0.3695629469498826,-0.9142886086237645,0.30467223597516996,-0.4685864429241148,1.133533791946162,0.711406697877776
538,13,15,0,-0.07921541788226368,-1.3255050681097278,-0.18763664389660747,-0.18401428979154874,1.3536275473685904,0.6979354835117882
539,14,15,0,0.25897847463852136,-1.5202490416529792,-0.7454273879265959,0.08051327094725931,1.7147511120983685,0.5253853316682622
540,15,15,0,0.5036274609507112,-1.3653610264241485,-1.1627389443088736,0.3117771020500693,1.888655120946362,0.4518327863802005
541,16,15,1,0.5499755121391963,-0.8665357117679707,-1.2792005439897924,0.5175921980306013,1.719771182142533,0.6378269313839137
542,17,15,0,0.3749972098962618,-0.1719905805753118,-1.0439910462669935,0.708265461878003,1.3273134280988519,0.7787468890042747
543,18,15,0,0.04607656054524726,0.4889779949733703,-0.5345630485502606,0.8775795404105672,1.1389144092610417,0.7153462508526798
544,19,15,0,-0.31063521498302327,0.9046481613419907,0.07709715879758798,0.9953889758737898,1.382615535061257,0.46915462978598804
545,20,15,0,-0.5672386410065094,0.9710324339248737,0.5948080701657142,1.0175448553146738,1.6290665537345606,0.2119016822452807
546,21,15,0,-0.6498254110202693,0.7318627085018138,0.8738294626144917,0.9091734401535284,1.5962676351154295,0.2890992015221323
547,22,15,0,-0.5672872058663182,0.35064280014993177,0.8696253978171847,0.6693786549594489,1.2841655903662181,0.4080297835583136
548,23,15,0,-0.40069530883582305,0.029266490282057196,0.6412294914734167,0.34347754065316816,0.8310026110938946,0.40384028450124937
549,24,15,0,-0.25962983769493075,-0.08728910657675293,0.3120143243958604,0.014185023614779016,0.41542892806305737,0.34827715577356855
550,25,15,0,-0.22731202363834813,0.02509483209158818,0.009443021616576931,-0.2266824532361665,0.32214067105952937,0.32028645989459587
551,26,15,0,-0.3210806811058416,0.2663597340753061,-0.18704433747654436,-0.3143881279868376,0.5548565498551553,0.27684376148977247
552,27,15,0,-0.48658555807407305,0.4690152877841585,-0.2674589228337439,-0.23891995995561305,0.7650868370126966,0.1886912471024187
553,28,15,0,-0.6272424411483997,0.4854402054910311,-0.2762769819889761,-0.05069221052308678,0.8414178177752311,0.23270865633288573
554,29,15,0,-0.6533523310544054,0.2621980758129601,-0.2736087332586825,0.15942706756878341,0.7719428918276574,0.39135456464575447
555,30,15,0,-0.5261933226614226,-0.13468088071977377,-0.2957753003178315,0.2976450862436884,0.6863628618216737,0.4749329293191874
556,31,15,0,-0.2756332987973915,-0.5545106004161666,-0.33667567249103336,0.3058580774085339,0.768345881321143,0.4337295661213058
557,32,15,0,0.01646424581921698,-0.8379835873537845,-0.35845343880759767,0.18410506412800967,0.9299844657279411,0.3260215630038824
558,33,15,0,0.25755361801981896,-0.8955340576623725,-0.3231984209253102,-0.01307915294775233,0.9863789323169757,0.2734327272554443
559,34,15,0,0.3888653270896133,-0.7487805923889298,-0.225669412640275,-0.20435182999938653,0.8969810323392204,0.19650470540466977
560,0,16,0,0.3810409325853528,-0.6145079590011571,-0.11971316811117609,-0.30747764627933655,0.794786744707018,0.1153636363550821
561,1,16,0,0.36157011228018276,-0.45618649858105403,-0.11794281218082293,-0.31388036044682244,0.6717666672299945,0.08306851675785025
562,2,16,0,0.34840345006824874,-0.444485931846491,-0.21555334858062822,-0.23431272312546111,0.6483196788095307,0.262603904738537
563,3,16,0,0.3875343372748722,-0.5852486934784883,-0.40410854183697453,-0.1378927111189571,0.8215941876320046,0.3629466507307759
564,4,16,0,0.47595979598389176,-0.7966583175324395,-0.6169273173316877,-0.10307075430888522,1.1191179998331366,0.3412403418340517
565,5,16,0,0.5603467484506144,-0.9547073919884196,-0.7496296545078523,-0.18000613437094645,1.3490001890827292,0.3139207686143527
566,6,16,0,0.5651980967352561,-0.9618214200026832,-0.7060153179753822,-0.36681327739726743,1.3702404687571954,0.4697033313712046
567,7,16,0,0.4365180964036777,-0.8029695929040725,-0.4491017892193815,-0.6100946744112021,1.1871041000861646,0.6576353552576765
568,8,16,0,0.17819397246163707,-0.5593513485636317,-0.031898401463480316,-0.8284733932225976,1.0158802558644902,0.7055010268463254
569,9,16,0,-0.1389560056408604,-0.37088360322783653,0.41024241832245484,-0.9472010544597363,1.105600333758822,0.5786794086794628
570,10,16,0,-0.4023798319952204,-0.36478036259194857,0.7068617763920739,-0.9273976150922767,1.286349155374316,0.42550164215550684
571,11,16,0,-0.5069845313768779,-0.5854593014181586,0.721453846816139,-0.7770239357504729,1.3130337994459362,0.5201446399167885
572,12,16,0,-0.40541942834042616,-0.9616599631103644,0.412848235613267,-0.5402605870798785,1.2455841862861732,0.6933588225759049
573,13,16,0,-0.13485057121067912,-1.3293434453688784,-0.13910036616627341,-0.272638001882357,1.3707731629409157,0.7094992143947051
574,14,16,0,0.19397146629810724,-1.5019173148406386,-0.7569425102928845,-0.015709508754801368,1.693100499943746,0.5550636927591049
575,15,16,0,0.44187535208010176,-1.3557786447864364,-1.2302891001198315,0.2157888240866672,1.895670236857991,0.4411404862448714
576,16,16,1,0.5007316485572733,-0.8907467719547624,-1.3954500241295107,0.42881287241565824,1.7819436705482958,0.5881168389278909
577,17,16,0,0.34006115004808934,-0.23602867590747964,-1.1969319847012232,0.6335035899787531,1.4160946635516443,0.7444308352786949
578,18,16,0,0.019275186256368836,0.402212115510627,-0.7054853621647931,0.8232537415292409,1.1565476375140953,0.7211403630303609
579,19,16,0,-0.3400493597659549,0.8280142579692468,-0.08633512961904859,0.966126216323265,1.3198843884791744,0.5125777339066885
580,20,16,0,-0.6088348151009246,0.9373866329663143,0.467377443001683,1.0142172243829917,1.58001638732161,0.23912135929663694
581,21,16,0,-0.706653077201929,0.7572218435684261,0.8067761864706458,0.9275483739336339,1.607475440851016,0.22383925140871685
582,22,16,0,-0.6335888367682065,0.42435721515334385,0.8751643883671352,0.7004587402710969,1.3557540387615241,0.35693480249508824
583,23,16,0,-0.4639040294927403,0.1161531031246748,0.7142835256053166,0.37585952134708894,0.9381736655244147,0.37766986752517157
584,24,16,0,-0.3058422653083983,-0.03346091423734056,0.4309567760559821,0.0377351792682913,0.5308547923995293,0.31416002114638913
585,25,16,0,-0.24773807419715974,0.007475822780614932,0.143250201099865,-0.21732273057075743,0.3594159577301018,0.2515067621135524
586,26,16,0,-0.31645361064371924,0.1625248034563568,-0.06770892655408518,-0.3180519237401293,0.4819737797410535,0.2165251486493644
587,27,16,0,-0.46742680641431705,0.2934085692390896,-0.17979920652252182,-0.24881471875539218,0.6315163709620444,0.19749880802593892
588,28,16,0,-0.6097892972580999,0.2748012763858975,-0.22018140250438628,-0.05765827954131777,0.7065147243775668,0.2564276541328614
589,29,16,0,-0.6529624792266071,0.05958752998623234,-0.23419675826018554,0.16271445425863312,0.7150068448706501,0.3640555799096501
590,30,16,0,-0.5511869426648134,-0.29740854288713103,-0.2526852548748178,0.3134496487694257,0.7445531596140458,0.42099198898945384
591,31,16,0,-0.3242852691922348,-0.6678531005762879,-0.27594070956704186,0.33065982191116716,0.8582935935838789,0.3900895230869385
592,32,16,0,-0.04542425583911475,-0.9149420661321909,-0.2814540520767049,0.2107719440478534,0.9812357225584929,0.3119074059653355
593,33,16,0,0.19666377112659383,-0.9615434531183662,-0.2483372085894638,0.008800693814667372,1.012418526346763,0.26032672356588044
594,34,16,0,0.34100221681777404,-0.8270020836253903,-0.1816252359946895,-0.18934296140099818,0.9322303586440424,0.1553078546252787
595,0,17,0,0.35795484806220085,-0.7177169960955216,-0.11976066255321358,-0.28932242541926545,0.8609874806762776,0.07860110231078292
596,1,17,1,0.350585338944499,-0.5748409462210815,-0.18661722600654643,-0.28979193650842444,0.756410965575499,0.13672967745713777
597,2,17,0,0.3447766995334303,-0.5570826373913702,-0.3429629626741369,-0.19208541350962083,0.7640238460110218,0.2816849801824732
598,3,17,0,0.3862578095206603,-0.6705092675499172,-0.5589592229648044,-0.0673243930494198,0.9569460591501048,0.3457119912588187
599,4,17,0,0.4749517463799164,-0.8463161403723644,-0.7561879627272938,-0.0009468860557060068,1.230305369577393,0.3087136972214966
600,5,17,0,0.5614998522037338,-0.9790763209369019,-0.832700095036128,-0.05279685522198462,1.4035845120400348,0.3160408264790342
601,6,17,0,0.5727426643373146,-0.9851254942575133,-0.7076769831157205,-0.22986297200310496,1.3609372128493595,0.5022687724694093
602,7,17,0,0.4536229635741826,-0.8507978649156831,-0.3663605761368768,-0.48355231208422234,1.1391548227946235,0.68919716350174
603,8,17,0,0.20370999791735936,-0.6447698176322335,0.11728352833953348,-0.7315535409260544,1.0030712288976356,0.7290513621663173
604,9,17,0,-0.11171494540195326,-0.4865532385606418,0.5948115460553206,-0.8929845183220269,1.1834003584009738,0.5911945039065748
605,10,17,0,-0.3839310526871985,-0.4854567877237878,0.8931139392479196,-0.9200277140873695,1.423788906099625,0.40946176219733743
606,11,17,0,-0.5076613738969112,-0.6799668072246093,0.8816006234619229,-0.8120333046131903,1.4685682403496265,0.48287588718235686
607,12,17,0,-0.4308998184394879,-1.0085052517229303,0.5289145924621306,-0.6074217389830422,1.3606870732804361,0.6720914078327433
608,13,17,0,-0.18341791164561777,-1.32807848748191,-0.0761021015851117,-0.3597899268042408,1.3902067905603643,0.7174232933978651
609,14,17,0,0.1310054668548763,-1.4742747550964002,-0.7502607178701606,-0.11187017833309658,1.6631459850054482,0.5842420788705781
610,15,17,0,0.3766553287226911,-1.3356016718504309,-1.2800044933705061,0.11906355016118834,1.89163651226406,0.4380630349050393
611,16,17,0,0.44382802508242475,-0.9073676686096616,-1.4983365268303075,0.33780693335626294,1.8383213195043375,0.5353941578649709
612,17,17,0,0.2962702244010982,-0.29920550502116344,-1.3437982722340172,0.5535367833433258,1.5131083064588773,0.7009471313143325
613,18,17,0,-0.01376885692507907,0.3081875912702452,-0.8782659950317849,0.7594806666670355,1.2013872039871887,0.7169026352635416
614,19,17,0,-0.3698065502338641,0.7377141206112238,-0.25791078459270733,0.9231438527342886,1.2647891342019804,0.5498594180665142
615,20,17,0,-0.6433601518700158,0.887871178147962,0.328784249188654,0.99455982769598,1.5164022709628417,0.283845318043713
616,21,17,0,-0.749878270599449,0.769475265450025,0.7292291299277585,0.9299725184317668,1.59719554652213,0.1708100669964788
617,22,17,0,-0.6827196723323775,0.49140113624993853,0.8737418776644014,0.7192278852352673,1.4100690931234072,0.30307246092333195
618,23,17,0,-0.5102556420349551,0.20372552109205422,0.7851193498642367,0.4018362431968974,1.039110036545972,0.34888921213173457
619,24,17,0,-0.33877133790492636,0.0263737905993163,0.5518505970477305,0.06117115688281658,0.650955135253413,0.28801950341845717
620,25,17,0,-0.25981997914930977,-0.0027163474852152287,0.28136517141529543,-0.20336632547450118,0.43363351131037775,0.19726877365612336
621,26,17,0,-0.307426032435091,0.06360895869301326,0.05617472613662776,-0.31519859264142297,0.4484000643448325,0.1739732400815952
622,27,17,0,-0.44498415222507637,0.11795949651498709,-0.08885611948645439,-0.25303424054553175,0.532773005517532,0.21803325714773092
623,28,17,0,-0.5867932376339251,0.05976704447188349,-0.1624304171752396,-0.06138557026384478,0.6148578957760467,0.28146727701653884
624,29,17,0,-0.6423192229942875,-0.1497360067318858,-0.19398693043461435,0.1668960743693617,0.7074461709270493,0.34218802283340477
625,30,17,0,-0.5607223669210616,-0.46626928271607454,-0.20821465022284455,0.32926878760982675,0.8267937420128354,0.3687284384151052
626,31,17,1,-0.3539138730717496,-0.7847495364901432,-0.21179028490456034,0.3564861992419858,0.9555231026009223,0.3452303803358305
627,32,17,0,-0.08778976615072971,-0.9927356023737516,-0.19809508092587141,0.24070788180769861,1.0442284063903604,0.2940498292396108
628,33,17,0,0.1525443191625962,-1.0272888128300977,-0.16406168277765518,0.036115366443501794,1.0520516288299906,0.24523274513485904
629,34,17,0,0.3049313216612803,-0.906173999109221,-0.12573228880910128,-0.16803065601176206,0.9788653315960332,0.12182305701690017
630,0,18,0,0.3425607290072655,-0.8227952215510635,-0.10691649835727769,-0.2665837350331466,0.9363962062452291,0.09349660224256341
631,1,18,1,0.3423086049036422,-0.6984577425005449,-0.24067301288373355,-0.2631814632838158,0.8556905870680007,0.1975060823043685
632,2,18,0,0.3410378869981088,-0.6758285195314655,-0.45553268139041636,-0.14939835186099162,0.8960362266860368,0.30699604930599955
633,3,18,0,0.38437567978515896,-0.7601192683612626,-0.7007047044484574,0.003195957604809944,1.102961133642331,0.3297243180057951
634,4,18,0,0.4745069301745112,-0.895882676948453,-0.8861839836059232,0.10315584067815743,1.3504539155060586,0.2720778653582738
635,5,18,0,0.5650672257192626,-0.9979581437252423,-0.912108477081281,0.08082302494201166,1.4675474989021329,0.31608765881812495
636,6,18,0,0.5844805008593598,-0.9988368222443951,-0.7121072194993501,-0.08091906445929817,1.3612263002205598,0.530222444667283
637,7,18,0,0.47638572403746404,-0.8879257631322396,-0.29222496262869346,-0.3401417172511138,1.1029267135664758,0.7164272497593599
638,8,18,0,0.23621231742896162,-0.7216849926319107,0.25419283435213347,-0.615260199323859,1.0098438480296286,0.7490604714035384
639,9,18,0,-0.07606617230656992,-0.5979411491130441,0.7668523860446633,-0.8200135841512538,1.274285894352982,0.6021888024079549
640,10,18,0,-0.3556704142883965,-0.6058363992632557,1.0704206692684015,-0.8972190676772873,1.5634390461009533,0.3951989423674445
641,11,18,0,-0.4977339071428344,-0.7758003581912559,1.0395662753885808,-0.8362803833233019,1.6216251596919702,0.4442713381171831
642,12,18,0,-0.4464467943577874,-1.055031435320407,0.6510858795074436,-0.6682918119484648,1.4774751565146287,0.647688530077614
643,13,18,0,-0.22478959996126213,-1.3224043576579778,0.0005943746230713234,-0.44385900755273,1.4129029765947982,0.7213281264868913
644,14,18,0,0.07058800535271383,-1.4379055933371452,-0.7250695494590628,-0.2067789187897625,1.6251272364521352,0.6118260949944019
645,15,18,0,0.30855724947605956,-1.3047259859495228,-1.3104722287216473,0.02238223456090974,1.8749282389709765,0.44343528606544047
646,16,18,0,0.3796727276968367,-0.9153348132312225,-1.5853856251704141,0.24516825588662364,1.8856150865596264,0.48259691958893025
647,17,18,0,0.24375033486445832,-0.3596924333387803,-1.4812457095880482,0.46906737280084665,1.6133523870335946,0.649453030593759
648,18,18,0,-0.053093599581922696,0.20889284017584475,-1.0491136250399098,0.6872916069001359,1.272581745960961,0.7026452169743176
649,19,18,0,-0.39982448517924124,0.6351322754237047,-0.43403575238865066,0.8678507311862449,1.226704753478122,0.5800873673627208
650,20,18,0,-0.6703023865254611,0.8226864032439408,0.18169123558368602,0.9602263436479189,1.4426241865390856,0.3383831992089761
651,21,18,0,-0.7783882189208231,0.7675206539963276,0.6423199749863162,0.9181009642131677,1.5653946800795164,0.1550507930534805
652,22,18,0,-0.7130440282887295,0.5498015200222404,0.8647186907416674,0.7270961449431304,1.4446870650096268,0.2526119099248511
653,23,18,0,-0.5379146298178453,0.2899790339482116,0.8515664403457495,0.42241318460653665,1.1300611885885536,0.31893451094435804
654,24,18,0,-0.35683054159952365,0.09111156394730772,0.6716540227910262,0.08505436817123598,0.7707027470948252,0.27152906027338636
655,25,18,0,-0.2626078524756356,-0.005003976610120246,0.4207241790331598,-0.18464466205894522,0.5292356847509133,0.17431086641048466
656,26,18,0,-0.293839910291919,-0.028135330772642336,0.18224224509698075,-0.3059750442332256,0.4625650800801563,0.16999520715875596
657,27,18,0,-0.4197368139368346,-0.05362541620107738,0.004029989029409986,-0.2519946005868162,0.4925161903664385,0.2493550237705596
658,28,18,0,-0.5589593936202116,-0.15516376579523875,-0.10351306480263689,-0.0625600083877859,0.5925707613157682,0.3060005761249857
659,29,18,0,-0.6218472976635254,-0.36120248875962147,-0.1531703837497772,0.17099986785499302,0.7548929862980928,0.3256425230692744
660,30,18,0,-0.5545429667141223,-0.6371442418918383,-0.1629046200909392,0.3438670802704416,0.9264195437536479,0.3204708342830885
661,31,18,0,-0.3634382129052903,-0.9017331528033692,-0.14552837828427986,0.38193795385175316,1.0546398072057643,0.3015559181455118
662,32,18,0,-0.10888472511771058,-1.0684755182453747,-0.11039694603726173,0.27251418255531157,1.1135292011626032,0.27353481430171517
663,33,18,0,0.1272308099660914,-1.0902770554247725,-0.07258799539584943,0.06762968480479213,1.1021499570987259,0.22804044646991425
664,34,18,0,0.28253514542060526,-0.9840894969598495,-0.05961247999817396,-0.14141708629771468,1.0352829016713256,0.10293864564116456
665,0,19,0,0.33591499441958245,-0.9278171772449445,-0.08194196217272744,-0.24040171800350055,1.018916615356937,0.14202299200806381
666,1,19,1,0.3372962071241275,-0.8255233918021478,-0.2793132658039465,-0.23526992594939922,0.9636521365426151,0.25833417726293284
667,2,19,0,0.3372292243411034,-0.7998349613678876,-0.5510590974620345,-0.10785853123271757,1.0338080609239917,0.3369329940561539
668,3,19,0,0.38150605775458507,-0.853886292672613,-0.8263855864998317,0.07139700761934123,1.2500717352173398,0.3171853204766273
669,4,19,0,0.4739295849900386,-0.9456775730257122,-1.0041144837999765,0.2062016995960109,1.4729834897736662,0.23138138675114112
670,5,19,0,0.5701027457948353,-1.0117700523761355,-0.9860645545655319,0.2172315703995512,1.5388985153663626,0.31170666374937483
671,6,19,0,0.599217200250919,-1.0029890686990104,-0.7190362727317704,0.07626048396527704,1.3740004177309677,0.5512447246645695
672,7,19,0,0.5033457098249526,-0.913680443374354,-0.2279864920801302,-0.18315743858953834,1.0833712863490637,0.7379960743440586
673,8,19,0,0.27400471346673705,-0.788721893841746,0.37634764544639404,-0.481872704721544,1.0348911356350483,0.7653086128394131
674,9,19,0,-0.03381090722489602,-0.7033210471359518,0.9232862216562446,-0.7292406430867971,1.371150259972149,0.6118757257198422
675,10,19,0,-0.3192766170014238,-0.7243855662156475,1.235703244545342,-0.8586328048887323,1.7002602180008846,0.38312573281983825
676,11,19,0,-0.47849803765043053,-0.8720959675603708,1.1927216622169075,-0.8484941530379106,1.7697567742295428,0.40458154962391285
677,12,19,0,-0.45277909308500675,-1.1012115809684153,0.777450208076626,-0.7212044141945358,1.594440493178065,0.6203925397029293
678,13,19,0,-0.2590633136826255,-1.3128866690090446,0.08994017864512044,-0.5232919735037339,1.439690567943694,0.7210838673537502
679,14,19,0,0.0131106811088327,-1.393408780270453,-0.681447001409777,-0.2992959859245443,1.5797810043847376,0.6369359615011505
680,15,19,0,0.23820694357159394,-1.263170053117362,-1.3206966751179159,-0.07354016488322562,1.8444481544832887,0.4569847394338253
681,16,19,1,0.3088575464108352,-0.9137219638571509,-1.6544838845191978,0.15141988244830332,1.9210741048029045,0.4335068837550912
682,17,19,0,0.18289536930028497,-0.41570624757957525,-1.6061697701629498,0.38076078432064897,1.7120229279568535,0.5914787495186986
683,18,19,0,-0.0984937653661335,0.10643116966844249,-1.214326078508546,0.6077586665239251,1.365645282411899,0.6786396820276137
684,19,19,0,-0.429919226571453,0.5219235917104655,-0.6110686042316442,0.8017963637942666,1.213885095481062,0.6025688551077503
685,20,19,0,-0.6892681274444458,0.7423790522110935,0.02889362316074613,0.913094534528831,1.3641091155469904,0.3969212494144804
686,21,19,0,-0.7914159674010377,0.7505573904107109,0.5473265269917836,0.8938432436502608,1.5126789815177455,0.19153620405721253
687,22,19,0,-0.7234272816951127,0.5977322158364547,0.8475474390865494,0.7256892511721453,1.4579411457663494,0.21594896918746037
688,23,19,0,-0.5455791216434979,0.37284832514625393,0.9114489904295481,0.43871714370092585,1.2082567797739845,0.28962956535342593
689,24,19,0,-0.3588755510034696,0.15940561908652295,0.7872181784489967,0.10995546338347638,0.886568935228859,0.26486286695287514
690,25,19,0,-0.2554280297021907,0.0007517949727344519,0.5580870968020348,-0.1610647635807094,0.6345448047517668,0.19294358902643766
691,26,19,0,-0.27565252193002676,-0.11078184042887075,0.3079398427251652,-0.29063027889930043,0.5172521964824087,0.20886137913183708
692,27,19,0,-0.39219900866053037,-0.21787191304665668,0.09737445179974265,-0.24617940023218957,0.5209359978451227,0.28877152606212
693,28,19,0,-0.5270674985663106,-0.3656068759097768,-0.04397971496068362,-0.06186609677643506,0.6459335608372033,0.32883060602297504
694,29,19,0,-0.5921926630813277,-0.5702727634640172,-0.11191378724261543,0.17411554873827073,0.8477877653302484,0.3139166924260768
695,30,19,0,-0.5328088224975258,-0.8059262391740792,-0.11722087373609376,0.35608415252653053,1.0363102823191837,0.27932367205418773
696,31,19,1,-0.3523613396639579,-1.0153833990075014,-0.07839470996309165,0.40564155392151174,1.1514567996620029,0.26242153634357684
697,32,19,0,-0.10762183288526612,-1.1393653104439085,-0.020396840341954117,0.30472055485492927,1.1844857184464317,0.2517689573409092
698,33,19,0,0.12213601517767142,-1.1481160043258594,0.023714464363851516,0.1019287632562634,1.159327138555668,0.20896087701446742
699,34,19,0,0.275201168922702,-1.0585872878451985,0.014799375494625362,-0.11076164040194049,1.099468004019869,0.10496070276575165
700,0,20,0,0.3387018503823901,-1.0308421676048365,-0.046023445032258185,-0.21215555161719146,1.1065634430701767,0.1978915444675386
701,1,20,0,0.3358851780352645,-0.9543724505053928,-0.3022959460129985,-0.20748382634005813,1.0761403274090486,0.3163426524977276
702,2,20,0,0.33326070823342524,-0.927972132358102,-0.6279414543411947,-0.06921463366846126,1.1710235325045697,0.3694647301738982
703,3,20,0,0.37714589349456845,-0.9513780508191523,-0.9335916084850145,0.13491881302218242,1.3918173723952498,0.3105113766358682
704,4,20,0,0.4723615384972779,-0.9958761469054324,-1.1075797339906674,0.3050733027437915,1.5920732741367678,0.1878625071702634
705,5,20,0,0.5754442364822565,-1.0209339861073603,-1.052968481076265,0.3526733048064222,1.614485476971797,0.3016154836106961
706,6,20,0,0.6155096880346722,-0.9977554790544079,-0.7281593153290805,0.23768952982274644,1.4003858300966572,0.5637743210541929
707,7,20,0,0.53279311533949,-0.9275860356867062,-0.1747131211521067,-0.01622237254284401,1.0840074711125234,0.7528961347981686
708,8,20,0,0.31516105118672244,-0.8446544305782514,0.4815994319756977,-0.3340634418785556,1.0753157635595472,0.7777039743541899
709,9,20,0,0.013035280072679309,-0.8009834974060532,1.0613770007768313,-0.622014387188212,1.4680488810971366,0.620571042341805
710,10,20,0,-0.2766464972830683,-0.8394332794352793,1.3861374610131358,-0.8042683049538164,1.8301382686178893,0.3736820153961694
711,11,20,0,-0.4514858398672814,-0.9677487503182164,1.3385321356463273,-0.847647179872756,1.910641548550457,0.36410912045930954
712,12,20,0,-0.45085825863759893,-1.146774048716064,0.9059990251485526,-0.7646416148751294,1.7099341861485007,0.5906363636027873
713,13,20,0,-0.28654298291874225,-1.299943252530474,0.19061277870479956,-0.5966182730008062,1.4711376332428951,0.7168120457093397
714,14,20,0,-0.0411444472135328,-1.341384954658674,-0.6198685741625035,-0.38833794101520114,1.5284141676218985,0.65890523785271
715,15,20,0,0.1662637649497149,-1.211081185080704,-1.3101264624453348,-0.16804516923973814,1.7997310362651628,0.47743664281282255
716,16,20,0,0.23215162370287823,-0.9017707883504201,-1.7039273853390704,0.0570280288234821,1.942602805951323,0.3927970183708167
717,17,20,0,0.11436024318884008,-0.46555782568776943,-1.7157741536212432,0.2892493123566841,1.8048181252455446,0.5290116233543288
718,18,20,0,-0.14952836052325708,0.0029695135043773494,-1.3703712046140075,0.521976238973485,1.4740230598940358,0.645418023435177
719,19,20,0,-0.4598166694978065,0.39997795994974533,-0.7853991328156408,0.7266255576864115,1.2313611317985738,0.6168306814735728
720,20,20,0,-0.7000027014297941,0.6478364419002066,-0.12673880168089904,0.8551986976758764,1.2872930411607741,0.45550402765953507
721,21,20,0,-0.7885713705483473,0.7181125286975979,0.4456515942558394,0.8592855625242397,1.4403150460042857,0.260057678590302
722,22,20,0,-0.7132765757804992,0.6335611431106251,0.8217953553874551,0.7167753779440967,1.448888451254993,0.20667252918605175
723,23,20,0,-0.5325250356681809,0.4502558745276341,0.9626470159821252,0.4519400725870965,1.2717123781537092,0.2631778393126316
724,24,20,0,-0.344242451595503,0.2296933354405805,0.8953689827904853,0.136422067163486,0.9957702996066553,0.26638609208698416
725,25,20,0,-0.23790647839391454,0.014341154338608319,0.6901170064570407,-0.13261728032927925,0.7420606355364227,0.2404889468494598
726,26,20,0,-0.25294049318556405,-0.18278335937320578,0.43058169863307805,-0.26950361158075375,0.5961723286177643,0.2719246603366495
727,27,20,0,-0.36290677426404994,-0.371627808445071,0.18957465223395828,-0.23611437191073606,0.601246289143519,0.33320159306801544
728,28,20,0,-0.49195015204304,-0.5674055667534442,0.015558796482854416,-0.05995315787808709,0.7535253722108612,0.34921113625618877
729,29,20,0,-0.5542044224742451,-0.7725592729523393,-0.07036712851299458,0.1754335989851699,0.9693909699098255,0.30632057465176316
730,30,20,0,-0.4960935804238448,-0.9686356524191215,-0.07154992668686333,0.36487745891700957,1.15005165958308,0.24929437585858497
731,31,20,1,-0.32078819188787994,-1.122430375504445,-0.011535431305537122,0.4262946518823801,1.242825493908404,0.23237853538446243
732,32,20,0,-0.083611863795867,-1.202791966625401,0.06990704689313418,0.33583145795567215,1.2535426686411477,0.23049605552484856
733,33,20,0,0.13800018075567036,-1.1985927617591796,0.1223921405021011,0.13746290343396578,1.2204689853934336,0.1886357070433912
734,34,20,0,0.28377176649487024,-1.1276160978763181,0.09531593646304741,-0.07753904311616316,1.1692484383571486,0.12497839332051537
735,0,21,0,0.3512062228577503,-1.1299615568800057,-0.0007287064956016435,-0.18341372967350356,1.1974139043148764,0.2532539353056487
736,1,21,1,0.338179735465355,-1.0832183919808238,-0.3099276339264874,-0.18140377572358057,1.190247909606642,0.36973036286867994
737,2,21,0,0.3289139932854129,-1.0588805597980784,-0.6852126985386167,-0.035299083236160156,1.303907558998388,0.4024822602583492
738,3,21,0,0.37069196115468905,-1.0519157197320554,-1.020516437723012,0.19138268251166263,1.5238176867041358,0.31173909084373175
739,4,21,0,0.4688170630597878,-1.0464912149555616,-1.1946384142882969,0.3966558559802717,1.7027713030738656,0.14537721726968547
740,5,21,0,0.5797580530313907,-1.0258579698844794,-1.111449874729188,0.4833545158986697,1.6904012501490349,0.2856287486104918
741,6,21,0,0.6317171748153556,-0.9834411534506353,-0.7391447055531238,0.39925025354952326,1.4394300094007986,0.5668817371187587
742,7,21,0,0.5628243274840254,-0.9293737835429653,-0.1332254163521923,0.15679594482883089,1.105821338653669,0.7604261916303016
743,8,21,0,0.3575837521338943,-0.8884325314718967,0.5681802825597063,-0.17484032008436187,1.1271985068232424,0.7862573201056012
744,9,21,0,0.06230238394835997,-0.8892714864885265,1.1787886877038174,-0.5000559720752059,1.560219250359939,0.6286415409078799
745,10,21,0,-0.22983682100220304,-0.9492027449231208,1.519208578244388,-0.734471248192363,1.9496803671090726,0.36732046175396876
746,11,21,0,-0.4184136432270477,-1.061430159533594,1.4746021838328665,-0.8329846090333806,2.042062418207924,0.32328060204741094
747,12,21,0,-0.4418479423769666,-1.1912022365894108,1.0346584399924095,-0.7972677266685556,1.8221817384863526,0.5590760684246229
748,13,21,0,-0.30771283856409387,-1.2838324491728912,0.30103343871527527,-0.6624735180283335,1.5074499135560082,0.7088792754918467
749,14,21,0,-0.09199437517806265,-1.2824259973293501,-0.5412048633900334,-0.472882622043203,1.4729562390234339,0.6772711209311459
750,15,21,0,0.09341806211335033,-1.1487397909162858,-1.278670194972209,-0.2605192740103672,1.7410335439630567,0.5028709073724494
751,16,21,0,0.15049051573816252,-0.8789172463357307,-1.7324590940559783,-0.0375810205731844,1.9488380555905884,0.36556222520592035
752,17,21,0,0.03904637970104382,-0.5076977779665154,-1.8076301617500863,0.19513903707138747,1.888091019781008,0.46467255237282795
753,18,21,0,-0.20553567019469124,-0.09931359975400048,-1.5139618320408321,0.43104480791051303,1.5905936495917248,0.6037920357503788
754,19,21,0,-0.4891676045091239,0.2713797181132063,-0.9535246771462003,0.6440336745094881,1.2794219712563,0.6226378788249156
755,20,21,0,-0.7024070539509899,0.5402725224959962,-0.2823203324090996,0.7886608913974261,1.2194100375655692,0.5113695673980007
756,21,21,0,-0.7698620211084677,0.6700590547368035,0.33879961089166427,0.816610640685889,1.3502980349544151,0.3403571705097698
757,22,21,0,-0.6825662689306611,0.6558935597068456,0.787165227095845,0.7021895674262402,1.4173187208591949,0.23076596485625053
758,23,21,0,-0.4986334997053834,0.520162366781272,1.0031575484281392,0.463281742864188,1.319150975091012,0.24202145185233848
759,24,21,0,-0.31277178709691145,0.30023166208728147,0.9929919306647664,0.16494693599832544,1.0959953046359565,0.2731996382509771
760,25,21,0,-0.2099832168839613,0.035207570272709286,0.8134650960564611,-0.09938304674483495,0.8467201290036028,0.2993648132238596
761,26,21,0,-0.22590017602795756,-0.24301172796455472,0.5474136704045023,-0.243011639820864,0.6846911516092021,0.3436035575796589
762,27,21,0,-0.3324041035099877,-0.5121416497744419,0.2789417652702277,-0.22234228961378183,0.7071252785940658,0.3798410264905554
763,28,21,0,-0.4544695218082899,-0.7567353269697871,0.07443468073963548,-0.05740412955953989,0.8877086555419105,0.36671072113293846
764,29,21,0,-0.5089106485349849,-0.9639404553231428,-0.028672375363381332,0.17427990663054443,1.1042494467125699,0.3022211705085785
765,30,21,0,-0.44536876101960143,-1.1215306841442412,-0.026199138143883655,0.36936043725883605,1.2622590606609663,0.23459105421712786
766,31,21,0,-0.2694251005096655,-1.2198530294508925,0.05402139595741865,0.44270869684946174,1.326476761851673,0.21658862537397192
767,32,21,0,-0.03717990050713259,-1.2564102060148583,0.15860827183327786,0.36437309612590224,1.3182842211959962,0.21174929548008994
768,33,21,0,0.17486230212961135,-1.2397453936600664,0.22097774687195212,0.17259728031973498,1.2830301834305358,0.16829885441140538
769,34,21,0,0.30851145345666897,-1.1892948800833305,0.17956513937019514,-0.04338923306635811,1.2424684678210127,0.15458765928870502
770,0,22,0,0.37329983036472547,-1.22334475140352,0.052048933314702596,-0.15587606864236353,1.2895470462032281,0.30572509572510553
771,1,22,0,0.34404587700802014,-1.2101883549161943,-0.3030396433695316,-0.15870516659149814,1.3038189196423522,0.41718431120098864
772,2,22,0,0.32385129912264843,-1.190990405858889,-0.7225501728379509,-0.007964060073723404,1.4302027790884615,0.43399350691668787
773,3,22,0,0.3614661168405019,-1.1545759746911026,-1.0859930671677354,0.23846477569260893,1.6431524050252224,0.32182242008826056
774,4,22,0,0.46222294968884675,-1.0973614198093664,-1.2638499147269522,0.4779236200572073,1.8009940961782736,0.11440001603290564
775,5,22,0,0.5815902892402408,-1.0269197417245874,-1.1603987030956489,0.6055407674871451,1.7623893416941743,0.26477523017774474
776,6,22,0,0.6460594805192483,-0.9604734312587625,-0.7516414152468844,0.5567934019289078,1.4882492311668392,0.5601874255609799
777,7,22,0,0.5914042900407407,-0.9189882419332487,-0.10407810924819032,0.3318751128187125,1.146852983787925,0.760175108788665
778,8,22,0,0.39906825487877456,-0.9192065235304355,0.6347410751258993,-0.0074811360328124665,1.1862328206558879,0.7910551108210191
779,9,22,0,0.11173091784741697,-0.9666172538863945,1.273632747816019,-0.3654262380090768,1.6439310889598597,0.636446141965066
780,10,22,0,-0.1810012246606067,-1.051849286523415,1.6327584058721507,-0.6499334820653754,2.0560792562409276,0.36446342586388
781,11,22,0,-0.38112469513212255,-1.1516152770689485,1.5987162089322726,-0.8040469842716796,2.161910925370725,0.28276029271119
782,12,22,0,-0.42706716431441394,-1.2337450368426164,1.1613215993529633,-0.8179593458620248,1.9293103761126926,0.5266221456622188
783,13,22,0,-0.3232058208757727,-1.2646493019617753,0.4193904860910514,-0.7196211269591909,1.5484000793690536,0.6978819240193472
784,14,22,0,-0.1393411747952214,-1.2171074285537868,-0.44670956350993973,-0.5519731906313575,1.4159767981648308,0.6917599656049179
785,15,22,0,0.02038839975025703,-1.0765614347497883,-1.2267004123600556,-0.3503813326475793,1.6694194169192842,0.5311281718039669
786,16,22,1,0.06496086606998763,-0.8448130095595023,-1.7392941824597092,-0.13200214984367947,1.9392002877328294,0.35583116417767535
787,17,22,0,-0.04191992706907715,-0.5407578106320644,-1.8797255263188588,0.09901924613707473,1.9589153007328637,0.4020488820228164
788,18,22,0,-0.2656550791434557,-0.19827949598122133,-1.6421230895703716,0.33605727704594746,1.7086222854560225,0.5549011257990195
789,19,22,0,-0.5175657109247657,0.13836281162063155,-1.1121224406168642,0.5557237770313048,1.3537591263020814,0.6200243233684254
790,20,22,0,-0.6965509698050409,0.4212060858711838,-0.4350074464283825,0.715623120957758,1.1678808800595761,0.5625014221477681
791,21,22,0,-0.7357032941843833,0.6066258423249647,0.22835137138050007,0.7680178609231136,1.245491884019521,0.4228642613402159
792,22,22,0,-0.6318472329515161,0.6636102126124871,0.7435136538577777,0.6837584725645216,1.3637989743172523,0.2795239846458547
793,23,22,0,-0.44440066115749827,0.5806177628433252,1.0311541131084538,0.47389334651994397,1.3499861640116033,0.22840884449959273
794,24,22,0,-0.2648176998023485,0.3691395159521804,1.077117384182844,0.1959377788032453,1.1853125616634874,0.28211466730440615
795,25,22,0,-0.17191733118283564,0.06246154485485191,0.9248585829679996,-0.061537839935276936,0.9447789781637606,0.3595695106795705
796,26,22,0,-0.1948443971480923,-0.29078400262976944,0.6556817119757057,-0.21163437701676355,0.7728048215688481,0.41600525588936416
797,27,22,0,-0.3012288487737614,-0.6371280425641659,0.36373719744116007,-0.20539908612751495,0.8192462971167943,0.42630066179980497
798,28,22,0,-0.4154932218653962,-0.9301971134689375,0.13192950467281286,-0.05470804806599114,1.0287369207180401,0.38111832085828296
799,29,22,0,-0.45748886912506853,-1.1406655924505964,0.013027463355796565,0.1701448291094838,1.2407792055189297,0.30123588742892665
800,30,22,0,-0.3819759923220888,-1.2612087865730666,0.018599630983075766,0.3688347678086528,1.3685533582059273,0.23752290581723967
801,31,22,1,-0.19956083574800618,-1.3049681371401287,0.11738494004148849,0.45384734783456193,1.4009007835676408,0.21839169588574522
802,32,22,0,0.030640585330033006,-1.2982170450298443,0.2439403490069386,0.3889395935059166,1.3773479018554327,0.19763070873664645
803,33,22,0,0.23205341270749855,-1.2699257234581902,0.3170599689937313,0.2056648447624534,1.345133889900732,0.14999614641759487
804,34,22,0,0.34909258849579333,-1.2419670031210088,0.2650633147529385,-0.010060643397844592,1.317082931920943,0.18814907398820782
805,0,23,0,0.4044409109283826,-1.3092826441612906,0.11015662037060106,-0.13130942075604202,1.3810033083687094,0.3544885264526121
806,1,23,0,0.3531143166579778,-1.3333609635807007,-0.28294747647088636,-0.14109295993487764,1.4150998825574514,0.4577561299634867
807,2,23,0,0.3176290354387409,-1.322548115542811,-0.7402659284207016,0.010986414766576096,1.548591640223326,0.4622136959672334
808,3,23,0,0.348743943909863,-1.2582018311404843,-1.1295090456321264,0.27397118134099757,1.748011750151941,0.3402530891131644
809,4,23,0,0.4514624232972454,-1.148146518811635,-1.314300649853804,0.5460261243006712,1.883504572581028,0.11446677880794641
810,5,23,0,0.5794229008572068,-1.0244531961475516,-1.198987191620032,0.7156540158372978,1.8261889839739087,0.24161516932683455
811,6,23,0,0.6566808619191976,-0.9293906921972771,-0.7652854183401046,0.706239708146564,1.5425411210210271,0.5438154338533261
812,7,23,0,0.6164339917753888,-0.8965894103268461,-0.08754745472961191,0.5049315015458121,1.2026985553368406,0.7520062078830249
813,8,23,0,0.4373715555490966,-0.9363481737155337,0.6803796283502891,0.16453863952324893,1.2482111931055941,0.792231997830529
814,9,23,0,0.15904001026054018,-1.0315795007976898,1.3445046843620587,-0.22048467039580003,1.716320578295543,0.6442744341193013
815,10,23,0,-0.13232418905798668,-1.1455036646000911,1.7250235526769697,-0.5516845768115637,2.1470329448343635,0.3654328286320245
816,11,23,0,-0.3415282044104402,-1.2366195343022544,1.7088747006417915,-0.7606862615442226,2.2682076002917904,0.24363836218471796
817,12,23,0,-0.40793913250201475,-1.2734377793742484,1.2838816185650395,-0.8258309709403162,2.0293858472004587,0.49446397786384283
818,13,23,0,-0.3337675770680168,-1.2423297382849354,0.5436681027675454,-0.7669718782721736,1.5932999849859344,0.6846192911359916
819,14,23,0,-0.1831552507901583,-1.1459837840546434,-0.337998003234487,-0.6247215982483132,1.3606411741221978,0.7022694995091889
820,15,23,0,-0.052081640093446034,-0.995096555914512,-1.1550456528649349,-0.4370697289503594,1.5868490983690513,0.5601130170567977
821,16,23,0,-0.023218989975617083,-0.7993412841989702,-1.7241327424263098,-0.2258318679352876,1.9139277301408106,0.3644978289294956
822,17,23,0,-0.12721561467025752,-0.5635867019551438,-1.9305016344567463,0.0014736191202222749,2.0151060804409497,0.346221304029324
823,18,23,0,-0.32885492930687904,-0.2918789126833808,-1.752250611551386,0.23808791152785136,1.822198376548658,0.5003103072446523
824,19,23,0,-0.5445677240447125,0.0032627685594445654,-1.258116202528063,0.4633668061803342,1.4471108554161662,0.609333012663553
825,20,23,0,-0.6826819779004516,0.292431572157858,-0.582055121998169,0.6381825815651413,1.1391383058269267,0.6074000371923345
826,21,23,0,-0.6869169982355406,0.5283989294755478,0.11593728643228977,0.7156463631592757,1.1298900666101157,0.5027451269527938
827,22,23,0,-0.5622395803080706,0.6558992835515829,0.6908659153960057,0.6632280252112039,1.2897613509134118,0.34047241769636993
828,23,23,0,-0.37092952286495057,0.6298116437612175,1.0450427151557302,0.48482408891000195,1.364338701070046,0.22363870489774967
829,24,23,0,-0.2012418784772488,0.434446041080504,1.145003950156671,0.22968993141927901,1.2621541770850928,0.2903843423827051
830,25,23,0,-0.12428246483852257,0.09490580033126832,1.021189236253679,-0.01935505168776836,1.0332740760655257,0.4161560481579755
831,26,23,0,-0.16019571721473833,-0.3258740433676276,0.7527031870553168,-0.17590097297130022,0.854025643672479,0.48492570136790925
832,27,23,0,-0.26989886795592055,-0.744817873374598,0.44221287328362696,-0.1857920132557527,0.9261047245908711,0.47056930476053277
833,28,23,0,-0.37587013608690345,-1.0848966698229274,0.1872833365295401,-0.05223721107269383,1.1645097327876464,0.39237790496275055
834,29,23,0,-0.40123213421438975,-1.2994471692309963,0.05457937095785694,0.16270565877882426,1.370767015317151,0.3033115581412783
835,30,23,0,-0.30758801526754287,-1.384696322111906,0.06268305669755374,0.36281566928255116,1.4654551057880825,0.2566491195319955
836,31,23,0,-0.11302974411320112,-1.3755074222749435,0.17781496262356664,0.4588594795591066,1.4652530753087776,0.23662644408042488
837,32,23,0,0.1181356928497681,-1.3266144134241573,0.32431910987805335,0.40823691203151063,1.4302804288694337,0.1898079522767684
838,33,23,0,0.3082121904954283,-1.2878513285601796,0.40835037389607204,0.23502075652202453,1.4055392497904342,0.1367135056559893
839,34,23,0,0.4046000785963622,-1.2842468471912056,0.34929134965543074,0.020651236444262797,1.3911944898652824,0.22316555514000527
840,0,24,0,0.443687686631705,-1.3862273830398975,0.1712560438593404,-0.11147931144444789,1.4697759659882583,0.39941233734617854
841,1,24,0,0.3647916945901471,-1.4508063123965493,-0.25139511499414585,-0.13023285934391737,1.5225216051102322,0.4908482383947356
842,2,24,0,0.3097156748458938,-1.4516498655054797,-0.7392772685707759,0.01986603321971852,1.6583536023323489,0.4856061311088646
843,3,24,0,0.33178578642705203,-1.3614221417841372,-1.1512013930103977,0.2959121189455916,1.8374930436937917,0.36527222473213317
844,4,24,0,0.4354213943117016,-1.1983298545416314,-1.3456138471368064,0.5983716436934535,1.9478992480343629,0.15097637854718599
845,5,24,0,0.5717328760669751,-1.0187380557897099,-1.2266822549752348,0.8103667152039453,1.8778043763053627,0.2207621657094052
846,6,24,0,0.6617172943836395,-0.8908298924632326,-0.7797048954175456,0.843679891632617,1.597242360593961,0.5183759285919223
847,7,24,0,0.6358209968288353,-0.8625507577446585,-0.08362470164135458,0.6719154397701828,1.2675668024291509,0.7360420730369598
848,8,24,0,0.47028278339569035,-0.9394678593643613,0.7046581782159107,0.3376229434978621,1.3093120923751447,0.7899441049086616
849,9,24,0,0.20199663486658376,-1.0828800264452805,1.3905088372398424,-0.06784099504235157,1.7752602680232523,0.6522898731652392
850,10,24,0,-0.08595402633145884,-1.2283196952343935,1.7946640999244017,-0.44107515796512514,2.2207034684700084,0.3703679224035613
851,11,24,0,-0.3015366830699912,-1.3146438945970866,1.8033251993147534,-0.7030745528719424,2.35913300647037,0.20774364578465657
852,12,24,0,-0.3859373551430445,-1.3091330661053693,1.4002645709512918,-0.8202556170460225,2.1204568311621457,0.46407341193913315
853,13,24,0,-0.34021741514797743,-1.216662543868942,0.671680198666249,-0.8036011171220002,1.6410194026713012,0.6700517734576101
854,14,24,0,-0.2234566486035725,-1.0695869793702069,-0.21701658535038848,-0.6903118049548176,1.310563148658066,0.7088482653102075
855,15,24,0,-0.12322724842397383,-0.9050277570078062,-1.0649708021919426,-0.5200302288015493,1.4962802024010964,0.5879599945263699
856,16,24,1,-0.11272206127273804,-0.7426265608781197,-1.6871597023804914,-0.3186490937842554,1.874098604216276,0.38863388670092414
857,17,24,0,-0.21535458377084593,-0.575279951024954,-1.9588784377149921,-0.09690763973220433,2.0552178578402787,0.3041954843856162
858,18,24,0,-0.3939654482195939,-0.3781984306704957,-1.8421584237301116,0.13818385627694818,1.9263658177012668,0.4422023035946146
859,19,24,0,-0.5697149509391797,-0.13153336024452958,-1.3887359968968476,0.36856578663898154,1.5512267913940698,0.5912667090780375
860,20,24,0,-0.6612294260044351,0.15598311464637304,-0.7208701827814717,0.5583319025053043,1.1370766991050003,0.6449766635189773
861,21,24,0,-0.6247184576409293,0.4363139649051728,0.0032096046658908793,0.6615035750652293,1.009078940754748,0.5769799684549798
862,22,24,0,-0.4754088896985095,0.6322811957216898,0.6294268226298054,0.6421965056839045,1.1976592169002371,0.40496638514647004
863,23,24,0,-0.27990397609663864,0.6661214288417878,1.0435126337429645,0.496972714221669,1.363071710974505,0.22739881566071743
864,24,24,0,-0.12339248337370215,0.49414339394279394,1.1942175397835235,0.2663629836954092,1.3253332298483145,0.2959970600554124
865,25,24,0,-0.06795294398936202,0.1310711740104911,1.099600005240756,0.026793962434491083,1.1097906753986184,0.46649719124258815
866,26,24,0,-0.12247644843273071,-0.34850927709872703,0.8359391268383808,-0.13637543243622116,0.9240409509302353,0.5477680915034382
867,27,24,0,-0.23889887842322313,-0.8339921395678019,0.5126543570789247,-0.16398058904478988,1.020940589059048,0.5109607934726261
868,28,24,0,-0.3364069632001621,-1.2185077908200326,0.23970666107728572,-0.05022984014154743,1.287599783078631,0.40054242780221777
869,29,24,0,-0.34151172584747597,-1.437538213022595,0.09581193895114601,0.15184169725829819,1.48841600416798,0.3086709823226902
870,30,24,0,-0.22415965832722243,-1.4895239220825287,0.10594652257923436,0.35104939967981885,1.5502868810448243,0.2877607188404984
871,31,24,0,-0.01215807893516829,-1.42968055196893,0.23472921362823912,0.45710575335092674,1.5192688284298563,0.26650621466215907
872,32,24,0,0.22296029498312184,-1.340457940270899,0.39837808892218485,0.42112314876164825,1.477358653452329,0.1888452203007336
873,33,24,0,0.40132249246385865,-1.2926451868312867,0.4927455766931836,0.2590966059339148,1.46353017616743,0.13185278439955725
874,34,24,0,0.4735550392078728,-1.3150574848160201,0.4297715450646158,0.046967970323468076,1.4630584864294867,0.25874301696844404
875,0,25,0,0.48972521416105047,-1.4528274399113583,0.23290314986911242,-0.09807988030303223,1.5538345779662937,0.44076986864685236
876,1,25,0,0.37827972577744284,-1.560627135041827,-0.21048611204540757,-0.1276813033360935,1.6245797992553994,0.516230534635007
877,2,25,0,0.2995132644990128,-1.5762810223821737,-0.7210587471086877,0.017174995876667244,1.759144892951789,0.5029054585596305
878,3,25,0,0.3098690917367049,-1.4626793106385463,-1.1518316809994655,0.30257287811817524,1.9114696408027396,0.39445249840475605
879,4,25,0,0.4130354635714792,-1.2472279859914164,-1.3579427847748582,0.6327054874799004,1.9926115486509623,0.2078118532113295
880,5,25,0,0.5570524821106421,-1.0099930554851453,-1.2432482596002263,0.886690358560854,1.9137083024634696,0.20907190406813572
881,6,25,0,0.6593650412254449,-0.8455131571977568,-0.7945241773202124,0.9654706712977968,1.6471360120121623,0.48497745178191787
882,7,25,0,0.6475508286455326,-0.8174531790383217,-0.09201584204285751,0.8289056057785421,1.3353288711314986,0.7126497404203913
883,8,25,0,0.4956936900252252,-0.9284274005481575,0.707609799552201,0.5081352353655371,1.3662366992076185,0.7843449193263818
884,9,25,0,0.23848392193495294,-1.1194388018814327,1.4112709629611833,0.08969950342580109,1.8192717070276871,0.6604858093505442
885,10,25,0,-0.0439368980129597,-1.2985248629614086,1.84078221560335,-0.3197523159475668,2.27570164555272,0.3791560799369492
886,11,25,0,-0.26300355781754087,-1.3838272123050916,1.8805875832680743,-0.6317053169233947,2.433065944587632,0.17808609507396003
887,12,25,0,-0.36253086153936426,-1.3395405452906715,1.5084620395538286,-0.8008799540785243,2.200605353911923,0.43715914884701645
888,13,25,0,-0.34340767338526995,-1.1873086481689663,0.8011087930796176,-0.828763387464169,1.690045770654531,0.6552401699809186
889,14,25,0,-0.2602952939757603,-0.988427547985162,-0.08600374895732922,-0.7480030558536994,1.2695069413292213,0.7116725734557091
890,15,25,0,-0.19226693185258054,-0.8071646181091883,-0.9581462358128562,-0.5987053554889046,1.4017751623226877,0.6130979300382441
891,16,25,0,-0.20213884836958457,-0.6750379939783417,-1.6290321142216655,-0.40999736010686577,1.8216420811439866,0.42308200016284603
892,17,25,0,-0.30472606171069305,-0.5752023545966705,-1.964266686224239,-0.19551557365975863,2.0785296908086544,0.28385376197456447
893,18,25,0,-0.45971563618964834,-0.45550265583853583,-1.9101156063884321,0.03735908672430932,2.0171163741248876,0.3837446155145654
894,19,25,0,-0.5925552706214917,-0.26363790861466707,-1.5015695390181536,0.272824887219676,1.6582434064978653,0.5669514697204855
895,20,25,0,-0.6328033536932215,0.01409263746432618,-0.8490605723864816,0.47790612499065743,1.1618678095037036,0.6745074949078409
896,21,25,0,-0.5506921936826676,0.33163990768943846,-0.10818592741494713,0.6074014455314067,0.8910037213612313,0.6434003262438143
897,22,25,0,-0.373526489358763,0.5926255293885049,0.559587033324252,0.6220552764756829,1.0912458344440832,0.4677653837515044
898,23,25,0,-0.17354573257709452,0.6881571028711188,1.0255804560413484,0.5110457226654814,1.34783579192584,0.23784561970526835
899,24,25,0,-0.0330686673636716,0.5462425570159205,1.2227037960855156,0.3059623272993483,1.3740785954758423,0.29769778138295727
900,25,25,0,-0.004080981217022171,0.16926215031208908,1.1575672666062282,0.07644203163554851,1.172378646536498,0.50912488733611
901,26,25,0,-0.08229577647509377,-0.3593528536669772,0.9030653988062639,-0.09364271906617631,0.9798995569033909,0.6027730916218133
902,27,25,0,-0.20866846617983656,-0.903998605223473,0.5734256678156657,-0.14036095988977157,1.0996700426013482,0.5460832093849987
903,28,25,0,-0.29784624012660105,-1.3293179240542254,0.28839488506339445,-0.04877886118703102,1.393323190433153,0.40574171781751156
904,29,25,0,-0.2797376795697704,-1.5527925589889628,0.13652803149918075,0.13764140094996385,1.5896549812028649,0.3176505630787619
905,30,25,0,-0.13387029046573234,-1.5737854679287993,0.14833195884519618,0.3335223921051018,1.6210988587324375,0.3263366238476213
906,31,25,0,0.10030485037217342,-1.4662222121189263,0.2877048720522139,0.4481779381559872,1.563171838273526,0.30276523112408943
907,32,25,0,0.34220702667428815,-1.3390904794766734,0.4649960578063587,0.4266439650498235,1.5193799287930632,0.19385877174256527
908,33,25,0,0.5087717415468623,-1.2838618202421679,0.5683828767756591,0.27645268133035633,1.5187610207332414,0.1375038107053106
909,34,25,0,0.5539567670544392,-1.3336584101737627,0.5041428053287812,0.06719280503167184,1.5310740334828399,0.29471164186239296
910,0,26,0,0.5409048444725627,-1.5079571015955766,0.2926309087201202,-0.09266458819089048,1.6311751118961353,0.4790962248003987
911,1,26,0,0.3926016980446021,-1.6610001325304597,-0.1626038515425617,-0.1348167867897732,1.7197886823998185,0.5340639783859994
912,2,26,0,0.28638184835189595,-1.6943606190241702,-0.6875774122196135,0.0016656243283500018,1.850847898252161,0.5131375398147902
913,3,26,0,0.2823209385832938,-1.5602645137286835,-1.1327423677346256,0.29257915696883263,1.9704918928828903,0.42524487299101876
914,4,26,0,0.38333607053236307,-1.2940072160542075,-1.3519479666558605,0.6471807579188912,2.016930206064885,0.2729671804993141
915,5,26,0,0.5340285779453737,-0.9983727874785795,-1.248740237411529,0.9420560330894022,1.9309988334669832,0.21375975929399477
916,6,26,0,0.6479482942695667,-0.7942337445875148,-0.8093664195420598,1.0683243268433935,1.6873159459615352,0.4452794788003809
917,7,26,0,0.6497569784825976,-0.7620750022208133,-0.11214765789483253,0.9722002928281153,1.400247459073951,0.6824266398819591
918,8,26,0,0.5116669183342089,-0.9033481672441666,0.6897336765849159,0.6724797296428452,1.4162635623276056,0.7755658153223829
919,9,26,0,0.26656651345286586,-1.1404064790405353,1.4069384344581566,0.24919568512270002,1.8474736510628205,0.6686613434738689
920,10,26,0,-0.008153857338571806,-1.3544724659671623,1.8629304895994043,-0.1896275999945204,2.31108865736722,0.3914004344574105
921,11,26,0,-0.22766301510684933,-1.4423042037862226,1.9394733622102052,-0.5473869019866979,2.488626369685997,0.1590445456686145
922,12,26,0,-0.33913037089512577,-1.363274348945019,1.6065627435310896,-0.7676336180296854,2.268001670939953,0.41552889949933286
923,13,26,0,-0.3441830077048642,-1.1538269752498687,0.9295462054473357,-0.8419042948910026,1.7385734443573224,0.6412636854296371
924,14,26,0,-0.29373107401937626,-0.902998519865091,0.05255669505396908,-0.7971334759748431,1.240914282066998,0.7110213433305774
925,15,26,0,-0.25840794793172955,-0.7024360507537895,-0.8366065730232453,-0.6725260527304571,1.3085843200114298,0.6342587970481347
926,16,26,1,-0.29000598739800176,-0.597186295982703,-1.5508543337815772,-0.499369463970566,1.759333388244417,0.4625633440426455
927,17,26,0,-0.39363647188947465,-0.5630029823822893,-1.9465674886547997,-0.2937110086755903,2.0850211448995024,0.28964146729865015
928,18,26,0,-0.5247728904286986,-0.5222711649615385,-1.954871151132037,-0.06340945111987407,2.091338263480777,0.32973439683572076
929,19,26,0,-0.6126647460611683,-0.39071315462898154,-1.594604413639152,0.17752396978928806,1.7613326931938607,0.538015140005203
930,20,26,0,-0.5981879500961793,-0.13085702538309435,-0.964479573110356,0.398537883426854,1.2099610225977826,0.6956157017083632
931,21,26,0,-0.4667567118767827,0.2159542960519742,-0.21663847456468413,0.5549023520878232,0.7869859815013489,0.7003655884286104
932,22,26,0,-0.2592148331240607,0.5371594986460319,0.4819244412456902,0.6039391565788662,0.9760770095726843,0.5255253347092119
933,23,26,0,-0.05455536782701789,0.6948011603383409,0.9906259610172669,0.5275237986906643,1.3211154731486032,0.252403754000171
934,24,26,0,0.06752825745577502,0.588830564249707,1.2288517331939397,0.3483264276271275,1.4080800337008077,0.29492033600209955
935,25,26,0,0.06593433146758311,0.20761064780979366,1.192976281173282,0.12903092066958544,1.2195453673730035,0.5432737554940253
936,26,26,0,-0.04033441918221793,-0.35947186665284014,0.9520407300980415,-0.048295598159505904,1.019588595882104,0.6487324899451244
937,27,26,0,-0.17959166252214268,-0.9547510327252565,0.6230145460614955,-0.11525416944932217,1.1598419495418657,0.5748294591495406
938,28,26,0,-0.260846557210764,-1.4162550465188426,0.3325451448690369,-0.04782720050313849,1.4787471040319007,0.408161653305725
939,29,26,0,-0.21731835547478615,-1.643706522265966,0.17649892291880934,0.12040133354558574,1.6717196983576512,0.33048652792461575
940,30,26,0,-0.03905952673150668,-1.6361791404392831,0.18981396670937822,0.3104617360759199,1.6766107651337396,0.368822864990595
941,31,26,1,0.2212686130372159,-1.4844219763199225,0.33647424977969015,0.4319104043212177,1.5975700050460013,0.3413422926843019
942,32,26,0,0.47249298338384055,-1.3223594371561722,0.5233160905880203,0.424062054765162,1.5574249443690473,0.20286830095251687
943,33,26,0,0.6274284380413744,-1.2614992164429286,0.6336877936051617,0.2858265935575667,1.5710836321781418,0.15289592655498915
944,34,26,0,0.6433418059018567,-1.3396625962026159,0.5702318573271928,0.0797736343171435,1.5937731189627902,0.3312043716892541
945,0,27,0,0.595295112408846,-1.5507396712801869,0.3480324657511408,-0.0965801549777969,1.6998894441970034,0.5150710618156756
946,1,27,0,0.4066354931245239,-1.750216416829557,-0.11032366921785212,-0.15277501803285767,1.8066879775248819,0.5449210439529838
947,2,27,0,0.2696659762363918,-1.8037896842633532,-0.6412135934872141,-0.027597582840170564,1.9334666955615813,0.515641215032547
948,3,27,0,0.24854961926533525,-1.652359464307471,-1.095796043868467,0.26495458172217423,2.0156980460021217,0.455301923401784
949,4,27,0,0.345494199919703,-1.3377065161986574,-1.3287592148430736,0.6404194189564618,2.021030194941535,0.3407066142404117
950,5,27,0,0.5014790077717012,-0.9839682174873329,-1.2434879755146118,0.974384772318332,1.9275276075937702,0.23790826636972381
951,6,27,0,0.6259836889562017,-0.7378416827608877,-0.8238550665293409,1.1493895108216334,1.7135049885808593,0.40160716275086683
952,7,27,0,0.6407873378914859,-0.6973782446264634,-0.14317993587483724,1.0984033026945568,1.4573726832515346,0.6461883145998831
953,8,27,0,0.5164999691409736,-0.8646141654999698,0.6519794119370081,0.8271817992589819,1.4572703098330417,0.7637031583107958
954,9,27,0,0.28455100108173575,-1.145193350045048,1.3781682201172232,0.40763389038264186,1.8595564290264441,0.6764207935540962
955,10,27,0,0.01973717591160398,-1.394693721807686,1.861110034197433,-0.05283829920777378,2.326388312173245,0.4064339486519144
956,11,27,0,-0.19707397460694703,-1.4882672338698066,1.97909880818585,-0.4512285397183928,2.5247211328178225,0.154951942655259
957,12,27,0,-0.3170372116352767,-1.37890663067858,1.69278276622054,-0.7207324755103732,2.320962060129247,0.400822022469716
958,13,27,0,-0.34334109165148163,-1.1157058735715133,1.0545402463042206,-0.8426694392692808,1.7846090934689802,0.6291184782101187
959,14,27,0,-0.3238146667142716,-0.8137815979355228,0.19598879211414805,-0.8371241857157031,1.2273080039103101,0.7072494610794285
960,15,27,0,-0.32085274517921564,-0.5918802616962526,-0.7027001486112379,-0.740906288571095,1.2231101158837308,0.6504633607789287
961,16,27,1,-0.37483670527671525,-0.509914219552779,-1.4541419539150133,-0.5861954909174871,1.6907599009417598,0.5027512395514556
962,17,27,0,-0.4803535876026623,-0.5386222488978654,-1.9061595514782421,-0.3908146804334821,2.075339453261707,0.3184773408691604
963,18,27,0,-0.5877840742466299,-0.5772293923859556,-1.9756667555891119,-0.1631838380486192,2.1467584828090263,0.2873964660865895
964,19,27,0,-0.6296679977548846,-0.5105203600696457,-1.6662602919743812,0.08389905410067076,1.854878766208677,0.5066759166635221
965,20,27,0,-0.5583295524429303,-0.27638289132465704,-1.0652641160220466,0.3216219546491713,1.2752833843286309,0.7082651260556854
966,21,27,0,-0.3751192331963116,0.09111062762222469,-0.32060008691130876,0.5052762973463373,0.7121124475580155,0.7466507368928019
967,22,27,0,-0.13547945111855622,0.4664676636112634,0.39720039090073334,0.5886880632489014,0.8603886036052396,0.5759613210861979
968,23,27,0,0.07396083723626616,0.6852425862146969,0.9384186852720156,0.5466376787508979,1.286262021558875,0.26859460448742756
969,24,27,0,0.17585556007075132,0.6201274515134879,1.2115466550872496,0.3931204294726347,1.4275406136605229,0.28772192123463936
970,25,27,0,0.14048528614987546,0.2441364099215815,1.2041876023476632,0.18391871095743037,1.2502929961261349,0.5686864216384443
971,26,27,0,0.002672673986478508,-0.3502927441367768,0.9811695664869695,-0.0009225281532971319,1.0418285458939647,0.6848760167563612
972,27,27,0,-0.1519884512131795,-0.9867112737058861,0.6600768679816762,-0.08889867522016848,1.2001266904210044,0.5963814006642577
973,28,27,0,-0.2259656120342419,-1.478895328850172,0.37137502532418276,-0.047169759866436185,1.5421855424031388,0.40803346064988305
974,29,27,0,-0.15562032761221994,-1.7094410346556035,0.2154602753946733,0.10061694357703047,1.7329031239335009,0.34712616964656495
975,30,27,0,0.057841829077825695,-1.676029547423633,0.2303849024163186,0.2823270041050759,1.716160383395579,0.4126759296801669
976,31,27,0,0.34739417071047635,-1.4841362315705866,0.3809151664653533,0.408383467927406,1.6233349884185653,0.37945268966871054
977,32,27,0,0.6100615011395057,-1.2906174825372831,0.5727558203020017,0.4128797473340793,1.5926039799184022,0.21353543629609978
978,33,27,0,0.7537364659874869,-1.2259962626977845,0.6874121951848099,0.2861766767256264,1.6203759170941672,0.1751868176965541
979,34,27,0,0.7388583447068948,-1.3330424937071748,0.6261183286688176,0.08336214849960473,1.6498143389089452,0.36842852287003125
980,0,28,0,0.6507425103591091,-1.5805638550627843,0.3968420023968781,-0.11090611238622726,1.7582467561040447,0.5494011014489943
981,1,28,1,0.41915209275242143,-1.8267200373080266,-0.05631976834824937,-0.1823903294997957,1.8838876612375848,0.5497952873643731
982,2,28,0,0.24872240671992804,-1.9025021220502538,-0.5846699612753766,-0.07118569198085409,2.0070584262474314,0.5100944243656337
983,3,28,0,0.2080741731803852,-1.7370835369033992,-1.043299760551842,0.21916838287122228,2.0487223448147973,0.48261210527515946
984,4,28,0,0.2988601382981141,-1.3772661301344502,-1.2899241179283865,0.61156176168634,2.00601380699369,0.4077355510580217
985,5,28,0,0.45844417847317065,-0.9668107437810727,-1.228071695062912,0.9821457524701442,1.902015890148211,0.2785507847633299
986,6,28,0,0.5922395859420915,-0.6772293593838726,-0.8376142282977868,1.2063212444086628,1.7222647509970448,0.3571550818092521
987,7,28,0,0.6192649508101347,-0.6244913891702653,-0.18402357602319971,1.2045023619462019,1.5027205964237103,0.6049597607564545
988,8,28,0,0.5087828987231882,-0.81286990773794,0.5957208423889055,0.9689656221397592,1.487748373846967,0.7488135636160375
989,9,28,0,0.2910396218589137,-1.1334938189109858,1.3261031145726463,0.5619934169973959,1.8557743317087,0.6831962717511461
990,10,28,0,0.03835274283978111,-1.417948198595065,1.8357586523687037,0.0882971079131125,2.3216059604925863,0.4233714858646113
991,11,28,0,-0.17256995799948507,-1.5200299444977434,1.9988919030271763,-0.3446190792007204,2.5405909887879465,0.16664875666188667
992,12,28,0,-0.29739669946350855,-1.38502540487173,1.7654939326801002,-0.6606757571760121,2.3580079413441832,0.3941360259621264
993,13,28,0,-0.34159616575773755,-1.0723989304398385,1.1736415050807987,-0.8309102915635529,1.8260815155801364,0.6196061929521777
994,14,28,0,-0.350569989943212,-0.7212551944226795,0.34148298644334135,-0.8674840688467697,1.2297347734628354,0.7007605831169283
995,15,28,0,-0.3788064830012762,-0.4766324526079971,-0.5590305644092447,-0.8032411156742483,1.1525555554055695,0.6610004519512147
996,16,28,1,-0.4551523491170693,-0.4142808842268958,-1.3407756572994514,-0.6698350019859054,1.6202316516581319,0.5404253248202857
997,17,28,0,-0.563151690693526,-0.5022910136371153,-1.8438747870662424,-0.48609971795685075,2.050756751857199,0.3622894538193383
998,18,28,0,-0.6474167107775416,-0.6193728171346057,-1.9722376272280893,-0.2610657093413535,2.1818908421017436,0.26597810956986667
999,19,28,0,-0.643256540525731,-0.6209661696634534,-1.7154107108642955,-0.006971087493098169,1.934440607463671,0.4758125667042533
1000,20,28,0,-0.5143193166056889,-0.41995527086781775,-1.1498664798563192,0.24829000251759806,1.3508247983401684,0.7127572603274221
1001,21,28,0,-0.2782215148291013,-0.04080139312388517,-0.4186127324401495,0.4594706048031315,0.6822183092191334,0.7814095644907725
1002,22,28,0,-0.005629361453869389,0.38148278547131537,0.30635062415402603,0.5768211466734171,0.7563954954192476,0.6174697924592947
1003,23,28,0,0.20857614488052767,0.6590038400672316,0.869134262109384,0.5683543551563442,1.247481906896524,0.284461586057996
1004,24,28,0,0.28909993600950173,0.6385412252950474,1.1702107037587264,0.4398364897498685,1.4332351162000527,0.2767478272409713
1005,25,28,0,0.21779991071585486,0.2768121292989799,1.1900923970669124,0.2403897595604602,1.264187053442992,0.5855156287655884
1006,26,28,0,0.04595502302593676,-0.33354531179496444,0.9891578462646189,0.04790314026583693,1.045988668598232,0.7108218744560217
1007,27,28,0,-0.1261085072435658,-1.0008550247046275,0.6834788768651199,-0.061447292587317716,1.22005462212264,0.6102207864232437
1008,28,28,0,-0.19364666030030012,-1.5174516844575203,0.4041427056151688,-0.046461994981690805,1.5829240939438802,0.4056324000356209
1009,29,28,0,-0.0959298509238315,-1.7498239040544856,0.25311025220659883,0.0789654668955125,1.772395716603057,0.3671280610530469
1010,30,28,0,0.15438347175433279,-1.6932905311162316,0.27003962788483543,0.2497937123476631,1.7396509358131067,0.4560375193782756
1011,31,28,0,0.4751941347604908,-1.4657819923966013,0.42103657748269413,0.37791852795729175,1.6414690153325067,0.41521233466850127
1012,32,28,0,0.7508959158596908,-1.2447067537693162,0.6130088310544258,0.3928540578299184,1.625808634814645,0.22374180578322891
1013,33,28,0,0.8838233345867644,-1.1782158861259138,0.7286620129745294,0.2767187424677739,1.6663906962848118,0.20130775679181948
1014,34,28,0,0.8373536997615307,-1.3141249308409775,0.6701917122002224,0.07686712775925457,1.6979844047558126,0.40652435787484825
1015,0,29,0,0.7049402803974002,-1.5970930072887515,0.4370107156262704,-0.13640219643590587,1.8047799859323899,0.5827029027700111
1016,1,29,1,0.4288583524484696,-1.8891435965659802,-0.0032700087110438167,-0.22414558913840527,1.9501371626114496,0.5500897092018361
1017,2,29,0,0.2229480700443488,-1.9885167336498257,-0.5208719300828852,-0.12926290833573423,2.071695225886654,0.4965476857614736
1018,3,29,0,0.16055083382587904,-1.8125448763464167,-0.9779170509543857,0.15517146292064676,2.0715924889958663,0.5055364425437084
1019,4,29,0,0.2429978971000109,-1.4115609419819506,-1.2373446828653378,0.5603026598049116,1.973958764950165,0.47166973679448354
1020,5,29,0,0.4042320727665472,-0.9468795399271742,-1.2032902951875395,0.9644007022402323,1.8541738539737327,0.32992748731409677
1021,6,29,0,0.5457881661089132,-0.6133173166925432,-0.8502681486251061,1.2373383160227307,1.7111413986236803,0.3162622093407616
1022,7,29,0,0.584141142301065,-0.5446890195109518,-0.23336418169140333,1.2879381517428188,1.5333461859983875,0.5599731456598498
1023,8,29,0,0.4874479556863697,-0.7490129808256318,0.5227200944587819,1.094827212017708,1.5068207843912909,0.7309182537317594
1024,9,29,0,0.2849755776668311,-1.105305524486914,1.2523369907793314,0.7093125868692024,1.8369495547491625,0.688289011051585
1025,10,29,0,0.04662690691086909,-1.4232709242730492,1.787729621061944,0.23132829748938352,2.297251438473976,0.4411812043430827
1026,11,29,0,-0.1552164368265305,-1.536090637429203,1.9985932231599757,-0.2291989352681061,2.535857569393004,0.19041398407545093
1027,12,29,0,-0.28115753290103584,-1.3802947093661158,1.8232499111862215,-0.5882371136432732,2.3779247640577323,0.39568329252952017
1028,13,29,0,-0.3395467671384061,-1.0233638092225479,1.284451756843271,-0.8066869257825547,1.8609475019427335,0.6132309255874369
1029,14,29,0,-0.37397907381070195,-0.6259038101603779,0.4861585743611887,-0.8878152466047082,1.2474702396250867,0.6919805964461229
1030,15,29,0,-0.43148566326119187,-0.35791043616640195,-0.4083919007874427,-0.8589085442770239,1.1039871330670623,0.6654069485943965
1031,16,29,0,-0.5295142204007496,-0.3115403805707576,-1.2129464270781185,-0.7495740043150435,1.552592329376662,0.5732840750180934
1032,17,29,0,-0.6403564355811026,-0.45452187383325704,-1.7609632898182879,-0.5787871550765007,2.0131151922709805,0.41321211380456835
1033,18,29,0,-0.7023989940549115,-0.6479840065627686,-1.9448016841678675,-0.3561957518664266,2.1959910345901577,0.27222206785216124
1034,19,29,0,-0.653204364971691,-0.7201453300795692,-1.741394218686537,-0.09417220475249555,1.9966490597689728,0.44893289102232453
1035,20,29,0,-0.46737086621812873,-0.5590526185883185,-1.2170788398785033,0.17939598726575764,1.4298388649309401,0.7097267603276509
1036,21,29,0,-0.17867818320841306,-0.1775017901884217,-0.5093338882790855,0.4180928842951161,0.7054469847709713,0.8041659735411388
1037,22,29,0,0.12681182080682324,0.28346796957483233,0.2104710256546865,0.568524203201455,0.6811410646387465,0.648963827061321
1038,23,29,0,0.34563822604648703,0.6159599891726983,0.7833599133807783,0.59237415026692,1.209724092246901,0.2986569737473801
1039,24,29,0,0.4042563568133919,0.6427191748349328,1.1048297201143578,0.487800998574782,1.4265726985972562,0.26322455128413713
1040,25,29,0,0.2959910628716216,0.30363127489374214,1.1501549215754672,0.29766710139791824,1.2614534106626287,0.5942601162275863
1041,26,29,0,0.0887261239575451,-0.31119737998604163,0.9751599253480966,0.09763245550703736,1.0320780545849937,0.7265495380939992
1042,27,29,0,-0.10212739546970832,-0.9986225461100195,0.6923359178649919,-0.03296858062544732,1.2198741512873785,0.6161425003464067
1043,28,29,0,-0.16420881540385335,-1.5327438773893869,0.43016796851075595,-0.04523478500977351,1.6010493420374463,0.40128477420323844
1044,29,29,0,-0.03941711540497343,-1.7653324605547045,0.2891099779127418,0.05628152618381473,1.7901688732611964,0.38967097183267035
1045,30,29,0,0.24816769691857918,-1.6885288550030881,0.3087606415286211,0.21372898350220693,1.7474925213339152,0.4974495169415389
1046,31,29,0,0.601137688306462,-1.430313004920097,0.45696018812409683,0.34106520407923685,1.6529669988569085,0.4473165056435269
1047,32,29,0,0.8908418211853075,-1.1859271934577063,0.6440374108254915,0.3640037339192517,1.657499732550563,0.23183604361147772
1048,33,29,0,1.013619051424133,-1.1194145451789856,0.756913865867484,0.25695496863604744,1.7086418470871672,0.22884966389516415
1049,34,29,0,0.9354722129928287,-1.283575213924458,0.7011985023230705,0.05950001110706333,1.7372084451972873,0.44547565114355586
1050,0,30,0,0.7555030968284788,-1.600267114324355,0.4667754865439441,-0.17346556889635067,1.838371405602331,0.6153978126010997
1051,1,30,1,0.4344426840567026,-1.9363400290496224,0.04623830574856824,-0.27813261179763393,2.0044073649071827,0.5475681653879174
1052,2,30,0,0.1918073466335309,-2.059988915509074,-0.4528627209198712,-0.20155573841783092,2.1274524083821365,0.47547068809096665
1053,3,30,0,0.10579544977630248,-1.8768939713037287,-0.9025706131159084,0.0734194100213629,2.0866115542040795,0.5228111104208687
1054,4,30,0,0.1777130884944604,-1.4394375272971394,-1.1732043860509087,0.48691336530837553,1.9279666733578569,0.5305509816433954
1055,5,30,0,0.33845515449799884,-0.9241118007630568,-1.1701233669628943,0.9208332639329156,1.7848409189039034,0.3866484887648661
1056,6,30,0,0.4860486024263775,-0.5470404729485321,-0.8614399922681636,1.2412666359883113,1.6787847523911756,0.28450665202604236
1057,7,30,0,0.5347393027670405,-0.4593687131272166,-0.28969059029480854,1.3466622877893613,1.5473802674143697,0.5126754224754914
1058,8,30,0,0.45180959573766255,-0.6741813391125067,0.4350828563559054,1.2021010909962717,1.5142643473572912,0.7100166880105168
1059,9,30,0,0.26567858532619365,-1.0609423584111985,1.158870115668693,0.8467538273363964,1.804482138362929,0.6909228300086521
1060,10,30,0,0.043844726325079665,-1.4100145665549664,1.7182618616639922,0.37372606959018984,2.254364309126644,0.45875760532168747
1061,11,30,0,-0.1457770103318076,-1.535193274362382,1.9782510151633454,-0.10682589781484671,2.5105692935721824,0.2211100671126001
1062,12,30,0,-0.26903856527717607,-1.3635149989724284,1.8648096453513368,-0.5044497841794863,2.3798192158614255,0.40467417040577797
1063,13,30,0,-0.33764881946342784,-0.9681026254474173,1.3846724574253324,-0.7702675547056247,1.8872888859069032,0.6101286034314386
1064,14,30,0,-0.3939700633822562,-0.5282281807363367,0.627128547029725,-0.8978192279893995,1.2781263640237355,0.6813331501140523
1065,15,30,0,-0.47812785647284894,-0.23699840008671158,-0.25369934103952435,-0.9072754090483499,1.0827218074310325,0.663450656631608
1066,16,30,0,-0.5965549326996221,-0.203115247095957,-1.0730937799203264,-0.8246271320373341,1.492874327841066,0.5997262859837479
1067,17,30,0,-0.7103881382066545,-0.3960930384268895,-1.659048954056059,-0.6680450180392381,1.9647566210796978,0.4655894746318206
1068,18,30,0,-0.7515573648269511,-0.6626422774306472,-1.8940378383798957,-0.44775263477802724,2.1890169062000315,0.30430462338072023
1069,19,30,0,-0.6593801497241354,-0.8063787938794633,-1.744014961687899,-0.17695591923828677,2.039100420531915,0.42987539193508917
1070,20,30,0,-0.41879339690816925,-0.6912164842177422,-1.2660503005966648,0.11551234191985527,1.5064509955935954,0.7001320435183295
1071,21,30,0,-0.07920923954889261,-0.31657131432650365,-0.5915602079503234,0.38140757651904866,0.7758264752769704,0.8148153491399452
1072,22,30,0,0.25820155659669913,0.17399047742134668,0.11079839609349877,0.563650689000475,0.6533904757875404,0.6698017002018739
1073,23,30,0,0.4813708815737707,0.5563493419178442,0.6820887829516876,0.6181388146206426,1.178381609602193,0.3103834162939123
1074,24,30,0,0.5182125867608466,0.6315939359817297,1.0159654757213195,0.5361886099955904,1.4096592703178,0.24895539140506254
1075,25,30,0,0.37310878479637083,0.3226764923009133,1.0844407306357347,0.3549270789906827,1.243107080519804,0.5957079042583936
1076,26,30,0,0.13020314898584967,-0.2853819970683944,0.938815101904652,0.14774850569742687,1.0007992609692722,0.7323776714247363
1077,27,30,0,-0.08014537614833661,-0.9818560927225276,0.6860464176585801,-0.003452519460027031,1.2004733546427007,0.6142673086661166
1078,28,30,0,-0.137841526081784,-1.5261514138544237,0.4488534458324797,-0.0429150549549872,1.597325747022157,0.3953812686868856
1079,29,30,0,0.012895590664369691,-1.7570574455413401,0.3230864640025685,0.03352625331690903,1.786876055039631,0.41364429304625394
1080,30,30,0,0.3369196897487115,-1.6628895572704514,0.34650428338083245,0.1751602409658005,1.7405352295877112,0.5356779324173678
1081,31,30,1,0.721756945927012,-1.3791790960649801,0.4888989109476714,0.2985809408997678,1.6586864656742437,0.4748382242617983
1082,32,30,0,1.0257340724505162,-1.1159901495795799,0.6660571597927432,0.3266081007614879,1.6875631522816488,0.23667169887453432
1083,33,30,0,1.1389819821000502,-1.0511991456854923,0.7720202625558225,0.2266939462551029,1.746340468094335,0.2561080731125157
1084,34,30,0,1.0297605606761424,-1.242371061032617,0.7182780989419262,0.030811108725156477,1.7665688261304329,0.4850610610168121
1085,0,31,0,0.8000453140415523,-1.5902976032037992,0.4847180479355448,-0.22209955402355433,1.8583322547831702,0.6476342589598376
1086,1,31,0,0.43462218881385417,-1.9674097085888373,0.08979856748042798,-0.34402475205583327,2.0459751272211433,0.5442485324774863
1087,2,31,0,0.154857735996966,-2.1152605476776847,-0.3836965350349174,-0.2873351574374579,2.1744177672786833,0.4478226354105713
1088,3,31,0,0.043801069196708384,-1.928378071619129,-0.8203388824713883,-0.025118618616476508,2.0962221609027734,0.5335454219801482
1089,4,31,0,0.10307324968380512,-1.4597536727086105,-1.0998880959824808,0.39224799230458934,1.8721958206709055,0.5827000423706662
1090,5,31,0,0.2610578766370595,-0.8984154045467099,-1.1296883705958995,0.8517624492346164,1.6961711407363496,0.444491045571334
1091,6,31,0,0.41281984362393653,-0.47933495639074347,-0.8707502163299244,1.2175674730746087,1.6250719105429476,0.2678073933185969
1092,7,31,0,0.4707878820523561,-0.370025642992933,-0.3513276898751642,1.3791828757519964,1.5440650105485334,0.46474898883086985
1093,8,31,0,0.40159359125889477,-0.5897354656943917,0.33520605858078806,1.28851902259271,1.5105329209688005,0.6861088938949879
1094,9,31,0,0.23286954764948764,-1.0010407529027758,1.0480558129744593,0.9716662105449778,1.760359914057073,0.6903028319352893
1095,10,31,0,0.029665099897309026,-1.3778851681624502,1.6289424690627683,0.5129376743803403,2.1945400839604186,0.47498591921500793
1096,11,31,0,-0.14468948902773146,-1.5163839780848543,1.938210835530914,0.02046439478420731,2.465245515491486,0.25463475473659036
1097,12,31,0,-0.2615040684373001,-1.333681630353782,1.8891577608555363,-0.4105862006467773,2.3631735320358174,0.4195094727914367
1098,13,31,0,-0.3361950731063601,-0.9062023058293488,1.4721522676492675,-0.7221248568296346,1.903398632516983,0.6100492408316133
1099,14,31,0,-0.41040893645937926,-0.42875557581297685,0.7615652233040365,-0.8973036217177417,1.3181055412258684,0.6692187360210656
1100,15,31,0,-0.5180024532348125,-0.11522909715210465,-0.0979170846410814,-0.9477072266940003,1.0905691309497143,0.6551162773386559
1101,16,31,0,-0.6550085207982788,-0.09056555950249254,-0.9238388615701059,-0.894145251657391,1.4457566379218036,0.6186854366551661
1102,17,31,0,-0.7718022663956081,-0.32802538141655324,-1.5400772392886612,-0.7529913917081477,1.9084321649533234,0.5156884850391519
1103,18,31,0,-0.7938504922383286,-0.6632259419819964,-1.8210543169274813,-0.5349518411994457,2.1615919022211005,0.3537319810850688
1104,19,31,0,-0.6617556167775894,-0.8782464009043959,-1.7235330439494323,-0.2547355470831347,2.0602654172634054,0.4220714685539888
1105,20,31,0,-0.36996087116359894,-0.8141052500866722,-1.2962962234747104,0.05693665387057886,1.5758375823540909,0.6852372144146432
1106,21,31,0,0.017431411438332673,-0.45550624412862734,-0.6642488081836216,0.34934591935541026,0.8780995633118944,0.8136290845819056
1107,22,31,0,0.3848781063505454,0.05488781523973047,0.008686640798822086,0.5617361834505249,0.6832033566484449,0.6797565361451541
1108,23,31,0,0.6119796526271652,0.48077515937247906,0.5667031217296666,0.644850416059383,1.158727032725744,0.319304243744634
1109,24,31,0,0.6278368652516712,0.6044228472379742,0.9047527390886427,0.5840427634961836,1.3853481786586956,0.23624919696552024
1110,25,31,0,0.44719434661166335,0.3321864155303837,0.9936295806001157,0.41131590657188216,1.211119778034761,0.5908745858061809
1111,26,31,0,0.16962623121379722,-0.2583197341754828,0.880272450251303,0.19777232988125154,0.9536748001904947,0.7289394014352828
1112,27,31,0,-0.060188877223718996,-0.9527261969547363,0.6643199465530847,0.02717982888144932,1.1633441630882948,0.6050524210361949
1113,28,31,0,-0.11460342778828178,-1.4995509511388625,0.45970542878829035,-0.038851404790228604,1.573094248172655,0.3883931647661991
1114,29,31,0,0.0601608100960982,-1.7266495610815955,0.3546380197501269,0.011750987282483683,1.7637585550775055,0.43777319467945974
1115,30,31,0,0.4185538278092412,-1.618044316566725,0.3831886638699817,0.13523799706637335,1.719993484033191,0.5696219773405252
1116,31,31,1,0.8337514753344993,-1.3142702433170403,0.5171331155777241,0.2514037870239843,1.6592402835177946,0.49711139809051136
1117,32,31,0,1.1515246282551719,-1.0369588400321204,0.6795141987480187,0.2811977621146514,1.7152563461819408,0.23757330857778142
1118,33,31,0,1.2558278206486142,-0.9754728472968252,0.7742034054075801,0.18606118318992756,1.778387041046789,0.28191282115738886
1119,34,31,0,1.1167772211543223,-1.1917673080156959,0.7209864275713671,-0.009284884421119358,1.7853314302854204,0.5248403207581641
1120,0,32,0,0.8362603293268357,-1.5676552631196794,0.4898127681392014,-0.2818952150515146,1.8644719956314135,0.6792491761446084
1121,1,32,1,0.42818972889547097,-1.9817221671283056,0.12526801090322387,-0.4210629820499365,2.0745012174081077,0.5422173873739395
1122,2,32,0,0.11177303972521456,-2.152906614208109,-0.31633331871060544,-0.3854128066717772,2.2127155040771784,0.4151636809691228
1123,3,32,0,-0.025249967053183858,-1.9653947783120271,-0.734349879779222,-0.1389658105371399,2.1028541171185346,0.5372257134612836
1124,4,32,0,0.01941985314849955,-1.4714190562433629,-1.0198975365663456,0.27773426361602405,1.811843943625624,0.6266836795883894
1125,5,32,0,0.17233379815954394,-0.8696834156503377,-1.0831945106626344,0.7581397634610896,1.5918964885682212,0.5001914542289856
1126,6,32,0,0.32630186276161477,-0.41112570113398894,-0.8778148165784547,1.1663498995052144,1.5512666398962829,0.2697272019157139
1127,7,32,0,0.3924414689115686,-0.2782253806856664,-0.41647276830930796,1.384596590981997,1.5238034504099731,0.4181440727396066
1128,8,32,0,0.3369542708217648,-0.49723566097139316,0.22571933769815788,1.3522594254973794,1.496775285880978,0.6592253862031363
1129,9,32,0,0.18668355352341065,-0.9265587672775646,0.922539960262238,1.0816439525125616,1.7071600735322674,0.6856736584968409
1130,10,32,0,0.004132266973088625,-1.3269700643785578,1.5216627392950683,0.6464431592385965,2.119955866916224,0.4887948341098901
1131,11,32,0,-0.1520526505586345,-1.4790610075732427,1.8791002329030135,0.1505023791312288,2.4009186000541134,0.288186830248037
1132,12,32,0,-0.2587483235366107,-1.290039322333735,1.8955216328546791,-0.30813247371499203,2.3278960522493435,0.43816177731302924
1133,13,32,0,-0.33530166147797824,-0.8373733547327845,1.5449325437765429,-0.6629291216981427,1.9078555827477248,0.6123987546968032
1134,14,32,0,-0.42309537674685516,-0.3280496234956462,0.8867650379113473,-0.8861892131040259,1.3631983741128963,0.6559986673282705
1135,15,32,0,-0.5504223174453989,0.006035220043401004,0.05601450497268412,-0.9795818541470889,1.1250419481799419,0.6405940690432759
1136,16,32,1,-0.703738558818603,0.024445506418826368,-0.7679143647494944,-0.957228482546415,1.4148584315538035,0.6295176127820047
1137,17,32,0,-0.8233260010925149,-0.2515534613791238,-1.4062567714428433,-0.8327017022136838,1.8471857188992196,0.5610395389521042
1138,18,32,0,-0.8283986321227824,-0.6499073092996787,-1.7273482126597375,-0.617044849835704,2.114970448699367,0.41182134064681386
1139,19,32,0,-0.6604096852826883,-0.934613475229452,-1.6806452373789238,-0.32707696579153756,2.059415221846122,0.4274781760408878
1140,20,32,0,-0.32227808208850783,-0.9255453705749531,-1.307699838142998,0.0037082400332229177,1.6341939948827195,0.6665798515718341
1141,21,32,0,0.1085294216630771,-0.5917756229110536,-0.726535754804967,0.3215287214625552,0.9966001931434972,0.8012601912893296
1142,22,32,0,0.5032614427194851,-0.0717730816317148,-0.09442108895285992,0.5620256857130087,0.763682963287274,0.6790045082085586
1143,23,32,0,0.7337582371348433,0.3901982640829772,0.43894665756382323,0.6715004072240363,1.1550942822753045,0.3254600443815517
1144,24,32,0,0.7300661640817337,0.5608193161100975,0.7728810647343625,0.6303021450235731,1.3572548926069317,0.22764967845675502
1145,25,32,0,0.5163343649561184,0.33061876304723675,0.8790124033323843,0.46596780418778116,1.1686311405508922,0.5809302254165044
1146,26,32,0,0.2062767472830144,-0.23223851528086398,0.8002029777017858,0.24726708321237814,0.8932808295338497,0.7171510760446013
1147,27,32,0,-0.04221460298712991,-0.9136492694797171,0.6271983341379923,0.05906313020845535,1.110586900706863,0.5892984923846611
1148,28,32,0,-0.09442562236258614,-1.4552404089104989,0.46235354848308763,-0.03234381627981286,1.5301822676174897,0.38088596779951467
1149,29,32,0,0.10172709580071664,-1.6762506094345324,0.38334206679815397,-0.007943207004164279,1.7225500696247644,0.46074109473913727
1150,30,32,0,0.4912339492271762,-1.5561246881386728,0.41868389705339937,0.0951939974907938,1.6873627175915997,0.5982779025692518
1151,31,32,0,0.934087757882916,-1.2378473111629331,0.5419856786119964,0.20061927649785302,1.654926728016399,0.5136642122573374
1152,32,32,0,1.2644072853688413,-0.9511776890534948,0.6850559444100478,0.22853747090986987,1.7392515062601992,0.23429932653015798
1153,33,32,0,1.3602576841687821,-0.8943715706281558,0.7640379689044544,0.13549966084226223,1.803417769044129,0.30548330804681456
1154,34,32,0,1.1932027045840423,-1.133252603201102,0.7093066082262751,-0.06049508003955005,1.7929778794149138,0.5641685784465241
1155,0,33,0,0.8619985609447978,-1.5330517580955556,0.48146153509363315,-0.35202668570694945,1.8571529848925514,0.7097724914577889
1156,1,33,0,0.4140594187995412,-1.9789318432990255,0.15084118195879295,-0.5080563315324302,2.090093476594865,0.5433644264181513
1157,2,33,0,0.06236325912032154,-2.1717771673838766,-0.2535385160409845,-0.49415181393684676,2.2425371870253086,0.3798290777989301
1158,3,33,0,-0.1009799016869018,-1.9865431363402744,-0.6476757700832291,-0.26615863959415426,2.108761460589809,0.5337282089985791
1159,4,33,0,-0.07262849265308817,-1.473435728772667,-0.9357650714077005,0.14534853848060092,1.7530174589187653,0.6613232118235544
1160,5,33,0,0.07293164391267301,-0.8378097845390812,-1.0318949349962203,0.6415300156621743,1.4777050374210645,0.5511576208348522
1161,6,33,0,0.22710457876391368,-0.3433149175715785,-0.8822437521514072,1.0883671887481179,1.4602529911205078,0.288845054148129
1162,7,33,0,0.30028918820287764,-0.18557542560287021,-0.48323456257606123,1.362606580868229,1.4882285348133575,0.37510561629659717
1163,8,33,0,0.25847927249063957,-0.3984148303067675,0.10942180187025558,1.3919863246574555,1.4748372690143023,0.6294633633857929
1164,9,33,0,0.12767075762721344,-0.8387676753971667,0.7851949676065781,1.1745794704970958,1.648028854514449,0.6763735709390841
1165,10,33,0,-0.03232441761652462,-1.257756799194865,1.398568969514598,0.771811368470273,2.0333924817615117,0.4991988476813553
1166,11,33,0,-0.16762410086067228,-1.4230163364068238,1.8018090384380931,0.2810318364489735,2.3191739988550095,0.3198505813767147
1167,12,33,0,-0.2606900670912945,-1.2321305692621936,1.8833848464794194,-0.19875832223883824,2.2743676926561247,0.4585458751891625
1168,13,33,0,-0.3349022896737943,-0.7614854864999392,1.6012897536397162,-0.5935382812674499,1.8995884439057478,0.6163291444526448
1169,14,33,0,-0.431763081688936,-0.2267190408429351,1.0002108584785774,-0.8645171331113396,1.4091247343836422,0.6419849477032726
1170,15,33,0,-0.5747561640579041,0.12542276722751844,0.20525055809432166,-1.0023065744502129,1.1801787065718965,0.6202708560889856
1171,16,33,0,-0.7417635945085872,0.14018868109313054,-0.6080932903161426,-1.012944396418282,1.4020341994429528,0.6319268215171931
1172,17,33,0,-0.8638898638456849,-0.16809145615424229,-1.25999659811967,-0.9062202766429602,1.7842048793676566,0.5999718984532206
1173,18,33,0,-0.8545074937646253,-0.6231408050127814,-1.6147576510317325,-0.6933190763096241,2.051004908066343,0.4723132846031778
1174,19,33,0,-0.655528234465252,-0.9746508356503554,-1.6164568387064704,-0.39368524377640823,2.0365613912139433,0.44580707397337055
1175,20,33,0,-0.2771444859800379,-1.0235788917001662,-1.3005062986152531,-0.04436631985325572,1.6786327224019395,0.6459163414542752
1176,21,33,0,0.1914833809323991,-0.7228794941331943,-0.7777513722015285,0.2973008955241713,1.1191539963974573,0.7787504467949565
1177,22,33,0,0.6099524457778153,-0.20374255922385404,-0.1970236280878822,0.5635126839413598,0.8774496404564374,0.6681222724392972
1178,23,33,0,0.8431926046259683,0.28592061396272195,0.3008867993284601,0.6969078984482793,1.1700161754926581,0.3291943015532116
1179,24,33,0,0.8219924178757312,0.5007751319490402,0.6225616245214074,0.6738323194390171,1.329691783411129,0.22533949614551682
1180,25,33,0,0.5787133903739173,0.3167076918729717,0.7424721673931841,0.5180242748445297,1.1201906172483824,0.5671120202540626
1181,26,33,0,0.23949405231203272,-0.20929357612683894,0.6997984560116509,0.29584049927793854,0.8236508253805795,0.6981722503390843
1182,27,33,0,-0.026116158356496284,-0.8671992273962559,0.5750689776433741,0.0923716418498512,1.0449657424957994,0.5681509874480017
1183,28,33,0,-0.07711929661112316,-1.3958523480854126,0.45656863097126305,-0.022676356633329137,1.4708229993790856,0.3735226028362383
1184,29,33,0,0.13715377876992196,-1.6084116011578433,0.408765175930393,-0.024448801675387724,1.6653785607863378,0.48129172747006016
1185,30,33,0,0.553425724915099,-1.4796425190347773,0.4528051291879716,0.056296142350539945,1.6443307933003846,0.6207361098884046
1186,31,33,1,1.020090517053394,-1.1524618070196246,0.5637968639327781,0.1474225292686103,1.6457075030325372,0.5241815057536201
1187,32,33,0,1.360935448684483,-0.8611928884406648,0.6834966063740392,0.16960172747630511,1.7577630225586682,0.22702545079618922
1188,33,33,0,1.4486813571118575,-0.8101933011814991,0.7424235609775031,0.07576035201592121,1.8198964900661028,0.3263368514053852
1189,34,33,0,1.2559471070264319,-1.068499543592028,0.6836464092494499,-0.12214692853647903,1.7892419331479457,0.6022310534907995
1190,0,34,0,0.8753415700068988,-1.487415382878303,0.45951463816461663,-0.431260728271739,1.837326020019904,0.738469877524536
1191,1,34,1,0.3913090588873212,-1.9589874323445167,0.1651113772169745,-0.6033971059461847,2.0933476476691015,0.5490766519009013
1192,2,34,0,0.006590510404223151,-2.1710333601876806,-0.19779101674898486,-0.6114923718568667,2.264171701311747,0.3451683580760257
1193,3,34,0,-0.18281569176719284,-1.9906706134512984,-0.5632315097963432,-0.4042826149901391,2.1158604005996287,0.5233422912394355
1194,4,34,0,-0.17218186404976366,-1.464937029192184,-0.8499686121691367,-0.0024244128201645204,1.702392320605425,0.6857182934728022
1195,5,34,0,-0.036150008555655214,-0.8027055573545577,-0.9770389201112922,0.5040762758984334,1.3617418912049153,0.5952923909021167
1196,6,34,0,0.11624403984311692,-0.27677151404565226,-0.8836398510889703,0.9849973334018364,1.3568914035498334,0.31972717009211526
1197,7,34,0,0.1953500300265616,-0.09369600594568236,-0.5496741167297978,1.3135258539417962,1.4402889916047268,0.33813729863976877
1198,8,34,0,0.1671815634920246,-0.29514724947746107,-0.010784281009100219,1.4068769611212362,1.4472320679477624,0.5970280860256933
1199,9,34,0,0.05678504752067596,-0.7392359443266059,0.6390499988087773,1.2487097304154136,1.586617538922978,0.6618826507852068
1200,10,34,0,-0.07890245981303676,-1.1711420875480254,1.2620093999581663,0.8867542305363801,1.938246676341232,0.5053329459197426
1201,11,34,0,-0.19082932595203173,-1.348467183372501,1.7074658983561297,0.4097593732146633,2.2221885865655624,0.3482525578100981
1202,12,34,0,-0.26697699572472394,-1.159836146373129,1.85249683298638,-0.08428310721730824,2.2034846859160697,0.4787635417997076
1203,13,34,0,-0.33475030377552223,-0.6785986686680759,1.6397738260797574,-0.5149849360107599,1.8779301382133848,0.62085347261937
1204,14,34,0,-0.43608461183982977,-0.12542468433045617,1.0996302570392162,-0.8324557804344763,1.4519195806578942,0.6274364581569029
1205,15,34,0,-0.5904414327029467,0.24157272125389795,0.3471102431194469,-1.015338065750551,1.2483490592565982,0.5947233313765657
1206,16,34,0,-0.7682792748609353,0.2549071524601627,-0.4471185735692978,-1.0603509377283147,1.4069434354401575,0.6259135249123395
1207,17,34,0,-0.8926535607646844,-0.07919509289123895,-1.1038409889123972,-0.9725760566655899,1.7226350040232579,0.6313455165961507
1208,18,34,0,-0.8716859342399177,-0.5836447499125332,-1.4854081097289662,-0.7630989258867493,1.9721142931357383,0.5310214218347447
1209,19,34,0,-0.6473994484551288,-0.9978478872125851,-1.5324456629816767,-0.4543878696077779,1.992406709964778,0.4746866612693799
1210,20,34,0,-0.23591680003323226,-1.10650612283113,-1.275309510519873,-0.08767991509396279,1.7070778106266926,0.6251335701142755
1211,21,34,0,0.2638760324458177,-0.8464066664227157,-0.8174320542825059,0.27577630861261426,1.2370458929339194,0.7475409428365911
1212,22,34,0,0.7018275147967645,-0.3386396776872005,-0.2975956109369961,0.5649885290237959,1.0074789711985705,0.6480906698317026
1213,23,34,0,0.9370597703697485,0.16956015848705877,0.15486762367613224,0.7197658339880547,1.203693689121603,0.33108033620718846
1214,24,34,0,0.9009441933738954,0.42467291368140153,0.45647982601266807,0.7134615722437948,1.3074588979443804,0.2303522227771017
1215,25,34,0,0.6326634135126663,0.2895135478329333,0.5864488925420175,0.566654046039183,1.0719609137616197,0.5506235210354405
1216,26,34,0,0.26869017964667796,-0.1914901244420559,0.5807566416162186,0.34314574810928994,0.7509262025154213,0.6733552522546715
1217,27,34,0,-0.011732980486201623,-0.8160160195174722,0.5086696803282905,0.12730082186056324,0.9700361590538207,0.5430913830131293
1218,28,34,0,-0.06238744818698586,-1.3242594803181362,0.44227805327460396,-0.009151682499550885,1.397586846891702,0.36704622107135515
1219,29,34,0,0.16621886797929725,-1.5260005816400144,0.430475049075808,-0.036696347099652304,1.5946666977789619,0.49830802217131065
1220,30,34,0,0.6039395190187519,-1.3914002263282277,0.48530874529950735,0.019801716530359212,1.5926877342092438,0.636197862944309
1221,31,34,0,1.089523091423481,-1.060867339686132,0.5829000502040397,0.09307684022420101,1.6312375197596773,0.5284844559003647
1222,32,34,0,1.4381292831815091,-0.7696668052510052,0.67577870846609,0.10554389080171368,1.7687337849295215,0.216355092580622
1223,33,34,0,1.5179318455412913,-0.725322504512964,0.7105478859565054,0.00788292416600795,1.8262393769689713,0.34423112725731364
1224,34,34,0,1.3022516169043037,-0.9993098948329631,0.6448226326669277,-0.1931993328090325,1.7741481757278066,0.6380902970478608
1225,0,35,0,0.8746699599832749,-1.4318618661554467,0.42427699333686214,-0.5179805254656522,1.8065410968156643,0.7644128411949622
1226,1,35,1,0.35921812073978343,-1.9221345740389273,0.16711809854247853,-0.7050908163227396,2.0853586015615515,0.5599803406505619
1227,2,35,0,-0.055419614823991256,-2.1501764230985616,-0.15120221567506356,-0.7349917376997541,2.2780265469629883,0.3157394662175081
1228,3,35,0,-0.2699954766040648,-1.97691445231379,-0.4836807944347135,-0.5505221661618633,2.1255846432203858,0.5068060081484647
1229,4,35,0,-0.27809378514080413,-1.445223602370616,-0.7648503881187685,-0.1626459832917467,1.6665705044400043,0.699275699511414
1230,5,35,0,-0.15357937031791088,-0.7643148876656658,-0.919825688897095,0.3484498726877695,1.2550938141134167,0.630907707365548
1231,6,35,0,-0.004874147274886028,-0.2123215131156878,-0.8815984844434321,0.8582082670287479,1.2485357422248011,0.35616944461306266
1232,7,35,0,0.07905512027886225,-0.004190706958628327,-0.613846520492884,1.2382661919687008,1.3843330477023972,0.3097789437102445
1233,8,35,0,0.06447885653915242,-0.18941388492021352,-0.1319611937111315,1.3966374682085536,1.417055086081988,0.5622789276744805
1234,9,35,0,-0.024639233128550753,-0.6298056922705626,0.4872192599949811,1.3026547818380387,1.5269428246601544,0.6418651780355726
1235,10,35,0,-0.1344496257090288,-1.0684301379794239,1.1144787238460088,0.9891780068387254,1.8385199527649652,0.5064822114760005
1236,11,35,0,-0.22078166868465687,-1.2560761206197077,1.5974117310186149,0.5344049225045695,2.1127670542705927,0.37237191209240145
1237,12,35,0,-0.27700020110300555,-1.0734060705320305,1.802878517534284,0.03336128344779245,2.11669875700016,0.4972194013048469
1238,13,35,0,-0.3344286122243157,-0.5889882578599097,1.6592415146483352,-0.4284605257790062,1.8426639657448283,0.6249606263644256
1239,14,35,0,-0.4356807107786309,-0.024884389309854163,1.183048256389007,-0.7903071038951704,1.488161755316988,0.6125611822926552
1240,15,35,0,-0.5969973814587761,0.35315584222882873,0.4791403743576324,-1.0182045546318077,1.3219080663122982,0.564713952419345
1241,16,35,1,-0.7826766227685832,0.36685560151574825,-0.28763553908872835,-1.0985233977667752,1.4271137260147981,0.611737096798766
1242,17,35,0,-0.9090253720591732,0.013479249747755715,-0.9404036870781967,-1.0308021594540182,1.665359121579011,0.6544025694267659
1243,18,35,0,-0.8796570066901718,-0.5323774952991952,-1.3416545292423816,-0.8257482345594263,1.8812547062093328,0.5850674303495828
1244,19,35,0,-0.6364048792603523,-1.0040186358573953,-1.4304193230025521,-0.509115503322369,1.9283056362614297,0.5105901349838098
1245,20,35,0,-0.1998714290787365,-1.1729224551780018,-1.2330322074795292,-0.1267853671758478,1.718178869627526,0.6061159446277847
1246,21,35,0,0.32354127770554014,-0.9600905472723978,-0.8453283158647705,0.25589116306328125,1.3440658712569835,0.7094881561512539
1247,22,35,0,0.7761258565551418,-0.4740070620906969,-0.3946229762902975,0.5651002868704663,1.1411045823072494,0.6203049054043176
1248,23,35,0,1.0125183490677756,0.04301753700916622,0.0034548662917478984,0.7386934826013086,1.2540828971914149,0.33184082213362803
1249,24,35,0,0.9645614068751042,0.33328815982127313,0.2777348694073367,0.7480198337772653,1.2954265839941719,0.24211928799128007
1250,25,35,0,0.6767088433379085,0.24846337278412825,0.4138895304135927,0.6110731580552433,1.0316898051975638,0.532526201491284
1251,26,35,0,0.29336209119571827,-0.18061118231458198,0.44525297563080835,0.38888083782863514,0.6842223571808996,0.6441828718273462
1252,27,35,0,0.0011387123845191195,-0.7627139876946019,0.4290845801277491,0.16404745891106706,0.8903701867029696,0.5159084236278785
1253,28,35,0,-0.04984035116384901,-1.243475378107101,0.41957797176812567,0.008873927667872357,1.3133314499957895,0.3622326086310471
1254,29,35,0,0.18891984364989511,-1.4321032089824162,0.44805408223765714,-0.043698730785441446,1.5130341530132496,0.5108716304989833
1255,30,35,0,0.6419624176785476,-1.2943939109592175,0.5158920136134032,-0.013089475633782845,1.5342383278103973,0.6440030024596392
1256,31,35,1,1.1406543635223625,-0.9659257070792429,0.5995992733959049,0.038870138338925504,1.6109422785843464,0.5265214317369584
1257,32,35,0,1.4935689132029266,-0.6792890422980348,0.6629320410652833,0.03765979063039289,1.7700505225483423,0.20335809969896917
1258,33,35,0,1.5653676555107532,-0.6421521114337536,0.6698419038708954,-0.06683283730279514,1.8209585485291495,0.3591222367416319
1259,34,35,0,1.3297807722186188,-0.9275566739552241,0.594032982283215,-0.2722661796459302,1.7480510124651696,0.6707396578938103
1260,0,36,0,0.8587228668668404,-1.3676611513718682,0.37649952547087967,-0.6102232434321846,1.7669256596010265,0.7865632325082847
1261,1,36,0,0.3173000250984757,-1.868911788016241,0.1563790307516716,-0.8108002676023298,2.0676948644605173,0.5758296450784508
1262,2,36,0,-0.12337167307834025,-2.109068647871595,-0.11544871917714272,-0.8618778499557699,2.28463409896576,0.29702868201820004
1263,3,36,0,-0.36158125962771953,-1.944736034736747,-0.41135225468014835,-0.7017235536890047,2.1387767240527795,0.48535551394255017
1264,4,36,0,-0.3889845642305421,-1.41379526856785,-0.6825421618471181,-0.331991332288656,1.65112328432743,0.7017394435535049
1265,5,36,0,-0.2777190050604858,-0.7226301485010285,-0.8613614355184102,0.17778673077082185,1.171696983665537,0.6566908785268996
1266,6,36,0,-0.13448376151622132,-0.15073947578786698,-0.8757082687296934,0.7105087723102108,1.145642160154589,0.3931238718772427
1267,7,36,0,-0.04678266130623143,0.08138251947193065,-0.6738425864518149,1.1383129895479531,1.3261342410797494,0.29205521377104215
1268,8,36,0,-0.04783907156685701,-0.08326493296572664,-0.25120318708029027,1.3615063212914238,1.3878127142903565,0.5257802951206829
1269,9,36,0,-0.11492188228104523,-0.5125619159309369,0.3328301937774553,1.3354475721048626,1.4731337048688156,0.6162077851378703
1270,10,36,0,-0.1974980907503849,-0.9513199449793193,0.9585616070312721,1.0772302500356405,1.7387583212257318,0.5021084793911755
1271,11,36,0,-0.25631262133001886,-1.1469587102143712,1.4731708188369885,0.6527520515345044,1.9943740734990083,0.39144971665136985
1272,12,36,0,-0.28991807797067126,-0.9734796608024384,1.7348238706625045,0.15216988606441795,2.0160567150691797,0.5126536237335452
1273,13,36,0,-0.3333671537118194,-0.49316309292826277,1.6588839536538231,-0.33529683667002896,1.7940633867763864,0.6277121679708478
1274,14,36,0,-0.43013384737326266,0.07412485649504837,1.2488332066307066,-0.738511814380205,1.5150886769325458,0.5975234708524805
1275,15,36,0,-0.5940380843385492,0.45889482163180756,0.5991724069262025,-1.010529324181815,1.3941459002623062,0.5311899830187202
1276,16,36,0,-0.7845560231394386,0.47433865628327887,-0.13212903179905566,-1.126584586353321,1.4584842219036989,0.589886950215661
1277,17,36,0,-0.9126746136003163,0.10821703095998747,-0.772303476947334,-1.0799588024868496,1.6147599052720045,0.6686844819009322
1278,18,36,0,-0.8783621093638722,-0.47050874572210843,-1.1860209036949607,-0.8806742872190919,1.7818897999420193,0.6323815279516882
1279,19,36,0,-0.6230065233381733,-0.9933006431000458,-1.312467067953657,-0.5578812223608337,1.8462352391909784,0.5498011534360419
1280,20,36,0,-0.17016782144074258,-1.2217484698345453,-1.1748998910865738,-0.16235128050081477,1.7112492814760911,0.5905652704174356
1281,21,36,0,0.36862502871787295,-1.0618616319319227,-0.8614088909738554,0.23646383905509072,1.4357489201792417,0.6668854716432363
1282,22,36,0,0.8305269175281321,-0.6073677708525554,-0.4866392034322214,0.5624149467767525,1.2695664049132,0.586592206467234
1283,23,36,0,1.0671882536814454,-0.09156459216893381,-0.1506256212582072,0.7522934183238248,1.3175387312589646,0.33225447185360646
1284,24,36,0,1.0108609143964824,0.2277806657045219,0.0897677709725243,0.7763794295188481,1.2979010329022298,0.25874985737228695
1285,25,36,0,0.7096056573301393,0.19338080416079415,0.22818385515246223,0.650564656752781,1.0080865878985386,0.5136355071304243
1286,26,36,0,0.3131011500115858,-0.17815292259041693,0.29589923472304164,0.4327867497593104,0.6361065334069399,0.6121930036408614
1287,27,36,0,0.012733318257327804,-0.7097929804548414,0.3377309702261644,0.20278915415786528,0.8118829113799464,0.4886308330369222
1288,28,36,0,-0.03901426834472709,-1.156553565678127,0.38874186140604633,0.031956317521425234,1.221179636440205,0.35980714445135137
1289,29,36,0,0.20546733183928792,-1.3299193028122263,0.46111406891659684,-0.04459358797195102,1.4232065728792662,0.5183080795279457
1290,30,36,0,0.6670784433778718,-1.191712473326754,0.5441962945389136,-0.04128046580751299,1.4707229353447857,0.6436632911065798
1291,31,36,1,1.1723101681424297,-0.8705106899633787,0.6141494697056481,-0.013929235066551308,1.5841318084048173,0.5183669726959187
1292,32,36,0,1.5254707561547853,-0.5926870526714034,0.6460315076345903,-0.03265300046745498,1.7597618866153217,0.18962692875775589
1293,33,36,0,1.5889595749182381,-0.5630055980210089,0.6219285141684873,-0.14686405592163604,1.802812236974477,0.3711267338400791
1294,34,36,0,1.3367025369719454,-0.8551249540094222,0.5328163520182407,-0.35765172098515285,1.7116718078587725,0.6991583641038257
1295,0,37,0,0.8266471008704562,-1.2962011822426376,0.3173559948397506,-0.7057304424287382,1.7211197573254837,0.803860791103529
1296,1,37,0,0.26532762407288296,-1.800139741545724,0.13290555732291587,-0.9179027751579523,2.042329853133047,0.5955858174503025
1297,2,37,0,-0.19679924858095935,-2.0479456570962373,-0.0917207737521957,-0.9891153054400845,2.2846385154888074,0.2939589781171914
1298,3,37,0,-0.45647747865144755,-1.893947091752332,-0.3481684921424879,-0.8544692849634958,2.155631307236908,0.4607858085349615
1299,4,37,0,-0.5032725562686997,-1.3703776135747558,-0.6048992430457522,-0.5068283154867687,1.659516828868136,0.6932220202509849
1300,5,37,0,-0.40666356131832937,-0.6777054734428782,-0.8026210105293763,-0.00438827961828206,1.1264456064896111,0.6716973431227282
1301,6,37,0,-0.27049851770544314,-0.09274092148171785,-0.8655530161093123,0.5448864274263457,1.062004505210545,0.4269704771884699
1302,7,37,0,-0.18001092370010355,0.1615394221695832,-0.7278295329027981,1.0156867802102667,1.2727350007073945,0.28568086082230004
1303,8,37,0,-0.16765429178589616,0.02121968400887842,-0.36570194552686025,1.3022455737290208,1.3631359740695805,0.4883577532920137
1304,9,37,0,-0.2120817987380942,-0.38979497808809604,0.1789533802639368,1.3465543481795206,1.4290387465732857,0.58505657383054
1305,10,37,0,-0.2663083398781722,-0.8218814747764587,0.7968766352013148,1.1493413266474932,1.643899980941354,0.49187593569109384
1306,11,37,0,-0.29601149961800405,-1.022677984859375,1.336420253070074,0.762696868075274,1.8711543693693056,0.4049513848767639
1307,12,37,0,-0.3046889334528869,-0.8610936724195163,1.6488973137342555,0.270105586887049,1.9042418539033397,0.5241349464895444
1308,13,37,0,-0.33086733811773567,-0.3918756331309779,1.6382477034983052,-0.23694507587352986,1.7329276425382292,0.6283135803929857
1309,14,37,0,-0.4190055617432986,0.17076776609601127,1.295734618907582,-0.6776530752169599,1.530643388806099,0.5824547633676146
1310,15,37,0,-0.5812849834766592,0.5575839545685104,0.7053713362369309,-0.9920546448724837,1.4596277740593533,0.4952860780713676
1311,16,37,1,-0.7737365870227545,0.5757477247645306,0.017133096895546485,-1.1437371833981467,1.4961891713168867,0.5610600305675847
1312,17,37,0,-0.9035369066047196,0.20328837147302284,-0.6021028346608948,-1.1191589452818616,1.5724979083878214,0.6739842923741708
1313,18,37,0,-0.8679582088519394,-0.3993870047904298,-1.0211390418361983,-0.9273335033806285,1.6779552440882555,0.6714384599735093
1314,19,37,0,-0.6077303567598424,-0.9661471080998979,-1.1809075399251538,-0.6007592486984002,1.74877977852158,0.5889844806915406
1315,20,37,0,-0.14781385708335204,-1.2522526476934202,-1.1024093664879253,-0.19511506891602443,1.6862271292561546,0.5797925197077947
1316,21,37,0,0.3976381259028562,-1.149895319687547,-0.8658607574499387,0.21625891875066697,1.5089261402208693,0.622482059234232
1317,22,37,0,0.863215710056882,-0.7362827234622082,-0.5722612742922274,0.5554876380305709,1.386832034897262,0.5492348339385644
1318,23,37,0,1.0992172288291433,-0.23184859501111343,-0.30455429007492063,0.7592109918149159,1.3896715197697174,0.33305131553307465
1319,24,37,0,1.0382910793160847,0.1096753801785512,-0.10372028437367672,0.7974963102516962,1.3178904797669249,0.2777569513487729
1320,25,37,0,0.7303736092312562,0.12450432011938244,0.03308791017457898,0.6844973393781689,1.00924642788835,0.49443940706114964
1321,26,37,0,0.3275995824100673,-0.1852695701039667,0.13568997639787447,0.47464452999156975,0.620762031335304,0.5788901306881087
1322,27,37,0,0.023302020632263356,-0.6595550218064029,0.23633706633946966,0.24366401321403203,0.7421476748040824,0.46339273054604285
1323,28,37,0,-0.029392806685252158,-1.066488181426863,0.3502248918626724,0.060531266269581656,1.124536565561313,0.36033354025257275
1324,29,37,0,0.21627187577744947,-1.2226586686609087,0.46931154151651117,-0.03868234414433629,1.3279372692462046,0.5202214871794477
1325,30,37,0,0.6792763401573242,-1.0864359896605362,0.5698138019249015,-0.06381940357138634,1.403752182923865,0.6348982555606036
1326,31,37,0,1.1839075804629156,-0.7774126802142373,0.6267401912330139,-0.06411595906901033,1.550136044981076,0.5042277239467359
1327,32,37,0,1.532744590152046,-0.512339211986275,0.6261553368945669,-0.10393894100122594,1.7362808690292837,0.1772968263816016
1328,33,37,0,1.587359203765651,-0.49006167102519416,0.5685664755796699,-0.23050914097711703,1.7709522818005634,0.38048137964724155
1329,34,37,0,1.3217536269189247,-0.7838532709789326,0.46300282801673176,-0.4473968482660059,1.6661314951970483,0.722365334790439
1330,0,38,0,0.7780343095561545,-1.2189497850029385,0.24840601919537944,-0.8020099752955192,1.6721547524231264,0.815305669965178
1331,1,38,0,0.20335100480436163,-1.7169041083268788,0.09720136689765889,-1.0235590282927847,2.011524928622835,0.6176440369155958
1332,2,38,0,-0.2750691951071644,-1.967419477820001,-0.08068796857293063,-1.113482020967577,2.2787617740985775,0.3083972525412112
1333,3,38,0,-0.553454946286392,-1.8247268259126246,-0.29559011009435787,-1.0051621414990712,2.1756986948248667,0.4355042273541056
1334,4,38,0,-0.6192124448768683,-1.3149423266019795,-0.5334453459582118,-0.6833057042603549,1.692326208737261,0.6742392493706524
1335,5,38,0,-0.5382865921805877,-0.6296681103120084,-0.7444155502484484,-0.1942469863986174,1.1305400424761305,0.675355909613046
1336,6,38,0,-0.4105630914567402,-0.03897571100488443,-0.8507151002999189,0.36473427298700045,1.0133254313815028,0.45522130200353483
1337,7,38,0,-0.31819071246683883,0.23489607629480388,-0.7740897710178204,0.8728925391636773,1.2319000993103628,0.28956725613008844
1338,8,38,0,-0.2925746608075652,0.12197106832626183,-0.4728085181013068,1.2201201941454065,1.3463721835383744,0.45115752202679116
1339,9,38,0,-0.31389103440846144,-0.26395703967224055,0.028535860859998263,1.3358851891832253,1.3977140030452115,0.5488584586818963
1340,10,38,0,-0.33892152364988176,-0.6825209931556648,0.6320220441692721,1.2042594954644403,1.5589725789838402,0.47567793439220685
1341,11,38,0,-0.33827326691371146,-0.885225481978367,1.1889584380195546,0.8622943567619826,1.7479206738561588,0.4125564776604302
1342,12,38,0,-0.3201112349464843,-0.737677845015438,1.5459269882164297,0.3851406335311844,1.784618549230705,0.5310400808990192
1343,13,38,0,-0.3261326369938338,-0.28612348573515367,1.597248720229197,-0.134952786145377,1.660615811909544,0.6261600093671106
1344,14,38,0,-0.4018570384786144,0.2641548840426319,1.3229119870811898,-0.6084582188184046,1.5334876627313134,0.5674658719523336
1345,15,38,0,-0.5585786241039878,0.6481077452416824,0.7962752546319269,-0.9626651267074969,1.5142100765963957,0.458329543013329
1346,16,38,1,-0.7502606807731305,0.6695952242134499,0.15814868546301522,-1.1492971242459944,1.5352992346501753,0.5261446993491243
1347,17,38,0,-0.881812207065139,0.2969899718449463,-0.43225128208421737,-1.147595856866367,1.5393548107781565,0.6703185845494962
1348,18,38,0,-0.8488083363530631,-0.32050415442385594,-0.8496881395014263,-0.9652387765347882,1.5738025082586364,0.7011276887963402
1349,19,38,0,-0.59114690871591,-0.9233124260633988,-1.0382338527264234,-0.6378641216730128,1.639134123393291,0.6253919549077148
1350,20,38,0,-0.13363434051278922,-1.2640661799131123,-1.0172927020503306,-0.2258350159265353,1.6436566978015263,0.5745303507935504
1351,21,38,0,0.40949975409866,-1.2226538512535448,-0.8590850441133429,0.19405297805392918,1.5614916457998775,0.5794709061672908
1352,22,38,0,0.872934132388365,-0.8584072112235341,-0.6502243422917824,0.5429313601136743,1.488772345549466,0.5109845243841289
1353,23,38,0,1.1073323007325557,-0.3753540985907508,-0.4554873783596831,0.7581941829141264,1.4660841362023966,0.3348075804709097
1354,24,38,0,1.0457737587529703,-0.01916691814981429,-0.29885711549893046,0.810450369028927,1.3565233139873205,0.2966817297751445
1355,25,38,0,0.7383205984684837,0.0424931352791037,-0.16736308082872242,0.7123430088409837,1.040368173166507,0.47505943498538905
1356,26,38,0,0.3366537991257067,-0.20272963301632396,-0.03206202399652282,0.5142715839572698,0.6480264809538093,0.5456462962282103
1357,27,38,0,0.03309820465569108,-0.6140291377992732,0.12691103296019213,0.286751402926704,0.6902608569123739,0.4422020130437745
1358,28,38,0,-0.02043021987538263,-0.9761193140644391,0.30466377255129,0.0948856096300003,1.0271560749924173,0.36409863787626434
1359,29,38,0,0.22192424055280363,-1.1134394840010178,0.4723632025601971,-0.02546446652511478,1.2299484896798425,0.5165213763381703
1360,30,38,0,0.6789447023901782,-0.9815365981139446,0.5922977643062943,-0.07993729415009557,1.3347608830569826,0.6176722777093518
1361,31,38,0,1.1754710110824194,-0.6892472246103298,0.637483427204929,-0.1105889333942441,1.508445844794697,0.48445558375157904
1362,32,38,0,1.5150295425091396,-0.44049316225838603,0.6043450919654995,-0.17472995207413808,1.6985618290207938,0.16888001299638808
1363,33,38,0,1.5599470295512543,-0.42528397557631825,0.511591402451657,-0.31593817668313934,1.7250634450466162,0.3874983378167133
1364,34,38,0,1.2842879571416488,-0.7154774755310618,0.3866550128575534,-0.5393349411081086,1.6129748455941069,0.739470160802592
1365,0,39,0,0.7129448931288046,-1.1374157709584107,0.17154548258955576,-0.896407615584512,1.6232620005834402,0.8200313855789875
1366,1,39,0,0.1317069655907276,-1.620532443480734,0.05024425392147845,-1.1247917089917179,1.9776635201235298,0.6401138899517098
1367,2,39,0,-0.3573911764559198,-1.8684721933940565,-0.08248319313560826,-1.2316545291934742,2.2677506800633944,0.33804873366529653
1368,3,39,0,-0.6511794655595718,-1.7376292753906928,-0.2545763926776905,-1.1501166042390574,2.197946209104399,0.41251884562229163
1369,4,39,0,-0.7349394065246322,-1.2477205030960374,-0.46932996664924037,-0.8574483772721895,1.747120694855022,0.6457541247062295
1370,5,39,0,-0.6702950882558142,-0.5787270479786686,-0.6873671240696979,-0.3877512880653908,1.1861893297657802,0.6674797933298069
1371,6,39,0,-0.5521131568443755,0.009977655157170329,-0.8307803455452619,0.17376816421151292,1.01258078640711,0.47621574195610744
1372,7,39,0,-0.45865867810892147,0.3001935815482367,-0.8110569481801527,0.7128581518537265,1.210976501532129,0.30116756077730505
1373,8,39,0,-0.41999627853802296,0.21697250738533427,-0.570090250270862,1.1168661122303793,1.3400995295310583,0.4156991468181196
1374,9,39,0,-0.4179363992268224,-0.1376133011631724,-0.11566052980271024,1.3037944578554692,1.3808930447158418,0.5084150899616899
1375,10,39,0,-0.41321871782425235,-0.5359361093237925,0.46652449100247667,1.2410786962798999,1.4885894844121326,0.453668584513936
1376,11,39,0,-0.3813530178553352,-0.7369889503789656,1.0326733316465473,0.9498010446648548,1.630067198476336,0.41416284902648565
1377,12,39,0,-0.33487017630458726,-0.6050375999864192,1.4269939590062815,0.4952978361469109,1.6612766891483866,0.5330312885782696
1378,13,39,0,-0.3183042762365715,-0.17714194941475755,1.5361788381258528,-0.03093890963227365,1.5790818602428052,0.6208606297931125
1379,14,39,0,-0.3782721910666239,0.353350124843094,1.3299538584489672,-0.5317980565099262,1.5230011818025635,0.5526589652256545
1380,15,39,0,-0.5258891884950024,0.72945807493613,0.8708245869829768,-0.9224094572910719,1.5549415390488284,0.4218435315384794
1381,16,39,1,-0.7143935308003124,0.7545453093925819,0.28922093559813367,-1.1427267826642642,1.5713592810627885,0.48621333028508246
1382,17,39,0,-0.847955761341313,0.3876849409013411,-0.26503487048987207,-1.164571698345066,1.515189529318196,0.6579109692482751
1383,18,39,0,-0.8214657728168797,-0.23545822074663245,-0.6743367097527121,-0.9939683468390087,1.47409282688194,0.7206931141984707
1384,19,39,0,-0.5738495684150519,-0.8658317205032687,-0.8870574034821728,-0.6693312242574274,1.5211321508134237,0.6568814109163895
1385,20,39,0,-0.1282436067804481,-1.2571895757355593,-0.9214775151869004,-0.2552432321546458,1.5846898657383999,0.5748328475906936
1386,21,39,0,0.4035700503905286,-1.2789213150246956,-0.8416888560743153,0.16869967996502463,1.5922965264223563,0.5413797425575432
1387,22,39,0,0.8590167888974548,-0.9715450373970141,-0.7194141042174984,0.5234856684792376,1.5727057899520431,0.47502569562836733
1388,23,39,0,1.0908746750231775,-0.5195140932178196,-0.6006275537627855,0.748151685004463,1.5428502363395293,0.33785999730840127
1389,24,39,0,1.03273253234148,-0.1565884457818429,-0.491693873551319,0.8144834501346145,1.4128703339443094,0.3134093979113355
1390,25,39,0,0.7330585500294621,-0.05157957319398179,-0.3689501197940256,0.7336917151556834,1.1020267755033382,0.455269016105196
1391,26,39,0,0.34016455039774074,-0.23088486913216083,-0.2037998226356311,0.5515174339827467,0.7174437900175178,0.5135995047554559
1392,27,39,0,0.042362629408533005,-0.5749066629595214,0.011701835094771098,0.33205459410576943,0.6653641483405835,0.4266116212117439
1393,28,39,0,-0.0115758911872123,-0.8880459300877632,0.2528718197843331,0.13513280862010257,0.9332548464427153,0.37102900779403514
1394,29,39,0,0.22316989570141763,-1.005192411123256,0.4700608701522912,-0.004665646082410294,1.1318991013464328,0.5074428985516921
1395,30,39,0,0.666854614616454,-0.8797850312970745,0.6111756976713589,-0.08907986265777666,1.2649852701454094,0.5922337129954015
1396,31,39,1,1.1476295955402336,-0.6083704200845552,0.6464060022847933,-0.15238887548597327,1.4588458951360785,0.4595698251058531
1397,32,39,0,1.4727078303239611,-0.3790920622639213,0.5815688211178209,-0.2435910673649225,1.646249691561209,0.16669267672287297
1398,33,39,0,1.5068584657342883,-0.3703580720790232,0.45285574774960874,-0.4012477894624212,1.6654926160531365,0.3925167362705089
1399,34,39,0,1.2243065936094368,-0.6515787767268691,0.306002544079927,-0.6311556481859464,1.554180345602413,0.7497206309604882
1400,0,40,0,0.6319178042860851,-1.0531103804831627,0.08894592427270835,-0.9861863104323606,1.5776046403278794,0.8173664716108362
1401,1,40,0,0.0510197704203539,-1.5125656549250623,-0.006548237156372335,-1.218571617807353,1.9430433717671136,0.6610714738384891
1402,2,40,0,-0.44283227372649303,-1.7524402124490965,-0.09670523206981108,-1.3402995413681775,2.252310343483738,0.3781108339948096
1403,3,40,0,-0.7482442706784582,-1.6335805354702468,-0.22556373476228656,-1.2856552043261442,2.220865407295365,0.3952388470603147
1404,4,40,0,-0.848517823741678,-1.1692083463032867,-0.4132995355552073,-1.0252569518775934,1.8190654132647521,0.6092386662959688
1405,5,40,0,-0.8002900984095703,-0.5251784735250679,-0.6318912285112096,-0.5807517855670572,1.2856266300039259,0.6482816775150362
1406,6,40,0,-0.6924426885447923,0.05361688013940764,-0.8053444781982898,-0.024063000157373195,1.0637247779835126,0.4889168199045483
1407,7,40,0,-0.5985966941268267,0.3563203893424022,-0.8373484725016367,0.5388636965598482,1.2152402108026443,0.31740387464389724
1408,8,40,0,-0.5471727001753227,0.3043001837635617,-0.6553814065682239,0.9946478538929642,1.3456766725275853,0.38388983991451087
1409,9,40,0,-0.5216868514933999,-0.013389080394394745,-0.25111440992976053,1.2510712089303109,1.3786130911838992,0.4649620900958013
1410,10,40,0,-0.48698532270926415,-0.3850614260324344,0.30279199412761587,1.2592583883066726,1.436259616706142,0.4263052962137288
1411,11,40,0,-0.42342541709387627,-0.5807072627586987,0.8695110540857374,1.0237129918913452,1.5233344254648233,0.40989898151067944
1412,12,40,0,-0.3475890259272944,-0.46532403048129417,1.2934174823464821,0.5986905761769187,1.5390593795987875,0.5300359376949509
1413,13,40,0,-0.30650079336900604,-0.06638749816333564,1.4557045203081704,0.07343265344164657,1.49091181539531,0.6122467723640929
1414,14,40,0,-0.3478824250265221,0.43738172017983723,1.3168866652464228,-0.4486833878124443,1.4992772333336168,0.538137764610535
1415,15,40,0,-0.4833254451099381,0.8007495908278617,0.9283803225835947,-0.8715194944142629,1.579949254123758,0.38753446169314654
1416,16,40,0,-0.6666179396007107,0.8294403135435373,0.4089881464454259,-1.1236666673445437,1.600702593976394,0.44252884846633583
1417,17,40,0,-0.8026623618409344,0.47383944036567965,-0.102532988611613,-1.1695261199836209,1.4990313677304086,0.6371833591042877
1418,18,40,0,-0.7866525405117675,-0.14591539026921177,-0.4976882795116763,-1.0131759827582116,1.3835941298706043,0.729708214917256
1419,19,40,0,-0.5564314122731484,-0.7949949787665951,-0.7300517950489805,-0.6952994815856017,1.3993033714587535,0.6818751548794761
1420,20,40,0,-0.1320231527855491,-1.231990968990861,-0.8170445361063945,-0.28400131556083047,1.5111089906979156,0.5801098418001032
1421,21,40,0,0.379670898711588,-1.317830852173189,-0.8144731339690328,0.13919173468394253,1.6011149150606403,0.5117551873357749
1422,22,40,0,0.8214102677585224,-1.0736988957566858,-0.7788959174543056,0.4960817801905265,1.6371683265908368,0.4447952830857641
1423,23,40,0,1.0498171062248092,-0.6617334582927844,-0.7372937623997956,0.728207103138314,1.6167544041941257,0.34226128366538267
1424,24,40,0,0.9991064136296931,-0.3001817794111751,-0.6783020011790762,0.8090336991363242,1.4842344348478749,0.3262656159998111
1425,25,40,0,0.7145104166375035,-0.15624604308752302,-0.5673716880487775,0.7482645020275214,1.190272388513579,0.4345718004732274
1426,26,40,0,0.33813399501353847,-0.2696529880726205,-0.37580403536134777,0.5862592028709979,0.8197413363403847,0.483565069403758
1427,27,40,0,0.051308883658269015,-0.5434889971381748,-0.1068472744675601,0.37948604871134717,0.6733787142316082,0.41736798720285867
1428,28,40,0,-0.0022991825816638307,-0.8045490361120089,0.19582913263023422,0.18119396951047112,0.847634792539203,0.38066897615603595
1429,29,40,0,0.22087850836904488,-0.9005733831557988,0.46228535427400197,0.023741180647581645,1.0363836771885189,0.4935605306777833
1430,30,40,0,0.6441303598584547,-0.7836657216533849,0.6259653736326386,-0.09093240084644288,1.1954652794191265,0.5591595380653722
1431,31,40,0,1.1015959428616242,-0.5368038586979473,0.6534468461040578,-0.1887310606237732,1.4015292355030315,0.43029199472184076
1432,32,40,0,1.4068957659724812,-0.3297111168274022,0.5586885647086224,-0.30916485677360056,1.5798040821161619,0.17192782091139452
1433,33,40,0,1.4289869428591382,-0.32663768840054347,0.394169692253754,-0.4845188093857995,1.5933687850857403,0.3958543331151191
1434,34,40,0,1.142468152303739,-0.5935375750931553,0.2233718841427731,-0.7204746839253331,1.4921458041621078,0.7525468582794559
1435,0,41,0,0.5359657952325997,-0.9675101537770722,0.0029848525828778736,-1.0686106693867725,1.5379443759100113,0.8068850886259781
1436,1,41,1,-0.037806943901373756,-1.3947247904126059,-0.07136815049470845,-1.301908768419984,1.9096456373349806,0.6787452106083701
1437,2,41,0,-0.5303362662482816,-1.6209894597410228,-0.12243977045405342,-1.4361691611728464,2.2330330809870285,0.423558653417809
1438,3,41,0,-0.8432053143638282,-1.513865753108098,-0.20846234140028955,-1.408207138038214,2.2426075474787868,0.3869314546461482
1439,4,41,0,-0.9579930601962621,-1.0801649377958338,-0.365683142409947,-1.1828091788279782,1.9019118566301139,0.566766375654499
1440,5,41,0,-0.925831611641367,-0.4694077301335889,-0.5781876854281255,-0.7690890682305789,1.4153822044508446,0.6183952899456286
1441,6,41,0,-0.8287765466366979,0.09151991598049738,-0.7740211079768506,-0.22467181541930906,1.1596691595078519,0.49278868499688117
1442,7,41,0,-0.7351069207752644,0.4023318655144157,-0.8517938346069752,0.3544634016825472,1.246374805099501,0.33545838917471443
1443,8,41,0,-0.6712889314036221,0.38216257179579927,-0.7268263619661656,0.8560068947722641,1.3629752107258672,0.3579303305699798
1444,9,41,0,-0.6225647315782582,0.1060861072804908,-0.37559246747076497,1.1789198399441048,1.3891590253810568,0.42029048635105254
1445,10,41,0,-0.557978680208985,-0.23300598337684095,0.14307201370469122,1.258634979255548,1.4036607880710705,0.39441323498049297
1446,11,41,0,-0.4626472274799266,-0.41941347257587064,0.7014454362133747,1.0827982247279544,1.4333275318403658,0.4001421822508746
1447,12,41,0,-0.3568835528124549,-0.3209917378293616,1.1467365284229438,0.6935607744565206,1.423528285460808,0.5222282500384379
1448,13,41,0,-0.28986007167676375,0.044487564339594256,1.3568578067686226,0.17648061291828124,1.3993593244975706,0.6003683262606446
1449,14,41,0,-0.31039215817671106,0.5152564440920383,1.2841730927775075,-0.3602583744902228,1.4631196545874348,0.5240150996425587
1450,15,41,0,-0.43114174173690106,0.8612330110508959,0.9687308737368715,-0.8104257241020484,1.588343432891342,0.35723372644394735
1451,16,41,1,-0.6076242720890517,0.8933222490974245,0.5164429062046767,-1.09196434425946,1.6205959710141686,0.3965746578050174
1452,17,41,0,-0.7468444706912564,0.5540551743869725,0.05341657318581845,-1.162063815567762,1.4892949477554482,0.6087539377431693
1453,18,41,0,-0.7452329985516187,-0.05357231851681842,-0.3222320871094299,-1.0226021496321442,1.3068247356997365,0.7280694824614196
1454,19,41,0,-0.5394614034131222,-0.7123165322896299,-0.5698981785602741,-0.7158969330077763,1.278947145335505,0.6993138486353334
1455,20,41,0,-0.14510508031044836,-1.189196230089232,-0.7061834265835025,-0.31266040050872507,1.425375289535299,0.58928901731562
1456,21,41,0,0.33809423853143283,-1.3388833959345592,-0.7784167423057874,0.10471740487603486,1.58865188811877,0.4935513261974812
1457,22,41,0,0.7606753153731369,-1.1631156974705563,-0.8279397801977663,0.4599016711417669,1.6818022737151224,0.4235311339363018
1458,23,41,0,0.9847632834973272,-0.7994483970141132,-0.8629883466438036,0.6977472500795758,1.6853713464543914,0.34778952550184195
1459,24,41,0,0.9453487223146763,-0.4473445449207913,-0.854870212304994,0.7937649918161317,1.5667377862206648,0.33402110106480837
1460,25,41,0,0.6829081883865173,-0.2696754561069121,-0.7583481968212467,0.7559232310848619,1.2983067296704736,0.4123290201076929
1461,26,41,0,0.3306598647659028,-0.3185146552291739,-0.5442801988999704,0.6183970794813775,0.9431030773931623,0.4559825574130971
1462,27,41,0,0.06010965345251128,-0.5206493719114135,-0.22615159692170758,0.4288560203333771,0.7139684656035944,0.414189869791796
1463,28,41,0,0.007886185537143538,-0.7275273650336455,0.13466790544115104,0.2327851461206926,0.7756820404040979,0.39222592268926654
1464,29,41,0,0.2160094420179622,-0.8018877001023554,0.44901869281054274,0.05952283541027813,0.9459623232692327,0.4757933963596249
1465,30,41,0,0.6122091267674659,-0.6953031047616021,0.6361929522527167,-0.08543667578909662,1.1270702375870039,0.519413237748554
1466,31,41,0,1.0391268832985943,-0.47617149812006526,0.6584592407035446,-0.21903210866342387,1.3371864535318894,0.3976003167537322
1467,32,41,0,1.3194122381904916,-0.29350642014338874,0.5364332640160224,-0.3702132185504158,1.5006042605845724,0.18407135011545148
1468,33,41,0,1.3279638434502448,-0.29510194965706776,0.3372448083542008,-0.5638749438972663,1.5107157718510638,0.3977652470736292
1469,34,41,0,1.040079185520599,-0.5424944834582696,0.14111359860221268,-0.8049075085213485,1.429634261522981,0.7476026428592598
1470,0,42,0,0.4265561200611383,-0.8820222459696008,-0.08383078122755899,-1.141034089069095,1.5062867450275972,0.7884481878473154
1471,1,42,0,-0.13360696059341748,-1.2688739788176842,-0.1420797809066375,-1.3719456981231428,1.8789128922812541,0.6916346955371168
1472,2,42,0,-0.6187470436110575,-1.4760820526455438,-0.15829798405235246,-1.5161969621172653,2.2103342755810416,0.47023706381196667
1473,3,42,0,-0.9346183253883887,-1.3801061153417358,-0.2026711192422906,-1.5144063724213084,2.2611294848284653,0.3898433695109468
1474,4,42,0,-1.0614447030167664,-0.9816019959332043,-0.32639314926347573,-1.3263603552796897,1.9889624470879774,0.5211470252087383
1475,5,42,0,-1.0445057288634227,-0.4118875718989252,-0.5262402127828073,-0.9486949850466764,1.5612797717628029,0.5789112851829632
1476,6,42,0,-0.9583461890025982,0.1233482693497868,-0.736451131371837,-0.4239292184745261,1.2867472419642767,0.48772375049829736
1477,7,42,0,-0.8652901370208821,0.43746675224572323,-0.8534581492295296,0.16340229889888006,1.3019966606400228,0.35311218714749354
1478,8,42,0,-0.789538086778178,0.44893767369944776,-0.7829144544868494,0.7038020774380709,1.3903984438248638,0.3400084462862613
1479,9,42,0,-0.7180187793997449,0.21823618942028494,-0.4871884762413527,1.0889315087427118,1.4093624246652938,0.3769218511222314
1480,10,42,0,-0.6239968858145619,-0.0829839526373191,-0.010584535241807181,1.2394245989816872,1.3901596379009087,0.3592902267292888
1481,11,42,0,-0.49722095823467244,-0.2563673376024136,0.5304490099469875,1.1261228725070718,1.364727727143577,0.38554249320045364
1482,12,42,0,-0.36141771309321796,-0.1747454673574515,0.9886878067124145,0.7783140235073766,1.3207706235488248,0.5100120495002745
1483,13,42,0,-0.2675823584579784,0.1536687477113663,1.2410195676036408,0.2765345763284134,1.3083636121741449,0.5854817510839655
1484,14,42,0,-0.2656041181322289,0.5859768545092943,1.232700030318593,-0.26779052202871156,1.4160422133627502,0.5104177264685531
1485,15,42,0,-0.36974269675901844,0.910306085781166,0.99208751289358,-0.7397681751729781,1.580146011561902,0.3327457546496471
1486,16,42,0,-0.5382959893657177,0.9454488664796834,0.6109404638611121,-1.0476993390968605,1.6292815247285426,0.3501230888002594
1487,17,42,0,-0.6816049539080112,0.6270969031733749,0.20124365587167586,-1.1419799561289927,1.4840663962203822,0.5734429040320392
1488,18,42,0,-0.698183492513356,0.03988027870662482,-0.1502998101914443,-1.0220857559770602,1.2475175154532494,0.7160000144369927
1489,19,42,0,-0.5234608515115994,-0.6195007127090424,-0.40923322365226955,-0.7312297373279458,1.1661737247107677,0.7086222377818078
1490,20,42,0,-0.16736198518154038,-1.1298711912104034,-0.5911478320891381,-0.34162710527444434,1.330707999995869,0.6010467943780192
1491,21,42,0,0.2795975687801898,-1.341957503185906,-0.7346570590233038,0.06470942605878935,1.5565773495134674,0.4883336049684122
1492,22,42,0,0.6779718455943912,-1.2383256925244388,-0.8660403949564106,0.41442892587400737,1.7073001038136604,0.41351569172527775
1493,23,42,0,0.8969293105144066,-0.9301852339085316,-0.9754595635838041,0.6564626946020868,1.7470521992867463,0.3540075880387799
1494,24,42,0,0.8724112415336049,-0.5953399925128483,-1.0177988716549808,0.7685903109395419,1.6559518985319885,0.33587636703520257
1495,25,42,0,0.6387820700599536,-0.389716792269181,-0.937726875083542,0.7566771247562033,1.418384177361662,0.3879170784939078
1496,26,42,0,0.31792700020351927,-0.3765249110921507,-0.705449536288599,0.6478500055436207,1.07713381901416,0.4309223084762828
1497,27,42,0,0.06888431369859759,-0.5068097275399932,-0.3435429224521483,0.4798650230165412,0.7809566751648374,0.41581537752295966
1498,28,42,0,0.019399054723438416,-0.6584474514748971,0.07065305037461053,0.2894115537501968,0.7229662998019273,0.4046630601926063
1499,29,42,0,0.20957438694787606,-0.711027682013881,0.43035420866912655,0.102181537594104,0.8632077384957437,0.4553967695683351
1500,30,42,0,0.5727909902737685,-0.6164013632212835,0.6414126512292055,-0.07279923452061114,1.0605423503205924,0.4744303886183349
1501,31,42,1,0.9624674119890123,-0.427650436556861,0.6612179614802123,-0.242929913760867,1.267064540823399,0.3628138321931898
1502,32,42,0,1.2127255721164956,-0.27117774677721584,0.5153779158042858,-0.4256552183964618,1.4110412625644078,0.20127489277200475
1503,33,42,0,1.2061157816763748,-0.2763249308178197,0.28364225722407194,-0.6375406390663125,1.42055684248978,0.39841078529944823
1504,34,42,0,0.9190647073551749,-0.49931969218614397,0.06152940952229353,-0.8821446079859236,1.3696587417840693,0.7348053493335517
1505,0,43,0,0.30557714799700314,-0.7979531070318773,-0.1689454949193413,-1.2009857821841776,1.4835821459096532,0.7622378882677118
1506,1,43,1,-0.23497655842457904,-1.1369804604817926,-0.21629356806169248,-1.4260501109401653,1.8515778074452516,0.6985784944907925
1507,2,43,0,-0.7068354734792271,-1.3199352716250532,-0.20247131872489035,-1.577592052522488,2.1844076604280662,0.5149879417621562
1508,3,43,0,-1.0210764960981602,-1.234226353081854,-0.2071100913004474,-1.601186436751272,2.2743360562327952,0.4044055369233869
1509,4,43,0,-1.1570396204061324,-0.8747657945583364,-0.29494051828487494,-1.4524400206014256,2.073771395619504,0.4760938340035188
1510,5,43,0,-1.1539920699379211,-0.3531726460479288,-0.4758246390575652,-1.1156912437383681,1.71102444572976,0.5314436216979513
1511,6,43,0,-1.0784662487736472,0.14884961931762097,-0.6923133757633674,-0.6177611569983588,1.4304447966530283,0.4739985773051006
1512,7,43,0,-0.9863250549201502,0.4611602555628043,-0.8416604581108972,-0.030470301805822223,1.3765270289077405,0.3687607567987232
1513,8,43,0,-0.8991985055450439,0.5032072841878577,-0.8225058268182397,0.5411436166510472,1.425176400389191,0.3317354274752121
1514,9,43,0,-0.8055968194162453,0.3205965409400621,-0.5843529966957457,0.9830470656433983,1.435137044164667,0.33829971401691133
1515,10,43,0,-0.6829467328738287,0.061759731348270265,-0.15635273937999328,1.202217190047906,1.3928398527890986,0.32287899847734736
1516,11,43,0,-0.5254576206555761,-0.09497898266631481,0.35846586316755086,1.153070431018619,1.3203014474729886,0.36705297705114337
1517,12,43,0,-0.35995872390323247,-0.02947687176725144,0.8211805977139225,0.8515511596396084,1.2368977809134363,0.49400272576379184
1518,13,43,0,-0.23897271856861954,0.25922049349346077,1.1098953471151456,0.37196362413886663,1.2225088317461923,0.5680318266385186
1519,14,43,0,-0.21344341191915917,0.6485611644296535,1.1637564200190311,-0.17265710483220714,1.3602680453067297,0.4974890281065557
1520,15,43,0,-0.2996852805159714,0.9475220045273948,0.9990686606347416,-0.6604019972983289,1.556238478871303,0.3155623125569331
1521,16,43,0,-0.4596911167559792,0.9853039340118516,0.6921963335313681,-0.9912028607235427,1.6259639111814241,0.3053609940880194
1522,17,43,0,-0.6082053186242834,0.6919143332347575,0.33966251293829336,-1.10928244198488,1.4813970814505002,0.5322895991168092
1523,18,43,0,-0.6465591287021657,0.1327918413308647,0.01597087498336646,-1.0115759952944794,1.2079790739644027,0.6940603184070038
1524,19,43,0,-0.5088810264983455,-0.5184045804147885,-0.25060079328672574,-0.7413750104689838,1.0677737924620856,0.7096877397263119
1525,20,43,0,-0.19840375282789116,-1.0553964834422782,-0.4742106236478938,-0.37113666024453906,1.2311961348853047,0.6140349877509714
1526,21,43,0,0.20538669308774515,-1.3273100703648228,-0.6844674111206352,0.018884475566022973,1.5075768560484666,0.49572728593380483
1527,22,43,0,0.5750272223237423,-1.2981743997850548,-0.8929316630262506,0.35948936622488253,1.7153637042721406,0.4153033953212654
1528,23,43,0,0.7881078870477307,-1.0516170411934493,-1.0727577603430785,0.6043789495163789,1.8008596752523842,0.36035417645583334
1529,24,43,0,0.7817142248614342,-0.7413618394196743,-1.1637892173098767,0.7336881098022785,1.7473975194815894,0.331455059268365
1530,25,43,0,0.5829412546736806,-0.5139518334324359,-1.101584304270706,0.7506857495452384,1.5430437671935813,0.3608995277734615
1531,26,43,0,0.3001966179059907,-0.4423386639473122,-0.8556407752136598,0.6745517974054426,1.2136402953989434,0.4081661145408355
1532,27,43,0,0.07768832263175039,-0.5019333111586943,-0.45633115360325144,0.5321005893306346,0.8656452409844049,0.4203112942797048
1533,28,43,0,0.0325698485515443,-0.5983094831264274,0.005158448110814641,0.35036909879114597,0.6941326585086709,0.41680915318649386
1534,29,43,0,0.20259834495883605,-0.6294256689790718,0.4065039012504146,0.15095951089752652,0.7907319127315142,0.4339278775900591
1535,30,43,0,0.5277807454007043,-0.548199402664079,0.6412272462113179,-0.05349071637878378,0.9965484124313488,0.42625612624965137
1536,31,43,0,0.8742795455318223,-0.3919371126121674,0.6614310390309932,-0.26029603557907033,1.192989718945596,0.32771721259571684
1537,32,43,0,1.089880337887176,-0.26294647120444375,0.4959295883836359,-0.4745997791329906,1.3145992182484287,0.22124324291938455
1538,33,43,0,1.066400425230492,-0.2704584783533873,0.23472711382300054,-0.7038963173027376,1.3269983040384927,0.3978497786924116
1539,34,43,0,0.7819196203353908,-0.4645915587407743,-0.013198690121662244,-0.950026010691642,1.315282188555075,0.7143764027276869
1540,0,44,0,0.17529177822823744,-0.71648132379432,-0.2498379768625739,-1.2462549329209698,1.4695724097073657,0.7287888167767661
1541,1,44,0,-0.340307194554428,-1.001072711944892,-0.29144876717970647,-1.4619039284012243,1.8275833882566639,0.6987884185932567
1542,2,44,0,-0.793328937931421,-1.1549738557381726,-0.2528005399129413,-1.617928250689763,2.1552112074129552,0.5554685830290151
1543,3,44,0,-1.1012476318776223,-1.0784135690625352,-0.22026909977207912,-1.6658691461095885,2.280210661524184,0.4291210476472723
1544,4,44,0,-1.243083177353579,-0.761111664142711,-0.2704641999243994,-1.5579422869724642,2.150553836594493,0.436327603118402
1545,5,44,0,-1.2521293418790118,-0.2938902712876024,-0.42652543646318103,-1.26648276497652,1.8547511753021069,0.4782568735849755
1546,6,44,0,-1.1866096759582248,0.16785978770637605,-0.6413362323018547,-0.8022426280397458,1.578329759116823,0.45224815925190764
1547,7,44,0,-1.0955462909600644,0.4730535517270145,-0.8159864639434544,-0.22328834226491379,1.462768926238267,0.38130634433081845
1548,8,44,0,-0.997709098607326,0.5437875273399042,-0.844847833711974,0.37132235443434136,1.4638225552862507,0.33351948071233817
1549,9,44,0,-0.8830160028069975,0.41087095085720854,-0.6659133176321048,0.8635124509858795,1.4620624128534976,0.30878796172398665
1550,10,44,0,-0.7329087486074449,0.1980269230583114,-0.29265622064414565,1.1479621055998166,1.407065938545935,0.2880252275905024
1551,11,44,0,-0.5458365982042149,0.06127432054894592,0.18738669804327188,1.1633537504300104,1.3000760968270342,0.3459653309016287
1552,12,44,0,-0.3514296555673535,0.1118069305050576,0.646268747019606,0.9120956369927211,1.1771088891502777,0.4750060561962988
1553,13,44,0,-0.20348136943414938,0.35913368041966004,0.9654842573944125,0.46120472158883075,1.1468440672606013,0.5486282035658451
1554,14,44,0,-0.15397937181095642,0.7020652409800502,1.0790015794814305,-0.07632797861917906,1.2987207622807855,0.48539071366028225
1555,15,44,0,-0.2216780284674107,0.9725950950966964,0.9906736069036446,-0.5733970581333374,1.518321688247518,0.3064845150195305
1556,16,44,0,-0.37302013129061745,1.0126015747886614,0.760273507105952,-0.9230713161567841,1.6107707558591784,0.26507180927487806
1557,17,44,0,-0.5280304670511415,0.7476579270891603,0.4676792920149774,-1.064209966726739,1.479552406484361,0.48658832978357686
1558,18,44,0,-0.5914588281372438,0.22358318326248422,0.17466534584993343,-0.9911437454612501,1.1885650560348389,0.6631670258604425
1559,19,44,0,-0.49608279410052253,-0.41099866225113507,-0.09640824545762754,-0.7463777215133578,0.9906524576956813,0.702848516877586
1560,20,44,0,-0.23758152922871245,-0.967435660791939,-0.3576202420815843,-0.4012342286329542,1.1319266250847544,0.6270538075883529
1561,21,44,0,0.11708611772048833,-1.2955679643954812,-0.6292317681900622,-0.032728349662684224,1.4454097247154323,0.5135523300005216
1562,22,44,0,0.45408874144556427,-1.341846554479899,-0.9085951061687945,0.29527981783375046,1.7086497589181373,0.4274870941233806
1563,23,44,0,0.6606163099690957,-1.1616166150010845,-1.1532836377464168,0.5418769758869604,1.8464725493041505,0.3662434228462853
1564,24,44,0,0.6751032391266167,-0.8826016271534464,-1.2899250066134171,0.6895109053440857,1.8368673950528398,0.3208168268742733
1565,25,44,0,0.5164469750853342,-0.6397568238684603,-1.246323856881667,0.7382582523578632,1.665639419312575,0.33121144819446025
1566,26,44,0,0.27779374106833554,-0.5142494692660449,-0.9913806103362603,0.698447883205611,1.346212033567612,0.38735755972633384
1567,27,44,0,0.08650484864564438,-0.5055330997968293,-0.561868079766255,0.5850385884767139,0.9596940621346165,0.42549329256643387
1568,28,44,0,0.04762243479962692,-0.5476297957520763,-0.060360715095333604,0.4147533866367668,0.6912525422341628,0.4274608575267855
1569,29,44,0,0.19608024816092923,-0.5580236472466251,0.3778027555468356,0.20485259743549136,0.7311206216351218,0.4131648073268218
1570,30,44,0,0.47922343003727186,-0.4914423461414254,0.6353086435755174,-0.02823607685727096,0.9357270029852351,0.3777657520593378
1571,31,44,1,0.7775582763869245,-0.36922994516630736,0.6587556904046684,-0.271240114938554,1.117344121198895,0.294720790819902
1572,32,44,0,0.9544062965870357,-0.26854930703506985,0.47832066830287007,-0.5163721871851392,1.215911594935284,0.24188217617498303
1573,33,44,0,0.9123227184558844,-0.277228818935091,0.19163020062746772,-0.761529250539432,1.2352479483401513,0.39605245095342007
1574,34,44,0,0.6316423939527747,-0.4385849987720825,-0.08107504785471045,-1.006612670223827,1.2693191664140608,0.6868855767423214
1575,0,45,0,0.03827895678232999,-0.6386352762889544,-0.32410292150394926,-1.274969241543472,1.4628429735492268,0.6890214580355337
1576,1,45,1,-0.44782488099253037,-0.8631977133092756,-0.364902155218299,-1.477585872595089,1.8061204306673146,0.6918635614042754
1577,2,45,0,-0.8769426634826616,-0.9837768485331948,-0.30685667308703085,-1.6352255796328692,2.122491233633172,0.5899621926281511
1578,3,45,0,-1.1739096037352432,-0.9150684635848078,-0.24027103717041362,-1.7062446363703592,2.2769310444620103,0.46121023734715116
1579,4,45,0,-1.3180669994062868,-0.6422717362059917,-0.25177346907466824,-1.6402073200246938,2.2143810716417875,0.4073164779232542
1580,5,45,0,-1.3369770393985712,-0.23472771852795826,-0.3777599631359331,-1.3978433751759958,1.984760287036243,0.4225058667888835
1581,6,45,0,-1.2804791746230098,0.18030408818600732,-0.5833099612413679,-0.9736867364190813,1.7205966559370214,0.42345633503154445
1582,7,45,0,-1.1905186991708057,0.47299957553828864,-0.7762954992499251,-0.4112553898964844,1.5533283842798173,0.3900367489515479
1583,8,45,0,-1.0827407458134335,0.5697549821971951,-0.8495818475047744,0.1977360192621554,1.5026100995622333,0.3443053389400401
1584,9,45,0,-0.9482285649229278,0.4869861408991268,-0.7310834716979008,0.7328276854432969,1.4858709136077919,0.29295655670386944
1585,10,45,0,-0.7721973649001755,0.3227449911672232,-0.4181825626401334,1.077945616715341,1.4273389604345534,0.25874204862973293
1586,11,45,0,-0.5570607189480226,0.2089360282095973,0.019026345116407578,1.1570195295434362,1.3011637491231811,0.32394204946088717
1587,12,45,0,-0.33495773724047523,0.24606104227630507,0.4661202259133981,0.959016165629491,1.1444312094694067,0.45399055975275937
1588,13,45,0,-0.1607403902905914,0.4513781910542072,0.8100415436017533,0.5427905029880785,1.0864476871552087,0.52801687464672
1589,14,45,0,-0.08744422532880107,0.745606129635997,0.9804248183993624,0.019655159027439487,1.234987507185373,0.4743047582143235
1590,15,45,0,-0.13657718846304018,0.9854037184442448,0.9682465387065884,-0.48003109200131233,1.4688788328985731,0.3053377942936294
1591,16,45,0,-0.2796208381569807,1.0272846721990623,0.8155599577025839,-0.8441727563463656,1.5846978570162857,0.23276010276891543
1592,17,45,0,-0.44255106952862816,0.7936883764856957,0.5845904639464459,-1.007244978345221,1.4771869025442306,0.43795592831034563
1593,18,45,0,-0.5339898613626849,0.31077403389315567,0.32411339203666373,-0.9609919520353705,1.1875523967196677,0.6246235171337667
1594,19,45,0,-0.4853190853076665,-0.29932664948744325,0.05111188908333761,-0.7462516931841485,0.9405504093046395,0.6888868526790347
1595,20,45,0,-0.2839989333038734,-0.86789744274456,-0.2435589938629194,-0.43176512727492733,1.0390589366645844,0.6391557942632278
1596,21,45,0,0.016697868498537813,-1.2477108359536369,-0.570417165337034,-0.08977120683602664,1.374953003217365,0.5385777214517921
1597,22,45,0,0.3178616977599294,-1.3688814978341122,-0.9132618772738729,0.2223837632883818,1.6906727680634974,0.4472435157551998
1598,23,45,0,0.5172298866051886,-1.2583044190209693,-1.2158272550524807,0.4697020158361787,1.8840681156302006,0.3711547294753218
1599,24,45,0,0.5547942188646386,-1.0163167562500006,-1.3937443719694158,0.636785575279136,1.9206029307486099,0.3044988456404429
1600,25,45,0,0.440578746033764,-0.7643710242256196,-1.368765420893077,0.719848761124893,1.780470081315059,0.2993768103732414
1601,26,45,0,0.2510932816304117,-0.5902403892332919,-1.1094804100504045,0.7194927964763108,1.4697102495489078,0.36819727686503345
1602,27,45,0,0.09523899468722982,-0.5166956439814947,-0.6576116742582857,0.6380492141092565,1.0562219313973324,0.42929299069923366
1603,28,45,0,0.06465949098828015,-0.506440337230825,-0.12439893529494361,0.48147612060926265,0.7127110317434382,0.4354666412711783
1604,29,45,0,0.1909545092786176,-0.49726023379718276,0.34470963830386936,0.2626326234065837,0.6866818727379334,0.3949498632181676
1605,30,45,0,0.42923557172692306,-0.4463702898431569,0.6234177391483392,0.0020040760604808534,0.8787168517196455,0.3329694118822377
1606,31,45,0,0.6755372110689501,-0.3592288921172433,0.6528178048470292,-0.27610613591817657,1.0429772792767624,0.26697518980404344
1607,32,45,0,0.810212225452771,-0.2872480459702724,0.4626094498281879,-0.550533577247544,1.1207363708447176,0.26154261372507087
1608,33,45,0,0.7478339720858452,-0.29594702932673933,0.15521855520311117,-0.8092784523849362,1.151461986930925,0.3929383572780871
1609,34,45,0,0.4716528952997868,-0.42126993681329017,-0.14035061722566977,-1.0502524120426058,1.2339583615601795,0.6533034160942569
1610,0,46,0,-0.1026350325098636,-0.5652760984004237,-0.3895293671751917,-1.2856652485567097,1.4610746991716057,0.6442838921236353
1611,1,46,1,-0.5556351298094914,-0.7253784207169259,-0.4340198343122697,-1.471644846515069,1.7857816276272427,0.6777927021053255
1612,2,46,0,-0.9564119094992926,-0.8090203796076944,-0.36203107388397143,-1.6280214641731823,2.0858470944723715,0.6172446404565111
1613,3,46,0,-1.237982991254502,-0.7467502659977973,-0.2649473802714519,-1.7206403015994034,2.26297105774776,0.4974727510056863
1614,4,46,0,-1.3807117727027005,-0.5200168115667321,-0.23740167662228392,-1.6970917193213029,2.261252383844818,0.39414902255122986
1615,5,46,0,-1.4068713577236194,-0.17641633238149687,-0.328809539771412,-1.506991643756385,2.095125119726814,0.36864688560564857
1616,6,46,0,-1.3580727689117913,0.1861980636225679,-0.5180992977176783,-1.1287265886788842,1.8497248332773057,0.38896724249255105
1617,7,46,0,-1.269105870233559,0.46106502461012266,-0.7227216706592481,-0.5907277623159479,1.641492177621116,0.3945267055548813
1618,8,46,0,-1.1522616729138468,0.5804678026098491,-0.8367405489763795,0.023814289493955965,1.537969993016222,0.3619136937274898
1619,9,46,0,-0.9994811849464075,0.5471424541516916,-0.7794644318004733,0.5936907264750998,1.5027844101339278,0.29375604766834523
1620,10,46,0,-0.7994144094036416,0.43304462077710176,-0.5318916514788451,0.9937609312027272,1.448123115913824,0.24005317217073774
1621,11,46,0,-0.5581047589154576,0.3446604376957422,-0.14489610025788954,1.1344452858169347,1.31842054201947,0.3030159216284392
1622,12,46,0,-0.30991669345087275,0.37028452469108747,0.2829847059960773,0.9916441866599361,1.1386823625881624,0.43204855353323424
1623,13,46,0,-0.11059539549681631,0.5339590171995767,0.6460355932354629,0.6153759580602606,1.0456544032516264,0.5070458408772524
1624,14,46,0,-0.014247714864643548,0.7783864176540304,0.8702973918620507,0.11370287496707751,1.1732153709463602,0.46443645760656505
1625,15,46,0,-0.04537967446463156,0.9859903243502102,0.9334320106668658,-0.38177613249339026,1.4111288277283358,0.31100395477123366
1626,16,46,0,-0.18093087384637077,1.0295175290952445,0.858737397710262,-0.7556455953503715,1.5495394502315194,0.21228778759444425
1627,17,46,0,-0.35328471283881274,0.8295796887459408,0.689972725723183,-0.939120748920209,1.473439069523999,0.3884515324210832
1628,18,46,0,-0.4752330714012144,0.3930063665307928,0.46290282561161633,-0.9214644079773443,1.2015307559173938,0.5801697952861391
1629,19,46,0,-0.47672092710058706,-0.18546499625796425,0.18993428975700774,-0.7409845728574141,0.9202137136615567,0.6690229168483247
1630,20,46,0,-0.3365303681340012,-0.7588930404073934,-0.1341040671110137,-0.462374327211098,0.9596589262518296,0.6496881584715902
1631,21,46,0,-0.09345017301901137,-1.1850456105668807,-0.5095443778993429,-0.15155407341175212,1.3021789985165777,0.5673836321527703
1632,22,46,0,0.1694348408656755,-1.3791796647203607,-0.9074081996099302,0.14177306500740727,1.6656331995845524,0.4712487868904303
1633,23,46,0,0.3611027794186655,-1.3400902484671897,-1.2595966891930674,0.38896013874146995,1.9141867464530886,0.37470330875127794
1634,24,46,0,0.4233084544067079,-1.1398973306571665,-1.4732999425028523,0.5765050861720198,1.9953763572250336,0.2836010941639936
1635,25,46,0,0.3567949096772128,-0.8849701763427985,-1.4662249909962222,0.6960479645161511,1.8827568387119786,0.26680673129750737
1636,26,46,0,0.22050530172673657,-0.6680453438385164,-1.2071168447516145,0.737648523002556,1.579925184901129,0.35064620056944074
1637,27,46,0,0.1037149081295656,-0.5341194349789417,-0.7411892385294566,0.6904075847847148,1.1498106250294817,0.4299990381446183
1638,28,46,0,0.08365193141423301,-0.47430487723897347,-0.18543399787468745,0.5492885543380336,0.7537018281101392,0.43979205615848616
1639,29,46,0,0.18805477710945084,-0.4470751854648991,0.307804550485296,0.3228779695277946,0.6589648284681101,0.3809377295115791
1640,30,46,0,0.3799343296605611,-0.4127244991141759,0.605422775420831,0.03606053932768353,0.8261529558856112,0.2972091392018039
1641,31,46,1,0.5715867998774031,-0.36115185681020534,0.6432342267835451,-0.2754606218344346,0.9730215609937882,0.24816741923616376
1642,32,46,0,0.6614678341293159,-0.3178549602591295,0.4486879205183585,-0.5768927780137395,1.0357111560143395,0.2790474812601652
1643,33,46,0,0.5772168173355011,-0.3255329961552349,0.12607536702352254,-0.8462721480279924,1.0822303509414055,0.388435450946924
1644,34,46,0,0.30569676520019845,-0.4123197493779357,-0.18957501162373308,-1.0796382819342958,1.2103782850130473,0.6150666081431361
1645,0,47,0,-0.24445350902236723,-0.4970862586538389,-0.44417301224946365,-1.2773480401327044,1.4614239450130282,0.5964084736212345
1646,1,47,0,-0.6617721648011157,-0.5895724917037639,-0.49626909132943003,-1.4431616046675566,1.7648049606896834,0.6569503576561779
1647,2,47,0,-1.0305240483400973,-0.6334178878795661,-0.4156315743704734,-1.5954292690346894,2.044833047708129,0.6364991881808327
1648,3,47,0,-1.2925598847353568,-0.5761168763354954,-0.2919234090131783,-1.7079765097089377,2.2371912625596067,0.5348877518585932
1649,4,47,0,-1.4300037148592077,-0.3962134268200657,-0.22566951450564532,-1.727025847697919,2.2881085447368017,0.39951780019459276
1650,5,47,0,-1.4604735666124509,-0.1197129541143974,-0.27885625021378546,-1.5916549529286304,2.181385002153912,0.3229517997849882
1651,6,47,0,-1.417741499802245,0.1856476033765759,-0.4456559412418407,-1.2643880611866638,1.9600363211268579,0.35053084762363745
1652,7,47,0,-1.3295307664678182,0.4375285845673098,-0.6556692545058427,-0.7582924332866753,1.7216250773562902,0.3945665788440802
1653,8,47,0,-1.2045949091728816,0.5755813402958154,-0.8067360377910646,-0.14705554031282697,1.5667773106314355,0.3837099092930041
1654,9,47,0,-1.035366220176226,0.5898593978148747,-0.8110348595332699,0.44893757608086243,1.509715141895332,0.3106945057104799
1655,10,47,0,-0.8134942996731858,0.5263345758219344,-0.6330171496222511,0.8972715083628282,1.4644479959158694,0.23653301823123749
1656,11,47,0,-0.5482558007748001,0.4653025060559843,-0.3027744348693004,1.0963289568552739,1.3456226756691467,0.28548942590218
1657,12,47,0,-0.27596160595424346,0.48160381816507014,0.09915963291302772,1.0095858762921133,1.1563707537117927,0.4103394365050351
1658,13,47,0,-0.05313090658785501,0.6049742298172981,0.4761002943810593,0.6777635510652669,1.0270597029580182,0.4866236117010863
1659,14,47,0,0.06501309846760768,0.7997186883923734,0.7511180266498946,0.20420516218639265,1.1178795649614404,0.4560185746076317
1660,15,47,0,0.050787223212459424,0.9745586940739323,0.8881232228429992,-0.2802781779948495,1.3489487411498884,0.3217891846054101
1661,16,47,0,-0.07845852404730598,1.019673131233369,0.890742502551622,-0.6588891771821282,1.5077951413287594,0.20638897506981388
1662,17,47,0,-0.2617569975357273,0.8551160391567161,0.7836651588987197,-0.8608219218373373,1.467952870009617,0.34077065283570895
1663,18,47,0,-0.416209958509542,0.46906313164760155,0.5898855310093322,-0.8730523515517618,1.2261469321732175,0.5320611289302134
1664,19,47,0,-0.4702876507822111,-0.07148332349542841,0.31826691880807423,-0.7305464666048016,0.9280475804033695,0.6449013813738079
1665,20,47,0,-0.39384608016754197,-0.64268963796076,-0.031191941155084887,-0.4925152733965104,0.9009489093879477,0.6582889246000501
1666,21,47,0,-0.21076501058302802,-1.1091733664305454,-0.44815741134126286,-0.2170645003196981,1.2339568505924652,0.5969336845687385
1667,22,47,0,0.012195388378323348,-1.373000064894038,-0.8917442592131583,0.05479540589188286,1.6381356067319977,0.4964098654150297
1668,23,47,0,0.19567866509353932,-1.4057075376284986,-1.2842355545641797,0.3011022828260375,1.9375828667822657,0.3766890132001788
1669,24,47,0,0.2833995278335553,-1.2509299674316428,-1.5272056124820192,0.5099116449713724,2.0585208146309335,0.25993767194380013
1670,25,47,0,0.26668876250373197,-0.9987427369992593,-1.5365819754184034,0.6675709911337862,1.9685896337577855,0.23623259115843076
1671,26,47,0,0.1864600036085147,-0.7452190326926749,-1.2819042558882066,0.7528837506425337,1.673389136715952,0.3350958729527943
1672,27,47,0,0.11167597599047385,-0.5561664366037994,-0.8104577174059773,0.7413087330679176,1.2361929373053628,0.4263851493655944
1673,28,47,0,0.10443283188243926,-0.4503512013067202,-0.24196239830255006,0.616811417437274,0.8079137006925262,0.4395714780354187
1674,29,47,0,0.18808110666004899,-0.40693103120336716,0.26778211574143007,0.38401152296794067,0.6481816706154366,0.3722748723556504
1675,30,47,0,0.33336677174692375,-0.3897706569716008,0.5813154361670753,0.07259019319450852,0.7786215653417082,0.27651350011375847
1676,31,47,1,0.46910829838754725,-0.3737673246429324,0.6296369624695062,-0.2700731159033345,0.9105749837483773,0.24155534633845221
1677,32,47,0,0.5124773559166527,-0.35877302731568195,0.43629634403479106,-0.5955101428547879,0.9676455732951178,0.2936570754036276
1678,33,47,0,0.40495946401722466,-0.36455206129399065,0.10448990463166508,-0.8719566015166238,1.0334973768661293,0.3825547760756753
1679,34,47,0,0.13773915484400098,-0.41112931206073433,-0.22763874432737952,-1.0938573436654186,1.1984751445993298,0.5741582970451091
1680,0,48,0,-0.384092312175286,-0.4345638964411338,-0.48642017314023056,-1.2495382257466618,1.460932252639439,0.5477850023591543
1681,1,48,1,-0.7642509591623533,-0.45763326809157784,-0.5493072671477482,-1.3917965163736723,1.741362613982502,0.6300897719175609
1682,2,48,0,-1.098149569278185,-0.4596593705035621,-0.4649814586322575,-1.537182148029659,1.9990887740394254,0.6472607920606444
1683,3,48,0,-1.336927929979478,-0.40586187401556933,-0.31871018576807825,-1.667807322405308,2.198921917194817,0.5708754968322582
1684,4,48,0,-1.4652235413963228,-0.2727773551549933,-0.2147555857439842,-1.72905651391989,2.292824437606242,0.42225913879072385
1685,5,48,0,-1.4968093186392073,-0.06537921490417745,-0.22702415608475315,-1.6501202216175244,2.2403457972696352,0.2934073620671881
1686,6,48,0,-1.458237484766382,0.17884841445602515,-0.36603048040338476,-1.3781517543622182,2.047369992934157,0.3104044028364225
1687,7,48,0,-1.3704266895719037,0.4028754494626619,-0.57580255062856,-0.9108379241088178,1.7892881938290335,0.3901144648561211
1688,8,48,0,-1.2384661546401856,0.5550578955927646,-0.7603393291581441,-0.31160053966567297,1.5865366290866756,0.4071714830812553
1689,9,48,0,-1.0548633239168628,0.6140148261487073,-0.826133023049219,0.30148009991770675,1.5043725806109973,0.34012357451685626
1690,10,48,0,-0.8137395689985183,0.6003713423967442,-0.721061503845744,0.790568614701011,1.4722588976819682,0.24965325452634543
1691,11,48,0,-0.5271441174504173,0.5680047964001667,-0.45312979011914617,1.0436714690717175,1.3766216296949254,0.2736319520784637
1692,12,48,0,-0.23305502155171587,0.5773553806793522,-0.0830446846635961,1.0127284947046842,1.1917085643342342,0.3900084048443429
1693,13,48,0,0.01131165396245053,0.6626730385689987,0.3029837598114274,0.7289263125601068,1.030726072928001,0.4676691402036694
1694,14,48,0,0.14954947447103106,0.8090492791306687,0.6255534168016946,0.2895612207419361,1.0733538834914844,0.44931522161544635
1695,15,48,0,0.15067933772529205,0.9514684562886699,0.8344046567021147,-0.17733026568962895,1.2867298241610028,0.33589988516379765
1696,16,48,1,0.026247424401524434,0.9983155185231768,0.9127220174872661,-0.5555460176515437,1.4625374049050601,0.21470055037667313
1697,17,48,0,-0.1694637391756675,0.8702827370192087,0.8657446485448325,-0.7735780898635864,1.4608377250228903,0.29849372559392134
1698,18,48,0,-0.35785272808930735,0.5378821734798512,0.7041763688346778,-0.8163983369323815,1.2568796324706353,0.4831800362050378
1699,19,48,0,-0.46588176039623413,0.04059352428874951,0.4345706056252258,-0.7149017677869169,0.9584517712135596,0.6185572825150023
1700,20,48,0,-0.4544434140091543,-0.5216611786311312,0.0634132433007867,-0.521467721392467,0.8686765944281524,0.6648512678646898
1701,21,48,0,-0.33245668462897915,-1.0219495005907284,-0.3877923996543426,-0.2849903891884039,1.1775018879269636,0.6248080914877675
1702,22,48,0,-0.150263935385094,-1.3509488949185355,-0.8671967616388939,-0.03685242359883997,1.6127710598473428,0.5202205066734966
1703,23,48,0,0.024593882428610117,-1.4542394347700922,-1.2898289053175895,0.20789598356034483,1.9550694457401365,0.3771245215538532
1704,24,48,0,0.13797444057759622,-1.347256804740312,-1.5546687084079163,0.43847153699928076,2.1079349908934635,0.23626335194451167
1705,25,48,0,0.17194166544426817,-1.102966643845854,-1.5783323960167908,0.6352418131755605,2.034886892993076,0.21217190340058567
1706,26,48,0,0.14939299974284506,-0.8192132345721064,-1.3319567892123712,0.7651740235689534,1.747291837886244,0.3224587979621362
1707,27,48,0,0.1187882091830962,-0.5809250053950646,-0.8635595555995873,0.7898865979246624,1.3119605345369718,0.41777077746752883
1708,28,48,0,0.12669615118590244,-0.4333180178992448,-0.29253569231061066,0.6825705073855448,0.8690776997424682,0.43415291676629336
1709,29,48,0,0.19157165074310703,-0.375850875209098,0.22544130231062273,0.44434493441140915,0.6528627568551242,0.36931516416408267
1710,30,48,0,0.29144152564567694,-0.37633822573600934,0.5512239705797491,0.11011727128674943,0.7365747091763,0.2751032328763247
1711,31,48,1,0.3714267368568315,-0.39544208699784555,0.6116983505448582,-0.26088955034779876,0.8582368522507656,0.24835422799406573
1712,32,48,0,0.36754866077254134,-0.4080496572169489,0.42504400411319554,-0.6066932423114081,0.9221364522072996,0.30503369557613186
1713,33,48,0,0.23562304012507754,-0.41126314182959495,0.09045762540344886,-0.8861153397855988,1.008978972160625,0.3754736398478939
1714,34,48,0,-0.028149025089245005,-0.4168419553366057,-0.2538043660412892,-1.0924282456464887,1.1968148191972747,0.5331923078646629
1715,0,49,0,-0.5184662436809622,-0.37802286778068245,-0.5150413092553163,-1.2023044379805312,1.4568843626825327,0.5014311220617685
1716,1,49,0,-0.8611205642200778,-0.33127395096823103,-0.5910646818389134,-1.3178216065534714,1.7138501397523982,0.5983347215875875
1717,2,49,0,-1.1582710671660015,-0.2903512739533941,-0.5075179327328627,-1.4536605723151756,1.9484863968910202,0.6493759158237444
1718,3,49,0,-1.3705888433388844,-0.23865015418086602,-0.3428001589185035,-1.6003448512138563,2.1480417280250452,0.6033502435421366
1719,4,49,0,-1.4859669803608164,-0.15162490196550651,-0.20277183653098552,-1.7028738145720557,2.274199556693305,0.45804906737571816
1720,5,49,0,-1.5152976372707447,-0.01415935856742349,-0.17242345911684331,-1.6812700802434069,2.26996175054313,0.2871373481881661
1721,6,49,0,-1.47875085746445,0.16608480383600893,-0.27938328701887316,-1.4680027605764554,2.1088801261908308,0.27153003114938795
1722,7,49,0,-1.3908770595197322,0.35778827816696,-0.4840305244331399,-1.0456166028773932,1.841236289966015,0.38126745535735546
1723,8,49,0,-1.2530406636931333,0.5191703453242442,-0.6986520148066568,-0.46673011109653223,1.5954937752088552,0.4301824057087445
1724,9,49,0,-1.057370236531245,0.6188766856652284,-0.8254307236484666,0.1542430542717985,1.48531712724793,0.3772856314227898
1725,10,49,0,-0.7998456398691257,0.6533216719397702,-0.795785051368506,0.6759241998162893,1.4685808205620465,0.27674266007040704
1726,11,49,0,-0.4947635374066969,0.6502790078686296,-0.5946224202883381,0.9777527781883205,1.406140129569716,0.2691302869920366
1727,12,49,0,-0.1814832951856414,0.6551650511577393,-0.2613404307861517,1.0012410216577197,1.2381275519524018,0.3720778005153664
1728,13,49,0,0.08212419822416545,0.7055121202499308,0.12949452195466382,0.7680284611617841,1.054100699233389,0.4510530420490151
1729,14,49,0,0.23838254256915972,0.8059805409911409,0.49637520665887847,0.3682113034390464,1.0432635231925034,0.4446226508570354
1730,15,49,0,0.2529522155142575,0.9172270202097053,0.7744907599338565,-0.07483935870392563,1.2291163886184595,0.35179300843594313
1731,16,49,1,0.13162806661114548,0.9661779032624551,0.9259833239268422,-0.4474758150586419,1.4172174885759143,0.23375904467955733
1732,17,49,0,-0.07783537391500861,0.8752518328653285,0.936495752760774,-0.6788501631963691,1.452579070266852,0.26616924807405623
1733,18,49,0,-0.30097829462317865,0.5985652702440384,0.8051455510294522,-0.7522968878547321,1.2896039246198934,0.43715508659606267
1734,19,49,0,-0.46322879122151084,0.14882099983571195,0.5375721521364506,-0.6940235691392589,1.0036837830123857,0.5923374124818187
1735,20,49,0,-0.516683521584853,-0.3982376510248698,0.14814690075398773,-0.5483639577869549,0.864988799103154,0.6694668664264097
1736,21,49,0,-0.4556119512977221,-0.925438252086703,-0.3299465237274721,-0.3537551757004685,1.13930928261176,0.6492244119127832
1737,22,49,0,-0.3142431409283454,-1.313959654415967,-0.8348855471894052,-0.13116478249972002,1.5935735948262293,0.5408433531584085
1738,23,49,0,-0.14842404662134798,-1.4851359931006791,-1.2768973720280665,0.11138538890391478,1.9673668237448896,0.37624419747418797
1739,24,49,0,-0.00998866345841563,-1.427028070199083,-1.5555067130215383,0.3638421803496685,2.1420763648830254,0.21647390827012292
1740,25,49,0,0.07427461846716103,-1.1950843495167636,-1.5906265401407367,0.5999745001235917,2.0793762315672923,0.2006380696891894
1741,26,49,0,0.10973139847954788,-0.8874570881008829,-1.355938576312024,0.7745027548796138,1.7994568633562642,0.3141164207238056
1742,27,49,0,0.12464681807437754,-0.6062820638041442,-0.8989725582608281,0.8352364845392226,1.3743676421387898,0.404057130180726
1743,28,49,0,0.15000040013721222,-0.4216148408254002,-0.3357968360204643,0.7450369366772557,0.9317181688366578,0.42314273024363114
1744,29,49,0,0.1988798415352518,-0.3524709016844383,0.18167149712360736,0.5021278824115597,0.6700193064871921,0.37151994946192635
1745,30,49,0,0.25586497191540336,-0.37087446340829483,0.5154227177050397,0.14707996775601448,0.7002198556904967,0.29234879385488527
1746,31,49,0,0.28168620878938927,-0.4242024219598356,0.5891561837702601,-0.2489993421978213,0.8175576409699894,0.2669141314333574
1747,32,49,0,0.23086188213148875,-0.4634421681650849,0.4144352591530959,-0.6109845523272123,0.9017397402059123,0.31321638456297
1748,33,49,0,0.07370601340630574,-0.46367674585983165,0.0836903273010548,-0.8888781035967579,1.0087304174064247,0.36761814592775244
1749,34,49,0,-0.18790894904128558,-0.4283843507916112,-0.26772556420646204,-1.075326203779686,1.2028409485039366,0.4954528646950193
1750,0,50,0,-0.6445764645295147,-0.327598278470259,-0.529232367623782,-1.1362800227440264,1.4470724376166817,0.4609838517570281
1751,1,50,0,-0.9505171464173086,-0.21203580733608213,-0.619818849484364,-1.2221355030859273,1.6811402747258126,0.5631700385102857
1752,2,50,0,-1.210009335047646,-0.12795862998591528,-0.5408867737241367,-1.345902358732861,1.893279605109267,0.642969097441194
1753,3,50,0,-1.39327079390366,-0.07705400376786753,-0.36176314494143086,-1.5064663311393764,2.085054964392076,0.6306884935748387
1754,4,50,0,-1.4921561466167204,-0.03462343856908095,-0.18784125274920802,-1.6488213770713052,2.2319554247578766,0.5014638727994682
1755,5,50,0,-1.5157686426782988,0.03324267785811202,-0.11419603660094027,-1.6846036988017494,2.2692708103154833,0.30540662207120056
1756,6,50,0,-1.4789344356198673,0.14772771499901916,-0.18599391233839233,-1.5324672215925625,2.142923251850998,0.23774173705297275
1757,7,50,0,-1.3904428106342435,0.30313478982259795,-0.38148667973010025,-1.1602970702983766,1.8753781721561489,0.3682497312339512
1758,8,50,0,-1.247948070372922,0.468499528681207,-0.6230710513226833,-0.60959842396456,1.5927002129146721,0.45111950849482757
1759,9,50,0,-1.0427218554263598,0.604126411391539,-0.8099002617442248,0.010101814797494746,1.451991070688858,0.41794249007487133
1760,10,50,0,-0.7719140809806715,0.6838161996127735,-0.8571899272042988,0.5557402763151008,1.4515776828294056,0.3129987882495713
1761,11,50,0,-0.4514805686166149,0.7100796539150261,-0.7260609550775541,0.9001020397917211,1.4301734199976632,0.27248752030907547
1762,12,50,0,-0.12186246046298847,0.7130216960700538,-0.43349752669603364,0.9755691457530017,1.289536995255867,0.35732001014161563
1763,13,50,0,0.1584310315697399,0.7322084064427018,-0.04155363415477359,0.7944431388075258,1.0927470647590116,0.43753317609335485
1764,14,50,0,0.3303510434369764,0.7902908115669103,0.3663950602928059,0.438669963888656,1.029741742463628,0.44226303001698064
1765,15,50,0,0.3561805884945879,0.8724791234779494,0.7106624601775342,0.025212324815644956,1.1805766498425236,0.36833345196821565
1766,16,50,1,0.23614427508686164,0.924137288890049,0.9319421494000777,-0.3367215951983599,1.3753877452830217,0.25914865708004664
1767,17,50,0,0.011795419009634574,0.8703630539070762,0.9963763539589786,-0.5783095075778428,1.443910905423039,0.24855516023128046
1768,18,50,0,-0.24626709346652148,0.6503823957993862,0.8924052792327327,-0.6816915222908665,1.3208842705005948,0.39836105933737126
1769,19,50,0,-0.4619223220325274,0.2513672771102313,0.6262711451626028,-0.6679099282599428,1.0558773409469557,0.5687428067828727
1770,20,50,0,-0.5788326142262337,-0.27485408661236044,0.22166647053438912,-0.5722224614635083,0.8872240606419667,0.6723563560845083
1771,21,50,0,-0.5772714447297489,-0.8218627873010121,-0.2760475668864399,-0.42156436452149676,1.1236634436827146,0.66896783630863
1772,22,50,0,-0.47603565498453876,-1.2632653651551804,-0.7960948324036748,-0.22587990569878397,1.5834260455087685,0.5570653377955302
1773,23,50,0,-0.3196595159887115,-1.4982220694596993,-1.246379718860294,0.013840556131749965,1.974969756770605,0.3744933316908947
1774,24,50,0,-0.1575236894212483,-1.4887467486611166,-1.530148134373131,0.28783218166736096,2.159949367996133,0.20532914088844875
1775,25,50,0,-0.024600186390794206,-1.272773901260703,-1.573290044628772,0.5627517415634825,2.1005926925659786,0.20653726131933245
1776,26,50,0,0.06788120606566375,-0.9474388283065971,-1.3531005585904994,0.7808630065587896,1.828353452751918,0.31165788836048275
1777,27,50,0,0.12878587809405895,-0.6300021010044609,-0.9155523550451262,0.8764403212348154,1.4212220801765487,0.3857686472419886
1778,28,50,0,0.17377725411885542,-0.41339270119438626,-0.37051554709571066,0.8026708503925494,0.9912892232640345,0.40645809924962395
1779,29,50,0,0.21015786094250727,-0.33510564524403874,0.13743517198995917,0.5556008646509291,0.6957318932542359,0.37761793192931287
1780,30,50,0,0.22808400903818155,-0.3715111664121202,0.4743375038853482,0.18188093971928032,0.6694173629158229,0.3230736149027142
1781,31,50,0,0.20275072295826943,-0.4578066666670122,0.5618377515166527,-0.23559726254793772,0.7885826075017325,0.29370681475861127
1782,32,50,0,0.10634157275297837,-0.5224928754607758,0.40389987217957457,-0.6091415252757267,0.9047075989317004,0.3185989539630171
1783,33,50,0,-0.076490203229525,-0.5196209883079468,0.08363587568163991,-0.8807191685327933,1.0288430085306266,0.3597313757423189
1784,34,50,0,-0.337612282155372,-0.4445080994010469,-0.26945367003932325,-1.042994420268966,1.2132650759438957,0.4647650594538556
1785,0,51,0,-0.7595962337440941,-0.2832571166702089,-0.5286425832903229,-1.0526630533666377,1.4299592711869704,0.4304328591988606
1786,1,51,1,-1.030715150119717,-0.10126113102697633,-0.6342574929759439,-1.1062604131203022,1.6427788062841586,0.5264263853528212
1787,2,51,0,-1.2526457657295544,0.02524902069776044,-0.5630299691201238,-1.2155945143418978,1.8342387240683529,0.628411395029731
1788,3,51,0,-1.4049342387999146,0.07650857305705021,-0.37333943857458274,-1.3877034744094847,2.011168080093472,0.6516771402306452
1789,4,51,0,-1.4840413689260707,0.07645734410742838,-0.16817515298715213,-1.567889703632351,2.1667453738246496,0.547543852004923
1790,5,51,0,-1.49846941600388,0.07618615171138422,-0.05156071888609534,-1.660241895205161,2.238364710840947,0.34238085507399996
1791,6,51,0,-1.4589153322223223,0.12423195087357404,-0.08626853255001378,-1.5706350221979875,2.1490007344983457,0.2136731370774871
1792,7,51,0,-1.3691765747049904,0.23995225855530875,-0.2695047039332114,-1.2530055971591332,1.8907346167722554,0.35141755913904826
1793,8,51,0,-1.2232944317281396,0.4039254069656607,-0.535247792627229,-0.7376599603047087,1.5780486106703153,0.46884265375781325
1794,9,51,0,-1.0111970321283117,0.5698732565312301,-0.7807756288888811,-0.12817774009219185,1.4047473374299682,0.4588792083726608
1795,10,51,0,-0.7304539266872186,0.6909925241334841,-0.9054995873086534,0.43249606005228486,1.4205688832288392,0.35381428109841745
1796,11,51,0,-0.398031901910787,0.7458676366627776,-0.8464092816974337,0.8124627023812289,1.4461162613233454,0.28279125241110403
1797,12,51,0,-0.05513324742873883,0.7493428232537022,-0.597378200370284,0.9364247952566659,1.341009490340391,0.346139548088027
1798,13,51,0,0.23909704892490763,0.7417865889853038,-0.2073969984237091,0.8077668778408712,1.1414532781918867,0.42769270624960143
1799,14,51,0,0.42412535173366783,0.7619513490087579,0.23839945368067916,0.4995599514255725,1.0328826733095295,0.44256727830208076
1800,15,51,0,0.4588804352232842,0.817994240749087,0.6452033245145566,0.12081070025432832,1.1448005883078343,0.38480928822374183
1801,16,51,0,0.3383054122383249,0.8731864325436701,0.9320691588107994,-0.22546862408737028,1.3403335835463526,0.28722098464241397
1802,17,51,0,0.0982219838501662,0.8561008891004729,1.0459805167583742,-0.4738100619184874,1.4356627412604255,0.24838588944708623
1803,18,51,0,-0.19424738339949382,0.692771448963134,0.9657915786581595,-0.6056678335173739,1.348054607358574,0.3714844676600915
1804,19,51,0,-0.46143413005873385,0.3465420129663867,0.6999408220739108,-0.6366011652580875,1.1082377999090778,0.5501597176955269
1805,20,51,0,-0.6391066997971733,-0.15390046251757913,0.28286892600892083,-0.59198778511942,0.9287664362587592,0.673793984808385
1806,21,51,0,-0.6945081754865495,-0.7135521555707901,-0.2274247178458439,-0.486461957036012,1.1313114171031535,0.6832978848876151
1807,22,51,0,-0.6320285399160259,-1.200363698418729,-0.7522398048386439,-0.31854358998887194,1.5835617532816813,0.5682156496692993
1808,23,51,0,-0.4855105163752693,-1.4936957763570227,-1.1996043360990833,-0.0823026069355116,1.978047475697662,0.37249546452579335
1809,24,51,0,-0.3017581983036517,-1.531304108579583,-1.4796175490671737,0.2123554132467367,2.1610907422500607,0.2069245904870142
1810,25,51,0,-0.12302633449568175,-1.334013952251361,-1.5268278432123386,0.5246011419574506,2.097889016304781,0.22993328370920854
1811,26,51,0,0.024216494050477967,-0.9967864040316637,-1.3233028988102422,0.7842599050613137,1.8331294920252752,0.3164095699425291
1812,27,51,0,0.1306908816871561,-0.6498103639673679,-0.912566244611517,0.912593929370498,1.4508405999295106,0.36411817125762874
1813,28,51,0,0.19734494842708025,-0.40662320597514773,-0.3956217158029126,0.8539672912107575,1.0440613663860348,0.3843984141837774
1814,29,51,0,0.22534700276571032,-0.32182368892112084,0.09374749873564943,0.6030498982341017,0.7258164586764607,0.385950895107932
1815,30,51,0,0.2092372182199243,-0.3761418040677179,0.4285465081056751,0.21294012053151923,0.643629143837719,0.3608410883825216
1816,31,51,0,0.13711369616573305,-0.49382674836350426,0.5296817910004237,-0.22194130189650071,0.7697309687679396,0.32492851359391844
1817,32,51,0,-0.0024636950428518845,-0.5826113481340602,0.3928264320471521,-0.6021096721144068,0.925359776376986,0.3218982334963744
1818,33,51,0,-0.21099038433401063,-0.576813454551889,0.08950672880109913,-0.8624450047801833,1.062569312753037,0.3529040338959935
1819,34,51,0,-0.47357658236745515,-0.46383658402600997,-0.25943141761528954,-0.9963413648194167,1.2245080366187286,0.44499029173273713
1820,0,52,0,-0.8609524130663901,-0.24481344660081822,-0.5133877987529606,-0.9531993002033862,1.4047521557264282,0.4133593212404824
1821,1,52,0,-1.1001750525311509,-7.154495612550569e-05,-0.6335282261765662,-0.9723207783836625,1.5991093961232417,0.4902454068842875
1822,2,52,0,-1.2856403780621997,0.1672464786169448,-0.5722633879810896,-1.0650467359463862,1.7727528032095536,0.60628845198123
1823,3,52,0,-1.4057710006160937,0.21983152698279712,-0.37552690108472253,-1.2462141648314775,1.9283641265315203,0.6654650478181046
1824,4,52,0,-1.4621933586691611,0.17999198724260065,-0.14214742648023185,-1.4616927827262012,2.080182255365275,0.5923427090980393
1825,5,52,0,-1.464057765370053,0.11411557637728742,0.01614332485129724,-1.6089165819196212,2.1783848786716833,0.38972968818545567
1826,6,52,0,-1.4192931169961236,0.09613250876798023,0.01925497821392625,-1.582168349080873,2.1277363206501674,0.203547755141605
1827,7,52,0,-1.327623210129509,0.16942921854591325,-0.14959051067582937,-1.3223558865853786,1.8874035233205746,0.331284037226192
1828,8,52,0,-1.1796611373700006,0.3266121482840306,-0.43704250214924095,-0.8487170227159183,1.5522894793692428,0.48265899283937697
1829,9,52,0,-0.9635129029356663,0.5166590532229968,-0.73950922939396,-0.25799581617744904,1.3448901192754428,0.49781825447514694
1830,10,52,0,-0.6763709934888071,0.6745263953166196,-0.9411348435596024,0.30869416566879154,1.3760415911198969,0.3956254166292367
1831,11,52,0,-0.3355102709604645,0.7566617173989787,-0.9547912563294318,0.7167534269064171,1.4527442702149487,0.29805838530451306
1832,12,52,0,0.01745479023264426,0.7630300451788614,-0.7509703187386055,0.8847705125995355,1.3889905684128057,0.33850700824466945
1833,13,52,0,0.322745088764644,0.7336197258564514,-0.3653762164599414,0.8078304616663188,1.195178701633355,0.4218934950807063
1834,14,52,0,0.5182276645519949,0.7211395399030517,0.11508581942300657,0.5496459226553208,1.0506938347789443,0.44584478572584096
1835,15,52,0,0.5595332561529508,0.7546521409104721,0.5803371651286979,0.20995689038856516,1.124033113201356,0.4008731976818837
1836,16,52,1,0.4366962103051019,0.8144040573140858,0.9278371627898293,-0.11599697738885993,1.3146462064303515,0.31548096466680337
1837,17,52,0,0.18038709486101498,0.8330687502407825,1.0860000210661331,-0.36735387538675474,1.428596500813804,0.26423642770707567
1838,18,52,0,-0.14528553159399105,0.7253338312361836,1.0253423627477753,-0.5254424273331308,1.3691726544571479,0.3602806335242566
1839,19,52,0,-0.4611293000222592,0.4328210004265397,0.7581234761794688,-0.6001973114331898,1.1554056722793602,0.5384843041560101
1840,20,52,0,-0.6957186290329521,-0.03767365651157292,0.3309032280767758,-0.606575200006957,0.9812615017382232,0.6740338906710477
1841,21,52,0,-0.8045051771968343,-0.602886489488981,-0.18528121164068287,-0.5463949547707025,1.1591278071596656,0.6918578125475636
1842,22,52,0,-0.7787993737316378,-1.126975999323092,-0.7048294381676694,-0.40658194025931205,1.5933288356857953,0.5740824439349991
1843,23,52,0,-0.6425859198695375,-1.47211759073271,-1.138250496468369,-0.1745100640343029,1.976389339305139,0.37099466485547017
1844,24,52,0,-0.4399909965951849,-1.5540051026179695,-1.405505288055672,0.1393803387347153,2.1455525930691546,0.22234165010898815
1845,25,52,0,-0.2194472433071006,-1.3771407638678879,-1.4524108756592848,0.4865698615136946,2.07145392368948,0.2662797650178483
1846,26,52,0,-0.02092928600965041,-1.0333444319109317,-1.2670223073524247,0.7847135258910447,1.8136591727828073,0.3289212345253579
1847,27,52,0,0.1298138747489167,-0.6634774740467526,-0.8897174100855995,0.9428354329271669,1.4620498363726087,0.34109683879080815
1848,28,52,0,0.21992614196560983,-0.3991832043522176,-0.4102359205072564,0.8975027913743691,1.086977235067967,0.35775356870706626
1849,29,52,0,0.24417531360471006,-0.3105311269083383,0.051653379211060904,0.642861423440547,0.7563002352801756,0.3948495348964134
1850,30,52,0,0.20011599668717198,-0.3825063804143706,0.378776328899867,0.2387481660172206,0.6219563789360553,0.4002789939951012
1851,31,52,1,0.08681890196394118,-0.5297359519152808,0.4927573894801429,-0.20930789171505307,0.758140711814963,0.3573817597905674
1852,32,52,0,-0.09249058934441128,-0.6411611540029277,0.38059757356745155,-0.5909895058905597,0.9559106880864142,0.32409603987258645
1853,33,52,0,-0.3262654327058108,-0.6329365720648092,0.10031620290654332,-0.8351715726675456,1.1021037760544283,0.34853124298590693
1854,34,52,0,-0.5924742113596152,-0.48491548605915497,-0.23847420189887886,-0.936723773035435,1.2330815429999886,0.4390350455284691
1855,0,53,0,-0.946400277367125,-0.21194749467793256,-0.484048823354319,-0.840148303521499,1.3714035368196982,0.4117276955736765
1856,1,53,0,-1.1575862726758097,0.09064791830428007,-0.6172731970055358,-0.8230038058045277,1.5513170172116806,0.45699469940377746
1857,2,53,0,-1.3086449159510283,0.2962952168121296,-0.5673418501515364,-0.8971469382662175,1.710874564462292,0.5773677891042986
1858,3,53,0,-1.3961965866304429,0.3509727891590807,-0.3666590788638201,-1.0847370540572745,1.8394673587228243,0.6715232088259964
1859,4,53,0,-1.4274859096475692,0.27454219964975574,-0.10836316675856807,-1.3324285965924705,1.9748918913596767,0.6329108898055612
1860,5,53,0,-1.4135840280780378,0.14658116919888214,0.08941667506677635,-1.5319450341532053,2.0915441121448297,0.4404952108198694
1861,6,53,0,-1.3611245396843232,0.06403995135508804,0.129904722320569,-1.567296227002032,2.080878138660794,0.20866887907201725
1862,7,53,0,-1.266806638698214,0.09288473447271962,-0.02339137101115954,-1.3674667548731578,1.866531305836857,0.3085698641014841
1863,8,53,0,-1.1180907156172595,0.23798742062306533,-0.33047566142954093,-0.9409582827075846,1.517030491887897,0.49228971480979544
1864,9,53,0,-0.900806923215787,0.4454531338048582,-0.6877255102230069,-0.37697049783862135,1.2747371262273075,0.5332101962979687
1865,10,53,0,-0.6109454857858528,0.6346499577753884,-0.9646873564300265,0.1868071566096947,1.319679341705009,0.43584970161888614
1866,11,53,0,-0.2653390046569836,0.7420761980767431,-1.050493466662816,0.6150258230341805,1.4501293589347553,0.31587038551501995
1867,12,53,0,0.0943697300032613,0.7535125391965177,-0.8924189305150823,0.8217990794980962,1.4312414426898326,0.33398149088782764
1868,13,53,0,0.4077821662406676,0.7074615066098603,-0.512988339320578,0.7947058923835558,1.2496009643508814,0.4202581598548722
1869,14,53,0,0.6110580352043634,0.6682477807614129,-0.000998376354161122,0.5878670864017508,1.079599799421155,0.4523414697867569
1870,15,53,0,0.6566121134586016,0.6834269154300358,0.5181688228272541,0.29071678684569474,1.118582583173389,0.41645354941972335
1871,16,53,0,0.5300012313173862,0.7489242538616789,0.9206706225506327,-0.010628890211426597,1.2998216076658806,0.3423569841190108
1872,17,53,0,0.2574009203583928,0.8019612081891623,1.117186032195076,-0.26105072821235914,1.4232530085945887,0.2913802006790719
1873,18,53,0,-0.09958256535207129,0.7478263703167061,1.071272826848497,-0.44234764312825003,1.3829164379629906,0.36585219114751333
1874,19,53,0,-0.46028592409478264,0.5088663933759026,0.8006210044247056,-0.5588748015400632,1.1933747000626653,0.5347299828543264
1875,20,53,0,-0.7469261896028342,0.07166747496730191,0.36517774083506493,-0.6149184597799865,1.0365878902738497,0.6732460654653617
1876,21,53,0,-0.9046301360474717,-0.492241852746586,-0.1506693669712298,-0.599283820847707,1.2010412485481072,0.6945935527208206
1877,22,53,0,-0.9132070230404882,-1.0450013512613243,-0.6554265110862562,-0.48738094409628396,1.6103102145771018,0.57483731634594
1878,23,53,0,-0.7877955398304124,-1.434390476917023,-1.06430049283414,-0.2602230636744467,1.9694033194757348,0.3707719484354743
1879,24,53,0,-0.5697634174078423,-1.5565829437632888,-1.309922658179198,0.07087598766108638,2.1138830593647415,0.24908944256333374
1880,25,53,0,-0.312445971518656,-1.400895490535298,-1.3518459268517526,0.44969823397034325,2.022336908653474,0.3099532114106016
1881,26,53,0,-0.06726953893259925,-1.0552450528941248,-1.1853440127585426,0.7822620527944147,1.7706048854418042,0.348694106647162
1882,27,53,0,0.12559078493873727,-0.6689026653045596,-0.8471587401046315,0.9663738731954792,1.4542215149844162,0.31954456385811403
1883,28,53,0,0.24066978887329796,-0.38894215631777374,-0.4136961554315167,0.9319812177449995,1.1175560153682265,0.32797752256036744
1884,29,53,0,0.2661626698398062,-0.29905989160421687,0.012202453571696987,0.6735756706670872,0.7836660446710482,0.40292580993834415
1885,30,53,0,0.20113691964469343,-0.38828111606980414,0.32589313753566607,0.2579188148950983,0.6032799828523246,0.4375462075004531
1886,31,53,0,0.053395341430592824,-0.5629999998685031,0.45127896815558544,-0.19894593709676386,0.7503680798949962,0.38863446264306417
1887,32,53,0,-0.16125577685986675,-0.6955482660160702,0.3666256403022553,-0.5769983923794167,0.9885000358442639,0.32633763583570674
1888,33,53,0,-0.4193394669329863,-0.6857140373853371,0.11492117065976142,-0.8002918716948579,1.1400540710692673,0.348153943324927
1889,34,53,0,-0.6914314499273957,-0.5062652561358483,-0.20773947685280542,-0.8659156538926305,1.2358590410796757,0.4477392607556492
1890,0,54,0,-1.0140893613785,-0.18422785289332774,-0.4416548273069664,-0.7162332157750898,1.330551066478026,0.4249669751392715
1891,1,54,1,-1.201903936203045,0.17025868093593358,-0.5856474669459104,-0.6615026181640885,1.5013759554730195,0.42908279448088105
1892,2,54,0,-1.3215106178185745,0.41097808360843185,-0.5475093708864943,-0.7152997154701576,1.6512763222349864,0.5425665139839438
1893,3,54,0,-1.3768359611732317,0.46829916490052687,-0.3454717019967423,-0.9065301098216825,1.7481787404954292,0.6696126338990831
1894,4,54,0,-1.381069614477438,0.35889485301597596,-0.0657193368536596,-1.1828245973820264,1.8546028833587678,0.667124001564059
1895,5,54,0,-1.348461411689991,0.17325693064115755,0.1685647032118017,-1.431189870111803,1.9811826383026074,0.4898353988137511
1896,6,54,0,-1.2858952317611443,0.02863474180399988,0.24487551374974392,-1.5267955169875493,2.011321720519049,0.2262058015483065
1897,7,54,0,-1.1882033556589908,0.011745628615685634,0.10733712815067763,-1.3879676487355292,1.8302843022893827,0.2842901706597207
1898,8,54,0,-1.0400599475496637,0.1397163030610386,-0.2176774339845792,-1.0129876952618406,1.47471111606852,0.49784517669010764
1899,9,54,0,-0.8246071333813415,0.357637383992224,-0.627172910046061,-0.48298362987164634,1.1977063365749683,0.564060956458851
1900,10,54,0,-0.5357985319464902,0.5721563354150523,-0.9768915488536377,0.06922571887210616,1.2544131047492348,0.4726322189538067
1901,11,54,0,-0.1892359571055588,0.7023434972873142,-1.132966276544053,0.5094200513915949,1.4395200617529937,0.33389166000245624
1902,12,54,0,0.17383366918726856,0.7207769773003594,-1.0200554872439809,0.7489088928100964,1.466668102310796,0.3318253102822303
1903,13,54,0,0.4924340125291856,0.6634689606503559,-0.647935509374531,0.7687092381940579,1.301313427132518,0.4226874017647026
1904,14,54,0,0.7009257320972287,0.603887542025354,-0.10751213731407361,0.6133678702336693,1.1152381132450089,0.4621922101849361
1905,15,54,0,0.7486089205624691,0.6053698267623978,0.46062974166776366,0.36127176860927346,1.1267586222448107,0.4316554610384458
1906,16,54,1,0.617026396602479,0.6779060152254479,0.9118990220051424,0.0883277831559235,1.2960091678665933,0.3669039745128187
1907,17,54,0,0.32855314493431853,0.7635353416544001,1.1403123136663234,-0.15707271120049632,1.4198300589522854,0.32454474061956834
1908,18,54,0,-0.057177058421058545,0.7601501820215343,1.1039492911696085,-0.3578121240332946,1.3884635640938352,0.3859461751701791
1909,19,54,0,-0.4581188638606155,0.5735423109815189,0.8274812895058763,-0.5129015106117584,1.2192690105063337,0.5387848828309314
1910,20,54,0,-0.7910799359484124,0.1721429272567915,0.3853627326894743,-0.6160189080164882,1.087853107383716,0.6714699059450624
1911,21,54,0,-0.9925049229227115,-0.38393612840781816,-0.1244685343444543,-0.6430965492288103,1.2496153649801458,0.6916821389593679
1912,22,54,0,-1.032473732639814,-0.9564669452059704,-0.6056059028298997,-0.5583703797862443,1.6307565779195508,0.5709662841055734
1913,23,54,0,-0.9184303718532262,-1.3817316244948794,-0.9799840311789695,-0.33693505016074365,1.956167313770558,0.3725419991492833
1914,24,54,0,-0.6889222122161176,-1.5392024644359472,-1.1954439907721188,0.008756111764099303,2.0671045076572296,0.2830219344991317
1915,25,54,0,-0.4007795995894527,-1.4044603232238322,-1.2275294232199148,0.4149930322978556,1.9524806756235664,0.3563313426597973
1916,26,54,0,-0.11456810255125614,-1.0609704436838288,-1.0799385175817442,0.7769649976694389,1.705498736983696,0.37429868717891296
1917,27,54,0,0.11746046886257357,-0.6641928912448997,-0.7854957580097469,0.9825170628789379,1.4273375645674138,0.30305015955833886
1918,28,54,0,0.2586764240136868,-0.37384922527235437,-0.4055799584479361,0.9562773890619578,1.1338599045309932,0.29746016903361305
1919,29,54,0,0.29063321198077025,-0.28525790148585867,-0.02357726717012443,0.6939367701590978,0.8049496026289019,0.40925459404521614
1920,30,54,0,0.21232624260137853,-0.39116989426368365,0.27088896084363073,0.26923845790282236,0.5864865691525364,0.4700639652120987
1921,31,54,0,0.0378080765522384,-0.5911684134664933,0.4056165986934242,-0.19203116405783047,0.7431758451659327,0.416903773811419
1922,32,54,0,-0.20693325425577674,-0.743308245033453,0.35038741618526903,-0.5614285167179314,1.016514554571986,0.32977670833628003
1923,33,54,0,-0.48788077493468923,-0.7329858111716689,0.1320696828452974,-0.7594346641997765,1.1702475209309129,0.35317130497605576
1924,34,54,0,-0.7681147975314845,-0.5264337743987111,-0.16868530831768783,-0.7860640305127612,1.2302374788319153,0.4694730635517637
1925,0,55,0,-1.0626183336729464,-0.16113594463137965,-0.38765224009884836,-0.5845755840239184,1.2834038290423935,0.4502154213893798
1926,1,55,0,-1.2323783775098422,0.2383723184175489,-0.5393204249510615,-0.49144330329529107,1.4518818370186775,0.4086279825443238
1927,2,55,0,-1.3242904167473324,0.5102254820821487,-0.5125328410152804,-0.523349152126856,1.5970783946337381,0.5029223615163164
1928,3,55,0,-1.3485031884706986,0.5705228134944357,-0.3111552955238076,-0.7152946285999348,1.6590422398690379,0.6597582583406628
1929,4,55,0,-1.3243373653341215,0.4320938518952294,-0.013455363760158118,-1.0160696377302856,1.7242833611669082,0.6935216009032436
1930,5,55,0,-1.2704257306099285,0.19395565838163462,0.2536688914711898,-1.3090060116023094,1.8518760701853763,0.534538309445939
1931,6,55,0,-1.1954791962928504,-0.009339518910119422,0.36323291198121577,-1.4619592131416839,1.9231538224018059,0.25121653744411815
1932,7,55,0,-1.093703371894679,-0.07247791588327106,0.24076553158030156,-1.3839922350804155,1.7818088174505706,0.2598877623129824
1933,8,55,0,-0.9474410686271124,0.033670342173933,-0.10083664594929231,-1.063843364484035,1.428533865117103,0.49980452883069676
1934,9,55,0,-0.7367915262888857,0.25498164527052225,-0.5596755277165189,-0.5742198359010773,1.1184107067186866,0.5898145362162814
1935,10,55,0,-0.45284862120877145,0.48839020223062635,-0.9785958907566148,-0.04179033509154577,1.1844801445690651,0.5046447709590798
1936,11,55,0,-0.10916783010819459,0.6383207161270974,-1.201823381137363,0.40211937166813994,1.4231831857799493,0.3501294545007063
1937,12,55,0,0.25386807711473136,0.6653827733157238,-1.1324242391194457,0.6676756708181582,1.4951115992965167,0.3311756882065561
1938,13,55,0,0.5747870671539188,0.6022146570277277,-0.7681692277619009,0.7303991997110258,1.3478166118301294,0.4289071982519944
1939,14,55,0,0.7860852141857507,0.5288882511380576,-0.2023716639288959,0.6255256945325817,1.1532083207448467,0.47537722534748095
1940,15,55,0,0.8340624125807886,0.5215913434498137,0.4094297837362974,0.41996915180530914,1.145305406396167,0.44666122527102026
1941,16,55,1,0.6967171644450316,0.6025038233562173,0.9027155210020441,0.17863850010064797,1.3020110176059903,0.38858506001621235
1942,17,55,0,0.3933190438379603,0.7185822390291925,1.1561412853026165,-0.057604829141151476,1.4181118758459723,0.359554852689675
1943,18,55,0,-0.017954200978063224,0.7623371344134617,1.1238625946780998,-0.2733374440872071,1.3853738664689783,0.41613621748490154
1944,19,55,0,-0.4538068939509967,0.625925757419063,0.8389811697230898,-0.46264927943593764,1.2311204285977042,0.5494588004466139
1945,20,55,0,-0.8266694295794776,0.2619874431444833,0.39138818144510257,-0.6089940830874957,1.1296363432437568,0.6685915192587715
1946,21,55,0,-1.0660680933648021,-0.2801772928399744,-0.10736641424238431,-0.6759238348813185,1.297459468569842,0.6834681972366053
1947,22,55,0,-1.1342562225546127,-0.8634761040386362,-0.5569122974359968,-0.6171093773603211,1.6501828539016774,0.5632032695723831
1948,23,55,0,-1.0322307331554255,-1.315636627178072,-0.8877164686509635,-0.40226972448631015,1.9355261509975805,0.3768470184285084
1949,24,55,0,-0.7956722455950802,-1.5024521839813658,-1.0650371685864286,-0.04517685597022542,2.006689314853359,0.32021921494477784
1950,25,55,0,-0.483407182699115,-1.387482395863385,-1.0823864494254671,0.38340107562626263,1.8647645196665288,0.4019964445525649
1951,26,55,0,-0.16264005204877255,-1.049404992196905,-0.9530236894643112,0.7689062567865464,1.620855825970922,0.403745590981954
1952,27,55,0,0.10488493768159918,-0.6477351847517799,-0.7057784462047089,0.9906977144073985,1.3820878757072836,0.29539359679628263
1953,28,55,0,0.2730261511395783,-0.3520171398309941,-0.38572123142923187,0.9694770245528219,1.1345157184684405,0.26987999297608717
1954,29,55,0,0.3167348225036816,-0.2670779420502185,-0.054706433519003485,0.7029379584340889,0.8177812312544674,0.4134682241001416
1955,30,55,0,0.23331707813951394,-0.3889943655783771,0.2148632982616608,0.27171127751334767,0.570742262909537,0.4962018229923731
1956,31,55,1,0.04042657782949404,-0.6119631128204497,0.3563010514451784,-0.18962228609738926,0.7341935782160167,0.4409144501988532
1957,32,55,0,-0.228411854487603,-0.7821893486199626,0.3314565815258339,-0.5456023003771587,1.0351509493685576,0.33537812771043474
1958,33,55,0,-0.5302738341121321,-0.7727792389670765,0.150451849270419,-0.7144155714667062,1.1880250245788193,0.3644878065842339
1959,34,55,0,-0.8208018125702862,-0.5440474385578722,-0.12301943757876425,-0.6996325527894928,1.2142169171383617,0.5008157332666536
1960,0,56,0,-1.0910772108856353,-0.14209184758165827,-0.3238600844848144,-0.44861671860464847,1.2315769922328281,0.48352957898904314
1961,1,56,1,-1.24857647493671,0.294848147989805,-0.4794600802593588,-0.31679764318108683,1.4057458374207625,0.3970093065215317
1962,2,56,0,-1.317235501805441,0.5933323719995446,-0.4627179425729182,-0.32548787574617066,1.5515163300835433,0.45957337131955156
1963,3,56,0,-1.3121755571854623,0.6567282743946016,-0.2633920926044954,-0.51508664743575,1.5772718117298188,0.6422280737367222
1964,4,56,0,-1.2588826663752104,0.4934648702431451,0.04880810989540092,-0.8357342121197547,1.5903229391425604,0.7111908559832824
1965,5,56,0,-1.1814857233579252,0.20864028292911274,0.34456555848399073,-1.1681762309671864,1.7096199615263696,0.5725039314084778
1966,6,56,0,-1.0920872647710944,-0.04908399858800435,0.48392070624276873,-1.3745531960244834,1.8217133614880854,0.27918892742027446
1967,7,56,0,-0.9855597175559778,-0.1582179362499137,0.3750255938589708,-1.356160603092828,1.7251598910392556,0.23740411359696237
1968,8,56,0,-0.842452182287232,-0.07810761378021577,0.017849390837112136,-1.0930062087610175,1.3823196634332984,0.4989912579743422
1969,9,56,0,-0.639537701078865,0.13960992702056957,-0.48708585837076945,-0.6491979132108235,1.0426936111658138,0.6102750860844237
1970,10,56,0,-0.3642592121569037,0.38522436041179003,-0.9707344595323174,-0.14415711943760742,1.1154323141741456,0.5309614165330702
1971,11,56,0,-0.027296202714060084,0.5514797329257245,-1.25684008742303,0.2953047184053602,1.404181918618964,0.36300715081371343
1972,12,56,0,0.3323468460606098,0.5884619103035768,-1.228305340243511,0.5798211340787311,1.5171250450637357,0.33122160951998386
1973,13,56,0,0.6528368126960342,0.5246877432850501,-0.8719292523236801,0.6805713066303427,1.3874188467910256,0.43852994151909813
1974,14,56,0,0.8647758440473438,0.44429077379291326,-0.28379411387872217,0.6239749654203915,1.189586234229738,0.4916923003401161
1975,15,56,0,0.9115861883898886,0.4332427372487961,0.3660165285019318,0.4653708914344449,1.1701396557561536,0.46163709917908147
1976,16,56,0,0.7681730330776217,0.5238401522091847,0.8941421038726283,0.2582017238683264,1.315544201439298,0.40712878353347415
1977,17,56,0,0.4513595011276345,0.6678996618654058,1.1653940834467353,0.03520714357748219,1.4174619113999687,0.3935463205580568
1978,18,56,0,0.018339311330122156,0.7545346232026323,1.1316020840900516,-0.19047114356652897,1.3734851150267668,0.45166472920115075
1979,19,56,0,-0.44652241506784945,0.6653129148372695,0.8356067820682768,-0.40860314938573,1.2276883846211655,0.5648051577735753
1980,20,56,0,-0.8523665890326909,0.3396807749114706,0.3834371850971331,-0.5931239662234822,1.1578997992777997,0.6643475975606598
1981,21,56,0,-1.1236286218230422,-0.18301533688215046,-0.09984413936397052,-0.6960527629094604,1.3380934923364893,0.6704077317369583
1982,22,56,0,-1.2167038179939758,-0.768155359208681,-0.5108184562517217,-0.6613708514721167,1.6639644632703188,0.5524621034800157
1983,23,56,0,-1.1274403967275606,-1.2378371299600643,-0.7900326557356752,-0.4540578245707012,1.9062221050191426,0.3839733186521158
1984,24,56,0,-0.8886175126434495,-1.4473253301130775,-0.921984593725917,-0.089286378743177,1.9345333658173423,0.3576326055853606
1985,25,56,0,-0.5595104916895285,-1.350084720827656,-0.919796647488904,0.3557838742295436,1.7630623306101685,0.4444201637541478
1986,26,56,0,-0.21134972188944182,-1.0198754652732152,-0.8073131321012776,0.7581967778927295,1.5203392768981183,0.43486665558210186
1987,27,56,0,0.08737016851992951,-0.6182598773434635,-0.6094820457802842,0.9904969096939559,1.3200118615079763,0.29936864656361545
1988,28,56,0,0.28280852572094833,-0.321799988522637,-0.354221172672082,0.9709116694126311,1.1187841631898587,0.2503607344355257
1989,29,56,0,0.34346510633166333,-0.24266224769315103,-0.08028129936857972,0.6998603622058603,0.820428460828937,0.41579257333601355
1990,30,56,0,0.263359386037883,-0.37977965671268255,0.15900043626611748,0.26459843988545356,0.5557735393032717,0.5150736630997054
1991,31,56,0,0.06101160036181689,-0.6233613020021668,0.3040231458753763,-0.1926204477348654,0.7223810894023229,0.45979894126898535
1992,32,56,0,-0.22533113104768793,-0.8102288409872918,0.30953262438586343,-0.5308266867225363,1.0415528360495527,0.34372144427169216
1993,33,56,0,-0.5456701662417568,-0.8033739782401917,0.16875221525190137,-0.6671819813924593,1.1902834896305041,0.38224008405166027
1994,34,56,0,-0.8484343079085406,-0.5578589777084991,-0.07264050977655442,-0.6093345038502502,1.1864285039939173,0.5377099099377687
1995,0,57,0,-1.0990755993165735,-0.12648054819646412,-0.2524131106265121,-0.3120277253966104,1.1768764514244892,0.5210568917710897
1996,1,57,1,-1.2503941570890689,0.33978492552677786,-0.4077006319310194,-0.14178376056697153,1.3657458708468373,0.3944778978239231
1997,2,57,0,-1.3007863438068352,0.659965699094739,-0.3989066793091387,-0.12615466943018672,1.5174456746890301,0.413755406866803
1998,3,57,0,-1.2689629734518297,0.7263892740214539,-0.2023759540947759,-0.31021805935684305,1.5083433549931595,0.617518243251921
1999,4,57,0,-1.186452013849543,0.5426321553616102,0.12104370089148213,-0.6456811826715424,1.4607100343263377,0.7196890535838888
2000,5,57,0,-1.0838654287292429,0.2174310161881934,0.4408328823213263,-1.0118371786564995,1.5621103100108935,0.6024155552450389
2001,6,57,0,-0.978206033517986,-0.08975370867166509,0.6057719061836393,-1.2667628826497583,1.7136483231432855,0.3069467789566313
2002,7,57,0,-0.8663279731353051,-0.2438750050141475,0.508245223323075,-1.305550899166586,1.665165316853789,0.21959794231047972
2003,8,57,0,-0.7275983208496265,-0.19344207905674435,0.13622296005512166,-1.100398534491911,1.340243553989765,0.4965325264408102
2004,9,57,0,-0.5352642679779815,0.0139581228838744,-0.41123985450743766,-0.7067940503160169,0.9774347616418524,0.6255507407948411
2005,10,57,0,-0.2723790454436842,0.2650227262550066,-0.9542996098277354,-0.23600679335403452,1.053951773875385,0.5509868087811591
2006,11,57,0,0.05408315708559784,0.4438808280860356,-1.2979505117872285,0.1911103600379135,1.3860569534421159,0.3713541576438885
2007,12,57,0,0.4070555184719159,0.4917030531509241,-1.306734244899661,0.48717935316002453,1.5337418937146132,0.3313465301938933
2008,13,57,0,0.7245411153222131,0.4322834943906504,-0.9577763006809819,0.6202477333670133,1.419109417982987,0.45111091674494586
2009,14,57,0,0.9352643126812911,0.3513354257567723,-0.3503334018882191,0.6086264511519072,1.2211943192986272,0.5107393371029474
2010,15,57,0,0.9798961894267194,0.3414976172186701,0.33154306262570576,0.4962990465420478,1.1971009609021341,0.47665428433801843
2011,16,57,0,0.8306581512465543,0.44298067208068775,0.8870022017789109,0.3251076730333983,1.333676401941351,0.42243604422223086
2012,17,57,0,0.5025151586726155,0.6122668130532952,1.1687255971206496,0.11931019654492192,1.416879168957893,0.42468044336231864
2013,18,57,0,0.052075135595519725,0.736989385898915,1.1278311487202946,-0.11077666249490059,1.3528265756009525,0.48855783568133293
2014,19,57,0,-0.4354628162177767,0.6912209814812887,0.8180320674619724,-0.35136663501464216,1.2083249915258292,0.5825590618827262
2015,20,57,0,-0.8670649108084821,0.4039717730180046,0.36193534967360363,-0.5678930745046337,1.1698266941578614,0.6583545081421645
2016,21,57,0,-1.1639093879568632,-0.09429897898899336,-0.10216544107895406,-0.7020364441523496,1.366334624856378,0.6530195373300118
2017,22,57,0,-1.278502029629245,-0.6726019848362933,-0.468685212564445,-0.6892220125207289,1.6678290322426705,0.5397641400495501
2018,23,57,0,-1.20284525130851,-1.1502531430907355,-0.689518259280842,-0.4904101871078193,1.8670448771484731,0.39391513255810345
2019,24,57,0,-0.9667893698348992,-1.3751903729212547,-0.7697968133505593,-0.12215327902240354,1.852927091070143,0.39305128487129354
2020,25,57,0,-0.6285069956482027,-1.2928638043354561,-0.7435090123320132,0.3328939937873342,1.6523141113777626,0.4817010353162396
2021,26,57,0,-0.2606060384987276,-0.9721778684449515,-0.6459521501648905,0.7449766213476365,1.4090030737558221,0.46557565823999375
2022,27,57,0,0.06448687393752708,-0.5748925812580227,-0.4984772050250679,0.9816640423095898,1.2437056937993627,0.31555321690240534
2023,28,57,0,0.287153451045706,-0.2818623206086963,-0.3114528868471916,0.9601873731592108,1.086676660523365,0.24457997431653117
2024,29,57,0,0.36970312145947554,-0.2104199059039364,-0.09949979530316654,0.6843040166331358,0.8118676808834775,0.41703506590280864
2025,30,57,0,0.30134251516502414,-0.36183277802009256,0.10454297420070202,0.2474499894161974,0.542117147314605,0.5264287312249253
2026,31,57,1,0.0987210333760508,-0.6236698674600286,0.2496271630346177,-0.20173330921606886,0.7083219568673716,0.4730397365194072
2027,32,57,0,-0.1980944798651152,-0.825819992062633,0.28446505738965955,-0.518347753063233,1.0348066699750067,0.354868896293814
2028,33,57,0,-0.5340164317079137,-0.823358609426985,0.18570182816344882,-0.6197534052409484,1.1754456181987278,0.40573554548753576
2029,34,57,0,-0.8506522416150162,-0.5667904045304956,-0.019573367268996198,-0.518057062926639,1.1461356097717745,0.5763288757310173
2030,0,58,0,-1.0867560659645843,-0.11367771251627812,-0.17569448655253228,-0.17861065255870304,1.12104044844339,0.5596256083190719
2031,1,58,0,-1.238059681313782,0.3735070234569462,-0.3260942554772362,0.02924268390031968,1.3339759627082484,0.4000865720656759
2032,2,58,0,-1.2755584586120214,0.7101621266218302,-0.3224565022273851,0.07007667343410233,1.4967526727596066,0.36683356310014614
2033,3,58,0,-1.2200735609167654,0.7793748448187774,-0.1288145567368714,-0.10515004275876336,1.4572763513842857,0.5863469243194254
2034,4,58,0,-1.1088927904351589,0.5795268352578761,0.20280593742012998,-0.44996941797352563,1.345026876618967,0.7189929041920164
2035,5,58,0,-0.9799403472800987,0.2206079279954144,0.5417868446008602,-0.8433980168892793,1.419085671126728,0.6235547784473103
2036,6,58,0,-0.8565290804565063,-0.1304677447651809,0.7275231932589664,-1.1411314486061797,1.6069022614395507,0.3325266201001891
2037,7,58,0,-0.7387975865953549,-0.3278448247837881,0.6385825559946914,-1.233661465668982,1.6071752847134901,0.20973276405804916
2038,8,58,0,-0.6056048569050336,-0.31006629429337723,0.2522107791318356,-1.0863728780864752,1.3064128967964044,0.4937872576351554
2039,9,58,0,-0.4265657040555358,-0.11927585571805299,-0.3339154435703442,-0.7462565300930598,0.9298297488223219,0.6360064113548265
2040,10,58,0,-0.1796769092214104,0.1305904970778306,-0.9303164896849284,-0.31572189847640936,1.0072272622361,0.5644150468818628
2041,11,58,0,0.13260591021074342,0.31813030782528207,-1.3252438556558812,0.09158164354527082,1.3723883177031009,0.37437404150223746
2042,12,58,0,0.4757549557213078,0.3773201077066885,-1.3670170316249664,0.391661486841238,1.546236568769667,0.3312214064369329
2043,13,58,0,0.7878770473973633,0.32678138122539596,-1.0246178781726687,0.550662802876826,1.4424311531835372,0.4661871340388843
2044,14,58,0,0.9958886317810043,0.251444607112586,-0.40090726591687526,0.5796812872785986,1.2457028490143873,0.5319381166939766
2045,15,58,0,1.0378369708727246,0.24753376639963628,0.3068450010958076,0.5118765569517119,1.2225178967493635,0.49163215857426
2046,16,58,0,0.8836079270489039,0.3609128360306791,0.8819015035065056,0.37769438799643196,1.3533012807820746,0.43451742107299723
2047,17,58,0,0.546795070242797,0.5524220561142107,1.1667052403265292,0.19279755485656502,1.4151067068908025,0.4518540664847649
2048,18,58,0,0.08371863644926618,0.7100310737008766,1.1132651268289777,-0.03580079209773163,1.3235535028997163,0.5239106657692713
2049,19,58,0,-0.4198824859832897,0.703385829475103,0.78709620295859,-0.29166249817342643,1.172876964005381,0.6005230600670209
2050,20,58,0,-0.8699134208782368,0.4538959309179169,0.3275365805809585,-0.5330267186067037,1.1636874882438222,0.6501575368084743
2051,21,58,0,-1.1860792266610825,-0.015638168710432145,-0.11437013911415389,-0.6927571190574212,1.3784126519164341,0.6318455966844772
2052,22,58,0,-1.3189004388928023,-0.5788333629789616,-0.43172430354054886,-0.6990982396927442,1.6582130902927483,0.5261604653880029
2053,23,58,0,-1.257795495211239,-1.0549413579689861,-0.5887405058672777,-0.5097847224877177,1.8169883387236891,0.4063958504582384
2054,24,58,0,-1.0296612732222736,-1.2877519267395583,-0.6121212094549003,-0.14262249659427018,1.764522857317091,0.42493448277562834
2055,25,58,0,-0.6900547938415281,-1.2168739884478967,-0.5575478920121663,0.31535378557831467,1.538592078567464,0.5124216667040561
2056,26,58,0,-0.31035535742917214,-0.9065901101048797,-0.47244295588187385,0.7294162163978709,1.2936291736550916,0.49400793355105305
2057,27,58,0,0.03589058503615836,-0.5171932018826896,-0.374990136160761,0.9641324564313224,1.1571283152399598,0.3421200583049829
2058,28,58,0,0.28526215873191757,-0.23123721994920957,-0.258059398944886,0.9372060678794379,1.039131857921826,0.25614549496343914
2059,29,58,0,0.39424591753079347,-0.16909445143136626,-0.11168595574361082,0.6562099948001183,0.7919015639462438,0.41851192269659365
2060,30,58,0,0.345829642121792,-0.3338110678125957,0.052762213624743856,0.22012830902317157,0.5312892752392581,0.5306011239945082
2061,31,58,1,0.15213458440955238,-0.6115887901183854,0.19409828101641624,-0.21744499915419105,0.6943646378687726,0.48044133108064707
2062,32,58,0,-0.14785905109142466,-0.8277675471832624,0.25627194888518273,-0.5093071011793983,1.0159382098615166,0.3683461691435026
2063,33,58,0,-0.4960588537368483,-0.8316770739194489,0.200128205413634,-0.5741590703034726,1.1434470159424799,0.43360805190670904
2064,34,58,0,-0.8278072198068784,-0.569969684342565,0.03409950595975466,-0.42877897422233463,1.093226609297365,0.6134568838253712
2065,0,59,0,-1.0547921841902568,-0.10307409843069897,-0.09626013861078736,-0.05219350653629816,1.0654581164954713,0.5968612083578246
2066,1,59,1,-1.2121275610206796,0.3965456036977599,-0.23704856154185527,0.19190378903357802,1.3113049701623452,0.41202768072550877
2067,2,59,0,-1.2423233427454197,0.7443162172321074,-0.2352016131828664,0.25861428140440024,1.4898238367521859,0.32039528751689
2068,3,59,0,-1.1667765292789496,0.8159446002421048,-0.04391369443708317,0.09561835182588235,1.4276569411821214,0.5496621340914537
2069,4,59,0,-1.0280982666443292,0.6043864195006602,0.2932345729938017,-0.25275295901285755,1.2538498965356717,0.7094655655507075
2070,5,59,0,-0.8721693102864304,0.21860870431929755,0.646486429602259,-0.6664539527736989,1.2925071165131874,0.6356985534585557
2071,6,59,0,-0.7298824967904278,-0.17032065850286648,0.847832682091506,-1.0004914806384544,1.5104770920098334,0.35485975356438476
2072,7,59,0,-0.6059169749702231,-0.4085446539918885,0.7642584696319504,-1.1423647682023859,1.5566413803110464,0.2106561885014185
2073,8,59,0,-0.47934518523694575,-0.42566543460167505,0.363864582647304,-1.0516917098541716,1.2842958210262783,0.492228298346056
2074,9,59,0,-0.31614254445065504,-0.2571884191439066,-0.25679547754254545,-0.7672118017006127,0.905897266420691,0.6422170052745771
2075,10,59,0,-0.08867276893798737,-0.014887372470848311,-0.8998200233627944,-0.38196323377547264,0.9816600634695556,0.5712046505496325
2076,11,59,0,0.20590774625243652,0.17732305465532047,-1.3389598836329972,-0.0013642510678077994,1.3662565267322668,0.3716161544819931
2077,12,59,0,0.5362475533057306,0.24800584478421636,-1.4087413546682128,0.29521964842460197,1.5558840517988133,0.3308488496776445
2078,13,59,0,0.8408995263956387,0.2103120112672836,-1.0717267109354498,0.47324433045645664,1.457361140835516,0.48329476532526355
2079,14,59,0,1.0451024636541733,0.14620031154300991,-0.43481506558087546,0.5376389626205393,1.261639205959884,0.554555229888849
2080,15,59,0,1.084406128250607,0.15251562889292403,0.29242719729363104,0.5115619621257981,1.2435461289614795,0.5063096450666281
2081,16,59,0,0.926631634401985,0.27852840518210953,0.8792173860133135,0.4145993985531918,1.3715466202490296,0.44344981727788024
2082,17,59,0,0.5843604078590204,0.4890443076902628,1.1598039840837617,0.2539605861453784,1.4107737883761804,0.47450374091813075
2083,18,59,0,0.11380064514400207,0.6740562655832387,1.088652257440697,0.032960620042975446,1.2859053527035167,0.5557901337070119
2084,19,59,0,-0.39912442357426126,0.7017558453271737,0.7437806762831549,-0.23032864595793337,1.1216160446005508,0.6168223816762483
2085,20,59,0,-0.86034434830022,0.48878618990931194,0.2811057439871831,-0.48851992196611227,1.1387609453079064,0.6392930727568515
2086,21,59,0,-1.1897726813283271,0.051626792539884815,-0.13627210685324181,-0.6674804283897131,1.371978341058156,0.6074225482932686
2087,22,59,0,-1.3377242123648596,-0.48873948442534815,-0.4009650838061418,-0.6898677648540339,1.6325020316679262,0.5126506518558763
2088,23,59,0,-1.2922108765429685,-0.9540408981439015,-0.4901802911528509,-0.5110450785076074,1.7554050173360876,0.42093667648912647
2089,24,59,0,-1.0771497406401158,-1.1870031467384383,-0.45264827881155506,-0.1498436600284089,1.672295315095332,0.45228233961905323
2090,25,59,0,-0.7440494666395515,-1.1235989613039419,-0.3661127294999654,0.30363707647147936,1.4290970014523017,0.5355866023110503
2091,26,59,0,-0.3605720932798012,-0.8238700230594894,-0.2905610533299194,0.7117166404729108,1.1831062299668869,0.5185854290753731
2092,27,59,0,0.0013404062615240105,-0.44518066706443343,-0.24155370948248261,0.9380301273121551,1.0660376810070484,0.375823372833763
2093,28,59,0,0.27643732491768014,-0.1693713871862198,-0.19494497040086148,0.9021787999986718,0.9782813450417338,0.2842675979356248
2094,29,59,0,0.4158487784549247,-0.1178193490895701,-0.11631194640675367,0.6158727830396424,0.7613405015682962,0.42188580833283423
2095,30,59,0,0.3951030774201021,-0.29477834065232056,0.004926184051133159,0.1828222597414428,0.5257841361726731,0.528488823253307
2096,31,59,1,0.21929657908107925,-0.5862614242489942,0.1385442007138547,-0.2399929846765659,0.6845323771776836,0.48212065181175123
2097,32,59,0,-0.07650271002950998,-0.8153298139611911,0.22515197088464906,-0.5047014269429777,0.9879434753706152,0.3832353865206359
2098,33,59,0,-0.4333237780821895,-0.8276634068971103,0.2110014902989011,-0.5323746306750686,1.0957830935284258,0.46407835507143896
2099,34,59,0,-0.7809551394834685,-0.5667599111352087,0.08630818252543027,-0.3444839956732322,1.0282149835523073,0.6465558297927723
2100,0,60,0,-1.0043712571482954,-0.09409780289578246,-0.016757108279453967,0.06347788342784351,1.0109036853517892,0.6310940835359081
2101,1,60,0,-1.1734632984854025,0.4096154241645231,-0.1432516518467373,0.34191801190266763,1.2970080459372697,0.42818131261608167
2102,2,60,0,-1.2019851645473627,0.763159481379461,-0.13939761536050985,0.4349677475335776,1.495262306879281,0.2764491752875339
2103,3,60,0,-1.1103634630910613,0.8367333266154574,0.05065587460294059,0.28766346115586766,1.4206850335498387,0.5086726980802017
2104,4,60,0,-0.9459513994513579,0.6177454489433836,0.39107256497793025,-0.05817843708855082,1.1969778491829868,0.6918362418214827
2105,5,60,0,-0.763024115292329,0.21202149028549125,0.7537481088000233,-0.48469706480604097,1.1959207202033606,0.6390594373026888
2106,6,60,0,-0.601146940243556,-0.20839489102289482,0.9653007360108542,-0.8478920439388415,1.433712838572117,0.3735255940446458
2107,7,60,0,-0.47071458863548454,-0.4844391274513756,0.8835869092497567,-1.0338545677263946,1.5184974763121577,0.22343527911283814
2108,8,60,0,-0.3517647548455435,-0.5379207690800141,0.4693965993322088,-0.9974988045585162,1.2761011829472968,0.4932730598607749
2109,9,60,0,-0.2067289218005264,-0.39673183252907096,-0.181435909509214,-0.7696620227849306,0.908532670093657,0.6449156114588892
2110,10,60,0,-0.0018672789018723305,-0.16791792887273385,-0.863834848662516,-0.43369076597248746,0.9810699484853262,0.5715612257953621
2111,11,60,0,0.27169391704472323,0.02497136941316264,-1.3394836886429597,-0.08597372264885828,1.3696894491000966,0.3629585643052615
2112,12,60,0,0.5864440044780465,0.1068716511459988,-1.4317827919549966,0.19981063493256573,1.5637341121103419,0.3305627604386303
2113,13,60,0,0.8818000123180837,0.08531363156108857,-1.0987514364667526,0.3895910422058929,1.464201344337294,0.5019691260839756
2114,14,60,0,1.081518509432191,0.0373169204475911,-0.4517460289225348,0.48329876860515647,1.2683560277692776,0.5777437932929933
2115,15,60,0,1.11877626695068,0.05757776946257554,0.2884603067494149,0.4951768195260597,1.2583262558630395,0.520246255954306
2116,16,60,0,0.959511122260585,0.1966103295327766,0.8790971024709796,0.43480535181339036,1.3860680448517642,0.4493468125341634
2117,17,60,0,0.6155039208606777,0.42273867766721235,1.1483879204989955,0.3013376334066551,1.4025520494604904,0.4924843380593738
2118,18,60,0,0.14288665900397474,0.6295135502260596,1.054758179434025,0.09409787743860235,1.240190765511889,0.5830569018115511
2119,19,60,0,-0.3726503842847154,0.6864823886976544,0.6891866462058088,-0.1683089512813901,1.055193117533201,0.630035901290746
2120,20,60,0,-0.8380936745918067,0.5082769826249898,0.2236986898641247,-0.43465772815037307,1.0953149971332135,0.6253563403677432
2121,21,60,0,-1.1750969519959267,0.10644887774956116,-0.16746177429536496,-0.625898803476531,1.346096938636948,0.5802666668607868
2122,22,60,0,-1.33536905654567,-0.40403978440954286,-0.37722606384433827,-0.6608848650390333,1.5891906659197748,0.5001041092269198
2123,23,60,0,-1.3065690089277413,-0.84971799561077,-0.396167550297907,-0.49350898418682265,1.6821543010489135,0.43694885223033214
2124,24,60,0,-1.1096016836559561,-1.075170985595207,-0.29501807604316177,-0.1433041453177396,1.5794873497104551,0.47456009193170196
2125,25,60,0,-0.7906130765771386,-1.0149112593423066,-0.17347423937182307,0.2980543428315163,1.33193228213784,0.5506046899921901
2126,26,60,0,-0.4112475159143507,-0.7252387515325647,-0.10426497150409444,0.6921087841017703,1.0885685643926237,0.5380469085643281
2127,27,60,0,-0.03928417813572463,-0.3593425206016199,-0.1009506603953153,0.9036848719066449,0.9785232124540043,0.41316072319828295
2128,28,60,0,0.26011138198322137,-0.09615569662540989,-0.1232597932613534,0.8556302053731866,0.9078545445238089,0.32472270844318757
2129,29,60,0,0.4332679365616404,-0.05615946891295687,-0.11301698589949825,0.5639423243720812,0.7222733382321127,0.4288914445053568
2130,30,60,0,0.44721906665074995,-0.24424681154781447,-0.03773382281229841,0.13605139382804501,0.5287676443144241,0.5215384075670474
2131,31,60,0,0.2977755984239169,-0.5473099185901444,0.08417133409479137,-0.26935269706903386,0.683998642473457,0.47850802040104806
2132,32,60,0,0.013430993615506497,-0.7882459380157172,0.1914893880938774,-0.5053465743294505,0.955800918772762,0.39833489182394816
2133,33,60,0,-0.3480748953509455,-0.811063607371995,0.21747521294430588,-0.49625991674364633,1.0356397448864287,0.49519958784743273
2134,34,60,0,-0.7118281257112866,-0.5567800313369795,0.13506487547814153,-0.2680726558200649,0.9522650645884264,0.6737093745451025
2135,0,61,0,-0.9371621809721012,-0.08623363173862603,0.06016150910303152,0.1648480356172365,0.9573418797439264,0.6612186581842004
2136,1,61,1,-1.123219355464146,0.4135880219261843,-0.04758710850873484,0.47521872877443533,1.2887102643512691,0.44659052263677584
2137,2,61,0,-1.1555539246544504,0.767730963788405,-0.03765122945374515,0.5948669904090922,1.5099669058961278,0.23777093893893964
2138,3,61,0,-1.0521092371835423,0.8427253657573865,0.15280802661509538,0.4667490503004903,1.4346863273943422,0.4649163846235686
2139,4,61,0,-0.8642691634097587,0.6204175180716013,0.4946982368011173,0.12971649820732023,1.180437121981698,0.667190188497606
2140,5,61,0,-0.6549190612150747,0.20157287681320238,0.8621693340033729,-0.3018268477338535,1.1419220673576456,0.6342478198232712
2141,6,61,0,-0.4731785216527415,-0.24377416022117962,1.0784934791311565,-0.6865232148360318,1.3848415301334092,0.38858856820395427
2142,7,61,0,-0.33621823082144775,-0.5540650554066494,0.9950024698064421,-0.9105879197371204,1.4964060474522194,0.24684998053913335
2143,8,61,0,-0.22580362819145364,-0.6445538617896633,0.5672092506146599,-0.9252832664926699,1.2823074578612503,0.49807894368624317
2144,9,61,0,-0.10101953484282937,-0.5347795243871024,-0.10923979337449514,-0.7539743836563262,0.9362717499689908,0.6449336386003572
2145,10,61,0,0.07832826178649963,-0.3247804669944727,-0.8233585533281678,-0.47017726263590887,1.0052878363802538,0.5659229532060362
2146,11,61,0,0.327807617572337,-0.1350781284654991,-1.3273397874645763,-0.16068762273564527,1.3832408895109822,0.34860490308691766
2147,12,61,0,0.6244285722808247,-0.042625113224253684,-1.4363064339071758,0.1073602347606921,1.5704236161778353,0.330983354570915
2148,13,61,0,0.9089634672820197,-0.045520794578760265,-1.1057193832059837,0.30144638430947135,1.463479417211977,0.5217349077348005
2149,14,61,0,1.1039496648810192,-0.07339015964036805,-0.45177791807073325,0.41775434580745785,1.2659830009997355,0.6005879133166512
2150,15,61,0,1.1403139435702285,-0.03619040496459263,0.29478707581861147,0.4629247481884799,1.2660270051887688,0.5328495024788158
2151,16,61,1,0.9821958315508955,0.11582424923829192,0.8814645712166002,0.4376780866615116,1.395229660694366,0.45234014891244556
2152,17,61,0,0.6406259770017664,0.35402676548757966,1.1327183739071807,0.33375830181033334,1.3893099408358494,0.5059899497321737
2153,18,61,0,0.17154461146640193,0.5768902208573429,1.012354293657723,0.14632264498201616,1.1868030219736352,0.6052086660738903
2154,19,61,0,-0.3400685118610258,0.6579073598536412,0.6245131416623975,-0.10663898334994004,0.9746164495779391,0.6392421238111566
2155,20,61,0,-0.8032139003591254,0.512301663895914,0.1565401388903407,-0.3720258994321077,1.034656295342911,0.608068722003354
2156,21,61,0,-1.1426258960741487,0.14809027738694697,-0.20731313860661313,-0.5681622526597507,1.3012731271420774,0.5508747802878844
2157,22,61,0,-1.3127799146890515,-0.3262453754111066,-0.36109208767465595,-0.6120295865648311,1.5280035536608176,0.4891944077085203
2158,23,61,0,-1.301877304623829,-0.7441110970676805,-0.30882167907584873,-0.4569845459971517,1.5977457700840025,0.4538245072075898
2159,24,61,0,-1.1277686771956512,-0.9546558739797523,-0.14272936574597567,-0.1228534928292929,1.4895283412994462,0.49165636396660933
2160,25,61,0,-0.8300758034899852,-0.8930209428969849,0.016130206956078606,0.29874180750062007,1.2553959913578456,0.5572944377219318
2161,26,61,0,-0.4623771596324643,-0.612349967051476,0.0823983078110552,0.6708513055284454,1.0225439233387847,0.5514649240453146
2162,27,61,0,-0.08596902508798793,-0.260629015124986,0.04384969940305409,0.8616237413634878,0.9053377406352572,0.451021022364596
2163,28,61,0,0.2358721227133181,-0.01194017424498373,-0.04437831690524107,0.7983938761905314,0.8337748152733871,0.3725260476736827
2164,29,61,0,0.4453044345010621,0.01586287659549514,-0.10162252492298875,0.5014154613129392,0.6784484303582593,0.4409720982371145
2165,30,61,0,0.5000704122968513,-0.18220333521559734,-0.0740572639856233,0.08065993780122735,0.543377379482772,0.5117080041166128
2166,31,61,1,0.38473915531756253,-0.49485453391442136,0.032256123878756544,-0.30523051142727,0.6979336286524424,0.47035244532504117
2167,32,61,0,0.11880821758764244,-0.7467474112101444,0.1558516553765434,-0.5118472427359598,0.9262960796070653,0.4123301609958433
2168,33,61,0,-0.24324835984562082,-0.7820439000347958,0.2189202557572398,-0.4674996239869915,0.9681138378093829,0.525033340593392
2169,34,61,0,-0.6227865404555253,-0.5399164376146702,0.17853067110832424,-0.20227492618646742,0.8672722645566427,0.6935447370025025
2170,0,62,0,-0.8552693554906766,-0.07903899609089651,0.13192235885459558,0.2486568588454551,0.9038620334769812,0.6865627446248137
2171,1,62,0,-1.062803056976143,0.40946209776836767,0.04695840880637766,0.588069369793242,1.282669179201463,0.46572737644359896
2172,2,62,0,-1.1041159082205632,0.7593402745593861,0.06716270903344092,0.7343771210988889,1.529539204084631,0.20829493102912347
2173,3,62,0,-0.9932337821139162,0.8352195615247042,0.2601057642112313,0.6289340895531447,1.4653730444715385,0.4203841157430559
2174,4,62,0,-0.7847491408128562,0.613469156976522,0.6021706731925682,0.30710102789551497,1.2037841091971904,0.6369684294912977
2175,5,62,0,-0.5501425242605529,0.18811124653704456,0.9701604611033822,-0.12146286230169297,1.1375443662909772,0.6222446119884661
2176,6,62,0,-0.34873087162542693,-0.27555765449673064,1.1859685519683134,-0.5196401357794463,1.3689749883570075,0.40048324308105554
2177,7,62,0,-0.20537497053528653,-0.6160548111388497,1.0970847668011812,-0.7752236602144946,1.4920687376100519,0.27829984084134174
2178,8,62,0,-0.10431977759983317,-0.743369907569095,0.6559185916142188,-0.8368373475731123,1.3015403876162068,0.5073489251833557
2179,9,62,0,-0.0015981335940385758,-0.6681936503554916,-0.041437492681876874,-0.7208627216718648,0.9837913588268146,0.6431324368439496
2180,10,62,0,0.14965946296358457,-0.4816132758088149,-0.7793484063793822,-0.49101452832260883,1.0501564206535152,0.5549459031568454
2181,11,62,0,0.3722951527218746,-0.29873742100399714,-1.3031855501077287,-0.2241670216514026,1.405841797306499,0.3290986114513439
2182,12,62,0,0.6485208505211609,-0.19676429439316775,-1.422763637193328,0.019728794863958784,1.5760523702514153,0.3329231021554369
2183,13,62,0,0.921021797644077,-0.17930463035968808,-1.0930314525026672,0.21066911755358717,1.4558607541433517,0.5420945458062685
2184,14,62,0,1.111446681010289,-0.1840393223904951,-0.4353663358164939,0.34238112979594654,1.2553696194019388,0.6221476957302156
2185,15,62,0,1.1485950654793255,-0.1277584113145009,0.3109379411418388,0.415401228921766,1.266820200476887,0.5434219122273558
2186,16,62,0,0.9947944159776537,0.03671472305023368,0.8860353234255063,0.42299581669073183,1.3981945344781526,0.452571270191764
2187,17,62,0,0.6602081153313898,0.2833418427644239,1.1129583197690762,0.35038181061387935,1.3702558119427304,0.5154931791715984
2188,18,62,0,0.2003123996037565,0.5167010290131111,0.9622101109748642,0.1885022013141785,1.1262710101839495,0.6222564562800749
2189,19,62,0,-0.30115746213536787,0.6165484026587793,0.5510365474081858,-0.04642682940268679,0.8812630009757743,0.6440162488881294
2190,20,62,0,-0.7560785790790224,0.5010836386738404,0.08099993241603842,-0.3015113231248343,0.9592756109235032,0.5873409999564106
2191,21,62,0,-1.0933813085528823,0.17613044269382763,-0.25499516028299796,-0.4948952046086888,1.2395355638499304,0.5197432326585258
2192,22,62,0,-1.2714141861338841,-0.2566275739934643,-0.35289781159810185,-0.5437324159895282,1.450011568941709,0.4803593169936579
2193,23,62,0,-1.279629560269931,-0.6392778765920945,-0.22999863808305512,-0.40179310718690747,1.5034843163530784,0.47100936993068854
2194,24,62,0,-1.1327691369485324,-0.8279675410890338,0.0009460701757697077,-0.08871828763858718,1.405904689632425,0.5038560589865465
2195,25,62,0,-0.8629509337595731,-0.7604149488568737,0.1985992118118614,0.3056548010693622,1.2065577950809339,0.5559009219565274
2196,26,62,0,-0.5139473503525851,-0.48724581814265555,0.26538977122154284,0.6482273259179939,0.9960827088990977,0.5582584140399625
2197,27,62,0,-0.13855410124965165,-0.1504318391917978,0.18975969631361142,0.8125664244115471,0.8591274140904398,0.4868698220282216
2198,28,62,0,0.20348475846846856,0.08246714312082683,0.0401283635795084,0.7315985415732786,0.7648879579514893,0.42342625097907594
2199,29,62,0,0.45084776013044586,0.0977582513031076,-0.0821431368285396,0.4296168302391289,0.635718879903083,0.45892316863518784
2200,30,62,0,0.5514549910067933,-0.1091190144676205,-0.10298790855821932,0.017800556460647352,0.571780495945946,0.5013696343383687
2201,31,62,0,0.4770411456673858,-0.4295161311968644,-0.015887754640898616,-0.3470654188143351,0.7299035465746643,0.45872429819721405
2202,32,62,0,0.23599832714671426,-0.6915533599343516,0.11897954726423088,-0.5245733432361579,0.9073447994856749,0.42393972527989937
2203,33,62,0,-0.12236770887274123,-0.7411850804655871,0.21495085059601216,-0.4475487636860774,0.9004626276133998,0.5517586983834547
2204,34,62,0,-0.5167524407900624,-0.5163250584312084,0.2150772649404986,-0.1495664176693594,0.776049608089076,0.7051667204090963
2205,0,63,0,-0.7611739694475729,-0.0721558741562729,0.19611563446715527,0.31203845459415785,0.848776543719132,0.7067788492204307
2206,1,63,0,-0.9938373659278368,0.39833198374646167,0.1373920285495351,0.6771717893951059,1.2742916781692089,0.48457065374837366
2207,2,63,0,-1.0488023345382955,0.7395241793780467,0.1719943286878923,0.8500060785065419,1.5488623991228594,0.1928715931860569
2208,3,63,0,-0.9348659018414571,0.8157858199335022,0.36983855314458985,0.7706733272878395,1.5067178538848638,0.377713682917476
2209,4,63,0,-0.70892003496584,0.5981863099416429,0.7112869570984072,0.4704426980241745,1.2600158510273365,0.602975603162135
2210,5,63,0,-0.4507926582031956,0.17258584785203007,1.0759842409461962,0.05293822959399796,1.1804848319592318,0.6043770855082768
2211,6,63,0,-0.23038069754437357,-0.3028748462475421,1.2863025718455994,-0.3504885965616455,1.3864432916447968,0.40991722104942613
2212,7,63,0,-0.08097396256930627,-0.669157949318998,1.188579218635898,-0.6305590662757599,1.5048768849266916,0.3149990194489581
2213,8,63,0,0.009984703930096744,-0.8322993196828739,0.7343712156137806,-0.7342093118136791,1.3308592140918303,0.5212086573094975
2214,9,63,0,0.08913044685657322,-0.7938933274674902,0.020926730218818468,-0.6713621118743232,1.043731701756854,0.640329001556825
2215,10,63,0,0.21009193865122877,-0.6345047009511235,-0.7327116314197104,-0.49611231600988503,1.1089312887324139,0.5394868933115665
2216,11,63,0,0.403465916091341,-0.4617774137915764,-1.2678039299629822,-0.27531344303507177,1.4349729691115682,0.3053620780529595
2217,12,63,0,0.6573320771364494,-0.3516544762013938,-1.3918839503926193,-0.061321319842840186,1.5801416284285492,0.33724281383759497
2218,13,63,0,0.9169020710329172,-0.313025160969492,-1.06144929627037,0.11920116474478931,1.4420740915410022,0.5625206798011053
2219,14,63,0,1.1033311335843248,-0.2927202378825366,-0.4033251366827416,0.25881667926738267,1.2380153340527036,0.6415026154279443
2220,15,63,0,1.1434163075275507,-0.216166737001323,0.33615525705832644,0.35359353018450174,1.2618072958823885,0.5512198111064242
2221,16,63,1,0.9975633429206555,-0.04029386917345105,0.8923388995430286,0.3909683037025374,1.3949484381760149,0.45019241161441703
2222,17,63,0,0.6747851095899535,0.2110289673476908,1.0891846292840228,0.3507281476845075,1.3450656338747706,0.5216869237505662
2223,18,63,0,0.22966637319380323,0.44947932951255054,0.9050895166763125,0.21969174908360692,1.059353486069604,0.6346204385655878
2224,19,63,0,-0.2558861069878388,0.5630822876389842,0.4700917089688311,0.01117061791011106,0.7769493934278302,0.6443999036852801
2225,20,63,0,-0.6973783910224344,0.47512164422477254,-0.0014318705743512133,-0.22429178313752898,0.8731472105620247,0.5633311428927761
2226,21,63,0,-1.028802070092161,0.19046622817622436,-0.30948733320215016,-0.4071985013399791,1.1646047022091646,0.48740650386889756
2227,22,63,0,-1.2131907013446346,-0.19619343048493837,-0.3527179734336928,-0.45698276052234804,1.3577800824111141,0.4737970826350419
2228,23,63,0,-1.2417486893735417,-0.5371455613840878,-0.1612461684220733,-0.3287776667481893,1.4016277118617193,0.4880505414213566
2229,24,63,0,-1.1260397444357146,-0.69765879363482,0.13304169296324336,-0.041506872184584015,1.331959538007786,0.5118120839485748
2230,25,63,0,-0.8899041356496517,-0.6197889012479242,0.37006529794493886,0.31856562030059454,1.1893275545185362,0.5471181012101699
2231,26,63,0,-0.5659213974930799,-0.3523009326477264,0.44077414559399863,0.6245398665562003,1.0142558196170897,0.558203407358784
2232,27,63,0,-0.19672574361397835,-0.030548108938569785,0.33364472737006023,0.7574126767624718,0.8512502406358131,0.5187290399901396
2233,28,63,0,0.1629096835010533,0.18581747659943434,0.1285254627690503,0.6566452636023704,0.7132807977084619,0.4741254905941884
2234,29,63,0,0.44891787079116235,0.18857714684052554,-0.054792681800735696,0.35016958260459013,0.602253741861828,0.4826786220197586
2235,30,63,0,0.5991480491109472,-0.025941777935167554,-0.12360594404045609,-0.051091773738396164,0.6144429667119311,0.49310145345279827
2236,31,63,0,0.5713194130123289,-0.3524016492773986,-0.05894539798493234,-0.3940394569297064,0.7805987750818231,0.44500452649877553
2237,32,63,0,0.3609826963066863,-0.6238496809968448,0.08177000423053718,-0.5436437945251331,0.9064942583548212,0.43202533851347974
2238,33,63,0,0.010558900524003975,-0.6894630832240449,0.20544170087080807,-0.4375845643692954,0.8421148240828199,0.573737281430322
2239,34,63,0,-0.39712642387579167,-0.4864238846513183,0.24334171361627832,-0.11209063195991474,0.6827130374165516,0.7081097828316899
2240,0,64,0,-0.6576643670078763,-0.06531852532433474,0.25057422766947707,0.35261070677859385,0.7898801703356471,0.721754691132291
2241,1,64,0,-0.9181156804519238,0.3813551059802245,0.22081290337916284,0.7397646837447683,1.2587208765900484,0.5025686548997271
2242,2,64,0,-0.9907571649655933,0.7099980379976851,0.2737188905137048,0.9388019650719553,1.562679792708103,0.19514268886567257
2243,3,64,0,-0.8780102868590188,0.7862145779489027,0.4791100242391402,0.8889079085661022,1.5520113117008587,0.34041423584244007
2244,4,64,0,-0.6380976560974866,0.5760343766110256,0.8196494593741751,0.6165902426243296,1.3382798606071402,0.5673889573591125
2245,5,64,0,-0.35871918051352947,0.15602211043408992,1.1778017532973943,0.21815913334322676,1.2600923485777102,0.582290772381812
2246,6,64,0,-0.12045903449939728,-0.32490070040508173,1.378119686098138,-0.18223403641209346,1.4326527692900728,0.4177721866778686
2247,7,64,0,0.034425605459765245,-0.7122607343990327,1.2684139629805045,-0.4794663589351728,1.5320778201228493,0.3545675859025317
2248,8,64,0,0.11463239729350667,-0.9094367295119246,0.8016545440728049,-0.619652676413515,1.3663217772229246,0.5391985785049234
2249,9,64,0,0.16900278716391562,-0.9089219305184231,0.07700178559283323,-0.6067972745614432,1.1085275031528037,0.6372218667479348
2250,10,64,0,0.257868112259413,-0.7795862099606139,-0.684299125313065,-0.4856901713072941,1.174057433641865,0.5205813884436175
2251,11,64,0,0.41994535494199836,-0.6199330119519018,-1.2220954306234346,-0.3132832957219513,1.4670837417728424,0.2787736675332091
2252,12,64,0,0.6498142064831186,-0.5033304145188093,-1.344662303195234,-0.1341558027963163,1.581680909091716,0.34467373686449376
2253,13,64,0,0.8958679263627498,-0.4436159583164032,-1.0120751571959257,0.029033245146594177,1.4228540027337215,0.5824560400805944
2254,14,64,0,1.0792226101703482,-0.39753307127985094,-0.35679863107591825,0.16893405805521575,1.2159761363500283,0.6577925308422126
2255,15,64,0,1.1248021906362375,-0.3005370076225764,0.36942522405886247,0.27887039181096535,1.2528951083832012,0.5555170830274444
2256,16,64,0,0.9908929174806631,-0.1148919591004737,0.8997477430710848,0.3422451626201886,1.3862707847594984,0.44537679336012403
2257,17,64,0,0.6849165763127602,0.13734988877539236,1.0614054348621882,0.3347009311234276,1.3139946418857598,0.5254182309004833
2258,18,64,0,0.25999196633884125,0.37577082492665526,0.841750696764172,0.2391638047275232,0.9871894936745985,0.6430294404550675
2259,19,64,0,-0.20442802311869632,0.4983270190013115,0.3830548695875818,0.06497534790773138,0.664133618674316,0.6408521996458155
2260,20,64,0,-0.6281087617963663,0.43516977413353175,-0.08917059146068479,-0.14181511148097942,0.7822763381252206,0.5364968177939402
2261,21,64,0,-0.9507020946251653,0.19130434366448626,-0.3695991312111417,-0.3066361007939715,1.0821557377437583,0.4544963964182502
2262,22,64,0,-1.1404260991234783,-0.14566876489790317,-0.36036475452905875,-0.3533205895479307,1.255583239747234,0.46950166571151825
2263,23,64,0,-1.1905175061562925,-0.43946586809719373,-0.10376830255943835,-0.23929627654060925,1.295566575004652,0.5046194870765519
2264,24,64,0,-1.1092777856286238,-0.5662591206152432,0.2509649914275991,0.017796453627193076,1.2706088060662302,0.5165020151437338
2265,25,64,0,-0.9117181338421149,-0.4739733842004841,0.5269856228341357,0.3370660007369849,1.2029996093240078,0.5321118462201015
2266,26,64,0,-0.6182260205485757,-0.2101561648607982,0.604812548969988,0.6001060818638964,1.0734498381358761,0.5514417093113402
2267,27,64,0,-0.2600127666122637,0.09686926960598026,0.4723961121848754,0.6972239807423297,0.8867184786192998,0.5451080537692143
2268,28,64,0,0.11431531153560102,0.29645418028377624,0.2189520578069113,0.5751761281238499,0.6926186926734158,0.5220809518725792
2269,29,64,0,0.43870425717833206,0.2869335889972254,-0.01998543081193726,0.2649566236342262,0.587702084064374,0.5113206861723752
2270,30,64,0,0.6409760320099788,0.06592791266344862,-0.13515763044835344,-0.12433514336157866,0.6700175939649455,0.4893340337052576
2271,31,64,0,0.664100449448143,-0.2650729432033959,-0.09563883904603052,-0.4450966887809145,0.8476738300039367,0.4308421652511335
2272,32,64,0,0.48947553419143586,-0.5452526124402526,0.04525213782078697,-0.5689183191383748,0.9287639742009253,0.4356715318259618
2273,33,64,0,0.15115608323035679,-0.6282163571107516,0.19053561751010162,-0.4384663270900256,0.8037788840040643,0.5895553290149328
2274,34,64,0,-0.26769029792204774,-0.4508761920729853,0.26227243654343174,-0.09158964476733597,0.5933994693112435,0.7023051147270689
2275,0,65,0,-0.547757531204584,-0.05835680057632205,0.2934456842592763,0.3685529195997562,0.7248347765668702,0.7315384395210751
2276,1,65,0,-0.8375519853568982,0.35971935895282686,0.2945086585498373,0.7737091111060225,1.2313620442217679,0.5195459587631851
2277,2,65,0,-0.9311050555399892,0.6726035166342592,0.3692408091474591,0.9984372742365477,1.5660676488471614,0.2146543326578781
2278,3,65,0,-0.8235187709475822,0.7484606829743183,0.5849332080148143,0.9811435577795536,1.5947307292681803,0.3129011624178959
2279,4,65,0,-0.5733477661869127,0.548612982555575,0.9247410507427735,0.7428455593974649,1.4271192667977781,0.5327477799195378
2280,5,65,0,-0.27547302297919846,0.13949384674729967,1.2737234327149818,0.37129000989146044,1.362193662502544,0.5579069404114759
2281,6,65,0,-0.020990219973259238,-0.340871018302631,1.4601205479508788,-0.01789570039082649,1.4996352593527702,0.4249935303116064
2282,7,65,0,0.13855937913280827,-0.7444032995231672,1.3357127302042258,-0.32483064803643874,1.5693879129839274,0.39511925008438514
2283,8,65,0,0.20743243524917795,-0.9730766201202656,0.8571006199924163,-0.4955731975114223,1.4036098427629964,0.5603778518635151
2284,9,65,0,0.23615217386584095,-1.0105118594003413,0.12613073213035403,-0.5287457681847274,1.171487565521416,0.6343264219532082
2285,10,65,0,0.29155609125297394,-0.9131250764044133,-0.6349023921164456,-0.4602626405068731,1.2384446314901696,0.4994128788081671
2286,11,65,0,0.42071929900433475,-0.7690101459718842,-1.1670692215596343,-0.3374963870499477,1.4981107143151926,0.2512968506596844
2287,12,65,0,0.6253001463015836,-0.647853727748937,-1.2823416356071284,-0.19729551660374045,1.5792530882687799,0.3556455402035055
2288,13,65,0,0.8575527709661184,-0.5680320655691482,-0.9463249013284287,-0.0578311119803415,1.3989040134668156,0.6013217065793632
2289,14,65,0,1.0390591629440877,-0.4966284637247199,-0.29722647349850495,0.07480863366966511,1.1917313805130432,0.6702564210481428
2290,15,65,0,1.0930075641299686,-0.38008016580285986,0.4095163790025104,0.1929613799677914,1.2426038091493439,0.5556693909002235
2291,16,65,1,0.9752912247070623,-0.18687531442185504,0.9075114328022726,0.2779127289219151,1.3736549208933546,0.4383372455480652
2292,17,65,0,0.6911591628101648,0.062492425805454395,1.029581716282193,0.3026010858851536,1.2779719164758503,0.5276083112967438
2293,18,65,0,0.2915575898658394,0.2961299881344654,0.7729493009821965,0.24643372524833831,0.9115256446801349,0.6484123897952493
2294,19,65,0,-0.1471701130956924,0.42322319141554315,0.29132853168490086,0.113819163507576,0.5464467286898156,0.6341822576935104
2295,20,65,0,-0.5495492632757886,0.38221294160461716,-0.18056280153684895,-0.055768096544468244,0.6955603003248857,0.5076427186969246
2296,21,65,0,-0.8612183230123981,0.17914652753358137,-0.4339929542327613,-0.1952065360347716,1.0001229695662437,0.42182117664885704
2297,22,65,0,-1.0557606138916649,-0.10548899593841593,-0.37539234024055346,-0.23481110472137565,1.1497017291979483,0.4673287523396237
2298,23,65,0,-1.1284998151070202,-0.34777570227195365,-0.0584000761675234,-0.13520028052849092,1.190020779876841,0.5205136268768605
2299,24,65,0,-1.0843763412515952,-0.43620998555013407,0.3525550365076621,0.08784778956625489,1.2239948892288888,0.5191563542165735
2300,25,65,0,-0.9292540408870923,-0.3258568450061155,0.6662231340073834,0.36057420035271226,1.2424020179430437,0.5125360907010632
2301,26,65,0,-0.670738584394496,-0.06364410094271704,0.7540496435959221,0.5752503944868348,1.1633764229795682,0.5384863839118401
2302,27,65,0,-0.32778666790635036,0.22937332050494577,0.6030035228048147,0.6331998255035566,0.9615672037613199,0.5649416649055021
2303,28,65,0,0.05808548491604798,0.41236018634587074,0.30946235931349636,0.4890351765896276,0.7129777013448999,0.5652997861322141
2304,29,65,0,0.41960077264537665,0.39104457296395595,0.021668028741521673,0.17607335694682116,0.6003765459653015,0.5432763733202631
2305,30,65,0,0.6748896448500667,0.16467750951513266,-0.13708155186683244,-0.200044408657407,0.7358014896446368,0.4918837113336909
2306,31,65,0,0.751908030912001,-0.1694998967699834,-0.12476622264249033,-0.4989702469362536,0.9266249616727897,0.41805334847460124
2307,32,65,0,0.6170530909797948,-0.45775782965680034,0.010557081873012358,-0.5999975521607317,0.9748873074752622,0.4342451954749911
2308,33,65,0,0.2948097469437656,-0.5591010594159471,0.17064137365705453,-0.4507045054942926,0.7948331970982987,0.598055932019189
2309,34,65,0,-0.13249844703475736,-0.41056502818254287,0.2711649781553176,-0.08934537080008526,0.5173321191406283,0.6880585758188404
2310,0,66,0,-0.43461398785498695,-0.051195053420170174,0.3232546425739637,0.35866907959194666,0.6516496946480248,0.7362759758998542
2311,1,66,0,-0.7541278284265397,0.3346112852212021,0.3560469285120895,0.7775585045409054,1.1882929508717517,0.5355869449239267
2312,2,66,0,-0.8709204355294159,0.6292540942547374,0.4555981432678854,1.0272775436291195,1.5547771351396058,0.2473761195384988
2313,3,66,0,-0.7720667513497269,0.7045833472614657,0.6843302065820946,1.045514183194084,1.6290894698200518,0.2998041033695067
2314,4,66,0,-0.5154569618770551,0.5176068124731679,1.024005830907,0.8470230223010304,1.5164592424149304,0.5018772150124792
2315,5,66,0,-0.20226538735108865,0.12409309751300451,1.3618636488742557,0.5097865775325242,1.4733856713461295,0.5333485392104095
2316,6,66,0,0.06635961341225843,-0.35009762663094957,1.5311110040978004,0.13971252364064335,1.5782244588765755,0.43246946187662655
2317,7,66,0,0.2295136777951689,-0.7647942008414373,1.38980359739065,-0.16949080863133892,1.6117902690692278,0.435172478525158
2318,8,66,0,0.28653375629942346,-1.0217448939675284,0.9002837070139564,-0.3644749675396034,1.4385468282004445,0.5834945411723883
2319,9,66,0,0.2890551558843453,-1.096145244356142,0.16784608814027638,-0.4389970339416183,1.227182946826365,0.63193020539991
2320,10,66,0,0.3100892104779989,-1.0316142945877034,-0.5852533433457955,-0.42061843081607103,1.2960805189077411,0.4772684359813075
2321,11,66,0,0.4051682841251656,-0.90499186665373,-1.1038332999255422,-0.3476385548401638,1.523965923505576,0.2256478433098068
2322,12,66,0,0.5835338146946839,-0.7814140767407345,-1.2063912270836465,-0.24944021616623469,1.5712160533949966,0.3701724270334282
2323,13,66,0,0.8019835805351629,-0.6833259418637121,-0.8658949212699726,-0.13941253474649595,1.3708836113242815,0.6185329540674637
2324,14,66,0,0.9831102464338681,-0.5882472506066567,-0.22630230022406225,-0.02132115689049684,1.1679931109845652,0.6782692238582845
2325,15,66,0,1.0485153396431903,-0.4541026018753041,0.4550233332627715,0.09792611798312222,1.2337865896879423,0.551176916086702
2326,16,66,1,0.9513665209610489,-0.25613194613166557,0.9147949275114328,0.19947923330663406,1.3591701714487316,0.4293521885855164
2327,17,66,0,0.6940403168243762,-0.013416170492984358,0.9936520461744549,0.2551306777598002,1.2386718720505578,0.5291580440884439
2328,18,66,0,0.32449280208168174,0.21111911102285566,0.6994442674084472,0.2412804952000595,0.835048153232152,0.651775924549198
2329,19,66,0,-0.08471487264623859,0.33881508840341085,0.19632821986225657,0.1565769761512406,0.43015508035152655,0.6254588428244103
2330,20,66,0,-0.4632352631193713,0.3174385665861694,-0.2739120810030668,0.03196411995170069,0.6256226383669892,0.47795945929627254
2331,21,66,0,-0.7627502867204191,0.1547680381378714,-0.5012101248968862,-0.07529967023882743,0.9287748786214857,0.39045944971404756
2332,22,66,0,-0.9620755798768973,-0.07579782867463798,-0.3971085841826299,-0.10400283275431421,1.048735690762793,0.46707529200501036
2333,23,66,0,-1.0584543390822643,-0.2633645969686253,-0.025593044029173118,-0.0187977155797033,1.0911896521101243,0.5356407895124553
2334,24,66,0,-1.0533544771038552,-0.30980360793269546,0.4361273900163849,0.16697028881355122,1.1931555253158894,0.5211469823635267
2335,25,66,0,-0.9434107068340527,-0.17830739288531872,0.7851161243671382,0.3883465698964905,1.299629822379562,0.49052494079039605
2336,26,66,0,-0.7232757017747433,0.08429140483772841,0.8853930739670868,0.550296689267449,1.2716053331733348,0.5202218292662528
2337,27,66,0,-0.39926607368419853,0.36429486098440583,0.7226251570291762,0.5666491754456676,1.0655526964629858,0.5775448969535014
2338,28,66,0,-0.005178892833689343,0.5312185030613273,0.39806970975344436,0.4002225729819166,0.7751499988216198,0.6022085798589406
2339,29,66,0,0.39123506918076495,0.4987840756272002,0.06937013999092236,0.08577319458308762,0.643443618887861,0.5765898724190436
2340,30,66,0,0.6990338545862256,0.26813772953262816,-0.12903059029331337,-0.2761820106012321,0.8083758829082973,0.50151957119513
2341,31,66,0,0.8313724579711456,-0.06799923791714853,-0.14524077483002906,-0.5542167021381629,1.0119560740627163,0.4084344793808348
2342,32,66,0,0.7392873393242,-0.3636766276260417,-0.02111739815993473,-0.6362315157442198,1.04117383068234,0.427445870265452
2343,33,66,0,0.43680290389732856,-0.4840354776824758,0.14642180897715465,-0.474440009971779,0.8195241239369379,0.5983682092322601
2344,34,66,0,0.004238899676091436,-0.36655982274498167,0.2696863657431735,-0.10613326747831717,0.4673104730847375,0.6660365144277501
2345,0,67,0,-0.3214486321864583,-0.04384681389808143,0.33895371866011104,0.32243470850168415,0.5693026706977947,0.7361596045181814
2346,1,67,1,-0.6698376871966435,0.3071859067881664,0.40335899078787163,0.7506109795187809,1.126570471183126,0.5509130799417556
2347,2,67,0,-0.8111986575304266,0.581879932319312,0.53006413198669,1.0244323840289078,1.52546950512983,0.2887872473143215
2348,3,67,0,-0.7241355343282675,0.6566839539955854,0.7744330429298181,1.0808291622312478,1.650316425241899,0.30416692620496705
2349,4,67,0,-0.4649125299301796,0.48473396598604607,1.1149327710846475,0.9274946843642119,1.598259100342933,0.4776716298889537
2350,5,67,0,-0.13993746036057086,0.11089847105280205,1.4403971647064062,0.6315169396958679,1.5828577323660848,0.5108105111964257
2351,6,67,0,0.14032302289666684,-0.3519830965408426,1.5900297611626388,0.2880333070535518,1.6597410877484664,0.44091170817731556
2352,7,67,0,0.3057707470875502,-0.7728221788178615,1.430223643843827,-0.016184628401214193,1.6542525452462404,0.47354976195023624
2353,8,67,0,0.35046829107815475,-1.054225768270607,0.9310121646133097,-0.2289069523105018,1.4674474563033038,0.6071656829407721
2354,9,67,0,0.3265681107166067,-1.1636091534921695,0.20186007491741711,-0.3395084246830275,1.2714741260852278,0.6300769241803629
2355,10,67,0,0.3127951242877488,-1.1318573976397475,-0.5360265154928409,-0.367794248062725,1.3422142126312893,0.4554734701493834
2356,11,67,0,0.3730907970310391,-1.0241406334706062,-1.0335835908099997,-0.3436586022362604,1.5409273357421833,0.20535861182816428
2357,12,67,0,0.5246889650558434,-0.9004280266034007,-1.118481065964045,-0.28948854677093205,1.5559153751974684,0.38783245078781176
2358,13,67,0,0.7295943782675355,-0.7867220571602234,-0.7727237185044814,-0.21379308048774573,1.3394211355753045,0.6335209083175734
2359,14,67,0,0.9119815570410642,-0.6707588767462414,-0.14592732380983497,-0.11709834373873368,1.1474470083875676,0.6813771959793871
2360,15,67,0,0.9920294365960792,-0.5220102272804915,0.5044143130823822,-0.003886109493351214,1.22925423796216,0.5417460406525559
2361,16,67,0,0.9198086245654171,-0.32262600613422404,0.9207193756063176,0.10884835628484824,1.3452537228871904,0.4187972497767956
2362,17,67,0,0.6940345731823239,-0.09029250417374025,0.9535593118910648,0.19338650627157636,1.1985451293899712,0.530845111006052
2363,18,67,0,0.3587716399537782,0.12130980080781266,0.6220056094070743,0.22376199166405622,0.7618356544914958,0.6540702452407304
2364,19,67,0,-0.017876003363683328,0.24623196630924382,0.09947101623678546,0.19220145865849264,0.32830719838347455,0.615892115998767
2365,20,67,0,-0.37092250604500826,0.24220533359287483,-0.3675043311012599,0.11934708900589432,0.5878350875406387,0.44904128813567884
2366,21,67,0,-0.6578929974326493,0.119190225171018,-0.5696994239738894,0.05036023197961911,0.8798426521193755,0.3618503237446726
2367,22,67,0,-0.8624051867418784,-0.0564536468754925,-0.42459348310485856,0.036129943776402954,0.9635946861088632,0.46855227783309816
2368,23,67,0,-0.9832442177780798,-0.18724966422777306,-0.00541188460936458,0.10719735503058063,1.0066539574094067,0.5499908661790359
2369,24,67,0,-1.0182847245524842,-0.18912692336438236,0.5005053271910068,0.2531905461865611,1.1778301272352611,0.5238317806019941
2370,25,67,0,-0.9550835075713471,-0.034095788708432544,0.881534487264488,0.41949336666048154,1.3661715727357404,0.4686247438252338
2371,26,67,0,-0.7755837265275852,0.2306792016579783,0.9961831929643322,0.5255597696726672,1.3868442725753232,0.4978940549941195
2372,27,67,0,-0.4735254468231952,0.4988222374197778,0.8286538775117536,0.4989578571942895,1.1868766428339388,0.5825809941450824
2373,28,67,0,-0.07466418764219596,0.6504838159256028,0.48279223332534843,0.31084322077500165,0.8708707046160507,0.631583899495862
2374,29,67,0,0.35349163313159954,0.607749907272864,0.12215086266685396,-0.0035926723749713225,0.7136175621642665,0.609172926091699
2375,30,67,0,0.7118126268937955,0.3738510631692903,-0.11088884985549971,-0.3506144815449515,0.8841202887218262,0.5177679374167344
2376,31,67,0,0.89933704827799,0.036839042816724565,-0.1561283184734856,-0.6092567775103055,1.0980592489718486,0.40348698180943016
2377,32,67,0,0.8518800873840243,-0.2655611729803848,-0.048546428900647975,-0.6767362513361321,1.1209599143179103,0.41535622805715344
2378,33,67,0,0.5724547120633099,-0.40513544078218583,0.11877254010208016,-0.5094344321397388,0.8749111267283675,0.5899369862917029
2379,34,67,0,0.1382770385713151,-0.3200762456771476,0.257887258976911,-0.14218998364963334,0.45639146818902965,0.6372578848297661
2380,0,68,0,-0.21144010386622752,-0.03640553927793686,0.33996115421634016,0.260025727924911,0.47876846843966714,0.731389103242675
2381,1,68,1,-0.5866343393484427,0.2785389832358344,0.4348127346806135,0.6929422202978809,1.044487840138231,0.5657655617179047
2382,2,68,0,-0.7528300996350555,0.5323736810621142,0.5902424237896398,0.9897873121112636,1.4758861532183511,0.33550488521158545
2383,3,68,0,-0.6800011855593413,0.6068435512762095,0.8525823673276383,1.086603017156021,1.6547699290409525,0.3256967168328247
2384,4,68,0,-0.42189193477584636,0.45169337896788575,1.1951395501868676,0.9832203313998892,1.6664634642653615,0.4626717406301791
2385,5,68,0,-0.0889417169004329,0.10094289362564325,1.5076157083943154,0.7347962012634459,1.682536976820182,0.49235208089650795
2386,6,68,0,0.20005954998477743,-0.3460346603753436,1.635974296546997,0.42480811735215396,1.7368470414092065,0.4507585442961272
2387,7,68,0,0.36624218288133165,-0.7680649862638478,1.4567196208085866,0.13250061718728012,1.6922309614381512,0.5093072410495696
2388,8,68,0,0.3981829434051962,-1.0695834972045688,0.9493152163665055,-0.09141122183593861,1.4873176881264156,0.6300286691259614
2389,9,68,0,0.34795286569319966,-1.2110440010509032,0.228050528535581,-0.23235938432070993,1.3014210295952449,0.6285828808366576
2390,10,68,0,0.29941364121972575,-1.2110459769747826,-0.4878431774503381,-0.30304415037252846,1.373356330219914,0.435299046086218
2391,11,68,0,0.3247146958605114,-1.1230940076523808,-0.9575918839217192,-0.32575985631245974,1.5459241520430207,0.19429319910495305
2392,12,68,0,0.4493760537979546,-1.001632823876442,-1.020452675400679,-0.316554068238992,1.531906424180269,0.4078353963675044
2393,13,68,0,0.6412287618974845,-0.8756880386591394,-0.6689490826141878,-0.27915311191536735,1.3051525585760724,0.645757864805463
2394,14,68,0,0.8266114099787581,-0.7426974823266256,-0.05816019785765214,-0.21009636712991903,1.1324350159975671,0.6793321611330713
2395,15,68,0,0.9244630146537952,-0.5833105300270428,0.556080970718695,-0.10988559584432937,1.2313342073022753,0.5273524449590694
2396,16,68,1,0.881369858211177,-0.38637937811504675,0.9244039699733667,0.008281568205369055,1.3344261444044858,0.40717963336909996
2397,17,68,0,0.6915431954636987,-0.1680777353194099,0.9092781529828268,0.11884333473706345,1.160772421280559,0.5332262586606739
2398,18,68,0,0.39420182661049397,0.02728662749141837,0.5414233722953936,0.19422406638908274,0.6978552114696376,0.6560543431510281
2399,19,68,0,0.0523327315756964,0.14666990844749175,0.002165645994992804,0.21975795700880266,0.26934926495059885,0.6066867409137771
2400,20,68,0,-0.27454550931451843,0.1580099037404614,-0.45963235123673646,0.20425316848373393,0.5944103140961582,0.42285093486166636
2401,21,68,0,-0.549365098284691,0.07364808214241085,-0.6378476007553967,0.1787836410559641,0.8637356096139879,0.33783075295465737
2402,22,68,0,-0.7598451710985711,-0.04704324455087845,-0.4567239784891439,0.1822590027772364,0.9063072809593858,0.4716339874530416
2403,23,68,0,-0.9057449220914696,-0.12015861056684322,0.002457946788528453,0.23972837019953575,0.9446098075760052,0.5635991164481354
2404,24,68,0,-0.9812202105812164,-0.07601225067431511,0.5450367345777535,0.3442838701783492,1.1765064339857154,0.5283671631269028
2405,25,68,0,-0.9651240055353691,0.10417811865467343,0.9539213567461421,0.4529984550965358,1.4343956851731363,0.4496058901952961
2406,26,68,0,-0.8273316078013464,0.37260574748391906,1.0842513532153193,0.5013363214563031,1.5000839098149807,0.47308211696850677
2407,27,68,0,-0.5495079611704499,0.6300864048217517,0.9187776439167488,0.4315527383555029,1.315050570082478,0.5800371180280985
2408,28,68,0,-0.14935434551137025,0.7674628717552245,0.5616990043413671,0.22305123185253103,0.9882123271619924,0.6525204387680769
2409,29,68,0,0.30652759758582293,0.7153412345758834,0.1788870374765755,-0.08963955450408265,0.8035596255879965,0.6389909604918425
2410,30,68,0,0.7119463430199519,0.47915125469990194,-0.08278288833387168,-0.4211730153046929,0.9595276106718965,0.5390546153322995
2411,31,68,1,0.9529586046549341,0.14223535772152396,-0.15668209668463642,-0.6624212208081396,1.1797085031356216,0.4041108134804466
2412,32,68,0,0.9507934630380147,-0.16612117143237012,-0.07052041455343482,-0.7204181456822827,1.2064741549038547,0.3985014934584998
2413,33,68,0,0.6972585845259305,-0.324642779651385,0.08879194854929812,-0.5550715605987926,0.9526546675409943,0.5725559277221363
2414,34,68,0,0.2654592038005134,-0.2724306634985035,0.2362014741404245,-0.19719606138525747,0.4892488919850562,0.6030917589650097
2415,0,69,0,-0.10764138053727552,-0.029031893879632384,0.3261839494666814,0.17232826158939518,0.38538619111005307,0.7221466277867067
2416,1,69,0,-0.5063758485219244,0.24968237955749148,0.44927251945403884,0.605417764612615,0.9418780478771683,0.5803045305385944
2417,2,69,0,-0.6965780076165183,0.4825387529464773,0.6341528219065471,0.9240153411828264,1.4049977655012094,0.38525678136828995
2418,3,69,0,-0.6397302631649693,0.5570618748054442,0.916420746481658,1.0630666785413083,1.6399727100100556,0.36108546530768193
2419,4,69,0,-0.38626230099268904,0.4201128898015873,1.2624538353948032,1.0137617806886485,1.7167399453131145,0.45848640949392483
2420,5,69,0,-0.04933538517649992,0.09518172789372441,1.5619828629812267,0.818408306448837,1.7666567753434257,0.4796147312832134
2421,6,69,0,0.24517102724220527,-0.3318769841486194,1.6682242982627198,0.548109783425232,1.803787074243293,0.4621217261841001
2422,7,69,0,0.4102896443166846,-0.7502951915409315,1.4692448321180958,0.2741712148924671,1.7219554867836442,0.5416939120391574
2423,8,69,0,0.42905956584211746,-1.0671785356493184,0.9554253495080243,0.04552597725422576,1.4959519882264711,0.6508503702829797
2424,9,69,0,0.35289074824919736,-1.236984022342045,0.24644332546972553,-0.11970494476677386,1.315190076832842,0.627082716077667
2425,10,69,0,0.2701028316908129,-1.2668278871546161,-0.44127674657208327,-0.22780534315883177,1.3872378587671907,0.41784081800085027
2426,11,69,0,0.260696412642868,-1.1989511282627558,-0.8771925212489178,-0.2943867942954886,1.5367422462853042,0.19513617635638067
2427,12,69,0,0.35863677717750764,-1.082172444370883,-0.9142868815954721,-0.3299771458832196,1.4981732062624564,0.42914175984030306
2428,13,69,0,0.5381311625496048,-0.9480003436056607,-0.5568618708102483,-0.3338070672196452,1.2687837092552496,0.6547841653998027
2429,14,69,0,0.7282585229662042,-0.8027946776040873,0.034835466871696266,-0.2978713842967027,1.124624667165615,0.6721249015844305
2430,15,69,0,0.8469221842139327,-0.6376126970586559,0.6083888975188729,-0.2172992422239241,1.2414439773342305,0.5083098313746035
2431,16,69,0,0.8368460813959098,-0.4474517357816046,0.9250073073022569,-0.09965001192529563,1.3289443416640685,0.39517013698388453
2432,17,69,0,0.6868778858581115,-0.24671655722138475,0.8608418220627204,0.03332692208416697,1.1290835292554533,0.5365630585765722
2433,18,69,0,0.4304203793868102,-0.07034747904237595,0.4585169076556057,0.15330292962723008,0.6511144397396312,0.6581796584755484
2434,19,69,0,0.12471530537563906,0.04137456585465879,-0.09419618496400776,0.23845850302964006,0.2880991860861652,0.5988756901504838
2435,20,69,0,-0.17617083066148312,0.0664524751957002,-0.5486194412992697,0.2845230640130889,0.6460563120676953,0.4015742597744586
2436,21,69,0,-0.43993433497550016,0.019553791904026754,-0.704011254110193,0.30679521636048857,0.8852568669960417,0.32052237770279834
2437,22,69,0,-0.6574611963154832,-0.04690233386514416,-0.4922044233787568,0.3307863692703236,0.886645289882736,0.47627442882249255
2438,23,69,0,-0.8287534551549752,-0.06252113199231561,-0.0013081224179040188,0.3754710534000362,0.9119876120334656,0.5765059319713103
2439,24,69,0,-0.944123791500442,0.028004010789561135,0.5695964610304504,0.4378273211350687,1.1867126231098226,0.5355217390065965
2440,25,69,0,-0.9743018830796177,0.23415336121712946,1.0013192375526694,0.48774243314605104,1.498207212813387,0.43609056004471775
2441,26,69,0,-0.878106505323787,0.5072983413336065,1.1479653607303208,0.47789566234798486,1.6045657902808153,0.4476335324819119
2442,27,69,0,-0.6260423258866771,0.7552486411485873,0.991032715628497,0.3658636895437008,1.4416419758493824,0.5702035162489222
2443,28,69,0,-0.2280470278294736,0.8794010295784682,0.6329555741224059,0.13899179626391242,1.1159314925060677,0.6644200270924493
2444,29,69,0,0.250780718721998,0.8188442454734722,0.2383262253665034,-0.17001576410368,0.905042328827191,0.6641863272847481
2445,30,69,0,0.6985200570670266,0.5812511956273322,-0.04508676379193941,-0.48571633308123247,1.0313759717165385,0.5630894795434387
2446,31,69,1,0.9897987610571263,0.24531161723884098,-0.14637371453406234,-0.7120004737921496,1.2522976147582898,0.41038640613290306
2447,32,69,0,1.032372815983272,-0.06813458525573936,-0.08588889088547398,-0.7660052443568803,1.2901848273983783,0.3779255056752195
2448,33,69,0,0.807015231887783,-0.2448491322532615,0.05774341131661459,-0.6103702211336824,1.0426460523405472,0.5464087487339335
2449,34,69,0,0.3818363906969933,-0.2249907301321666,0.20543286668698868,-0.27027436495281665,0.5582748005882002,0.5652582504928382
2450,0,70,0,-0.012894223933580813,-0.02193813252914204,0.29802565081043036,0.06092884210988939,0.30525260852537844,0.708586816808594
2451,1,70,1,-0.4307757271877118,0.22152311653085732,0.4461438727167256,0.48968408085395904,0.8206552701933438,0.5945358418587154
2452,2,70,0,-0.6430607478578093,0.43404150696273297,0.6603046496636342,0.8285678434896072,1.3131816541645553,0.436448400036323
2453,3,70,0,-0.6031825965945896,0.5091996896652522,0.9639774122420812,1.0111600443674702,1.6046216549168044,0.4059574989947749
2454,4,70,0,-0.35758994414016554,0.3914995186088821,1.31498931629538,1.0192812654048515,1.7462169513544015,0.46531741192959514
2455,5,70,0,-0.0207862740821912,0.09446222782678128,1.602185501548859,0.8816149108613636,1.8312832697599457,0.4735271177202133
2456,6,70,0,0.2757034959314625,-0.3092634536100232,1.6862619581859706,0.6563649920368054,1.8563272060184564,0.4747892240561104
2457,7,70,0,0.4377323572011069,-0.7194829138591873,1.4679524967096849,0.406662970841371,1.7405529536115443,0.5701311798199947
2458,8,70,0,0.4429224890808963,-1.0466778817043936,0.9497571767744802,0.17951929374618922,1.4919721147007323,0.6685973103135312
2459,9,70,0,0.34148478422794537,-1.2403888774150282,0.2571922433756564,-0.0037296765038517606,1.3119977841496329,0.6250955268372118
2460,10,70,0,0.22543328875161459,-1.2973643619700395,-0.3968589040324773,-0.14366139941540484,1.3827906720755487,0.40388258893772105
2461,11,70,0,0.1821079079179711,-1.2493475918536519,-0.7937677774390802,-0.2502072873039491,1.5121850635809617,0.20769076372126422
2462,12,70,0,0.25392626890233494,-1.1396734666339903,-0.8020690720705097,-0.3293326377066282,1.4543414121928357,0.45058976449771754
2463,13,70,0,0.4219268482108684,-1.0018025670404063,-0.4388574515513857,-0.37623741791845894,1.2311706242410232,0.6602347911630587
2464,14,70,0,0.618481317827271,-0.8500080976486916,0.13084452579221573,-0.37801677455496346,1.1247443613303572,0.6600176885302766
2465,15,70,0,0.760685498705931,-0.684625929784507,0.6597272814372825,-0.3232340785697431,1.2597918268889705,0.48534952350594046
2466,16,70,0,0.7870583213209544,-0.5059198873278671,0.9217667419463432,-0.21212319239009753,1.3304382394017933,0.3836237658139555
2467,17,70,0,0.6802491281475288,-0.32613538207279474,0.8083671928916071,-0.061022691184299906,1.1073772849250936,0.5407882600058487
2468,18,70,0,0.4668959315022479,-0.170964571971401,0.37414359002857894,0.10192048584320998,0.6305488935179456,0.6605139793417306
2469,19,70,0,0.1979175691945272,-0.06837497294732045,-0.18824755472321678,0.24769374830153587,0.375014447626158,0.5931583957769808
2470,20,70,0,-0.07794641407008648,-0.030797928463956292,-0.6328418360311961,0.3580309380553868,0.7319146793856589,0.3873006683704513
2471,21,70,0,-0.3323424669817903,-0.041542643494897884,-0.7665494520948127,0.4311213267211725,0.9410849948058719,0.3119513777660466
2472,22,70,0,-0.5581996573932558,-0.0551420889149131,-0.529601893689781,0.4779385854841382,0.907486068641403,0.4824901922455999
2473,23,70,0,-0.754901647260279,-0.014468761961911276,-0.015702140303445782,0.5109174811636871,0.9117944241317496,0.5887182126387468
2474,24,70,0,-0.9088014650269117,0.12171357334073062,0.5745743178084831,0.5312591605592256,1.2054485634541223,0.5455395088623138
2475,25,70,0,-0.9832704700102919,0.35376825006908247,1.0233801697030704,0.5225286302793448,1.5531632023564987,0.4300047932904706
2476,26,70,0,-0.9274124807926644,0.6322041236090231,1.1862610443483297,0.45547058197059737,1.6954187328849712,0.42353633203405305
2477,27,70,0,-0.7018632287995666,0.8715880942613535,1.0438482938370919,0.30328441086076374,1.5600892578365058,0.5536535852142785
2478,28,70,0,-0.30937524678655504,0.9835721497576433,0.694867700666932,0.06074210378626818,1.244852578302204,0.6669915843921757
2479,29,70,0,0.18696913412059232,0.9155231460986829,0.2991144846457391,-0.242469412610806,1.0106438438604124,0.6831565654548716
2480,30,70,0,0.6710210268956384,0.6773363819677981,0.0015794272022603248,-0.5421939868556057,1.0968275191870271,0.5872989485495429
2481,31,70,1,1.0079033820488124,0.3431868432625747,-0.1249190970252455,-0.7562966454232533,1.3119587774065289,0.42155686342829085
2482,32,70,0,1.0934583120566939,0.02564475737281309,-0.09360437670349953,-0.8120846253197191,1.365485976422059,0.35528508200334363
2483,33,70,0,0.8979566541044476,-0.1680175496287692,0.027011002780987392,-0.6740081345231319,1.1355935053126613,0.5121275508757135
2484,34,70,0,0.48378103605377804,-0.17912378292124195,0.1667299574439699,-0.36000445413075904,0.650792982565529,0.5258259812819379
2485,0,71,0,0.07025000275720585,-0.015370263373595611,0.25637843860665077,-0.07191494987964323,0.27581329134422966,0.6908426997308442
2486,1,71,0,-0.36135774073733745,0.19484655202708476,0.4254014428252373,0.3481384289170364,0.6860840683722748,0.608273609778385
2487,2,71,0,-0.5927390034629361,0.38836865872717513,0.6677552130148465,0.705644774117475,1.2024979472147073,0.4878280111552389
2488,3,71,0,-0.5700210536219419,0.4649261376289926,0.9937415986693341,0.9325060611395503,1.5486026714463474,0.45636249209511104
2489,4,71,0,-0.33515969072814716,0.36719346843438394,1.3512139465399131,1.0005241924236143,1.7532800262647017,0.4819097888611991
2490,5,71,0,-0.0025907823826289123,0.09949527992095532,1.62718007630745,0.9241514775829218,1.873946898161877,0.47411498206255953
2491,6,71,0,0.29213574043771634,-0.2780856411600601,1.6897885031264714,0.7483666298661235,1.8915899959177396,0.4882796177817361
2492,7,71,0,0.4488413061982795,-0.6757954951016266,1.4531859268446572,0.5280695976711555,1.746071277844456,0.5942045572445411
2493,8,71,0,0.4400335348872686,-1.0080594617478886,0.9328836536917395,0.3083246311524061,1.4748387639824716,0.682476449203466
2494,9,71,0,0.31425011434377537,-1.2206656653017303,0.2605572192897117,0.11339683199034158,1.292101662734409,0.622099599355842
2495,10,71,0,0.16637077376324388,-1.301374558444089,-0.3550857985629128,-0.052303918811874864,1.3601752092992536,0.39377680823254196
2496,11,71,0,0.09041171315786413,-1.2725166672658659,-0.708731911804141,-0.194091098177338,1.472224583257189,0.22902092799257065
2497,12,71,0,0.137083318508351,-1.1723085979290153,-0.6859525445186421,-0.3144333928603587,1.4008920503981857,0.4710028701883233
2498,13,71,0,0.29459101721967346,-1.035654683578848,-0.3173859099322922,-0.4051261270234468,1.1934091861829677,0.6618641563233087
2499,14,71,0,0.4991090939687083,-0.8835449288365009,0.22765326567635716,-0.4482185820492159,1.132469617968748,0.6435752583229031
2500,15,71,0,0.6671796392685987,-0.7241561153718621,0.7085562107458803,-0.42474576246134893,1.2852982599383211,0.45971467860628085
2501,16,71,1,0.7328354665022528,-0.5618572419530987,0.9140343056213563,-0.3261283841869851,1.3396080830316925,0.3735741557666074
2502,17,71,0,0.6717595620172351,-0.406220704011192,0.7520767025796863,-0.16179690969080202,1.0991240949399497,0.5455212217660164
2503,18,71,0,0.5029378565311667,-0.2739043282628915,0.28920611470271596,0.04127245303289436,0.6428947508994791,0.6627218491257866
2504,19,71,0,0.27045722580339837,-0.1812810175894471,-0.2786535813372758,0.24706165683103373,0.4946687770576602,0.5897785387634749
2505,20,71,0,0.01795166693424122,-0.13203760130689482,-0.7107498214395207,0.4227510682006126,0.8376395196298142,0.3815348680549571
2506,21,71,0,-0.22923173895636956,-0.1079945510925984,-0.823856443293119,0.5484830925786366,1.0216570634077105,0.3134178821752352
2507,22,71,0,-0.4648035493633433,-0.07068083177368784,-0.5673853869230525,0.6198684328848075,0.9629128573561947,0.49031636351772734
2508,23,71,0,-0.6865762018247168,0.02415699550152698,-0.03942105081071904,0.6424671652830344,0.9414289771711694,0.6001774491906392
2509,24,71,0,-0.876842184631427,0.20425853545105627,0.5608493315703348,0.6219431561164532,1.2296092990120115,0.5580947904915875
2510,25,71,0,-0.9925370651253327,0.46131145860253775,1.0203599209495253,0.5561113446650878,1.5963496745484504,0.4320320734320102
2511,26,71,0,-0.9746724832200637,0.7450624131224841,1.1986592772725202,0.43424859184774917,1.7693106995402188,0.4026972150755447
2512,27,71,0,-0.7756349604050824,0.9765863546496903,1.0760814988824021,0.245133261913877,1.6653444713404189,0.5312235406951968
2513,28,71,0,-0.39183401482544206,1.077368871037268,0.7459221608951581,-0.009746978091198127,1.3677545295668936,0.6602568162748635
2514,29,71,0,0.11608276508719695,1.0027134894992997,0.3598274283898966,-0.30491355026316613,1.1141622869806382,0.694605266181951
2515,30,71,0,0.6293642735840062,0.764660885659071,0.056357661614508996,-0.5887082069741297,1.1534986770266313,0.6091665422940311
2516,31,71,0,1.0058675516152724,0.4330742220081778,-0.09229848552673975,-0.7936762085235924,1.3556414524377034,0.4362195031222287
2517,32,71,0,1.1314818353068326,0.11257970112478036,-0.09276472165831395,-0.8571447117145272,1.4269644996071862,0.33294063715556965
2518,33,71,0,0.9668573704333266,-0.0963044448920326,-0.001949878994349927,-0.7443561531716131,1.2239924859490536,0.4708861047137875
2519,34,71,0,0.5680911849558339,-0.13614479597093992,0.12154907809264459,-0.46445265272743486,0.7561437990919553,0.4871869189658735
2520,0,72,0,0.13960081891923862,-0.009588742920467772,0.20259964910560843,-0.22332282162627634,0.33241545257486776,0.6690469924309541
2521,1,72,1,-0.2994166751192228,0.1703040068089902,0.3875991349815289,0.18387809780996692,0.5501800108757933,0.6211411333415949
2522,2,72,0,-0.5459082909051834,0.34679106490561384,0.6561512936844534,0.5581449233255747,1.0771908746435246,0.5382959271765045
2523,3,72,0,-0.5397280172601588,0.4256726221462897,1.004721941534061,0.8293670649858236,1.4730306928722336,0.5092031341694476
2524,4,72,0,-0.31800342192648695,0.34832725219868976,1.370008073990411,0.9587869951573702,1.7374270274929704,0.5059790328649773
2525,5,72,0,0.0062964667810917925,0.11083033270720216,1.6362322044481012,0.9462111506415906,1.893381730294631,0.4805216269056145
2526,6,72,0,0.2953548525081281,-0.2383806403551982,1.6787364269348348,0.8232761892015173,1.907878270073948,0.5019304211228963
2527,7,72,0,0.4443204129403285,-0.6195941584528497,1.4254659062585386,0.6367632994264093,1.737451610821505,0.6136617074043218
2528,8,72,0,0.4210748123896937,-0.9516105493904301,0.9055105749219051,0.4298741112477254,1.4448556288282206,0.6919557987789685
2529,9,72,0,0.27209304545519325,-1.1776808681039945,0.25688197288107933,0.22956197888001775,1.256842831312589,0.617604648033617
2530,10,72,0,0.09424782227635409,-1.2781663773593115,-0.31642375218446533,0.04450636061730871,1.3208696935343602,0.3873858659369532
2531,11,72,0,-0.012575247529346637,-1.2673351480187434,-0.6235139168274909,-0.12708533537486838,1.4181737556445673,0.25523701972158
2532,12,72,0,0.010289330510762088,-1.178846016213012,-0.5681205892575876,-0.285329656962577,1.3393871051135362,0.489269096427178
2533,13,72,0,0.15840765347845348,-1.0485717643776735,-0.1949021195854804,-0.4193829535617449,1.1569203203711749,0.6595678739314498
2534,14,72,0,0.37220566435455016,-0.9028797239314132,0.3231005643180099,-0.5063105716354134,1.1465047850211845,0.6236918678755019
2535,15,72,0,0.5679518002567518,-0.7561010468581753,0.7534502303704829,-0.5189103666027447,1.3157557747120254,0.4332632674329148
2536,16,72,0,0.6749984305982857,-0.6153142230127088,0.9013078930849437,-0.4385417849041274,1.3560638958382456,0.36618171869488547
2537,17,72,0,0.6614026071561786,-0.4867986107666306,0.6923161227787682,-0.26637232383284515,1.1066535704369496,0.5501282940313
2538,18,72,0,0.5377120552404886,-0.3784665902981054,0.20465756606427918,-0.027190710099894995,0.6891990049223197,0.6641048874884293
2539,19,72,0,0.3407589338948455,-0.29604072786906727,-0.36411857064533293,0.23639185050830588,0.6262748630289582,0.5884757727165549
2540,20,72,0,0.10937367086059234,-0.23556094979279477,-0.7808874214358027,0.476823938044838,0.951103461140821,0.384713670680159
2541,21,72,0,-0.1330749704384039,-0.17810036341771562,-0.8743938117784125,0.6556921865216736,1.1153140673140725,0.3249371587295911
2542,22,72,0,-0.3797358600793801,-0.09227984283351522,-0.6039678417356732,0.7527612064355024,1.0412211487425163,0.499747681135045
2543,23,72,0,-0.6258479180007875,0.053788648711521954,-0.0709119650930469,0.7665226363370556,0.9935614193428606,0.6107388160419587
2544,24,72,0,-0.8495659827547686,0.27514322675087277,0.5297512395151954,0.7072360296512643,1.256298265415394,0.5723508929998326
2545,25,72,0,-1.0024390909207408,0.5554623304793206,0.9930966439642295,0.5872256248280713,1.626191074349891,0.44137146125703985
2546,26,72,0,-1.0192337395760525,0.8439681525219391,1.185268184958879,0.41436391043165405,1.8241923634598975,0.38661974799449456
2547,27,72,0,-0.8459776837330111,1.0680063314769006,1.0870418351736566,0.19261525838288152,1.7535895627622313,0.5039911587360226
2548,28,72,0,-0.47381137321126215,1.1583902981108007,0.7848235913730708,-0.07070676202572912,1.478956664650273,0.6445596221224896
2549,29,72,0,0.03936647511660955,1.0779147416614856,0.4190038007385708,-0.35548771822978636,1.2105311282655402,0.6975776662859156
2550,30,72,0,0.5739052854169466,0.8406426868879223,0.11816670471938759,-0.6235724229778571,1.1995221300377776,0.6264460588220627
2551,31,72,1,0.982884123146848,0.5123764486171375,-0.04876965236674221,-0.8226218007608904,1.3811864214184562,0.4526255227705055
2552,32,72,0,1.144546257700539,0.19023946502719238,-0.0826524679146157,-0.899621243850016,1.4704852950331626,0.31395619916519396
2553,33,72,0,1.0111295609538065,-0.031684431758706215,-0.027665330227244978,-0.8195219239583111,1.3022167433247909,0.42456180026873014
2554,34,72,0,0.6320820594502933,-0.09726566756287992,0.07160717818960777,-0.5812171014068315,0.8671385396240983,0.45196624059917123
2555,0,73,0,0.1933883459708965,-0.004848506672747515,0.13847335120927665,-0.3898579350179978,0.4567128626018102,0.6433674388800561
2556,1,73,1,-0.2459862084799087,0.1484050073623557,0.3338619134670769,0.0006302023409644399,0.4404513995793752,0.6326062292497903
2557,2,73,0,-0.5026970074668661,0.3103348314536877,0.6257521311739784,0.38959742461855856,0.9446501319894686,0.5868125421507356
2558,3,73,0,-0.511628081256234,0.39259456312408814,0.9964898423124252,0.704584610572075,1.3803351998016185,0.5621207346121277
2559,4,73,0,-0.3049369853547228,0.33579120096078435,1.3707104427202133,0.8958712116525585,1.6991688089563022,0.5348265065848412
2560,5,73,0,0.007222282459357557,0.12883434020716292,1.6289481784708533,0.948417298462883,1.889343269167274,0.49124040982190087
2561,6,73,0,0.2866196325249449,-0.1903359842789092,1.6532769827515053,0.8806167423241267,1.9045181094485906,0.5149979568996215
2562,7,73,0,0.42527538532413045,-0.551427747701594,1.3854756896079365,0.7314075630883388,1.714477070168992,0.6284129203893501
2563,8,73,0,0.3871199560873704,-0.8779203352788209,0.8684502719862074,0.5423051443882885,1.403177365852259,0.6967713986535278
2564,9,73,0,0.21627948481356551,-1.1117619930168758,0.24657193282118464,0.34274876257555237,1.2087456212827927,0.6112134351588951
2565,10,73,0,0.010725210033456598,-1.227652772556283,-0.28131393095200535,0.14497801253618392,1.2678337871984646,0.38411553615780064
2566,11,73,0,-0.12472802956398302,-1.233352564946064,-0.5395390412747441,-0.05038760788342452,1.3529068404387026,0.2828777052184202
2567,12,73,0,-0.12398291489102303,-1.1586830832330393,-0.4507479793790738,-0.24230455377944735,1.2727150066891928,0.5043950869522549
2568,13,73,0,0.015919125189180563,-1.0400509972487955,-0.07381676635619756,-0.4181699973391681,1.1235099274572202,0.6534004365644751
2569,14,73,0,0.24002626795180443,-0.9077659689904755,0.41512598398196215,-0.5503275433068969,1.1648354610258416,0.6016084809828123
2570,15,73,0,0.4646393702848482,-0.7804444090897505,0.7931369036030906,-0.6028976342370705,1.3481598292946964,0.40854409145281906
2571,16,73,0,0.614346126731858,-0.6663004133443415,0.883256585971619,-0.5462022653744945,1.3783528269698386,0.36261743967012827
2572,17,73,0,0.6490663687561999,-0.5676163831914648,0.6295672040543964,-0.3719712233991212,1.1305719636430174,0.5538135195247319
2573,18,73,0,0.5702630364826077,-0.48390443238529796,0.12150353180669247,-0.10178984678998536,0.7645179602936284,0.6636908877689287
2574,19,73,0,0.4071936692373172,-0.4113581664492277,-0.4433934447584264,0.21576459610006335,0.7603777568790314,0.5885272306470724
2575,20,73,0,0.19425041773313795,-0.33969123995292033,-0.8419105749549183,0.5186196129306868,1.063439270681475,0.39601935362045676
2576,21,73,0,-0.046111200404111014,-0.25014489392785916,-0.9167214397170592,0.7497464943021916,1.2112789581744712,0.3451836019627579
2577,22,73,0,-0.30511269725141177,-0.11858218503863958,-0.6377498324111248,0.8729424586323965,1.129561365068831,0.5106799362731891
2578,23,73,0,-0.5744122099887591,0.07510943714150144,-0.10842385500595744,0.8795868485061281,1.0587821168357439,0.6201640115067351
2579,24,73,0,-0.8279820326972059,0.33423542032857884,0.48301056781906965,0.7845562263455643,1.2830024331988272,0.5870980157161664
2580,25,73,0,-1.0131269260686506,0.6353192797370784,0.9429748610000966,0.614617857365326,1.642258644246225,0.4559679597628701
2581,26,73,0,-1.0603765496493374,0.9274245062783042,1.1467706754510552,0.39589050205960513,1.859119929855862,0.3760466008985149
2582,27,73,0,-0.9114957326525333,1.1439628805161197,1.0765045746217137,0.14678638689801626,1.8220548524132218,0.4732530441836471
2583,28,73,0,-0.5536230330346043,1.2245241908890934,0.8105263984568014,-0.12060247477996817,1.573993632864323,0.6205795965783649
2584,29,73,0,-0.04170465483278271,1.138878995641275,0.47518072689366697,-0.39261406683891215,1.2956570432172956,0.691488286002342
2585,30,73,0,0.5054393717183157,0.9029552113624437,0.1857231885780919,-0.645364666040076,1.2336067960084498,0.6372744426353968
2586,31,73,0,0.9387743009718966,0.5787762458915008,0.005126300305032565,-0.8417815217690361,1.3874082096917777,0.46896540016579624
2587,32,73,0,1.1314846703128658,0.2564835902299167,-0.06276981071333917,-0.9379455100588069,1.4932257766951071,0.3018108036489145
2588,33,73,0,1.0288992786517985,0.024119476793216636,-0.0486974462454889,-0.8974017385574374,1.3663516371738695,0.3760231221554213
2589,34,73,0,0.6736623230133874,-0.06354758543907522,0.018825767476816583,-0.7074866405279955,0.9791583003322855,0.4227972813887102
2590,0,74,0,0.23031051991102153,-0.0013791609877618059,0.0661580683244548,-0.5676092379488147,0.6161184745452554,0.6140543465058491
2591,1,74,1,-0.201814810910267,0.12951417547911898,0.265859325036836,-0.197336219607783,0.4088103519126149,0.6420418822930095
2592,2,74,0,-0.4630700457794662,0.2797604696247986,0.5774329290842551,0.20407627366561887,0.8171754406043734,0.6323654936958016
2593,3,74,0,-0.4849162736497954,0.3665421139435634,0.9692051962615766,0.5615044697113497,1.274418650095362,0.6132759621537719
2594,4,74,0,-0.29460435397776663,0.3302064219791533,1.3531504188473404,0.8140252895997296,1.6399637906470947,0.5658270767486137
2595,5,74,0,0.0017851025443119495,0.15367544220114607,1.6052972585608238,0.9317859248828141,1.8624778190033375,0.5044495701793844
2596,6,74,0,0.26751300428935304,-0.13429190337729674,1.6138226050756725,0.9202572511435896,1.8817264231848896,0.5267505032827839
2597,7,74,0,0.39317128904291854,-0.4720236819024907,1.3340440681548689,0.8109623954855988,1.6777138020161209,0.6385313346525197
2598,8,74,0,0.339594800271469,-0.7878668854428453,0.8225954026045103,0.6439833001932956,1.351827113525525,0.6969243832719972
2599,9,74,0,0.14839381202450888,-1.0236889339444986,0.23007334161828047,0.45107026101319747,1.1516761175875383,0.6026682654525312
2600,10,74,0,-0.08225552488945351,-1.1503531464606171,-0.2501755158152626,0.24732600341502609,1.2057513315876387,0.383035590438583
2601,11,74,0,-0.24366890234768654,-1.1708029392695065,-0.4582092245713456,0.034682353895721885,1.2811372353215966,0.30928823839338404
2602,12,74,0,-0.26302932767274345,-1.1118634192634158,-0.3359625614800367,-0.18586587857802564,1.2053388145446569,0.5155416529378375
2603,13,74,0,-0.13013220670546213,-1.0100861612060308,0.04355063603283714,-0.40092193941858395,1.0953736822144267,0.643587759021881
2604,14,74,0,0.10496877593120504,-0.8982410289670031,0.5018136578622948,-0.5785555559077701,1.1850733599778036,0.5789075200787941
2605,15,74,0,0.35893757570240564,-0.7972487645122448,0.8265293148262617,-0.6740437992370159,1.3791038856172007,0.3887446236002556
2606,16,74,1,0.5516435172714502,-0.7147691528334352,0.8597391963940088,-0.6459909867635917,1.4041585924623536,0.36388385178854665
2607,17,74,0,0.634542668186103,-0.6483270564827573,0.5644544232838571,-0.475727431539025,1.1695716117449861,0.5557211257159453
2608,18,74,0,0.5995417049927698,-0.5894183716006531,0.040800656250176925,-0.18064969441864587,0.8609084030545865,0.6603510282218775
2609,19,74,0,0.46812131953519565,-0.525955003907454,-0.5152838057612165,0.1855235533202019,0.8920216506649262,0.5888666132132392
2610,20,74,0,0.2706458500157018,-0.44280869462408573,-0.8926037489504728,0.5467962902009702,1.1683562606428703,0.41362894594364813
2611,21,74,0,0.02971135412985566,-0.32243903543191704,-0.9495266668502704,0.8279226924222517,1.3007330901541598,0.3719651500536324
2612,22,74,0,-0.24264804316987018,-0.14815337333478895,-0.66716374517715,0.9769840399742054,1.2167303613076177,0.5228658863718746
2613,23,74,0,-0.5335426733580699,0.0890236039101738,-0.15006406653278717,0.9783596360745592,1.1279626713289461,0.6281285223199107
2614,24,74,0,-0.812757951530749,0.3817570217643248,0.42269894272077657,0.8514521256448153,1.3076540176534324,0.6009258645843336
2615,25,74,0,-1.0245540380170612,0.7004155118094915,0.8718760347392607,0.637076398029316,1.645091797705855,0.47306227144105073
2616,26,74,0,-1.0973263692080975,0.994382988866442,1.0843978224873563,0.3788364714944873,1.8741287038664387,0.3707140247988675
2617,27,74,0,-0.970807254848181,1.2029828849460327,1.0447127825209448,0.1085213434502607,1.8689131139477417,0.4404986345314226
2618,28,74,0,-0.6295497512437439,1.2740209089614039,0.8222609003119234,-0.15817930566998703,1.649422882915693,0.5893521356518175
2619,29,74,0,-0.12545733412247784,1.1836928494829906,0.5269297305128169,-0.41504633294142446,1.3663040305834988,0.6761452753278496
2620,30,74,0,0.4251875776128358,0.9496120149151903,0.2575686272395171,-0.652974195608504,1.2550953560969704,0.6402242493955201
2621,31,74,1,0.8739992696551526,0.6303190689077154,0.06856698135232564,-0.8500141788508857,1.374191539475391,0.4835742077027339
2622,32,74,0,1.0918977771210023,0.3095373787537437,-0.032867857462156765,-0.970593358724843,1.4937154710929552,0.29959810250381
2623,33,74,0,1.0190614625725907,0.0696979937755103,-0.0636986860036535,-0.9757390827381979,1.4140255849942358,0.3296019932088894
2624,34,74,0,0.6913927950198467,-0.035858124066391675,-0.034732246875707196,-0.840111956994959,1.0891759414005853,0.40189812998173563
2625,0,75,0,0.2495664305609914,0.0006338449115131561,-0.011877826550000213,-0.752287817039543,0.7926927825153945,0.5814985562015178
2626,1,75,0,-0.167350352143852,0.11385265402078576,0.185761373120283,-0.40531355506793804,0.48964776406677424,0.6488010280131591
2627,2,75,0,-0.42683783637320133,0.25555057850177343,0.5126685328694214,0.006100092923760199,0.7143968592179774,0.673971155700389
2628,3,75,0,-0.45869093891189955,0.3480406610454683,0.9236234358118638,0.4038888867233026,1.160920394850718,0.6611745026634539
2629,4,75,0,-0.28552767905433885,0.3319060547612564,1.3176652156980122,0.7158759436280853,1.5621804223645968,0.5966812605586856
2630,5,75,0,-0.008222725443675106,0.18531197767772584,1.5656238726456009,0.8976794074506863,1.814225612056939,0.5183183672187833
2631,6,75,0,0.23988495281246366,-0.0707407268497728,1.561024053773314,0.9423892071788628,1.8405006262664372,0.5365444473750496
2632,7,75,0,0.34978022480204357,-0.3822762976869131,1.2721269567530538,0.8746824560330413,1.6284525680613362,0.6442509125465792
2633,8,75,0,0.28022878855664374,-0.682598839031949,0.7688936610149983,0.73351886254919,1.2937220461320869,0.6926696938716148
2634,9,75,0,0.07028951596247217,-0.9146753259558877,0.2078543212858567,0.552799380409852,1.091037186270692,0.5918808117993068
2635,10,75,0,-0.18252704911085452,-1.0473798252707711,-0.22340700052394827,0.3498065533479249,1.1413132500280585,0.3830468151833877
2636,11,75,0,-0.3668298495878703,-1.0805987380162676,-0.3808826407904403,0.12671184898418908,1.2097046126552968,0.33252437896904646
2637,12,75,0,-0.40398175665272135,-1.0390767965532006,-0.22580764575505857,-0.11673449507237908,1.1434587373686578,0.5220470428828654
2638,13,75,0,-0.27686885429676733,-0.9591690572318115,0.15501576707364798,-0.3673615081372356,1.0750097713662246,0.6305333072085648
2639,14,75,0,-0.03047961407045887,-0.8746242751857456,0.5814309777874312,-0.5895777523153225,1.2048072615875582,0.5574627244183633
2640,15,75,0,0.2525658094327869,-0.8066477827125161,0.852751662180128,-0.7299220371542294,1.4051482879482182,0.3773278275825365
2641,16,75,0,0.4876119232420803,-0.7606052185426335,0.830815351778311,-0.7349116625588882,1.430606510078056,0.3706136955437468
2642,17,75,0,0.6175408599596228,-0.7284777199734104,0.4977452796982085,-0.5747558320581401,1.2207092742188952,0.5550340550007695
2643,18,75,0,0.6244380662648059,-0.6941523123612655,-0.036348828015356986,-0.26173741399959094,0.9703597490324428,0.6529231828868156
2644,19,75,0,0.5219353684277518,-0.6385799866957784,-0.5786589337202099,0.14628156696107136,1.018059618406992,0.5882471804148165
2645,20,75,0,0.3368065289306239,-0.5433754480837316,-0.9318949504678777,0.5603520191199001,1.261395298687041,0.43522418353960624
2646,21,75,0,0.09278349369438531,-0.3933568882891119,-0.9716510737976731,0.887862843347402,1.3768604344942639,0.40282886099479437
2647,22,75,0,-0.19361165879645556,-0.1795226977272349,-0.6907172299108948,1.0618052670928044,1.2939221732171455,0.5358955747731244
2648,23,75,0,-0.5040590264449981,0.09662121099072761,-0.19385792666652404,1.059830443864622,1.1934121777607767,0.6342419329682049
2649,24,75,0,-0.8042012786701213,0.4182646516698068,0.35116153939903877,0.9056678107786595,1.3286209488356095,0.6123903675250537
2650,25,75,0,-1.0364747951833708,0.7507216783025821,0.7821173388749378,0.6534614794601754,1.636026428952464,0.48975356554541427
2651,26,75,0,-1.1292689519503119,1.0442698849789214,0.9998890071931475,0.36314008745368365,1.8701328049992634,0.3693665474779127
2652,27,75,0,-1.0225744676999218,1.24405281595612,0.9923680090041967,0.07848571969934143,1.8932195394015474,0.40737574190299186
2653,28,75,0,-0.6998764779866012,1.3055566158273249,0.819553008036629,-0.1825013536616604,1.702726941890464,0.552299582624612
2654,29,75,0,-0.21005853004876254,1.2108496650279792,0.5728925758249276,-0.4219101610559107,1.4200336562145845,0.6517755505880513
2655,30,75,0,0.33476948061400463,0.9790417545830894,0.33210176296237864,-0.6456398782754266,1.2640157418916633,0.6343260643657405
2656,31,75,1,0.789652463733611,0.6654852321059725,0.14045878784427898,-0.846429042427828,1.3426065702876908,0.49505293761315383
2657,32,75,0,1.026168314561135,0.34805631689076083,0.007030956462289748,-0.9961334817089438,1.4719021561459713,0.3088730274591545
2658,33,75,0,0.9813121226193189,0.10400792016939843,-0.0714642581340386,-1.0521881904291448,1.4442985348350956,0.2916297268605078
2659,34,75,0,0.6845258972539626,-0.014834584213737827,-0.08693083715383959,-0.9756870614969526,1.1951225800397893,0.39049950012957396
2660,0,76,0,0.2508748380351435,0.0010662832477220743,-0.09293112185875932,-0.9393347108594254,0.9766909509944341,0.5462986858111547
2661,1,76,0,-0.1427338323620535,0.10150382474829717,0.09617793124440034,-0.6182717041941771,0.6497584689751389,0.6522951366086404
2662,2,76,0,-0.39367050773891915,0.2379062753786178,0.4334975532188957,-0.1994802054925189,0.6627883112714437,0.7106956802207296
2663,3,76,0,-0.43199025606106567,0.33728163010825474,0.8610834291307832,0.23581852230970346,1.0475922521325496,0.7045562093057344
2664,4,76,0,-0.2761616925349869,0.34092542630204203,1.265101359157871,0.6043511572162618,1.4690871985334109,0.625486234497541
2665,5,76,0,-0.020878787073861038,0.22348728116819142,1.5106491480076214,0.8477532347902613,1.746748088325025,0.5312137952335947
2666,6,76,0,0.2057877812035706,-0.0003232884270762428,1.4957622032271056,0.9474967861007162,1.7825272630964406,0.5438804157397161
2667,7,76,0,0.29712078365768446,-0.2832327855536506,1.2007879543976965,0.9221087230771878,1.568654767466533,0.6459605182438725
2668,8,76,0,0.21099867987127785,-0.5635122993736323,0.7083241518424072,0.8097771367645001,1.232691636120955,0.6844964263027127
2669,9,76,0,-0.015966845736203397,-0.7863404088010152,0.18038856284386326,0.6463934348078663,1.0339007132426676,0.5789455067954865
2670,10,76,0,-0.2877570219030027,-0.9204100028745076,-0.20138535139259048,0.45074902598206035,1.083369475860027,0.3830438840324471
2671,11,76,0,-0.4915205221759347,-0.9643071857160653,-0.30885261295605027,0.22422439055249152,1.1476703734052551,0.3511812927476958
2672,12,76,0,-0.5438805529641506,-0.9416417926581926,-0.12220588683917914,-0.03582967451110526,1.0948576920891806,0.5234424085050592
2673,13,76,0,-0.42134781900428436,-0.888277764526837,0.25856967671875086,-0.3175097862998234,1.065008034545778,0.6148160328548696
2674,14,76,0,-0.16379885609457726,-0.8375083818213153,0.6524612645959587,-0.5823145554635937,1.2219027367928146,0.5393122347735785
2675,15,76,0,0.14723340633587942,-0.8088379603407262,0.8711573257526541,-0.7684086368655272,1.4231175079562004,0.37721955434267174
2676,16,76,1,0.42292169397932844,-0.8036161066894015,0.7967487047239108,-0.8101693242408804,1.4545942522191992,0.38292128424016686
2677,17,76,0,0.5977059246314067,-0.8075022070230653,0.4303438238095409,-0.6662238313766669,1.2799852291615825,0.5510590013974227
2678,18,76,0,0.6438178788186245,-0.7971917594526241,-0.108806882119433,-0.3429062643019553,1.0860201683761486,0.640324456674746
2679,19,76,0,0.5671084346128393,-0.7480173269242432,-0.6324619438331289,0.09891897764368751,1.1361931933096447,0.5854108192122823
2680,20,76,0,0.3912067493622811,-0.6399569841741591,-0.9588691114167396,0.5586677567860291,1.339450371473818,0.4584705721762295
2681,21,76,0,0.14187312493779528,-0.4613694346979205,-0.9821143654479567,0.9276522448446016,1.434599962720467,0.43546806798670556
2682,22,76,0,-0.1588012434342081,-0.21122402085148176,-0.7070347414100631,1.1247661505160498,1.354559131528929,0.5492042752049918
2683,23,76,0,-0.4863102934946618,0.09913862624912213,-0.23780964553686576,1.1213646280083744,1.249134990796494,0.6380783364667321
2684,24,76,0,-0.8022536684140412,0.44462083140535263,0.27094377004686604,0.9452045640814583,1.3446638340830774,0.6201513236799912
2685,25,76,0,-1.0484500824437522,0.7866354734198228,0.6763805457372092,0.6627336451986822,1.6170186982681545,0.503386341062974
2686,26,76,0,-1.1553682120262627,1.0769981467072205,0.8954400703827762,0.3486676698830408,1.8488328147889228,0.37004374668447676
2687,27,76,0,-1.0655337671847138,1.2666521895699683,0.9206099662222972,0.057113548401772095,1.8948758918916309,0.37563582591365335
2688,28,76,0,-0.7629322522781804,1.318283579597711,0.802236917262036,-0.19298224672567527,1.7322711787628966,0.5112786524304921
2689,29,76,0,-0.2935593721530273,1.219309716590092,0.6118159815195761,-0.4127334913477495,1.4551841876796063,0.6190559900552769
2690,30,76,0,0.2361635912483246,0.9901508746352246,0.4076154736991707,-0.622979078209744,1.261120653489692,0.6190793846005078
2691,31,76,0,0.6874326600045705,0.6832490091565114,0.21945497735437838,-0.8304188261234575,1.2950477923305324,0.5023307559446398
2692,32,76,0,0.9354520565939165,0.3711773062193708,0.056618239129378335,-1.0132734737923836,1.4292557155846717,0.32896142286937796
2693,33,76,0,0.9161567557093022,0.12641295247957027,-0.07098073876911298,-1.1243807529327903,1.4575986342022669,0.2701010654486992
2694,34,76,0,0.6530246938810155,-0.0008548916693479396,-0.13563208580244035,-1.1106388501155988,1.2955140677520183,0.38838736453955214
2695,0,77,0,0.23447736219109797,-0.00013027228658820086,-0.1741469291867449,-1.1240372771656635,1.1613641133400565,0.509336913265344
2696,1,77,0,-0.12780237420659746,0.09242295126050802,8.340952866648456e-05,-0.8309838279537409,0.8458188801690036,0.6520688672285267
2697,2,77,0,-0.36311669132873564,0.22675233340799344,0.3424678321445451,-0.4076028627495495,0.6831505412446883,0.7416865492378046
2698,3,77,0,-0.4038312477569825,0.334123811286437,0.7834763809154861,0.06158679216928941,0.9446409743154629,0.7423333784303578
2699,4,77,0,-0.2649507693587435,0.35700144042820897,1.1968001268418105,0.48259712446084524,1.3648734251929944,0.6507143260137319
2700,5,77,0,-0.03419858103925209,0.26773054901662546,1.441461517737005,0.7838975711149032,1.6628757917951527,0.5418050991182637
2701,6,77,0,0.1674057141480553,0.07617773885317371,1.4191345360301275,0.9363218457214946,1.7101079355277418,0.5484407244510731
2702,7,77,0,0.2373911898321436,-0.17607695667487872,1.1211783157752366,0.9530544893407685,1.5009035102560715,0.6441925446010369
2703,8,77,0,0.1340663258172726,-0.43222346311827076,0.6418760610588087,0.8718827485695902,1.173445911323453,0.6730986787494401
2704,9,77,0,-0.10815662543919162,-0.6406721436902673,0.14814216161746108,0.7305132806156954,0.9888146461959774,0.5641374045243044
2705,10,77,0,-0.39551287373371935,-0.7716439267726952,-0.18446288346003706,0.5485842154219908,1.0425142587988148,0.3820404564264953
2706,11,77,0,-0.6149996679189129,-0.824109574468197,-0.24332621883430205,0.32570823139490906,1.1057462109549028,0.36426479711705984
2707,12,77,0,-0.6797504106872991,-0.8214716323498047,-0.02692532600637291,0.05574824836334935,1.068039841935279,0.5194623342738622
2708,13,77,0,-0.5606330759149634,-0.7988519651920631,0.3524143477536045,-0.25169107086320736,1.0677163367467786,0.597177530853513
2709,14,77,0,-0.2924942580669217,-0.7877439648523912,0.7136297944033233,-0.5560571161580818,1.2347309201010788,0.5264264816776794
2710,15,77,0,0.044605645492644994,-0.8040700738324558,0.8813390491581016,-0.7877430597785194,1.4303202421286212,0.3897860599248629
2711,16,77,1,0.3581872540836878,-0.8435273070591066,0.7580021277914271,-0.8692454535783471,1.473089037039295,0.4003719057317809
2712,17,77,0,0.574640172582802,-0.8847186767911154,0.36327735687187496,-0.7474229120067063,1.3429631091051664,0.5432945784236721
2713,18,77,0,0.6565621331062962,-0.8975647566100122,-0.17541386277861687,-0.4219434647819747,1.2022905795458156,0.6216436221835152
2714,19,77,0,0.6022373777621556,-0.8530942090343939,-0.675721237560081,0.044574139966768705,1.2446066179742739,0.579236160619768
2715,20,77,0,0.43258807240174535,-0.7312398077397562,-0.9727798230413092,0.5415401586325491,1.4005036323892845,0.4813144644974328
2716,21,77,0,0.1761522863006214,-0.5250740076901559,-0.9801348905132197,0.9458859925734137,1.4704071055556998,0.46789182066844515
2717,22,77,0,-0.13852950999058314,-0.2418349179445979,-0.714896038474133,1.1637498087223574,1.3939384906812906,0.5621047630171044
2718,23,77,0,-0.4801736101537603,0.09791591638749292,-0.2799626981623794,1.1607807783649142,1.2907150538960617,0.6392131110730714
2719,24,77,0,-0.8064979223577603,0.4619567514369863,0.18471444404174941,0.9683763587372505,1.354885654571804,0.6230750356584882
2720,25,77,0,-1.0598605831061787,0.8089585739374314,0.557633192641274,0.6639799959093389,1.5904535964535769,0.5117476947174898
2721,26,77,0,-1.1747863686281768,1.0929644015398365,0.7736410348236095,0.3352135276459879,1.8126176526856743,0.3704945792068665
2722,27,77,0,-1.0985249226415283,1.2707717769162794,0.8309857980162468,0.04459097679478679,1.8746049360832662,0.34703796619695837
2723,28,77,0,-0.8171297926460923,1.3118658096951257,0.7704604606644889,-0.18940643488571307,1.7372901656604018,0.46864541758035533
2724,29,77,0,-0.37394329950188737,1.2085461118259322,0.642584269871641,-0.38746601585496465,1.470871086458948,0.5791587755459265
2725,30,77,0,0.13165646044885124,0.9823718091449998,0.482337327752029,-0.5850060889479872,1.247905932684803,0.5944633132945146
2726,31,77,0,0.5695986588765108,0.6831226490315011,0.3039814527740108,-0.8016848006171017,1.235395656858488,0.5046949775248286
2727,32,77,0,0.8216456748883924,0.37855492490368253,0.11529351327291903,-1.0209022332783928,1.368919066397739,0.3573703932070464
2728,33,77,0,0.824894770203423,0.13671149901884835,-0.06146923785107411,-1.1899938333862854,1.455680324306239,0.2714748820393447
2729,34,77,0,0.5975609996175408,0.005982865353482172,-0.17876810761558434,-1.2413222565808995,1.389227815703856,0.3938986279328333
2730,0,78,0,0.20112630081379504,-0.002916983071763889,-0.25260747357720004,-1.301650944515542,1.3411062652655608,0.4718608657556568
2731,1,78,0,-0.12210133314079732,0.08645027150536215,-0.0992711363029146,-1.0381583853012932,1.0535701098988957,0.64786597875382
2732,2,78,0,-0.3346263512332717,0.22175072739378066,0.2425647479760377,-0.6131225670291355,0.7719489097086927,0.7662088724253708
2733,3,78,0,-0.3732500476425157,0.3381050985819707,0.6931964892227693,-0.11441049693403771,0.8644314838272208,0.7735620931952407
2734,4,78,0,-0.2503868664143468,0.37958125859097114,1.1145671995576436,0.3538915604744738,1.2547010774089293,0.6711604500317035
2735,5,78,0,-0.04620551705157543,0.31736388871415977,1.3594964761738222,0.7081755727828783,1.5660772963941385,0.5490961071557471
2736,6,78,0,0.12698104460405563,0.1578475849285238,1.3324365382081178,0.9098251929921684,1.6261024124918375,0.550111140478197
2737,7,78,0,0.17289821814147308,-0.06211110292429662,1.0345167456442894,0.9675866058828773,1.4283558099596076,0.6396045073351865
2738,8,78,0,0.05171245257470237,-0.2905376089800401,0.5705301306895364,0.9192183295676285,1.1214068162004591,0.6593349959188555
2739,9,78,0,-0.20397313589838517,-0.47998253460725915,0.11156396301161459,0.8040368935417729,0.9648368347629515,0.5478953519478604
2740,10,78,0,-0.5033286390871734,-0.603750461330704,-0.17296183446564142,0.6418685300660704,1.0294490490321908,0.37924770412415476
2741,11,78,0,-0.7345479594813016,-0.6627446846667547,-0.18540296533844844,0.429643599803508,1.0944218127580365,0.37111142867719926
2742,12,78,0,-0.8086773373031573,-0.6810241234411133,0.05845176868276267,0.15673750215132817,1.070390651313455,0.5100522920580138
2743,13,78,0,-0.6918689388799244,-0.6927559491932459,0.4349929975711369,-0.17053210010974598,1.0848472421651036,0.578494857146086
2744,14,78,0,-0.41415489089641905,-0.7264179203031998,0.7639227583659649,-0.5104930372358153,1.242331835866232,0.520378505656283
2745,15,78,0,-0.05372924061868149,-0.7926405966053305,0.8831311321435803,-0.786580183434223,1.4247087169723265,0.414298783092761
2746,16,78,0,0.2939644638852967,-0.8799818182964635,0.7152250339182968,-0.9099674091239041,1.4833646353377916,0.42207490135666065
2747,17,78,0,0.5479277609066721,-0.9593324203495583,0.2976764981076036,-0.8158384001255748,1.4052569574817995,0.5314834428486668
2748,18,78,0,0.6616081191440771,-0.9942459097075377,-0.2350070543509147,-0.4966211505871787,1.314576401390486,0.5962107407818856
2749,19,78,0,0.6260866658234455,-0.95268763123743,-0.7075632805583549,-0.015373932599422655,1.3418198052021653,0.5688544202031723
2750,20,78,0,0.4599922238210243,-0.8160452238723674,-0.9730593941150104,0.509202788954954,1.4434869996420778,0.5021102606614579
2751,21,78,0,0.19521248573225755,-0.5832189540108161,-0.9651464022777533,0.9417220188550807,1.4820931824718098,0.4984555960237892
2752,22,78,0,-0.13262637276538297,-0.2700131065663539,-0.7132705949356196,1.1772314786646958,1.408944899004001,0.5738364426955932
2753,23,78,0,-0.48506853642033765,0.09435244705534605,-0.31845790726421874,1.1764167455092032,1.3151295248392347,0.6372623072412572
2754,24,78,0,-0.8161775720927915,0.4716278405389567,0.09518769657144603,0.9738577713225816,1.358689922499864,0.6203062425508221
2755,25,78,0,-1.069927333607092,0.8188617056111317,0.4290443671103783,0.6564375890017871,1.5589318039348539,0.5131406449189324
2756,26,78,0,-1.1867058455783213,1.093031165880534,0.6374052168570732,0.3225020770614691,1.7644491757207097,0.368548038631917
2757,27,78,0,-1.1205186041680009,1.2569159036150712,0.7254098171317805,0.0408466691063949,1.8339267663173868,0.3231857777238461
2758,28,78,0,-0.861003728948614,1.2864987300593744,0.7246829609151857,-0.1719404180916231,1.7178868719802605,0.4273200894240481
2759,29,78,0,-0.4491771212073486,1.1785748103956608,0.6642490574759042,-0.3464870146018287,1.4669965001868968,0.5338230389867107
2760,30,78,0,0.023781944509190172,0.9556949482038934,0.5544727514287541,-0.532139438002953,1.226593179690052,0.560956720582622
2761,31,78,0,0.43890688275830037,0.6651837123086333,0.39226973963430894,-0.7602531794340576,1.1691745243228937,0.5018076344699297
2762,32,78,0,0.6873324252011566,0.37038139992149044,0.182167042091826,-1.018127373797609,1.2959075679388585,0.3908362056505938
2763,33,78,0,0.7095804189521027,0.13515046983314752,-0.04242159208481502,-1.246816994501272,1.4415693634745976,0.29574243851118187
2764,34,78,0,0.5194926594653385,0.00587145427131601,-0.2144113697255388,-1.364118326048792,1.475363731472131,0.4044197863081206
2765,0,79,0,0.15205749311155262,-0.007159920142638814,-0.3254238005724162,-1.4675230059788371,1.5108597448883123,0.43556066737413485
2766,1,79,0,-0.12490510701203773,0.08332697309546198,-0.19845585321924006,-1.2345738957765595,1.2594054549718403,0.6396838838277538
2767,2,79,0,-0.3075768895974178,0.22232204116449192,0.13712441194266828,-0.8109401759138825,0.9057912045630767,0.78368262141208
2768,3,79,0,-0.3393421430367116,0.34846422477115807,0.5930746993564434,-0.2877871978117655,0.8192310273831164,0.797434860553398
2769,4,79,0,-0.2310665156174796,0.40784004895956527,1.0206272646729564,0.22155587012285607,1.1447673375645553,0.685888771013979
2770,5,79,0,-0.05500074367139574,0.37151548434141174,1.2665058896713528,0.6227604171012296,1.4604508011535902,0.5524178387046379
2771,6,79,0,0.08673912205321754,0.2436521349211544,1.2371383280930475,0.869145592307139,1.5338889600000347,0.548989842647355
2772,7,79,0,0.105984086586652,0.05726376515629367,0.9420693930220521,0.9660029811570996,1.354683825208976,0.63295202488339
2773,8,79,0,-0.03373152100243611,-0.1404151287935792,0.4952433040422498,0.9514181174370366,1.0822738046766973,0.6441742631246639
2774,9,79,0,-0.30108683570476474,-0.306856286259187,0.0710796158165328,0.8660674338684807,0.9695046027965258,0.5307909814148403
2775,10,79,0,-0.6087718604509672,-0.4198014934590366,-0.16716674719189134,0.7293037146452579,1.0519815119808231,0.37411439102372546
2776,11,79,0,-0.8475401015008518,-0.4834378673450093,-0.13605395753912244,0.5345280937344645,1.1208333317619632,0.3713422224690726
2777,12,79,0,-0.9278845604248571,-0.5232370436553658,0.13255667448392297,0.26573637289816765,1.1058633971514513,0.4953744450156699
2778,13,79,0,-0.8123522717647546,-0.5722302646718768,0.505014611104763,-0.07495557289717483,1.1171489536250045,0.5597347341873591
2779,14,79,0,-0.526510660880084,-0.6548259935801014,0.8025989442364261,-0.4457235709528252,1.2445260643638258,0.52199723856039
2780,15,79,0,-0.14629129031936564,-0.774883295705353,0.8766037908205979,-0.7640332058010549,1.4050004303323804,0.4483229204331766
2781,16,79,1,0.23075015406423205,-0.9125440015700218,0.6692332393768109,-0.9305701984422441,1.48317774097298,0.4468459532779313
2782,17,79,0,0.5171611191777963,-1.0304440401903314,0.23474907382148896,-0.8692155873635852,1.4628442870411302,0.5156511796066762
2783,18,79,0,0.6579907657894036,-1.0861637383932126,-0.2864432423016079,-0.5647492088174589,1.419047185397529,0.5636455911207251
2784,19,79,0,0.6376287194990815,-1.0457308084380086,-0.7272266304181835,-0.0793306367437802,1.4266307264187212,0.55373403034064
2785,20,79,0,0.472786485141236,-0.893339221092335,-0.9593271985770296,0.4623347700185357,1.4682112034621613,0.5196475555888149
2786,21,79,0,0.19906807166357623,-0.6347230538951495,-0.9368107421323215,0.9149187469310218,1.4687382790552514,0.5258415903463068
2787,22,79,0,-0.1404559790404687,-0.29452922240376056,-0.7013469919879904,1.16433189743013,1.3978668446750675,0.5836227994869421
2788,23,79,0,-0.4999862726943471,0.08986201923836044,-0.3515875385928049,1.1671823571990707,1.3206021004204511,0.6319214310003406
2789,24,79,0,-0.8302283171444973,0.4751635547666616,0.00504597632756112,0.9607229393894242,1.3557556898325112,0.6113173463336081
2790,25,79,0,-1.0777389120016403,0.8178389752668097,0.29389755922502525,0.639513405542053,1.5250360399329477,0.5063977731896087
2791,26,79,0,-1.190352324980796,1.0784948173172362,0.4898917525668598,0.31019220892126914,1.7077186139044718,0.36235772746171924
2792,27,79,0,-1.1306415242905594,1.2260886750520452,0.6061148276075443,0.04554935118974825,1.7751320016214256,0.3052903690690291
2793,28,79,0,-0.8932464511274083,1.2429120940496408,0.6656656175273465,-0.14113345411705977,1.6750370330878204,0.39077851228936417
2794,29,79,0,-0.5172635632714045,1.1299675653952799,0.6760551624254678,-0.2906012162501494,1.444260344349923,0.4854676962550781
2795,30,79,0,-0.08474761671341605,0.9106831190144041,0.622249683537881,-0.4651977196720222,1.2000539524735752,0.5195811148033818
2796,31,79,0,0.2985337408086664,0.6300846456995949,0.48239640976748477,-0.7064821718199287,1.1036088122172467,0.4937196691812679
2797,32,79,0,0.5357073026848576,0.3473894730998927,0.25607178802383634,-1.0043064635425125,1.2173191830844938,0.4261712714991197
2798,33,79,0,0.5729614489322571,0.12242444202277473,-0.013628274222866714,-1.2928166651374844,1.419448211624024,0.3364747610520446
2799,34,79,0,0.42082072821515154,-0.000704432620945636,-0.24084115614723967,-1.475532443578847,1.5531551873747038,0.4170683099216501
2800,0,80,0,0.08894909276907362,-0.01262626867099142,-0.3898275810732899,-1.617215035989262,1.665959597157205,0.4026059698115589
2801,1,80,0,-0.13524596248100504,0.08271341327516918,-0.2939669635282817,-1.4152127705381723,1.4540896604554379,0.6278151715601419
2802,2,80,0,-0.2813016732193953,0.22767396096124243,0.029734305202328042,-0.9961313749823096,1.0602489844304614,0.7937182291015595
2803,3,80,0,-0.3013012992276457,0.3641717728668049,0.48629744494770866,-0.4542775175424342,0.8162455641388843,0.8132866661542864
2804,4,80,0,-0.20574506505678153,0.44070730574750305,0.917564792688475,0.08886865213911362,1.042293983120362,0.6941900253812577
2805,5,80,0,-0.05883061672995841,0.42913863026235993,1.1645175922786575,0.5298729774394123,1.3507359476949115,0.5514046006214851
2806,6,80,0,0.04881451181908079,0.33245354899765195,1.1348569798483736,0.8155579839272691,1.437339002693294,0.5453854885970376
2807,7,80,0,0.038953570455552,0.1805689999552321,0.8451303797967643,0.9488073904670056,1.2839795042975959,0.6250518692115175
2808,8,80,0,-0.11995156142483647,0.016064671748698446,0.416936760617246,0.9683571082084593,1.0612248593669968,0.628626650635456
2809,9,80,0,-0.39720970272452943,-0.1240940808102921,0.027089358355127942,0.9159359952600649,1.0064032340865159,0.5134839652094377
2810,10,80,0,-0.7095085938652755,-0.22319693420105746,-0.16731489706815497,0.8097518976753464,1.1121653324821736,0.3663425156689157
2811,11,80,0,-0.9515141212029131,-0.28981773360341867,-0.09610202761980216,0.6388997718038277,1.1860868263677808,0.3648375376245436
2812,12,80,0,-1.0348051961719562,-0.35145074930055664,0.19425806737380724,0.38122614467102794,1.173630688644833,0.47581320958661455
2813,13,80,0,-0.9196015232475062,-0.43983330571478246,0.5614723425473437,0.033832002201115055,1.1642663330156315,0.5418854046352857
2814,14,80,0,-0.6274865190038647,-0.5744402732301134,0.8291941386245454,-0.3622716833710613,1.2419841589738894,0.5311463444350636
2815,15,80,0,-0.23173755020624895,-0.751161200964542,0.8620500920455365,-0.7197059111498939,1.3707853229991571,0.48862661101653054
2816,16,80,0,0.1689836271446741,-0.9407077152819403,0.6209820487145338,-0.9297488279880475,1.4708970255612,0.47337114362748434
2817,17,80,0,0.4819683033753009,-1.0970629606927809,0.17574852787777176,-0.9056204164145066,1.5122421991402253,0.4961349591188269
2818,18,80,0,0.6448828963241188,-1.172211471507139,-0.32862484435713807,-0.6242287018225577,1.5124845269992502,0.523888960788753
2819,19,80,0,0.6360800090269104,-1.1312193581855206,-0.7340770241451446,-0.14551816087551733,1.4980986705620296,0.5337416856386692
2820,20,80,0,0.4706809064181557,-0.9622385694230866,-0.931396265972761,0.4020562578444614,1.475327698815385,0.5331351464384458
2821,21,80,0,0.1881477097619393,-0.6786894325350388,-0.8950262099638372,0.8658559381218432,1.4306632478072834,0.5490325304473598
2822,22,80,0,-0.16094786184885765,-0.3142951321892718,-0.6785565023052967,1.1248532647830038,1.3603012307813926,0.5907299965630103
2823,23,80,0,-0.523532706395122,0.0858288591816861,-0.3778438600878482,1.132597173063462,1.3065203506915848,0.6230012257219777
2824,24,80,0,-0.8473202404199465,0.474212962021001,-0.08313369115202195,0.928474428731342,1.3460332457211444,0.5959429600808961
2825,25,80,0,-1.0822843957814277,0.8076529287713072,0.15550306473117698,0.6128003864899593,1.4910896296091232,0.4908750812640911
2826,26,80,0,-1.1850182973806516,1.0510403208648411,0.3344237099113431,0.29788390407987775,1.6460644456616338,0.3505288519393998
2827,27,80,0,-1.128198530508954,1.1797644723976848,0.4755963602543636,0.05811270704297973,1.7012481062976712,0.2939144174978141
2828,28,80,0,-0.9127406094859697,1.1823558787891513,0.5944546545083769,-0.09790759183638696,1.6105971181887666,0.3627910958975864
2829,29,80,0,-0.5762938195423222,1.0638471524381863,0.6774619950633568,-0.22102267391126024,1.404169187573785,0.43735014634533725
2830,30,80,0,-0.1911163003088974,0.8484678802575459,0.6839635297084191,-0.3853839479610299,1.1716441786607925,0.47198925050398005
2831,31,80,0,0.15198507463429597,0.5790440643142739,0.5723279972872561,-0.6410593750576048,1.0473337338963515,0.4808884202593325
2832,32,80,0,0.37048393021373577,0.31083787489998704,0.3355843964498494,-0.9790710912182045,1.1423990615449453,0.46064455952696415
2833,33,80,0,0.41839734575238374,0.09966006066711926,0.02480303647389607,-1.326195847922663,1.394417112735802,0.38569374872040363
2834,34,80,0,0.30412788001595564,-0.012977241949228122,-0.25660403478475635,-1.5722899336236882,1.6219135125689677,0.4292157939811248
2835,0,81,0,0.013867535738747239,-0.01898481010297722,-0.4432601745584738,-1.746620533191704,1.8021419480381096,0.37555954612416
2836,1,81,1,-0.1519499539274426,0.0842088957024921,-0.3823354847790013,-1.5753905660563423,1.6304035651195385,0.6128738223297735
2837,2,81,0,-0.2551200475621456,0.23683587547125148,-0.07587567477032116,-1.1640708087876377,1.21737234914865,0.7961488074356968
2838,3,81,0,-0.25845590062605256,0.38396946691634865,0.3763127599475756,-0.6098423734336175,0.8530832420268014,0.8206092400531068
2839,4,81,0,-0.17338643421872088,0.47690097969615625,0.8082526553867907,-0.04101706942650767,0.955223615144838,0.695552326810701
2840,5,81,0,-0.05614968483689549,0.4890362089193701,1.0557863002706005,0.43172199300947955,1.2423275702602241,0.5459674298746233
2841,6,81,0,0.015180614682324584,0.4230285325126939,1.0273251215748331,0.7504323289467042,1.3407942333292968,0.5398049512252128
2842,7,81,0,-0.025996438715926884,0.3062704019204706,0.7450031504512465,0.9166826610097863,1.2205794398959466,0.6167346333412331
2843,8,81,0,-0.20471695420928027,0.17674124782836834,0.3364874099070413,0.9701364797419103,1.0618545410632418,0.6136606119814046
2844,9,81,0,-0.49015689713957544,0.065348128889581,-0.0200306067728643,0.9531993680043969,1.0740178872507369,0.4966647325978508
2845,10,81,0,-0.8033646195786679,-0.01758230874148091,-0.17358512054774056,0.88224589747692,1.205899443262948,0.35589161800428204
2846,11,81,0,-1.0442358332139452,-0.08582273556990784,-0.06620331675265628,0.7413575793380762,1.285219030710248,0.3517261820080639
2847,12,81,0,-1.1271495882328335,-0.1693201398297025,0.24268149572525427,0.5015950697699707,1.2687109309808853,0.45198221607239825
2848,13,81,0,-1.011420633917474,-0.29837442083989457,0.6036555738222724,0.15435797559730519,1.2248368994126373,0.5258656623457162
2849,14,81,0,-0.7152523414059009,-0.4868724457157632,0.8435184531866186,-0.2610805960558995,1.2362512482449195,0.5467419807309901
2850,15,81,0,-0.30888766393117867,-0.7218591134754965,0.8399661015112558,-0.653713262333455,1.322639879058225,0.5319490506352692
2851,16,81,1,0.1090498603588903,-0.9639085198582692,0.5715334812794666,-0.9066996947946449,1.4456024223360244,0.5003330616662898
2852,17,81,0,0.4420402532260101,-1.1581260338400672,0.12193777830523025,-0.9234930601382378,1.5506010930061098,0.47360369170318506
2853,18,81,0,0.6216330493167308,-1.251261264220359,-0.36052893204747727,-0.6731045336047067,1.5922101693380974,0.4772226086760425
2854,19,81,0,0.6209317745985959,-1.2082174724760417,-0.727623223831776,-0.2120145412083429,1.5555486013126325,0.5091893257172077
2855,20,81,0,0.4537368906610415,-1.022013348908298,-0.8892780531590021,0.3299105276854327,1.4663031280746317,0.5421718977295942
2856,21,81,0,0.16327438382316967,-0.7144138722908321,-0.8399314720676128,0.7955377962512202,1.3694564499714228,0.5672936125801746
2857,22,81,0,-0.19264106306386153,-0.3283871306283739,-0.6445902394214899,1.0592964894255423,1.297133114220527,0.5945218809684047
2858,23,81,0,-0.5539837842662081,0.08356572838873687,-0.3959608013157442,1.072812041538432,1.27341740872328,0.6104588858462381
2859,24,81,0,-0.8659093755905254,0.4704878066441899,-0.16694808723824478,0.8770611491047886,1.329761537283266,0.5744066897342067
2860,25,81,0,-1.0824910259040703,0.7902720708684625,0.01711238505185613,0.5760891414539244,1.458933960047835,0.4664477871581048
2861,26,81,0,-1.1700864135342202,1.012684116151099,0.17440404135974993,0.2851270274648916,1.583144189793111,0.33217385272224864
2862,27,81,0,-1.1126910589132317,1.1198435633490513,0.3365513214965551,0.07770762462141839,1.6159938941360918,0.2888293045711696
2863,28,81,0,-0.9185873875450551,1.1065694403598052,0.5123576433581202,-0.0435371826632696,1.5273194020494874,0.346664527568516
2864,29,81,0,-0.6244986129731994,0.9818648147437118,0.6681598131520922,-0.13934699542752174,1.3490411976968197,0.39371466370842656
2865,30,81,0,-0.2924833794959239,0.7707275012794051,0.7380212019493615,-0.29425876061040956,1.1449152463097463,0.42063983859074594
2866,31,81,1,0.002995394464274072,0.5138197831917118,0.6599702699030772,-0.5649894676597171,1.0093530589984485,0.4641999766983892
2867,32,81,0,0.19578599591504106,0.2624796633963553,0.41905480873138373,-0.9423429724106506,1.0820558859253737,0.4920610463541432
2868,33,81,0,0.24975966390038948,0.06838600140597957,0.07243898684607102,-1.3454474036858655,1.3720541745136217,0.43694182001306453
2869,34,81,0,0.17249993938238,-0.02991561194284849,-0.26056636336475975,-1.6514263115007268,1.6809981751801135,0.4387507285710036
2870,0,82,0,-0.07079763059229988,-0.025810775889129774,-0.4834561780399409,-1.852074512118607,1.9156169698491,0.35703399389164103
2871,1,82,0,-0.1736787968990114,0.08737228937872038,-0.4602364723622775,-1.7108771299589434,1.782334538113592,0.5958014807813578
2872,2,82,0,-0.22836785412543473,0.24869843049922777,-0.1759484591393261,-1.3105483470931074,1.3647335331384707,0.7910577870585037
2873,3,82,0,-0.21030151224899182,0.4064164973955961,0.2667265675280692,-0.7507685718896867,0.9188022669606899,0.8190700825966895
2874,4,82,0,-0.13320677495240182,0.5149684214890905,0.6957706521892933,-0.16515064859043835,0.8912396182856452,0.6896451902687337
2875,5,82,0,-0.04567719970126591,0.5498900222293145,0.9427371553486847,0.3304484401548629,1.1412339632150883,0.5362726431737624
2876,6,82,0,-0.012415074467869474,0.5140889661313168,0.9163564934498883,0.6751943988550155,1.2490149312578174,0.5329298640676734
2877,7,82,0,-0.08684279683433072,0.4328009828633558,0.642982878072143,0.8704632696934701,1.1687564534619173,0.608788336038692
2878,8,82,0,-0.28594214169609594,0.3394112006814229,0.2547227664222371,0.9570660585337796,1.0852750801879387,0.6001114324345197
2879,9,82,0,-0.5779039218148548,0.2584223334839255,-0.06992345477792881,0.9776332660616435,1.1667952424186108,0.4809879589153452
2880,10,82,0,-0.8883810916440552,0.19323888945205556,-0.18608550596365842,0.9459948613494747,1.3251778467876338,0.3429816973501142
2881,11,82,0,-1.1237566160080272,0.12439980291241602,-0.04683081691474567,0.8405788528885724,1.4096347669956328,0.33238775625776845
2882,12,82,0,-1.2029653728080703,0.019281585342515915,0.27722409296167233,0.6251629639469702,1.3839000675330437,0.4247345120981216
2883,13,82,0,-1.0859559934118388,-0.1508403719937155,0.6311555686345413,0.284906477764052,1.2967583777792244,0.5124178282059192
2884,14,82,0,-0.7882671180704667,-0.3938337685470468,0.8456469700130486,-0.14350264605173524,1.229708052342176,0.5669965663031127
2885,15,82,0,-0.37674572546184887,-0.6873767905640733,0.8110250940017144,-0.5666895805663597,1.262268979925795,0.5753870116395975
2886,16,82,0,0.05128409757272932,-0.9815395942330343,0.522018768776761,-0.8611497621191798,1.4071718237173896,0.5264920632907892
2887,17,82,0,0.3971569183452185,-1.2125208158110583,0.07454964208692666,-0.9216928916049115,1.5757587956711196,0.4490682144628913
2888,18,82,0,0.5877995609542352,-1.3221816732851805,-0.3812383100784418,-0.7096160014697686,1.6560707169811923,0.42428665916789743
2889,19,82,0,0.5919743724472635,-1.2758642469856574,-0.7075332138098395,-0.27679853068131843,1.598588098792815,0.4808754678771095
2890,20,82,0,0.42236693265470104,-1.0720862154666566,-0.8331853199416158,0.24783286051360015,1.443392387159613,0.5467157399854699
2891,21,82,0,0.12563466920628008,-0.7413876060074729,-0.7719049460970465,0.705577915050662,1.2880671925269995,0.5801644357017737
2892,22,82,0,-0.23373968643129173,-0.3360635401383297,-0.5994094258921638,0.9688589584704416,1.210599969139314,0.5945090768978204
2893,23,82,0,-0.589351322370279,0.08427533265727129,-0.40494757405886495,0.9886136778030651,1.2230195642546169,0.5944237974717773
2894,24,82,0,-0.8842968987605057,0.46570479585236396,-0.24422895348899737,0.8068847572134815,1.3075063117182761,0.547345958312874
2895,25,82,0,-1.0772653485777777,0.7678028051608797,-0.11816303798266775,0.5293750445296382,1.4297629944068935,0.43352367948231535
2896,26,82,0,-1.1450519262971421,0.9657069412220121,0.013231649931634752,0.2714321595624231,1.522361423593558,0.3069446238549659
2897,27,82,0,-1.08383144931477,1.0485941460364905,0.191812685746065,0.10328157315533112,1.523712401797764,0.289109025192787
2898,28,82,0,-0.9101297801709528,1.0177347488677884,0.42091359260648437,0.02038167145168755,1.4288820457893188,0.3440352124405798
2899,29,82,0,-0.6602963059735222,0.8861604219297567,0.6480803543851783,-0.047512608453443544,1.2820051087180084,0.35968555096489363
2900,30,82,0,-0.38606365572393037,0.6796470788801037,0.7829830357540473,-0.1937031366269425,1.1231868221800516,0.3691162841547664
2901,31,82,0,-0.1445800721534342,0.43666421439853614,0.7432205663923493,-0.4795724570428823,0.9969681967158707,0.44499230356091307
2902,32,82,0,0.016026522122202937,0.20451422501029184,0.5046438293412492,-0.8943415493325253,1.0471843767921654,0.5187299505222368
2903,33,82,0,0.07131746989744613,0.03048927947930923,0.1285226321225361,-1.349399334957461,1.3577232449314118,0.48559793044390287
2904,34,82,0,0.029432928078010342,-0.05025294341993844,-0.2519571113341903,-1.710369612262522,1.7298087328027143,0.44415324668402806
2905,0,83,0,-0.16240805978478887,-0.032595008342729506,-0.508518840612207,-1.9304519814042616,2.0031662627493367,0.34901625697894667
2906,1,83,1,-0.19897637964583711,0.09174277150661626,-0.524595414517759,-1.8180063247259188,1.9048243177409252,0.5778450103140735
2907,2,83,0,-0.2004274474271213,0.26205674978788046,-0.2668178147964763,-1.4318743703211836,1.4934191844445392,0.7788010893987019
2908,3,83,0,-0.15652857053322236,0.4299414269930341,0.16119228924699636,-0.8737581961418683,0.9993933977547378,0.8085340468709359
2909,4,83,0,-0.0847106054705354,0.5533329298770528,0.583316348103516,-0.28085263558526236,0.8558559358008323,0.6763159311752356
2910,5,83,0,-0.026445351754596752,0.6102942347616512,0.8279034451181222,0.22807562011294316,1.053850564615825,0.5227299998631161
2911,6,83,0,-0.032508067492430244,0.6043045369410126,0.803809240356996,0.5912896877475936,1.1670362194634416,0.5255799024337614
2912,7,83,0,-0.1417954168086955,0.5585840769043448,0.5403401087607379,0.8111083271963164,1.1322483220485704,0.6018970414134239
2913,8,83,0,-0.36174266157965596,0.5018666150754113,0.17241898971327269,0.9296446256122239,1.129909416934571,0.5885927851329583
2914,9,83,0,-0.6586376475583131,0.4520526730554521,-0.12224424997592707,0.9892215654927163,1.277363743138878,0.4670036892826853
2915,10,83,0,-0.9628630434735795,0.40539578215391664,-0.20484049805294632,1.000385445143682,1.4608838588927224,0.3281013956417773
2916,11,83,0,-1.188462840014556,0.33659944696576016,-0.03826037863634664,0.9353337536752483,1.5498568311720753,0.3074734890818453
2917,12,83,0,-1.260688529042558,0.21036470903740975,0.29756423598943377,0.7502060413570864,1.5116026121625117,0.39517739533343443
2918,13,83,0,-1.1417448084633917,-0.00031716838170371664,0.6438648084565912,0.4235462177707532,1.3775102897639793,0.5020017786215709
2919,14,83,0,-0.845316229122966,-0.2970928137007917,0.8359042758146183,-0.01127854387508873,1.2254333237873156,0.5897628045124962
2920,15,83,0,-0.43451790028199205,-0.6481229124925276,0.7760468525658987,-0.4597838944146996,1.1926940354943734,0.6165063856823161
2921,16,83,0,-0.0040225161113003295,-0.9929708692723628,0.4735974258468174,-0.7933725774159357,1.3563708549743003,0.5507331907989248
2922,17,83,0,0.3472112432570066,-1.2591129123293083,0.034745112410006516,-0.8995335537714777,1.5862814411811028,0.42387366449875585
2923,18,83,0,0.5431796941567546,-1.3838580860513185,-0.38997368045270925,-0.7322438980189862,1.702459391617232,0.3661110614785896
2924,19,83,0,0.5493144103808334,-1.3333802970553867,-0.6736502484350549,-0.3377992154917843,1.6271331553474748,0.45012491236932733
2925,20,83,0,0.3773255332628271,-1.1120287865934464,-0.7635330163597183,0.15810683105470444,1.4095967570060952,0.5470525027665105
2926,21,83,0,0.07673833173624713,-0.7592948348805318,-0.6915596917698779,0.5981661943959025,1.1909974900195388,0.5874587935396618
2927,22,83,0,-0.2821780011774738,-0.33677641459628416,-0.5432485256711996,0.8554126340194667,1.1044874435053107,0.5903916715975195
2928,23,83,0,-0.6274570437189242,0.08901608776652296,-0.40411337155912075,0.8814119623906118,1.158369919374592,0.5752172570321773
2929,24,83,0,-0.9006939699778858,0.4615288545072817,-0.3130952901673259,0.718794303099741,1.2802157716537212,0.5158394817432097
2930,25,83,0,-1.0655364796993099,0.7424179146235249,-0.2474265899085621,0.4728605503169747,1.4040546168022785,0.39309594721532487
2931,26,83,0,-1.109543516115586,0.9125786828373265,-0.14578020460780222,0.25628325531632,1.4665672986720624,0.2750885718090368
2932,27,83,0,-1.0415527267445879,0.9685825793838737,0.04428194564869194,0.13358468257090234,1.4292620661736624,0.29344280021267327
2933,28,83,0,-0.886970243309251,0.9184150369519498,0.3218575558949697,0.0919709803449701,1.319944445849075,0.3539955388815365
2934,29,83,0,-0.6823366746044952,0.7793063974390273,0.61740150599803,0.05224793616676602,1.2069864394607082,0.34036106348372885
2935,30,83,0,-0.4692069624737953,0.5778618155947486,0.8176014185729493,-0.08587160348836768,1.1090200464800026,0.3226025101969385
2936,31,83,1,-0.2868772765617729,0.3502633056073192,0.8200217946515123,-0.3863730216722356,1.0132634458234873,0.4250636053786077
2937,32,83,0,-0.16422138626180882,0.13952425151722153,0.5903677089823451,-0.8355827937301324,1.045546898734871,0.5394157289507334
2938,33,83,0,-0.11238863075754502,-0.01184087264876075,0.19198618002354342,-1.3372507246367256,1.3556804949729564,0.5283794854463271
2939,34,83,0,-0.1212715478518706,-0.07252470441749741,-0.23039957001431746,-1.7470124424861153,1.7677961016851795,0.44448220976185965
2940,0,84,0,-0.2581577937624254,-0.03875720646719909,-0.5169849571898337,-1.9792525499422915,2.0622467529243584,0.3520850057135647
2941,1,84,1,-0.22631845821166413,0.09685999547388588,-0.572688467383336,-1.8937713259486504,1.9937261143170315,0.5604915452362383
2942,2,84,0,-0.17075621942721916,0.2756559370498369,-0.34502546266481504,-1.524971267183735,1.59678546390144,0.7600229400795092
2943,3,84,0,-0.09704425230489606,0.45289805746816386,0.06329715924514234,-0.9760058860565537,1.0821867941115322,0.7890863183152067
2944,4,84,0,-0.02771820515150566,0.5903445218943033,0.47411089102308235,-0.3857738638268603,0.8502220677129243,0.6555981682069449
2945,5,84,0,0.0021623199061317545,0.6687920552723655,0.7138602435255471,0.1264662429391704,0.9863456020646689,0.5059932012734908
2946,6,84,0,-0.04396458053989793,0.6923269491923943,0.6915477832573947,0.500151449279384,1.0998360321723335,0.5186602779585008
2947,7,84,0,-0.18934826275915817,0.6820564674072712,0.4383057739311485,0.739675825659908,1.1136813134236594,0.5965817816955784
2948,8,84,0,-0.43048358461604735,0.6619326141472789,0.09030174775908476,0.888538851958059,1.1921101456589585,0.5794277844444583
2949,9,84,0,-0.7307997791539362,0.6431991190762766,-0.17665020605013051,0.9881421774612337,1.398357494408108,0.4550970367214872
2950,10,84,0,-1.0254193966023617,0.6150412707074485,-0.2297780363914803,1.0449788604757515,1.6045371508478414,0.31202437087521356
2951,11,84,0,-1.2371155396758236,0.5465303218025794,-0.040559673548202196,1.0244965857737307,1.6971707611602915,0.27796076614744875
2952,12,84,0,-1.2991839312658677,0.3999274932139711,0.30366595097189214,0.8749816291956781,1.644878946396188,0.3646905634037014
2953,13,84,0,-1.1777534749107177,0.15009056391584602,0.6419702373299596,0.5681626811382979,1.4644333521524944,0.4947157809338515
2954,14,84,0,-0.8855407660965139,-0.19843209880031387,0.8148436062999024,0.13349265015265993,1.2269262963298606,0.6128452117855391
2955,15,84,0,-0.48162542106546474,-0.6045099029327705,0.7359632256720547,-0.3346423758793461,1.1184912419129902,0.6533340577563141
2956,16,84,0,-0.056616623935767836,-0.9975707625693804,0.42741432510851746,-0.704190536809626,1.2949595305951989,0.5720922907572219
2957,17,84,0,0.2922300600645328,-1.296776629823546,0.003570893811630919,-0.8568070866413039,1.58150534955251,0.3996550737659597
2958,18,84,0,0.4878327284982777,-1.4352156639784956,-0.3861258081435664,-0.7397528884385691,1.7303618837662362,0.30420108266400864
2959,19,84,0,0.4933840249343897,-1.3800747384102903,-0.6260081708754555,-0.39294913731857584,1.6414412368954716,0.41881924610378596
2960,20,84,0,0.3196915473008859,-1.1415555874041634,-0.6809370769503484,0.0633089953637545,1.3685887535008283,0.5437619174808427
2961,21,84,0,0.01836957506401123,-0.7680053642857709,-0.5997339237360001,0.476018393841314,1.0846400192758863,0.5892695467353675
2962,22,84,0,-0.3356929385613809,-0.33017723538589283,-0.47661118434366095,0.7214628561115561,0.9845677374143221,0.58209611905976
2963,23,84,0,-0.6660123823859997,0.09867314839721386,-0.3930825446959678,0.7532101531812064,1.0840425755043055,0.5533655304799815
2964,24,84,0,-0.9132900663958842,0.45951904694335727,-0.37199547430579794,0.6140692015832776,1.2492870435245256,0.48143908717634243
2965,25,84,0,-1.046300053078725,0.7162838001017421,-0.3680628267809894,0.4069526856329321,1.3816247740115997,0.34688087704472437
2966,26,84,0,-1.0633418203385006,0.8558775930051911,-0.2994810411515292,0.23915185516591567,1.417781642188831,0.2376025634447416
2967,27,84,0,-0.9860135698577155,0.8825939346819713,-0.1031389289685229,0.1672018939400223,1.3378299314512532,0.3005050595434
2968,28,84,0,-0.8489822334435011,0.811480670454711,0.21708065116315453,0.16911901014064326,1.206232548029074,0.3734399382380886
2969,29,84,0,-0.6895390785430279,0.6642369970061972,0.5765458287642288,0.15746532361061658,1.1286608657320436,0.338779965246728
2970,30,84,0,-0.5394744760946657,0.46838502635475415,0.8408550387707692,0.026862803203156992,1.1037101293786702,0.2881631803128072
2971,31,84,0,-0.42013582575897884,0.25766072301327625,0.8884166081088757,-0.2871817595089345,1.0557748779111154,0.40662893119740984
2972,32,84,0,-0.34035841158981145,0.07039948848856575,0.6741485679180487,-0.7668691892889946,1.0785937981585594,0.5533011968068029
2973,33,84,0,-0.29668007423373854,-0.05617993477253978,0.26147416799791734,-1.3085972601299547,1.368199832359371,0.5629111292184823
2974,34,84,0,-0.27561940299014137,-0.09511339207735289,-0.19593086420010825,-1.7597716898692228,1.7944909909688829,0.43934002358497176
2975,0,85,0,-0.35515885840281963,-0.04366288289542079,-0.5078771631239613,-1.9966687861907941,2.091092947866305,0.365068918507915
2976,1,85,1,-0.254163987126115,0.10228302651528165,-0.6022333780693206,-1.9359028888114636,2.0458411928676976,0.5453448149804273
2977,2,85,0,-0.13891268183889569,0.28823742049885787,-0.4074336472010441,-1.5874487253652274,1.6698422608997354,0.7356639385740271
2978,3,85,0,-0.03198774076791865,0.4736235224344998,-0.023551234368831327,-1.0552620543534397,1.1573569546865117,0.761056709003776
2979,4,85,0,0.03761668332778918,0.6243334091155633,0.37130265950101865,-0.4779433813126648,0.8703463455978644,0.6277335259776562
2980,5,85,0,0.04038359741967911,0.7239146754042509,0.6031558570560975,0.02728751684682809,0.9435172964407903,0.48697363818229533
2981,6,85,0,-0.04601835805255564,0.7768152391887875,0.5814041619748354,0.4031736553092403,1.051731620239147,0.5130921455507843
2982,7,85,0,-0.22832053624968768,0.8016912010678942,0.33805764964099955,0.657298903360322,1.1140753439433557,0.5931534337524584
2983,8,85,0,-0.4908190993306387,0.8175034351541013,0.009049454210799269,0.8345616210109956,1.267197793023058,0.5726164576090432
2984,9,85,0,-0.7931215880973063,0.8289191553875542,-0.23278937822120419,0.9747502305322497,1.523311434411788,0.44544977250209855
2985,10,85,0,-1.0749933899128354,0.8184414307178282,-0.26071739357082535,1.0795042207831047,1.7489311266801326,0.29583024953758275
2986,11,85,0,-1.2688792159649815,0.7500577733806333,-0.053580566858198266,1.107054055080952,1.8442019103483884,0.24527550640928716
2987,12,85,0,-1.3177742208047498,0.584060492037778,0.29577796760641095,0.9977524317459944,1.777821722376403,0.334937818735243
2988,13,85,0,-1.1934048213415234,0.297340441030632,0.6259407725133375,0.716494154209518,1.5549251201213807,0.49026940949201947
2989,14,85,0,-0.9084580643653499,-0.09960475796828115,0.7832214473552839,0.28839227494961445,1.2376684137394307,0.6342152769039637
2990,15,85,0,-0.5177126775474833,-0.5569496418954383,0.691781213481103,-0.1933781238952003,1.046028520752401,0.6843197060352126
2991,16,85,0,-0.10627604459433038,-0.9947297977868882,0.384556290070869,-0.5949631660279672,1.2258248967217351,0.5897715123463673
2992,17,85,0,0.2323910285053122,-1.3244280310494854,-0.018082323930493836,-0.7937963501558996,1.5615872743842811,0.3782227184274201
2993,18,85,0,0.4220960896849088,-1.4752442371460726,-0.3692865301446313,-0.7312279838055168,1.7394187459627228,0.24079249410446407
2994,19,85,0,0.42494186213654805,-1.4153525524847546,-0.5648453637287845,-0.4402395354385074,1.6421508966931762,0.3893830696534626
2995,20,85,0,0.25084245208311035,-1.1605160366184002,-0.5862110091838617,-0.033756650759918364,1.324576258950173,0.5376759658283923
2996,21,85,0,-0.04746851274475031,-0.7675628834329995,-0.4974773473656115,0.3423095205221028,0.9777860495569448,0.5859759525873043
2997,22,85,0,-0.39190161447964866,-0.31611667395663734,-0.40025911964503996,0.5700888004487303,0.8594912624577732,0.5698074460161259
2998,23,85,0,-0.7027014204876095,0.11393543109622978,-0.3717999495697246,0.6065586941082766,1.0064388807636435,0.529604875214829
2999,24,85,0,-0.920322533982663,0.46107876607034065,-0.4197382058825873,0.494390934643762,1.2166304914856783,0.4461986668350063
3000,25,85,0,-1.0186613755452387,0.6914887234178169,-0.4777937549913051,0.3322557954040833,1.3618033773383038,0.29764088692203255
3001,26,85,0,-1.006395034562818,0.7982063892432508,-0.44495388291695953,0.2195125137854336,1.377001854411505,0.19666605423311884
3002,27,85,0,-0.9175983105172921,0.7935453191044176,-0.24761428437560234,0.20259036427371166,1.2546140930422063,0.3092244182544007
3003,28,85,0,-0.7963153204560007,0.700024470566015,0.10858649996416386,0.24953543471068707,1.0946283890594524,0.39833315732721075
3004,29,85,0,-0.6811239137347218,0.5441650015198994,0.5261729164933302,0.2654979385988693,1.0523271488428887,0.35403039191609276
3005,30,85,0,-0.5947095572004645,0.3545229381414532,0.8519777713919741,0.14197031410460217,1.1069722960070028,0.27343357611092284
3006,31,85,1,-0.5408086560605012,0.16216945916402728,0.9466002442236082,-0.18396940356559388,1.117438902029097,0.3921598820454571
3007,32,85,0,-0.5078934737210876,0.0002494785692654097,0.7538692789639893,-0.6892711380149222,1.1407758037204774,0.5599662946219748
3008,33,85,0,-0.4768774964072681,-0.09994385686331603,0.33537650845410877,-1.263445579587816,1.3950530656957965,0.5874711331473395
3009,34,85,0,-0.42954225439034543,-0.11629981536823221,-0.1490085544578357,-1.7476341756806202,1.8095471689541336,0.42884650944333513
3010,0,86,0,-0.4505286752053711,-0.04664351750233224,-0.48074192464187704,-1.9816364086309475,2.0888148216219244,0.3854585164472389
3011,1,86,0,-0.28100649178595377,0.10760744919878397,-0.6114682020901743,-1.942928447877428,2.0589823523497475,0.5339338251222511
3012,2,86,0,-0.1045792291879113,0.2985846914033865,-0.4513296015347572,-1.6176608516027935,1.708980594725344,0.7069586814224452
3013,3,86,0,0.038261697410044954,0.49049680778917515,-0.09623463031461815,-1.1098804976169725,1.2178451867960716,0.7250465126783098
3014,4,86,0,0.11079950866575329,0.6536645755850149,0.2778716882794062,-0.5558041607994422,0.908672024882757,0.5932100393816806
3015,5,86,0,0.08806225193347189,0.7742214038968716,0.49824304990146745,-0.06801504411906267,0.9273866105725656,0.46686464118095006
3016,6,86,0,-0.038295490655486604,0.8564616747512489,0.47513976751151177,0.3016894464853086,1.0255571489262623,0.5097284468356865
3017,7,86,0,-0.2578868751210682,0.9160197669529588,0.24070829573097263,0.5651647329543162,1.1326736126604589,0.5916870487359053
3018,8,86,0,-0.5417221803770154,0.9665763820287361,-0.07070165670326707,0.7686504376859047,1.3503906999914908,0.5678498894975014
3019,9,86,0,-0.844649021756881,1.0064260573552783,-0.2902885454754337,0.9495592637424467,1.6468927147424892,0.4380351358458483
3020,10,86,0,-1.1108826478724925,1.0120608575890586,-0.2973583988476716,1.1038487025390888,1.8881820389651476,0.28091299106959117
3021,11,86,0,-1.2833389830803332,0.943261140642668,-0.07695530456817086,1.1821106170330575,1.9849453782771018,0.21155192691804262
3022,12,86,0,-1.3162561523792993,0.7590477918790706,0.27442742552362076,1.1168100465040827,1.9055862354889173,0.3078425753637107
3023,13,86,0,-1.1885934012038768,0.43853116344311477,0.5965095547808836,0.8661709183397688,1.646553844676395,0.488020275489054
3024,14,86,0,-0.9139728467852457,-0.0022924064471720584,0.7419685351428907,0.45072876185117156,1.2605654856809394,0.6521318388418359
3025,15,86,0,-0.5426502406516033,-0.5058500773363157,0.6445449133168676,-0.03852889471206709,0.9835020108931051,0.7083015490085988
3026,16,86,0,-0.15280322274636315,-0.9838853134291469,0.34600975090169755,-0.467561563297832,1.1531329923542264,0.6031501367285597
3027,17,86,0,0.16803488362033236,-1.3410593826712551,-0.029519345886728585,-0.711275285080992,1.527566663983125,0.36133787379541177
3028,18,86,0,0.34659379337077323,-1.5030244773213992,-0.33927741348409834,-0.706104060720734,1.7300005621089194,0.1796626547855692
3029,19,86,0,0.3450655492229389,-1.4387222939276512,-0.490616655244204,-0.47777621695306166,1.6303272334700052,0.36463997163740564
3030,20,86,0,0.17242123832409267,-1.1688849717177503,-0.48036016086948297,-0.13013273385950222,1.2820692544106669,0.529823491069788
3031,21,86,0,-0.11861458361482272,-0.7581695258616564,-0.38603359752574634,0.20059274690616377,0.8821280167421489,0.5782506229497366
3032,22,86,0,-0.44838137708883935,-0.29463867412642203,-0.31519429835146956,0.40486708512807856,0.7423763263631471,0.5539975899515635
3033,23,86,0,-0.7352642357763104,0.13527916723663036,-0.34052646341070525,0.44449377763021075,0.93404868188705,0.5048754676351738
3034,24,86,0,-0.9201450422356411,0.46741164406806973,-0.45551164997038496,0.3618042042748704,1.1847082717913977,0.4126697598924387
3035,25,86,0,-0.9818763211311892,0.6699742622105871,-0.5747237408376878,0.2495597413769383,1.3437016279000815,0.24988919249557112
3036,26,86,0,-0.9388310223304182,0.7421078560471189,-0.5795778417077071,0.19685906098914394,1.3441695291104172,0.15685195578627723
3037,27,86,0,-0.8369119371538277,0.7043946622530988,-0.3864386485513761,0.2381211451095458,1.1843267875057648,0.3188982699503398
3038,28,86,0,-0.7293937321125482,0.5872690692931273,-0.0015548148542051364,0.33081200722534254,0.9931461009172712,0.4248428094935838
3039,29,86,0,-0.656636422935646,0.4224883066701425,0.4671657376800762,0.3736016600815572,0.9836105876192011,0.38165790285724227
3040,30,86,0,-0.6331010033715904,0.2397787838687783,0.85048135337123,0.2568312138340157,1.1169563780628666,0.28235857767268147
3041,31,86,1,-0.6456656037612999,0.06727345965987887,0.9929705188714402,-0.07883528380994748,1.1889555263239517,0.38403719457649976
3042,32,86,0,-0.6625747106640594,-0.06769211468194183,0.8274312644625827,-0.6041002965837722,1.2219521821022397,0.5593790352951216
3043,33,86,0,-0.6484373392857485,-0.1404713714604834,0.4118705153788576,-1.2022160061150564,1.4335842619035872,0.6008579150393698
3044,34,86,0,-0.5790171221499575,-0.13431914229478356,-0.09050401901949899,-1.710186935769073,1.8127969529055148,0.4136344642188457
3045,0,87,0,-0.5414766504916702,-0.047019268568313025,-0.4356719472373506,-1.9338648940348582,2.0554929454110065,0.41022576667580185
3046,1,87,1,-0.3054238914962611,0.11248013038560879,-0.5992152703990686,-1.9142104475425104,2.032042349703522,0.5274699821920344
3047,2,87,0,-0.06758080556527,0.3055670224220108,-0.4745185681123816,-1.6147436672556519,1.7118713014997247,0.6754176395028759
3048,3,87,0,0.11308419525511726,0.501995892909228,-0.15202652844101586,-1.1388493150482493,1.2589192743976572,0.6819609910085584
3049,4,87,0,0.19099827533856165,0.6767918126338349,0.196537824326642,-0.6182359077196068,0.9567498381580386,0.5528249252260804
3050,5,87,0,0.14464526201090416,0.8183398841443367,0.40141204996273255,-0.15823469342817206,0.9363611855812694,0.4471654741751883
3051,6,87,0,-0.020826466597559542,0.9300176871580399,0.37440838353224537,0.19695540503056227,1.0219294052759764,0.50926411032428
3052,7,87,0,-0.277595733524357,1.0236533285885063,0.1472944666035613,0.46449647641089986,1.1672095633995738,0.5920235247904955
3053,8,87,0,-0.5825035963559405,1.107283075105691,-0.14835121638117849,0.6918465430415011,1.4373746799993976,0.5645690951111497
3054,9,87,0,-0.8847576072323283,1.173142479217954,-0.34874108544789045,0.9132211340344387,1.7648378068331494,0.43264983523364997
3055,10,87,0,-1.1327484295336698,1.1926418163288877,-0.3392727258620099,1.1180451021082296,2.0175837874867315,0.268935778284415
3056,11,87,0,-1.2805056232457515,1.1225298858218578,-0.11009685392626702,1.248891141917207,2.1146201543849314,0.1801356228275079
3057,12,87,0,-1.2949039331192354,0.921462381525806,0.24040833968516376,1.2304974698150357,2.0242997084390093,0.2854636746116362
3058,13,87,0,-1.1636883449698825,0.5709771502332897,0.5546515130244254,1.014756886067626,1.7371111965067816,0.48706523354577363
3059,14,87,0,-0.9023786308780558,0.09193467721427827,0.6921582608582265,0.617591282862597,1.297397868459017,0.6651957128269518
3060,15,87,0,-0.5565327852483666,-0.4516127110751403,0.595297668698753,0.1269962950646989,0.9403138599314981,0.7244835381244016
3061,16,87,1,-0.19601908797251283,-0.9645464132596139,0.312620987993441,-0.3243295244356092,1.0824485155129482,0.6117935715153338
3062,17,87,0,0.0996723975856576,-1.3457739024004935,-0.030276222989516828,-0.6104968734232841,1.4814401997248634,0.3503713267087911
3063,18,87,0,0.2622366996941708,-1.517754587659848,-0.29617487266707787,-0.6641875379431841,1.7032943714424098,0.12879017737733542
3064,19,87,0,0.25513567906833,-1.4498040341468645,-0.4040024928882196,-0.5038344992324332,1.6075114833303288,0.347404088465568
3065,20,87,0,0.08629681920354271,-1.1667522127734795,-0.3645735559950035,-0.22278908612057605,1.2455146412795568,0.5213547651096077
3066,21,87,0,-0.19281286982857967,-0.7401674346353643,-0.2668191331046391,0.05470600672913342,0.8119173794353636,0.5670620116619695
3067,22,87,0,-0.5027498231383998,-0.26596927401836423,-0.2226349186060997,0.22978052661636886,0.6525813641090193,0.5354493630869549
3068,23,87,0,-0.7615779353646007,0.16295831414347617,-0.2998249651527245,0.27046226077894464,0.8772691764887115,0.4802983360333571
3069,24,87,0,-0.9112926577460466,0.4794844504020676,-0.47889051574210006,0.21866854925615875,1.1565084118763485,0.38378645120190236
3070,25,87,0,-0.9353885527150558,0.6534720767869556,-0.6573721075533016,0.15982386637206328,1.3265214871014372,0.21111122742904898
3071,26,87,0,-0.8609654559378765,0.6899825840885767,-0.7010810943969777,0.1707212680333361,1.3183314966060848,0.12794485722229393
3072,27,87,0,-0.7447702038060703,0.6180478137847496,-0.5170960936673485,0.2721240173023773,1.130533328779059,0.32918198098919293
3073,28,87,0,-0.648908366876343,0.4764691531994332,-0.11125411528635022,0.41048709513039106,0.9104845171607492,0.4498551936008796
3074,29,87,0,-0.6159621553600337,0.3026892354007454,0.4006112685210425,0.4790030499181033,0.9278811671545824,0.4159357077353213
3075,30,87,0,-0.6532368154642877,0.1277490532747114,0.8361711625530063,0.3688057639760421,1.130591907948092,0.31177671419068814
3076,31,87,0,-0.7318877571600603,-0.023477801441150248,1.0261735248680939,0.026048504205308156,1.2609209031310553,0.3840268161249465
3077,32,87,0,-0.8005130506709288,-0.13016873178425917,0.8928135416534538,-0.5128755955283159,1.3106954030884168,0.5518946018184919
3078,33,87,0,-0.8070838036211264,-0.1751103598133135,0.48897072947075254,-1.125733578089602,1.4793297020269252,0.6023219929756882
3079,34,87,0,-0.7201840554290315,-0.14741998260405892,-0.021682715060868885,-1.6476312551818264,1.8043161081555636,0.39487033847336894
3080,0,88,0,-0.6253873372372131,-0.04412349787412115,-0.3733121923426769,-1.8538476398827226,1.9922774077652277,0.436507122176782
3081,1,88,0,-0.3261252337386347,0.11661121586812762,-0.5649282904875713,-1.8499628782440751,1.9650604235039781,0.5266085323332724
3082,2,88,0,-0.027898822766950774,0.3081798283736879,-0.4754023551027825,-1.5786320746285947,1.677450379955148,0.642783780932274
3083,3,88,0,0.19162647271813746,0.5067517518255961,-0.18868409933849553,-1.14180452942802,1.2778252289692151,0.6330531292996545
3084,4,88,0,0.2770576469341697,0.6923095746370558,0.12967548020485045,-0.6645646833050577,1.007231569859459,0.507786440069147
3085,5,88,0,0.20919275214003724,0.8550052641887195,0.31472730616207933,-0.242411323643359,0.9657184560796743,0.42967934488825466
3086,6,88,0,0.005954908136239263,0.996319263758232,0.28072143394854515,0.09014173529443997,1.039046482206969,0.5121562462962541
3087,7,88,0,-0.28737548377417926,1.1233027110248117,0.05876795112180554,0.35653857595802146,1.2144822260928168,0.5937982766804409
3088,8,88,0,-0.6128198523527453,1.2379174930285528,-0.22332780437011404,0.6052752551171834,1.5245397120592448,0.562054592031405
3089,9,88,0,-0.9131568917738037,1.3267482017462158,-0.4076956565303389,0.866505320086928,1.8738098937521557,0.4289768725959837
3090,10,88,0,-1.140613935089494,1.3572752397979602,-0.3858978884490486,1.1222574105445144,2.1334420782670582,0.2616679030357472
3091,11,88,0,-1.2608084761015506,1.2846505312933771,-0.1522036544458783,1.3067411940779425,2.229507457195153,0.15626479807660465
3092,12,88,0,-1.2544594502187087,1.068253028884108,0.19476503360740333,1.337230364764874,2.130950847093472,0.269686090081661
3093,13,88,0,-1.1195236345167636,0.6922768926021368,0.5015569007034767,1.1597928947449418,1.8246258103010116,0.48636039799735553
3094,14,88,0,-0.874349315506771,0.18165398965497306,0.6349735165080684,0.7859091799930851,1.34845448694005,0.6723672238505211
3095,15,88,0,-0.5596720009454885,-0.3946309068474319,0.5450457358697237,0.29998046275251516,0.9252185868780065,0.7324222799855631
3096,16,88,1,-0.23575763393407329,-0.9363182854124357,0.2850604169880347,-0.1680322336557708,1.0206703025152715,0.6154614915595681
3097,17,88,0,0.027985629854834666,-1.3378196676750764,-0.02015086582163629,-0.49316898560662503,1.4262420427312654,0.34592869089556033
3098,18,88,0,0.17021431552754665,-1.5187766806495908,-0.24033060401583295,-0.6056695078514349,1.6613999731741647,0.10568022601596218
3099,19,88,0,0.15681156591171502,-1.4483373724818756,-0.30591471065107323,-0.5169116492213206,1.575770438555319,0.33974453015026873
3100,20,88,0,-0.005480978311543637,-1.1543116460847076,-0.2402132012109221,-0.3087076161517605,1.2187978469443324,0.5134418291880074
3101,21,88,0,-0.2677783171274705,-0.7140181164190963,-0.1413990047158081,-0.09133118934745767,0.7809367211115997,0.5536654235106555
3102,22,88,0,-0.5527422516084481,-0.2305007368409864,-0.12398588385155351,0.0491144960299066,0.613546509656878,0.5152722814867129
3103,23,88,0,-0.7797327351332132,0.19700193835969312,-0.25053736425600953,0.08823493321647724,0.8469635625479189,0.45712576504642405
3104,24,88,0,-0.8925413567260713,0.49799801761388257,-0.48983118833677713,0.06760170497286674,1.1354015512568365,0.36250847961894384
3105,25,88,0,-0.8788617612296488,0.643447918457311,-0.7246928634632595,0.06415714175912549,1.3098546118985899,0.19208074956436763
3106,26,88,0,-0.7733056135424149,0.6440114210447201,-0.8075830877662884,0.14068146271693255,1.2979730351477101,0.12545469324419126
3107,27,88,0,-0.6421850734213452,0.5372668685421774,-0.6373136662063664,0.30293425852226324,1.0949864066179678,0.34000297975831445
3108,28,88,0,-0.5558024890176467,0.3708116350398504,-0.21845063190391228,0.48611229917725435,0.8546598864283695,0.4710482386488637
3109,29,88,0,-0.5593336040179643,0.18822965621815643,0.3277758815069931,0.578973890242653,0.8893437345279541,0.45169697154084176
3110,30,88,0,-0.6541468590552416,0.022015038359255182,0.8091545975685709,0.4753052808791418,1.1441324433490003,0.35410177588312725
3111,31,88,1,-0.7971497534206891,-0.10657862013594274,1.0451436806134333,0.12849562541544363,1.3250068567844648,0.3927719440727832
3112,32,88,0,-0.9182946677937975,-0.1840046223117351,0.9481312803875991,-0.4172829187823913,1.396495885095114,0.5382592289997851
3113,33,88,0,-0.9489321969539094,-0.2013056202092564,0.5645850973153543,-1.035207628718946,1.5268947029222735,0.5915307101122217
3114,34,88,0,-0.8494581645498666,-0.15392465739142336,0.05582817143274559,-1.560780046511701,1.7844951980288672,0.37429355132479336
3115,0,89,0,-0.6998976772124539,-0.037328285455518286,-0.29484918763459367,-1.7428513919539328,1.9015039251463508,0.46194974514756404
3116,1,89,0,-0.34199289892419826,0.11978304518909626,-0.5087209627717764,-1.751245599924664,1.8592916097396581,0.531298689009401
3117,2,89,0,0.014320176838196582,0.3055804490099353,-0.4530408248837804,-1.5100559619347143,1.605957494913157,0.6109492199402842
3118,3,89,0,0.27281663821708696,0.5035975528757032,-0.20452658480962513,-1.1190262989746163,1.273613126126292,0.5799875895314186
3119,4,89,0,0.3675234911868707,0.6990010777037913,0.07923767638637824,-0.6945594605138706,1.0546883315717868,0.4598801743571238
3120,5,89,0,0.28040043115298874,0.8830972021027458,0.2399698766494649,-0.31983036647431257,1.009139274416932,0.4164393637367457
3121,6,89,0,0.04122567941934923,1.0543112235267542,0.19541628698784022,-0.01767180311384426,1.073206191998293,0.5185725905360655
3122,7,89,0,-0.2875281651157252,1.213796862007953,-0.02401222778204381,0.24254547300527352,1.270976066459781,0.5964902021368373
3123,8,89,0,-0.6326700115758565,1.3569603845247833,-0.2950820716327408,0.5101279438392073,1.6090111176749928,0.5595265256907739
3124,9,89,0,-0.9298844901353618,1.4652210613449246,-0.4666464806995956,0.8102782610501487,1.9712604398919031,0.42666424452182894
3125,10,89,0,-1.1348518832998515,1.5034618622787477,-0.4365345271211816,1.1167650474887,2.2329381838772995,0.26065930955188554
3126,11,89,0,-1.2250764530329954,1.426882124876823,-0.20226894249342084,1.3551252735496977,2.3268180303108044,0.146686862698197
3127,12,89,0,-1.196109664901152,1.196820288746718,0.1387708477810889,1.4355168987559241,2.223291085043394,0.2617145350195261
3128,13,89,0,-1.0573760180410243,0.8003731319251831,0.43860152513839173,1.2988408322935787,1.9073541882206406,0.4848412269624341
3129,14,89,0,-0.8309211304057833,0.26562289225751945,0.5716730156027587,0.9525158447838032,1.4124736872517762,0.6729656673150975
3130,15,89,0,-0.5525847027448322,-0.3352889440437399,0.4947247079665594,0.47697034766365937,0.9434096559440921,0.7320199427992913
3131,16,89,0,-0.27186148520005426,-0.8989250205660132,0.26379224847470345,-0.0017937451408175497,0.9754816387876077,0.6141151159463182
3132,17,89,0,-0.04617677660728656,-1.3166215384930575,0.0007727630110380215,-0.3614186246696709,1.3661070930723014,0.34762451644348913
3133,18,89,0,0.0719781338493159,-1.5056019753579821,-0.17238628314199755,-0.531129829708448,1.6074308963609993,0.12389751217759666
3134,19,89,0,0.05199926325930442,-1.4341892886085392,-0.19749825859815034,-0.5157752708905492,1.5377361708532773,0.3421789824408953
3135,20,89,0,-0.10073063797545757,-1.1318502731792635,-0.1088007866961242,-0.384969063079519,1.2046868858906592,0.5071567396850605
3136,21,89,0,-0.3412610777356893,-0.6802804011273991,-0.011459968466369631,-0.23342785561848783,0.7961535291583369,0.5395707697918831
3137,22,89,0,-0.5962841271231836,-0.1887716873238524,-0.020804601054879343,-0.13265629135869508,0.6397030821062588,0.4949000957640518
3138,23,89,0,-0.7881006118670135,0.23721847104587998,-0.1937535277292244,-0.0981895217021538,0.8512090161118615,0.4366533358501568
3139,24,89,0,-0.8629599705174704,0.523366980460437,-0.4886553952130855,-0.08858378484022342,1.1248306935531518,0.35113156194666223
3140,25,89,0,-0.8122057568345352,0.6410545793967067,-0.7760814002749742,-0.036204991147210104,1.2939251548823771,0.20100659352821287
3141,26,89,0,-0.6765495732838448,0.6060850654875135,-0.8976251381367786,0.10639061947722775,1.281447729813969,0.15447867184978073
3142,27,89,0,-0.5303458444721015,0.4645826129365975,-0.7451076388683864,0.32894004860696896,1.0772607242768113,0.3514405787033129
3143,28,89,0,-0.4512514909051239,0.2733168829798255,-0.3211584624021279,0.555319305345642,0.8305734858686316,0.4867943584465829
3144,29,89,0,-0.4873278010067051,0.0824451523160947,0.250076096810464,0.6709049753427937,0.8700213381924181,0.48494800191641596
3145,30,89,0,-0.6353331310105441,-0.07396701017234489,0.7698417541555219,0.5738623432898385,1.15373030706524,0.4019462153358523
3146,31,89,0,-0.8396875491672539,-0.17867690645944698,1.049136913450477,0.2263650365581126,1.3743835018177337,0.40960429049199565
3147,32,89,0,-1.013078956543434,-0.22620785595696138,0.9916921188416394,-0.31912961661786443,1.4706447351631406,0.5196151676436516
3148,33,89,0,-1.0705999976020735,-0.21668531706605826,0.6365758416220002,-0.9322005053059893,1.5707843473013974,0.568548574381096
3149,34,89,0,-0.9636327203055423,-0.1522887445468909,0.14008378275590705,-1.4510386391448826,1.754114158155553,0.35424438107764294
3150,0,90,0,-0.7629660190671798,-0.026070055841814183,-0.20198382310653495,-1.6028852310272637,1.786850671630081,0.4848135566646766
3151,1,90,1,-0.35211897761388977,0.1218557835493701,-0.4313760429032013,-1.6199366517796279,1.7172992320938414,0.5407883065974645
3152,2,90,0,0.05876145724768961,0.29711828645205074,-0.40719421038477643,-1.410515694231717,1.49903096487262,0.5818142362654488
3153,3,90,0,0.355386282119928,0.4916115447181706,-0.1984975932406701,-1.0714181011256634,1.2471244374004031,0.5249363288044344
3154,4,90,0,0.4606772502326876,0.6958811687228484,0.04669180455171189,-0.7084161198862947,1.0956768015213592,0.4117344342572169
3155,5,90,0,0.35663392622684925,0.9016736360946881,0.17858717946209884,-0.39001324961887934,1.060286196699127,0.40950676479072895
3156,6,90,0,0.08380055758940895,1.1030698062436093,0.11962839680089195,-0.12549459319026873,1.1197523731342356,0.5283811948281488
3157,7,90,0,-0.2787111895332007,1.2940995268070299,-0.10028634210270433,0.12377367278266867,1.3333232109806092,0.5994804474636632
3158,8,90,0,-0.64238168840786,1.4630997161735124,-0.3630805308498898,0.40764592604694644,1.6885845214183552,0.5562368307093334
3159,9,90,0,-0.935290132432348,1.5868702726323618,-0.5250259670262923,0.7454833056218809,2.0553156738083924,0.42540147480177637
3160,10,90,0,-1.1161619007114216,1.6291620625686491,-0.49034748198342876,1.1019463913521874,2.314025262872959,0.2668268328615812
3161,11,90,0,-1.1745078208942938,1.547018292120646,-0.2590947071404162,1.3936234044033455,2.404589461439664,0.15560075823412378
3162,12,90,0,-1.1214518242781226,1.3050795824743664,0.07390252373660372,1.5239759912279538,2.299750272447436,0.26158493661961785
3163,13,90,0,-0.9789311350843173,0.8936032005712379,0.367314433757512,1.4295277458706859,1.9837596418844083,0.4815224439104625
3164,14,90,0,-0.7734653955130716,0.34280550183343,0.5035580880674749,1.1142155927248119,1.4868797749894698,0.6666608275311591
3165,15,90,0,-0.5359764700254619,-0.2739617206075292,0.4451698225954879,0.6543547545278642,0.9943249551842256,0.7235196691469706
3166,16,90,1,-0.3041786656239731,-0.8522300914474225,0.2490506896097037,0.1709752096045668,0.9539809000622903,0.607923057318412
3167,17,90,0,-0.1218103013403684,-1.2818099747280138,0.03210799232491931,-0.21774538907277002,1.306261282614796,0.3541569056405293
3168,18,90,0,-0.030783243764388027,-1.4779339324511283,-0.09328160053283228,-0.4415319173763902,1.5456028622667441,0.16609069651533626
3169,19,90,0,-0.057187444104510585,-1.4073615588047539,-0.08012833252943001,-0.49950616494111716,1.496617492699014,0.3533643804840155
3170,20,90,0,-0.1971910890653977,-1.099737619860257,0.027998264220644976,-0.4488391293031558,1.204386825291478,0.5033408825795508
3171,21,90,0,-0.4111084792751602,-0.6395878281279646,0.12121853606966922,-0.3675354490934901,0.8531465357420194,0.5264698794832805
3172,22,90,0,-0.631556304818673,-0.1414440528785101,0.08523694224491819,-0.31098741934925034,0.7230824970691002,0.476049692277508
3173,23,90,0,-0.7853943006656373,0.2832065283006339,-0.13077319276833416,-0.2846872556261173,0.8917390911319955,0.420085907793292
3174,24,90,0,-0.8219527962247092,0.555708837438349,-0.4760232335501679,-0.2469490084010639,1.127830059387728,0.35045816721487416
3175,25,90,0,-0.7355954289932284,0.6470952031468233,-0.8113683930671738,-0.13992649641535962,1.279738618139988,0.23452730151508433
3176,26,90,0,-0.5715806705002389,0.5777430172218504,-0.9701889401951994,0.06758344695494885,1.2674089942940703,0.20280650835874764
3177,27,90,0,-0.4105964208581211,0.40221387297520605,-0.8388215533168775,0.34862918351519634,1.0749554997034185,0.3636006114663383
3178,28,90,0,-0.33663726701532165,0.18674412923665878,-0.4175108372009203,0.615885099980227,0.8377516188619216,0.496037997042091
3179,29,90,0,-0.40085490953805014,-0.011558452329503833,0.16904543063966812,0.7523770759210232,0.8691754013504016,0.512810953617987
3180,30,90,0,-0.5967867089296677,-0.15697372203028442,0.7189383022966792,0.6621981199983431,1.1559298239952613,0.44987389711261844
3181,31,90,0,-0.8583496342473655,-0.23668119608981333,1.037755938176328,0.31761979261426454,1.4037812518607198,0.43280043784170186
3182,32,90,0,-1.082679106984715,-0.25406945763185074,1.022048517915695,-0.2202951853583446,1.5263873950174964,0.4975000161463319
3183,33,90,0,-1.1693023377479115,-0.21914340307881033,0.7028231912529097,-0.8185863382559485,1.606031076759693,0.533825542055505
3184,34,90,0,-1.0599702629855086,-0.1411579860224576,0.228876080264811,-1.3203695215255036,1.7144160722888582,0.3375993596380353
3185,0,91,0,-0.812930865468653,-0.009874412503226852,-0.09688832812352272,-1.4366499867473013,1.6535732909676213,0.5039664154501626
3186,1,91,0,-0.3558347045387241,0.12276968836351848,-0.3343343661647565,-1.4586833580676886,1.543122594234643,0.5537820080963016
3187,2,91,0,0.10494479644780479,0.28235841431173075,-0.33834472300671653,-1.282237807172994,1.3599083168230153,0.5570781002973302
3188,3,91,0,0.43789931523006187,0.4701523114459402,-0.17020916570814185,-1.000469745340025,1.2011285849852686,0.47071218491460864
3189,4,91,0,0.5545792172521719,0.6822326420367195,0.03296920745073199,-0.7067297596263407,1.1285182354972687,0.3671951069805609
3190,5,91,0,0.4359740412497836,0.9100003264933803,0.13165163613561606,-0.452700212270803,1.113752034498228,0.41062373297687543
3191,6,91,0,0.1321705351584299,1.1418230289413238,0.0542679732423339,-0.23241908111740908,1.173964446638865,0.5411821896564929
3192,7,91,0,-0.26190768843696216,1.3633238997163506,-0.16939931541438305,0.00147690790105143,1.398551394164691,0.602110378694404
3193,8,91,0,-0.6425868411276133,1.5552469141783933,-0.4268005954278541,0.299106440583339,1.7616282875532467,0.551541558200342
3194,9,91,0,-0.9300104139411569,1.6903615637829619,-0.5822003315526447,0.673121767281803,2.124686265311274,0.42497847965099905
3195,10,91,0,-1.0855385722234903,1.73283331420973,-0.5463710380964554,1.0782622170840097,2.3753475549236187,0.2801781071524587
3196,11,91,0,-1.1106297331955168,1.6434343238804094,-0.32131022132224696,1.4219264727318726,2.461603122631278,0.18042243526240756
3197,12,91,0,-1.0324474976683682,1.3915096652876875,0.001810749862447976,1.601353842529513,2.3593610134589045,0.26806963242128523
3198,13,91,0,-0.8862387572815735,0.9707381447815234,0.28934384388428014,1.5495890779464392,2.0524857736721316,0.47556975694272374
3199,14,91,0,-0.7036527892342684,0.41239367638701835,0.4319408839211427,1.2678519888970436,1.5681892057637479,0.6534610528483251
3200,15,91,0,-0.5107212500637183,-0.21101499314052535,0.39709112764416893,0.8284476242823464,1.0720869145873968,0.7075006520605027
3201,16,91,0,-0.33256072133323433,-0.7962537155980556,0.2408236485613633,0.3466572840537712,0.9606164246312544,0.5972647313595053
3202,17,91,0,-0.1977711050145642,-1.2332456926958384,0.07315722516883341,-0.0649652665620949,1.2528291240170815,0.3636484467151697
3203,18,91,0,-0.13617670258134912,-1.4356884620276475,-0.004254875827347955,-0.33820819031455246,1.4812657892118457,0.2135613191249716
3204,19,91,0,-0.16847215877745558,-1.3679974172431235,0.04459756295636087,-0.46753430255934797,1.4561514579734811,0.3705681779250669
3205,20,91,0,-0.2925753792211809,-1.0584158362797467,0.16839340262728633,-0.4978514605732377,1.2173975726349526,0.5024907577568474
3206,21,91,0,-0.47532269066565974,-0.5926262566041439,0.25479499120864046,-0.4897623526372075,0.9391087210137209,0.5161046416048338
3207,22,91,0,-0.6570510169093475,-0.08927768268710828,0.19239277370488933,-0.48138750177196044,0.8416860754959047,0.4606103120803227
3208,23,91,0,-0.7707147258347667,0.33437179503334546,-0.06306215392576302,-0.4671158548690367,0.9633170522004523,0.4083671101900211
3209,24,91,0,-0.7692913995197149,0.5948425540979321,-0.45289669904039115,-0.4045003430462451,1.1464653806665797,0.3593854773588714
3210,25,91,0,-0.6494818076527781,0.6619980511445754,-0.8308015114115775,-0.2455986839232842,1.2691012186188093,0.2820224422220529
3211,26,91,0,-0.45945721567167785,0.5601238104689132,-1.0247028545022117,0.024092005730499036,1.2551637267114137,0.25899175657461526
3212,27,91,0,-0.28440928331470994,0.3519963434954367,-0.9171552627262336,0.36063377250236905,1.0844448165238567,0.37650722419825944
3213,28,91,0,-0.2135178879911506,0.11350407398951337,-0.5058011098436836,0.6657937139818866,0.8703959418571038,0.4981935402732011
3214,29,91,0,-0.3011381091572903,-0.09100294572876609,0.08629818199174533,0.8212270663694384,0.8836441408570395,0.5333077149347002
3215,30,91,0,-0.5389908571353377,-0.22411707654447144,0.6574306816719524,0.7382848821019301,1.1480502064013731,0.49421242546216054
3216,31,91,1,-0.8526301602689852,-0.2778615060722514,1.0109667994243499,0.4003834092598262,1.4094488109562155,0.46009037005105613
3217,32,91,0,-1.1256228956192207,-0.26525557404854805,1.0380445228586332,-0.12267956747221996,1.558837429117611,0.4738259329854997
3218,33,91,0,-1.242929090928977,-0.20691540402134836,0.7612900272959834,-0.6965010620343854,1.6286076705499692,0.488192588888494
3219,34,91,0,-1.1362790371376594,-0.11942069995302741,0.31979716472052877,-1.1712420373626868,1.6671741032251381,0.3274672538882427
3220,0,92,0,-0.8485576214300964,0.011620717926522433,0.01785139131582862,-1.2474694953014411,1.5088684143595075,0.5188519404819191
3221,1,92,0,-0.35273205010842784,0.1225440469752032,-0.2196639540186227,-1.270833626067864,1.342649358716805,0.5686855557653826
3222,2,92,0,0.1522329557089501,0.26109798527950284,-0.24769653519885604,-1.1281122635556862,1.1938751540488437,0.5379781236762193
3223,3,92,0,0.5187867956539304,0.43888531386181656,-0.11996602964677631,-0.9082055179774243,1.1406091220143346,0.4209106907445612
3224,4,92,0,0.6471195244321093,0.6576348708835312,0.03843026751861697,-0.690456528052053,1.1530196897254124,0.3316436042557458
3225,5,92,0,0.5162716299232937,0.9075752840338303,0.09982949041648444,-0.5078265215891994,1.1653681801211764,0.4208114118877913
3226,6,92,0,0.18455210637787536,1.1699683005730426,1.7612577808777664e-06,-0.3376106920258468,1.2316112550994154,0.5563696718798276
3227,7,92,0,-0.23838653494438802,1.4207450415978249,-0.23080500896249276,-0.12309599469088939,1.4641612579694607,0.6037309597513743
3228,8,92,0,-0.6341883061592204,1.6325487511818273,-0.4857273795569013,0.18581073806326442,1.826983018608896,0.5449489106783031
3229,9,92,0,-0.9149352313295769,1.7747337616060166,-0.6374687570351204,0.5942354888375644,2.1785932696357686,0.42531683106070234
3230,10,92,0,-1.0442312827453977,1.8134544904282992,-0.6035185998864986,1.046239606615535,2.4161722156292273,0.2998644106518736
3231,11,92,0,-1.0352487898187426,1.7151181788677683,-0.387394973354348,1.4398307186903432,2.4973101105326156,0.21487646509537178
3232,12,92,0,-0.9313667693654101,1.455185219219313,-0.07571256849849028,1.6665386423522837,2.4016851418940317,0.27909535249484535
3233,13,92,0,-0.7816583613259328,1.0310095698517936,0.20642210476393003,1.656910185912857,2.112328567357283,0.46634465812753423
3234,14,92,0,-0.6234100582966919,0.47382155392148095,0.35811482822550234,1.4103760314984581,1.6524387269022633,0.6336994449177727
3235,15,92,0,-0.4778374583669835,-0.14680603181106902,0.35105429789073705,0.9955737656208979,1.1680269219734896,0.6848702764594591
3236,16,92,1,-0.3568622856118571,-0.7311864090485439,0.2388446624165261,0.5215144227291727,0.9954940087960499,0.582729705303848
3237,17,92,0,-0.2727980952549105,-1.1710392054059595,0.12291281876130716,0.09385386627715661,1.21229853196461,0.37406492765780236
3238,18,92,0,-0.24214418760221024,-1.3790103852807032,0.09316431062136461,-0.22283639702658498,1.4207881963596514,0.25820643833209594
3239,19,92,0,-0.2794660053230274,-1.3163871137175254,0.17487296531806254,-0.4196667149006337,1.4204495721029275,0.3905278669120472
3240,20,92,0,-0.3846244848933399,-1.0083907453392054,0.3104901764752548,-0.5298849908241904,1.241760904060686,0.5046908866324616
3241,21,92,0,-0.5321124638412246,-0.5401124480494147,0.38739741447304094,-0.596485619421164,1.0395850045233228,0.510068310364655
3242,22,92,0,-0.6716169310098258,-0.033103562077661935,0.2988850930780824,-0.6395405420871391,0.9749407939350433,0.4504331984308007
3243,23,92,0,-0.7435853292303675,0.38994929573122933,0.007795826676216839,-0.6414218714833335,1.0566278376129712,0.4020121869795068
3244,24,92,0,-0.7051344791261627,0.6402966337460118,-0.4204951296579021,-0.5582624069285061,1.1813837149269597,0.3752983168753574
3245,25,92,0,-0.5545946991181433,0.6858034641261832,-0.8350159029013225,-0.35176951891237396,1.2644742086066332,0.334512972249005
3246,26,92,0,-0.3413976046379779,0.5539281091084597,-1.061036194752528,-0.024142586836358684,1.2448973233110827,0.3168633404636167
3247,27,92,0,-0.1533568034092159,0.31532319578011164,-0.9791844408435205,0.36377163548512764,1.101852530478756,0.39002882897681296
3248,28,92,0,-0.08359338690713324,0.055581499094465206,-0.5845194839225827,0.7032927506188308,0.9199787375446875,0.49306852910986537
3249,29,92,0,-0.18968531977507788,-0.15352683977742076,0.003491083736002627,0.875607337174634,0.9089837224339721,0.5451735909187854
3250,30,92,0,-0.462910174956684,-0.27293826907732727,0.5865639442705325,0.8004018961760778,1.1284864132659376,0.5325341216708738
3251,31,92,0,-0.8226830039469979,-0.2999408681392882,0.969106081559168,0.4729921247170324,1.3891220236979556,0.4891284104190439
3252,32,92,0,-1.1411919133125508,-0.25788976410590075,1.0388554392449902,-0.02815060199553969,1.5648767342772307,0.45081012585464286
3253,33,92,0,-1.2901013160164172,-0.17864513415319666,0.8100854486457671,-0.5682851463222961,1.6356839337665674,0.4328726220917185
3254,34,92,0,-1.190972522168925,-0.08625395637486506,0.4103095394758532,-1.006568465844152,1.6147412449579852,0.3265251294416324
3255,0,93,0,-0.8690719867022221,0.038644495127447144,0.13930642578416677,-1.039205624625939,1.362400134172465,0.5294575806168332
3256,1,93,0,-0.34267681379822196,0.12127293738373583,-0.09000992681806273,-1.0603493772025931,1.1245341758774168,0.5838523783713758
3257,2,93,0,0.19984572094555597,0.23337499254962854,-0.13715387280944835,-0.9516131338339957,1.009346789086772,0.5250392787641427
3258,3,93,0,0.5963867990463748,0.3977999005984995,-0.04876905081065645,-0.7971191653293173,1.0731725672254377,0.37991036430501496
3259,4,93,0,0.7360754055159123,0.6219838450071501,0.06284623813709676,-0.6608664772545686,1.1701987252010408,0.31156043801196237
3260,5,93,0,0.5952104744039551,0.8941473326724129,0.0833607957888867,-0.5554933322105396,1.212145546446588,0.4401084805556275
3261,6,93,0,0.2389455571441465,1.1870868369107965,-0.042759613834338565,-0.44029466061619904,1.2891694653489905,0.5732052866107054
3262,7,93,0,-0.2096533937407569,1.4658098818601044,-0.2840695341968074,-0.24870106631343383,1.5281036862431752,0.6037396200559941
3263,8,93,0,-0.6183182973200011,1.6943948210817168,-0.5393526803217406,0.06907420029012527,1.8838693918170695,0.5361438752419996
3264,9,93,0,-0.8911671393628736,1.8394066853452455,-0.690066499743571,0.509891217583857,2.2167040064497745,0.4264692993594258
3265,10,93,0,-0.993697222912813,1.8705366376545276,-0.6605969061372281,1.0064568328251946,2.4363261506561766,0.3244988003936867
3266,11,93,0,-0.9503941695570646,1.7616847410535832,-0.4557057028255476,1.447231771926701,2.5117582872662965,0.2536113168734844
3267,12,93,0,-0.8207242059573042,1.4957927671506848,-0.15676968661207394,1.7185733799912255,2.42673760871658,0.29235802854869336
3268,13,93,0,-0.6677965271884354,1.0741234993025544,0.12033046311895813,1.7495653307275825,2.1622099251268914,0.45342808947776886
3269,14,93,0,-0.5348703099895808,0.5267732817339587,0.2833280541606909,1.5389125905026604,1.7355411508630982,0.6080183295596797
3270,15,93,0,-0.4384611899889888,-0.08168456231032684,0.30746768756216153,1.1521550970985832,1.2731529089278548,0.6568501349583271
3271,16,93,1,-0.37694210463833216,-0.6573981477844301,0.2425935025774066,0.6917774184722737,1.054355385607961,0.5651103598896761
3272,17,93,0,-0.34553996696628264,-1.0955644231679982,0.1800674459473025,0.2554634380644601,1.190523047807218,0.3835459183268891
3273,18,93,0,-0.34650829076026746,-1.3082854056735194,0.19717080542943677,-0.09740725805280336,1.3711466729343675,0.2963780900305901
3274,19,93,0,-0.3877215356165865,-1.2529720029496512,0.30870142588455096,-0.3561062980590657,1.393691176415002,0.41014298146634875
3275,20,93,0,-0.47115986984650754,-0.9502240162081842,0.4523139696612416,-0.5432332927778052,1.2746009734287498,0.5096151812699886
3276,21,93,0,-0.5799375351503706,-0.48277429524953513,0.5171553932297949,-0.6844567185946387,1.1425100722558101,0.509563340989889
3277,22,93,0,-0.6744919513377481,0.0262034471466867,0.40294684733692815,-0.7814244492095276,1.1084296751093212,0.44702615817959024
3278,23,93,0,-0.7039721839853376,0.4490302242044381,0.08014982446228307,-0.8037463100172314,1.1617388274917149,0.40100877194840306
3279,24,93,0,-0.6300350417874583,0.6913262921564177,-0.38024420262671327,-0.7053503502446623,1.2316578121898785,0.3949562046343424
3280,25,93,0,-0.45193663032547393,0.7181633788970502,-0.824994725763789,-0.4569735793004941,1.26863962823788,0.3863325341671669
3281,26,93,0,-0.21876108495139135,0.5593958464453384,-1.0794820735477735,-0.07706076986577184,1.2377398897477259,0.37292602801780317
3282,27,93,0,-0.01908060640141611,0.2930994052632048,-1.0243702922799314,0.3570831974242014,1.1238835511273637,0.4038474338609934
3283,28,93,0,0.05133142975528278,0.014470415323142747,-0.6523846079559195,0.7269430910415893,0.97821073543038,0.48080640886294324
3284,29,93,0,-0.06825354338268656,-0.19726286450669614,-0.07771619673735614,0.9140368010336521,0.9407838565668689,0.5477302665222052
3285,30,93,0,-0.36996608878665704,-0.30148997551976353,0.5078127765352585,0.8471830798053341,1.096979534408871,0.5632854334266403
3286,31,93,0,-0.7693163632074674,-0.3011746284463243,0.9128784446492201,0.5340415166945629,1.3420511241294624,0.5177857566858513
3287,32,93,0,-1.1294381107007532,-0.23062278048914692,1.0240191160447332,0.06150781469140632,1.5431188139858125,0.4308114064020481
3288,33,93,0,-1.31020544370632,-0.1334401645236676,0.8475252695083376,-0.4364207078456093,1.6257941748319256,0.3695336089336384
3289,34,93,0,-1.2231103495354352,-0.04116194647325826,0.49782120435600075,-0.8296283027475413,1.5600648400641515,0.33616354788435526
3290,0,94,0,-0.8741790461405413,0.07127592746491726,0.2642865144037802,-0.8161594416866818,1.2268793170060317,0.5362830366189918
3291,1,94,1,-0.3258128273568515,0.1191180718062821,0.05147346773292864,-0.8317045402404821,0.9026212237911297,0.5977777153427138
3292,2,94,0,0.24687915077317124,0.19946918072112502,-0.009277617227328974,-0.7567050067018604,0.8206252558221191,0.5179324038320284
3293,3,94,0,0.6689882259355575,0.3472162635211191,0.041702476916305506,-0.670097769479072,1.009393133192293,0.3523479390027399
3294,4,94,0,0.8191730965520667,0.5755029578236255,0.10539855199360464,-0.619489175957582,1.1819999621274935,0.3122256359968494
3295,5,94,0,0.6703763087659455,0.8697282118203888,0.0820512454578854,-0.5959345839530936,1.2520790681995615,0.4676006477960221
3296,6,94,0,0.2932005126113603,1.1929544814999384,-0.07386841666672724,-0.539740805074288,1.343831691533371,0.5908869133941126
3297,7,94,0,-0.1773944244577562,1.4981446547782977,-0.3288736772547308,-0.3740975931475751,1.588714289373436,0.6016041030349474
3298,8,94,0,-0.5962903345770668,1.7404206335294252,-0.587176452955336,-0.04978170504650906,1.9318075861191621,0.5249929865896363
3299,9,94,0,-0.8599750706040378,1.8841804283993793,-0.7391721947758136,0.4211669854206389,2.239073507494046,0.4285885177422781
3300,10,94,0,-0.9355491307133326,1.9041202035241775,-0.7163247410206794,0.9595296383879788,2.4361330396738876,0.3525079808207783
3301,11,94,0,-0.8582550952933216,1.7833731473237568,-0.5245071253125846,1.4441185892494839,2.505515479000675,0.29311428134877293
3302,12,94,0,-0.7032084545431058,1.5136295822663868,-0.23939436427096655,1.7566666987826765,2.4349053770340947,0.3057737607916767
3303,13,94,0,-0.5474378886411908,1.1002609113647606,0.03286436794208473,1.8258533667245262,2.201154901059137,0.4366296641650713
3304,14,94,0,-0.4403182043208966,0.5711837634772701,0.20876040621507486,1.6508235300501934,1.8135408038659904,0.577351374356351
3305,15,94,0,-0.39381722161646376,-0.015993866811401653,0.26657597843632774,1.2947952235944171,1.379458310765314,0.6249508119374416
3306,16,94,1,-0.392665474681481,-0.5754426833347895,0.2513056271987875,0.8537368211603995,1.1301953525285864,0.5453836631066381
3307,17,94,0,-0.414586511709765,-1.0074656523376182,0.2430340299321744,0.4165102859919177,1.1913922000642256,0.3905990130099046
3308,18,94,0,-0.44702269249472765,-1.2241469470328392,0.3057079804896974,0.03581589541670242,1.3390687746470105,0.32606477334271805
3309,19,94,0,-0.49078904302235454,-1.1783467991885188,0.44392115231239787,-0.2774607643776005,1.3796468856732855,0.42681341167753134
3310,20,94,0,-0.5501334514669443,-0.8845265557603434,0.5918360971475148,-0.5366637708339081,1.3127497899754776,0.516595974213923
3311,21,94,0,-0.6175445159171774,-0.4213332775217592,0.6422319543660184,-0.7508981629970035,1.2390290126900496,0.5151812709916659
3312,22,94,0,-0.6653228346951942,0.08775142717264162,0.5028635826176283,-0.9034223254251684,1.2326388230691663,0.45123112425387985
3313,23,94,0,-0.6522892402829955,0.5105923815356186,0.1523336477299484,-0.9505251438650076,1.2699958355921832,0.40483878844513865
3314,24,94,0,-0.5449345407680987,0.7469390975543541,-0.33372029238300666,-0.8430395536840569,1.2949735872987775,0.4152700656947703
3315,25,94,0,-0.34276810601126734,0.7583533724185884,-0.8020212770329709,-0.5597619334166641,1.2841967773176963,0.4339626032082357
3316,26,94,0,-0.09302456900543037,0.5762981578235954,-1.0807296794073638,-0.1344778248034571,1.235651270571648,0.42486414283456175
3317,27,94,0,0.11674026499813968,0.2857113232672918,-1.052559469192765,0.3398627918698288,1.1483237362346446,0.41747058122080755
3318,28,94,0,0.18938615986821625,-0.008876104861240802,-0.7083693115644804,0.7356603579757632,1.0387151422071892,0.4618428459236692
3319,29,94,0,0.06119318727741893,-0.22090130235946712,-0.15570068966588582,0.9354420373124436,0.9756210849950742,0.540805136173779
3320,30,94,0,-0.2619993961728147,-0.3084043439838478,0.42284642324007077,0.8776550341805296,1.0549096547346482,0.5855743443820578
3321,31,94,1,-0.6939680737125177,-0.28041494892454666,0.8433444127208671,0.5824260889779307,1.2691233897861356,0.5442800714310365
3322,32,94,0,-1.0911772337209091,-0.18268756719564427,0.9934577560279187,0.1446453149027593,1.4939622092723848,0.4160281916549398
3323,33,94,0,-1.303404273163211,-0.07091418938436758,0.8721875320737077,-0.30346483545382547,1.5989663908344047,0.30046711017719085
3324,34,94,0,-1.2324194684695224,0.015994802965834793,0.5797633069355539,-0.6439828924914576,1.50663633232281,0.355997779418204
3325,0,95,0,-0.864067550684783,0.10943069459484239,0.38943030167114195,-0.5829612779094059,1.118073173127481,0.5402960142039139
3326,1,95,1,-0.3025571510857069,0.11629908003189615,0.20120685150395415,-0.5897704523803547,0.7024099154214918,0.6092256068713183
3327,2,95,0,0.29232950039439193,0.15989514632366156,0.13277852520247999,-0.5477378119549775,0.6547288309054916,0.5155183738125478
3328,3,95,0,0.7348773106161608,0.28778211787331626,0.1491294197089913,-0.5303368561035312,0.9624759601104905,0.3416451513701415
3329,4,95,0,0.8941525869634648,0.5187441587375035,0.1646958155126602,-0.5680540004577607,1.1909720442064047,0.3344016633744465
3330,5,95,0,0.7393299308367635,0.8345977980046019,0.0952761761717972,-0.6294814347147918,1.2839340549505396,0.5016979192461514
3331,6,95,0,0.34508670452527535,1.1875486137121116,-0.09344051601716023,-0.6352473394186714,1.3934227125469596,0.6086027878974255
3332,7,95,0,-0.14341448678619328,1.5175596538066711,-0.36501450376553085,-0.4980456530077684,1.6446398019995447,0.5968750102257481
3333,8,95,0,-0.5695462599795219,1.7705064433726256,-0.6287109659843039,-0.169435923621188,1.9705486594456194,0.5115333865257932
3334,9,95,0,-0.8227440217412763,1.909226319618288,-0.7839194415891073,0.32914058038751004,2.2460890626583367,0.43187011000786907
3335,10,95,0,-0.8714994894505212,1.9147590723593642,-0.7693559346436232,0.9060992394598583,2.416348081551188,0.38236266477086106
3336,11,95,0,-0.7611145529914596,1.7810274776923243,-0.5920058158270103,1.4305676091644393,2.479586419029177,0.3311248668965072
3337,12,95,0,-0.5816075114277013,1.509585753602557,-0.3215904549830964,1.7802017534191188,2.4268611720577806,0.31767374681016386
3338,13,95,0,-0.42347154766748074,1.1100649970587437,-0.0542000017000373,1.884329427668795,2.22827455254998,0.4159883884001746
3339,14,95,0,-0.3421315038366575,0.6072324460136775,0.1355044562997915,1.7437660146777216,1.8827816073648618,0.5429017136517363
3340,15,95,0,-0.3451885319260428,0.04992807955446838,0.22846054692666723,1.4203602034886904,1.480292290345971,0.5909265796726987
3341,16,95,0,-0.40390797544134727,-0.4860567045280721,0.2639903569519266,1.003832853621436,1.2152218230492648,0.5246757622214442
3342,17,95,0,-0.47850333809279505,-0.9076575153244919,0.3099750411970138,0.573615748439086,1.2157002766773566,0.39419035302770805
3343,18,95,0,-0.5414261330342565,-1.1274773421766267,0.41650007521438864,0.17434459755560022,1.329742744294743,0.34604895698979904
3344,19,95,0,-0.5862738439126011,-1.0932596440182334,0.5782352015392157,-0.18474122883173166,1.381093385410374,0.4385277763131462
3345,20,95,0,-0.6196737206145742,-0.811953126663555,0.7270020283958667,-0.5094647950727478,1.3532737072112404,0.5247375561945996
3346,21,95,0,-0.6439933798999226,-0.35648961009189933,0.760854694407927,-0.7935881340347595,1.3230624731817284,0.5267894463713727
3347,22,95,0,-0.6441711208471643,0.15065691921524968,0.5970134654867398,-1.0024233299955183,1.3412425398609726,0.46302524683595964
3348,23,95,0,-0.5893885288638514,0.5735331804438608,0.22271718575671756,-1.0785820693010697,1.3745040458563647,0.4126207981640566
3349,24,95,0,-0.45114404745082665,0.805928183753642,-0.2825921071351573,-0.9688308790964578,1.3680434058262412,0.4337069858129938
3350,25,95,0,-0.2285844563468586,0.8052968183795373,-0.7676244792936787,-0.6587312242054089,1.3129843816015645,0.47511675421138505
3351,26,95,0,0.03424399798123962,0.6039443962169831,-1.065827138986255,-0.19608012595983426,1.2411109503649083,0.4709855481324689
3352,27,95,0,0.2524216088164154,0.29301254938061116,-1.063974464625094,0.3116834334502228,1.1742066456776536,0.43027644848903585
3353,28,95,0,0.32867493987271834,-0.014079698394495967,-0.7517199163479469,0.7287469460074533,1.0974426627193647,0.43687216027366543
3354,29,95,0,0.19653108250359844,-0.22373703624544602,-0.22891486566767386,0.939187398241613,1.0115125864354984,0.5246815829038275
3355,30,95,0,-0.14122095568276008,-0.2929444559289438,0.33348840594336443,0.891264342980343,1.0056472833704102,0.5990544787052555
3356,31,95,0,-0.5986624169568581,-0.2371583727330317,0.7618986131381537,0.617370643034285,1.1731482390629138,0.5672092083320467
3357,32,95,0,-1.0279594259257339,-0.11393762670394532,0.9474894366590241,0.2197909136763732,1.4197628824714432,0.4080691074849525
3358,33,95,0,-1.2706245548125439,0.008785182122892355,0.8829612485237242,-0.17198106817951928,1.5568435993780012,0.22918145557663658
3359,34,95,0,-1.21929502639448,0.08498045244088401,0.6536679862118084,-0.4533828308943561,1.4583346208039343,0.3841464212533044
3360,0,96,0,-0.8393993345454815,0.15285262085940604,0.5113015536880811,-0.34445275008514126,1.0526310571059783,0.5428551288076725
3361,1,96,1,-0.2735864250454882,0.11308167272669195,0.3552833832477932,-0.33969184806186786,0.5738064401237778,0.6172983416358643
3362,2,96,0,0.33512114032013385,0.11538790932752911,0.28535059912626887,-0.3293330346218912,0.5616989945009954,0.5160721247442748
3363,3,96,0,0.7923855030032095,0.22045919960007287,0.27061134518808794,-0.3812492858245804,0.9460753469698981,0.34811993799665775
3364,4,96,0,0.9588333344753461,0.4525793704960471,0.2388081627769237,-0.5084271403112658,1.1998820548344287,0.37387137665387177
3365,5,96,0,0.7996822120801341,0.7893022145853458,0.12199672297957996,-0.6565257734135156,1.3070573506318224,0.5404794260975747
3366,6,96,0,0.39236775760993836,1.171050909856259,-0.10185002294263021,-0.7261248419734094,1.4362950267933627,0.6255686922255278
3367,7,96,0,-0.10957185940889778,1.5240512232618704,-0.3924061908575941,-0.6193035279631969,1.6947736137523959,0.5891898099735975
3368,8,96,0,-0.5396001379286249,1.7847720070606747,-0.6634876888956402,-0.2885731337086033,2.000017448137506,0.49594999453000105
3369,9,96,0,-0.7809224191632734,1.915070054888498,-0.8234125736135905,0.23488009135740182,2.23841686546172,0.43648020016194256
3370,10,96,0,-0.8033029963629278,1.9034921128556064,-0.8183062841237774,0.8468222844313115,2.378089797235396,0.41267539318441004
3371,11,96,0,-0.6612812880663437,1.756061564786384,-0.6563866149857771,1.4067373821278149,2.4353231021519486,0.36610711401493573
3372,12,96,0,-0.45873182363648723,1.4851100478618307,-0.40137099391154496,1.7887430416691181,2.403473961612702,0.32683100955507244
3373,13,96,0,-0.2988149939147744,1.1046155632374575,-0.1391373681618983,1.9238319820948266,2.2427560379329314,0.39176986645425055
3374,14,96,0,-0.24272053848282696,0.6353303621691062,0.06455081739969312,1.8157446094446414,1.940013717386958,0.5061124241027058
3375,15,96,0,-0.2938850963585388,0.115747551152289,0.19304643470582822,1.5260534533062116,1.5703095280102788,0.5566955884193413
3376,16,96,0,-0.41056032313728946,-0.3901536949422391,0.27945735777606,1.138742010079216,1.3021556991950338,0.504201197207867
3377,17,96,0,-0.5358690177387183,-0.7973175190931874,0.378840641917291,0.7234557425921859,1.2608644946555876,0.3937804287511833
3378,18,96,0,-0.6274984613731673,-1.0194030030062575,0.5270923529837614,0.31551875639265287,1.3454795560592487,0.3556478932582266
3379,19,96,0,-0.6718930451987744,-0.998609665376746,0.7092469258912523,-0.07935019676490912,1.3992816669931611,0.44384278682339545
3380,20,96,0,-0.6781268806522077,-0.7331981200934795,0.8557614414313345,-0.46147919714753693,1.393817148557255,0.5330415229593635
3381,21,96,0,-0.6586739574234575,-0.28891043048812576,0.8713456180086815,-0.8109305401612594,1.3907451765229588,0.5435736888854474
3382,22,96,0,-0.6115053180311156,0.2140683415086333,0.6839044310482273,-1.0759102040608062,1.4300601549676706,0.4815520460758303
3383,23,96,0,-0.5165356321468418,0.6367041175096081,0.28975561111789666,-1.1852109202122425,1.469994704784913,0.42331504661873975
3384,24,96,0,-0.3503129412900135,0.8669119205221815,-0.22856156889009635,-1.0805097469634748,1.4470650085035197,0.44840852780598994
3385,25,96,0,-0.11108481945105379,0.8576003682578892,-0.7235196463677779,-0.7525512780715667,1.355592982261211,0.5082899118584988
3386,26,96,0,0.16141510251138944,0.6412040527793602,-1.03613635910599,-0.2614245753577694,1.256629951848135,0.5100259011919127
3387,27,96,0,0.38630596291706587,0.31432665850104125,-1.0591950050088852,0.2724142949395002,1.2017225769506328,0.44157847297482766
3388,28,96,0,0.46731648695366307,-0.0013528737181093863,-0.7819687284722798,0.7059136898081454,1.1524650793031062,0.4068234258708649
3389,29,96,0,0.33552777445676657,-0.20569867036414505,-0.29592349033962767,0.9250932135682606,1.0479785285712333,0.5000711966760849
3390,30,96,0,-0.010151968779731622,-0.2550374846992517,0.2416720753599483,0.8878933344407041,0.9549382945640217,0.6038605468396986
3391,31,96,1,-0.4859497505185512,-0.1715748118005278,0.6702389356750783,0.6384524868077446,1.0594464993001222,0.5855428482893552
3392,32,96,0,-0.942017968491784,-0.024867398449915566,0.8868288153594499,0.28569376090555376,1.3251801814241186,0.40752992314178443
3393,33,96,0,-1.2135216486632656,0.10496425223435835,0.8790867739132877,-0.04447101508973129,1.5028052146815005,0.16256219580132503
3394,34,96,0,-1.1847810488670252,0.16517589058286572,0.7172440244486619,-0.2616707568701867,1.419119369254264,0.4179929947877532
3395,0,97,0,-0.8012842675245095,0.20111025179325967,0.6264884960210467,-0.10556400646474584,1.042177243018787,0.5455773257645787
3396,1,97,0,-0.23981481040327252,0.10976419152177314,0.5095773136209244,-0.08675685717836092,0.5803060501612666,0.6214645562636515
3397,2,97,0,0.37413765884467753,0.06688146751670888,0.444363451226486,-0.10626450869827767,0.5943089609435187,0.5175967021285899
3398,3,97,0,0.8399373408165265,0.14649998072215842,0.40274347518275516,-0.22637061572515832,0.9697437513671333,0.3685302580128881
3399,4,97,0,1.0111790148926925,0.3781823593543357,0.3253181130580194,-0.4425474072811885,1.2112741140885905,0.42440089308324275
3400,5,97,0,0.8491687473521135,0.7346447949001749,0.16078774626832049,-0.6774843506768959,1.32122226779434,0.5819602613971606
3401,6,97,0,0.4328756993075775,1.1438458159289941,-0.09971798568497534,-0.811681475488994,1.4712359144577563,0.6410507103700005
3402,7,97,0,-0.07771158538361271,1.517800944155675,-0.41108010887548585,-0.7366257342055931,1.7382068705392069,0.5782713216256646
3403,8,97,0,-0.5079809186939978,1.7835675265200048,-0.691066826090613,-0.4058883073348795,2.0202664209375985,0.47854405368914377
3404,9,97,0,-0.7359689301444435,1.9025676702397436,-0.8567463361915674,0.13943641000362036,2.216950789483567,0.4424813048720367
3405,10,97,0,-0.7326991527367659,1.8718032691913844,-0.8617838688264151,0.7823628938236921,2.322769610008348,0.442218344923114
3406,11,97,0,-0.5610221431421817,1.7104091177897014,-0.7158508280328029,1.3728638705504692,2.3743299708279926,0.39695909823232695
3407,12,97,0,-0.33733744422131007,1.4421606662735866,-0.4767970275396501,1.7820411917590604,2.365719796006522,0.33241865035458174
3408,13,97,0,-0.17633764109460717,1.0853913700996851,-0.22030260603101806,1.9435047222947002,2.2438612331780994,0.36446450782051676
3409,14,97,0,-0.14446719905245414,0.6561008333480924,-0.003222122363521404,1.8651559296674287,1.9824621305760721,0.46862172998125756
3410,15,97,0,-0.2412127214220249,0.18113419467261746,0.16011557375348837,1.609482882466026,1.6453161761087363,0.5242059518433148
3411,16,97,0,-0.41253411290306363,-0.28881249994186603,0.2963507317502559,1.2554580956802697,1.384772848033001,0.48516879100134364
3412,17,97,0,-0.58531357346619,-0.6778712161607812,0.44741486853565887,0.8628397927257156,1.3216557560426974,0.38933975376090163
3413,18,97,0,-0.7031172241397696,-0.9012833672791298,0.6348983823284249,0.45656494694527794,1.3850029045740002,0.3546381080401039
3414,19,97,0,-0.7455303177759198,-0.8954417514322066,0.8345001960167506,0.03694099132025664,1.4336619542007665,0.441835266706167
3415,20,97,0,-0.7240920213254399,-0.648992336768921,0.9760997392691542,-0.39312292142742644,1.4327653823584974,0.5405168506885337
3416,21,97,0,-0.6613121622422916,-0.21922123128549587,0.9721491653549956,-0.8020083447049325,1.4400288569513682,0.5642121549059137
3417,22,97,0,-0.5681797249114694,0.2771866178817686,0.7622075093478728,-1.1220309107797861,1.496520722537717,0.5053584595041541
3418,23,97,0,-0.43537120694512255,0.6989455935140255,0.35203492605209835,-1.2682454560204575,1.5525618043757776,0.4359179207152602
3419,24,97,0,-0.24438600518846676,0.9283787376995961,-0.1733058857405503,-1.1761974932501524,1.5280991699837194,0.45817937000518005
3420,25,97,0,0.00786594454331901,0.9135996207712829,-0.671546542480608,-0.8399906062540075,1.4111290222618287,0.5325575918005362
3421,26,97,0,0.28682925884298116,0.6865429406704336,-0.993281436689234,-0.3299413607828616,1.2841657008110345,0.5410841931616339
3422,27,97,0,0.5167933813266065,0.348466814200415,-1.039131196654125,0.22223032366092083,1.231943375401745,0.4506965700785827
3423,28,97,0,0.6034830142894791,0.028503110066429287,-0.7989395022177411,0.6672905319615686,1.2035718333646979,0.3728490445043718
3424,29,97,0,0.4758959755173744,-0.1673586225182044,-0.35543764271238004,0.8934415690807269,1.0858451285810464,0.4681062438250238
3425,30,97,0,0.12844439123456067,-0.19528832325065085,0.14939315508201975,0.8678638352885701,0.9111209811132737,0.6005689862428218
3426,31,97,1,-0.3588308093384934,-0.08451686337439607,0.5703273387678448,0.6456137986796266,0.9370128602728535,0.5986007443163502
3427,32,97,0,-0.8361977920674493,0.08338617744177144,0.8125768030462566,0.34135757229317554,1.2177791487201584,0.41380220762215597
3428,33,97,0,-1.1344224441112571,0.21638725766597477,0.8601864498631038,0.0766919046341667,1.4420610610331537,0.11833778808558142
3429,34,97,0,-1.1305316181275278,0.25558224461779055,0.7684479770202567,-0.07268227278547244,1.392558447431813,0.4548669266615427
3430,0,98,0,-0.7512415812494414,0.2535988305575385,0.731703328296394,0.128810414654543,1.0865809513431606,0.5501344987992914
3431,1,98,1,-0.20236421585601222,0.10666310081935697,0.6598602992827844,0.16373542263994145,0.7173236341652665,0.6215590530454659
3432,2,98,0,0.408255231201755,0.015481058412027144,0.6054434682038254,0.11666290476072731,0.7396512850736097,0.5181197214703807
3433,3,98,0,0.8760969163034389,0.0674152991956061,0.5417099336912284,-0.06926367197383643,1.034571282144001,0.39770215941764714
3434,4,98,0,1.049359392657042,0.2970015286855705,0.4213865692537491,-0.37236292122985726,1.2270231574234445,0.48033179057045167
3435,5,98,0,0.8857218867126306,0.6716700634103449,0.20987680586233187,-0.6927650036891682,1.326505016446929,0.6242427687796556
3436,6,98,0,0.4645838726944785,1.1065146886685495,-0.08789542377073462,-0.8912104885228911,1.4973959634579301,0.6543780646624427
3437,7,98,0,-0.049599590877836025,1.4991720096933046,-0.42118414962894274,-0.8487623823434366,1.774195734309795,0.5639235011128979
3438,8,98,0,-0.476175765809501,1.76746110009177,-0.7110492725124545,-0.5200909681950258,2.0314398301255205,0.459696022242143
3439,9,98,0,-0.6893004831229168,1.8728751851625538,-0.8830290221131303,0.04383748718757379,2.1827639804633363,0.44977231817167923
3440,10,98,0,-0.6613568046249957,1.8215715189848645,-0.8984220866003889,0.7133868027430208,2.252021002970425,0.4699091001108644
3441,11,98,0,-0.4624967786220887,1.6464607559679323,-0.7686554082359803,1.329256541577581,2.2983668943655444,0.42286681727135295
3442,12,98,0,-0.22005145510860277,1.3831424196146977,-0.5460154327203884,1.7600356938775579,2.314598041199574,0.3339546094347471
3443,13,98,0,-0.05878610203514614,1.054221535144339,-0.2961571588593001,1.9428128540596359,2.2309347143288467,0.33479151203682406
3444,14,98,0,-0.049665083820195924,0.6703544122014239,-0.06705408215085969,1.8908247735905246,2.0078735599796955,0.4321887766670384
3445,15,98,0,-0.1884426728334919,0.24576041744720364,0.12932569600230526,1.6687185482428029,1.7021326483633707,0.4952303791056159
3446,16,98,0,-0.4097681750118709,-0.1832607833114275,0.31318975398491705,1.3513656102485747,1.458002505661809,0.46865209346339765
3447,17,98,0,-0.6255571612082451,-0.5509701249696727,0.5133687668671774,0.9887869996662694,1.391451422814237,0.38136050941374533
3448,18,98,0,-0.7663132153155193,-0.7746935937857993,0.7372535052704181,0.594658106903137,1.4437960740212268,0.3432527748425318
3449,19,98,0,-0.805287238254562,-0.7849383232570668,0.951523749336501,0.16202490913759307,1.481980169956978,0.43205916247344306
3450,20,98,0,-0.7564495187562532,-0.5601005651567245,1.086070591625548,-0.3053880373513034,1.4692650206367122,0.5462608042228622
3451,21,98,0,-0.651965997804759,-0.1480006112448425,1.061857950852049,-0.7666184646881761,1.470445518001592,0.5871027254519445
3452,22,98,0,-0.5154006964662685,0.3392824447825017,0.830785501364486,-1.1396522886961111,1.53940324270908,0.5327074668298623
3453,23,98,0,-0.34785979181628623,0.7591209767123429,0.4083124775244306,-1.326114590916722,1.61943511126304,0.44959893014449553
3454,24,98,0,-0.13555018861937243,0.9887356538079757,-0.11842268699842555,-1.2543936793346009,1.6073268125357572,0.46244391615619945
3455,25,98,0,0.12628138144488915,0.9714135312049532,-0.6136067784275103,-0.9199392323035929,1.4772923561608304,0.5474903255838042
3456,26,98,0,0.40882996589373954,0.7380725555918904,-0.9390923659948073,-0.4009400891380273,1.3245906783902546,0.5636075787706927
3457,27,98,0,0.6423703620661846,0.3937717740124884,-1.0049893870668418,0.1616136486984059,1.2664195717188602,0.457025668331458
3458,28,98,0,0.7354370273588849,0.07411875747429325,-0.8027458494720454,0.6134258613269137,1.251820034034153,0.3363323955612767
3459,29,98,0,0.6153481245719259,-0.10992366445911456,-0.40634502624052726,0.8449694885487591,1.1268656722746828,0.43035807118689934
3460,30,98,0,0.2716379923559748,-0.11497303829377412,0.0586605202965533,0.8319287912602116,0.8846200137883075,0.5901689572893563
3461,31,98,0,-0.22066798824417067,0.022491051662945228,0.4643432709370033,0.6391637514395151,0.8205761286189992,0.6060291941029358
3462,32,98,0,-0.7138660065576726,0.20906117660905987,0.7261993100359181,0.38606770759310277,1.1089296477354191,0.4252468343284569
3463,33,98,0,-1.0362483856365543,0.3412966833218528,0.8262844414129578,0.18932469235241295,1.3816236680211877,0.12635796023698453
3464,34,98,0,-1.0587538403626118,0.3548359660130666,0.8055485759679236,0.10985222565652263,1.3812473627068564,0.49240182007434125
3465,0,99,0,-0.6911488210595793,0.30954780313102515,0.8238789522167574,0.35393370687388387,1.173691668217237,0.5579881074059899
3466,1,99,0,-0.1625277421963463,0.10409800437762994,0.8019220940178933,0.4066061745410965,0.9195973507725185,0.6177616659251884
3467,2,99,0,0.43637725976815067,-0.03756995790841121,0.764041776766157,0.33473342965533864,0.9421480351583882,0.5159085795447673
3468,3,99,0,0.8996115699635794,-0.015066126574996161,0.6833906599848794,0.08657495258090704,1.1331575272446746,0.4305040575263369
3469,4,99,0,1.0718074702509892,0.2107243760407763,0.5238321257706474,-0.2997706664756608,1.2479737835436517,0.5373168502869011
3470,5,99,0,0.9075379601354355,0.6016410953563489,0.2671931300020301,-0.702736338760372,1.3231884549235564,0.6655818374829618
3471,6,99,0,0.48567597920751215,1.0598256626892257,-0.06744112610387058,-0.9639809205378678,1.5142387898627565,0.6649505928787304
3472,7,99,0,-0.026859691269487253,1.468702825642225,-0.42298127262847096,-0.9544605201619517,1.8021424678994646,0.5460270250577972
3473,8,99,0,-0.4455759092989245,1.7372230489745843,-0.7230906336931597,-0.6299096099633926,2.0337472788168944,0.4398259381326547
3474,9,99,0,-0.6422432014567135,1.8274128754581573,-0.9014084500511674,-0.05091593226374728,2.1370642885017648,0.45805573571026
3475,10,99,0,-0.5908223842428671,1.755012271510121,-0.9269146069421964,0.6405575260489379,2.167630917756591,0.4947908021932004
3476,11,99,0,-0.3676967327192721,1.5669898969155118,-0.8131522557060955,1.2762953014904201,2.2092542886354543,0.4432302119806998
3477,12,99,0,-0.10930179843344821,1.3108322222526185,-0.6072949925866042,1.7228555696507275,2.251058977444576,0.3312533552454301
3478,13,99,0,0.05128672736840989,1.0132274443375664,-0.36529226099010526,1.9215534661991094,2.203421507965299,0.3037141348931692
3479,14,99,0,0.03953761140076097,0.6790588050979969,-0.12630457666644507,1.8920308763066371,2.014551505045465,0.39856825411832114
3480,15,99,0,-0.1367828216983117,0.3093011074345594,0.10023415731780091,1.7023393647033962,1.7385001910508868,0.4710940406068435
3481,16,99,0,-0.4022352350714075,-0.07485371614396881,0.3284150581363374,1.4243035813731544,1.5178581638205197,0.4554366664659492
3482,17,99,0,-0.6554477673018374,-0.4184627986671926,0.5743191452757026,1.0985970211188318,1.46337991819306,0.37086412391890206
3483,18,99,0,-0.8153234127083712,-0.6414011611601154,0.8314733269352643,0.7269851538185018,1.515256751882425,0.32222884050669504
3484,19,99,0,-0.8495298440386759,-0.6684079637190505,1.057878847593893,0.29350035109896133,1.5406882469069536,0.41451735373905335
3485,20,99,0,-0.774382048646432,-0.4673196928127566,1.1838290002947887,-0.19982975968062308,1.5031428033787837,0.5495088096380341
3486,21,99,0,-0.6310117045631471,-0.07577828071979152,1.1392357853581256,-0.7052870613111826,1.4829720606329861,0.6105688779290005
3487,22,99,0,-0.454681559679641,0.3997097614999573,0.8887163178355307,-1.1283941232375518,1.558715241824257,0.5618418839979992
3488,23,99,0,-0.2562275419524776,0.8161488532499365,0.4575512422829811,-1.3578815439404486,1.668816026590406,0.4637691353537309
3489,24,99,0,-0.026172637663580568,1.0463589600838292,-0.0653799545686249,-1.3140082864330274,1.681203258259999,0.4612103447654229
3490,25,99,0,0.2421023865945123,1.0290058449315196,-0.551602552121279,-0.9914283588368054,1.5506973143429827,0.5531209325073817
3491,26,99,0,0.5257972058931633,0.7936111141282588,-0.8755458583190361,-0.4736192567158464,1.3773805039075593,0.5773944874988682
3492,27,99,0,0.7616362581293236,0.4481572788036003,-0.9582318761501831,0.09134665849518143,1.306708566104325,0.46009647197771
3493,28,99,0,0.8615650799794649,0.13359478408630612,-0.79378275419598,0.5452745121029159,1.2990601632653958,0.29892522305069125
3494,29,99,0,0.7516505073612353,-0.03520598504897175,-0.4477358013940791,0.7808497077667557,1.1732056770102577,0.3888946357510521
3495,30,99,0,0.4164111932004584,-0.016012117417949494,-0.028553493050322457,0.7812519789860015,0.8859032827356236,0.5740336587993965
3496,31,99,1,-0.07508630626728405,0.14728363088599922,0.3546308903342272,0.6197703004946499,0.7329452333362315,0.6077789015448375
3497,32,99,0,-0.578807236929847,0.34980698051006986,0.6294954892054496,0.4194100838138444,1.014668483038022,0.43963060285173516
3498,33,99,0,-0.922421049068463,0.4774494692195834,0.7778150073937016,0.29149118853683054,1.3299555955535147,0.1779505744787229
3499,34,99,0,-0.9721344415708036,0.46123524422012707,0.8271823970333559,0.28240206933450207,1.3862773783501035,0.5286422956582342
3500,0,100,0,-0.6231800487744165,0.36803380583713935,0.9002600207191782,0.5653435696414253,1.2860341022187776,0.5701095696785559
3501,1,100,1,-0.12172748733149197,0.10237677714021577,0.9316920819679405,0.6369233893565008,1.1397456405623074,0.6105574831685107
3502,2,100,0,0.4574692410542456,-0.09092752288618873,0.9155643387487507,0.5434360261643162,1.1623797545770773,0.5095951302044891
3503,3,100,0,0.9094515127260266,-0.09904508474411967,0.8234789194350397,0.23780386876202209,1.2536268159080333,0.462809413776114
3504,4,100,0,1.0772702018402434,0.12123460147522314,0.6292214381895608,-0.22656077001996264,1.2737575582335723,0.5921397939144751
3505,5,100,0,0.9131376409455668,0.5260108024045377,0.330425229518302,-0.7077020751037592,1.3116900453103582,0.7044052584322564
3506,6,100,0,0.49460909446556917,1.0047194030602453,-0.03959476915876859,-1.029232288713201,1.5215078327397253,0.6722445200141184
3507,7,100,0,-0.010915499772707777,1.4270979109871935,-0.41684721732379115,-1.0524680180553825,1.8215867059515205,0.5245368770310367
3508,8,100,0,-0.41742678909057035,1.693807525721723,-0.7269168311581171,-0.7340967229991023,2.027445470680035,0.41935500295051237
3509,9,100,0,-0.5959878418957749,1.7678252358260085,-0.9111000243077334,-0.1438534292418303,2.081154639979704,0.4668384492264094
3510,10,100,0,-0.5224734684646726,1.6746119807364672,-0.9460513268735583,0.5645343722657361,2.071476763525072,0.5160174323108682
3511,11,100,0,-0.27839063339601927,1.4750697349297244,-0.8478267227573223,1.2144282463403173,2.1087859504935356,0.45762413322420487
3512,12,100,0,-0.007253521148133407,1.2282951263359108,-0.6590600313658009,1.670817977806603,2.1759490735895533,0.3243889370474964
3513,13,100,0,0.15158681628376622,0.9647568774137484,-0.42644869928889534,1.8798597775350652,2.1608946461379253,0.27247153307245525
3514,14,100,0,0.12119094834399276,0.6833046524734523,-0.1804507397640906,1.8685256502400542,2.001385287529317,0.36931153869646444
3515,15,100,0,-0.08735098448923599,0.371433730342126,0.07232573202397548,1.709467682544337,1.7530270904077367,0.4523892128480127
3516,16,100,0,-0.38994854587888894,0.03495160531179515,0.340438873602156,1.4726182055999708,1.5613406064247846,0.4458770545439174
3517,17,100,0,-0.673996749362922,-0.2823596458824517,0.6278913983491443,1.1899142637939668,1.5310591598876349,0.35938701625757735
3518,18,100,0,-0.8486397784746246,-0.5033367105045508,0.9149158597243916,0.8508089820286617,1.5920063668298792,0.2929254258898405
3519,19,100,0,-0.8769291675050185,-0.547270844687604,1.1512092775856853,0.4287232837407919,1.605489519457219,0.3896526206177163
3520,20,100,0,-0.7773878100151533,-0.37147704799724807,1.2676643288441323,-0.0785375793751467,1.534753402454889,0.5496583482261705
3521,21,100,0,-0.5991207095870418,-0.0030361269290711153,1.203237611035659,-0.6192645998399862,1.4799406190616526,0.6330068121633455
3522,22,100,0,-0.3877877430423793,0.457915137062337,0.9353104538578607,-1.0886425962646407,1.5556394035580148,0.5911489108953876
3523,23,100,0,-0.16289089226448664,0.8690324911179423,0.49894689583141877,-1.3632658446159434,1.6997625367555338,0.47809142969122304
3524,24,100,0,0.08126812109834843,1.0996454597766459,-0.015472292778100706,-1.3543830126708543,1.7465444115651447,0.45505100104496243
3525,25,100,0,0.35324957390657397,1.0842516256274266,-0.48737864174910783,-1.0536464778134444,1.6272970502593482,0.5499375574010021
3526,26,100,0,0.6361806398182194,0.8507544039545295,-0.8047051179488103,-0.5470789263400923,1.4406090867497618,0.5826034771662402
3527,27,100,0,0.8733265782416413,0.5091813334919157,-0.900531750250314,0.012496861343345947,1.3539123115594256,0.4596265670803429
3528,28,100,0,0.9804076650240889,0.20455747658352738,-0.7727115281461342,0.46417473364547696,1.3474361728664517,0.2626258062763306
3529,29,100,0,0.882675359187599,0.054424548685836245,-0.4789232901708375,0.7026595829944955,1.2268560749569088,0.34639400177692925
3530,30,100,0,0.5597403942188203,0.09907590958268503,-0.11036193735377153,0.7173763777250715,0.9219186348666017,0.5538818851455591
3531,31,100,0,0.07413293923713932,0.287105009065697,0.24364144838829546,0.5884418434807136,0.7025310935768455,0.6040839542641184
3532,32,100,0,-0.4351070086422577,0.5027384674244177,0.5245562131132977,0.44128135509601124,0.9549620571881384,0.4545931252374821
3533,33,100,0,-0.7967532368767154,0.6221682309448674,0.7156187887314455,0.3815510755280433,1.295994020855288,0.24327456840272252
3534,34,100,0,-0.8737523237419059,0.5727771529835762,0.8323990363746654,0.44172456484152445,1.4069561248191989,0.562033212529182
3535,0,101,0,-0.5497352442628972,0.42799891177571797,0.9584855745343897,0.7589604795505042,1.4071629306430853,0.5867660659929395
3536,1,101,0,-0.0814680280248697,0.10178138940970115,1.045358070769629,0.8501202920076829,1.3536892175927455,0.600677399502471
3537,2,101,0,0.4705927981236481,-0.14318741389825018,1.0555051382298675,0.7385724978819441,1.3789636139514123,0.4982309584491361
3538,3,101,0,0.9048441858292887,-0.18250473847142915,0.9576059975420251,0.38131890463993984,1.3836416926928206,0.49161616998984153
3539,4,101,0,1.064851235363312,0.030563073795544096,0.7339680563475868,-0.1543671542850894,1.302835592465655,0.6423973277262803
3540,5,101,0,0.9014175911278559,0.4463878643519503,0.3970855484822959,-0.7078810518387988,1.2925124043510499,0.7393175606525832
3541,6,101,0,0.490168683362634,0.9422910021444691,-0.005746028074473947,-1.0861738579231117,1.5192051663110202,0.6758190255926321
3542,7,101,0,-0.0029390921625084268,1.3752162145444384,-0.4032673093845193,-1.1415404381673575,1.8322028735372693,0.4994840110045151
3543,8,101,0,-0.39278409981979634,1.6383318385136452,-0.7223407079215786,-0.8314348380918207,2.012826507792504,0.39867305653433194
3544,9,101,0,-0.5515511656650692,1.695937761528847,-0.9114159900470676,-0.2340372558858714,2.016399296613158,0.47546398786823857
3545,10,101,0,-0.45747908700501466,1.5830578949635326,-0.9547543302600027,0.48597204867961485,1.9654729906822432,0.5328470324729524
3546,11,101,0,-0.19607717558823964,1.3739837674342994,-0.8713343994562075,1.144170132216913,1.9986561933190488,0.4657764950180233
3547,12,101,0,0.08424675766299887,1.1387933708922529,-0.6999209587591166,1.604424758449887,2.08997990703311,0.3136686038903666
3548,13,101,0,0.24013658784514672,0.9113122700224439,-0.4785329453901495,1.8181991819059473,2.103092408626544,0.24262630190744147
3549,14,101,0,0.1935904560317379,0.6842681582637621,-0.22908173621904301,1.8205385205768392,1.9678768060662475,0.3454957552431342
3550,15,101,0,-0.04115106729596147,0.4318388276942466,0.04504329333407831,1.6897908716155345,1.7451648264600987,0.4387832181886923
3551,16,101,1,-0.3729681489756597,0.1446253756060951,0.34769776039215694,1.4952029547452417,1.5863629306940317,0.43981048724205896
3552,17,101,0,-0.680411092181368,-0.14479230734514228,0.6717846834066666,1.2607836679537856,1.5889600954298913,0.3489028298138354
3553,18,101,0,-0.8650524976825206,-0.3625596527193798,0.985045789002657,0.9635312768906952,1.6668752363345152,0.2575906659150477
3554,19,101,0,-0.8864946704398845,-0.4230409880877431,1.229292600682625,0.5648652761162499,1.671846152184917,0.35836603348621393
3555,20,101,0,-0.7652857752030935,-0.2734286454749426,1.336032688826387,0.05590893420826649,1.5647794401868371,0.5462742326329988
3556,21,101,0,-0.5572283148093484,0.06978797516874752,1.2530260402420468,-0.51050063543264,1.4649433137856265,0.6529723962971188
3557,22,101,0,-0.3166739905575453,0.5134429426990883,0.970122244755242,-1.0215426604588482,1.5325118755198706,0.6192359256331673
3558,23,101,0,-0.07037844365706412,0.9168856559921299,0.5319469209068326,-1.3426476144840398,1.71210472075678,0.4924486986655632
3559,24,101,0,0.18425572637175971,1.1470626614489536,0.03021515962830752,-1.3753011982853427,1.8005747037731052,0.4450934442360883
3560,25,101,0,0.45767755783106523,1.1350067947269595,-0.42266940166988504,-1.1059516284220923,1.7027881836963843,0.5388910342360853
3561,26,101,0,0.7385316524162415,0.9069542696412486,-0.7286603897906851,-0.620336391090334,1.5112108557716384,0.5797624608533993
3562,27,101,0,0.9763326744044839,0.5741214451536801,-0.8337242102585161,-0.07360612772323384,1.4083163159264886,0.4555617428682898
3563,28,101,0,1.0906845336182476,0.2842294122689433,-0.7404387097591987,0.37181475231203087,1.3988834131619141,0.2298880659966216
3564,29,101,0,1.0064495241134077,0.1561056737049282,-0.4994590415236936,0.612339013766831,1.2890803031198932,0.30630881553496453
3565,30,101,0,0.6986772985893751,0.22723929279278707,-0.18500997006811812,0.6421820965820977,0.9931838691542957,0.5317156780200071
3566,31,101,1,0.22316260540057042,0.43867716142569274,0.1338723490966797,0.546499255851377,0.747544274879051,0.5954404283070035
3567,32,101,0,-0.28702678150838445,0.6645066887841857,0.41371381518952266,0.45189005243894864,0.9483233905761951,0.46798304831931953
3568,33,101,0,-0.6633289923519768,0.7724061552238993,0.6409270587985556,0.45820008720237476,1.287381619930503,0.30907661058941754
3569,34,101,0,-0.7669798319939386,0.6872046001759594,0.820694354310429,0.58494454837151,1.4409051228498746,0.591374565527664
3570,0,102,0,-0.4733631158511197,0.48827373957327425,0.9966607738252201,0.9311845681115364,1.5241132773439463,0.6074439208972224
3571,1,102,0,-0.04328702798946452,0.10255496696215445,1.1394788224733998,1.0421025474925198,1.5481540602913315,0.5890166611367642
3572,2,102,0,0.4749378321536231,-0.1929276062132916,1.1795785346086596,0.9163552254759763,1.579208480288975,0.48130034420811263
3573,3,102,0,0.8853023111801122,-0.2633673930300505,1.0814694168627346,0.5143259892102502,1.5123590475409003,0.5148645162854896
3574,4,102,0,1.0340443723530601,-0.05916595530677574,0.8344368482530775,-0.08462596862590135,1.3327395779186564,0.686267505347289
3575,5,102,0,0.8716917853959391,0.36449818011639606,0.4645803299199815,-0.7033936645747249,1.2662160251502679,0.7691015792735167
3576,6,102,0,0.47151388411812406,0.8737683742352458,0.0325995476136974,-1.1339888930761768,1.5075775452210127,0.6753250575725849
3577,7,102,0,-0.0038080620296128457,1.3140570029910652,-0.38283227394049985,-1.2204511861368443,1.833799868077094,0.47098335732321683
3578,8,102,0,-0.37247714455794345,1.5720539412791106,-0.7092789624721708,-0.9207439343764701,1.9902107568812615,0.37811750967450625
3579,9,102,0,-0.5097444619386544,1.6137117148195481,-0.9017949015032699,-0.3205642973585375,1.944196602234774,0.48316763036926286
3580,10,102,0,-0.39676798479132475,1.4831649546337127,-0.952112794925895,0.4055215300378718,1.851531690788696,0.5446425926784931
3581,11,102,0,-0.12194722940420137,1.2671324762123495,-0.8825352592974938,1.0661014033253369,1.8804086058904719,0.467555214997564
3582,12,102,0,0.16371659596248134,1.0456911004740355,-0.7287011362074408,1.5243569232624485,1.993725752658152,0.2996152920596231
3583,13,102,0,0.3153233767858509,0.8554751946651296,-0.5206295823019352,1.7373651360368385,2.0299653737241834,0.2161004861400546
3584,14,102,0,0.25531746428349966,0.6831716443714007,-0.2718903170826323,1.7487727167849658,1.9141684520271578,0.32744404169262054
3585,15,102,0,0.0009474554040374228,0.49020091791808007,0.017820191553785326,1.6435693757742065,1.7152071856802895,0.4290255681818018
3586,16,102,0,-0.3514064275155999,0.2525971700832998,0.3487061785208295,1.4915251387763575,1.5917082164058216,0.43656554606605136
3587,17,102,0,-0.6741213289345646,-0.007968571802710983,0.7038376111374361,1.3096966880510914,1.6325427595639659,0.34161636179422994
3588,18,102,0,-0.8636863684102004,-0.22121923221242276,1.0394992014783189,1.062752604111475,1.7334629442529303,0.21995625155079032
3589,19,102,0,-0.8775996856736012,-0.2973054956830057,1.2900914542309967,0.6989780181990293,1.7353610564556907,0.32208261269415106
3590,20,102,0,-0.7382130020694605,-0.1740570037417621,1.3875880378618572,0.20049865269208114,1.5940058185353727,0.5390823852831291
3591,21,102,0,-0.50649530241919,0.14229402597913543,1.287984256410618,-0.381598864945329,1.4426732893109353,0.6692236217680141
3592,22,102,0,-0.2434157766752569,0.5659363355293073,0.9929547288984101,-0.9289694868672294,1.4928089554188901,0.6449490115285266
3593,23,102,0,0.018751410872407257,0.9589540550507917,0.5562612739446433,-1.2970540467289888,1.7063763653234965,0.5068840037022478
3594,24,102,0,0.28031197721758816,1.1871963735647852,0.07083414932190775,-1.3769862233943506,1.8409558848883383,0.4330044289604921
3595,25,102,0,0.5534295588443325,1.1791785091672398,-0.35905230002451677,-1.1478796123158894,1.7729332733094834,0.521411090850536
3596,26,102,0,0.8315334212427712,0.9596023138201432,-0.6494720106853012,-0.6923445181075701,1.5853829997038231,0.5697755743979237
3597,27,102,0,1.0697174162669523,0.6400615008085768,-0.7597558214476092,-0.16540090773015279,1.4692040171411394,0.4481077741966333
3598,28,102,0,1.1913148744179993,0.36951349690160284,-0.6980895576137829,0.27018984008635116,1.4546831045067237,0.20365851096475024
3599,29,102,0,1.1211983522202056,0.2665637481278283,-0.5091418988544999,0.5121385718776588,1.3600196200096948,0.2729585122367683
3600,30,102,0,0.8304275048298004,0.3649745760761312,-0.25091820397193926,0.5578350537358746,1.09405492285388,0.5097134022120711
3601,31,102,0,0.36824088372976754,0.598284546450742,0.027804499202742854,0.4955390899958203,0.8601615120787789,0.582582596082821
3602,32,102,0,-0.13887447498141267,0.8313841119560903,0.29948439118953724,0.45174864740566145,1.0021244445743214,0.4780381624148835
3603,33,102,0,-0.526376258526016,0.9248238110889118,0.5553342443406863,0.5205003151215046,1.3083148505141615,0.37008795798302113
3604,34,102,0,-0.6553758166998913,0.8020618438492909,0.7920306998729135,0.7096230859780945,1.4844858423603187,0.6157762869984326
3605,0,103,0,-0.3966797232676391,0.5476048641113295,1.0134155497282988,1.0789785606406057,1.6274002890509949,0.6309281573163309
3606,1,103,1,-0.008704510658052061,0.10489057836035884,1.211086966119525,1.2093414727956435,1.714735034710231,0.5765303769666884
3607,2,103,0,0.4698517937427976,-0.23875113397524386,1.2838468503326295,1.0734920304649787,1.7545400213841302,0.4587125671849134
3608,3,103,0,0.8506447600487081,-0.33955346449047785,1.1909608800658684,0.6344030454909679,1.6308734178412785,0.5312334852897884
3609,4,103,0,0.9847566994563732,-0.14579185696359045,0.9270509532200463,-0.018542914425743417,1.3604294660961658,0.7223720898524943
3610,5,103,0,0.8237212134735769,0.2821428404898473,0.5302827153430554,-0.6942552363770542,1.233414492940076,0.7927229194466233
3611,6,103,0,0.4382116276106435,0.8004875890191887,0.0738570433421357,-1.1718440723008916,1.487105646342889,0.6705170228192343
3612,7,103,0,-0.014072331248044738,1.2447435145143735,-0.3562329596280556,-1.2880050844786337,1.826319650718495,0.43925121549815166
3613,8,103,0,-0.35708065748040163,1.496348545675408,-0.6877686768121511,-1.0008904772875844,1.9599421079257549,0.35796968387069705
3614,9,103,0,-0.4711501974089577,1.5231980453010037,-0.8818302555557745,-0.4025680392869725,1.865958311323224,0.48914354772358726
3615,10,103,0,-0.34100577804769794,1.3778018805905687,-0.9374157669897818,0.32383180928116123,1.731542180752226,0.5508794241403201
3616,11,103,0,-0.05685615639943486,1.157938841667786,-0.880524275663269,0.98086755951481,1.7554142396894001,0.46296004740414654
3617,12,103,0,0.23007242801270764,0.9523575092145053,-0.7444595507973512,1.4314671053536436,1.8876536345346444,0.2829574166190031
3618,13,103,0,0.37593744809336577,0.7998292405272396,-0.5520100373282572,1.638463058229904,1.941734290106802,0.1951016289568976
3619,14,103,0,0.305271523722495,0.6812431600735024,-0.3086621527956842,1.65439063717992,1.84107676409753,0.3145700657903087
3620,15,103,0,0.038226290039575,0.5462097815465439,-0.009886920739250916,1.5716310612322815,1.664310162962158,0.4211737118933194
3621,16,103,1,-0.32543262882970997,0.35729004862452907,0.342109171491766,1.4616382779013521,1.57701861605954,0.4350698667172936
3622,17,103,0,-0.6548041904237759,0.12587603210712026,0.7220925442981324,1.3356263333046776,1.6582908816017223,0.3395776686593338
3623,18,103,0,-0.8440292353611578,-0.08151189406629185,1.0761470371676718,1.1463282926374907,1.7863903658284093,0.18641808707385318
3624,19,103,0,-0.8499981838127049,-0.17170098459542316,1.3318036356225191,0.8280623470105232,1.792028547481839,0.2829056513511077
3625,20,103,0,-0.6966142599066426,-0.07426821114383282,1.4212113217875268,0.351860300958826,1.6230941090582731,0.5279582105418036
3626,21,103,0,-0.4482638379484748,0.2141119451188164,1.307725104142857,-0.23575355576113513,1.4186292963682672,0.680736358587745
3627,22,103,0,-0.1701372157452878,0.6151342319525614,1.0038581256094465,-0.813479732427462,1.4411166527813746,0.6673619259607724
3628,23,103,0,0.10199446177713821,0.9946318436885512,0.5718644036960612,-1.228128509513155,1.683752923325198,0.5215243713022453
3629,24,103,0,0.3670729040184774,1.21879424402326,0.10579134165683941,-1.3600885440354906,1.8658066839077738,0.4209314504799935
3630,25,103,0,0.6386907143401047,1.2147941821090076,-0.29790928031618935,-1.179148084366042,1.8337913942520239,0.4994248566416357
3631,26,103,0,0.9140282291707521,1.006116223504408,-0.5691175615529879,-0.7620123863048841,1.65899823226846,0.5539249604201353
3632,27,103,0,1.152726565047498,0.7039856529982155,-0.6806331265575654,-0.2611311470531158,1.5348697867644439,0.4377519736676247
3633,28,103,0,1.2814319371166905,0.45708785134352925,-0.6469769193249882,0.16155107192818205,1.515148506348099,0.18701994709894493
3634,29,103,0,1.22538366221919,0.3822081976266803,-0.5080208720551372,0.40455930519605804,1.438541505772819,0.25110735022614594
3635,30,103,0,0.9524241390937597,0.50842253152271,-0.30672154784225486,0.46672786994273385,1.2155320743528244,0.4900541816388221
3636,31,103,0,0.5057798727793127,0.7618726429310837,-0.07216037690862806,0.43738898546762073,1.0162575698903513,0.5664541154447416
3637,32,103,0,0.005125546339141254,0.999362062414641,0.18450418771416802,0.44165677614842075,1.108085423701982,0.4834565443580347
3638,33,103,0,-0.3901361184693044,1.0758757465482147,0.46075938350719414,0.5678997998267082,1.3581326168964938,0.4235374385969448
3639,34,103,0,-0.5425738124698389,0.9147570637607431,0.74684342087859,0.8138134896742149,1.5333735092806287,0.6346223205316145
3640,0,104,0,-0.32228543625382383,0.6046858198453118,1.0079483840309178,1.199934647607733,1.7103555029710484,0.6554937426856955
3641,1,104,0,0.020827623701981834,0.10892217146505886,1.2577792031050343,1.3489509039514562,1.8476944808005247,0.5641097044240416
3642,2,104,0,0.4548651519803461,-0.2793281176486787,1.3648393749896353,1.2072560738067233,1.8987312213845802,0.4307884440792204
3643,3,104,0,0.8010095694708852,-0.4090408903010771,1.2822901198854413,0.7395493954814957,1.7320889238821127,0.5399893253564023
3644,4,104,0,0.9173206420601121,-0.227176221353451,1.0083981048978614,0.0429297421705444,1.3826770760457543,0.7497009445373216
3645,5,104,0,0.7577310023149599,0.2011537266771206,0.5916069948018022,-0.6803765496146846,1.1947929440657616,0.8093379255456628
3646,6,104,0,0.3902584989812461,0.7238656628023674,0.1164001676853595,-1.1989040082495852,1.4584934054857799,0.6612674066111031
3647,7,104,0,-0.03393176849101066,1.1685046094034854,-0.32425387521932086,-1.3430553349572039,1.8098322009130776,0.40463697134355003
3648,8,104,0,-0.3468959720879429,1.4126823071232562,-0.6579826676314608,-1.0707982546068175,1.9223834709241403,0.33847385495871424
3649,9,104,0,-0.4361074896074385,1.426491604911248,-0.8512972126103837,-0.4792209095731549,1.7830949682348107,0.4926147437363547
3650,10,104,0,-0.29058165017330817,1.2698184666651595,-0.9101817301592537,0.24155211269131183,1.607375139400454,0.5511578829381707
3651,11,104,0,-0.0013070905107715163,1.0497553610477242,-0.8646576748461567,0.889178599445987,1.6248875354673413,0.45211772495999275
3652,12,104,0,0.2826522785143156,0.8620711861864339,-0.746508866223136,1.3267699911533624,1.7721887984571691,0.2646237392573833
3653,13,104,0,0.4211985705931697,0.7468835067136853,-0.5721377140321575,1.5228905250306262,1.8389617515099816,0.18174000340272348
3654,14,104,0,0.3426940970554837,0.6796762979833565,-0.33926363088038386,1.5389891556497546,1.7501390078055856,0.30546967978970324
3655,15,104,0,0.07013096670714085,0.5995620922249,-0.03856608703213204,1.4753520350292386,1.5945356770101644,0.4129448800134718
3656,16,104,1,-0.29527606454356375,0.4571557376147686,0.3267324403868031,1.4061800143036316,1.5428141958623909,0.4340229923690068
3657,17,104,0,-0.6223991878217985,0.2545287095983011,0.7248565876838375,1.338050422030752,1.6637192123721904,0.34416769907084327
3658,18,104,0,-0.8059515714621475,0.05436406334132596,1.093155494674906,1.2124187292372277,1.8213899904930952,0.16715962785563926
3659,19,104,0,-0.8038324131608267,-0.04788756712884082,1.3529096611753137,0.9491400523126863,1.8383881956048094,0.2439283609790579
3660,20,104,0,-0.6412244254207993,0.025012054827813827,1.4360369853877106,0.5063449495289065,1.652386697464549,0.5129147878602088
3661,21,104,0,-0.3840092075201769,0.2848923688760987,1.3120962663187297,-0.07666900427154517,1.3986069789643016,0.6867070386352286
3662,22,104,0,-0.09893786275353071,0.6608645929307918,1.0031221155736492,-0.6782439521769134,1.3830399662675443,0.6857530808316852
3663,23,104,0,0.1769835439700524,1.0234728045696102,0.5789886958454941,-1.1380831888754945,1.6459893715476002,0.5364989215169016
3664,24,104,0,0.44236252302163914,1.240803929165261,0.13475657627825538,-1.32566184644666,1.8737176036907552,0.41134441044791054
3665,25,104,0,0.7118384973524501,1.2400669966422266,-0.24039693581708074,-1.199656545200755,1.881873193301695,0.47536094274001567
3666,26,104,0,0.9850413071159284,1.044026040757211,-0.4894445363610794,-0.8282277610429972,1.7279507888941288,0.5338620553653367
3667,27,104,0,1.2247956787385492,0.7628763466430738,-0.598372035294723,-0.35888801382367064,1.6027958304204424,0.4252713690278611
3668,28,104,0,1.3603918470275893,0.5435087224807105,-0.5885663627489088,0.048347186921374546,1.5794985035492881,0.18205812933586096
3669,29,104,0,1.317734776250415,0.4992366548449537,-0.4963917825140585,0.2922859187531511,1.5223330904008388,0.24437089653483363
3670,30,104,0,1.0623943900186668,0.6534757891420163,-0.35130251711051597,0.3714146612884079,1.347989152807278,0.4746620333535232
3671,31,104,0,0.6324682773206444,0.9251576034613196,-0.1637607721872462,0.3740565671932115,1.192756730866344,0.5481706244246752
3672,32,104,0,0.14095905437841777,1.1642576189111429,0.07146179259150175,0.42267612529710863,1.2486501323030683,0.4834123251563118
3673,33,104,0,-0.2587326429663188,1.22190443209704,0.3593975281081315,0.6002409181417452,1.4315895936813061,0.4676743834442291
3674,34,104,0,-0.4321687910741031,1.022630247602021,0.6860333777548431,0.8961031984638366,1.5830935616633213,0.6475441763256147
3675,0,105,0,-0.2526827936741048,0.6581908578828572,0.9800538633907658,1.2923236350396674,1.7685219117808033,0.6791357917750123
3676,1,105,0,0.04397426410669398,0.11471799743741067,1.2777910772409822,1.4587458540947595,1.943137529552423,0.5524506119738384
3677,2,105,0,0.4297122449672609,-0.3134356628149869,1.419659195910803,1.315539150845331,2.0072294383403295,0.39825201844714436
3678,3,105,0,0.7368586577446621,-0.4699232129582186,1.3521009295277837,0.8282215816263065,1.8105017038024898,0.540884102598193
3679,4,105,0,0.8324945098210014,-0.3012613661951168,1.0753331618563677,0.099106017221129,1.3964128799467963,0.7675715303599978
3680,5,105,0,0.6744143716641625,0.12334790947902075,0.6460818831273681,-0.6615714798008502,1.151150760791698,0.8183038939185784
3681,6,105,0,0.32808962271200964,0.6453713926463852,0.15859978092435692,-1.2143505914267874,1.4226553638831456,0.6475840080997459
3682,7,105,0,-0.0632253244867281,1.0866546837710054,-0.2877654462087334,-1.3845236602616156,1.7845253041842386,0.3676780966277191
3683,8,105,0,-0.34194210142037024,1.3225885244129136,-0.6202428815447159,-1.1294610681171338,1.8779106320940027,0.31988220547440616
3684,9,105,0,-0.40470680452196695,1.3256867395856191,-0.8101763328475478,-0.5497373238414196,1.6970061121487328,0.49290017424494964
3685,10,105,0,-0.2456049209404301,1.1619760048130736,-0.8701839400702758,0.1593341449560885,1.4809177803837132,0.545220775413521
3686,11,105,0,0.04455440228962046,0.9457751565163701,-0.8345740702281446,0.7918082431705948,1.4899496347518013,0.43528022273311867
3687,12,105,0,0.3212259145257265,0.7779283766861447,-0.7344285123693864,1.2114307682996368,1.6478192842604398,0.24573776072650344
3688,13,105,0,0.45077046935436815,0.6989988932491754,-0.5806696874722473,1.3923121657566475,1.7226444559654825,0.17722763900515853
3689,14,105,0,0.36718295045318283,0.6795913570775295,-0.36362883020548453,1.4045654815671333,1.6436842305882553,0.29825216923617764
3690,15,105,0,0.09627915071543168,0.6499633380792107,-0.0686201152161836,1.3566244598784019,1.5089269899707551,0.40206160557508247
3691,16,105,1,-0.2612277373553354,0.5507099072303712,0.3016281368900742,1.3263556777405137,1.4905436087292943,0.4320851725742465
3692,17,105,0,-0.5771185034599936,0.37585059442076163,0.7107573998229058,1.3169625152068944,1.6473905985604722,0.3556712707359909
3693,18,105,0,-0.7497165523358201,0.18425545838875443,1.0890416396741358,1.2595328189877912,1.835336371852261,0.17244197108132905
3694,19,105,0,-0.739631203836543,0.07247918898935946,1.3522164894857354,1.0593266319781596,1.8716222637542452,0.20973192836516358
3695,20,105,0,-0.5730442933810272,0.12284380830014874,1.4314761853955098,0.6601174390865466,1.6817697423116236,0.49409578676974
3696,21,105,0,-0.31528903106039347,0.3542968169812668,1.3011814965343356,0.09153582726957525,1.387942903086189,0.6865511185451042
3697,22,105,0,-0.03182082821422207,0.703034473160978,0.9912622820627462,-0.5269620210883196,1.324975440931153,0.699579952950011
3698,23,105,0,0.24156759563178953,1.0451959928787722,0.578109692282327,-1.0296366498115992,1.5953532567225313,0.5518623459541785
3699,24,105,0,0.5042619380969865,1.2524047574743415,0.15766129022725092,-1.2751290977473961,1.8637620763165836,0.40671582097772974
3700,25,105,0,0.7714887150563243,1.2534558739933406,-0.18742616552477392,-1.2094823665411603,1.9142420505267856,0.4520983865930952
3701,26,105,0,1.0438005814672413,1.0710576886060303,-0.41212972298718564,-0.8898808891208941,1.788413579568644,0.5115765786346799
3702,27,105,0,1.2855525022176941,0.8138134731473213,-0.5149493345739976,-0.45665706247770066,1.6699239787856348,0.4117200109735569
3703,28,105,0,1.4277765255645694,0.625318323457035,-0.5244385363440014,-0.06683883940009212,1.645925885773518,0.1885036874865889
3704,29,105,0,1.3972718416089942,0.6137477060791783,-0.4747878153759516,0.1781152194469634,1.6081676986865991,0.25300157211357677
3705,30,105,0,1.1584170280747788,0.7958950622899196,-0.3838181450687754,0.27454158928184264,1.4825884168711536,0.4649004131246547
3706,31,105,0,0.7453651553553023,1.083743895419732,-0.24493313234078778,0.307673300172775,1.3728529217053245,0.5289689735475487
3707,32,105,0,0.26494125196539936,1.3218269164663456,-0.036972018610705114,0.39609773137631277,1.4055890605185901,0.47755180752976
3708,33,105,0,-0.13604733702405944,1.3592388754091396,0.25366240991034616,0.617757412858619,1.5205288677556041,0.5013483874168837
3709,34,105,0,-0.3276059741065175,1.1230244718266624,0.6109456028932589,0.9556404932759643,1.6294210384904115,0.6544018715133094
3710,0,106,0,-0.1901977908519883,0.7068105124810027,0.9301331342785596,1.355125240061716,1.7992410522033493,0.6997801779134992
3711,1,106,1,0.05956242135892756,0.12227676531463494,1.2700540250777157,1.5372816339551587,1.9986924070716576,0.5419364599007225
3712,2,106,0,0.39434682631697554,-0.33999441272082026,1.4460746028476459,1.396887242777772,2.076904269855476,0.36223774958492516
3713,3,106,0,0.6589740263792223,-0.520464612407669,1.3975758528433293,0.8993549380164317,1.8620386003508111,0.5340886020655906
3714,4,106,0,0.731451436723222,-0.3661270799201926,1.1250737755706124,0.1495688137553834,1.399011105552868,0.7756063073492497
3715,5,106,0,0.5749232262145805,0.050482061998472896,0.6914207193940469,-0.6375713899673312,1.1034695478973833,0.8191897240084409
3716,6,106,0,0.25257424868044237,0.5664948712321999,0.1988620182536735,-1.217406642409494,1.3807009906259788,0.6296292675830212
3717,7,106,0,-0.10143202705316115,1.000572144565916,-0.2477149123409127,-1.4114232395513455,1.7506888105928566,0.3291953131508071
3718,8,106,0,-0.34195696966431566,1.2276417719267902,-0.5750310765216424,-1.1759572194717516,1.8269031201119899,0.30252499499565805
3719,9,106,0,-0.3767939704331889,1.2228352534924456,-0.7586732993571215,-0.6133777073470598,1.6090733794226093,0.48947721409710765
3720,10,106,0,-0.20591150076323197,1.0568826315736184,-0.8174705698505023,0.07783393247007206,1.3541479596720603,0.5329755593048813
3721,11,106,0,0.08093422549761532,0.8489495994777221,-0.7902098232906805,0.6895926200015122,1.351752683628156,0.4128271413646469
3722,12,106,0,0.34599223220364733,0.7027577338208258,-0.7080725737850498,1.086751638400426,1.515247488202122,0.227597471486941
3723,13,106,0,0.4647628294417576,0.658319280636269,-0.5774551877020276,1.2486297586227024,1.5943398416932117,0.18112097572046254
3724,14,106,0,0.37869693287660583,0.681998949815958,-0.3817463811286086,1.2534744092910184,1.5249466642386134,0.2909662418196461
3725,15,106,0,0.1164645121944515,0.6971299637848659,-0.10033989539668539,1.2178122257859305,1.4116263248074115,0.38650625391144466
3726,16,106,0,-0.22364019526901435,0.6365665433079092,0.2661148092022706,1.223907998235723,1.4226734624716517,0.42804537990699243
3727,17,106,0,-0.5194497545121672,0.4878272721644324,0.6787920615527171,1.2728703193628041,1.6089627117095961,0.3731898532615675
3728,18,106,0,-0.6759802300000881,0.3061016460878938,1.0627225386248615,1.2865635347788233,1.8262728197650375,0.20245808507639665
3729,19,106,0,-0.6582989758638866,0.1877777937220116,1.3288961340501395,1.1559031149341297,1.8896282670531734,0.18663195751978587
3730,20,106,0,-0.4933106129860301,0.21827953244452725,1.4072360664268124,0.8092543132307596,1.7106160309385186,0.47177834224627635
3731,21,106,0,-0.24369164516316938,0.421987862547758,1.275297944256311,0.26443491098563016,1.390600605074048,0.6799028350666125
3732,22,106,0,0.029375421530104084,0.7416173977452164,0.9690012287923431,-0.36376391716300244,1.2736352887931852,0.7084555811476849
3733,23,106,0,0.293884341001036,1.0596858298474923,0.5699236949379874,-0.9059381159529399,1.5345484521035209,0.5675344167964234
3734,24,106,0,0.5511715826963395,1.2530319678159605,0.17468738790498203,-1.2102395447322745,1.835503926737171,0.40903936156151965
3735,25,106,0,0.8165356756087876,1.253718031899121,-0.13965164423502588,-1.208873078848696,1.9285787812670698,0.43278378921244604
3736,26,106,0,1.0897518064961231,1.085211137520704,-0.3386462380623484,-0.9458890506325459,1.8370164896975922,0.4893208246752241
3737,27,106,0,1.3348149171449002,0.8540715822235545,-0.43225755741055405,-0.5523683291206779,1.732953114642315,0.3983818711415351
3738,28,106,0,1.4833907996936135,0.6991543312258197,-0.4562497775993044,-0.1813567582396379,1.7118175068640016,0.2037955983010292
3739,29,106,0,1.463320884082738,0.7218579018649479,-0.4439642744856833,0.06488183944104434,1.6922472545069778,0.27357177918028247
3740,30,106,0,1.238969267886096,0.931430586709426,-0.4037198001647409,0.17877514483388135,1.6116941440855046,0.4613115060171653
3741,31,106,0,0.8419819157017425,1.2332465414901093,-0.313864724984478,0.2404349174303458,1.5447169946548174,0.5101376425043714
3742,32,106,0,0.37382516167236773,1.4678816030919093,-0.13821483920372288,0.3634026728603551,1.5638371068027537,0.46598894357778153
3743,33,106,0,-0.025602019548560305,1.484295073574437,0.14612196586925763,0.6210602498127016,1.6158139718572864,0.5238792777769644
3744,34,106,0,-0.23207511277916684,1.2133585340999034,0.5233346678981416,0.9921454622240901,1.6686310506161752,0.655270199814003
3745,0,107,0,-0.1369070082588941,0.7492879546726818,0.8591868917422648,1.3880389458273226,1.8013967353148865,0.7154477705827964
3746,1,107,1,0.06662181225220436,0.1315266668406194,1.2342329355362742,1.5838726748116476,2.013385536636107,0.5325608558586266
3747,2,107,0,0.34895177427927165,-0.35810065186635215,1.4425922509428666,1.4505177100270323,2.1059623565539414,0.3243250920079247
3748,3,107,0,0.5684454787997977,-0.5591502593187156,1.416526326583134,0.9523706861671727,1.8839681612590369,0.5201459653088943
3749,4,107,0,0.6157569546292306,-0.4200439721054169,1.1552863106455953,0.19416253115383708,1.3885168755710304,0.7737178289737324
3750,5,107,0,0.4608455839113109,-0.015791897208852303,0.7255865699217997,-0.6080456741319399,1.0530068606184197,0.8117852466654516
3751,6,107,0,0.16499812290300084,0.48871635790602475,0.23566507932397163,-1.2073631474413045,1.333915986281966,0.6077410113853285
3752,7,107,0,-0.1476838032297113,0.9116767724785635,-0.20511580869737506,-1.4228838847597776,1.708694263962976,0.2904586521318555
3753,8,107,0,-0.3464087010782564,1.1294328564720306,-0.5229960822265548,-1.209465606343142,1.769731482573728,0.28689865820787164
3754,9,107,0,-0.35198328964747816,1.1199076314609995,-0.6972336799996706,-0.6694536950752011,1.5206539361640996,0.4820406600932301
3755,10,107,0,-0.17107992097220914,0.9569351964189549,-0.7523788215734022,-0.002287144477032157,1.229256861557942,0.514522668912527
3756,11,107,0,0.10837250905073478,0.7619146491057195,-0.7318080984067817,0.5834281051107374,1.211688895701656,0.38527475582898346
3757,12,107,0,0.3575640543467755,0.6390439202269476,-0.667572340522567,0.9541564621447963,1.375607708986607,0.21161063057172053
3758,13,107,0,0.463720880545832,0.6267095347819482,-0.5625311454550255,1.0939481249585485,1.4563535579480948,0.19144165646161368
3759,14,107,0,0.3775510977220299,0.687767075868031,-0.39364689082645193,1.0883779966768519,1.398246373264319,0.2819685664867809
3760,15,107,0,0.1306561579482709,0.7407916528680922,-0.1338820387045866,1.0616956483823954,1.3080387435587126,0.3646714294304542
3761,16,107,1,-0.18292547448979088,0.7134704255583436,0.21981009146803304,1.1010738227531547,1.342826056057578,0.4209564451141416
3762,17,107,0,-0.4501514003958913,0.5886172327143644,0.6283673965632423,1.2067816774178308,1.549281811660409,0.3949321037391299
3763,18,107,0,-0.5857816870629965,0.4179811659434506,1.0135563629852324,1.292814676169227,1.793464448448369,0.2479812806322216
3764,19,107,0,-0.5610957385828395,0.2964512555916179,1.282517963066341,1.236385068849283,1.891087554519608,0.1808923204332319
3765,20,107,0,-0.40346130110271883,0.3103725814680236,1.3633345057167807,0.9498456271940661,1.7378146767685936,0.4463922244887913
3766,21,107,0,-0.17078534657498268,0.48761993201918463,1.2349896764892625,0.43741204366214564,1.408357067537519,0.6666200843368608
3767,22,107,0,0.08303933489817196,0.7766387197010056,0.9372450298985429,-0.193098636221713,1.2352240936200014,0.7121295051889217
3768,23,107,0,0.33242421903841324,1.0669868124997275,0.555318603597413,-0.7704806368562632,1.4666239745495233,0.5832638928369388
3769,24,107,0,0.5818645939462098,1.2423928436952252,0.18624715857644816,-1.1330179536144354,1.7890008583127452,0.4193310416994613
3770,25,107,0,0.8461852723099333,1.2399525001331686,-0.097471098238737,-1.198235240405512,1.9232212623622513,0.4204250385849837
3771,26,107,0,1.12256868289202,1.0848307527792809,-0.27023888140586466,-0.9952212718622715,1.8709656979688956,0.46945579296197865
3772,27,107,0,1.3725846436835676,0.8812121205217306,-0.3520643083439244,-0.6439482950392996,1.7886145726019504,0.38667073739507263
3773,28,107,0,1.527253946979758,0.761857691709894,-0.38569201156901456,-0.29255769755510114,1.7740575230723699,0.22463231034687678
3774,29,107,0,1.5155202826178074,0.8198195308666122,-0.40487798736498964,-0.04461667677774989,1.7705430304614813,0.3011487839979677
3775,30,107,0,1.3029616574577843,1.055945209095636,-0.41076540886995966,0.08673020300271463,1.7288665982817064,0.4635250846899327
3776,31,107,1,0.9203501352602941,1.369414413238527,-0.36904020301073936,0.1745401383579038,1.6997044266563717,0.4929243757937467
3777,32,107,0,0.4648958377112934,1.5984050836714407,-0.22984161984662427,0.3262173318231435,1.7118036888684172,0.44930930121381146
3778,33,107,0,0.06954630407093185,1.5936753953593628,0.039428546078974204,0.6111128188515709,1.708698756889102,0.5350202105196238
3779,34,107,0,-0.14841345939148382,1.2911988320706338,0.4253177258968823,1.0059050941794252,1.6976340021710599,0.6504288669722551
3780,0,108,0,-0.09457280629903612,0.7844550631462421,0.7687910538680927,1.3914753905821398,1.7752625746323785,0.724370727805809
3781,1,108,0,0.0644194263701198,0.14232730322504322,1.1707430158594918,1.5985908784697827,1.9875962692779785,0.5239126192735885
3782,2,108,0,0.2939425989949423,-0.36705300634577376,1.4085097893256466,1.4763180489328185,2.093930507252414,0.28661067422034936
3783,3,108,0,0.46665012883934504,-0.5847305068142918,1.407465478321976,0.9871687711867166,1.874868892434742,0.49993706290486895
3784,4,108,0,0.48733576911482557,-0.46152190189180076,1.1641594047155048,0.23297626128138438,1.3638341818904431,0.762095613475328
3785,5,108,0,0.334170430679679,-0.07396874372275877,0.7468503580232217,-0.5726275903928013,1.0014135341341486,0.7961077509903721
3786,6,108,0,0.06703313035614979,0.413475202847758,0.26759379751138546,-1.1836091620429419,1.2837415132626577,0.5824536830798857
3787,7,108,0,-0.2007897217710008,0.8214063236118562,-0.16103600228210177,-1.4181787514705493,1.6589720992204744,0.2534706999919797
3788,8,108,0,-0.35451654283797984,1.0295444583883286,-0.4649570109680547,-1.2292831236719366,1.7067412783245417,0.2737529468863492
3789,9,108,0,-0.32967922785738024,1.0187582748415365,-0.6265518953227655,-0.7173346289287993,1.4330711996379348,0.4705615556266697
3790,10,108,0,-0.1404563212933161,0.8642690220346325,-0.675542296743781,-0.08036249902027102,1.108830215397559,0.49019324286373417
3791,11,108,0,0.12771586010410804,0.686927813181828,-0.6599212171273505,0.47426800166725164,1.071730988478542,0.35329700249491225
3792,12,108,0,0.3569408870779895,0.5888621377599687,-0.6133334903657259,0.8151736265997562,1.2307930069931603,0.19914068058837625
3793,13,108,0,0.44860294690514213,0.6057020645007859,-0.5361151104299032,0.9305374977643671,1.3120362195036115,0.20561765141630275
3794,14,108,0,0.36440238754049425,0.6975925816710474,-0.3993915573297212,0.9121888874824973,1.269262263112122,0.27018199810249643
3795,15,108,0,0.13899374245476462,0.7806936627525753,-0.16925176322668234,0.8914066404196798,1.2050119557262717,0.3354372304458927
3796,16,108,0,-0.13955105930281383,0.7803267665899193,0.16265493066206985,0.9605290309362411,1.255968553168913,0.41024568052209764
3797,17,108,0,-0.37024078013219647,0.6765968864482296,0.5593303501846247,1.1201785893917553,1.4705482293327528,0.4186726100970253
3798,18,108,0,-0.48052333304316497,0.5181563810605906,0.9413740810467986,1.2780181781893682,1.7374994483688033,0.2999420164530706
3799,19,108,0,-0.44960860809594944,0.39703771913133773,1.2130735946095395,1.2985869609948466,1.875543252524914,0.1940254983529567
3800,20,108,0,-0.30509689359995745,0.3981872568315296,1.300109795875966,1.0780978660901086,1.7618790242772215,0.41856357111319054
3801,21,108,0,-0.09807013049792404,0.5508313300887089,1.1810175623445467,0.6057838016907304,1.4404198699199846,0.6467979487754835
3802,22,108,0,0.12784057213928832,0.8081596766053155,0.8970557854135286,-0.019614347445501716,1.214314242502864,0.7104745631696807
3803,23,108,0,0.356083451368991,1.067293185047424,0.535339047351324,-0.6270056166553571,1.3948598876316987,0.598620783592025
3804,24,108,0,0.5955295733898873,1.220474325939075,0.1929551401477544,-1.0457075854697158,1.7248040739390442,0.4373682603583609
3805,25,108,0,0.8599799336136115,1.211633241446778,-0.061034043368268336,-1.1781202853121746,1.8971855890004061,0.4172590404898413
3806,26,108,0,1.1421576961260849,1.0686655940302798,-0.20790818492729982,-1.0369225865507996,1.8881219819024144,0.4541886343013432
3807,27,108,0,1.3990369958323599,0.8931677980736966,-0.2759769745970147,-0.7293723221006767,1.8339030797666773,0.377962126914459
3808,28,108,0,1.5595860769074759,0.8105754073718807,-0.31445297557014384,-0.39786260808038054,1.8293486685356573,0.24826338142409812
3809,29,108,0,1.5538186077538163,0.9041356049184737,-0.3586619460476083,-0.14769332756758818,1.8390935725062896,0.3313824315292948
3810,30,108,0,1.3497600426762675,1.1655354857566291,-0.4050237909856033,0.0008998859195278204,1.8287619370553396,0.4704005582921929
3811,31,108,1,0.9790732050762897,1.4882509782820919,-0.409280590879898,0.11212944411594794,1.8312724891628531,0.47842304864577545
3812,32,108,0,0.5360475760906275,1.709665172092341,-0.30965014423601195,0.2862645643786065,1.8406880825230623,0.42858597867968223
3813,33,108,0,0.14689540009220206,1.6842639986909118,-0.06375419630905861,0.5891963095534319,1.791519010391167,0.5349565748152874
3814,34,108,0,-0.07902037361368508,1.3543283836359652,0.31931657267023783,0.9977528404935774,1.714037162509297,0.6403555392417482
3815,0,109,0,-0.06458855472992858,0.8112671271631193,0.6610557887859265,1.3665288218175777,1.7224174319145527,0.7250707388573178
3816,1,109,1,0.05248699087055395,0.1544744366155723,1.080745366443244,1.5822439020362415,1.9230505839415033,0.5152293280385928
3817,2,109,0,0.22996456394852574,-0.36637296375605294,1.343946256787978,1.4748266639814536,2.0416704139425907,0.2518034890450608
3818,3,109,0,0.3552242073628629,-0.5962576280270918,1.3696612811299322,1.0041070810038109,1.83464177746653,0.4746517284742513
3819,4,109,0,0.3484286198506444,-0.4893520982568835,1.1504629077542374,0.26631846469415105,1.3248993946541088,0.7411914586612954
3820,5,109,0,0.19724096526663926,-0.12272834619945905,0.7538403420559178,-0.5309443067351596,0.9508645347817071,0.7724046055302806
3821,6,109,0,-0.03930491397002197,0.3421395259384154,0.29337116697207904,-1.145663307180192,1.2317529730027723,0.554518449796611
3822,7,109,0,-0.25927088855201186,0.7311927402927577,-0.11658429238318277,-1.3967517458696062,1.6019898732288114,0.22138488602996437
3823,8,109,0,-0.3652806836924603,0.9295277803396728,-0.40190189637393053,-1.234842949856513,1.6382350617116355,0.264138890514518
3824,9,109,0,-0.3091058768485764,0.9210953600724882,-0.5475737076329363,-0.7564553797111373,1.3475996483504273,0.4553503517270637
3825,10,109,0,-0.11318748683252552,0.7807166613349521,-0.5878910840161047,-0.15572197493998288,0.9960899420264702,0.4606027395033509
3826,11,109,0,0.14008006897059716,0.6258172973670981,-0.5754060706593441,0.3631177942850466,0.9349953978949467,0.3177691509181673
3827,12,109,0,0.34547053859645954,0.5538253224197717,-0.5460279771771523,0.6714172505363467,1.0839834209845887,0.19123635712973636
3828,13,109,0,0.4207466892784342,0.5964534000091157,-0.49859587647124365,0.7607931059572386,1.1662711661647935,0.22133980485007812
3829,14,109,0,0.3402263612035696,0.7119777960758957,-0.39906251656631914,0.7280086360629161,1.145388067544508,0.2552856724306998
3830,15,109,0,0.14177848246178795,0.8165991220500078,-0.20629177494684817,0.7103560389216135,1.110899303566771,0.29822274136323523
3831,16,109,0,-0.09403385880032405,0.8362271380235676,0.09492838897476773,0.8053231484000141,1.1686209673586307,0.3958203824638098
3832,17,109,0,-0.2809749842735616,0.7504008534913557,0.4719872895678753,1.0149800140671534,1.3765917380172932,0.4421500916186787
3833,18,109,0,-0.36194178204196487,0.6051148921384941,0.8465005710261108,1.2423415480497095,1.6604642799631597,0.35233030887274275
3834,19,109,0,-0.32571559386783117,0.4882005986858716,1.1209934408920093,1.3406801429671347,1.8434966810155098,0.22116519228167852
3835,20,109,0,-0.19993937327701422,0.48081052251323303,1.2182248157181435,1.1904351505729585,1.7811125907412535,0.38919388464227783
3836,21,109,0,-0.02693344936144474,0.611238029054552,1.1143457446658789,0.7649251495259032,1.4836489685532679,0.6207952405446
3837,22,109,0,0.16277454906638555,0.83626090276255,0.8496211485385908,0.15196685280360447,1.21275631175767,0.7034806679638711
3838,23,109,0,0.3642044817965905,1.0609340807526464,0.511147043845446,-0.47940140998511693,1.3226197641767048,0.6130156866403034
3839,24,109,0,0.5918013071582143,1.1875419581388813,0.19559309316425783,-0.9507085592376358,1.6439550213420568,0.4618198232931303
3840,25,109,0,0.8578146203224908,1.1686308486679222,-0.030259324489587264,-1.1492078130271663,1.8501724804835293,0.42412451381402955
3841,26,109,0,1.1486575488208672,1.0359177383760223,-0.15240323541847112,-1.070137232249047,1.8870506530448312,0.4452131044624954
3842,27,109,0,1.4145070914312063,0.888316405143374,-0.20541356057049676,-0.8067161475925858,1.8662588301221483,0.3733657556157908
3843,28,109,0,1.580789889227901,0.8428551085064914,-0.24417777167181773,-0.49482862672523,1.874507818555591,0.2728309530556607
3844,29,109,0,1.5784640190818193,0.9716685593250098,-0.30659589083057204,-0.24184160909338337,1.8942483609283494,0.3611965737512235
3845,30,109,0,1.3791940476918694,1.2566471860001651,-0.38687102914476984,-0.07641078787365344,1.9070516964586517,0.4803429362856528
3846,31,109,0,1.0173603143730947,1.586128956154715,-0.43377362701547634,0.055225673918215167,1.9344344158868891,0.46745335239358016
3847,32,109,0,0.5858418306863176,1.7983198611761844,-0.3757211308009347,0.24531224080981828,1.9438388403630829,0.4054042419582952
3848,33,109,0,0.2045698989719538,1.7533154878106099,-0.16082561752181918,0.5568663802922854,1.8579367825932773,0.5243244584094993
3849,34,109,0,-0.02578613567451837,1.4008109474886765,0.20799040718199915,0.9690334330541396,1.7161649219272528,0.6257210421944545
3850,0,110,0,-0.04793554927419172,0.8288351141112282,0.5385690566772618,1.314931681981291,1.6457118278594143,0.7164108653141498
3851,1,110,0,0.030640466359625116,0.16770738305016203,0.9661212921183981,1.5363343499807218,1.8228489214752492,0.5055066138211106
3852,2,110,0,0.15788342452985907,-0.35581863554178544,1.249849193505835,1.4471966176762454,1.951418748977483,0.22322516314340587
3853,3,110,0,0.23602789629709206,-0.5931140350448917,1.3031683351412073,1.0039680911232158,1.7645659704601477,0.4457607929679506
3854,4,110,0,0.2015403955616321,-0.5026417698072971,1.1135903622141006,0.2946842973313873,1.2728666896843426,0.7117014853419282
3855,5,110,0,0.0526975426801638,-0.16096949624409534,0.7455815113815425,-0.48264990337893066,0.904174169654985,0.7411512853320247
3856,6,110,0,-0.1517090876798745,0.2759773394283834,0.3118860912853484,-1.0932056584146603,1.1796400657360333,0.5249188976974326
3857,7,110,0,-0.3214048912939061,0.6424383555604202,-0.0728956253433874,-1.358244683245576,1.5382361771203739,0.19880710388629236
3858,8,110,0,-0.3775199401823043,0.830880488359343,-0.3349813658389789,-1.2257331938406084,1.5644545596192807,0.2593568956749117
3859,9,110,0,-0.28934312924744754,0.8284557725410991,-0.46149172238717723,-0.7863254257613724,1.2654409107224494,0.4371287443877925
3860,10,110,0,-0.0882607678928408,0.7077764646158201,-0.4906442096924792,-0.2276952113162626,0.895161626062142,0.42673205509417045
3861,11,110,0,0.1468045237199606,0.5799445257414262,-0.47941251270515345,0.2510287432752523,0.8066839581959676,0.27985637908636063
3862,12,110,0,0.3248008291604931,0.5350453531677823,-0.4665808037795073,0.524566872941373,0.9405515186382948,0.18831208784407624
3863,13,110,0,0.38182508550668065,0.5997119607090226,-0.4505221594886051,0.5871927648559605,1.026260391435384,0.23689841034568454
3864,14,110,0,0.30628568636570097,0.7312129815047059,-0.39275536726027066,0.5390625007670258,1.0360156872550046,0.23792109123086766
3865,15,110,0,0.13946039917925987,0.8482912006562985,-0.24467768631552644,0.522154959765305,1.0351618889035519,0.25307976721309605
3866,16,110,1,-0.04693227384962466,0.8804709089462543,0.017252337402810916,0.6388054163767202,1.0889452065955545,0.37819120245563875
3867,17,110,0,-0.18382498068579595,0.8089563489562637,0.36711138393201626,0.8934944891907179,1.2733048215048288,0.46331847813223775
3868,18,110,0,-0.2320700176630683,0.6776065657226283,0.7297642448268369,1.186385255804629,1.5662289038409585,0.40122935247352276
3869,19,110,0,-0.19154260870409,0.5687574580676367,1.0071541330030525,1.361242880741775,1.7965286652464036,0.2554701121969294
3870,20,110,0,-0.08978955562764229,0.5573652359093847,1.1186653363260952,1.2835959326668445,1.7938084690279996,0.3595855301444037
3871,21,110,0,0.04138863873268192,0.6684296849660409,1.0361249749440824,0.9103942029938181,1.5332592186931635,0.5892803746973321
3872,22,110,0,0.18719576903568425,0.861026163369479,0.7962217565386622,0.31697608027023927,1.229166884926788,0.6912566557078877
3873,23,110,0,0.35660241539412857,1.0483547871445538,0.48397955383758867,-0.3315988441041835,1.2531588264613114,0.6257406043083621
3874,24,110,0,0.5707783825872708,1.1441302935345825,0.19506947288080856,-0.8505133622009508,1.5479816436717952,0.4906604366734392
3875,25,110,0,0.8399433104367279,1.111222142386625,-0.004860505296258699,-1.1122868324375768,1.782561369659817,0.4402379331542967
3876,26,110,0,1.1424332056975155,0.9862770582746542,-0.10422306006235675,-1.0941301843218774,1.8670509826065795,0.4433530231720896
3877,27,110,0,1.4194730039834738,0.8655417068763659,-0.14158017509251583,-0.8742050497660533,1.8837052504030491,0.37349185228532167
3878,28,110,0,1.5914284721561107,0.8567284347204647,-0.1764326872137425,-0.581211544763415,1.9067153814168092,0.29721427962498037
3879,29,110,0,1.5899856622941304,1.0197393354275768,-0.25007364469861226,-0.32480003844251765,1.9328617672415918,0.38868009401097625
3880,30,110,0,1.391551919859478,1.326181737772743,-0.35697901055511205,-0.14314560645427438,1.9603824692877152,0.4916575433227236
3881,31,110,1,1.0350418263806684,1.6598954988010837,-0.44209463045760755,0.0056781509364179404,2.0055035659342604,0.46046049873621414
3882,32,110,0,0.6135441446311428,1.8615131068194786,-0.42647123723558156,0.2051206937594469,2.016338185788652,0.3818763465687353
3883,33,110,0,0.24137338785231446,1.7985341975968852,-0.24932142873878924,0.515902491750797,1.902972130145843,0.5042482224167526
3884,34,110,0,0.009962910503758768,1.429048327939704,0.09416125877361921,0.9215541683910458,1.7030580762574465,0.6073856415901988
3885,0,111,0,-0.04515290207708387,0.8364544851405393,0.40432629051236546,1.238992891333906,1.5492830678262606,0.6976305159659687
3886,1,111,1,-0.001009048812666702,0.181718764164059,0.8294260032039842,1.463001375700609,1.6915505453641133,0.4936373647024336
3887,2,111,0,0.07876997412984349,-0.33539140122572747,1.1279780993642328,1.3951437941448586,1.8268696997396476,0.20435934964480668
3888,3,111,0,0.11110411932897447,-0.5750311743122957,1.2088371699151166,0.9879143381546625,1.6674132720063128,0.4149815313094791
3889,4,111,0,0.04938092709018229,-0.5008402206748026,1.0535836640050429,0.31871699233787687,1.2103298975358183,0.6745443107595976
3890,5,111,0,-0.09658806949266023,-0.18783826458424324,0.7215237602716236,-0.42745994077473765,0.8648300448145778,0.703044567904361
3891,6,111,0,-0.26764323507827575,0.21612977411008008,0.32221672184066114,-1.0261087454212225,1.1291889805536082,0.4948754603043207
3892,7,111,0,-0.38527838891700966,0.5564924841861733,-0.031115021455400998,-1.3025231784677118,1.4682159571834061,0.19094286683298492
3893,8,111,0,-0.38991602578825607,0.7350261895923104,-0.2654971014826008,-1.2017152907863309,1.4855660057898596,0.2607473647312893
3894,9,111,0,-0.2693682821484288,0.7421854059638624,-0.3697335924313061,-0.8065390235202322,1.1876895950064006,0.41711064974893597
3895,10,111,0,-0.06454949503608992,0.6465914619019761,-0.3852943010900882,-0.2956168871777151,0.8112263545713307,0.39005481965690036
3896,11,111,0,0.14939983923050876,0.5501808027696287,-0.3733648246762845,0.13908964630327303,0.6955332125158777,0.24119278207809505
3897,12,111,0,0.2968229095943965,0.5331091985856481,-0.37615195731942597,0.37634580192948897,0.8095898436257093,0.18996888391029704
3898,13,111,0,0.3337934841016703,0.6157978481912496,-0.39258967385849836,0.41225329582546283,0.9026098336518299,0.2511777751452657
3899,14,111,0,0.2640913415164441,0.7553650718051094,-0.38057420269681635,0.3486322424487204,0.9522089017648564,0.2199921530930846
3900,15,111,0,0.1326222010654293,0.8755750682673704,-0.28392028939979497,0.3305321890963103,0.9869562336540115,0.2009983954190947
3901,16,111,0,0.0011634993348727946,0.9125815452240394,-0.06941434082269277,0.4645442867235141,1.026365517470996,0.3586324248692214
3902,17,111,0,-0.08044361787992714,0.8515106366278656,0.24593754943893856,0.758363863871997,1.1692487195626513,0.4804768131987698
3903,18,111,0,-0.09319179895056073,0.7346751062371544,0.5924945602774094,1.111170157146744,1.4608836864062984,0.4438863485164509
3904,19,111,0,-0.049414832458012224,0.6377068758593919,0.8728762632852948,1.359301046960478,1.737447608551104,0.29160294203946685
3905,20,111,0,0.023515778797609407,0.62702468275516,1.0027322211649734,1.3547224896377112,1.7984598621957921,0.33161418188017516
3906,21,111,0,0.10584376165021843,0.7219682469777863,0.9476731334319702,1.0380526622850321,1.5836914942722455,0.5533057907698284
3907,22,111,0,0.20083885267935503,0.8825270590066788,0.7381975336566665,0.47092313726937013,1.2593230143759577,0.6740413821723686
3908,23,111,0,0.33357652536588267,1.0300949076765098,0.4551043867500861,-0.18746659582213135,1.1893832622349125,0.6360234913479285
3909,24,111,0,0.5330270373579574,1.0910251601586283,0.19237496274730934,-0.7476413241355434,1.4388986755504847,0.5216258738114996
3910,25,111,0,0.8069756898346531,1.0400873675900018,0.015622096324706724,-1.0682355079515435,1.6953945400839545,0.46355030478819703
3911,26,111,0,1.1240647138559514,0.9199412945627085,-0.06362608704289548,-1.1083064622398848,1.8281698388204675,0.44837972380090313
3912,27,111,0,1.4145364140078167,0.8242794221734654,-0.08545548283066456,-0.9302593582737252,1.8849495870113822,0.37830192096522464
3913,28,111,0,1.5921999038516588,0.8507805704707021,-0.11267213748344845,-0.6550226860051416,1.9237145949080297,0.32078576162932787
3914,29,111,0,1.589167736880365,1.0462137775498903,-0.19056808366958622,-0.39460947968515414,1.9524472336653707,0.412810039505487
3915,30,111,0,1.3875619993420567,1.3715904009416284,-0.31629649055164805,-0.1975505299312048,1.9863680957427632,0.5028322912264339
3916,31,111,0,1.0325656722533108,1.7069647742041352,-0.43421731870260255,-0.03488805911859828,2.041980035264803,0.45746800908789087
3917,32,111,0,0.619139058819443,1.896957802658329,-0.4606974336222057,0.16739064375845333,2.0547612591700517,0.3605945266718403
3918,33,111,0,0.25681899452454854,1.8181417541568028,-0.3269839168859256,0.4682514857194584,1.922959534139374,0.4764054793274338
3919,34,111,0,0.02750127419540581,1.4378291313503548,-0.019265724007802586,0.8575242498265783,1.6744634777158525,0.58639429361308
3920,0,112,0,-0.056321288226184985,0.8336296250759727,0.26164825222445487,1.1415218417583275,1.4386251639726033,0.6683708555770058
3921,1,112,1,-0.04205336528300724,0.19616624539388766,0.6738229673700903,1.3649466742105243,1.5353717778301665,0.47855397005133377
3922,2,112,0,-0.006121229258395304,-0.3053353001825769,0.9808645647571519,1.3208813369503192,1.6733469203022777,0.1975255601459346
3923,3,112,0,-0.017367608332132696,-0.5420985763388808,1.088300621315037,0.9574344364651901,1.5476599893942893,0.38422236637746826
3924,4,112,0,-0.10519990623311758,-0.4837557365377179,0.9711390656175073,0.3391648857095825,1.141591230419823,0.6308356536019784
3925,5,112,0,-0.24758525002711765,-0.202750127984799,0.6815580240761111,-0.3651861170450524,0.8368323073912827,0.6589911687505382
3926,6,112,0,-0.38441105435370326,0.16358702301036934,0.3236488741099939,-0.9444663410380387,1.0822651412076287,0.465825290635659
3927,7,112,0,-0.448846184121094,0.4746287951266921,0.007619638037888255,-1.2297002085294402,1.3924640217630972,0.20058980326536957
3928,8,112,0,-0.4010629038461142,0.6432956509754169,-0.1948850082946577,-1.162741465408825,1.4016521070666692,0.2693434159068473
3929,9,112,0,-0.24810160683354135,0.6634249545653981,-0.27394283243457185,-0.8167862119760367,1.1152898588124636,0.39707936491901247
3930,10,112,0,-0.04086232587435509,0.5979387498508467,-0.27358452888017804,-0.35883390481616634,0.7502071340218394,0.35273380261491255
3931,11,112,0,0.14949041125754836,0.5368984575239323,-0.25893651712790267,0.028416662641128607,0.6151934357318167,0.2042336585867174
3932,12,112,0,0.2636079470910053,0.5480704774696326,-0.27611387842805035,0.22849833530596833,0.7059183813597038,0.19511236880410696
3933,13,112,0,0.27882931295531804,0.6445951457523761,-0.32562694237738676,0.23848661304170665,0.8100354670585803,0.2635477995478093
3934,14,112,0,0.2153576650962236,0.7842729872743943,-0.3626293505599729,0.15998849499347556,0.9047427296761353,0.20502978487990528
3935,15,112,0,0.12196029643150766,0.8982795657320726,-0.3233747618675553,0.13924970351963256,0.9724927807756033,0.14512906562011607
3936,16,112,0,0.04964271278888218,0.9323172621971422,-0.16379209930902064,0.28624246586041924,0.9901729532671166,0.3393736382455061
3937,17,112,0,0.02737168256370451,0.8776507049405007,0.11014479020730093,0.6124996555890612,1.0762470310274752,0.4923328769546255
3938,18,112,0,0.05221051713900719,0.7756832238865216,0.4365071129150743,1.0181152758949592,1.353332027462231,0.47825688078112477
3939,19,112,0,0.09819629595696691,0.6942525481506477,0.7199121112948482,1.3343583272485358,1.670453443421831,0.32612311893295554
3940,20,112,0,0.13814584398477756,0.6890281197193198,0.8720274029659911,1.401440706444654,1.7939654035621504,0.3079001626380281
3941,21,112,0,0.16558802949188164,0.7713894150037538,0.8504532951056533,1.1441785437354242,1.629379137030856,0.5144227738674626
3942,22,112,0,0.20382657760322712,0.9008094031535288,0.676913841410187,0.609616818178561,1.2972462635313733,0.6522253740515613
3943,23,112,0,0.2959063667972535,1.006764285478458,0.4257759533075042,-0.050709336470300154,1.1335746572882939,0.6430888991888302
3944,24,112,0,0.47957099884108634,1.0292384345990753,0.1885357542247511,-0.6445738745960501,1.3192199621815357,0.5525443961858592
3945,25,112,0,0.7598640548956759,0.9562950702347405,0.03178414100915511,-1.0179999731428315,1.590354620899459,0.49142511025379204
3946,26,112,0,1.094331100986808,0.8376207104921892,-0.03064694007499015,-1.1122276904132629,1.7712026093844884,0.45912199124079345
3947,27,112,0,1.4004013708707699,0.7645467351694265,-0.03778221036372672,-0.9735350840374646,1.8694527982986797,0.3871171958949619
3948,28,112,0,1.583909496984435,0.8242036789435075,-0.05420947679073869,-0.7145786660723823,1.9239652638239626,0.34321074388182543
3949,29,112,0,1.57701711431965,1.049573636169415,-0.12959468060078083,-0.4496617246144885,1.9513016795007017,0.43321741287035187
3950,30,112,0,1.3683614757310631,1.3909532993658948,-0.2660232283037795,-0.23821824847899936,1.9836029091497442,0.5127082810876127
3951,31,112,1,1.0109749720269563,1.725395188372777,-0.41051427884962666,-0.06511630675663116,2.042503624640575,0.4581050321967517
3952,32,112,0,0.6033226421661496,1.9030034863168468,-0.4776114443965511,0.1337131547825598,2.0570397125638777,0.3444200031793061
3953,33,112,0,0.2511376252176002,1.8109308932966475,-0.39182695885063507,0.4159671507892145,1.9154889306164011,0.44313272819684446
3954,34,112,0,0.026722245768098993,1.4263674777728355,-0.12938476631758525,0.7794841114745433,1.6308200875213812,0.5639666441233601
3955,0,113,0,-0.08106100012041272,0.82009306532031,0.11408945323688648,1.0257404997390729,1.3207132533869108,0.6286974178643041
3956,1,113,0,-0.0917942857622061,0.21068581195417646,0.5030007447850595,1.2453472629564926,1.362613025354204,0.45935551252966045
3957,2,113,0,-0.09537841088137185,-0.2661292652761907,0.8117500879297289,1.227042584197882,1.4981633875474463,0.20228813059379944
3958,3,113,0,-0.14712102757959986,-0.49476283490561185,0.9439375128068966,0.9142816047282731,1.4118653407419888,0.355481146797243
3959,4,113,0,-0.2592809581244748,-0.4515627733130285,0.8675942311292731,0.3568358026515923,1.0729338718816273,0.581860569328541
3960,5,113,0,-0.3971818247781024,-0.20540528141814876,0.6260199105005413,-0.2957695060008368,0.8242119027238182,0.6100926913328141
3961,6,113,0,-0.49923033939482825,0.1191675557049581,0.3156891421769349,-0.8486187278970482,1.0407906696021938,0.43935537058055796
3962,7,113,0,-0.5099949134511429,0.3980238557483743,0.04219576416118842,-1.1401562841951158,1.3115847804826044,0.22577226128780611
3963,8,113,0,-0.40951955915715554,0.5569099238948546,-0.12469318223479908,-1.1089705365208782,1.3127143532513421,0.2855421451943788
3964,9,113,0,-0.2244542901095478,0.5931011667561684,-0.1759523786324452,-0.8168643067875603,1.04898772995972,0.37941512648327025
3965,10,113,0,-0.015994834643070704,0.562229259212563,-0.1574781157813098,-0.4167144711780054,0.7175011373434629,0.3178862510269188
3966,11,113,0,0.14875375711156733,0.5399763781154087,-0.13801890055592672,-0.07985882708315586,0.5823476782397318,0.172851155427369
3967,12,113,0,0.227339124780346,0.5794564520134938,-0.16802492081327908,0.08276609908850867,0.6500272752805052,0.20229664955963436
3968,13,113,0,0.21926622554981623,0.6855568394339774,-0.25058015496838165,0.06835631292665324,0.7651985737979861,0.2737589302713224
3969,14,113,0,0.16195254869412573,0.8175496294247865,-0.33903788709256766,-0.023675734660094337,0.9000684717825732,0.19817743021557005
3970,15,113,0,0.10826348671215275,0.91625852583419,-0.3622566401424681,-0.04798156338311435,0.9923622183814299,0.09674109704179173
3971,16,113,0,0.09788657705933682,0.9396756837580134,-0.2643073670172823,0.10764972620702777,0.9869240195813149,0.3237348958699654
3972,17,113,0,0.13772056748742556,0.8873145272661235,-0.038173875053508784,0.45901371986885775,1.0091802934912124,0.4980424103635564
3973,18,113,0,0.2015133721871932,0.8003306025143357,0.2640763279231336,0.9090065137020823,1.2558526431924226,0.5028118631403222
3974,19,113,0,0.2487290753027867,0.7378239147205976,0.5504232652678454,1.2864150603847895,1.6012744176335065,0.35695256170616557
3975,20,113,0,0.25231579928657794,0.742696950483907,0.7284336535664105,1.4219278925534744,1.7798192442204335,0.2918026251879953
3976,21,113,0,0.22000266284087377,0.8162070780307739,0.7460497335305928,1.2255680513327307,1.6652934934218606,0.4748453276525991
3977,22,113,0,0.19666466491481793,0.9158819039650943,0.6137284292399191,0.7292766969827118,1.3364219910103605,0.6263844358857867
3978,23,113,0,0.24483252332285932,0.9790176169684331,0.39719235290820787,0.07522854143938298,1.0871244443333263,0.6462187232139336
3979,24,113,0,0.4118675024951773,0.9599762057928164,0.18456632175252524,-0.5436923534597478,1.1919963328952998,0.5815179815046435
3980,25,113,0,0.6998807226352307,0.8612751142471244,0.04431634013089421,-0.9625727789601138,1.469740841487166,0.5212436535030776
3981,26,113,0,1.0541897856062874,0.7405270812760877,-0.005119602872029293,-1.1056254578429212,1.6976838120050057,0.47381774538853355
3982,27,113,0,1.377851810660546,0.6869542793204697,0.0009344194860702976,-1.0029585779186918,1.8374734218969566,0.39878082301663015
3983,28,113,0,1.5674405762893018,0.776832450159563,-0.002192298029235573,-0.7585427129322249,1.906759153467547,0.36430401915398397
3984,29,113,0,1.5547255675451366,1.0289699130354977,-0.06867458584084582,-0.48873804075084515,1.928608758542855,0.45001261736204873
3985,30,113,0,1.335453474861467,1.3830408764773865,-0.2075779293813432,-0.26412272577236606,1.951688361537921,0.5205522771962049
3986,31,113,1,0.9718676664928173,1.7139489213179198,-0.3717470779177386,-0.08395468067501187,2.0068363023447318,0.46170266800899995
3987,32,113,0,0.5674729804432256,1.8786867571199712,-0.47686323282050924,0.10552310897395885,2.0223805735455995,0.3359931914334005
3988,33,113,0,0.22526371334142464,1.7763039120917825,-0.44219388627621004,0.3611476236548232,1.879351581741033,0.4075782631394418
3989,34,113,0,0.008136378150634319,1.3943304537405028,-0.2333722944541708,0.6902269196199747,1.5732448770819147,0.541474168957527
3990,0,114,0,-0.11854431837745125,0.7958188176791143,-0.03466019095130802,0.8951863264283658,1.2041346410816576,0.5791292484553902
3991,1,114,0,-0.1492595332196287,0.22490607313115607,0.32107465700103566,1.1077577874155056,1.1845156820136435,0.43541422551815095
3992,2,114,0,-0.18746370003003204,-0.21847251658331215,0.6245032533493134,1.1165950147688386,1.3113586922660387,0.2154720477369024
3993,3,114,0,-0.2758553318579791,-0.43381659372437503,0.7788145433125907,0.8604068557873175,1.2693088873344078,0.3306612465755402
3994,4,114,0,-0.40994057534413836,-0.40479926261572197,0.744896612013142,0.3725505900593138,1.0127085578141006,0.5290456267575735
3995,5,114,0,-0.5422638960692358,-0.1957967361959617,0.5556807213068328,-0.21931088833241766,0.8302197448015881,0.5576285255943672
3996,6,114,0,-0.6093101607121932,0.08350108168851719,0.29807247266206843,-0.7391731873778151,1.006705270914695,0.41706062133903615
3997,7,114,0,-0.5666093434599792,0.32773722675931205,0.07154490273553818,-1.0345552033863323,1.2263282512692946,0.2616281623900751
3998,8,114,0,-0.4138644111687695,0.47696550258721043,-0.056554949729729166,-1.040781316567148,1.2186894816746883,0.30899357455016113
3999,9,114,0,-0.19737707322800632,0.5319233794796016,-0.07775126069615693,-0.8066894646108614,0.9892893113377168,0.3669715395434708
4000,10,114,0,0.011218415415373328,0.5395174772795462,-0.039120919045351525,-0.4686589358791604,0.7158048656029502,0.28978764636360616
4001,11,114,0,0.14885859728065054,0.5588194209581523,-0.012684020905399641,-0.18460426864369886,0.6071883131386596,0.15276613184469973
4002,12,114,0,0.19024102997331688,0.6262900189727737,-0.05359933350935755,-0.05913621473837223,0.6593942809855541,0.21007389210224905
4003,13,114,0,0.15752461426303668,0.7377221085579904,-0.16849736394361958,-0.09576441778086847,0.7788517823840574,0.28186334743129376
4004,14,114,0,0.10584419289137423,0.8545904684343465,-0.3099268547734807,-0.19930892817317566,0.9366464466739755,0.204726603645267
4005,15,114,0,0.09238993687950835,0.9293916951329834,-0.3996641529586069,-0.22758362219925043,1.0410718340595966,0.09242218622130632
4006,16,114,1,0.14528170125042786,0.9348923329956286,-0.36912889140718746,-0.06752426304825516,1.0178143797293968,0.31594012648874303
4007,17,114,0,0.2486446127039415,0.8807934975891587,-0.19655335280392763,0.3011450487718128,0.9833325427953046,0.4972480266912829
4008,18,114,0,0.3520131064663389,0.8086640490349171,0.07789610941070862,0.785957078642315,1.1839117807737687,0.5164642804729191
4009,19,114,0,0.3995890749674811,0.7680926509789691,0.3669483076778647,1.2159751259777658,1.537167628082754,0.3829465482175635
4010,20,114,0,0.36432368249029096,0.7874510933942418,0.5740883027910229,1.4149666995900558,1.7562799066382688,0.2868969189602986
4011,21,114,0,0.2687020625296856,0.8559207357071067,0.6361422785626756,1.2796237321709403,1.6872803556999947,0.43764460319190085
4012,22,114,0,0.18022348252276973,0.9277076867966058,0.5499600878774278,0.826633299727408,1.3707300121725339,0.5973263741722205
4013,23,114,0,0.18202250039749698,0.9475287129096119,0.3704552265781206,0.18725098272869595,1.0503536822761235,0.644809261010017
4014,24,114,0,0.3317701055555998,0.8846014116701342,0.18142344606067703,-0.44722004483409755,1.0609011715287675,0.6069971842742605
4015,25,114,0,0.628586526137527,0.7567806641200229,0.05396154074447364,-0.9029715288378712,1.3364533004182775,0.5507567739277435
4016,26,114,0,1.0047520527741192,0.6303472509423219,0.013294195673762834,-1.088411095739506,1.609869495733065,0.49053171846366467
4017,27,114,0,1.3477284909164795,0.5927000605712514,0.030421657676898098,-1.0177542929919903,1.790087909905157,0.41189620206781324
4018,28,114,0,1.543724701631676,0.7091605079411667,0.042417299583999084,-0.7859564747115414,1.8723037648565932,0.38393138427263923
4019,29,114,0,1.5236278202014255,0.9842567988730888,-0.009298207032703319,-0.5110366960482576,1.8845286259384837,0.4636454231394576
4020,30,114,0,1.2906538668254175,1.347355847719517,-0.14256089266666547,-0.2746428175101624,1.89127138974374,0.5260604706221018
4021,31,114,1,0.9173394933983672,1.672131963706585,-0.3190462823665621,-0.09068347151761438,1.9358592594752397,0.46742804899306634
4022,32,114,0,0.5135996406749278,1.8237628850236747,-0.45855280610550037,0.0840575811081984,1.951212957270498,0.3370032739327093
4023,33,114,0,0.1807990335696256,1.714294571822941,-0.47680645599167837,0.3058725251607887,1.8144962297136062,0.37385998570539175
4024,34,114,0,-0.027149331742309418,1.341853412309045,-0.32856763402894557,0.592714650888873,1.503520872435491,0.5203926836950299
4025,0,115,0,-0.167521765889464,0.7610292990448605,-0.18087760152616084,0.7536089491120261,1.0990324339922937,0.5206923773209393
4026,1,115,0,-0.2132270623335285,0.23846304259496334,0.1324760889775248,0.9560053427624302,1.016772606011849,0.40646721887511356
4027,2,115,0,-0.28074798626803366,-0.16326364553886,0.4235185583695958,0.9927479304962555,1.1271161752615628,0.2329345258690752
4028,3,115,0,-0.40128829807233296,-0.3603779174153272,0.596607931825943,0.7978891191333571,1.1329045027183144,0.3112832206841251
4029,4,115,0,-0.5543273722159782,-0.34435413423058314,0.6055539658080454,0.38709758751395434,0.9707722457479617,0.4739349574159654
4030,5,115,0,-0.6797959141900347,-0.17421100173586926,0.4717261254232498,-0.13609676386400957,0.8564577191060675,0.5030392996553649
4031,6,115,0,-0.7119286805552039,0.0570156546466571,0.27076410457432004,-0.6170185592467275,0.9818952764183668,0.400310371369101
4032,7,115,0,-0.6166391791249612,0.26469346843815666,0.09466196652799536,-0.9138544332563857,1.1377158355912185,0.30346587599378577
4033,8,115,0,-0.4127495369233669,0.4044216094497218,0.007842572539637044,-0.9587828677409242,1.1194843062043824,0.3387496627374835
4034,9,115,0,-0.1659078894508181,0.48038501617786233,0.018555019062897624,-0.7863078371402035,0.9364397978678389,0.3626637144513984
4035,10,115,0,0.041853091240795344,0.5295204189516266,0.07920219358443134,-0.5141121457907266,0.7434566841795476,0.2735303982733387
4036,11,115,0,0.1514036640478137,0.5923907783910674,0.11485729418516219,-0.2847017450427708,0.6841762824505199,0.14979202029450647
4037,12,115,0,0.15450857149575056,0.6871258286756895,0.06532563759533323,-0.19554539632948775,0.7338393857321938,0.21721068767307908
4038,13,115,0,0.09604051040452206,0.7997453768304437,-0.0805122705348541,-0.25163279544721523,0.8477132397525045,0.28815730685229746
4039,14,115,0,0.049045924628331815,0.894588450364682,-0.2754389786720743,-0.3640608564355356,1.0055351492658138,0.22718400546920367
4040,15,115,0,0.07524304819774502,0.9375852257739288,-0.43460627822809916,-0.39618899776360667,1.1093132609483438,0.14648686770534206
4041,16,115,1,0.19123407959518912,0.9184329583172363,-0.476212893262861,-0.23569486286861316,1.0781559999436117,0.3202156787111587
4042,17,115,0,0.35817418182640526,0.8587258760070843,-0.36220938441900596,0.14218459166438416,1.008519197099942,0.4901308496834369
4043,18,115,0,0.5009891397601584,0.8010794043958555,-0.11897086172186057,0.6513606267028307,1.153751733373514,0.5185508588839709
4044,19,115,0,0.5482067225807019,0.7849844455065316,0.17236099385409112,1.124040604854433,1.4865755224453823,0.4036650650412852
4045,20,115,0,0.47258343551185783,0.8228250440948783,0.41135120536351394,1.3799835833878902,1.7245117167720336,0.2957723842737738
4046,21,115,0,0.3115332228057188,0.8900257737270841,0.5224794600857355,1.3044264459878272,1.6922505624209816,0.406862509000212
4047,22,115,0,0.1557072628579054,0.936199079232966,0.4868598309898842,0.8990139056421207,1.394980990993337,0.5661505590954005
4048,23,115,0,0.10952275194162156,0.9129653612728136,0.3465337032189267,0.2826877358094491,1.0224964290991734,0.6384228474128905
4049,24,115,0,0.24147932262785418,0.804592197049741,0.17996318392889185,-0.3571699571782045,0.9303966856618963,0.6277986702286323
4050,25,115,0,0.5477912394634118,0.6448402969071151,0.061471539413131014,-0.8402182230886291,1.194001533967252,0.5782161255795645
4051,26,115,0,0.9472552525790902,0.5092019597236103,0.025072667001884194,-1.0606815780672876,1.5107128112275146,0.5074865060768478
4052,27,115,0,1.3109059987846954,0.4835453314559095,0.050628125262181134,-1.0174649164354446,1.7291872913212887,0.4250529023320079
4053,28,115,0,1.5137122438712642,0.6223369904439471,0.07885714518827475,-0.7962615161677972,1.8217790586121279,0.40194597966536627
4054,29,115,0,1.485156734492135,0.9160050249671496,0.04710977732481913,-0.5161887936598862,1.820281828067306,0.47477705437766327
4055,30,115,0,1.2360294904729323,1.2841542917896782,-0.07271239578479155,-0.2695743770567538,1.8041004915765995,0.5293172825852669
4056,31,115,0,0.8499121486681679,1.6002134074256023,-0.25388193331649145,-0.08493301858867831,1.8315849047940702,0.47441680662009283
4057,32,115,0,0.4442737752354843,1.7387176365552728,-0.42322994608070946,0.07032034315474608,1.8451522281240713,0.3475825404592592
4058,33,115,0,0.11995581382538072,1.6255727498487667,-0.49480343227079276,0.2521417226464854,1.721999432986981,0.347028231021642
4059,34,115,0,-0.07747081785498289,1.2695425749908373,-0.4125491730613942,0.4899912769816295,1.4240886029475883,0.5022159411200774
4060,0,116,0,-0.22636138420772586,0.7161955070186417,-0.3209096869376813,0.6048636554543506,1.0163752010916869,0.45503773620827787
4061,1,116,1,-0.28225703612472103,0.25101481903270884,-0.05816740995228283,0.7940799657756529,0.8812626812947174,0.3727104986478069
4062,2,116,0,-0.3735485619594484,-0.10157411353014859,0.21359972212531225,0.8588567249532072,0.9659790597993142,0.2511170271023199
4063,3,116,0,-0.521208912917437,-0.27586070959806136,0.40150697337320124,0.728864607690256,1.0199065290580807,0.2981392911463679
4064,4,116,0,-0.689729058937039,-0.27144543803902244,0.45256837020836654,0.4011897747627536,0.9566504929500722,0.4181766478378775
4065,5,116,0,-0.8068986992847897,-0.14122135072945025,0.3757231024841338,-0.04661975976678068,0.9024246409259619,0.4479146245690392
4066,6,116,0,-0.8045092783215971,0.039929213123256826,0.2339559276178535,-0.48333286841011486,0.9680782812971579,0.3899539995804784
4067,7,116,0,-0.6581642739412437,0.20966639348276034,0.11062451299350383,-0.7793092796769735,1.047234904075664,0.34782704384886354
4068,8,116,0,-0.40495287638648747,0.34008966904693744,0.06679377836286325,-0.8638209125644576,1.0150348727496141,0.3735311990295693
4069,9,116,0,-0.12921683187465235,0.43876961212951576,0.11078958617100243,-0.7559057905142591,0.8904401488617507,0.36874437617496614
4070,10,116,0,0.07684733248102524,0.5316448881833312,0.19511625682483968,-0.5525769836366078,0.7949613048213006,0.27340478417695013
4071,11,116,0,0.15785919299613232,0.6392560211973222,0.24230139744128187,-0.37906531838988183,0.7974761866403548,0.1648847508350439
4072,12,116,0,0.12223756734750695,0.7600992568758476,0.18682488034267386,-0.324874206059569,0.8562357670946372,0.22277332040304773
4073,13,116,0,0.03719492110165267,0.869936178834639,0.012172179406830668,-0.3971736061688455,0.9571141273588267,0.29313418158096594
4074,14,116,0,-0.006439387950336785,0.9365547744757264,-0.23574055063849442,-0.5153370173404392,1.0946790214337416,0.26398550258040715
4075,15,116,0,0.057746869898155466,0.9407717250039356,-0.4660356742939815,-0.5507121094860115,1.1869537551223694,0.2241311421796199
4076,16,116,1,0.23518320668747514,0.8909798788481489,-0.5833558553731107,-0.3934830155738928,1.1594348721524999,0.3392338775671183
4077,17,116,0,0.46437599207716956,0.8220813291163734,-0.532101201585567,-0.014599983227161726,1.0838854284187216,0.4774821605406265
4078,18,116,0,0.6457675481222998,0.7783150097999908,-0.32315416820841447,0.5078382854836694,1.1769104984327872,0.5088429008502786
4079,19,116,0,0.6920934769016281,0.7886855802822573,-0.03018039049312449,1.0120942580180246,1.4581714468464668,0.4192659195228698
4080,20,116,0,0.5756532760374176,0.8484830974988895,0.24276739708760592,1.3170706766938285,1.686686526136185,0.3188567740375168
4081,21,116,0,0.34856668276329567,0.9180263338591472,0.4068508787444064,1.2987891361900672,1.678288395899796,0.3872396760902596
4082,22,116,0,0.12461184138594089,0.9412159496717386,0.4255853304259448,0.9444116404519838,1.4051518761418762,0.5343152874355617
4083,23,116,0,0.029698270776175106,0.8759657103094434,0.3262336208821641,0.35935917223902786,1.00188088263587,0.6268339412621089
4084,24,116,0,0.1434824904006843,0.7214973658905096,0.18090236993368433,-0.2752996828146858,0.8060156678650959,0.6430970903801342
4085,25,116,0,0.45950701865145355,0.5277017095887062,0.06756532413400743,-0.775319791036696,1.0465665988800283,0.6023804004234456
4086,26,116,0,0.8830324639868449,0.3795910963386613,0.03079910556156278,-1.0227213444620349,1.4038316374109432,0.5232553250945374
4087,27,116,0,1.2682704658689035,0.36177297573752387,0.06170732476693316,-1.0019633485036443,1.6574462302722932,0.4369915244621428
4088,28,116,0,1.4783441882009758,0.5181432131814578,0.10657395957215003,-0.7893100018320124,1.7573679796799946,0.41815310760728447
4089,29,116,0,1.4407970260920773,0.8254940592624151,0.09922308919134348,-0.5042620913821761,1.7382353093028327,0.48415302539772015
4090,30,116,0,1.173829741235417,1.1944451342607725,0.00013203992851859337,-0.24913059830909362,1.6931159182455378,0.5307225148521445
4091,31,116,0,0.7724489228235204,1.4992233484255815,-0.17802528481226984,-0.06669146521680801,1.6972002652606686,0.4818751340379802
4092,32,116,0,0.36254112403212224,1.6247589194707375,-0.3718818098413563,0.06505354197514789,1.70698730423767,0.3662888752935018
4093,33,116,0,0.04548101591377278,1.5114316392504175,-0.49576758416135847,0.20181754506535146,1.6040604545768054,0.3323638453108896
4094,34,116,0,-0.14066355982140993,1.1784647568234279,-0.48320371514533805,0.3850956391837693,1.338039574072884,0.48832062042940677
4095,0,117,0,-0.29309977181109137,0.6620302995770537,-0.4512743922436583,0.4528048263424294,0.9658531884544763,0.38472245470895056
4096,1,117,0,-0.35473051561199515,0.2622555883633263,-0.24615778752923562,0.6260240184367993,0.8044323839547937,0.3349270295232393
4097,2,117,0,-0.4641685182304874,-0.0346170582203718,-0.00016922533671476467,0.7183266275216587,0.855946217048696,0.2675313906177129
4098,3,117,0,-0.6335280726987694,-0.18193710514922698,0.19810220331555073,0.6554577091045367,0.9504358055705504,0.29104885347557563
4099,4,117,0,-0.8136374236630887,-0.1875897176821661,0.28935557699247544,0.4154262199733666,0.976473938998472,0.36352977104240475
4100,5,117,0,-0.9209231851459386,-0.0976738689131917,0.26957611560923656,0.04840767549837334,0.9657402770734648,0.3939896514814822
4101,6,117,0,-0.8846927142730828,0.032245749374054285,0.1880574541008732,-0.3395832037211021,0.9666454082718019,0.38607016284388473
4102,7,117,0,-0.6894561805768082,0.1632658697832835,0.11861168562736599,-0.6324701495537843,0.9571273641556822,0.3923056030356525
4103,8,117,0,-0.38942665611213245,0.28462500479087616,0.1186129566797712,-0.7569797614918945,0.9054015168109264,0.4119569704501876
4104,9,117,0,-0.086646868167708,0.40716083180857837,0.19675376111718662,-0.7158186413719346,0.851114559017555,0.38607154721921266
4105,10,117,0,0.11695865084112977,0.5450218558395202,0.3062093146451455,-0.5836286752965508,0.8632002805567133,0.29050608202518663
4106,11,117,0,0.1695129623269599,0.6976372104186166,0.36730079600416027,-0.4666595864140732,0.9317260144994204,0.1930285496936004
4107,12,117,0,0.09535908026479016,0.8429865921394647,0.3089220917461843,-0.44563542972687664,1.006848322098493,0.2261407044143365
4108,13,117,0,-0.016754376516094446,0.946308590980329,0.10830021116687491,-0.5305128830224354,1.0903914495662486,0.29743833031799427
4109,14,117,0,-0.0586737941085441,0.9793449283804003,-0.19103103725704096,-0.6508465608221813,1.1927502696663144,0.3113547951462712
4110,15,117,0,0.04082168047330113,0.9389098697214323,-0.49288545040997817,-0.6884127916015549,1.2649373075071642,0.30985836183784243
4111,16,117,0,0.27661588209530164,0.85341270851404,-0.6882535146155764,-0.537789434073255,1.2520942348969415,0.37300642691678854
4112,17,117,0,0.5654000629965018,0.7721369009048833,-0.7030024055196876,-0.1660376954506009,1.1990219028243227,0.46079587242136
4113,18,117,0,0.7837833381607929,0.7414367452000168,-0.5310457217319605,0.3581808730683027,1.254730195983607,0.4875809914419849
4114,19,117,0,0.8288951693307556,0.779643945483959,-0.23729156091642245,0.8820701908668527,1.459200805224454,0.43045383685812266
4115,20,117,0,0.6722588301287842,0.8642331720254955,0.07102501935338999,1.2269903950290084,1.6460197122704705,0.3544016628105858
4116,21,117,0,0.38007949506027744,0.9394503969352439,0.29105924609506784,1.2622909050109208,1.6447252914933186,0.3831374415144183
4117,22,117,0,0.08867229898573015,0.9425677483592755,0.36717921020400696,0.9615360114657062,1.3984522911440012,0.5036956681512142
4118,23,117,0,-0.05483842652439677,0.8371170229481932,0.3101730208244732,0.4156267855113548,0.9862682651364172,0.610070676031984
4119,24,117,0,0.040484607659735584,0.6368903811105716,0.18478606955593252,-0.20307444396448743,0.6947326696665038,0.6524069621079432
4120,25,117,0,0.3658961564968839,0.4077687442331254,0.07289036773058863,-0.7092502331849339,0.8991686410754303,0.6224673800548929
4121,26,117,0,0.8134804310114949,0.244326946533466,0.031125920637006137,-0.9749999456474454,1.2934603918903111,0.5368381581276465
4122,27,117,0,1.2206985816921767,0.23012949663605467,0.06399659496946457,-0.9714562316144899,1.5782545379873194,0.44670221980349034
4123,28,117,0,1.4385259809620607,0.39894992390650674,0.12522682951664998,-0.7653643729800138,1.6822551595836313,0.4322991608254457
4124,29,117,0,1.3920389217909919,0.714683207347579,0.14584340279382274,-0.47575282881168807,1.6419974113580247,0.49247682108094054
4125,30,117,0,1.1064136603531867,1.0799679135320481,0.07408828974901877,-0.21393068959045555,1.5626059313536105,0.5308930636728956
4126,31,117,0,0.6880604807272975,1.3709293858767397,-0.09350285025855262,-0.03630224639552868,1.5371841927039485,0.4891404135996207
4127,32,117,0,0.2718206962043481,1.4837884364128977,-0.30590868725687514,0.06871737455470592,1.5407195778020621,0.3906864568658358
4128,33,117,0,-0.0394357659352081,1.3737578033387896,-0.47974023533761717,0.15657215700646698,1.464046179469952,0.33363314875788536
4129,34,117,0,-0.21413459150588945,1.070124409566558,-0.5387869478522109,0.28097657132638704,1.24910331199617,0.4797912212175689
4130,0,118,0,-0.3655032642631839,0.5994748321214032,-0.5687567007857761,0.30118237449103785,0.9524482757225234,0.3139093077053494
4131,1,118,0,-0.42889370558541523,0.27192838634696265,-0.42685430272460606,0.4558236554022157,0.8049066148136685,0.29470643398764396
4132,2,118,0,-0.5509368081304195,0.03628755952857306,-0.2125614082566182,0.5745187615259354,0.8246831592525737,0.2806691593304024
4133,3,118,0,-0.736325993043244,-0.08049299826074534,-0.008738668979564511,0.5797155782719362,0.940638935419337,0.28890138788083597
4134,4,118,0,-0.9238076846632807,-0.09456353770986428,0.11965198861619616,0.4302592841740348,1.0304380383627632,0.3119066509886613
4135,5,118,0,-1.019517786033919,-0.044666685671412895,0.15547378371199624,0.14804718545092665,1.042833493607699,0.34315323144347265
4136,6,118,0,-0.9504031807413703,0.033756189755574526,0.13368173496583613,-0.18751725732396246,0.9784882290390136,0.38789582500890935
4137,7,118,0,-0.709034095050829,0.12592743797034878,0.1179224071969431,-0.4751723892205098,0.8707936386854082,0.43518750423218105
4138,8,118,0,-0.3653403874690805,0.2385207681733168,0.16167484476167993,-0.639579212085011,0.790927354139458,0.4526795935240968
4139,9,118,0,-0.037748855708217705,0.38545586623626227,0.27427990445080985,-0.6665373576418341,0.8182314562768475,0.41387278118572635
4140,10,118,0,0.1627269689319761,0.5685466063079628,0.41008847456339503,-0.6069293808863454,0.9414144360030309,0.322121728123685
4141,11,118,0,0.18742259608188322,0.7654752048127341,0.48751504879742813,-0.546519059222916,1.0758408449222543,0.22808315221540743
4142,12,118,0,0.0755794527984359,0.9332744922625861,0.4296272863734548,-0.5564651064244419,1.1708742679971589,0.22699407595374893
4143,13,118,0,-0.06373665201684084,1.026638709595776,0.20657950726926338,-0.6500075095553567,1.234193767668904,0.3018118249908354
4144,14,118,0,-0.10583611382093933,1.0216892249640777,-0.14155387132727557,-0.768642729831885,1.2906972146896294,0.3654278287061445
4145,15,118,0,0.02536034670196144,0.9319836129606385,-0.514108587027354,-0.8069505138998251,1.3359316498797622,0.3984471008570011
4146,16,118,1,0.315079257854157,0.8067839841868287,-0.788564414700756,-0.6658606428149011,1.3473602219349206,0.41924586463114083
4147,17,118,0,0.6595247301907525,0.7104449929114786,-0.8715782902033578,-0.3091240146738929,1.33974300897153,0.4423651447494297
4148,18,118,0,0.912639755247331,0.6918148836144684,-0.7388772699846539,0.2052877334265565,1.3782604360728767,0.4555447440360249
4149,19,118,0,0.9564411889642732,0.7585642503512129,-0.4454274949839024,0.7363133814459362,1.4935737406777991,0.4384406078684285
4150,20,118,0,0.7613106159753644,0.8700386767736467,-0.10109077939829002,1.1111625748438894,1.6066931152189214,0.3995301069755993
4151,21,118,0,0.4065309570840367,0.9538665862510762,0.17689253110782133,1.1952904535600457,1.5922120208588606,0.3967965202915119
4152,22,118,0,0.04980222393160952,0.9400192511290377,0.31255166830276476,0.9498435719236141,1.3733199956620388,0.47658958069011026
4153,23,118,0,-0.14130674560415427,0.7969375574131811,0.298764696176738,0.45042812123436066,0.9732537710428966,0.5884535998326865
4154,24,118,0,-0.0646678165024641,0.5523233983740456,0.19196218883726107,-0.1416391771111353,0.6051067685281358,0.6555608320617168
4155,25,118,0,0.26921462199434787,0.2875336562583237,0.0779884642498169,-0.64293472933872,0.7580233392994818,0.6380871542838497
4156,26,118,0,0.7400266197789095,0.10645737936528217,0.02673898441562262,-0.9181655156425153,1.1843628916026485,0.5476624875222338
4157,27,118,0,1.1690384398159177,0.09175220455935341,0.057992445909212785,-0.9264789657343392,1.4955921029944765,0.4534727519736218
4158,28,118,0,1.3951041532888666,0.26765624715738795,0.1346853279173198,-0.7250861381051719,1.600576618095707,0.44408053280205917
4159,29,118,0,1.3403331596588748,0.5861623098543377,0.18592607079654874,-0.43156593044747904,1.5365210341872175,0.5002945773544996
4160,30,118,0,1.036174788826584,0.9431493610994481,0.14727091643885928,-0.1649773114100429,1.4184833966074262,0.530543918575217
4161,31,118,0,0.6000037476609322,1.2177923291315516,-0.0025440101087026374,0.005548565292954619,1.3575934268635277,0.4957032770651384
4162,32,118,0,0.17579234857766673,1.3183541214886347,-0.22708853756975317,0.08147834185455909,1.351727954712582,0.41806918961728
4163,33,118,0,-0.13126783826974955,1.2149848921566282,-0.44722286540813677,0.11784162606360708,1.3066424429468246,0.35119506277243023
4164,34,118,0,-0.29494758579511865,0.9464285477799441,-0.577973214636989,0.1804127286632832,1.161603574340562,0.4772441999613205
4165,0,119,0,-0.4411373278013625,0.5296784067175635,-0.6704967945363054,0.15354411655144712,0.9738085559973317,0.2500751560105484
4166,1,119,0,-0.5029064304438471,0.2798360980955227,-0.5957998187583844,0.28730544365656746,0.8767810225856394,0.2548517888929443
4167,2,119,0,-0.6322478693718196,0.10975032960368036,-0.4183491996126208,0.4306612201131773,0.87878759805724,0.289801793263808
4168,3,119,0,-0.8278950626263301,0.026421934221038768,-0.21400352452275345,0.5035484365662349,0.9927068498834366,0.2900126110742678
4169,4,119,0,-1.0183105971428537,0.005641712311186428,-0.05258808800781489,0.4459688190696765,1.1129429436201825,0.26546268513216525
4170,5,119,0,-1.1006874796227248,0.016477035226788252,0.035827597580626695,0.251136666229327,1.1296626320991905,0.29745955681861924
4171,6,119,0,-0.9999062766524273,0.044043959554218436,0.07162667497267995,-0.029146184932997452,1.0038587117348359,0.39399327835622217
4172,7,119,0,-0.7157134224913831,0.09790496416330767,0.10799239319942379,-0.3095183862286901,0.7932812071042016,0.4752057350938041
4173,8,119,0,-0.3321169690228687,0.20210408999039683,0.194456319045516,-0.5131659915641964,0.6725327792892923,0.4944466717259075
4174,9,119,0,0.01769040509270787,0.37338154558488607,0.3412862060081195,-0.6087126910624745,0.7916654240824458,0.4501567026670229
4175,10,119,0,0.21444508272552695,0.6009231781466567,0.5044375430438722,-0.6222425311475029,1.024079275222395,0.36365289416641566
4176,11,119,0,0.21237564538426287,0.8404980838511139,0.6006624319465348,-0.617767893518385,1.2222818705698961,0.26565936506361276
4177,12,119,0,0.06432780929899723,1.0282365159739806,0.5469744154177492,-0.6561445196664112,1.3383254617772808,0.22530964389167138
4178,13,119,0,-0.10192586206729577,1.1085284394922772,0.3056972589577661,-0.7542702539048665,1.378984631017093,0.3070292997521504
4179,14,119,0,-0.14626979886306754,1.0622269639711166,-0.0876078112591581,-0.8671550459661135,1.3817937542863805,0.42301254340571337
4180,15,119,0,0.012206030246950524,0.9200010279447742,-0.5287186995512807,-0.9044281299517741,1.3943043369713413,0.48701824662009513
4181,16,119,0,0.35019268985579355,0.752290374550757,-0.8819762117709188,-0.7753453306289531,1.4379214677888552,0.47461458726985883
4182,17,119,0,0.745198451535797,0.6387941609433929,-1.0344676194229159,-0.4410852930892736,1.4926681492015859,0.42532142070911244
4183,18,119,0,1.0301630444008558,0.6310932281653655,-0.9428035312825971,0.05210368021374628,1.5333322708324422,0.4141929007589131
4184,19,119,0,1.0727883136196703,0.726397332731457,-0.6509530586487958,0.5775290461151705,1.5607073827304183,0.4448783366399747
4185,20,119,0,0.8419156519810697,0.8660278800367276,-0.2707471389946039,0.9716344264259726,1.5735957949681711,0.45125184587220224
4186,21,119,0,0.42853208931757203,0.9609021037777176,0.06609663795002914,1.0989185321557697,1.5228142731413492,0.4272569147506813
4187,22,119,0,0.010026587202932891,0.9332998561119594,0.2624677478306329,0.9095479758260152,1.3294043752184768,0.45559274637980196
4188,23,119,0,-0.22684343925643427,0.7558622071781942,0.29220633624919146,0.46329535002981587,0.960631431131318,0.5626334985171126
4189,24,119,0,-0.1690676479454259,0.46928280569625647,0.20256419072684329,-0.09180023080044658,0.5461407831720545,0.6526856101315773
4190,25,119,0,0.17175298530676225,0.16950669423035794,0.08326741681457321,-0.5772359943623616,0.6311627866415804,0.6491698431832846
4191,26,119,0,0.6640962627441857,-0.030818775436636067,0.01832366896821857,-0.85303417990945,1.081654617726219,0.5555404661867165
4192,27,119,0,1.1140926782904759,-0.04991634285294912,0.04432328554153603,-0.8678823802585922,1.413817002553292,0.45690413034837557
4193,28,119,0,1.3488463511281716,0.1276119748336693,0.13502255835378948,-0.6695142032785506,1.517284302538205,0.4531680151676642
4194,29,119,0,1.2870486733067625,0.4430833413207207,0.21860143514129735,-0.37298428473275064,1.428188012454967,0.5079072363776364
4195,30,119,0,0.965466104969681,0.7870399565458555,0.21783985283400925,-0.10362353521770039,1.2687587365526931,0.5303569923908201
4196,31,119,0,0.511577067600364,1.0429023344560298,0.09247639388273304,0.05785463170485196,1.1667285104700589,0.5012004913291719
4197,32,119,0,0.07827681334090276,1.1315846949053503,-0.13753124576291328,0.10320640183118719,1.147247831199031,0.4459520493331268
4198,33,119,0,-0.22626701475019745,1.0380323049677815,-0.3991656396100217,0.08678800046522672,1.1382324863536102,0.381920586195652
4199,34,119,0,-0.3799183002618918,0.8096404772331012,-0.5998930967695975,0.08593940590434515,1.080330008047142,0.48071518509111344
4200,0,120,0,-0.5174419899420677,0.45397218499936215,-0.7540678157064172,0.013146781365117243,1.0210916052210064,0.20703897456639936
4201,1,120,1,-0.5748933856413818,0.28585022770100094,-0.7488419458346975,0.124040989022961,0.9941645660202414,0.22004224158620891
4202,2,120,0,-0.7065997102765034,0.18435108037575146,-0.6124468757953383,0.2897676484946977,0.9961550768751632,0.29482441587134334
4203,3,120,0,-0.9067770091885703,0.13664819948897067,-0.41267349682867543,0.4286773504365919,1.0931518469904762,0.2926101447057809
4204,4,120,0,-1.0955759144896275,0.11087042579247838,-0.2233019622947382,0.4626443353096927,1.2151059143482172,0.22670789204986613
4205,5,120,0,-1.1628429476154771,0.08424159951538011,-0.08679554768335682,0.35630103460625273,1.22220467282166,0.25910004906596684
4206,6,120,0,-1.0318571875255513,0.06249509550206824,0.002852312444077597,0.13328127998657083,1.0423084609131266,0.4025756626298519
4207,7,120,0,-0.7086454231459679,0.07926649856026691,0.08840954516940654,-0.13785184626213629,0.7316289310399595,0.5114076453999878
4208,8,120,0,-0.2894606436532971,0.17553442599048094,0.2155781052774731,-0.3794994540731217,0.5523527442213095,0.5361220229683077
4209,9,120,0,0.07962811559861496,0.37051247426235584,0.3958319749543599,-0.5431562496320157,0.7715709910879134,0.4923941637168442
4210,10,120,0,0.2721375916775219,0.6407115465993962,0.5870747909187425,-0.6294463356592914,1.1069912620960596,0.4106488072075204
4211,11,120,0,0.2448587130659934,0.920293466833745,0.7045711783494892,-0.679639465510643,1.3657328446301598,0.3030242113462543
4212,12,120,0,0.0627125555309057,1.1250143578024896,0.6590583782285563,-0.743620535219059,1.5023047680799324,0.22136514952160447
4213,13,120,0,-0.1297905233801436,1.1894736901860585,0.40433591042350103,-0.8421898351872596,1.518046272863537,0.3138217547659899
4214,14,120,0,-0.17852554518867184,1.0995432462636985,-0.029558201178196276,-0.9452126843309497,1.4612212106885236,0.48157594385580016
4215,15,120,0,0.0021317591639241572,0.9029928524624801,-0.5358307638695151,-0.9794242740053345,1.435892458373998,0.5733750364720853
4216,16,120,1,0.3816579764750157,0.6912402782711521,-0.9662728127286203,-0.8643397611193098,1.5179730908621696,0.5357179297732457
4217,17,120,0,0.8210772164672191,0.5591637427643533,-1.1883667112144205,-0.5594363531207255,1.6468200752175057,0.4134718712606752
4218,18,120,0,1.1344512101259092,0.5611512124902167,-1.1389889573458414,-0.09844442813516305,1.7055372707220462,0.3659579792398996
4219,19,120,0,1.176258148806457,0.6843236188872246,-0.8502174622244728,0.40872308493168485,1.6558400711505916,0.451728344975811
4220,20,120,0,0.913383147428159,0.8525002754992642,-0.43511505121397037,0.8110340600754579,1.5518140507572127,0.5069191005050215
4221,21,120,0,0.4468100510047144,0.9602611360133577,-0.03965097800852912,0.9750496403484631,1.440150919944573,0.471033797489103
4222,22,120,0,-0.028589560775731392,0.9221161376198659,0.2175394250635668,0.8416092770292172,1.2675744991451026,0.4432482814936462
4223,23,120,0,-0.3085913582212513,0.7142323902088609,0.29047854963653547,0.4543571728598822,0.9466650737829453,0.5336292017421188
4224,24,120,0,-0.2698303308700073,0.3891476791166862,0.2165025808262322,-0.054016962388456644,0.5234840239677006,0.644177282871827
4225,25,120,0,0.07577641181305142,0.05614513869278195,0.08897965744977927,-0.5129430836219158,0.5290768636611627,0.6558915822709395
4226,26,120,0,0.587080249656609,-0.1642416617013677,0.006533843308484987,-0.7805756113028982,0.9904441019283047,0.5606002200404017
4227,27,120,0,1.05660429166464,-0.1912241986629502,0.023720588535236262,-0.7968114607229897,1.337329612914627,0.4569061530983276
4228,28,120,0,1.3004252796450781,-0.017474629210310327,0.12650353429454933,-0.6000334607279205,1.4378645863877986,0.45924200854298075
4229,29,120,0,1.233434203279571,0.2890747928525454,0.24319126393398266,-0.30162810758114694,1.3247813690641352,0.5153264210270385
4230,30,120,0,0.8965273487972102,0.6152322135082532,0.2840452485038749,-0.031530380210680366,1.1242543447785636,0.5308534373486848
4231,31,120,0,0.4260149042869219,0.849897268656962,0.1890989208689318,0.11932073112445554,0.9766319187365465,0.5053891531488899
4232,32,120,0,-0.016888048142242647,0.927108192817148,-0.03962383158787433,0.1334810723505998,0.9376577478292935,0.47228059438275694
4233,33,120,0,-0.3205856340054093,0.8462305221226459,-0.336943127058403,0.0642704573765894,0.9677513150938659,0.4210111046159747
4234,34,120,0,-0.4657173558140171,0.6623235741019304,-0.6041576756180341,-0.0002156137592069028,1.0102334956904935,0.4896624576781953
4235,0,121,0,-0.5918109507619889,0.3738374021112273,-0.8175409847449803,-0.11712194614833786,1.0826289376635223,0.20265147499482494
4236,1,121,0,-0.6429966265315811,0.2899170451575389,-0.882245556638161,-0.030737871696893487,1.129955129095003,0.19728479276483338
4237,2,121,0,-0.7726294060929151,0.25867764368515705,-0.7900497386547236,0.15456553378278848,1.145399238817606,0.296152589287428
4238,3,121,0,-0.9717934126096831,0.2479728228202185,-0.599861575760836,0.35659097586623095,1.2218281351288753,0.2952356123536935
4239,4,121,0,-1.1544260591617135,0.21885734053844816,-0.38843170024582274,0.4801758250809394,1.327420833920889,0.1984673563782254
4240,5,121,0,-1.2048384128826828,0.15695589155906778,-0.20974505527808257,0.46197166499468156,1.3166934193366078,0.230220667567333
4241,6,121,0,-1.0453376515023585,0.08831266311948992,-0.07154527761373608,0.297313240463869,1.0927231222133427,0.41184664817760963
4242,7,121,0,-0.6873466762366551,0.06989345612508883,0.05892728699569345,0.037275605043716215,0.6944007808367837,0.5430910611090292
4243,8,121,0,-0.23737582259020643,0.15880405540825634,0.22384533363416398,-0.24053140199381376,0.43534824899083435,0.5766911367318611
4244,9,121,0,0.1477541978615491,0.37629049223836825,0.436171917781449,-0.47083808106211356,0.7585250674658708,0.5380507003967088
4245,10,121,0,0.33554906663902423,0.6863759694128192,0.6560093516914187,-0.6285458747177707,1.1870650081781666,0.45958005798048157
4246,11,121,0,0.2850365993219879,1.002382439924323,0.7972290882363697,-0.7314952227521522,1.502223651411832,0.33846143738876433
4247,12,121,0,0.07148812490911959,1.2207013092329937,0.7640707261809614,-0.8180238707780866,1.6577663786359138,0.21576272808151128
4248,13,121,0,-0.14613446834465002,1.2669349685849163,0.5011885502276557,-0.9129457272835036,1.6465537833020034,0.32279775542742317
4249,14,121,0,-0.20139756487669272,1.132207402525188,0.032152561077661304,-1.0020587079179815,1.525650688319316,0.5390780686701057
4250,15,121,0,-0.004177683253854193,0.881010811094873,-0.534700391068486,-1.0310138409653116,1.4577693750296212,0.6556145246586031
4251,16,121,0,0.4092676045021434,0.6250187285445764,-1.0394003705276982,-0.9314213021310929,1.5830499535526663,0.5995155720261253
4252,17,121,0,0.8860564878738774,0.4736735106815331,-1.3301135865221947,-0.662029925249204,1.793585367190857,0.410729833739625
4253,18,121,0,1.223915490502272,0.48405984312794575,-1.323695991410545,-0.24350996801456035,1.8824853895367333,0.3148789183593186
4254,19,121,0,1.2654673233807938,0.6337309378909276,-1.0396308737809064,0.2331350847505304,1.7714984531872313,0.4610372865413379
4255,20,121,0,0.9752244152865855,0.8299295000967466,-0.5914221799292367,0.6325087991191238,1.5458632575933955,0.5642892992589145
4256,21,121,0,0.4621688477669265,0.9517430132437501,-0.13876637241812373,0.826253802061421,1.3495800304685681,0.5237210390727688
4257,22,121,0,-0.06401422001086934,0.9061672243770935,0.1782225260976748,0.7477029202752908,1.1899831026933618,0.4414602537255598
4258,23,121,0,-0.3837887559342954,0.6722905177859023,0.2933507827574524,0.4243242317497916,0.9302548494261622,0.5028624728015009
4259,24,121,0,-0.36417691049863077,0.3131524582057606,0.23346551494857715,-0.028403225561523693,0.534791710961512,0.6306737156697483
4260,25,121,0,-0.016534558444885713,-0.05021603983741843,0.09520861449113291,-0.450762767794249,0.4637313827883269,0.6585998955204013
4261,26,121,0,0.5103046940931842,-0.29058297668603567,-0.008035042876396553,-0.7018950434586619,0.9151888117209027,0.5631995933470182
4262,27,121,0,0.9972453980208117,-0.3284134081652539,-0.0030104392209867148,-0.7146767444057716,1.2700888403080868,0.45367875609953096
4263,28,121,0,1.2504069347226936,-0.1636408935469777,0.10956941860296406,-0.5183346226669248,1.3678348156819635,0.46203419468266316
4264,29,121,0,1.1805849430007958,0.12814124442051578,0.2592199974880264,-0.21940567524737592,1.2351254363789452,0.5222827555902262
4265,30,121,0,0.8314169502778037,0.4317629982042731,0.3442693181567383,0.04938374803251672,0.9993165413528546,0.5322913355846235
4266,31,121,1,0.3463853592096974,0.6428656193379466,0.28484220515625286,0.18840218003415996,0.8061572333493594,0.5081113812311898
4267,32,121,0,-0.1059708816033717,0.7089567967049788,0.06403189844208258,0.1716062638519162,0.7398637449917999,0.49546818231460865
4268,33,121,0,-0.4104011388861317,0.6432352184613237,-0.2623178447323541,0.05082629486342997,0.8084396112157002,0.46378887877583713
4269,34,121,0,-0.5489771028461014,0.5072766568223782,-0.5908687439504794,-0.0761854375218227,0.9558428529178825,0.5030893624156539
4270,0,122,0,-0.6616719120361602,0.2908688885272452,-0.8595362091730396,-0.23480831722943557,1.1473237861259313,0.23922238094816156
4271,1,122,1,-0.7054277198095753,0.29206080660850176,-0.9927934527142466,-0.17421112240400352,1.2644825572359957,0.19396557956776847
4272,2,122,0,-0.8291450273708574,0.331363470934901,-0.946765709200761,0.027436053775812014,1.3016916960052614,0.2946464329157209
4273,3,122,0,-1.022068793624953,0.3581863686066393,-0.7709481582480305,0.288512425419586,1.3603391400254206,0.2969790924921293
4274,4,122,0,-1.194099146455671,0.3272844911121265,-0.5440376154529486,0.4982536064847459,1.4412569143256424,0.1832640864500212
4275,5,122,0,-1.2259971490710777,0.23283408099462183,-0.3303604972516521,0.566414250216944,1.409696378585191,0.21243110754792194
4276,6,122,0,-1.0398806332210337,0.1205351361373963,-0.15036272409524595,0.4603370732542754,1.1534295037849056,0.42025690917818787
4277,7,122,0,-0.6517174177456305,0.06948317752551454,0.01947542390571492,0.2131451012167709,0.6894734446380729,0.5697778017653122
4278,8,122,0,-0.17617608248771957,0.15174067940424404,0.21828574269310264,-0.09838007255311641,0.33375222840517066,0.6152624631745863
4279,9,122,0,0.22148927711782937,0.3900447865411799,0.46080786485334174,-0.39288042146355506,0.7535856615317263,0.5848527058078159
4280,10,122,0,0.40414192650228314,0.7363329418198387,0.7094947502607442,-0.61968319356367,1.262104179138497,0.5078212283812806
4281,11,122,0,0.33274212833754746,1.0842928058781105,0.8768303283314052,-0.772842231116153,1.6286573463218037,0.37085566023801186
4282,12,122,0,0.0910329022966101,1.312425440621774,0.8603333904020075,-0.8786848939607897,1.8008354205777104,0.20946155260136287
4283,13,122,0,-0.15012741257931098,1.3384083091230357,0.5949739250467293,-0.9660175125280922,1.7609823531011934,0.33437698547758027
4284,14,122,0,-0.2139526199670932,1.1588119622886286,0.09699603923153521,-1.0373550611069697,1.5729382193731754,0.5938451699389811
4285,15,122,0,-0.006141175050627744,0.854125804595924,-0.5247602538489319,-1.058776307160463,1.45806350915575,0.7320320933483783
4286,16,122,0,0.43291067268407546,0.5550506027904674,-1.0995301639337807,-0.9756694726849092,1.6298436500202513,0.6633850752169652
4287,17,122,0,0.9392967573077685,0.384529689451706,-1.4567699048866318,-0.7470968725446496,1.9262590098707175,0.4200917249827948
4288,18,122,0,1.2973134664014268,0.4020325388072506,-1.4933726116408201,-0.38038621914034254,2.0541440614711273,0.2678626565043991
4289,19,122,0,1.339349799030905,0.5761870472259668,-1.2157414224647793,0.05416555397635178,1.8991604753388673,0.4746265407897321
4290,20,122,0,1.0271473187620384,0.7989624336874657,-0.7370058637978723,0.4396499142583147,1.5587951357582668,0.6214521050884804
4291,21,122,0,0.4754478043538607,0.9352593777332917,-0.2297824970017117,0.6557298021670783,1.2583887665111242,0.5811506375566262
4292,22,122,0,-0.09432097687010497,0.8851624461494124,0.1448183314048611,0.6301694495117693,1.100224925621937,0.4508819156897442
4293,23,122,0,-0.4498563428586758,0.6301792024687909,0.30039488390597946,0.37445867268110006,0.9110175301591963,0.47217716845605845
4294,24,122,0,-0.44951436902373676,0.24235499739175706,0.2529285580379264,-0.014738451510072595,0.5700782315995115,0.6130251105117039
4295,25,122,0,-0.10314074787981098,-0.14742979763124306,0.10186335037293062,-0.3913135142418046,0.4425787700288678,0.6577401314392779
4296,26,122,0,0.4350029504707651,-0.40673844261931485,-0.024867844485011656,-0.6182121414436618,0.8587597971146211,0.5638271483215859
4297,27,122,0,0.9366091444399759,-0.45772789725855323,-0.03501967907722278,-0.6231191960410318,1.215012521653507,0.44768017760984474
4298,28,122,0,1.199243349530707,-0.30678268292840083,0.08481824538100524,-0.4263665251188589,1.3119766668770527,0.4613720783826751
4299,29,122,0,1.1294151583537102,-0.03544901361179901,0.2664206348087162,-0.12845694746560093,1.1680395432044435,0.5282837055913467
4300,30,122,0,0.7719506245633116,0.24100266041094218,0.39706412671872643,0.1370001676201385,0.9112732936631522,0.5346107756363255
4301,31,122,0,0.2754936829743223,0.4262367258763395,0.3772657571794972,0.26335109212739144,0.6850239157207924,0.509256952882945
4302,32,122,0,-0.18546649626780803,0.4814606849800375,0.17068755073293865,0.21663335794213864,0.5850354383862572,0.5143622919300772
4303,33,122,0,-0.4920392985915186,0.43293259692323144,-0.17739262385706026,0.04666223113974158,0.6805724147002712,0.5064669453395876
4304,34,122,0,-0.6263992132659851,0.3474627414569369,-0.5606146557328877,-0.14050527901488047,0.9204003784954508,0.5197346017248275
4305,0,123,0,-0.7245656315168587,0.20673485437317118,-0.8792567522708358,-0.3379427468042094,1.206247234574883,0.29992057809175543
4306,1,123,1,-0.760517994397998,0.29238384483530383,-1.0778723101337644,-0.3040281011497944,1.384961275908347,0.21219699191085323
4307,2,123,0,-0.8751531253335098,0.40112292386787984,-1.0787356125106287,-0.08963306469828637,1.448619066842355,0.2915301965687824
4308,3,123,0,-1.057045722073698,0.4651389621645409,-0.9217096304274973,0.22537705233208635,1.4946716600037968,0.297573349037744
4309,4,123,0,-1.2142608162704436,0.43383893275558544,-0.6864088252048307,0.5163772281560611,1.5493379446013327,0.18195624740130198
4310,5,123,0,-1.2261240052445475,0.31001882985830836,-0.44604552826243865,0.6677645356895788,1.4981180993203715,0.2060992671605242
4311,6,123,0,-1.0154820009584273,0.15805830408285346,-0.23231995810948514,0.6196291021195649,1.2223333869650987,0.4266604143549983
4312,7,123,0,-0.6020481563303046,0.0775548676679182,-0.029831866450341204,0.38691785782273425,0.7204665911739085,0.5912062433236092
4313,8,123,0,-0.10648295861908162,0.15401205689543687,0.1981843501891259,0.044701488384500644,0.27628534863273524,0.6510684738966869
4314,9,123,0,0.29999211379552526,0.41101201896333245,0.46853642435775544,-0.3105473647755127,0.7582164564230904,0.6308677233840491
4315,10,123,0,0.47710417956846385,0.7889972800023326,0.746078096013353,-0.6031448464143795,1.3306244162497214,0.5534404846793151
4316,11,123,0,0.3874769780773342,1.1636294449146278,0.9418182879070963,-0.8033488277107098,1.7425736483812366,0.39948260617892123
4317,12,123,0,0.12133891173050414,1.3974300459261453,0.9463298092046114,-0.925146566601676,1.9284631555311593,0.2037961515307731
4318,13,123,0,-0.14132457200875456,1.4014944960023006,0.6844510643268812,-1.0011887067123948,1.8587661345324857,0.34875169429214437
4319,14,123,0,-0.21555113784355232,1.178011084390857,0.16435091899514087,-1.0511784487102118,1.6019237695910278,0.6444986020726959
4320,15,123,0,-0.003293683417588451,0.8224260639581021,-0.5056523282907684,-1.06279197370022,1.4358295635261018,0.801109555338009
4321,16,123,1,0.452576225581113,0.4827631885271635,-1.1451164519107802,-0.996674253722151,1.6560606246836198,0.7250716333238402
4322,17,123,0,0.9802419733828649,0.29396878893181866,-1.5656984404029772,-0.8132764051564492,2.039637735656037,0.44260731167578093
4323,18,123,0,1.3537729628457316,0.3173720710323401,-1.644736931772878,-0.5065620418404294,2.2125078402967686,0.23626079731879537
4324,19,123,0,1.3971708746227496,0.5134073737091577,-1.375310773224473,-0.12470078639272252,2.0304441862182014,0.49376127874722014
4325,20,123,0,1.069045720692649,0.7604142035468977,-0.8693651893627844,0.2364057884137191,1.5914685178031105,0.6767479315572853
4326,21,123,0,0.4874793444770497,0.9108496144254354,-0.31137058429530123,0.46722179022725496,1.1758107727939462,0.6398005019541593
4327,22,123,0,-0.11775853447569558,0.8588405880139612,0.1174795831863621,0.49194650340055396,1.003636907818611,0.47065133885398835
4328,23,123,0,-0.5044793412317983,0.5879451887319189,0.3110058049467526,0.3065289577828306,0.8893051013868564,0.44380937592034864
4329,24,123,0,-0.5235108384083867,0.17761096489932682,0.2741732992410222,-0.012487751060491816,0.617200287367705,0.5922614681355938
4330,25,123,0,-0.18219696592516618,-0.233596922174345,0.10868168185680185,-0.33512203215609937,0.46030613818340504,0.653786394306423
4331,26,123,0,0.3622907810357941,-0.5098174113131972,-0.04354584423363067,-0.5308372096218883,0.8214942401324475,0.5629961903960098
4332,27,123,0,0.8752048310992203,-0.575522698405339,-0.07143944544060529,-0.5239695478765445,1.1733957364103507,0.43957977721471647
4333,28,123,0,1.1472699345777229,-0.4427729471719465,0.05298282102191862,-0.32628232643179156,1.2733984142437458,0.4572237452725051
4334,29,123,0,1.0806375242744184,-0.19728508001736914,0.26473524204962684,-0.03109179083126271,1.1303761805291075,0.5327078420524309
4335,30,123,0,0.7196484805527266,0.047534153595137796,0.44118437211748684,0.22906185151690003,0.875937448303762,0.5374394762202703
4336,31,123,1,0.21579476089481128,0.2046614776874177,0.4640312125766806,0.3422680764030119,0.6487881793381015,0.5087298156307901
4337,32,123,0,-0.2522078053634007,0.2491339471572248,0.27752032421439315,0.26739179965495935,0.5236338468693003,0.5281925042875808
4338,33,123,0,-0.562092208780444,0.21933863550501814,-0.08455312648348802,0.05165615303048587,0.611452923405329,0.5462239748803459
4339,34,123,0,-0.6948596254606308,0.185933168458717,-0.5144519344134262,-0.1921405098405676,0.9049750331207459,0.5382632711944884
4340,0,124,0,-0.7782212570809497,0.12313401237573669,-0.876507007271212,-0.4250742454384393,1.252893833453975,0.3694703285994871
4341,1,124,0,-0.8067653880865499,0.2910634365321222,-1.135541467758629,-0.41834922826810733,1.4832595245917932,0.246747146609826
4342,2,124,0,-0.9098810280625809,0.4667831508880263,-1.182738700438666,-0.19508066577156596,1.5756577340445466,0.2882727338493505
4343,3,124,0,-1.0764916189028604,0.5667936720526325,-1.0484362611822777,0.16782156334884346,1.61476683862833,0.29739843066491334
4344,4,124,0,-1.2150046543116317,0.5362696088706806,-0.8121676664581126,0.5338731420300251,1.6457394245804127,0.1929128614741761
4345,5,124,0,-1.2055046731044075,0.38662584528470123,-0.5543397227179115,0.7640710834961881,1.5791827664765985,0.21006718267143537
4346,6,124,0,-0.9725988969182537,0.1996601939226502,-0.31609185217315267,0.7724104542857049,1.297052341358643,0.430398650643309
4347,7,124,0,-0.5390143384226644,0.09345884676711494,-0.08869125843954016,0.5556882681147391,0.784809915653599,0.6073323459926555
4348,8,124,0,-0.029214487214810247,0.16513260696513654,0.16311345899959603,0.18636225963793507,0.2990972358121964,0.6834669173817931
4349,9,124,0,0.3821763600437095,0.43835589767936867,0.45849110608665994,-0.22523032503067905,0.7740526189352623,0.6744997364474613
4350,10,124,0,0.5533668648440637,0.842824971463426,0.7646435521438892,-0.5793663881461256,1.3917305749240352,0.595019996260172
4351,11,124,0,0.44842348813303856,1.2381397163571548,0.99092343965217,-0.8228578046120834,1.8420363220613982,0.4239114932931531
4352,12,124,0,0.16201349394587575,1.4731490139272854,1.0207328870211936,-0.9571741853330771,2.0382576964579684,0.20042546225501232
4353,13,124,0,-0.11967489531012265,1.4539646064545022,0.7684335102198806,-1.0185450848961812,1.938107145383067,0.36588396497699877
4354,14,124,0,-0.20585996187276906,1.1885573961309983,0.23349891924158817,-1.0440074452274368,1.6123027937634005,0.6899209650001432
4355,15,124,0,0.004704502075038242,0.7860153709539991,-0.47725472038267835,-1.0436265299936898,1.3909603509625807,0.8615299960759328
4356,16,124,0,0.46835380326423465,0.409549177657657,-1.174947513471984,-0.9945317579268023,1.660325537625411,0.7826290347709619
4357,17,124,0,1.008630305149723,0.20420076903974377,-1.6546339457586259,-0.8596357716157792,2.129746510935295,0.4770849065538098
4358,18,124,0,1.3928061593246714,0.2324149284479443,-1.7748566733065125,-0.6197723035888121,2.3512038651496487,0.23366714152021456
4359,19,124,0,1.4385326992168401,0.4472186122476671,-1.5153864499391303,-0.29997372945460093,2.1577212852634235,0.5189127700035274
4360,20,124,0,1.100984543236473,0.7152589238071703,-0.9862110097221124,0.02698583886653195,1.6422858106090596,0.7287136532419468
4361,21,124,0,0.4990476365502624,0.8786938227107034,-0.3823592446174255,0.2649216199635294,1.1124448005563516,0.6967912808241299
4362,22,124,0,-0.13281491242389898,0.8269900088668075,0.09622047855951799,0.336485163404616,0.9077625908867055,0.498655437210329
4363,23,124,0,-0.5456819324769218,0.5455478144408603,0.3244286918126893,0.22275143764041416,0.8661774462055171,0.42024493753668635
4364,24,124,0,-0.584163398128619,0.11955534650413072,0.2963142120603918,-0.020830210993818914,0.6661654198094614,0.5695558775815773
4365,25,124,0,-0.2520990095381622,-0.30711841729356454,0.11524167667189737,-0.28262226361393644,0.5010305587321415,0.6471822615654123
4366,26,124,0,0.2931452776831921,-0.5972269221948009,-0.0637566196344234,-0.44114528458995783,0.8008047321821931,0.561141080359181
4367,27,124,0,0.8134562310850793,-0.6783712871812104,-0.11140949965126182,-0.4192032323245771,1.1445706923414352,0.43019185046046965
4368,28,124,0,1.0947073399851588,-0.5675824131706663,0.01490655291953193,-0.22038118176448485,1.2527266368022485,0.4497409538673702
4369,29,124,0,1.0347497048092602,-0.3529397585041787,0.2543102124151354,0.07027535086715261,1.1246713892573117,0.534918054451427
4370,30,124,0,0.6756922163905981,-0.1439743758520246,0.4756143778442445,0.32323832673653813,0.89887743573661,0.5401570831864677
4371,31,124,1,0.16931726619673107,-0.01711309424604655,0.5429604045695645,0.42315782305478417,0.7091048855915589,0.5064230796295899
4372,32,124,0,-0.3034665644488792,0.016555828431672612,0.38170718527350095,0.3225262454327134,0.5848842667364258,0.5365191702548161
4373,33,124,0,-0.6175273785824611,0.00649511554903361,0.013597867103211326,0.06536913152935114,0.6211604262761591,0.5810559889590818
4374,34,124,0,-0.751507562934135,0.025749227810775675,-0.45387318684041444,-0.23050096028357442,0.9080518720339593,0.5574142423772623
4375,0,125,0,-0.8206256186239987,0.04175120690424965,-0.8516929269641347,-0.49528842265839607,1.2829111554118466,0.4394088103839735
4376,1,125,1,-0.8428764916289703,0.2883454676737806,-1.1645826278835612,-0.5158711484758354,1.5543357513313305,0.2901166846134752
4377,2,125,0,-0.9327933519272159,0.5273115816767688,-1.2562803878108681,-0.2877907128659726,1.6760742372520965,0.28639795896002695
4378,3,125,0,-1.08049716461879,0.6612757086641736,-1.1480359927540513,0.11618448138822772,1.7135475365430575,0.2974177582712093
4379,4,125,0,-1.1968413151527806,0.632441773797942,-0.9183649418479678,0.5499205311435549,1.7257515718926508,0.2131027402601091
4380,5,125,0,-1.1648918160119899,0.46078859783435006,-0.6529862825942908,0.8533439515117345,1.6504199646586415,0.2223003477380893
4381,6,125,0,-0.9121348937216838,0.2440284244165325,-0.4003400752258914,0.9159078058086851,1.3750269891318625,0.4313456419006033
4382,7,125,0,-0.46365920770434366,0.11638898607406607,-0.1566090104512015,0.7165416836020797,0.8754910756039586,0.618332554551448
4383,8,125,0,0.05443621758036956,0.18447189928005325,0.11295695320698024,0.32419469835774944,0.39351576732009547,0.7119414573154328
4384,9,125,0,0.46673620742368804,0.47118569870967447,0.43017756544568675,-0.1384292919821524,0.8025422460408114,0.714458711038013
4385,10,125,0,0.6316307120210772,0.8963515907729512,0.7644488110452555,-0.5489333824144187,1.4450305788068611,0.6315400090709251
4386,11,125,0,0.5144670745070179,1.3057720340323995,1.0231952601368703,-0.8313965822491982,1.9255819361832216,0.4439627551742069
4387,12,125,0,0.21229283417485767,1.53727498083828,1.0824292828736355,-0.9747616108738101,2.128402209313119,0.20113271869551844
4388,13,125,0,-0.08551781576863789,1.4938200360347575,0.8458031452093695,-1.0184676425133823,1.9978665861777536,0.3855346960750084
4389,14,125,0,-0.1848565347485147,1.189336244482242,0.3036239777631603,-1.0167013830215903,1.6045441293367693,0.7292424123175762
4390,15,125,0,0.018061845602959273,0.7450114469495612,-0.4397019942808425,-1.0023046336601014,1.3241301706341124,0.91220053384195
4391,16,125,0,0.48043109348787166,0.33673115070808873,-1.1881882594351916,-0.9698276937491742,1.6421202753969082,0.8343804742692915
4392,17,125,0,1.024496920986104,0.11735307968311658,-1.7217454087012665,-0.8856792060047617,2.1936728549978084,0.5207100905559069
4393,18,125,0,1.4143136017422302,0.14947451052032723,-1.8812214258947495,-0.7180419468543969,2.465198548607454,0.2648763777068162
4394,19,125,0,1.46337134246227,0.3795189501058025,-1.6333691269831272,-0.4682363516436914,2.2743417301301614,0.5497057728621539
4395,20,125,0,1.1231811604320439,0.6646161183417613,-1.0855127978367733,-0.18424222499186968,1.7074934072044077,0.776056503815474
4396,21,125,0,0.5108496286837569,0.8391226594439345,-0.4417510262532882,0.05335968590384075,1.078464374003232,0.7497695055266267
4397,22,125,0,-0.13827415208157992,0.7894688234010778,0.08093011630877926,0.16765315189527497,0.822823205386391,0.5321060638963585
4398,23,125,0,-0.5718917130372275,0.5028716425712754,0.3397913987778632,0.12572055954677872,0.8433290426157273,0.4038856850276406
4399,24,125,0,-0.6298563811524641,0.06859157330113871,0.3183328520472749,-0.03869433261198846,0.7101104990600006,0.5461815539388187
4400,25,125,0,-0.3115236909889333,-0.3667387976191017,0.12098110589551797,-0.23415663480962018,0.5486438857178135,0.6382977480435686
4401,26,125,0,0.22838803239197106,-0.6667476943353874,-0.08529741141448104,-0.3505487148534153,0.7917535166456942,0.558528790038118
4402,27,125,0,0.7517029831437577,-0.7631678414237744,-0.15409899564216786,-0.3108921464946225,1.126003088921432,0.42038756180410486
4403,28,125,0,1.0416676236031972,-0.6773988731095744,-0.028482018376427637,-0.11104708375631044,1.2478314595869227,0.4392988715834562
4404,29,125,0,0.9920284717373177,-0.498097413509555,0.23548654836675306,0.17319241195253243,1.1478985356302227,0.5343780579978641
4405,30,125,0,0.6408936552629799,-0.32889984987089205,0.4995886787406171,0.4171916191201427,0.9708539970517298,0.5420024049098917
4406,31,125,1,0.13760180397417196,-0.23437172862646635,0.6120887340808948,0.5039869197125678,0.8381645406878169,0.5022057545935029
4407,32,125,0,-0.3370397788974387,-0.21174929693665018,0.48049899742844004,0.38053911283928343,0.7308371092402499,0.5391866600059884
4408,33,125,0,-0.6557845018070099,-0.20163461064812827,0.11431253383636904,0.08706720592880443,0.7009692452325068,0.6096172528015035
4409,34,125,0,-0.7938555428753815,-0.13009651357436447,-0.38076228078642693,-0.25544131173918827,0.925938391044939,0.5760924571314808
4410,0,126,0,-0.8500843504623341,-0.03578722523682927,-0.8058051752082807,-0.5482089386839579,1.2937461687814034,0.5051099155891688
4411,1,126,0,-0.8678025400268998,0.28453503437415245,-1.164529101782691,-0.5958350280754772,1.5953647996129114,0.33637723179010176
4412,2,126,0,-0.9436023005066829,0.5818382253108841,-1.297659696114324,-0.36709618635857916,1.745738044184452,0.2872205558270821
4413,3,126,0,-1.0694664663738944,0.7469160377829839,-1.2181211210960587,0.070517593345484,1.7861785708117914,0.2990299013615396
4414,4,126,0,-1.1606767852651467,0.7203874692336558,-1.0025632311457702,0.5635843786586358,1.7857460877727815,0.23980419408823228
4415,5,126,0,-1.1054785655413095,0.5307020338165072,-0.7399936904780196,0.9336079326329212,1.7096613528388143,0.2409199076917628
4416,6,126,0,-0.8354124296753812,0.28978935915296444,-0.4837443527059294,1.0474175130577785,1.4536106238499464,0.4299322374189869
4417,7,126,0,-0.37736537387973373,0.14539813840744345,-0.23290342924214358,0.8666155991298886,0.9842824025978252,0.6246037552561101
4418,8,126,0,0.14303174225132434,0.21126494603752827,0.047927959726790904,0.45578005480126454,0.5245221676858907,0.7361006813101746
4419,9,126,0,0.5521801964463202,0.5085733344843468,0.3835007682438954,-0.05173001695816182,0.8445700917000163,0.7497286350818045
4420,10,126,0,0.7104012368009449,0.9482252741014923,0.7451534610462524,-0.5125785847019041,1.490567534094775,0.6623105948268329
4421,11,126,0,0.5842285462165823,1.3647260068179046,1.0380273962780888,-0.8291838847525954,1.99219649082533,0.4596922741378582
4422,12,126,0,0.2710668415631936,1.5878183734376445,1.1305396014680174,-0.9781337309947338,2.197614571715967,0.20744433853536454
4423,13,126,0,-0.0395687645566958,1.5193453524190772,0.9155236004244576,-1.0016204260230677,2.0374991847376984,0.40731106809852435
4424,14,126,0,-0.15282455816302373,1.1793964467265778,0.3738151307005929,-0.9704717527885091,1.5798368583591482,0.761835949553901
4425,15,126,0,0.036852974329169265,0.6995446074053789,-0.39339810439609146,-0.9402734764302991,1.2367688055928683,0.9522756928652482
4426,16,126,1,0.48908865995571227,0.2655285702135651,-1.1844130282416088,-0.9236093799108162,1.6017495581471637,0.8789002036929746
4427,17,126,0,1.0281686926921587,0.03541709943518333,-1.7656879198208697,-0.8913462023695508,2.229470142039286,0.569991626142588
4428,18,126,0,1.4185780925249445,0.0707846014194735,-1.9618057726890574,-0.7997227685343644,2.550610252598033,0.3211726809120946
4429,19,126,0,1.4719457012907988,0.3122357924362522,-1.7270731994654964,-0.6262218535236561,2.3746686050414163,0.5850527677681624
4430,20,126,0,1.1359839349445722,0.6097329017992817,-1.1655412644847158,-0.392859051752023,1.7818693514814308,0.8176487560327135
4431,21,126,0,0.5234599096833695,0.7926234604816724,-0.4887362303936874,-0.162712669702809,1.0805557565127815,0.7967995886811269
4432,22,126,0,-0.13326359512448943,0.7462243170154436,0.07138876963149308,-0.010372266085827272,0.761455092191209,0.5680769383139003
4433,23,126,0,-0.5819920733023942,0.45974274613341504,0.3561412771050397,0.018329893345849595,0.8229524653691683,0.3965122201678561
4434,24,126,0,-0.6594083909720868,0.02488853895749426,0.33911821731231895,-0.06479937081123363,0.7447408873067546,0.5234594877394629
4435,25,126,0,-0.359460747595264,-0.41157900471624864,0.12522413090841955,-0.1899793229850551,0.5919311888290673,0.6274088520299518
4436,26,126,0,0.16867292587656382,-0.7165997697357391,-0.10807200931796458,-0.2604688671918974,0.7883459747365541,0.555199957436983
4437,27,126,0,0.6902048410194948,-0.827221369824447,-0.19872476617593282,-0.20115456297319254,1.1138368857950411,0.41098638788437447
4438,28,126,0,0.9881643725287825,-0.7687415428104442,-0.07619520487007414,-0.0006866180511436816,1.2542880719624678,0.42652978745427533
4439,29,126,0,0.9525314182779564,-0.6286796272640819,0.20878556780690716,0.2752363356938089,1.1924347488873879,0.5307617946225699
4440,30,126,0,0.6156755171141048,-0.5027935985737887,0.5126057699934059,0.5086413097851775,1.0739359397054435,0.5422016229139712
4441,31,126,0,0.12165492755993801,-0.44255767270872765,0.6697124535447669,0.5827421844406764,0.9993800273332571,0.4959230419413951
4442,32,126,0,-0.35131910617405454,-0.43142979518636293,0.5712925676347314,0.439837217516851,0.9107078336574983,0.5362800358685874
4443,33,126,0,-0.674856903482188,-0.40126715238624255,0.21477438877987487,0.11575213898083471,0.8221762362876578,0.6311003695975947
4444,34,126,0,-0.8198575820249322,-0.27875696597845545,-0.29733812607147075,-0.26724785240602417,0.9537836634775246,0.5934155743594379
4445,0,127,0,-0.8652729774295695,-0.10795711357786232,-0.740385580149537,-0.5839827882820265,1.2843514971163121,0.5637885294748587
4446,1,127,0,-0.8807682867799639,0.27998423015973795,-1.1356738348171893,-0.658018269483176,1.6052685277539918,0.38150542983465846
4447,2,127,0,-0.94227150323203,0.6296721350966219,-1.3060144907840663,-0.4327687165617064,1.7825053143518867,0.29156000270620597
4448,3,127,0,-1.0440993692726108,0.8222881929463167,-1.2570753548016198,0.030607649965330663,1.829611062783673,0.3038069199984348
4449,4,127,0,-1.1077805348157828,0.7983506832210479,-1.062905850740407,0.5738545940396004,1.8230796662117645,0.2712845198304082
4450,5,127,0,-1.0288602609462931,0.594664151118019,-0.8136895657865182,1.002958798678895,1.7550487031694173,0.26476596262103325
4451,6,127,0,-0.7441333989977971,0.3355383873532118,-0.5650323569161763,1.1643714593329988,1.5301447593489692,0.4271486248429799
4452,7,127,0,-0.28181595944315174,0.1794163137747371,-0.316711213813044,1.0031628006180624,1.1037445565637845,0.626755976454895
4453,8,127,0,0.23492959204058053,0.24462420028418314,-0.031420896893404965,0.5787366311420159,0.6715327792209592,0.7556746757358804
4454,9,127,0,0.636872184591366,0.549568667325964,0.3187830655922303,0.033222594270893475,0.9001990242669026,0.7795406544784568
4455,10,127,0,0.7880312100736184,0.9972334687929929,0.7068383189233057,-0.4711750647768385,1.5287557457281327,0.6869320440614302
4456,11,127,0,0.6561053070091384,1.4134928403102902,1.035175417428636,-0.8166325016186077,2.041301783431941,0.47138705054197455
4457,12,127,0,0.33691453958392975,1.6231557607089009,1.1644341422140054,-0.9677449641105075,2.2451243211948095,0.22020556897089022
4458,13,127,0,0.01710598490104689,1.5291525569492317,0.9766532114438768,-0.9689335599341881,2.05700848227084,0.4307175622224354
4459,14,127,0,-0.11034141378320407,1.1579767371012861,0.4430733802596852,-0.9068470104489744,1.540055476896337,0.7873149663538836
4460,15,127,0,0.061019356116358114,0.6497567707482526,-0.33902125070266254,-0.8593575463957905,1.1310782572083344,0.9811782040236224
4461,16,127,1,0.49469181050281114,0.19702822959026364,-1.1636274474896833,-0.8573473601419451,1.540329004832325,0.9150104297529025
4462,17,127,0,1.0202509672418731,-0.03980156574144544,-1.785642637328349,-0.8769994718296834,2.236100154874091,0.6214602084715679
4463,18,127,0,1.4062487189802324,-0.0015554189817095748,-2.015121571424949,-0.8635221807992299,2.604596587442318,0.39079433657762014
4464,19,127,0,1.4648187407743536,0.24728195238895143,-1.7947790781078417,-0.7708865584569573,2.4540457070976287,0.6233931460383848
4465,20,127,0,1.1398487702949673,0.551962123728063,-1.2249057385455613,-0.5945013494036826,1.8595008276249811,0.8525357026724208
4466,21,127,0,0.5373006979648158,0.7398421485190327,-0.5227038144125212,-0.3784458850382481,1.119151022097786,0.8362924390149671
4467,22,127,0,-0.11729009729039074,0.6973107623377927,0.06728628478493244,-0.19321855355463005,0.7361114859533203,0.6038304233469427
4468,23,127,0,-0.5753607795665905,0.41594799047985476,0.37248494211573957,-0.09631360547597238,0.807511052649096,0.3987219923171987
4469,24,127,0,-0.6721065679680177,-0.011614489341646163,0.35751186821306064,-0.09770118280558207,0.7676082282670095,0.5026931346013346
4470,25,127,0,-0.3952357257853639,-0.44115798015902064,0.12721422765104135,-0.15026124660031048,0.6241742900358845,0.6147043236988515
4471,26,127,0,0.1144787704040229,-0.7454958311185761,-0.13208142683081522,-0.1723076213688203,0.7848597599468572,0.5509506873288043
4472,27,127,0,0.6291484785561574,-0.8683388836282555,-0.244565520203311,-0.09210453841110755,1.1036918793569752,0.40263691781235517
4473,28,127,0,0.9341263027615139,-0.8385670904228374,-0.12721191699495873,0.1083326109736264,1.2663749606956913,0.41234511865390105
4474,29,127,0,0.9161060859838167,-0.7409649681356111,0.1748905525179516,0.37407746611401704,1.2485191631669548,0.5240504870996068
4475,30,127,0,0.6000649377748475,-0.6615060270983458,0.5144347854554078,0.595426815731172,1.1903127298371985,0.5400979545023675
4476,31,127,1,0.12192040999553971,-0.6373946112618634,0.7144286598832265,0.657487797269213,1.1678334600702307,0.4874105385386698
4477,32,127,0,-0.34534111531782097,-0.6384191289962527,0.6516986319753079,0.49878106280098927,1.0955971548542205,0.5280830947217278
4478,33,127,0,-0.6733551397456096,-0.5888950377029402,0.3121767834007948,0.15020007307983088,0.9592804155723341,0.6451520613033109
4479,34,127,0,-0.8279731846839704,-0.4176031890078969,-0.20608874088920204,-0.266612283761581,0.9866542945728984,0.6087302012562581
4480,0,128,0,-0.8652764156117564,-0.1733778967502489,-0.6574779634559554,-0.6032502881343431,1.2549706582465694,0.6136688550735866
4481,1,128,0,-0.8812929151833522,0.27507747770241864,-1.0790560691703561,-0.7027104095697936,1.5844585009468135,0.4227679319517808
4482,2,128,0,-0.9290133326953232,0.6703116010856812,-1.281343246352806,-0.48499478243332034,1.7859014163265599,0.2995426292402132
4483,3,128,0,-1.0053665178730384,0.8862372918903185,-1.2640993120336013,-0.003992754435910564,1.8423195666249255,0.3131280938212148
4484,4,128,0,-1.0397445934730725,0.8648259910432585,-1.098169462473535,0.5796897816582848,1.8360308346291143,0.3066108810392377
4485,5,128,0,-0.9369856485993207,0.6511143805724634,-0.8727652161196352,1.0596208398864073,1.785051116651644,0.2933617302351242
4486,6,128,0,-0.6403291291264198,0.37987064124141917,-0.6430075091852465,1.2644028240774179,1.6020287937763573,0.42450304876857153
4487,7,128,0,-0.1789465198975599,0.21727129390470223,-0.4069977398466285,1.1236149092460148,1.2277566113276137,0.6255933213735879
4488,8,128,0,0.3283286548370619,0.2835531554444846,-0.12419523907918713,0.6907699294066698,0.8250997820458267,0.7705087090507377
4489,9,128,0,0.7190782261298325,0.5932128714096152,0.23677239087728935,0.11475446590759424,0.9686097039713945,0.8033512067284689
4490,10,128,0,0.8627691941123348,1.0423229171025965,0.6500150207143427,-0.42572515225992263,1.5603106031324392,0.7052703346289088
4491,11,128,0,0.7283201459483237,1.4508850361680599,1.0147666637833408,-0.7943478090189212,2.072741529180547,0.47956302639574816
4492,12,128,0,0.40814881239334855,1.6420662853368075,1.1837439490790251,-0.944273680870438,2.2706540158869943,0.23938511342921923
4493,13,128,0,0.08312426422765325,1.5222156057940541,1.0283574664218418,-0.9215818806812607,2.0569108476965905,0.45520003259995023
4494,14,128,0,-0.058257860001414453,1.1245272369889607,0.5103227051527284,-0.8276318176710357,1.4877362582117275,0.8055289542021269
4495,15,128,0,0.09037309773610891,0.5958008973975907,-0.27752021962156775,-0.7617059988313875,1.0101284606864216,0.9986157852222027
4496,16,128,0,0.4976797596514268,0.1321590025562936,-1.126278548386385,-0.7728879256470099,1.4597980200321061,0.9417879138892977
4497,17,128,0,1.0016067781084899,-0.10672756684247049,-1.7813436463024392,-0.8434032056567603,2.213395822037069,0.6720017691713596
4498,18,128,0,1.3783155549888926,-0.0656322038571556,-2.040257944563114,-0.9085234383476708,2.6252863984120784,0.46532907739846224
4499,19,128,0,1.4428317684652514,0.18651133322819952,-1.8352758330148087,-0.8994772641785317,2.5087540177421586,0.6629400320406376
4500,20,128,0,1.1353145797200197,0.4927368109768114,-1.2625854006954897,-0.7849677625623253,1.9344314519072359,0.8799511296596776
4501,21,128,0,0.5526180816402567,0.6815805560736138,-0.543249260014926,-0.5890166219055969,1.1882756994743349,0.8669669659622669
4502,22,128,0,-0.09026388739838032,0.6429048347292191,0.06824185780683101,-0.37643604418513543,0.7535484340141335,0.6369564276194284
4503,23,128,0,-0.5518934594509334,0.3712565408017231,0.3878296188052033,-0.2149795121521365,0.7994034110138262,0.4096830044463348
4504,24,128,0,-0.6677270246749339,-0.041195322434360734,0.37235621967717075,-0.13584109123628638,0.7775978333767717,0.485088284289404
4505,25,128,0,-0.4185231969188112,-0.4554022829352083,0.12615210863701637,-0.1150964503076753,0.6416497900324867,0.6003212691150241
4506,26,128,0,0.06610690354618909,-0.7526805835150341,-0.1574088804555433,-0.08741931940934974,0.7767353967402661,0.5453591753936532
4507,27,128,0,0.5686564768383303,-0.8848950972842865,-0.29097169448486554,0.014197829999282317,1.0914557376348488,0.3957075250763368
4508,28,128,0,0.8794137558794038,-0.8843641639402947,-0.18050245554669084,0.21374117375402837,1.278176417521412,0.39793400291104974
4509,29,128,0,0.8824060920174875,-0.8316993389969795,0.13462495635281038,0.46753987846871536,1.3065533737850605,0.5146145106001697
4510,30,128,0,0.5936998483739254,-0.801302989576582,0.5051150713452306,0.6755651096139433,1.3061758854348011,0.5352705036469341
4511,31,128,0,0.13826861233607837,-0.815000293439348,0.745167004233058,0.7264195588779468,1.329023298208752,0.4765215077294572
4512,32,128,0,-0.31881686853640334,-0.8290395141422247,0.7196039209048228,0.5557352713050548,1.2710712829840156,0.5150362313101815
4513,33,128,0,-0.6505507937965419,-0.761374389345704,0.40380126679949296,0.189006779860979,1.096214541941105,0.6518114988639443
4514,34,128,0,-0.8172151496506538,-0.5442909344512682,-0.10969757576771223,-0.25459365554404384,1.0202669796268853,0.6216102977927099
4515,0,129,0,-0.8496157037807053,-0.23085066286029782,-0.5595648806822356,-0.6071010930021612,1.2069894222697914,0.6536553193766678
4516,1,129,1,-0.8692023845493303,0.27021486009125967,-0.996427128264001,-0.7306744403414529,1.53469248243064,0.4582545681245706
4517,2,129,0,-0.9042798274430041,0.7034478423011444,-1.2245027585938613,-0.5243397165579387,1.7569576025967504,0.3105881634067719
4518,3,129,0,-0.9544779747543448,0.937900513011224,-1.2392331428805337,-0.03392649368266764,1.8241533285294411,0.3278057372256537
4519,4,129,0,-0.9584348391724277,0.9185896821459324,-1.1077988109940304,0.5800640539124793,1.8237589910307803,0.345249295679857
4520,5,129,0,-0.8320990618882881,0.6986678164373611,-0.9163096531633417,1.1020038899380087,1.7984886767615595,0.3265940241933262
4521,6,129,0,-0.5263012946218643,0.42141145545597225,-0.7165740499106904,1.3454099121777818,1.6667893893056211,0.4238957386372916
4522,7,129,0,-0.07088922241527319,0.2577113276988527,-0.5025712530807475,1.2256446735456121,1.351378237390565,0.6220782605563737
4523,8,129,0,0.4213214761146096,0.32696142914717335,-0.22916506999137293,0.7897235209729315,0.9800997047583427,0.7805539460650797
4524,9,129,0,0.7970179123661659,0.63854975351542,0.13864004142388153,0.1911951648720414,1.0482175310991455,0.8208232870748998
4525,10,129,0,0.9328126342284552,1.0826125877588286,0.5756254047579854,-0.37734521784694847,1.5861662730574158,0.7174389799150367
4526,11,129,0,0.7989760818280295,1.4760547910253607,0.9773018864520494,-0.7631218277955968,2.0867617081887953,0.4849575101996528
4527,12,129,0,0.4828690746427987,1.6437553329513968,1.1883669953634821,-0.9086124986899589,2.274398145949251,0.26423090692582085
4528,13,129,0,0.15683159335628238,1.4978943464682342,1.0699208649178287,-0.8609596610596871,2.038201613436388,0.48017861139596096
4529,14,129,0,0.0023292700607655628,1.0787254247621407,0.5744252169251565,-0.7348618457182956,1.4260575828693909,0.8165549520552309
4530,15,129,0,0.12460363959372016,0.5378409180185082,-0.21010203409270548,-0.6497342057517465,0.8781209045164218,1.0045933332248675
4531,16,129,1,0.4985523282050949,0.07167161141953561,-1.0732526530813034,-0.6723980679250648,1.362967961082582,0.9585762341379263
4532,17,129,0,0.9733290874160713,-0.16405386582440562,-1.7530908580196407,-0.791692511746713,2.1620332497281334,0.7189582641000529
4533,18,129,0,1.3360758295418806,-0.11976555774393029,-2.036907835995329,-0.9341970417453576,2.6117350662447927,0.5393954805562409
4534,19,129,0,1.4070726198730301,0.13167516825596956,-1.8478930272792433,-1.0095912991696687,2.5359761314251235,0.7018763660964006
4535,20,129,0,1.122978572124814,0.43354136966421347,-1.277953578992446,-0.9603201122782562,2.001104460233781,0.8993360590514328
4536,21,129,0,0.5694654164122519,0.6187889305052374,-0.5501793261012206,-0.7897504780428208,1.2781211638352024,0.8878347633771092
4537,22,129,0,-0.052509172692179515,0.5833178817531893,0.07382441973220687,-0.555616577519929,0.8106644130302014,0.6654068910663725
4538,23,129,0,-0.5120111540681498,0.32544273269296853,0.40122460826957074,-0.33440536012718286,0.8005476408782471,0.42739411033448743
4539,24,129,0,-0.6465407850935416,-0.06432917053644416,0.3825442890308745,-0.17759620932053924,0.7746184709948777,0.4716618586176811
4540,25,129,0,-0.4293499467443636,-0.4546435089158926,0.12123720310210394,-0.0845095331311093,0.6425592716433264,0.5844075361944903
4541,26,129,0,0.023683688995983814,-0.7379550039145127,-0.184199813295076,-0.007083823003783015,0.7609981975623968,0.5378525321592021
4542,27,129,0,0.5087980604182315,-0.8758865321950562,-0.3373708799255714,0.11579398987526941,1.073908768135834,0.3902142620738341
4543,28,129,0,0.8238374259067714,-0.9042335696718037,-0.23505169978326684,0.31342301238249204,1.2844569821944318,0.38471789925175526
4544,29,129,0,0.8509136277169904,-0.8981936385760039,0.08892786989355436,0.5536559718050237,1.3583993946450579,0.5032751119591091
4545,30,129,0,0.5958479271237045,-0.9189704894949428,0.484948819259395,0.7473022489029711,1.4117993913218372,0.5276371010597902
4546,31,129,0,0.17000422438717358,-0.9719886139750782,0.7612123643889972,0.7879147017616969,1.474420951749394,0.4631656942244051
4547,32,129,0,-0.27213993926930674,-1.0000939560773434,0.7732256147128919,0.6091186179244157,1.4293884739559826,0.497693440574282
4548,33,129,0,-0.6063991354397132,-0.9160018632960849,0.48709355565186124,0.23063800009023,1.223614867540896,0.6514600119610843
4549,34,129,0,-0.7871797450936465,-0.6568191889592366,-0.010964298811439456,-0.2325698595502788,1.0513193394446954,0.6318454857123322
4550,0,130,0,-0.8182611826305631,-0.27939168515240437,-0.44949222111001896,-0.597017972397384,1.1428406682194023,0.6832004763170433
4551,1,130,0,-0.8446328709815758,0.26579399028861384,-0.8901964167199506,-0.7430952160403146,1.4590035272264303,0.4866329968492452
4552,2,130,0,-0.8687475304551439,0.7289621882311815,-1.137181923894672,-0.551701120197066,1.6981357418069347,0.3235794936231583
4553,3,130,0,-0.8928463785367293,0.9767185597183597,-1.1833556312416076,-0.05998703366296239,1.7762552729727121,0.3478607798124338
4554,4,130,0,-0.8659360023279388,0.9587226100168489,-1.091922591434706,0.574015161566382,1.786276169711384,0.38674699448702954
4555,5,130,0,-0.7166753581830928,0.7361444668900022,-0.9438321551269226,1.1287579823091534,1.794560103434207,0.3643769800997704
4556,6,130,0,-0.404555586344326,0.45884588754126454,-0.784758822994273,1.405616165890745,1.7221521381796345,0.42736487582688343
4557,7,130,0,0.040088988823401214,0.2994295036398445,-0.6021008431948559,1.3072253243430845,1.4705878513896153,0.6172746679656124
4558,8,130,0,0.511950714084618,0.37368120065466387,-0.34477946586037167,0.8736293869863813,1.133063263573409,0.7858554904688944
4559,9,130,0,0.8689185615055861,0.6846350465639977,0.025967779337332058,0.26091286997538643,1.1368792657072824,0.8318090320091888
4560,10,130,0,0.9963638368236551,1.117399526539615,0.48503047917226716,-0.32724643722986596,1.6073790447951692,0.7237816663797096
4561,11,130,0,0.8661155356867519,1.4885008750671969,0.9236485681486184,-0.7239227108723564,2.083982184423258,0.4885083602550109
4562,12,130,0,0.5590202001404068,1.6278650044217169,1.1784694303611354,-0.8618544872982546,2.2569961037533437,0.29361008173449216
4563,13,130,0,0.23635200286557279,1.4559473510697307,1.1007580764350038,-0.7886519705358352,2.002319962396739,0.5050700251589993
4564,14,130,0,0.07011045729446036,1.020486243036552,0.6342003080121602,-0.6307553422253201,1.3588119740705094,0.8206832103254038
4565,15,130,0,0.16328705627102233,0.4760521900432284,-0.13821100800290553,-0.5260611646750334,0.7410337253479371,0.9994204958273469
4566,16,130,0,0.4978545054999686,0.016123984070748703,-1.0058609051016503,-0.5583045515584321,1.253626429288927,0.9650011780265112
4567,17,130,0,0.9367068528208419,-0.21077232429792506,-1.701748469737939,-0.7233351057846075,2.0835081546102288,0.7601320497241438
4568,18,130,0,1.2810925899942591,-0.1625498045955877,-2.00538032961029,-0.940403254412148,2.5638894692262175,0.6093599823618102
4569,19,130,0,1.3588387830436781,0.08437989533596897,-1.832520831165984,-1.0992278361922239,2.5337713467394094,0.7384867873101827
4570,20,130,0,1.1034722249438702,0.37588012585902214,-1.2707944538468159,-1.1169773267202379,2.0546273902032177,0.910357710098406
4571,21,130,0,0.5876945403915346,0.5525535387675221,-0.5435136493745852,-0.9762395965297197,1.3780969207205704,0.8981995848476904
4572,22,130,0,-0.004761013279208026,0.5190043866749504,0.08357286531015973,-0.7265092686930599,0.8967654999766443,0.6874902652426247
4573,23,130,0,-0.45665159117968834,0.2783093833585886,0.4118014074033739,-0.45138690678928023,0.8119835757899128,0.449266138935833
4574,24,130,0,-0.6093050004313106,-0.08166257557405193,0.38706910854321486,-0.22132966707270746,0.7594278610341747,0.463152909104587
4575,25,130,0,-0.4280880757023847,-0.43960364718674766,0.11171110476397596,-0.05846375828978619,0.626424895050808,0.5672052636599719
4576,26,130,0,-0.012832257424116476,-0.7016847145811477,-0.21263789911702247,0.06751869692617264,0.7364100461583443,0.527802636088171
4577,27,130,0,0.4496011057521779,-0.840968350599857,-0.383268918871032,0.21087112718823361,1.0491570985598062,0.3858089658687885
4578,28,130,0,0.767178586500627,-0.89695166337101,-0.2898801240697031,0.4054651657249304,1.2812172949801035,0.37423351723219017
4579,29,130,0,0.8209675042846024,-0.938405830740952,0.03882749553606624,0.6307138413376223,1.3978199706415586,0.49133287737883113
4580,30,130,0,0.6054374450087393,-1.0119046653040107,0.45448711251861346,0.8091572874849869,1.5005997477069961,0.5175392795412415
4581,31,130,1,0.21589207970300503,-1.1055572494654948,0.7622179835270599,0.8405758226657395,1.5988777908228136,0.4473581444232354
4582,32,130,0,-0.20637265727122808,-1.148944096381206,0.8111567183954023,0.657452140923507,1.5661675356363747,0.4766786926020772
4583,33,130,0,-0.5415399771974173,-1.0505787151460384,0.5597349253117927,0.2734832231707481,1.3360679038097352,0.6447743462771437
4584,34,130,0,-0.7380583568378353,-0.7535790769496584,0.08727758954011562,-0.20218041690730537,1.0775462226425412,0.6394228744886037
4585,0,131,0,-0.7716317633723632,-0.3182604673952486,-0.33038396867889136,-0.5748104263476168,1.0659577366620725,0.7022510382153218
4586,1,131,0,-0.8080252339610975,0.2621910245248055,-0.7633593051287961,-0.7415169771321897,1.3616951818087748,0.507034199111757
4587,2,131,0,-0.8232967269334863,0.7469169561040745,-1.0218524025172175,-0.5682535976384311,1.6133186057485351,0.3371203512553817
4588,3,131,0,-0.8220457687912097,1.0024379252098643,-1.0981598158021246,-0.08306918132347324,1.7010280743758748,0.3725441204676368
4589,4,131,0,-0.7644920551195902,0.9846242555187684,-1.0513500010352177,0.5606921430592835,1.7244261453776522,0.43054710613058306
4590,5,131,0,-0.5933495907007637,0.7625928446688307,-0.955272795929681,1.138823798806543,1.7728726245549447,0.40641787156896914
4591,6,131,0,-0.2777301673156706,0.4909466484877376,-0.8467293245566389,1.443624523752355,1.7661157867314046,0.4367032233819496
4592,7,131,0,0.15165232303969903,0.34108935617756064,-0.7041379714349604,1.3666853192101387,1.5820807250396611,0.6122669909609587
4593,8,131,0,0.5982679992151764,0.4224848552651838,-0.46918976457921796,0.940756429189377,1.2812414862391959,0.7865384060452129
4594,9,131,0,0.933070538504976,0.7305437866179229,-0.09927572838636001,0.32235071739865634,1.2321040983805263,0.8363323742226505
4595,10,131,0,1.0516870595859387,1.1461578489307946,0.3799890342146931,-0.276711820628159,1.6250183333627195,0.7248518357613016
4596,11,131,0,0.9277819690216835,1.4880641491929847,0.8550260110751688,-0.677879677274099,2.065358233002581,0.4913113357491838
4597,12,131,0,0.6344558648393083,1.5944713719287769,1.1544819075943042,-0.8052754102501323,2.2194977273350682,0.3263035463057095
4598,13,131,0,0.31964450153418567,1.3965334648741246,1.1204242571006986,-0.7064032658203028,1.9511110721165024,0.5293022559578177
4599,14,131,0,0.14360190326068648,0.9499661508765185,0.6884474793658169,-0.5176626967981106,1.290345610265978,0.818396164130461
4600,15,131,0,0.20589761639982165,0.41062249878598867,-0.06349957357162546,-0.3934445075284007,0.6081409715653283,0.9837149635034077
4601,16,131,1,0.49615927492635753,-0.034127396295344385,-0.9258126705431473,-0.433228911401262,1.136730001313199,0.9609879924475501
4602,17,131,0,0.893185892925459,-0.2461960002955745,-1.6287288961096618,-0.6400865163870573,1.980116682260342,0.7937663820421998
4603,18,131,0,1.2151470914428946,-0.1928883106500371,-1.9465982873145424,-0.927385895634955,2.4825547014771114,0.6725837594969882
4604,19,131,0,1.2995966084716808,0.046047725565430346,-1.7896177842747598,-1.166829253611872,2.501058587610011,0.7712363904210705
4605,20,131,0,1.0774387546665223,0.32124388972698825,-1.2413116774938349,-1.2517996073993507,2.0909157908705933,0.9129264246201376
4606,21,131,0,0.6069551946144973,0.48407944846269957,-0.5234831983268475,-1.144451971250312,1.4786928329178797,0.8976657830455895
4607,22,131,0,0.0518515723613942,0.4505660761950797,0.09701539062527073,-0.8851301742343306,0.9992826356604271,0.701858680175181
4608,23,131,0,-0.3872443375622755,0.22971059257459123,0.4188110530030606,-0.5628646398567305,0.8336332732284591,0.4726771650828629
4609,24,131,0,-0.5572396592422361,-0.0939819046866613,0.38507099796469063,-0.2654392171077263,0.7335436508437801,0.4599580731323575
4610,25,131,0,-0.4154382446312761,-0.41136888012335,0.09690130032560405,-0.03686948627315025,0.593769746331938,0.5491466573892353
4611,26,131,0,-0.04363842979551255,-0.644792209621704,-0.24291812494220866,0.13533065998672664,0.7035516392573745,0.5146379303311972
4612,27,131,0,0.39106491749365,-0.7804727505787938,-0.4282469377967865,0.2978018453045264,1.0169320837152545,0.3818334586404319
4613,28,131,0,0.7092100499882523,-0.8620149991396349,-0.34406217265028133,0.48820073050499035,1.2660045361926955,0.36792422248193885
4614,29,131,0,0.791795753515474,-0.951004965789163,-0.014586579070791264,0.6972961850246343,1.420487838096364,0.48053545596545016
4615,30,131,0,0.621098958595199,-1.0781844500193487,0.41450991671850657,0.8599573868168565,1.5683082614175141,0.5058051852938031
4616,31,131,0,0.27420018305282085,-1.2135583801765293,0.748208848007241,0.883267690765508,1.6993787030174994,0.42927704162390745
4617,32,131,0,-0.12321105318293947,-1.2735717249564729,0.8324011452238248,0.6994038714420122,1.6790543005492897,0.45264282304185927
4618,33,131,0,-0.45727674528394235,-1.1634602435594388,0.6197069658271831,0.31591116038782147,1.4305867135106414,0.6326780417868549
4619,34,131,0,-0.670630298847912,-0.8333917635281629,0.18224385102139565,-0.1652625405181368,1.0976389924665753,0.64450333604137
4620,0,132,0,-0.7105803618607077,-0.34698145966439886,-0.2055497083789497,-0.5425404960226216,0.9807759461018988,0.711224201468253
4621,1,132,0,-0.7601107131350967,0.2597414735520542,-0.6194090927132441,-0.7277723181382795,1.2484206424478679,0.5190035618819124
4622,2,132,0,-0.7689857233102443,0.7575404398241693,-0.8816976533646291,-0.5753869576396582,1.5078685166799162,0.3497761810127105
4623,3,132,0,-0.7437673157130169,1.0151040586277342,-0.9861058534522097,-0.10411740034306538,1.6021458288908517,0.4005530355674263
4624,4,132,0,-0.6564437714628482,0.996017760681493,-0.9875480928498876,0.5394006846912347,1.6398701591961988,0.47591100115091584
4625,5,132,0,-0.46484353350936575,0.7773073845294025,-0.951000715104793,1.1314771460364577,1.7334731531875676,0.4521076518984829
4626,6,132,0,-0.14852109655740792,0.516599837638158,-0.9018076789412702,1.458464389455873,1.797027927851629,0.45303681459759654
4627,7,132,0,0.2614641219538106,0.38135123204051674,-0.8071412280132378,1.4027568640574586,1.6831506263156992,0.6080578720921139
4628,8,132,0,0.6783933331261752,0.47210367102522677,-0.6002809517030449,0.9896558366966142,1.4222711720029784,0.7827926845349948
4629,9,132,0,0.9878819306789662,0.7753759701718003,-0.2347688191057888,0.3740636529292355,1.3312244810507927,0.834571148566766
4630,10,132,0,1.0971648901782647,1.1685313358038174,0.26262623080656317,-0.2270699236680098,1.640051696239358,0.7213862691297607
4631,11,132,0,0.9820820468532238,1.474912247051793,0.772982475200244,-0.6262635395990073,2.032131691414845,0.4945478207623065
4632,12,132,0,0.707004337178553,1.5440689099867897,1.1170911050823975,-0.7403122159316764,2.1633212072387584,0.361168594493964
4633,13,132,0,0.4045634480888478,1.320202227487438,1.1286243530106042,-0.6160838420348812,1.8867850263390888,0.5523249425003446
4634,14,132,0,0.22118776305959537,0.8675611013227013,0.7359723822655906,-0.3980152439774448,1.2254214674762636,0.8103402439270583
4635,15,132,0,0.25182121177782263,0.3417535948200224,0.012208482937866388,-0.2547148605127014,0.49521525571745884,0.9584020529104609
4636,16,132,1,0.494049167864054,-0.07892992292385044,-0.8351773917123458,-0.29992023883522123,1.0187187729154414,0.9467802737825065
4637,17,132,0,0.8443256767744862,-0.2699725587551335,-1.5359624791723638,-0.5439402011447242,1.854945473804598,0.8185292135211861
4638,18,132,0,1.14018631050389,-0.21002024280083162,-1.8620812410894574,-0.8957577876097612,2.369358961307337,0.7270679070815045
4639,19,132,0,1.2309378337581147,0.017880920058745073,-1.7202058695268727,-1.2113116043734329,2.4376036827843266,0.7988130587460464
4640,20,132,0,1.0455128107461482,0.27107531758529,-1.190128585754568,-1.3621606602748952,2.1067668547489977,0.9072088140241358
4641,21,132,0,0.6267027536948969,0.41466872367143953,-0.49052562786580034,-1.2908295099270113,1.5721204493204755,0.8861521886404544
4642,22,132,0,0.11583586594883781,0.3787512545638138,0.11368725990547998,-1.0278628294341443,1.107383063745767,0.7074998959062244
4643,23,132,0,-0.30567049018479814,0.1795730870501683,0.4216573474671539,-0.6660040789755237,0.8643131921055087,0.4953157775175306
4644,24,132,0,-0.49199045027351196,-0.10217753259853543,0.3758809390100411,-0.3084027842630449,0.6992092740950495,0.4621137568369041
4645,25,132,0,-0.39240359088348586,-0.371352689664336,0.07626345367775306,-0.01959258857309566,0.545970129359697,0.5309489914550847
4646,26,132,0,-0.0690728163527487,-0.5687331466241995,-0.27521817187607,0.1954371471310974,0.6649580187030696,0.49796082931880103
4647,27,132,0,0.33317325786603535,-0.6954082931045301,-0.4719547345995153,0.3751783485084118,0.9788243859733073,0.377424399418007
4648,28,132,0,0.6497170766541566,-0.7996648241514852,-0.3967416307588998,0.5602439846353634,1.238092627624682,0.3668599372602265
4649,29,132,0,0.7625516557840089,-0.9354152207423401,-0.07019151117835115,0.7523097701542557,1.423862177827062,0.47294191727939383
4650,30,132,0,0.6412164684537719,-1.1166248009035138,0.3660007039643156,0.8988632212869084,1.6124270871248072,0.4937768166581816
4651,31,132,0,0.34275855253552573,-1.2945505298591116,0.7195753500566734,0.9151459081845899,1.7744365915329117,0.4093301685782138
4652,32,132,0,-0.024929641509028412,-1.3726223020493435,0.8363975923100551,0.7338288298563738,1.767138691517856,0.42622299055779167
4653,33,132,0,-0.3555344675728052,-1.2535892947319642,0.6653478386740425,0.35632512590329785,1.5058373814184194,0.6162868698248803
4654,34,132,0,-0.586237066641875,-0.8955343163875861,0.2712808335334546,-0.12378263688876054,1.1111125244413331,0.6473917549222357
4655,0,133,0,-0.6363660056834355,-0.36535877683486057,-0.0783876663357389,-0.5024433245660971,0.8927724512071098,0.7109928467874346
4656,1,133,1,-0.7018883259249894,0.25872149299992586,-0.46223569765592265,-0.7039051444156278,1.1263784113396964,0.5224832271039841
4657,2,133,0,-0.7070209478484832,0.7612066214580161,-0.7205224534029973,-0.5746401946270403,1.3887685553708984,0.36024653956299696
4658,3,133,0,-0.6597732651718013,1.0150458167160443,-0.8503525102355052,-0.12407369664061756,1.4846253552092172,0.4303071906776244
4659,4,133,0,-0.544165304873499,0.992945961226017,-0.9026006100289126,0.5096444356077553,1.5350839953936197,0.5219127949746076
4660,5,133,0,-0.33389125348628335,0.779839353031027,-0.9318002610647449,1.1063658288299505,1.6768809914282536,0.5005113556410419
4661,6,133,0,-0.019606984715879693,0.5348279357110518,-0.9494803244490657,1.4496296273903313,1.8136604692693525,0.4765354315585728
4662,7,133,0,0.3672547749571497,0.4188989201397516,-0.9095039020839335,1.414616709262482,1.771634882545947,0.6054545864499377
4663,8,133,0,0.7505731316075139,0.521247363198256,-0.7357107104998734,1.019202017858703,1.554059793664235,0.7748583925886197
4664,9,133,0,1.0319308065043096,0.8182607610207192,-0.3778804930884266,0.4147548543703825,1.4315191646357346,0.826838572747014
4665,10,133,0,1.131352097900705,1.1843203091019578,0.13539276248065052,-0.17966578070335706,1.6532341506464145,0.7142702102554658
4666,11,133,0,1.0272463669687555,1.449514292456126,0.6793648407020861,-0.5704631027906227,1.9857722731755436,0.4993800332600406
4667,12,133,0,0.7745346873016283,1.4775428852802823,1.067226635196232,-0.6685380796981873,2.0902040126635066,0.397198341004912
4668,13,133,0,0.488920992763902,1.2278736532764574,1.1252211914050005,-0.5196547973308877,1.8118723143620272,0.5736183889901175
4669,14,133,0,0.30116492698826397,0.7738985953287543,0.7756154658765675,-0.2742745119975349,1.168941918120005,0.7972904589897541
4670,15,133,0,0.3003702350831229,0.2696632335265359,0.08696149014154331,-0.11271126582852763,0.42802648031656204,0.9247111756424196
4671,16,133,0,0.49209706302454803,-0.11833103819414192,-0.7363358150232331,-0.16118762666527794,0.9079282116518923,0.9229612223804357
4672,17,133,0,0.791753281997721,-0.28208845083180456,-1.4258536733391654,-0.4370740645871573,1.711881885340335,0.8335068206301368
4673,18,133,0,1.0582671072394472,-0.2135388447331634,-1.7539138550390745,-0.8464784352017769,2.2267167894985205,0.7712941891546451
4674,19,133,0,1.1545346985685765,0.0008307155955230698,-1.6258528713702578,-1.2320835450059564,2.3440090617368763,0.8201469219735237
4675,20,133,0,1.0083030108604518,0.22673391676170832,-1.1182798635737359,-1.4460061655305252,2.099896881931859,0.893635655168883
4676,21,133,0,0.6462140819898062,0.34569443372433273,-0.4452776221416287,-1.4123722621150392,1.6523210489617237,0.8639098401998812
4677,22,133,0,0.18537823460485653,0.3044490959596288,0.133146399023054,-1.151546933833901,1.2127830169865152,0.7037366286241608
4678,23,133,0,-0.2142080490566233,0.12791519949254598,0.41992475408870467,-0.7582676507430611,0.9019722921474487,0.5153253192247409
4679,24,133,0,-0.41557885794812044,-0.10720498084147281,0.3590583999309255,-0.34881965199361153,0.6593912186771865,0.46933313380462216
4680,25,133,0,-0.3602551146717497,-0.321249460285028,0.049420542449910274,-0.006462526988935646,0.4852516024205416,0.5136888699793936
4681,26,133,0,-0.08959484718467667,-0.47545739102837103,-0.30966939107149194,0.2470826975489969,0.6253254820653229,0.47766597334722477
4682,27,133,0,0.2759071210291406,-0.5874400918177226,-0.5141010757853464,0.44184031698772736,0.938473964875355,0.3716403611013724
4683,28,133,0,0.5885174651958632,-0.7108905935474783,-0.44714374650567257,0.620516846609949,1.198622930616937,0.3714716668597086
4684,29,133,0,0.7323519680771401,-0.8918386068738472,-0.1268589521992059,0.7950047834131171,1.407068337096661,0.47064439761386323
4685,30,133,0,0.6639863708238947,-1.126808964966644,0.31011653623554813,0.92538407485876,1.6318959207676276,0.483271526282831
4686,31,133,0,0.4190319866691422,-1.3478301153342236,0.6770575499726885,0.9356766511185054,1.8237685015037177,0.3882289670580045
4687,32,133,0,0.08569218878469202,-1.4454293698534528,0.8230316107255876,0.7598030865673435,1.8306531558611745,0.3980076447085178
4688,33,133,0,-0.23879804175159972,-1.3205129840679664,0.6953984171198575,0.39321655551895934,1.5617225310225509,0.5968450224392764
4689,34,133,0,-0.4867388964899717,-0.9397528351210004,0.35194260121274035,-0.07976552432288081,1.1181575371534762,0.6485003760529511
4690,0,134,0,-0.5506135361280232,-0.37348344427667746,0.04771380918202609,-0.4568451400189509,0.8084857691151834,0.7028675043843757
4691,1,134,1,-0.6345946876998505,0.25933033929966165,-0.2960141008933134,-0.6720902968734589,1.0046354351789903,0.5178088973206637
4692,2,134,0,-0.6387237677470817,0.7584103905086583,-0.542645576400867,-0.5676336490359466,1.2648425012711333,0.3674681951615569
4693,3,134,0,-0.5718504428654954,1.0028518541782978,-0.6946692848790699,-0.1438270695729556,1.3549820706306988,0.46017974332495376
4694,4,134,0,-0.43000163713717837,0.9757587138295624,-0.7991495186271167,0.4711606340822281,1.4133784955862654,0.5674758470220357
4695,5,134,0,-0.2031659317513909,0.7700011019813305,-0.8988454932688722,1.0635374781301232,1.6041238359409846,0.550419086301829
4696,6,134,0,0.10642484196059099,0.544809581517249,-0.9894033134275425,1.4171062068643672,1.8152830757912806,0.5063848837942588
4697,7,134,0,0.4668874582208456,0.45246603592475365,-1.0095838605907843,1.4019178743095084,1.845898889479937,0.6049636267183126
4698,8,134,0,0.8132350462940697,0.5686242806025547,-0.8729553771383729,1.0286278680792549,1.6747570553593027,0.7630124198830674
4699,9,134,0,1.0640133432298116,0.8583595722266781,-0.5257229436263499,0.4433107458632725,1.5302988533803623,0.8135644627272598
4700,10,134,0,1.1530252084082433,1.1934636517626565,0.0010154417043975916,-0.13582971527141816,1.6650145230526063,0.7044920183186911
4701,11,134,0,1.0616868399998474,1.4126068329519068,0.5762814479814113,-0.5119578404237904,1.9279103061061271,0.5068215700803791
4702,12,134,0,0.8350213877232584,1.396130852037468,1.006043623472706,-0.5916343841445014,2.002148119095657,0.43352938946617675
4703,13,134,0,0.570549717110169,1.1208081682913742,1.110242137919428,-0.41913217295252647,1.7291753274376105,0.5927032014080934
4704,14,134,0,0.38178902703752454,0.6698241267715259,0.8062824944112779,-0.14888306475028223,1.1254709457533794,0.7801081842249395
4705,15,134,0,0.3507994684664441,0.19458765676731785,0.1587289495098239,0.029780711303680988,0.43244235849507234,0.8841693832691796
4706,16,134,0,0.4908467855019565,-0.15256829357139517,-0.6319218309494303,-0.01983409272706852,0.814816692701909,0.8904788079840632
4707,17,134,0,0.7371158488580941,-0.2828637766251375,-1.3012247738521374,-0.3217949178172833,1.5556637078700533,0.8382069183000352
4708,18,134,0,0.9714986395720345,-0.20340073511536752,-1.6247006486712756,-0.7808246976217601,2.057795148197401,0.8041548721675925
4709,19,134,0,1.072094933705753,-0.00442825946077195,-1.5086423031670986,-1.2290533845262097,2.2217067712189325,0.834415661540131
4710,20,134,0,0.9663778089827906,0.18946158659756443,-1.0271947161770785,-1.5018970537733167,2.0689624229467105,0.8729030817627795
4711,21,134,0,0.6646110463506513,0.2785710253188922,-0.38856435176969195,-1.5067066380481626,1.7147760225997808,0.8315437751191381
4712,22,134,0,0.2583981966353031,0.22867878990403653,0.15498630992554818,-1.253552840018206,1.3093811881795154,0.6902327453930518
4713,23,134,0,-0.1154645647216239,0.07486264344240304,0.4133999214258888,-0.8374762030766092,0.9440351512756733,0.5313329900042625
4714,24,134,0,-0.3303409603948911,-0.11004438036124797,0.3344221210390312,-0.3854461456429516,0.6177716422716097,0.4810840923331289
4715,25,134,0,-0.3204895863905708,-0.2629800595548241,0.016197224866448437,0.0027201786527805212,0.4148997905199945,0.4988240846305465
4716,26,134,0,-0.10576353678281222,-0.36735595589072306,-0.34632870156170836,0.2896844709027552,0.5916054312198497,0.45406048068119303
4717,27,134,0,0.21925676767814656,-0.45885135896747986,-0.554441571637495,0.4968958493951365,0.9016257767527176,0.36358375498698065
4718,28,134,0,0.5254800928300856,-0.5974122920609363,-0.49458397781406427,0.6682661135060151,1.15074918389588,0.38142296589902663
4719,29,134,0,0.7003160646151125,-0.8212556148960126,-0.1834816679849246,0.8249837025068587,1.3708271252220978,0.47535955582703726
4720,30,134,0,0.687482292048016,-1.1090988609287893,0.24815454296951955,0.9393823439744805,1.6268841540074486,0.47643100623466317
4721,31,134,1,0.5002044343051284,-1.3734418972770115,0.621720609406545,0.9446469933027398,1.8480913341637484,0.36706434746984684
4722,32,134,0,0.2054598322669491,-1.4920193004337232,0.7926356078692931,0.7766508703086735,1.8707734006970067,0.3685107556491409
4723,33,134,0,-0.11003276458372807,-1.3643822869897448,0.7090369879437373,0.4252149646359643,1.5991208368212817,0.5756495591331005
4724,34,134,0,-0.3744550474206168,-0.9662625257611543,0.42206157674144845,-0.03522368453553052,1.11948940760636,0.6483048111439952
4725,0,135,0,-0.45526221177438075,-0.37173290247248675,0.16947338783092114,-0.4080813629282531,0.7353235071739451,0.6885646191199306
4726,1,135,0,-0.5596672045856665,0.26167466021750463,-0.12508585351957677,-0.6345525700043085,0.8944296744509737,0.5057129397076384
4727,2,135,0,-0.5654950049379655,0.7497392042621298,-0.3527787865179133,-0.5560017528549684,1.1469456379498768,0.37066923113990907
4728,3,135,0,-0.4817646540729771,0.9793398525378707,-0.5233317297129189,-0.16416644911934292,1.2214869835670468,0.48865139941167024
4729,4,135,0,-0.31620870064924717,0.9450920702084449,-0.680320959403382,0.42394857146594733,1.2789667558575262,0.6114297333321639
4730,5,135,0,-0.0752100789470497,0.7478637041426249,-0.8536638654540708,1.0034571294933365,1.5167810922681433,0.6004239260542547
4731,6,135,0,0.22714845000040845,0.5458957401670849,-1.021403252701759,1.3613883688978898,1.8017329083608224,0.5410006068301524
4732,7,135,0,0.5584196521406817,0.4808616482093959,-1.1057351551774803,1.3648111549201485,1.9048412413126226,0.6067177494899015
4733,8,135,0,0.8650377886522365,0.6129620257449513,-1.0093618322443996,1.0175532436968207,1.7827615468568414,0.7475583427476951
4734,9,135,0,1.0831862220143533,0.8948683867707037,-0.6752118223734961,0.4588336118010197,1.6249680334070071,0.7952768737493621
4735,10,135,0,1.1612261727771147,1.1960169885560472,-0.13755970420265026,-0.09684478020100355,1.6754714097619698,0.6930862054955973
4736,11,135,0,1.0840489080809095,1.3651524369927646,0.4660589327248779,-0.45228737643711575,1.8602628876037168,0.5176055753478174
4737,12,135,0,0.8866053412775091,1.301374721584158,0.9349013108678494,-0.5113601048160007,1.9013613057543555,0.4694314719598168
4738,13,135,0,0.6473636201220566,1.0005677830556499,1.083884081417028,-0.3165509268030005,1.6417139630141133,0.6091517484672043
4739,14,135,0,0.46132033778153986,0.5563824848810264,0.8269760901307234,-0.024217995096944205,1.0985690185271353,0.759693274777485
4740,15,135,0,0.40232254170793663,0.1167844314131947,0.22545486879816992,0.17008669829804662,0.5052340188363886,0.8385909252422148
4741,16,135,0,0.4907940811627003,-0.18205362586239354,-0.5247564462163739,0.12140629908582856,0.7510866595122957,0.8506768708472736
4742,17,135,0,0.682032901300816,-0.27293800786674244,-1.1652486011124903,-0.2004824224659711,1.3919991159147747,0.8325698322028026
4743,18,135,0,0.8819846680807711,-0.17992596851666084,-1.4775080315066895,-0.700355366976234,1.8664934856825497,0.824922603625863
4744,19,135,0,0.98531787879626,0.002482639200958477,-1.3711314970529132,-1.2026242268962284,2.072960226126222,0.8410406486596036
4745,20,135,0,0.9202550469970295,0.1603496131816257,-0.918671790073181,-1.5290365882299015,2.0135769406687696,0.845965324482631
4746,21,135,0,0.6808909462953472,0.21472174805886307,-0.32138620834484294,-1.5721359225582794,1.7563081630935027,0.7900410265261762
4747,22,135,0,0.33261215018192364,0.15257360539300394,0.17884591301109642,-1.331839945093144,1.392728633818428,0.6670058886233445
4748,23,135,0,-0.012299056297811072,0.02066034478271592,0.4020860030349109,-0.9018585672299423,0.9877247317724671,0.5424316071047381
4749,24,135,0,-0.23885674630223716,-0.11165967767326959,0.3020725864274191,-0.41722487256067986,0.5786578182539454,0.49667946712111677
4750,25,135,0,-0.27478124515008157,-0.1986311209076638,-0.02335204643347225,0.008177324806652845,0.33995770559422345,0.48811793303308915
4751,26,135,0,-0.118213523581694,-0.24719540005972634,-0.3851527180043735,0.3228415071059289,0.5724065494601471,0.42799065641914574
4752,27,135,0,0.16323257406868433,-0.3124873498448684,-0.5927648831511438,0.5397350536061264,0.875772431536044,0.35250087115755013
4753,28,135,0,0.46054123473004327,-0.4616419687763189,-0.5384733580928459,0.7030712017556764,1.09976097782032,0.395684994494096
4754,29,135,0,0.665604683216806,-0.7254037128681793,-0.23899833969881545,0.8421996491949386,1.317444722349273,0.4880047473679245
4755,30,135,0,0.7097237172319595,-1.0646233000526744,0.1815158084193484,0.9410674852904146,1.5986514712073896,0.4754164275622499
4756,31,135,1,0.583272285470519,-1.3721681456534307,0.5549222049471147,0.9421656004393499,1.848963669502077,0.3473638738883492
4757,32,135,0,0.3308663288108806,-1.513096407876409,0.7459768609651447,0.7839639232330994,1.889448114422761,0.33815969138904933
4758,33,135,0,0.027410341628205954,-1.3859346549675382,0.7059015259899855,0.4511327712053173,1.619686369739075,0.5539623848462102
4759,34,135,0,-0.2520897320149454,-0.9757347766590179,0.479810600855529,0.007911168621236631,1.116193704807319,0.647293476279188
4760,0,136,0,-0.3525048637147028,-0.3607627185849116,0.28380963846755347,-0.358417486011697,0.680749897707907,0.6701479301513589
4761,1,136,1,-0.4787017875009756,0.2657552491227333,0.046162857643866594,-0.5934878070621574,0.8087892434684154,0.48732920789630335
4762,2,136,0,-0.4887781902553485,0.735842239433463,-0.1558956883266457,-0.5413286937195239,1.047715677503526,0.36939452335256456
4763,3,136,0,-0.39121726843074106,0.9455197038072687,-0.34100301672882444,-0.1857388983406199,1.094458979213539,0.5144003372578653
4764,4,136,0,-0.20489787337259585,0.9018400867581222,-0.549637789684208,0.36828964219175153,1.137118129743423,0.6525741261100221
4765,5,136,0,0.047628834202121904,0.7137481930544891,-0.7980902224661703,0.9270136305025887,1.4170417295442266,0.6490056918514302
4766,6,136,0,0.3403635855467133,0.5376219609426638,-1.04547402739825,1.283482481242272,1.7734790567904053,0.5783447014406997
4767,7,136,0,0.6401585221029423,0.5029946438959746,-1.1963407111428153,1.3039555052789238,1.947905953092698,0.6104557654397798
4768,8,136,0,0.9049143258104941,0.6530282483792935,-1.1422041723203231,0.9860056470635771,1.8767400825755298,0.7288208948467778
4769,9,136,0,1.0888018541086224,0.9270196991615327,-0.8231328717684349,0.4606708330166481,1.71307336127847,0.7725850861485676
4770,10,136,0,1.1552986754303753,1.192128157428206,-0.27723053415854504,-0.06391365833901315,1.6842880685846047,0.6810654658909672
4771,11,136,0,1.0932569494673594,1.3082926170583744,0.351194017807916,-0.3930184114058291,1.7845562583612082,0.5320830930872946
4772,12,136,0,0.9276494954168145,1.1950651459949002,0.8553381010415594,-0.42951914165288024,1.790196706973424,0.5042943648774955
4773,13,136,0,0.7174156740933674,0.8689698260512332,1.0465164989510751,-0.21392938215790033,1.5526610612589047,0.6226019732701739
4774,14,136,0,0.5380682743601407,0.4347945158751976,0.8368273750625524,0.09745198642511184,1.090110400014755,0.7369326105218399
4775,15,136,0,0.454128528105652,0.03653553592287643,0.285113896371405,0.305695731961783,0.618310100085962,0.7900589029329592
4776,16,136,1,0.49236854638185135,-0.20735235198652588,-0.41777564863768607,0.2599265508176391,0.7263057811659739,0.8053335620762553
4777,17,136,0,0.6280499097265612,-0.25324700396913713,-1.0213718592806524,-0.07553401963715582,1.2277974577184336,0.8169872512794519
4778,18,136,0,0.791767374859331,-0.14378884391682034,-1.3157950315991533,-0.6068706958739667,1.6574617383873878,0.8332380805659242
4779,19,136,0,0.8958529176243696,0.02163347865577243,-1.2162987454227698,-1.153677491971956,1.9008879112179529,0.839676654808463
4780,20,136,0,0.8703953905956123,0.14030803396379865,-0.7948462777838944,-1.5272807094710321,1.9343323011298048,0.8140165455427579
4781,21,136,0,0.6939628751791423,0.1555439458055172,-0.24490301363725908,-1.6076719119300371,1.7749267178396535,0.7408092232442441
4782,22,136,0,0.40560482422016725,0.07736011289272159,0.20441604932519547,-1.3849975802039893,1.4596246362986869,0.6344479336197786
4783,23,136,0,0.09226446092207359,-0.034320282320861005,0.38620917443378583,-0.9500879618639724,1.0302986335152968,0.5481492069132725
4784,24,136,0,-0.14387205894964297,-0.11295901169931656,0.2624051666577159,-0.4433068049457058,0.5466592196883993,0.5153524875570813
4785,25,136,0,-0.22492874022432946,-0.13038994285467312,-0.06892245497492518,0.010147417385280095,0.26916119753023554,0.48342113227641703
4786,26,136,0,-0.12762975806000335,-0.11804162073357276,-0.4259753495344899,0.34633991485274473,0.5758728283215844,0.4009746952734103
4787,27,136,0,0.10787430275616011,-0.1516832665607479,-0.6288780703126079,0.5700360800089804,0.868949617861577,0.33785538461155973
4788,28,136,0,0.39371807516631124,-0.30662550038634395,-0.5783205893640246,0.7248424006805089,1.0530357686738268,0.41276636303806363
4789,29,136,0,0.6274569924584914,-0.6067342597121883,-0.2924159316341283,0.8469445026835952,1.250860026938654,0.5084466076687895
4790,30,136,0,0.728746211936634,-0.9952444176821732,0.11166773368499004,0.9309797661920198,1.5494436098628472,0.48196946874697855
4791,31,136,1,0.6651436253172787,-1.3454969589615842,0.4782729428963157,0.9286538757053034,1.828639149106315,0.3310794604811908
4792,32,136,0,0.4582051723640717,-1.5100090304395686,0.6842339578363803,0.7816125421455782,1.8892256421841054,0.30730159035588966
4793,33,136,0,0.16990139391052966,-1.3864603103661575,0.686098915767883,0.47000358271231174,1.6256610242770895,0.5329127452374492
4794,34,136,0,-0.1226460698980186,-0.9692716677915109,0.5237545759296878,0.04785202482049214,1.1095667156739495,0.6459130811774634
4795,0,137,0,-0.24471954343539412,-0.3414906721360999,0.38792691675382895,-0.30997523468430394,0.6504425208693804,0.6499248474369383
4796,1,137,0,-0.3934063986569966,0.2714568306015148,0.21342301247063386,-0.5509886290633503,0.7599968795946717,0.4641946379700723
4797,2,137,0,-0.4100226217621884,0.717398167373919,0.04290574520456694,-0.5250891819879461,0.9799684856772313,0.3635163164068028
4798,3,137,0,-0.3018051939645786,0.9025519449894426,-0.15260518837610987,-0.20901465888082638,0.9862362088539433,0.5363513672562998
4799,4,137,0,-0.0979863910702282,0.8471202686456671,-0.4109212717175265,0.30475799550178106,0.994458551050514,0.6897418879340942
4800,5,137,0,0.16325549330368397,0.6682108027324639,-0.7342125182205083,0.8355142729129417,1.307788268465173,0.6946104136278175
4801,6,137,0,0.444152235274355,0.5197165191186088,-1.0617695606955475,1.1848980710571198,1.7316796779885326,0.6162148188620811
4802,7,137,0,0.7107084381689359,0.5178963437568698,-1.2798454013372056,1.2205166591734804,1.9750919658601338,0.6155618595459654
4803,8,137,0,0.9321070160337357,0.6876513405802496,-1.2687438447632042,0.9344322958806351,1.9556488730726693,0.7071463912569954
4804,9,137,0,1.080535213157833,0.9540844590884815,-0.966213358410634,0.44843981257073,1.7923448388682999,0.7461649730465
4805,10,137,0,1.134915845420722,1.182011170907095,-0.41480662190605955,-0.0381259108520559,1.690769795978036,0.6693452523479105
4806,11,137,0,1.0885514276712225,1.2432968977136412,0.23430134466656158,-0.3357098293665379,1.70244811850326,0.5501807283325275
4807,12,137,0,0.9567873810619795,1.0791801683152007,0.769043532321273,-0.3479261999506751,1.6710932120805124,0.5376170926419441
4808,13,137,0,0.7789503018701787,0.7280347643002586,0.9986823535631503,-0.11323476512339654,1.4652599585617425,0.6327735747722666
4809,14,137,0,0.6104332614571529,0.30643006097544057,0.8351267286766605,0.2140050583226916,1.0998922524049837,0.7126484371963739
4810,15,137,0,0.5053982680079346,-0.045849434773591394,0.3357686633844424,0.43430585835047153,0.7475906325543363,0.7408896209208577
4811,16,137,0,0.49591708009752294,-0.229157542840957,-0.31395411572645127,0.39329869739348994,0.7427637457000388,0.7567048856274964
4812,17,137,0,0.5765944334610461,-0.22499199913777584,-0.8732311467429598,0.05068774007153295,1.0715336779634421,0.7923295013447881
4813,18,137,0,0.7027742588074981,-0.09599969090854268,-1.1433343974592256,-0.5023680120612565,1.4362084679644505,0.8291056625199581
4814,19,137,0,0.8052613210192908,0.0527803504908149,-1.047480658678825,-1.0835453999891924,1.7095373422863949,0.8301967613480811
4815,20,137,0,0.8171996961557815,0.1300382605261723,-0.6581498223730522,-1.497131567892783,1.8328364392025158,0.7784581078679043
4816,21,137,0,0.7026888098505683,0.10237312685423784,-0.16041593290892353,-1.6130470546999887,1.7697191564760975,0.6857325212540578
4817,22,137,0,0.47490624778120555,0.004332973754861421,0.2314425070707348,-1.412267525863862,1.5078527506132704,0.5933582262205093
4818,23,137,0,0.19512922679964526,-0.089579077368013,0.3662170060723814,-0.981304451179169,1.0691927551635398,0.5484195621432545
4819,24,137,0,-0.048215504533389394,-0.11475764845477855,0.2161132137992494,-0.4630657358174623,0.5259551783404055,0.5363040030693081
4820,25,137,0,-0.17279890510617768,-0.060477048497662556,-0.11994684742448439,0.00888120226169062,0.21905035257120228,0.4863090149698194
4821,26,137,0,-0.13472161779913233,0.016824709361884536,-0.4684899979578473,0.3601539224993153,0.6063222832996606,0.375314469990518
4822,27,137,0,0.05325846764507609,0.019821845394975876,-0.6625919153767771,0.5877636081920016,0.8875378726388586,0.3193792037707943
4823,28,137,0,0.3251189240930835,-0.13596617818808304,-0.6137310784985944,0.7338099301352629,1.0194763198302768,0.43098184794383676
4824,29,137,0,0.585224756968466,-0.4683490289006683,-0.34282910547684536,0.8398273589432482,1.1767245291199824,0.5355443698628148
4825,30,137,0,0.7426709918415338,-0.9035033249910658,0.040105955545900455,0.9099644814500361,1.4824042314981707,0.4969723230476077
4826,31,137,0,0.742740309750545,-1.2955707870416167,0.39359097591164194,0.9048279237259489,1.7899145956825036,0.3204156309609794
4827,32,137,0,0.5836894998320301,-1.4846977456907409,0.6089624046204375,0.7697480019114661,1.8730638069647103,0.2762336978453137
4828,33,137,0,0.31364731254852385,-1.3677533496379999,0.6502008752216712,0.4811127627747482,1.6196772921661458,0.5133992902551309
4829,34,137,0,0.010669189188956247,-0.9483687080776485,0.5528901775679916,0.08301401201420261,1.1009522753964756,0.6445149028319984
4830,0,138,0,-0.13439583421572124,-0.31507359755620234,0.4793917513910994,-0.2646663005405811,0.6459089054001426,0.6302768797115423
4831,1,138,1,-0.3055518635813296,0.27854136350194336,0.37258088193985817,-0.5089771465336521,0.7542025469329618,0.4382372483789705
4832,2,138,0,-0.3306472870918218,0.6950827295359823,0.23854297947441502,-0.5085962857394125,0.9529116245931888,0.35323750271888676
4833,3,138,0,-0.21498532415268592,0.8517028768603837,0.03681617807087211,-0.23426036214579427,0.9098625326354055,0.5537021601643535
4834,4,138,0,0.0028449781716930527,0.7822338246495055,-0.26818477266314983,0.2342211087343468,0.8594652118566073,0.7218573840672138
4835,5,138,0,0.269875004481923,0.6120227625746832,-0.664310893885678,0.7306673889081515,1.1927230092954144,0.7357220111240864
4836,6,138,0,0.5369258046650481,0.49210433531841696,-1.0705929609416087,1.0676258714003526,1.6782283175585715,0.6524489290787107
4837,7,138,0,0.7690091540306678,0.5247409103288285,-1.3547887728330272,1.1161536505467406,1.9869523629364962,0.6211544437923742
4838,8,138,0,0.9461934962772378,0.7157407416144734,-1.386291803573671,0.8637029467627834,2.018750773747576,0.6829101884846795
4839,9,138,0,1.0584013006382886,0.975374377428093,-1.1011965831678063,0.4220477324222394,1.8607328375022747,0.7167477705336835
4840,10,138,0,1.1000983956136576,1.165919892229777,-0.5470802036722863,-0.020426491155893928,1.6939007249304459,0.658668371773282
4841,11,138,0,1.069516599817677,1.1715099414897325,0.11805852106449051,-0.2818768005365213,1.6154546249806838,0.571427826093272
4842,12,138,0,0.9729631434407748,0.9558202395075719,0.6778277021250498,-0.2683718766150092,1.5465197918786724,0.5690000333059788
4843,13,138,0,0.8304493039515418,0.579929789373939,0.9410965879295777,-0.016350405816786248,1.3827128156706905,0.6394862001295375
4844,14,138,0,0.6769448537128604,0.17277788016815596,0.8213526534596173,0.3234997322131134,1.1257791919070266,0.6875512650222906
4845,15,138,0,0.5553200427413729,-0.13003009331766155,0.3756266689784297,0.5538622275290217,0.8792877438982762,0.6935614759734444
4846,16,138,0,0.5016893947650197,-0.24826057562895185,-0.21622685355847485,0.5193184775843342,0.7935813100064915,0.7075603550965277
4847,17,138,0,0.5289361048097926,-0.18960146291868676,-0.7245638009989971,0.17590417304871933,0.9336257802387046,0.7599831974744766
4848,18,138,0,0.61676956340869,-0.03787810314800318,-0.9641260059546224,-0.3889946204730058,1.2094193710869638,0.8128933705206008
4849,19,138,0,0.71498245789551,0.09536740518009337,-0.8683011515400489,-0.9939732852890778,1.504069359671696,0.8126736862744027
4850,20,138,0,0.7610102024931363,0.1300097935212392,-0.5112640079327543,-1.4397146359468778,1.7117850897461382,0.7408459999889073
4851,21,138,0,0.7059280485731457,0.056446801164968516,-0.06934735116351354,-1.5887070434742312,1.7407813694493848,0.6272522471797912
4852,22,138,0,0.5380718374703697,-0.0651741316451674,0.2597255727244427,-1.413547833414512,1.5360155663899837,0.5450007636339875
4853,23,138,0,0.2932209618906129,-0.14449018742717762,0.3427686211408465,-0.995123105128986,1.1020963064792249,0.5435557094846118
4854,24,138,0,0.045287179760317146,-0.11774477510024019,0.16418071464426776,-0.47610489371301457,0.5191781366666288,0.5587226948659915
4855,25,138,0,-0.12026904424170848,0.008921485095334173,-0.17559312970262342,0.004638390633613239,0.21306970166016712,0.49766664641534114
4856,26,138,0,-0.14019723153792107,0.1539985638643441,-0.5122373280096837,0.36444282788300497,0.6622510675001134,0.3540890033181388
4857,27,138,0,-0.0004964588328660641,0.19798276191725672,-0.6937070464605771,0.5931600108211665,0.9339516503728561,0.29710917561542927
4858,28,138,0,0.2549497695754486,0.04626775249229813,-0.6444032276361514,0.7305043619781199,1.0079842422301117,0.4486690957975147
4859,29,138,0,0.5384024787687495,-0.3139181335555381,-0.3894362668510333,0.8217442063795175,1.102427308431943,0.5674369160135924
4860,30,138,0,0.7497716214743009,-0.7925465973098998,-0.03168311067095579,0.879137581584988,1.4014900285526801,0.5202088546236825
4861,31,138,1,0.8130996356453205,-1.2251167844731856,0.30285216517416785,0.8716719746891431,1.7359647515124328,0.31741480529890287
4862,32,138,0,0.7035738945200511,-1.439627401488519,0.5220504404739266,0.748796322364729,1.8441192680932168,0.2452649499782206
4863,33,138,0,0.45481261739611417,-1.3320492245286446,0.5992267245283872,0.4840193458360927,1.6045426289266005,0.49600781959535234
4864,34,138,0,0.14454713939954317,-0.9148669335328038,0.5666724806233865,0.11206356026530569,1.0915820277997916,0.6433082673043721
4865,0,139,0,-0.024058158417615126,-0.28287757212685716,0.5561975234553755,-0.22413565263014673,0.6634689078447212,0.6134113203017001
4866,1,139,1,-0.2169214590325378,0.2866452482052018,0.519829062244131,-0.4691467221028417,0.7871094704810001,0.4117269920758478
4867,2,139,0,-0.2520066720325206,0.6695372952396987,0.42608702549445887,-0.4929580164041228,0.9676493743591223,0.3390910133559819
4868,3,139,0,-0.13204439000343024,0.7942978914490502,0.22222998552420425,-0.26152142868504286,0.8752853737035363,0.5659364982137584
4869,4,139,0,0.09618589071872441,0.7086220484766544,-0.12552256440624224,0.15782993340938564,0.7430095121973438,0.7479880454794194
4870,5,139,0,0.36603099296761293,0.5461453435362653,-0.5907919368249112,0.6145530101733286,1.0765518747415896,0.7709256269612249
4871,6,139,0,0.6174615549575616,0.4549066659122036,-1.0723824932927086,0.9341030775135324,1.6157820452904241,0.68505080298533
4872,7,139,0,0.8143634569065015,0.522863126650492,-1.4198366766563866,0.9929932080845872,1.9845768790440468,0.6262031816866038
4873,8,139,0,0.9471024177680495,0.7363065438459604,-1.492271153559878,0.7751030640263786,2.065625394853209,0.6565318851472131
4874,9,139,0,1.0227625560637936,0.9902449155545385,-1.2249176306275726,0.38170538429780687,1.9164421309008945,0.6851130722857528
4875,10,139,0,1.0512225064368932,1.1441226306714676,-0.6708985388763952,-0.011586447008747974,1.6924315192275379,0.6495407672868642
4876,11,139,0,1.036097892059073,1.0942986740940035,0.005149627556507275,-0.23295475412447955,1.5248878208531655,0.595039496116604
4877,12,139,0,0.9754619043872172,0.827141780997108,0.5835887091994201,-0.19258764621608718,1.4189274948924988,0.5981390306397006
4878,13,139,0,0.8706699833476973,0.4269099452643551,0.874641998004333,0.07495486970305792,1.3080272085983182,0.6426789821610159
4879,14,139,0,0.7362951261021866,0.03541343765372785,0.7951977470526762,0.424202738580473,1.1643333047822322,0.6622032295466791
4880,15,139,0,0.6031042641337595,-0.21563227338352678,0.4030950213048495,0.6625870435997384,1.0058524828660862,0.6505802378876047
4881,16,139,0,0.5098260756421588,-0.2655187790317588,-0.1274109280680694,0.6360418132423057,0.8667211675082864,0.6611733446362265
4882,17,139,0,0.4861516033914829,-0.14868693509111092,-0.5791159053198685,0.29796461130518126,0.8262017474755161,0.7218999808022939
4883,18,139,0,0.5353115451234626,0.02898168438384005,-0.7823047109870048,-0.268999221184994,0.9857786923051177,0.7853375864601914
4884,19,139,0,0.6263051799042759,0.14853637326322594,-0.6825936833630232,-0.8870728585328636,1.2911830332953902,0.7873587382659114
4885,20,139,0,0.7021152950605837,0.14044178395562168,-0.35706837581088063,-1.3567402434053784,1.5750973605839589,0.7028116834114229
4886,21,139,0,0.7025834836854767,0.018869119698809268,0.02678100238234449,-1.5357843669351274,1.6891804045266339,0.5684721049680344
4887,22,139,0,0.5927630818270961,-0.1298207180547467,0.28911624139453523,-1.3893781888011911,1.5434317097196069,0.49120734552129863
4888,23,139,0,0.38358315479368027,-0.19831054584928826,0.3167168416308243,-0.9916279505993866,1.1269865391472336,0.5342235837600436
4889,24,139,0,0.13389871954164884,-0.12245532621755975,0.10786444994409797,-0.48225575937282333,0.5264309366136678,0.5817878956765828
4890,25,139,0,-0.06916945259201021,0.07571981828470632,-0.23477149465270078,-0.0023144243735268902,0.2562048307791857,0.5173986937916384
4891,26,139,0,-0.14473877482303138,0.29004417695787427,-0.5565993893844704,0.35954398446384206,0.7376650286896781,0.3408204470808995
4892,27,139,0,-0.05322716604841322,0.3785545205222502,-0.7220016464359024,0.5867296215766837,1.0058204027086786,0.27142118880813354
4893,28,139,0,0.18351692452872734,0.23564900068504915,-0.6701223708197641,0.7157292124468748,1.024959126275419,0.4643251473920626
4894,29,139,0,0.4866525281089106,-0.14758168805166713,-0.4315519459693922,0.7938399428245815,1.0368365226286531,0.6019087630860228
4895,30,139,0,0.7485357183381653,-0.6660357733519685,-0.10225808301539857,0.8398439090100581,1.3113748053305991,0.5504410777174497
4896,31,139,0,0.873472393438686,-1.137361148250627,0.2081372341422087,0.8304041633080975,1.670160646861637,0.3233626938164106
4897,32,139,0,0.8142749574960283,-1.3777051126779833,0.4256663679036835,0.7194436058202802,1.8055209892505306,0.21482124556061297
4898,33,139,0,0.5896415303692023,-1.2819505621932517,0.5346135257872301,0.47856864965844215,1.583007881418879,0.4809650084291972
4899,34,139,0,0.2756811654878487,-0.8708958030932082,0.5650277429493984,0.1339578141587699,1.082432746699207,0.6423280908316888
4900,0,140,0,0.08381149869399339,-0.24644222777305475,0.616815601027022,-0.18971608334553164,0.6958533012736051,0.6010513852818482
4901,1,140,0,-0.12926081766211894,0.2952807107036869,0.6517672414362254,-0.43291450794367714,0.8462355258991773,0.3871442258088083
4902,2,140,0,-0.1753594095423551,0.6413395498044003,0.6008948862008666,-0.4790440125867993,1.0161816623596236,0.32193534110098726
4903,3,140,0,-0.05407497085570416,0.7316745744396049,0.3987563422883926,-0.2906143433172919,0.884157849261873,0.5728288455002692
4904,4,140,0,0.18092117906825345,0.627820239748112,0.013003057711603814,0.07699861340627351,0.6580186870060485,0.7673881934989809
4905,5,140,0,0.4506325468766796,0.4717009696153107,-0.5161200669855427,0.4895820526855438,0.9652160415666219,0.7989629896124085
4906,6,140,0,0.6849272791930182,0.4084366559431594,-1.0676948833815287,0.7871663713955421,1.5477561629520016,0.7122624033914053
4907,7,140,0,0.8464534288881795,0.5117731714209118,-1.4738110518889804,0.8535923213613882,1.9695517393610156,0.6296514044707431
4908,8,140,0,0.9351184392157811,0.7484780776892102,-1.5842787021250968,0.6703171641191108,2.09617032577569,0.6284984502773815
4909,9,140,0,0.9743258321670183,0.9980992226791765,-1.334378456046183,0.32793444604651745,1.9579631636996548,0.6520864056701645
4910,10,140,0,0.9890170860593552,1.1168787962195932,-0.7832359245668676,-0.012176710249097342,1.684986595723204,0.6421910972425612
4911,11,140,0,0.9886083708803173,1.0130013134617233,-0.10179154020921677,-0.19026413146521734,1.4318100884650133,0.6200273036017028
4912,12,140,0,0.9639296018015862,0.6952914795840431,0.48827870563503767,-0.12221146532445387,1.2907138549829356,0.624820276140575
4913,13,140,0,0.8986744711267994,0.2712586163550633,0.8003623030556343,0.1590546856230693,1.2438147977786196,0.6424304445534409
4914,14,140,0,0.7873665177687437,-0.10403453571473201,0.7565908190443642,0.5146110272246655,1.211620152823526,0.6369981491368034
4915,15,140,0,0.6479968951381607,-0.30224540143371803,0.4168313755964253,0.7590009896991516,1.1229795887915441,0.6142507673289831
4916,16,140,1,0.520349615036512,-0.28182117334731965,-0.05012946451108892,0.7418124758709097,0.9502555488843007,0.6211868263791502
4917,17,140,0,0.449095622467409,-0.10399410248726255,-0.44054986497779064,0.4148847757921975,0.7607333384226119,0.680650227519718
4918,18,140,0,0.4597167056378804,0.10275236951052241,-0.6020449134980874,-0.1446830656072891,0.7780030631205864,0.747556018817301
4919,19,140,0,0.5403450092568,0.21114344007348904,-0.49431855075261755,-0.7652677562822232,1.0800647433085642,0.754659831558308
4920,20,140,0,0.640757455255775,0.16129009122105017,-0.1985840395266627,-1.2504508017637708,1.428162259121258,0.6659499022070653
4921,21,140,0,0.6916481111755276,-0.009422632799814512,0.12637137296285272,-1.4560538726716667,1.6169503702118473,0.513253595381048
4922,22,140,0,0.6368262580172702,-0.1882940041831345,0.31950934935800795,-1.3409075972072384,1.5300724569401492,0.43456600202675977
4923,23,140,0,0.4634694803767748,-0.2501937003144021,0.2890827963650145,-0.9713522345597683,1.1421448566868397,0.5214098643351346
4924,24,140,0,0.21505327560345414,-0.12924784759060048,0.048665956239616594,-0.4815693796049269,0.5451883712299527,0.6046661615893344
4925,25,140,0,-0.02122787676354965,0.13799421766478212,-0.2961516122509988,-0.011704722605673177,0.3276214352434001,0.5444053852571314
4926,26,140,0,-0.14897945812627886,0.4215890933120152,-0.6008006460291275,0.34596205708475003,0.824974789769103,0.3385994289778901
4927,27,140,0,-0.10472503558671815,0.5572045929382968,-0.7472214612890762,0.569216721342761,1.097174498216832,0.24307754811557405
4928,28,140,0,0.11122566152971791,0.4275075915969713,-0.6907528129333413,0.6905267315555476,1.0719610553671608,0.4766766530457541
4929,29,140,0,0.4298244433470693,0.0261619839542361,-0.4686153360536463,0.757464075457056,0.989335969373258,0.6366972068281502
4930,30,140,0,0.7377197000182152,-0.5280425320915753,-0.1702558337966947,0.7936094493535404,1.2173176572027882,0.5857256096889368
4931,31,140,1,0.9214142047816493,-1.0359300538510587,0.11157741922856501,0.7824357815035188,1.5958729541865124,0.3383225084938246
4932,32,140,0,0.912486839233256,-1.3021867736548627,0.3221989364586145,0.6826134303963074,1.760140868018249,0.18561817125395771
4933,33,140,0,0.7145775182473759,-1.220343615854579,0.4581744863441677,0.4648952359607859,1.5575336306794099,0.4681448536602711
4934,34,140,0,0.40087104806728857,-0.8188085897272921,0.5483520093535429,0.14797314752680196,1.0741187468528886,0.6414219073610811
4935,0,141,0,0.18684901562155787,-0.2074401336729201,0.660231513145267,-0.162395248587066,0.7349978444939331,0.5941327243886346
4936,1,141,0,-0.04422967309465078,0.30384151028062845,0.7654898504886495,-0.4013860863915774,0.9172575586505431,0.366903294523143
4937,2,141,0,-0.10184062714629102,0.6109773888259415,0.7587325704843483,-0.46746329303716766,1.0852934749850176,0.30294149967166806
4938,3,141,0,0.01804178151009869,0.6651371402229572,0.5617980837721194,-0.3211291349053834,0.9281561988152303,0.5744412487110122
4939,4,141,0,0.25624585499781766,0.5414106306349469,0.14347308303528986,-0.006625871974550574,0.615967399221069,0.7795345419498846
4940,5,141,0,0.5229693692830256,0.3899413007576417,-0.44274806483007206,0.3584448480092583,0.8660598923977494,0.8187802187645536
4941,6,141,0,0.7388935673740241,0.35319093966074666,-1.0571865138529546,0.6299936277067574,1.4782566894111577,0.7326069629573173
4942,7,141,0,0.8653448164053618,0.4911680713524039,-1.5157171355891956,0.7008895986496644,1.943891043811271,0.6305275929287222
4943,8,141,0,0.9108762213460888,0.7515211452627168,-1.660143831663681,0.5514024175671969,2.1105927343522795,0.5993946886147702
4944,9,141,0,0.9141288782482039,0.9983932152135782,-1.426820394604135,0.2615677257006589,1.9841004843047492,0.6185408788994714
4945,10,141,0,0.9145503673875979,1.0844186478410507,-0.8812635970461076,-0.02254582297105132,1.670179637011028,0.636564027683771
4946,11,141,0,0.9277240780040084,0.9288801063103979,-0.20023721270527475,-0.15497684121812247,1.337012707296953,0.645309943745096
4947,12,141,0,0.9383817827650941,0.5623434389272226,0.39386916608022643,-0.05875472168976663,1.1642059744046438,0.6489147923440476
4948,13,141,0,0.9138495380076204,0.1152291785109768,0.7194522717212904,0.23448999190216235,1.1920553130137284,0.638977381943028
4949,14,141,0,0.8292534991653462,-0.24391777630681435,0.7057142622800658,0.5934677251665433,1.2638804564816568,0.6121634869741376
4950,15,141,0,0.6892913732807926,-0.3894203986387683,0.4157894894146732,0.8419360096655605,1.2282133316466564,0.5863510842749051
4951,16,141,0,0.5331587712959003,-0.29805336551909317,0.013259958434199517,0.8352806051991684,1.0348737121149507,0.5912367887777139
4952,17,141,0,0.4183786525719418,-0.05735051533835302,-0.3123539746213227,0.524878636182114,0.74255798879254,0.6394558449079166
4953,18,141,0,0.3910318950607539,0.18142101991051396,-0.4274642186028565,-0.018352033936544592,0.6073565548798616,0.7010761812420397
4954,19,141,0,0.4580275682725716,0.2817831543939022,-0.3074771585268913,-0.6312328967521658,0.8844140276792111,0.71512038983481
4955,20,141,0,0.5771438885678531,0.19224036292142913,-0.03891408051081975,-1.1235553661493316,1.2782575607882578,0.6316718217907064
4956,21,141,0,0.672250147121884,-0.02768865571189007,0.22777441340430923,-1.3518718963567573,1.5271298993606988,0.46616985920806026
4957,22,141,0,0.6683666535313381,-0.23934476362378254,0.35083400962088107,-1.269845679675562,1.4965267962599795,0.3787495399687455
4958,23,141,0,0.5304304894605472,-0.29920872540309507,0.26102372201996693,-0.9352459303396554,1.1461678320301723,0.5063750960234699
4959,24,141,0,0.28643428515305164,-0.13828920158529082,-0.011706068876077978,-0.47430071175389577,0.5711976017150461,0.6265101626553969
4960,25,141,0,0.021982436060049033,0.19403908861899466,-0.35818957148546077,-0.023254000915856495,0.40862563929195245,0.5768096740535673
4961,26,141,0,-0.15348286573596046,0.545415890829674,-0.6439162201872234,0.32435486914082695,0.916989456754882,0.3488728063812947
4962,27,141,0,-0.15473807566230055,0.7296275800415233,-0.7690727233801468,0.5415780230541526,1.2004498683908134,0.21331144005386854
4963,28,141,0,0.03857486754213678,0.6170543811144743,-0.7062284723577072,0.6561380999488908,1.1452161328900767,0.4847086292736729
4964,29,141,0,0.36796777079272336,0.20257839349445717,-0.5001949369777795,0.7141216176556626,0.9677824888032984,0.6696932551282522
4965,30,141,0,0.71639483399793,-0.38293262634207764,-0.2344212754516424,0.7420891712982737,1.1249482774948794,0.6237900252373609
4966,31,141,0,0.9548672592335994,-0.9247401843651112,0.015300137654129967,0.7293253122694956,1.5162669279072003,0.3611270471360884
4967,32,141,0,0.9952880817336662,-1.2165749586996042,0.21419250064103967,0.6394370268663544,1.710383329676295,0.15893894178250434
4968,33,141,0,0.8263764912715592,-1.150307898133189,0.37204685834670437,0.4434161801131274,1.530079455265529,0.45713170184625196
4969,34,141,0,0.5171234275690937,-0.7611121743594249,0.5174956269053681,0.15372200230753907,1.066836706885622,0.640258654328741
4970,0,142,0,0.28287934270985726,-0.16763233880494452,0.6859652100136375,-0.14279602868918703,0.7739898569772303,0.592614471037816
4971,1,142,1,0.03664309514441001,0.3116129839896987,0.8586581632304089,-0.37533310815060406,0.9882379023134757,0.35289969930392356
4972,2,142,0,-0.03243872930301089,0.5788269860416091,0.8958852047588212,-0.4585536443926939,1.1614536993872735,0.283557931225178
4973,3,142,0,0.0836463645821168,0.5959136989548564,0.7071633481508429,-0.35244201940456893,0.9931793538529405,0.5711117495564487
4974,4,142,0,0.32167012749776747,0.45097579095193063,0.26221832785378474,-0.09120343980340208,0.6196187165052046,0.7841529165584779
4975,5,142,0,0.582714871212985,0.3022132570664749,-0.3730487618740188,0.22405018232617818,0.787561640010244,0.8295682958251854
4976,6,142,0,0.7793333993496099,0.28983756064743843,-1.041593109802785,0.4660355500674909,1.4119035729182152,0.744917842099255
4977,7,142,0,0.8714793768665924,0.46093957401030283,-1.5447674092753652,0.5381463495356348,1.9099344065884662,0.6280385705050978
4978,8,142,0,0.8753435106012983,0.7448535698757195,-1.7179831430491153,0.4207528469409698,2.1093914146308306,0.5699390967203561
4979,9,142,0,0.8435166022692728,0.9906419098287754,-1.499792216521642,0.18374206560856235,1.9939983679095885,0.5854009233186479
4980,10,142,0,0.8292061339275316,1.046927026134451,-0.9624157934760306,-0.04280237136669543,1.646728639794814,0.6323502083516986
4981,11,142,0,0.8544683428163117,0.8430794149703431,-0.28781911842436747,-0.12808532433210282,1.2410256822732677,0.6698064005770173
4982,12,142,0,0.8992011718115969,0.4302411813881494,0.30231598591829617,-0.0035712462453394104,1.0416707400571046,0.6703715434240262
4983,13,142,0,0.915916478245635,-0.03901045485418418,0.6332448173506635,0.29999052762066314,1.1538709312888578,0.6327306772230239
4984,14,142,0,0.861277634057467,-0.3826016076670486,0.6430158912662627,0.659772060622899,1.317934657529185,0.5877868612171786
4985,15,142,0,0.7263388686995041,-0.4766682820820377,0.3992579428288144,0.9105395846827702,1.3203295208064103,0.5677735172270492
4986,16,142,1,0.5480265134740806,-0.3150626850604994,0.060730504348487625,0.9154120317793247,1.1141207013034364,0.5742616280399929
4987,17,142,0,0.39435220712422864,-0.010611430397924984,-0.19775634506150402,0.6263832435422944,0.7662178577411848,0.6021337941204435
4988,18,142,0,0.33001495238380907,0.2628411306136487,-0.262528568041573,0.10772925360062044,0.5084507546050596,0.6478913427132288
4989,19,142,0,0.38007848912827746,0.35881887112029265,-0.126025274323829,-0.487829296200458,0.7259961653961444,0.6694015796330867
4990,20,142,0,0.5114592263205082,0.23270751767726547,0.11881801090736482,-0.9791535140049601,1.1351663546265507,0.6010342851906884
4991,21,142,0,0.6436951422157413,-0.03541337277848538,0.3293143866383843,-1.2261009663659772,1.4238571164461307,0.43201334922520246
4992,22,142,0,0.6858158822525752,-0.28182348762799264,0.3830418348481794,-1.1783993403787438,1.4439923667310717,0.32898655523635506
4993,23,142,0,0.5823918702147867,-0.34436377076689356,0.233794924143702,-0.884631793917602,1.13798074433371,0.4905797399750089
4994,24,142,0,0.3460448119181208,-0.14954668983702968,-0.07138194854238634,-0.46088674929565304,0.5996859199203216,0.6464646598964433
4995,25,142,0,0.059089566838179015,0.24241544724668604,-0.4191640218911194,-0.03667687262868219,0.48918349952414975,0.61229230968523
4996,26,142,0,-0.158725222394717,0.6585488902807543,-0.6848873951399304,0.29551624171908203,1.0076114976793362,0.3707407862290827
4997,27,142,0,-0.20297516616248232,0.8916591475633663,-0.7872184819124236,0.5049505760171105,1.3080301892527668,0.18398077772352933
4998,28,142,0,-0.03385211321606867,0.7995082132274276,-0.7165426541947321,0.6139593880012142,1.2372303156577453,0.4876715441399657
4999,29,142,0,0.30133802593579945,0.3768256838318639,-0.5259893734101009,0.665420820010188,0.9758339461781487,0.6990518825751332
5000,30,142,0,0.6839831259784566,-0.23524197205574018,-0.29363299228118306,0.6870121440269873,1.0398931301996825,0.6623340963551065
5001,31,142,0,0.972229865081588,-0.8078821368670964,-0.07862383662273695,0.6727286996292005,1.4341025307193283,0.3897999235984959
5002,32,142,0,1.0602363930975243,-1.1245113157953563,0.10427880495146027,0.5912171862681465,1.658022538779609,0.13702103991432243
5003,33,142,0,0.9222100728754482,-1.0750217318684192,0.27863086986767016,0.4148149215051169,1.5019486420143753,0.447326593776759
5004,34,142,0,0.6217454448803172,-0.7003933030466296,0.4737341879053676,0.15115766340427852,1.0603729990801307,0.6383575452690676
