label,n,f1,f2,f3,f4,f5,f6,f7,f8,f9,f10,f11,f12,f13,f14,f15,f16,f17,f18,f19,f20,f21,f22,f23,f24,f25,f26,f27,f28,f29,f30,f31,f32,f33,f34,f35,f36,f37,f38,f39,f40,f41,f42,f43,f44,f45,f46,f47,f48
prime,100003,-3.165897244620192,-3.5564057803342988,4.761399735150257,0.05800212208327299,2.219971022657394,2.22072861637902,-1.208857449901777,-3.0021173122485907,3.2363628799449744,1.134758915794042,-0.04306321052465334,1.1355757293438253,-0.9652758089864341,-0.024231426964061442,0.9655799032017648,-0.23741939984220062,1.4436131994517742,1.4630061657603561,-2.2498540851046687,-1.6405299636151232,2.7844536206913557,-0.4588319598392677,0.6273115673276016,0.7772043295510875,0.5574779070008832,3.0448425495312597,3.0954559871253386,3.4684400003108986,1.5121138534039913,3.783723607957237,-1.3815715225743805,-2.256814228969601,2.646119864266951,1.0567148840624374,-0.8611826597236861,1.3631881453445276,22.67092743788894,4.931635587604677,10.474044690685728,1.2895322370747608,0.9323445494671294,2.1403870410528185,7.7531819657812004,0.6040465698729555,9.581847768230105,14.316564341412931,7.001950336068147,1.8582819196078528
prime,100019,-2.5383228558262334,1.9529662529101781,3.2026801441005417,-2.5310967797144435,-1.3234352548583417,2.856209337930746,0.7498616830073738,-1.6460122778838349,1.808770013735019,-0.39791419677470286,0.10193230108655224,0.4107625859297028,-1.635608155869773,0.5406659491682437,1.7226531015087505,0.8713613387668548,0.6757402575946858,1.1026765067016246,1.645937061132414,1.8834657100156633,2.501310034764586,1.661882272822297,0.06954575393944673,1.6633367971075521,-4.155639583922557,-2.0991452868261766,4.655722423713488,3.0272806071994167,-0.47801774218753995,3.064788546795968,-0.60079294490668,-2.069660134298937,2.1550974999187242,-0.2782838517635945,1.2396324484748156,1.2704843601808125,10.257160105415867,8.15793178208279,3.271648962586981,0.16872590199965645,2.9675337081377173,1.215895478431698,6.2565518900140145,2.76668930061201,21.675751286668596,9.392928836571743,4.644445234155936,1.6141305094640483
prime,100043,-1.9050888569526938,2.583033172595763,3.209583138604678,-1.694522855573359,-0.9976213997722944,1.966381490287203,-0.2787733181862061,2.468636885589765,2.4843274010940837,-0.24493499939833607,0.07776042641889935,0.25698217418161895,-0.8558675260097083,-0.1317468999777014,0.8659483054615403,1.2773663146288954,0.0885518959197788,1.2804320130407525,-1.7229533356011117,-1.6685917239003665,2.3984925552787932,-1.3732230074591594,-0.35217687483481885,1.4176635635381187,-0.36013439300647543,1.4586129693588084,1.5024142489366445,1.919050268633975,-1.7070061208092149,2.568389345489553,1.398827926570979,-4.2225106517629625,4.448181175762352,2.843209762505354,3.5501822912782828,4.548366306149019,10.301423923615454,3.8666561653441214,6.171882635826884,0.06603983784711194,0.7498664677317132,1.6395061400195938,5.752766537727795,2.0097699793835977,2.257248575407862,6.596623830024256,19.786315772406542,20.687636054911668
prime,100049,-2.8302594146276636,-2.0416550417540416,3.4898028115651782,0.9923698622478971,-3.040973113743631,3.198799059336104,-1.3091137528305528,-0.7028722189847556,1.4858695010231038,-3.431138142261061,0.27498300052862756,3.4421395384060784,-0.1670479447592802,3.0146851062712097,3.0193097399607334,2.2613100440503477,-0.9186745827769963,2.440796202955805,-1.3465560221639223,1.7283600640870553,2.190991015946194,1.7936485926943027,-0.9120553641447068,2.012217746999411,-0.7174642641045379,-0.41827689728054185,0.8304881293948175,1.0831989434915865,1.057285000427888,1.5136616277461379,-0.3734523734521182,-0.4853649970654324,0.6124098755027939,1.205778657814395,-2.175134010938286,2.4869881658707507,12.178723663608222,10.232315422009545,2.2078081740706472,11.84832460185841,9.116231305821751,5.957486104363475,4.800441631956936,4.049020261339385,0.6897105330657032,2.2911715233110876,0.3750458556133475,6.1851101371811605
prime,100057,-1.7017296298434563,1.2613053319923364,2.1182008577090716,-0.43691687894596,0.3642310140076539,0.5688238661245874,-1.7626606237326206,0.4967284289191014,1.8313141747264203,2.254403213761146,-5.3055959641040955,5.764692739820072,-0.9085263830552733,0.6566562153987634,1.1209895512132682,-0.24813037523874604,-1.8129353672181767,1.8298369678270867,0.14865010440408932,0.620401593168816,0.6379615900238444,-1.0837231017083164,0.8599624351909977,1.3834706903711134,-1.2116854125307452,-0.4266209875875463,1.284596047786998,-2.9561657230566443,0.009650483798708143,2.9561814751487367,0.10095018961182523,0.8217782440810573,0.8279555683897593,2.378882891869435,1.8965215828654842,3.0423474370136767,4.486774873599447,0.3235605906729225,3.35371160655391,33.231682384534246,1.2566175739293244,3.348303328826627,0.40699499034575176,1.913991151115925,1.6501870059899753,8.739008914012562,0.6855104232276094,9.255877927503688
prime,100069,-2.6247870914803766,-0.13849052659641103,2.628438110657918,-0.3275076776404836,-3.227718239988284,3.244291342599572,1.6839509767639886,-0.5363290103761565,1.7672972866825374,-1.353646104727073,-2.605271416061623,2.935949067710561,-4.6010295081479065,2.1958622385908004,5.098164719358993,0.31680007340529526,0.4340987490028183,0.5374048849753901,1.3763621374259658,0.2500441168324483,1.3988905581575322,-1.5713356153153852,3.875329334857468,4.181778696866371,1.1598056230530966,-0.837320216442622,1.4304734279702997,4.266205552127243,-0.8129661609227516,4.342974072200614,-2.4906062211095557,-0.2037956602701969,2.4989301750498325,1.493421136724945,-0.639545693082141,1.6246000692960538,6.908686901558966,10.525426315666532,3.1233396995154585,8.619796928190512,25.991283505716765,0.28880401039541226,1.9568947937022918,17.487273069565408,2.0462542281291003,18.861423791806786,6.244652019774587,2.639325385156743
prime,100103,-2.8233904894675046,-2.0481751156077124,3.4880589387523577,-2.2127609523406995,-2.8654402671304595,3.6203672405843577,1.6137529731158975,2.300095565822172,2.80973989368326,-1.5043451105456884,0.4595264509111319,1.5729649616916774,-0.7382464190255044,-2.2529265912792136,2.370798599817572,1.2019173819412634,2.2593461010063307,2.5591502881122574,-2.5967852127307576,1.3204872547596325,2.9132421854421504,3.927880505804611,-1.1627285237292324,4.096362152907559,-1.7511120465902614,0.5200924757285309,1.8267155178141359,1.305025455063737,0.7208214256305719,1.4908638321498056,1.9077508713361178,-2.1618936765490187,2.883278976406263,-2.1604950881111957,-2.6622575954891117,3.428608249784754,12.166555160210224,13.107058956696397,7.894638270155216,2.4742187707097,5.620686000896959,6.54925019714505,8.486980031039757,16.78018288777345,3.3368895830229666,2.2226749660124034,8.313297655786348,11.755354530492074
prime,100109,0.522524013335788,5.754034477472395,5.777710975157337,0.43201280938409026,1.844327132026781,1.8942485680084504,-1.8273400165898213,4.1375823872396165,4.523136030170436,-4.717536373863981,0.5446614737025566,4.748874136010088,-2.140934682216874,-4.118662985610999,4.6418731243498215,2.434576072407469,-0.7276724337150912,2.540997407147009,-0.9299315949090617,-0.20918322864094607,0.9531686075164045,1.4390080363489628,0.028910306728657353,1.4392984174631898,-1.5949130458777379,0.5326599194854931,1.6815095045040023,-0.7105508601690549,-0.8705802139728744,1.1237403765318925,-0.9452438902239801,-3.587217041105265,3.709664689968863,5.34014049618853,-1.557009242152715,5.562497487566322,33.381944112453546,3.588177637402065,20.45875954742597,22.551805559665564,21.546986102561174,6.456667823127822,0.9085303943547616,2.0715799345120423,2.8274742137372955,1.2627924338480396,13.76161211200178,30.941378299181643
prime,100129,-4.4183530798362,-0.6613327429640681,4.467572599859392,2.350934294173845,1.304285621428727,2.688503866054203,-0.363485565838426,-2.4726075253266817,2.4991818122887772,-3.225804967177685,-0.8111991891386966,3.3262383875374155,2.654600797638397,-2.2950255369060586,3.509137730251316,-2.183357565611668,2.614337773111477,3.4061433104364807,0.2212121372760566,-0.1327936637068411,0.2580096253997639,-1.4518129953575891,1.374365278120139,1.9991600464173505,-1.636051233766155,2.587922316903321,3.0616997824466745,3.9280063733567605,-4.485829122522262,5.96254115169029,-2.1083386320376687,4.610717642003531,5.069892401385366,5.440617819517254,-1.7196332358240909,5.705914538774612,19.95920493501441,7.228053037788396,6.245909730875017,11.063861810727506,12.314047609873356,11.601812251231188,0.0665689667989265,3.9966408911914226,9.374005557834014,35.55189698560017,25.703808961625075,32.5574607237995
prime,100151,-3.287426421233539,-0.040962389612057004,3.2876816135975035,1.1046502247493097,2.5962808587653528,2.8215113709907422,-3.271055970816885,-2.3862653385739514,4.048959055151861,-1.4573152566283614,1.5819650388032944,2.150902401597454,-0.6738297322679854,-1.9825638781989716,2.0939450898310805,5.143642322710223,0.5455727466293918,5.172495139276648,-0.9832740760453611,0.1992623643458059,1.0032613809309812,0.9416329836120187,0.9679623786660692,1.3504161737549456,-1.8869489231463417,-2.3293918822845665,2.997772970025645,-1.3930554409094038,2.692180804324254,3.031244124879961,-0.7363426782405585,-1.6798061997756057,1.8341072511178402,2.344135711489488,1.7412235693405322,2.920073929253729,10.808850392387084,7.960926416630058,16.39406943029625,4.626381141197695,4.384606039227692,26.754705965840547,1.0065333984675393,1.8236238423389475,8.986642779816377,9.18844094461928,3.36394940860304,8.526831752307311
prime,100153,-3.2627403606840977,0.1480395871257223,3.2660971174466553,-0.42963545654807755,0.03265953584508641,0.4308750060108982,-0.12633326844308557,1.7904455519927696,1.794897035867575,2.2055963938205014,0.10843225446843607,2.208260176302401,-5.1878610621815255,3.654455913649898,6.345782097213072,2.9424836699635306,-4.369261656484227,5.267699457146861,-1.1889654077775584,-0.49359001482149134,1.2873499305251606,-2.8397618990919304,0.07116238752433024,2.840653398239984,0.9625019904266416,1.2657565330837648,1.5901414033410608,3.4524350419169534,-4.380815712227191,5.577710464263339,0.20065955214585984,2.7090621360858513,2.716483372494927,-0.7735036182255418,-0.49816321435823896,0.9200404532126496,10.667390380593352,0.18565327080489155,3.221655369366207,4.87641300624311,40.26895042530994,27.748657570825337,1.6572698436231357,8.06931172893237,2.528549682619478,31.110854023152747,7.379281913041413,0.8464744355477377
prime,100169,-4.160994672799079,2.2592480730330613,4.734773333810808,2.9040972894795942,-3.9563859574518188,4.907827514398267,-0.014912826043012806,3.176796443887927,3.1768314463124367,-2.617211128671197,1.3257970732228928,2.933859569135297,1.634984052171397,0.6870360948872325,1.7734687610817113,-0.7738220541086523,2.7927672618987645,2.8979906056711875,0.7934974397324912,-0.8995509188802568,1.1995124186603208,-1.7811022777869443,-0.23112806053191937,1.796036053174626,-0.959420986957215,-1.6764837848408471,1.9316020581497235,-1.5297354560313197,0.950517615951101,1.800992588455798,-2.96260301032619,-0.8728088712594073,3.0884967091682194,3.7213210737007465,-0.2067018552296792,3.7270573097988002,22.418078522565914,24.086770911084674,10.092258038279569,8.60753197140675,3.1451914465326998,8.398349550558455,1.4388300425203326,3.225745504303088,3.731086511048248,3.2435743036727156,9.538811922542921,13.89095619052467
prime,100183,-1.5819113803719262,-1.1475965737005276,1.9543340326871972,-1.819027717760329,-1.8991386202933513,2.62975081273304,0.9147303955592253,2.5975080006750524,2.7538662839961647,1.6521089756918708,2.408466611553208,2.920646415868965,-1.439321570445814,1.8296239859024679,2.32791119094785,2.9746224646944612,-1.4299601566383913,3.300479488958876,0.10317551962051097,0.8257410390354406,0.8321619141707289,-4.178771427948774,1.34332120397988,4.389378373312443,-0.9854297654371095,-0.7848627681714724,1.2597941845679488,1.7426254695039178,3.7947488667258287,4.175746937792173,-2.206589707787195,0.265166539112464,2.2224651700256772,1.3113615404930292,-3.5100540130729656,3.7470185834305494,3.8194215113194026,6.9155893370700845,7.583779510130845,8.530175486528233,5.419170512940236,10.893164857038245,0.6924934513962916,19.26664250410299,1.587081387471223,17.43686248848071,4.939351431977262,14.040148264573881
prime,100189,-2.261990263131576,0.44213120416154755,2.3047949913594046,0.9473577926510144,-3.198905553469211,3.336237930261084,-0.9135632756683325,2.315226210104994,2.488949630387684,-2.2979302536726642,0.23794344255349753,2.310216555346776,-1.3879168455959743,4.377250428686901,4.592018563304023,1.1626214308335272,0.7650461430872352,1.3917557948455082,0.9068605153868693,-2.3974054047056947,2.563191110487046,0.026474475484378868,0.1486469035682083,0.15098609138787983,-3.01768361616474,-3.367219859117653,4.52156875286724,0.6674927214826816,-2.979228797027023,3.0530887242704625,-1.9671117137262228,3.9992901207213367,4.456887923650112,1.4837469099988367,-0.6709169465614295,1.6283839971316372,5.312079952195398,11.13048352731276,6.194870262606989,5.337100532598324,21.086634485728748,1.9369841924860522,6.569948668879816,0.0227967997925892,20.444583986905407,9.32135075826744,19.863849963978208,2.651634442114408
prime,100193,1.08467619696304,0.42626561216956904,1.165429030175798,1.6162794082531766,-2.4521792911074827,2.9369273741922246,-0.9252164212314647,-2.9826185267128054,3.1228254357243257,1.7361706788520297,-0.2805839262755372,1.7586972353960513,-2.873380964717912,-4.424960041381075,5.276039190171207,1.1827753532408207,-3.686472755613246,3.871568017497906,-3.0254974515234054,-2.4075514133272993,3.866515050661112,-1.332790862343384,2.0450268396836973,2.4409969802875033,-3.0688655360990444,1.6988103084876518,3.507690428598337,-1.272754808627746,2.427412141156904,2.740845582283138,-1.8717222220711798,-1.735531481058815,2.552530822211806,0.04555889828730819,1.905597068374557,1.906141600251896,1.358224824376501,8.625542401279635,9.752038702006825,3.093015965789714,27.836589536222444,14.989038914112667,14.9499386369889,5.95846625777271,12.303892142880386,7.512234505920993,6.515413598341279,3.633375800210859
prime,100207,-4.041212728666728,0.6867585185757787,4.09915083659706,-0.17403192073776053,1.3842808563783144,1.39517762265998,0.020882376862303154,2.7409825940351777,2.7410621398405457,-2.0465861468091298,-5.580619267526793,5.944058063764377,0.844582552142437,1.6543547281888369,1.8574738905471033,1.3235126875491785,0.3946609228462483,1.3811021244374007,0.21809190342079998,-1.3476682015707486,1.3652009595157202,-0.22941978807313979,2.139308955948507,2.1515752945600153,-0.5294903399727081,-1.4176013704012664,1.5132592856110159,1.1135125393137577,1.6482358689306549,1.989118310920334,-1.3529723923820158,-0.33463511959042624,1.3937413525511877,-0.26860925537832603,-0.3184818177807802,0.4166312522265329,16.803037581174376,1.9465205987711534,7.513421654467232,35.33182626540231,3.4502092540641924,1.9074430781255014,1.863773659862643,4.629276248161016,2.289953665487962,3.956591654838563,1.942514957811214,0.17358160033184888
prime,100213,-0.5837362502117922,-1.0808524844811815,1.228409582761575,-0.9131523463203505,0.7906698595088096,1.2078932214090954,-2.173931476602478,0.1888677187851463,2.182120317526542,-0.4671320210796066,-0.5218210215408424,0.7003638366162592,2.1702904714107305,-4.008011034824839,4.557884727104657,2.9048163577080137,-1.5690565364535782,3.301499127153565,-2.958753100534979,-0.8746431261564049,3.0853234041276774,-2.046128949491622,2.520148512632643,3.2461965750200976,-0.8319799419951928,2.964602116883866,3.079132399770206,-0.7823513915359455,-4.555043359024725,4.621741414492321,-1.4908216391305338,-0.5615016604904985,1.593057837755252,1.013692875160197,0.6036564723458668,1.1798196395024128,1.5089901030204669,1.459006034326042,4.761649080162136,0.49050950363984624,20.77431318557389,10.899896486595752,9.519220508058,10.537792203672213,9.481056335314626,21.360493702433477,2.5378332744334386,1.3919743817556032
prime,100237,0.9030724112368176,4.616315694465734,4.703818700896934,-2.188951548815725,3.082388273752149,3.780559000098731,-0.12271649869424084,-1.6181018522790935,1.622748576767457,3.1620905891512003,0.06354072791580079,3.16272893528716,-1.1614540474422803,4.106216755051265,4.267316667858596,0.641711804617828,1.8670890130922095,1.9742885865535236,-2.5403169040175726,0.7592365340444758,2.6513487298854694,-2.1862163101929966,2.630601048314375,3.4204683349428286,-3.5525345260808274,-1.0560405439095943,3.706173658826202,-0.278250775954058,-3.3913576077965852,3.402753284955995,-1.1661240042316416,0.5660491679073507,1.29624721937362,0.17171082255332903,-0.15918404461759506,0.23414560991561928,22.12591037090772,14.292626353227517,2.6333129434008073,10.002854318102653,18.20999154378379,3.8978154229955098,7.029650087465292,11.699603630346566,13.735723189377198,11.578729918278814,1.680256853733842,0.05482416664275735
prime,100267,-0.7627354708791774,-0.46592790759669145,0.8937864474328929,1.5264743890987733,-0.46199355493628746,1.5948548853664215,-0.08347289854996248,0.7127949684156483,0.7176659332802395,-1.6848638645356615,-5.224314777227604,5.489283298717306,-2.4487267432344253,2.4680349570298454,3.4767023473620493,-1.7069052008918453,1.972349877909119,2.6083882774080522,-2.7260364320892614,-0.7738142066851025,2.833736588948529,-3.6957153543675174,3.1075038298220554,4.828549682137129,1.470058103295981,-0.9038473233220443,1.7256914008427464,4.2077794976918765,0.22419958141706386,4.213748183447095,-0.8518563085891125,-0.05937719493624627,0.8539231942988587,5.6820573698611145,0.7026145738561755,5.7253334569951555,0.7988542136147114,2.5435621053771413,0.5150443917909973,30.132231133576752,12.087459212152783,6.803689405719746,8.030063055545645,23.314892032866567,2.9780108109426005,17.75567375350369,0.7291848217615663,32.7794431937881
prime,100271,-2.5238920292090556,-0.9181001486580291,2.685691504635426,1.1359667586853128,-0.6150220779410751,1.291771122603758,1.7861260531583847,1.6554751813203028,2.4353324934675014,0.7614479138795031,-0.16293306999178825,0.7786848597785859,-3.306766472672898,-1.9630342662607059,3.845543919305469,-0.33193648572237433,1.9401580988975033,1.9683483632912377,-2.627042499270891,3.4644930646734657,4.34788045927507,0.6763095049972897,-4.067354339165635,4.123198499572776,-4.743631859442235,3.349237408211339,5.8068437584007375,1.053255096510846,1.20909762501672,1.603515938538543,0.15747774617165117,-0.8883072615363713,0.9021579858525614,0.9298101592091699,-1.4914725119858243,1.7575656989648742,7.212938858070899,1.6686726331929733,5.930844353738638,0.6063501108483961,14.788208035307266,3.8743952792712943,18.904064488146,17.000765866879195,33.719434434477606,2.571263365147144,0.8138890314375503,3.089037186177887
prime,100279,-5.395834683003657,-0.04034053324915987,5.395985478569045,-1.170298311967611,-0.33417438462090654,1.217074631372703,3.9798478300723383,0.3296386991131517,3.993475982459956,-2.4375731790911996,0.449202831039015,2.4786177976522,0.5533923929107878,-0.7867104122018315,0.9618505149961211,0.31212704152741233,-0.07985376354703577,0.32217993979340315,-2.009348221208234,0.854786531034061,2.183607173396794,4.2306376272946045,-0.4535661255608317,4.254881545206304,-4.045471679862231,0.02444281596155584,4.045545521165159,1.230858547881459,-0.5090642518210453,1.3319756669605398,0.6282793021851805,0.24118941137105132,0.6729838138557357,0.30901354977091083,2.0025280755687707,2.0262300134444717,29.11665928492801,1.481270658331001,15.947850422484512,6.143546186838243,0.9251564131983033,0.10379991360528087,4.768140287709937,18.104016963737187,16.366438563819475,1.774159177374975,0.45290721371181153,4.1056080673831845
prime,100291,-1.0651045478854397,0.1760589962825645,1.079557533482246,-2.928371738209708,1.3378090003520966,3.2194865986005317,-1.6062399144266153,-0.4536802390574628,1.6690813107840063,-0.9046689217701518,2.3259887503305285,2.4957262519517127,-0.7885725248894209,-0.8380871655241933,1.1507548496647115,4.01093641769028,-5.255184611963969,6.610943673378032,1.1808222509751412,0.48741588285811055,1.2774644540105022,-1.327990859663132,3.5199683309954835,3.76214523570794,-2.31664595079513,1.800112113288244,2.933811868839333,2.728034353821933,-0.46748294131973156,2.7677990779783133,-3.4506981366244744,-0.19372908766054442,3.456132027210391,0.5239610949501369,-2.5926120776811303,2.6450279042685754,1.1654444680982707,10.365093958568421,2.7858324220084567,6.228649524680944,1.3242367240268529,43.70457625257703,1.6319154312603505,14.153736774559952,8.607252081742539,7.660711736057601,11.944848589509407,6.996172614359412
prime,100297,-3.052096208793303,-1.9922390981424516,3.6447644494394837,-0.2713431964344922,1.976086583736015,1.9946291175736814,0.06920955695511155,-2.943842210115509,2.944655654033539,0.7214877796055957,-0.14080004036089122,0.7350981345955391,-1.2693135933802695,-1.9421920940069077,2.320186873586451,1.0881342489864583,0.4752172074036026,1.1873784308424178,-3.138904249543014,0.4204599208144095,3.1669396004361134,-2.6572537175230826,2.7514137860176113,3.8250849848307955,3.3876656605839726,-2.016547694784622,3.9424285958329057,-0.6078496516086602,-0.6635292831407126,0.8998623831153281,-1.2219525942512197,5.193905669715573,5.335712159449838,2.8917247401709005,-0.973177807959854,3.0510894806317967,13.284307891897903,3.978545316672763,8.670996920831689,0.5403692674858412,5.383267128362869,1.4098675380298022,10.02950643281045,14.631275141178007,15.542743233241017,0.8097523085459974,28.469824248500856,9.309147018822006
prime,100313,-0.15509180375414844,-0.43144203091215727,0.4584710390300811,-1.6378147873382924,-3.6742972984399396,4.022797274900515,1.1516138336846062,1.3873654948173033,1.8030522560767386,0.22931666751204904,3.6966432893967966,3.7037491468836277,-2.438179440011795,-1.3961347628685583,2.8096105170977483,2.842441886512346,0.3858823319352839,2.868515478832157,-3.3192330479311134,1.6619639483205035,3.712065758037584,-3.230587726972724,-0.7725399324267892,3.3216735253273733,-1.4634428617909427,3.1868229249870197,3.5067799139594844,2.1375795806458715,3.4047039098316163,4.020106363918357,0.5064485014244388,-2.815637009833522,2.8608218846582036,0.7287283388673226,-2.876103734985141,2.966987982156956,0.2101956936293221,16.182897914947013,3.250997438143417,13.717757743041199,7.893911257786277,8.228381052299678,13.779432191995145,11.03351500886078,12.29750536494969,16.161255177216873,8.184301855739315,8.803017686263804
prime,100333,-2.6020023408581987,-3.174713261141869,4.104780197806161,1.1702027617646862,1.5148897116096467,1.9142270873599239,-3.1845608274123043,-0.171977804287341,3.189201158386914,0.9706752996233526,-0.36761059163389503,1.037953796842763,-2.11630774900572,-1.8934299855571004,2.839689348979641,0.7403142598075698,-1.080961474056545,1.3101690393490943,-1.0459625177660115,0.7865842328832655,1.3087216449619719,0.6437949837831363,1.709669963963731,1.8268670906292206,0.13705316249240407,3.1540728011068784,3.1570490658257686,0.5724921978015173,-0.2675703812977174,0.6319345104450441,-0.2614303171986786,0.9003477243619851,0.9375349782884939,2.0521037350438966,-3.1494059423884138,3.758974265585302,16.84922047230158,3.664265341982458,10.171004028656434,1.0773480843803078,8.063835598708417,1.7165429116689288,1.7127523439919694,3.337443366824073,9.966958804031359,0.3993412254914176,0.8789718355144066,14.12988752933256
prime,100343,-2.210960167489585,-2.4567150350819738,3.3051162802272778,-1.9072676020689427,0.17005385264039785,1.9148336791219378,-0.688044967379609,1.8775650935109303,1.9996641111714526,-0.8375998890969188,-1.8446247230859134,2.0258859650125802,-2.6749883562293353,1.3958817205913059,3.017291580845886,5.411476257019783,-0.5334067088026001,5.437701536245297,0.25260045931984765,-0.07644770308249904,0.263915220014284,-1.6053911729354475,-0.47745088353339327,1.6748851197398196,0.8061055100405128,2.0842398210743327,2.234694995982593,-0.8426692174525199,-0.7009980176336847,1.0961248244467405,-1.880584666778267,-2.5906579718208245,3.201266533089726,0.29961126997340704,0.11115591619063703,0.31956619157735966,10.923793625823397,3.6665880186996564,3.9986565575071156,4.104213943234954,9.104048483843464,29.56859799728446,0.06965124335518794,2.8052401643258698,4.9938617250696415,1.2014896307683978,10.248107415880314,0.10212255079925774
prime,100357,-2.0804826466072712,-1.8309169344950065,2.771401245553337,0.3453159921408972,2.189435624904797,2.2164998285654143,-3.8099218610670698,-1.4019846862655068,4.05968787568204,-1.8585809826954445,-0.04815004088127284,1.8592045868257834,0.6140141754303383,2.2131519270457463,2.2967487585314372,3.0819885074487665,-1.452421850134499,3.4070782777615185,-0.27936306351573936,0.43389581165453006,0.5160516414354696,0.618339934707844,-2.711708375672416,2.781313824354676,-0.7414876066174108,1.4434691422264716,1.6227775680379741,1.219453776728335,-0.5562582686471549,1.340332337525037,-2.120169710626708,3.287545076973651,3.9119141395220614,0.06133764031542854,-0.20491395897058323,0.21389725734675225,7.680664863854586,4.912871490030511,16.481065647959756,3.456641695674032,5.2750548598156985,11.608182390794395,0.26630929662824243,7.735706589546433,2.6334070353272416,1.79649077501533,15.30307223499263,0.04575203670046276
prime,100361,-2.9897797843102114,1.2716569384277028,3.248983614566459,-0.3401669868452811,3.0472848248700632,3.0662123838414668,-0.0019388335593616413,-0.04649002501607247,0.04653043629245218,-1.4351139340913486,-0.5554246064368078,1.5388464826806572,-2.9043093144158805,0.5292027349476206,2.9521294227182664,1.65735279719356,-3.821845422020612,4.165731715339483,0.6453003581333723,0.6283576171233576,0.9006918713988723,2.723556879317613,-1.5750559061850835,3.1461982109343984,-0.4188397754594199,3.4905099345378674,3.5155492260263466,-0.07296627852021542,1.2821786685403782,1.2842531743628538,-1.3857326394147829,-1.892328185677959,2.345455373749562,-0.41925579067476215,1.1616318996218973,1.2349753391195704,10.555894527721334,9.40165838282277,0.0021650815015659512,2.36804849725863,8.715068128478885,17.35332072418523,0.8112458472040027,9.898563182486809,12.359086360614445,1.6493062158610665,5.501160910250697,1.5251640882334978
prime,100363,-2.390580868602548,-0.07162621089964197,2.391653654569648,1.6992160425183997,-0.5818037931322968,1.7960598021377294,-1.1454915501122347,0.29219918651009524,1.1821722615489214,0.9441940046128369,0.49780819275232024,1.0673871439726812,-2.693563264701716,-0.6499677601502108,2.770873716029882,0.9922132703164872,-2.2657238461421274,2.4734574426840688,-2.757683671732444,-4.004505656990437,4.862189300120693,-0.2769025404536072,1.740410100175317,1.762300296119228,-1.093675628276606,1.0171585947401944,1.4935655281038311,2.031117693999046,-2.3170606509050016,3.081267457856963,0.42911458486757287,4.322361718788591,4.343610267392222,-1.8424743329720787,-0.1380153612681273,1.847636302849367,5.720007203416354,3.22583081285502,1.3975312559756914,1.1393153151181572,7.677741150185247,6.117991720769213,23.64088479020815,3.1057023337019185,2.230737986740076,9.494209146848311,18.86695015499513,3.413759907606878
prime,100379,-3.1783015239463013,-2.033231239527739,3.7730133647405606,-0.6532048964226059,-4.012343652561098,4.065166444680685,-2.8607242263180988,3.43079056252806,4.466997535590868,1.2362478919913829,1.8974796363975157,2.2646716806187133,0.8407793200116168,-1.1374148532141906,1.414433601577485,0.8571012183544326,0.568401887884498,1.0284469867986947,-0.10626603501399634,-1.0998830336109688,1.105004596290379,0.3807283181266582,0.5397318939334436,0.6605032699029854,-1.3188176146663118,-3.3672417947925566,3.616296061628796,-0.5905588399799117,3.8844300491713186,3.9290656077983113,-1.4567675922345187,-0.18159523345649742,1.4680424539497747,4.337517505726644,0.5952458206081603,4.378170359800606,14.235629850510886,16.525578222957797,19.954066982974886,5.128737820996387,2.0006224132714556,1.0577032046553145,1.2210351578228633,0.4362645695525359,13.07759720535194,15.437556550383514,2.1551486465988763,19.16837569943657
prime,100391,-4.139501545440043,3.1459436432132803,5.19927249247186,0.06055526445072712,-3.355185738093674,3.355732152177806,0.6465856623351791,-2.5543234078203523,2.634889198899339,1.0675557732197885,1.62168002422443,1.9415255419137418,-4.155702321324573,1.9347892813631944,4.584023488894919,-0.12558842209899657,-3.9319739297301664,3.933979084316921,1.825010225740676,4.327631875854191,4.696707354835651,-0.32050017245610274,0.2843926028080448,0.4284851375209249,-0.6564371499261558,0.24377489138252117,0.7002399085111718,2.962104918752361,-0.9104595678878518,3.0988711129144213,-0.23789541373581832,-0.9299437899579492,0.9598904522693673,0.42937043235771444,0.624227822003652,0.7576406416939853,27.032434450974552,11.260938277159891,6.942641090476401,3.769521429903449,21.01327134674035,15.476191435842999,22.059059976967294,0.1835995130763259,0.49033592947173427,9.603002174455463,0.9213896803578905,0.5740193419464737
prime,100393,-1.7087865027620415,1.4634679263390113,2.24981992244818,-4.06511948452534,0.5280374249153864,4.09927066020028,-1.9378217067417216,-0.17530090577019275,1.9457346619421798,3.403745988494376,-2.5048135557235742,4.226059358684888,1.0025589616307091,1.717760075887453,1.9889253756385414,0.37870590721852243,0.2412973591445966,0.44904630016554037,-1.7111081393288505,-0.06487037708335719,1.7123373587877997,-1.4831506295082435,0.5325788315422907,1.575873091850245,0.8461031672843857,-1.9253392775938432,2.103050618395632,2.0535448875128512,1.3966542186166089,2.483483362418548,-1.278748178852089,0.9417601443306668,1.5881149436886652,1.1386882684749533,-1.5410345889730754,1.916089396968185,5.061689683444735,16.80401994557884,3.7858833746832485,17.859577703128128,3.955824149858913,0.20164257969236057,2.932099230300378,2.4833760016176507,4.422821903534251,6.167689611409738,2.5221090743672523,3.6713985771739024
prime,100403,0.6364099538812251,-0.1834362798664796,0.6623190305059613,-0.6789993371800315,-1.643873664593259,1.7785839100346637,-2.402007439820217,2.48164096483555,3.453719968280809,-1.3470441841421918,-0.39790412056858815,1.4045838256212282,-0.9836324258291462,-3.056306736052424,3.2106920771045537,1.9818895766573537,-2.2235231488859584,2.978580448417466,1.333839314250854,-1.574845707451358,2.0637990014822556,0.6602050468102001,-0.6430745171837482,0.921637422463286,-2.421466917110601,0.7425941983435996,2.5327747973467147,-1.0964575219547634,4.3095974051166195,4.446892048570448,-4.226214912965856,-0.6253504514449371,4.2722307612882275,0.732191336399749,-1.7534695858217908,1.9001999214558694,0.4386664981703565,3.1633607250341926,11.928181619301592,1.9728557231967647,10.308543613981954,8.871941487694793,4.259266318519155,0.8494155384847695,6.414948174074692,19.774848891639078,18.25195567769739,3.610759741500892
prime,100411,-4.900941307792315,-0.960688205519252,4.994211402278526,-1.8669953395392387,1.3804089924679719,2.3218959029955837,2.9135317528676845,-0.9217947878527954,3.0558751456629936,1.2491208782524763,0.41586276158371,1.3165275557155147,-3.5374852050044314,-1.1299425621078503,3.713565910184993,1.4686113322801766,2.272603903101052,2.7058358682100234,0.6080834552920602,-1.4691369370789786,1.5900090655369654,0.3385681709718159,-1.1086114669882714,1.1591582252363515,-1.9166027541911586,1.966327209425483,2.745871230028848,1.423827416564706,0.3904993626937612,1.476405860332977,-0.0116109675838717,-2.5302900533123283,2.5303166933132184,-0.2726888942232464,1.4574232319747393,1.4827143049597895,24.942147530648842,5.391200584347677,9.338372905880822,1.7332448049582676,13.790571769288096,7.321547745691891,2.528128828489734,1.3436477911330882,7.53980881190014,2.179774264425558,6.40250256845954,2.198441710132392
prime,100417,0.13613066521687278,1.769428523886238,1.77465739204913,-1.6655077114800738,3.536575893679969,3.909128418043831,-2.4761140402529156,-0.8650325698374267,2.6228652438158466,-2.4944317904207245,-0.33020785339829284,2.5161929940899705,-0.7055440332876101,0.4990157776062686,0.864181190033512,3.8426877183404478,-1.066520146526555,3.98794610340104,-0.5826465260940633,1.1681843728433383,1.3054239553971971,-1.0490271861988103,-0.8914224380407993,1.3766234054478357,-2.097929079296577,-2.7446823803840927,3.454647274462195,2.392954703385281,-0.508262143301234,2.4463365710316527,-1.3254493499375788,1.7394027439034674,2.186855707345334,2.6483805319035163,1.4486511933358488,3.0186933798779445,3.149408859154619,15.281284988757864,6.8794220872171605,6.33122718350745,0.746809129207737,15.90371412363154,1.7041317033248633,1.8950920004267962,11.934587790949074,5.984562618766905,4.782337884748861,9.112509721718927
prime,100447,-3.533768756324987,1.690936414179872,3.9174976170992277,-0.9806738640003947,1.3309569913498507,1.6532294881100178,-1.5078275965286763,-0.0013570738016952522,1.507828207224798,2.2776877168063754,-1.5484430380250265,2.7541853926885196,-3.283451542962068,-1.5085113913479489,3.61340015121582,4.164197270572033,0.8447357695517912,4.249013700683939,-1.174877152121058,1.0794726113358708,1.5954928521307676,0.5456236245826389,0.3834947650906876,0.6669133186214369,-1.607713438103356,-0.27186387302355175,1.630537477187654,-0.33669513542134255,-0.7959433093966681,0.8642276123740299,1.2291907898396142,0.8502489160440052,1.4946013572389598,0.17149902287941776,-0.021007197337008843,0.1727808357097253,15.346787579978127,2.7331677403565116,2.273545902502748,7.585537177298815,13.05666065280651,18.054117428599824,2.5455974412003717,0.4447733745546582,2.6586524645134793,0.7468893659897164,2.233833217060541,0.029853217188551086
prime,100459,-2.631134182295687,0.7671587823380328,2.7406932850217234,1.915833453953726,2.791810785319128,3.385945257134626,-1.7131265652062129,2.349251604733463,2.907539463319112,0.7564504440528653,-3.0418224237279676,3.134469800748137,-1.928669413503566,0.631149742724011,2.029314097010311,4.148235187580422,2.109250409271688,4.653685900497923,-0.775471124063205,-0.6619311054557183,1.0195627752255767,-0.7368544703176232,3.4319662777562194,3.5101776368273647,-2.331884258734685,1.2543395872475804,2.6478391182757006,0.6264485337027862,-1.3733368923851106,1.5094674509125274,-3.2579587135674903,0.41873393323059516,3.284757690629417,0.15229017930946853,-0.09974674015850868,0.18204864977900587,7.511399682563165,11.464625284312469,8.45378573075799,9.824900931802064,4.118115704324775,21.65679246049316,1.0395082526256798,12.321347042082943,7.01105199627104,2.2784919853643633,10.789633086149102,0.03314171088635913
prime,100469,-2.15232611168619,-1.1756394526276814,2.452475446079106,-0.8077112044466557,-2.6332260020604124,2.754319619745633,1.7292261549503989,0.20491172585450512,1.7413247572917616,0.5550519938616736,0.7496244869251545,0.932748405138074,-1.614090667523654,-3.1422618107689786,3.5325766757997052,-0.20301244398538426,0.596911549251109,0.6304898492777484,2.1694127371094525,1.8471947706287495,2.8492946749276262,0.8157771890188701,-3.760124949897215,3.8476008188172357,-3.597150074092736,-3.242140807240114,4.842619711428615,0.4866883635669611,1.5503134557718918,1.6249114973988188,-4.1430151467722585,1.4805618272764183,4.3996179187257205,2.0783107765931828,-2.2407244516588145,3.056177637567073,6.0146358136209095,7.586276567715729,3.0322119103572125,0.8700195872876206,12.479097970404096,0.39751745004227795,8.118480144570928,14.804032060963063,23.45096566951696,2.6403373743788716,19.356637830772442,9.340221752365055
prime,100483,-1.8028305001902687,-2.590287052736726,3.155912677497876,-0.7607539250811958,-0.7224485440671664,1.0491322287258238,-0.8201724609634191,2.768029073357563,2.8869824759903757,-1.7661774343165615,1.103556401432379,2.0825992078725597,-0.01466760552278984,2.029019527283885,2.0290725420129987,1.433286188105141,-2.0408728155281874,2.493886754881808,-3.6119180400339426,-0.6169438901796491,3.6642286625636014,1.1410923673825248,0.07084442456746923,1.1432894311550996,2.2858294347438246,-1.9384205486204422,2.997080317251316,-0.8756690685655083,-1.2265725011940167,1.5070754521017624,-0.1746115189797138,-1.3893109096392187,1.4002406886685432,1.3465029060647207,3.419363222383258,3.674930601062823,9.959784827991811,1.1006784333512143,8.33466781667552,4.337219460631413,4.117135380751092,6.219471146174915,13.426571691552638,1.3071107233909514,8.982490428055248,2.2712764183277314,1.9606739862029563,13.50511492262796
prime,100493,-4.508028619320197,-0.44798883517725085,4.530233551270114,0.4885918420462167,-2.894142520787032,2.935095044243309,-0.4958808005534703,0.5268347323023413,0.7235002443106915,-2.0579226757314086,2.964077822485063,3.6084349899973684,0.9989692779106961,-0.43319933891269136,1.088853197379615,3.7148332544555203,-0.5426684019616691,3.7542609263204154,-3.0248486372131023,0.3709704859773828,3.0475118341880574,0.7298687232506088,-2.678162658094182,2.7758356537067477,-0.2854021079901927,2.2330049687058806,2.251169818896477,-0.9531396084853423,-0.5258484009762937,1.0885732194358433,0.5302567887092622,1.1544174321595964,1.270374696554609,1.0576722361156756,-2.084408263543744,2.337397777054513,20.523016029053426,8.614782918741632,0.5234526035176302,13.020803077037309,1.1856012854438107,14.094475102896224,9.287328379516257,7.705263576389568,5.067765553510396,1.1849916540729166,1.613851869646215,5.463428368179378
prime,100501,-1.5953181045685216,0.8923981790563581,1.8279536002719556,-0.7044617300072983,3.355662245377142,3.428809623483701,-1.9241560434735336,0.1904069239118738,1.9335540531128954,1.6105025755845623,-0.23197559257932954,1.6271236036383465,-1.5100481092999427,1.3705938463733554,2.0393069372011756,-0.06157308187085142,-2.1467342789759787,2.1476171234513823,-2.4863475521167553,1.084656341339019,2.712637743732828,1.8967895913633663,-0.18665319433985406,1.9059512503895992,-1.1523659745422856,0.5637820444129064,1.2828864068518258,0.9672148601493142,-3.5775605829187493,3.706001121174628,-2.9620760892934173,1.4612468052037473,3.3028982703804157,2.220771886807718,0.2341268058342626,2.2330792942584163,3.3414143647472048,11.75673543409444,3.7386312763093055,2.647531221517039,4.15877278411684,4.61225930894159,7.358403528723929,3.6326501688616766,1.6457975328851882,13.734444310147602,10.909136984481941,4.986643134445667
prime,100511,-2.5408931912471133,-1.9148998752994295,3.1816630465446387,0.02579710894060097,-3.794508458024459,3.79459614832051,-0.8911377656091941,0.4479679576012967,0.997397517709175,-3.533643846137649,0.38688302865949364,3.554759810340386,0.049631442463395126,1.7597070945505522,1.760406867372581,1.3870864714564615,2.090590224516126,2.508899433245566,1.5580800869453288,-0.4229283347351681,1.6144602607860703,0.43981580619039895,-1.2921600825382256,1.36495993431313,-1.3785902115123938,-0.10549279265977887,1.382620591695692,3.4455454182164926,0.4317035125264611,3.472484867025391,-4.244320784317338,-2.4383382069272113,4.894869981066826,1.9080266801780148,0.8073750600163804,2.07181570121659,10.122979741747711,14.39895992884885,0.9948018083324239,12.636317309211218,3.099032338692544,6.294576366139923,2.606481933657426,1.8631156222801042,1.9116397005809453,12.058151151720349,23.95975213154915,4.292420299807591
prime,100517,-3.0689985386652068,2.225241928592563,3.7908381225126884,0.04151526949500284,-2.0760779519639434,2.076493000284866,0.09397772594680062,-0.9590843752670217,0.9636776701031655,2.774172194725719,0.07068362519917964,2.775072528936967,-2.223079191398288,-3.4215264552829208,4.080309348006469,1.4848200934629343,0.12956457873394922,1.4904622403851036,-1.9732549346962438,1.8727983603662968,2.720497883824534,-1.1203195402025314,-2.548844046653771,2.784191416968665,-0.2999368637061923,-1.188998398910785,1.226246025405309,-2.3295596137179135,0.31473683670731456,2.350724839330644,1.8600511311197059,1.864673480691053,2.6337800591492417,-1.5428807222616607,1.5012428929711694,2.152721799681303,14.370453671095524,4.311823180232045,0.9286746518554655,7.701027540860613,16.648924375428972,2.2214776900137823,7.401108735893767,7.751721846321981,1.5036793148223175,5.5259072702460825,6.936797399972184,4.634211146823108
prime,100519,-5.217451687181957,0.8900951790273026,5.292832090271285,1.8751059090822362,-1.8083456811322012,2.6050213574450027,-2.577765899610587,3.658291171735214,4.475262152141591,0.0406398398413953,-3.18276144277566,3.1830208918889826,1.7757458574555358,0.5434720989123186,1.8570501534871524,1.3255404395574806,0.19458945143800843,1.3397471819388849,-1.6009461457199459,-1.8282964744066161,2.4301638956710745,-0.6532041044709618,4.290029964821466,4.33947378159654,-0.7111717156152748,-1.4441406253238926,1.609753818073452,1.970915721072642,-1.6266767156400956,2.55550110874109,-0.9484668566893338,-0.803092144039663,1.2427977993448363,0.908908274901349,1.2853438678913187,1.5742373108619812,28.014071535805503,6.786136272744605,20.027971330390983,10.131621998201734,3.4486352725666563,1.7949225115131835,5.905696559823213,18.831032701163778,2.5913073548020567,6.53058591677694,1.544546370056368,2.478223110909962
prime,100523,-1.1214856406790212,0.7115865402475544,1.3281887842135691,-2.337173010265386,-1.297175287595777,2.6730210262289655,-2.055406330811926,1.1823341767647502,2.3712041857013757,3.0980135519275263,2.2757509065169756,3.8440512687059005,-2.343248811027058,2.0866449415118544,3.1376586975508873,1.1718590197926988,-1.4033303137726716,1.8282750153690799,-2.3014125656089686,-1.636572118170435,2.8239808949629452,-0.4876694293580739,-3.6046132851484276,3.637452186324787,-1.3953292896380518,2.675328552499601,3.017337682517726,2.3188122337525585,0.8613654060671533,2.473629021937154,1.602439982700547,-1.7773839058658132,2.393095787257197,1.5684667596201827,-2.3442286227717957,2.8205488494007662,1.764085446510719,7.145041406662152,5.622609290287724,14.776730156439443,9.84490210231673,3.342589531822809,7.974868095115717,13.231058407798972,9.104326690341441,6.118840538169762,5.726907446988143,7.955495811855986
prime,100537,-4.867679569429997,-2.7697719587612415,5.600530429717018,-1.0550992951988856,4.170053257942709,4.3014623904909115,2.0877116226568835,-1.2056538009604805,2.4108382167095104,-1.063687850272123,-1.9130742467355775,2.1889003897709522,-0.017010247068665496,-0.5052040385431205,0.505490325392698,1.5567769169041603,3.256074991464912,3.6090966624695504,-0.877992767896308,-0.8915399810917488,1.251285274573027,-0.9797579073339562,-1.8180543689955586,2.065247502263894,-0.4346690417239931,1.8828975749028305,1.932418291521847,2.1147182640194244,-2.199606382318016,3.051278678408689,-0.14970379686802804,1.8596608540743411,1.8656767455733618,-0.4629969920147039,0.19127315304804238,0.5009507298044426,31.36594109418629,18.502578696807788,5.812140907147092,4.791284916339427,0.2555204690656157,13.025578719048848,1.5657148383632955,4.265247245607252,3.7342404534082143,9.310301573311477,3.4807497189732106,0.2509516336916036
prime,100547,-4.174964434883021,2.794007510123437,5.023624786861005,-0.4292503648919842,0.12635715213633375,0.44746173652716514,-1.3663566060496695,-0.2838008285097142,1.3955190020771382,1.4631802380707415,-1.5560455072108361,2.13592463106538,-0.9757423637280868,-1.0310246892397665,1.4195369210399675,2.6058266053141086,0.664322531037169,2.6891739851126184,0.41834206307305,4.0470436598794155,4.06860817316025,-3.9602718235917456,-2.9205050521860656,4.920681119172326,-0.2938460188656914,-0.7716680318771157,0.8257221289418842,3.959763834296555,-0.19119819477901012,3.96437717341447,-1.8152703132795562,0.5108843621383558,1.8857913834121667,1.7698846620952167,0.2056137668509589,1.781788073323688,25.236805999164275,0.20022200565590614,1.9474732851583716,4.56217402959178,2.015085070195631,7.231656722206481,16.553572466706385,24.213102676579016,0.6818170342243177,15.716286373089703,3.5562091417515735,3.17476873823854
prime,100549,-4.178884913445921,2.1110924453551734,4.681857583551811,1.3657144332999618,1.233656568427779,1.8404033368120256,-1.1397641330465096,-0.4779979542441605,1.235938640564678,0.9992881432921458,-0.1601372534360933,1.0120379109807693,-0.4163121641784312,1.9473667515797335,1.9913696500652842,-2.8758238331946044,1.735226704037536,3.358775734397145,-0.4621351983817808,-5.410364483454515,5.430065633618935,0.603204227314488,1.821434910191015,1.9187184451900752,0.8764173706282158,-1.3990271423591008,1.6508738148617983,0.9602389181966765,-0.14643992595027888,0.9713410482069864,-2.0514698183879636,-0.17230026233517393,2.0586927396184005,4.92003275786023,-0.33140339464266577,4.931181455634991,21.919790432661607,3.387084442148838,1.527544323240864,1.0242207332623197,3.9655530832011325,11.281374433975081,29.485612785409405,3.6814804719126193,2.7253843525963473,0.943503431931847,4.238215796157515,24.316550548398425
prime,100559,-3.438185085819235,0.20414920845982676,3.4442406396279273,-1.5217942565025733,0.579219569188301,1.628297598246371,1.5337453044032223,-1.7223524758891062,2.306268134883771,-3.5649889656051377,-0.19182593991754304,3.570146147724437,0.4567524861591683,2.5722638950651384,2.612501555878629,4.216744802033074,-2.2053506216289818,4.7586246006374875,-1.92401079142408,1.0032602351897935,2.16987295135669,2.164130580277908,2.4588416729358817,3.2755707198990716,-3.473979819103641,-4.883950799388103,5.9934556972070006,-0.9552236872141538,1.1811132352393159,1.5190394224879378,1.4991134839090416,1.2680197980678165,1.963470255932045,1.3884661520616728,-1.4020361049348589,1.9732063994833027,11.862793583664594,2.6513530684549003,5.318872709980268,12.745943516111637,6.825164379468257,22.644508089792286,4.708348625029393,10.729363541060122,35.92151119438305,2.3074807670724877,3.85521544592985,3.8935434949618593
prime,100591,-2.6430823444446383,-2.8643965588649607,3.897518688339081,-0.23467769739914945,5.149842833985085,5.1551871776303235,-0.8351812862550851,-1.4115940567050038,1.6401602244401576,-2.5944753122565514,0.4048709316240581,2.625875590576001,0.6121610281247347,0.6535439783666367,0.8954668369147029,1.4919184790210638,-0.7573572968626541,1.673143993550953,0.004339426268723745,-0.7132858365027712,0.7132990362924934,-1.386469100601413,-2.463905197816707,2.827211592850927,-1.783972051281178,1.5739529589819246,2.3790511127002567,4.2619617142884625,-0.8769645710844474,4.351250913587721,-0.508261182664054,0.6418974410149696,0.8187562241501612,2.6791603106979807,2.881838429792998,3.934830708664742,15.190651925952391,26.5759548364041,2.6901255618355884,6.895222617182863,0.801860856014023,2.799410823155631,0.5087955151757998,7.993125390750676,5.65988419684033,18.93338451299798,0.6703617545846291,15.482892705851075
prime,100609,-1.8326013793626257,-1.6867531512000657,2.49069548695242,-1.638694648469474,-1.8171242548811808,2.4468879640473893,1.245448604240224,0.4070626342493191,1.3102832571646166,-0.7112735516545768,-3.300833533154168,3.37659770758649,-1.8242316767264577,0.6970484246442648,1.952869098703565,0.280658075220966,3.578979031240721,3.5899665543355006,-2.018501908172916,-2.7390310874506447,3.402446362739428,2.1323165992581896,0.1290472749955044,2.13621798481704,-0.819180900418869,1.0560167489907095,1.3364986800442327,-0.7666906905536424,-0.47101114981443726,0.8998144910097522,-2.795946411459849,2.750487472208185,3.9220527368368443,3.6908683382625798,0.5877451525908384,3.737372533583347,6.203564008725151,5.987260708599978,1.7168422140059167,11.40141207887834,3.8136977166712747,12.887859861247506,11.576641251318764,4.563427278655776,1.7862287217599762,0.8096661182311394,15.38249767052938,13.967953454783206
prime,100613,-0.30469377708517825,1.6180126803591726,1.6464517398325123,-2.923362756416055,-2.5858554474561406,3.9029089408720608,-1.9831584453707771,0.9715642126280071,2.2083601243241366,-1.11468907618154,1.8180290712713694,2.1325481097846994,-0.6071575780375049,-3.651478963796939,3.7016130197009973,3.457137115693647,-0.8120291488386302,3.551223503987066,-1.9510248330306212,3.081236114209808,3.6469869605762124,0.8841227501999908,2.0432510405398383,2.2263305801449,0.7796257435132772,0.2623745733563049,0.8225914640284893,1.6668014765282835,-2.0858789419910595,2.670040846653588,-1.9674197614399052,-1.8318062758672988,2.688169405006142,-0.801957444125034,-0.5278269578724063,0.960071372161672,2.7108033315975066,15.23269820073907,4.876854438704917,4.547761440546295,13.701938947619936,12.611188375270176,13.30051389061292,4.9565478520883275,0.6766567166925334,7.129118122798609,7.226254750011076,0.9217370396443958
prime,100621,-3.641117023956677,-2.802075011131061,4.594492088376284,-0.7677993783828688,1.2622687660819785,1.477443170910895,-1.8478641502659925,2.503541851496686,3.1116432507653755,1.344134554205522,-3.1774279395407694,3.4500356535525216,-0.11694169181492836,1.2062149729086502,1.211870422179514,1.2075394722487043,-0.9401059167661234,1.5303433313401777,1.3893726412905543,2.1906159704424324,2.5940614230052708,-1.7793643726079589,-2.2283217249354497,2.851588203146768,-2.469861152300382,0.8186624080719881,2.6020035069216947,0.6287005324122285,0.719275043185876,0.9553119632902454,2.1249975849903184,-0.7649812001122813,2.258497503372521,2.341934410444001,0.1838383706018223,2.349138848456435,21.109357550152268,2.1828383232712403,9.682323720033713,11.902746010783575,1.4686299201535535,2.3419507117773533,6.72915466632413,8.131555280325813,6.770422250032798,0.9126209472054632,5.100810972739912,5.518453329327225
prime,100649,-6.275277234296085,0.36494055616696,6.285879888831011,1.1688944585826866,-1.9632186932047833,2.284850518667252,1.1653110127648656,2.8857557593144483,3.112159388413065,0.07661356672711783,-0.5126266684207438,0.5183201132338989,-1.3551650644843436,-3.9437239564734154,4.170063668202344,0.5340785418238271,6.1374213966086515,6.160615333583681,0.33236151172099715,-4.20436311258341,4.217479502845927,1.1424953461067915,1.232794949664138,1.6807971334438556,-3.5155740747601762,-0.7899605811656507,3.60323449069325,3.4363738634539285,1.9448477863586096,3.9485564756671847,-0.562116277827827,-1.0902362799775371,1.226617241024383,-2.0195037318209415,-2.1725335481420514,2.96619239777891,39.51228597681016,5.22054189265401,9.685536058887582,0.26865573978280183,17.38943099686119,37.95318128838637,17.787133356925526,2.8250790037930824,12.983298794921446,15.591098241533258,1.504589855978269,8.798297340641401
prime,100669,-1.0071531904749746,-0.6221379493285037,1.1838129823070012,1.1756560275122707,1.9829198491601114,2.305241467443073,1.2333725978189274,-2.5279840905645696,2.81281203197053,-2.120113663495175,-4.626081694260833,5.088763483216145,1.076527173700847,-0.17337352714316523,1.0903986131825352,0.5360732602399565,-2.8102241000319523,2.8608974173753055,-4.023265519673785,-1.9986558431994443,4.4923591376192595,1.2285270904629946,1.017465367915276,1.5951534681366677,-3.1512116997694704,-1.0926362899003852,3.3352644930756647,-0.8642782565177036,2.725503747141509,2.8592564733461194,-4.347268860312148,1.9322706075047411,4.7573539120467405,-1.0435312741001201,-0.9521497350703922,1.4126381836902322,1.4014131770785963,5.314138223219092,7.911911527198181,25.89551378811411,1.188969135630396,8.184734032744693,20.181290621351256,2.544514586908439,11.123989238771271,8.175347580371689,22.632416244466427,1.9955466380196383
prime,100673,-5.346429358870745,-1.3713393134969742,5.519499832605976,1.4871300747669367,-1.7476594335288196,2.2947482116516813,-2.130180863702813,2.1886084010950944,3.054124628339467,0.6635330235883696,0.47379674792723814,0.8153278063078375,1.9604098686161653,1.796984625289852,2.659391019856945,0.3139027437404686,-5.4628812772664155,5.4718924315117645,-1.9042160811398667,3.466390706724387,3.954984628963413,-1.6155396450013395,-1.174579634191659,1.9973997250497622,2.6293839484187793,1.8486988048511361,3.214241313165574,0.36685387455689566,0.25029056549010575,0.44410261477586854,-0.3409150626159363,-3.099324555931784,3.118017925368643,-0.8386747960633022,0.7528453402055577,1.1270099910032045,30.464878402137394,5.265869354878589,9.327677245429687,0.6647594317387506,7.072360596495761,29.94160678203573,15.641903415336865,3.9896056616288655,10.331347219260353,0.19722713245076348,9.722035782920177,1.2701515198210431
prime,100693,-1.265746757650599,-5.017213968550901,5.174413093359022,-0.04883325760140883,1.3023552880982763,1.3032704951334968,-1.4553504743997792,-0.004094111458848637,1.455356233052341,-0.5013889847069687,2.7654649718431172,2.8105493100952237,-0.21643073055949646,3.0305244461831276,3.0382430251782147,3.3123531873281045,1.381142041404936,3.588765383267461,-0.978792860169034,-2.448768013756442,2.6371386479126477,-2.358467487604958,0.40709234955722684,2.3933434920958723,-1.7789781116635308,1.2553900630100872,2.177330322225457,0.4853206447433549,-0.13217622205461665,0.5029976957111604,-2.1223437556717544,-1.3712366806026468,2.526783142944612,-0.6187880555643359,0.573267713532564,0.843525061327727,26.774550860725284,1.6985139834855099,2.1180617650843003,7.899187424476738,9.23092068004407,12.879236976138845,6.954500248314548,5.728093071157665,4.740767332082412,0.2530066818907371,6.384633051469052,0.7115345290879456
prime,100699,-3.8350140379613693,2.1419063458370724,4.392618292738157,0.38516160545054023,-1.4742202151637285,1.5237042708841593,1.9383937760314356,-2.4784004042179606,3.146400958966476,2.227899055900859,-0.03127082243920287,2.2281185039445193,-2.400811066125124,1.5811276773862466,2.87469276748415,-0.528197339325345,-3.96440946354649,3.999441814044473,2.31421706639548,-1.6213336501641764,2.82565451454186,-1.2092903437418623,2.0119490085272105,2.347407495170137,-3.2342745291035304,-0.3766574743418941,3.256133072002046,1.4934106304539982,-5.029844008346957,5.2468663085175695,-1.3757703250616542,4.295656748460672,4.510588751805685,-0.7330503332463747,-0.13894933750918845,0.7461030153181687,19.29509546569788,2.3216747051106275,9.899838994585158,4.964512067619963,8.263858507425681,15.995534823927347,7.9843234355507935,5.510321948380937,10.60240258258548,27.529606059456786,20.345410887915964,0.5566697094668634
prime,100703,-1.746096289843133,1.455918386236011,2.2734446553158105,0.6969419734802996,-0.9939632992654175,1.2139568174713664,-0.5143841995394414,-2.125009037192821,2.1863793158752194,1.9446770124390946,4.389017523658806,4.800546167436901,-3.258014694611296,-2.2825802545424265,3.9780437866783345,0.21706465522208773,-2.165017855951855,2.175872096686074,-2.275762281311157,-1.8350940911189437,2.9234678524482227,-2.0570100705330505,-0.1442812549274184,2.0620638959057054,-0.5266757939897307,-0.1922403643185433,0.5606636689210738,1.680145930225368,0.5849721860773461,1.7790679597297505,-1.0437512281000734,-0.9928956042569415,1.4405756860065242,2.506164207958095,1.0326687306355318,2.710583653843324,5.168550600784025,1.4736911546852085,4.780254512886993,23.045243505693122,15.824832368730103,4.734419381137051,8.546664284298224,4.252107510797816,0.3143437496480394,3.165082805336977,2.0752583071131676,7.347263744482626
prime,100733,-0.5405189251638539,0.11848509899387372,0.5533528956677429,-4.119501317559552,-1.435177195345422,4.36234165184416,-0.20028449132007262,-0.049988663581356785,0.20642854441668262,2.0544314728116078,0.5204996313901686,2.1193415351840232,-4.2395069368499865,-1.7577625611381458,4.589460566225413,0.8148668384586937,-0.34351355727093336,0.8843130262800597,1.7276504857726331,1.7535450817827338,2.461645091160549,0.8031466912156451,0.9846764706479121,1.270681848244582,-2.533453312106482,2.1099824917469836,3.2970307551040703,2.1128113265599295,1.0813335841279264,2.3734477078298726,1.3996715699953322,-4.106197911478795,4.338195683931976,0.3327647442428411,-3.283972345729758,3.3007888061081423,0.306199427143876,19.030024687414432,0.04261274394999031,4.491608542756173,21.063148288938088,0.7820095284485975,6.0596965548348285,1.6146323594582672,10.870411800102115,5.633254021802876,18.819941792086023,10.895206742528815
prime,100741,-4.326841687451758,0.5551232390208868,4.362306820796929,-0.9260385334168366,-0.7901548902123092,1.217329912513133,1.6006373959740627,-2.5088120694271367,2.9759331432500127,-1.967559610485869,2.172762152696985,2.931243113937795,0.6286769174539741,1.6677209109563929,1.7822816004718929,-0.16979406268141595,-0.031085014919216225,0.17261605335074867,0.9526947083920813,-1.822564220181015,2.0565426190775393,2.7463169360480726,-0.2602298580875758,2.758618547799741,-4.542441956455919,2.0419832015647668,4.980308657427145,1.4138340006287533,-4.093294300674325,4.330587121080329,-1.5688442820171866,2.5068856038911496,2.957321053287031,2.465792914614225,3.219820917991493,4.055537133561631,19.029720798771415,1.481892115899232,8.8561780730939,8.592186193007741,3.176527703380652,0.02979630187438851,4.229367544082305,7.609976292264752,24.80347432324377,18.753984813266815,8.745747812214715,16.447381441697292
prime,100747,-0.21104585174080437,-2.61820600939902,2.6266981286760274,-1.8051849490423204,4.123950164352774,4.50173940364324,0.21213551314509896,2.9708550958733504,2.9784192916065377,1.4088380497958664,-0.04074428050526596,1.4094270988406998,-1.1377311764061426,0.8734626454013685,1.4343532419449758,-0.8300270835954365,0.9090694530699602,1.2309964378530354,-3.694996016763982,1.1507493078382143,3.8700412831637627,-0.31864586074169166,-1.571293480178356,1.6032773887942235,-1.9179915903539864,-2.0526271349570107,2.809265009896795,2.6960201643834423,-0.3114078041193369,2.713945383980406,0.23126655867539125,-0.9404130261436593,0.9684321767177261,-0.1947142278734335,-0.17040202829893003,0.25874791165289956,6.899543059190144,20.265657658314197,8.87098147661399,1.986484746946512,2.057369222678062,1.515352230006862,14.977219533391823,2.5704983854188237,7.891969895830439,7.365499547228553,0.9378608809022331,0.06695048178473671
prime,100769,-0.46160187843832956,3.792035517477962,3.820027442308779,-0.10094942126293477,-0.9129633612643073,0.9185275633666873,1.342817880008841,3.999043195093256,4.218472037965063,-0.9681308040557941,4.0647821084399665,4.178484275769789,-2.7934359893523704,-1.5009094127803433,3.1711218349318737,-0.5604806602954162,-0.8584662414538958,1.0252330751010545,-2.743109005096086,0.06130368054015367,2.7437939345160394,1.2687004601270366,0.028743087872882156,1.2690260133768034,0.21954924559803546,-1.1393519380622896,1.1603123329556408,1.0788295539848707,-0.5247277886539845,1.1996718129292259,-2.349540713489701,0.3409000269970419,2.3741428753873,1.3024046699348357,1.6947703849826419,2.1374060405272273,14.592609659992151,0.8436928846643437,17.795506335093116,17.459730842855382,10.056013691981693,1.0511028582811646,7.5284051550870075,1.610427022627023,1.346324710008962,1.4392124587368955,5.636554392752276,4.568504582082279
prime,100787,-3.784776648161607,2.5493573107230874,4.563305487714652,0.9763934775851002,1.4235847115397955,1.726249592034874,-0.09659782367611691,-1.732395942895413,1.7350869841306082,-0.09141898148023342,2.476253823331702,2.477940763565537,-0.37265087116668827,-0.4596321738321155,0.5917181820790433,-0.10321090409633982,1.6112392637722155,1.6145415621301344,-2.6600844336130804,-0.8096928449925225,2.780584776118633,0.177557146936015,0.41008455169708946,0.446873449612595,-1.6817040756493276,-2.87018287171742,3.3265715556944833,1.4347618978471237,-0.7334178045839356,1.6113483110720042,1.2112367924558558,-0.040626679642158714,1.21191794049659,0.7406259951069925,-0.28913904821408887,0.7950649368638841,20.82375697420666,2.979937654000569,3.01052684249945,6.140190427739756,0.3501304070029278,2.606744455845615,7.731651697182709,0.19969587996866048,11.066078315155615,2.5964433795946005,1.4687450944974965,0.6321282538303721
prime,100799,-4.631060568512137,0.022310436269689038,4.631114309191093,1.3088061983842798,-0.06210450871978124,1.3102788386188782,1.0973335127580524,3.8614329592104095,4.0143250163257065,-0.5814769632926731,-1.8513231575006794,1.9404929508602584,-2.045234595524527,1.2971453865366762,2.4218940324761853,-0.4752585641285658,-0.44248238291784425,0.6493545733805222,-0.5082231534721128,0.7519633805377312,0.9076010684187582,-0.020053390982831987,-2.6288408239031305,2.628917308686144,-1.27328945291846,-1.036848389014219,1.6420476889283004,2.6590672857705444,1.1239305380273352,2.8868423380166686,-0.9887069083544076,-1.785105007854622,2.0406227578108065,2.6474493478986307,-0.05474400765121601,2.6480152862214754,21.4472197447945,1.7168306349324363,16.114805336698385,3.765512892338353,5.8655707045437575,0.42166136197019993,0.8237396993948715,6.9112062159095995,2.6963206127147727,8.333858684565545,4.164141239695382,7.011984956062602
prime,100801,-5.413259563904853,-2.81636454522232,6.102072464154509,2.203005676219956,2.8540565536091074,3.605394960424786,-0.7369372796115463,-4.910478885183061,4.965468702540572,-0.6787732360779808,2.883481722883045,2.962296398440971,-2.0526350656064305,0.32380517413940735,2.078018407848344,1.6686383616181866,0.7496917552184222,1.8293145464097487,0.35525691031366735,-0.6608929151783812,0.7503245415542478,1.0004649103705643,2.4543629305753027,2.650439101708426,0.015073771821214943,-3.125675511703375,3.1257118586106225,0.3891208556883388,-0.7289991786705434,0.8263503148386596,-1.2255393575794176,0.4163777121394484,1.2943404174106026,-0.9951755809800056,0.7832160224451875,1.266412955869353,37.23528835779268,12.998872820656443,24.655879435909952,8.775199952216349,4.318160503356567,3.3463917097063045,0.5629869176585921,7.024827431864969,9.770074623059072,0.6828548428339519,1.675317116142653,1.603801774793752
prime,100811,-2.2773986367475314,1.5365475071103267,2.7472755217244726,-2.559251743646926,0.21294339951227104,2.5680954769547943,-1.2368544703176205,1.0067994439277528,1.594821024766702,0.4493829695794238,0.19081730621641035,0.48821746967894203,0.9460175544819323,-3.039606966723873,3.1834195019733547,0.4978451670917629,-1.7693595303276282,1.838065003735676,0.8474293110616574,3.5712640177165045,3.6704309176829724,0.19477487301910595,1.7775691227154014,1.7882083875183032,-3.1013846187437766,-1.366478185627429,3.3890779255095493,2.089755380760633,-0.5432194024083301,2.159204684732525,-2.0096759605506813,-1.8076201657473234,2.70301463740611,3.0952369830278994,0.9042681847499042,3.2246229130015407,7.547522792266474,6.595114378755673,2.5434541010379137,0.23835629769970867,10.134159725544281,3.378482957957831,13.472063121483068,3.19768923719081,11.48584918517611,4.662164870570882,7.306288130031685,10.398192931054542
prime,100823,-2.9247939200289275,-1.0291818366452066,3.1005861909514114,-1.6125829687064237,-0.5335084511402677,1.6985449945173987,-0.6452969475198134,2.441118012704709,2.5249683765207394,-0.37975773994732476,0.9527714411270131,1.025665325570259,-1.015673427921,-1.381351357497866,1.714562359625917,5.2549692709336915,-2.8732609418623203,5.9891844585459975,-4.246459946459777,0.5731136629860751,4.284959900347784,0.6888924917436637,-0.06235869895825952,0.6917090952969758,0.9647171554026832,4.3805087868576145,4.485480623262686,0.8392498465706248,-0.1861107729760605,0.8596380196260308,-1.5713915424956735,-3.5058885185490496,3.8419429569322054,-1.003338906623181,-1.2207864987578732,1.580192594936866,9.613634727518582,2.88505509840011,6.375465302429778,1.0519893600771455,2.939724085045992,35.87033047848891,18.36088134758849,0.47846147251656074,20.119536421665014,0.7389775247865641,14.760525684320978,2.4970086370933062
prime,100829,-4.331680444793982,1.1477169724987906,4.481150491198926,0.3190514534937219,-4.840506082500066,4.851009478932873,-0.8486029589408793,1.175108777517872,1.4494852951730015,-1.614088102929967,3.61258781291989,3.9567753423813907,0.7263882370509047,-0.6938884240339603,1.004550156007282,3.5104958571283746,-0.3066590373674236,3.523864487762632,-0.48872943932748486,-0.3794727932920985,0.618753638950322,-2.217592957575623,-3.1466243842319477,3.8495406922036928,-0.9802575631709641,2.094518312411244,2.312555264459624,0.44508168814841814,1.3027946827556498,1.3767249887110498,0.15444842787014224,2.2068311392368893,2.2122291911050143,3.1456180537702005,-3.3791339483179064,4.616650212099633,20.08070972477238,23.532292964696587,2.1010076209227635,15.656071110077372,1.0091210159342547,12.417620928114598,0.3828560657142654,14.818963540932087,5.347911851179922,1.89537169454144,4.893957993977145,21.313459180879587
prime,100847,0.15751251495285234,-0.5885054940006789,0.6092199182854706,-1.466956238833913,-2.735162427819051,3.1037193998824613,-4.170521188694695,-3.3510892372327796,5.350051033518166,0.27123169728917107,1.0221853838771569,1.0575583164187472,-1.41407429523949,0.17282497526905627,1.424596288263384,0.7176385154866542,4.300826943636143,4.360288687462849,-1.4729073068492646,1.9254525347250269,2.424216037825215,2.476551182960578,-0.7632346348380845,2.5914924020031127,3.958096815555451,-2.820838523527537,4.860417716321018,-0.7067637354090557,-0.6900851852204204,0.9877917495859456,-3.2833739700662234,-1.0037692150702795,3.4333798602006214,-0.4245465128917578,0.7803427872155291,0.8883550006432406,0.3711489088357555,9.633074113206746,28.623046061248793,1.1184295926264551,2.0294745845338107,19.012117438016496,5.876823398048984,6.715832869639863,23.623660377127216,0.9757325405500635,11.788097264431238,0.7891746071678519
prime,100853,-3.476441323506638,2.133608414811064,4.078961772747713,-2.504503089351295,-1.61703700553106,2.9811649403927714,-0.4388736780519955,-0.9134906401280781,1.0134472136665493,3.5684211501382554,1.4207655036086178,3.8408598153275886,-1.7498476746312603,0.33863881191048384,1.7823139816947444,0.3231994506183053,0.08437537939997242,0.3340315696590124,0.5403767437802365,-2.077217324549781,2.1463547793010087,-1.8188864237415576,1.4813739129321513,2.3458082812513186,-0.37761196230148486,-0.4652583416908045,0.5992129159039008,2.870686969690683,1.9760222882050953,3.485040568118996,-0.04276168097997257,-2.6003437522974613,2.6006953284598087,-1.6361096666644452,0.9525966356888789,1.8932234922688376,16.637929143537168,8.887344401827036,1.0270752548884925,14.752204120998277,3.1766431293445736,0.11157708952886364,4.606838838628282,5.502816492387265,0.3590561185860553,12.145507761435175,6.763616191472672,3.5842951916786134
prime,100907,-0.22027994277856455,3.2214917765664786,3.229014171488873,-0.29850875622663225,-1.2239682248184853,1.2598435192154958,-2.995695244341345,0.3301817719900034,3.0138364254756445,-1.0269264679364634,-1.4524474182830969,1.7788146259309017,-0.3322922044636336,-3.294190934127933,3.3109080355150255,5.091899019188058,-1.9672574041760313,5.458712056510558,-2.3090830802315905,1.9428797279525951,3.0177220396684916,-1.861721485276844,-2.054977085627948,2.7728933825874647,-1.180193634467202,2.993137711266334,3.2174105074487422,-2.4544414360440516,1.7330698989522604,3.004632096883807,-0.43164479199482564,-0.9705819386918841,1.0622365678939663,1.3884778243000306,-0.30059217064590094,1.4206429254483905,10.426532519675973,1.5872056929092853,9.08320999952381,3.1641814734256934,10.962112019637965,29.797537315893727,9.106646308700961,7.688937711197352,10.351730373441573,9.027814037624385,1.1283465261711527,2.0182263216265612
prime,100913,-4.51770033944022,-1.139540620268166,4.659202633736746,-0.8224699836647014,0.5796258717783973,1.0061923400942194,-0.14849854360867032,-0.23789088139386927,0.2804351777224964,1.405609130274775,0.46323284760292693,1.4799735464561947,-0.3884477575218399,-0.8413387539192905,0.9266836348885258,0.783454987471847,2.8216187718527452,2.928367157831529,0.024934818035925232,-3.6684463759673682,3.6685311172864004,-3.474017444471748,-0.05133903854156047,3.47439676798324,2.864259109403794,2.5299799576315474,3.8216199224700436,2.2122555680775853,0.6745786853564494,2.3128188647681673,-3.9304604822090212,-2.2467836732930166,4.527312279574144,1.5767939085548903,-1.2189296729372936,1.9930049115902413,21.708169182219432,1.0124230252642814,0.07864388890424813,2.1903216982101266,0.8587425591702106,8.575334211066307,13.458120558498605,12.071432901372384,14.604778831819942,5.349131101227514,20.49655647678283,3.9720685776228253
prime,100927,-1.578973585437624,-0.51740857002749,1.6615863540146318,-0.6509897280571181,4.441286399984428,4.488742865516192,-2.3446351321439045,-3.4043120942309457,4.133600698883547,-0.9580660201673652,-3.578925694986657,3.7049425945937484,0.403757580653879,-1.9769672918518277,2.0177759679873835,1.9256481129386347,3.2852897057726964,3.808050565016196,-0.15427136737246142,1.9540432901506362,1.9601236783870788,-4.6264525160364816,1.0166583864980812,4.736840419306647,-0.0534844606033027,1.777682848841157,1.778487250049895,3.2737000577674498,-4.727838881979353,5.750614972520973,-0.052404625427352136,1.9837854684711314,1.984477520579008,4.84036701674024,1.0689093195315467,4.956986987084816,2.7608692118476372,20.148812512722518,17.086654737810548,13.726599629235057,4.071419856987422,14.501249105720172,3.842084834573692,22.437657157977174,3.1630168985900373,33.06957256218239,3.938151029683407,24.571719990128205
prime,100931,-2.5038672512760174,-2.6289760046834836,3.630546246119728,-2.0672227733609643,-0.9698862392506353,2.2834380464093913,-1.4590792081871424,-0.944997578739434,1.7383706623121005,1.8344039562613328,3.1867657848529993,3.677025162037511,-1.7295526745474268,-0.9346552604594913,1.9659432621362083,0.4159359304862418,1.5037167092498986,1.5601816047969543,1.8700887627783556,0.4199984272819284,1.9166717662628556,2.2866597004062923,-3.005332555439842,3.7763522550536472,-3.5271451846848465,-1.0466729020843788,3.6791680197842607,-1.6525189572136556,2.9761839747365726,3.4041871210950334,1.0796360453952292,-1.0067851712275764,1.4762216539261268,2.941749623280999,0.6081135212214168,3.003946221350544,13.180866045214048,5.214089311789937,3.0219325595874107,13.520514042256984,3.8649329099387564,2.4341666399468,3.6736306595891746,14.260836354248767,13.536277317803238,11.588489955429292,2.179230371520389,9.023692900766212
prime,100937,-1.9013598986231908,4.520767959057181,4.9043360818494515,-2.3868689268222383,-2.030381703817964,3.1336230049302807,0.038553031421970696,-0.018893296232898482,0.04293358678665825,2.384464681275017,3.3291769113288834,4.095008024799621,-3.468592683090472,0.5758152513846595,3.516062912536682,1.5312490368311347,-3.965162022059185,4.2505568428121,-1.1551375993447075,2.7519856489054737,2.984588394603439,-3.4965501529058134,-0.22378702214527924,3.5037042687798747,0.7598002256287837,-2.9998969143280947,3.0946207973612494,4.4536187359168,-1.43910580663628,4.680357397422062,0.3374862702206951,1.3401493317024171,1.3819903088842234,-2.0305008386732024,0.6190271491871924,2.122764298570004,24.05251240373043,9.819593137028281,0.0018432928743675157,16.769090723173292,12.362698404915935,18.067233473976763,8.907767885201533,12.275943603066317,9.576677879460775,21.90574536760342,1.909897213849911,4.506128267283401
prime,100943,-1.339271267621391,0.6328363829120146,1.4812594019324803,-2.2744833775824915,-1.0915028694792497,2.522826420699707,-0.6872088464178123,3.659980148104078,3.723937524061171,1.7172375414852237,1.3406026284193135,2.178559198463743,-1.2818964409411362,-1.6606527681065448,2.0978622694346454,1.1200198587861183,-0.9679049422632512,1.4802987743468896,-1.8165055119649132,3.0659601934619927,3.5636784623324833,-3.477579982335237,-0.9892904626110604,3.615557792782734,0.5389589853741976,-2.336271633571521,2.397632568544757,2.0270746947442095,0.6016351607926136,2.1144731459099413,-0.6325508831149991,-3.709954602965486,3.763493559951228,2.485565032347664,0.3280869449987165,2.5071247622541715,2.1941294158133693,6.364653148980494,13.867710683110845,4.746120181210987,4.4010261015174805,2.1912844613329034,12.699804182892413,13.072258152951955,5.748641933746528,4.470996684774284,14.163883775794368,6.285674573508036
prime,100957,-3.2270069386185334,-1.1448782227127663,3.4240794276322073,1.0297872121360467,2.8423622255156786,3.0231580711761286,-3.1846397953526524,-3.4846508451605134,4.720669670589298,3.125263309194946,-1.8467382689258676,3.6301119797763066,-2.4719172894023176,-2.364414867821251,3.420648001887988,1.4371909666685845,5.936429177913977,6.107921844544363,-2.8088008852969666,-2.3467241295105543,3.6601197457558805,-2.185310226679689,2.0162998281086484,2.9733896118170926,1.9022312879472163,-2.511660261829274,3.1507016906869527,1.6135167426161263,3.167535613906408,3.5548161899130593,2.324923040358256,0.8609340720246572,2.4792084664185934,-2.266499305752142,0.47511048646353093,2.3157610147255165,11.724319926734104,9.13948472331737,22.28472213882167,13.177712985715456,11.700832752820284,37.30670925906221,13.396476553272091,8.841045783661801,9.926921143697623,12.636718144067999,6.146474619961634,5.362749077322554
prime,100981,-6.5047817566165325,0.9831493932925176,6.5786600786742815,1.3870425027665603,-0.7746566521002262,1.5887038217125475,1.8922050789149276,0.10808786140217874,1.8952896998754423,-1.568822701554378,-0.745833041331989,1.737087100422688,-0.07105647859980313,2.8515291242310092,2.8524143053716218,0.05932685985043268,-4.264855089251867,4.265267706559257,1.5368746679143785,2.9562199371215465,3.331849345560488,-2.0385921767998076,0.32401202294716186,2.0641806738567463,-0.11017272242542069,-2.6893819676333837,2.691637679294566,3.1349252018512743,2.4308127105156894,3.9669391796203386,-3.9570159732774437,-0.8915816693132204,4.056216622152739,1.8257804688783281,0.5301313887084776,1.9011874210165465,43.2787684307427,2.523979833124054,3.592123046453944,3.0174715944549018,8.136267369488671,18.192508608617263,11.101220061511851,4.260841854323691,7.244913396598237,15.736606454806886,16.45289328582818,3.614513609831547
prime,100987,-0.19131218570732167,-1.4518777312815265,1.464427976716952,-1.710168659381867,-0.7273231366799712,1.8584067877302763,-2.7274927415948986,-1.7128262710758067,3.220712730179503,-3.6411744912409,-2.6914488385999764,4.527918785321197,0.33121456257461557,3.3290905244741253,3.3455263870734755,4.945729098197364,3.975486221246222,6.345449314908651,-1.4882691560232602,-0.34088546347732207,1.526809739286574,1.2937847565072234,0.5866056587719171,1.420558057621613,-0.8037548695362647,-4.010443362046083,4.090192886708737,0.1580895503643036,-3.587907551564377,3.5913887153171085,-0.8675924910853098,4.16631860153139,4.255693529855515,1.034354747897426,1.0091178329979196,1.445063509113826,2.1445492989913055,3.4536757886819642,10.372990490340307,20.502048526464584,11.192546806604902,40.264727008074665,2.331147979980336,2.01798519507369,16.729677850482748,12.898072904507071,18.110927420054093,2.0882085453723644
prime,100999,-1.6427440935652737,-3.1660469211061057,3.566855935356662,-0.35823072647905513,-2.19398821274427,2.223041504573072,1.472545772331093,-0.2626887304719412,1.4957929070319647,-2.928473085156242,-2.3354247436099715,3.745685964352887,-2.0496594026183628,0.5192724665173795,2.1144142359587224,1.5225453295696858,1.307831699353641,2.0071293018708825,-3.028940084180061,-0.8967822923927101,3.158907487328782,0.5794258805241691,1.3775677112970004,1.4944655065371246,-1.428752338403495,1.3732608839896905,1.981711053607362,1.6365654032963648,2.471465883322447,2.964201398638999,1.8220229794728016,0.13115300902469396,1.826737214134309,2.7551380276598336,-2.4583615759740276,3.6924689829005772,12.722461263589047,4.9419135310545075,2.2373964207271357,14.030163343550216,4.470747561224908,4.028568034428696,9.978696513501838,2.2334271502292644,3.927178699989601,8.786489931693396,3.3369688495031764,13.634327189682823
prime,101009,-2.1121423412654474,3.8086505419544885,4.355107831098618,1.656910546266733,-1.2189026829530643,2.0569580231108513,-1.3740087171907616,0.02265516101242293,1.3741954778111813,0.06992387573122638,-1.113515348778086,1.115708644925573,-0.9847654579984021,-1.744010292792154,2.0028317224948724,-0.9453231587013311,-0.24489102307102445,0.9765282830301615,-0.685492607113803,-2.4988204190142342,2.591139440649644,-0.9876552711994548,1.2343316051114497,1.5808344145118667,-0.8861593598284826,-2.272330233386112,2.439008630688339,0.26427214614105476,1.8144876666085556,1.8336317131584956,-0.019215237716356692,-0.8135434944530457,0.8137703869810998,2.7032907994838,3.6689687262724826,4.557314193792139,18.966964220496507,4.231076308840102,1.888413211236701,1.2448057803616586,4.0113349086317776,0.9536074875578352,6.71400360089015,2.4990374461050764,5.948763100572207,3.3622052595005596,0.662222242727369,20.76911266093929
prime,101021,-0.05206827393245006,0.8558157248222431,0.8573981922090378,0.8787903742872163,0.8644078814923365,1.232669261207537,0.9878542127568534,-2.6450785433983808,2.8235255349311013,-2.1998146867517456,1.0815671774968612,2.4513205044398436,-2.1353402386077978,-0.2814392018158285,2.1538073170403003,1.0168471055084265,-2.5935720907636375,2.785784310740681,-1.2214185436636331,2.4266138945593827,2.716674115913435,0.9524514068958831,-0.4237795824995887,1.0424743723667613,-2.929618400099788,-2.28731838886752,3.7167848178573304,0.23821905123329545,-1.922277152665779,1.936981612724123,-1.4643907273659778,-3.5895398247783135,3.8767559061752888,0.5868808458108624,-0.8400107174560342,1.024718074701854,0.7351316600033261,1.519473507525935,7.972296446407961,6.008972215487209,4.638885958936337,7.76059422596893,7.380318252074044,1.0867528170414729,13.814489382254749,3.751897768031345,15.029236356064985,1.0500471326206746
prime,101027,-2.839509599998707,1.5994245391023754,3.258983526311181,-3.433561439995433,-2.6263837737664932,4.322873568510585,2.417493398540399,0.6617285686999812,2.506423553715559,-1.0048373937012336,0.5869243776564966,1.163691717280721,-2.6429085124247567,-1.8727856965126626,3.2391807097026337,5.3755815634219575,3.7003627338090803,6.526067844174245,-1.4379884116606942,0.652540143347129,1.5791197898671074,-1.0275819643764148,-4.294255871040482,4.415490706532779,-0.5583333594375354,0.544187006889587,0.7796637985236018,1.0245795962737247,0.3803037512637363,1.0928834760969253,-0.7461307991058425,0.21689553181120635,0.7770166285826765,-0.035708325002205554,2.8807995026467657,2.8810208015431464,10.620973624767661,18.687235889327436,6.282159030620131,1.3541784128677536,10.492291670109658,42.58956150676507,2.4936193107499376,19.49655817947734,0.6078756387282516,1.1943942923256987,0.603754841093989,8.300280858924314
prime,101051,-2.463970440464328,0.3212951486835737,2.484830155976374,-1.5970795722444717,-1.4626267235868422,2.1656269514002093,0.5259225965245058,-1.584987256030168,1.6699638257498632,1.6379871180367962,-0.4186519569416841,1.6906422625456845,-0.8790120288168173,0.7150634660436704,1.1331274894181347,-1.808519857119498,-1.59900134177878,2.414031765450875,-1.2271140867832606,-0.17769101492753714,1.2399125286760733,-1.0049454176344457,0.0332330657955659,1.0054947683039643,-0.03971803992081041,3.308279694878052,3.308518106681233,2.405124068390677,1.757848491616921,2.9790355996248192,-2.7920660640977037,-3.8649300849078814,4.767946881783823,2.5583447138726303,3.2738338046240076,4.154890546729112,6.174380904049571,4.689940092630964,2.78877917931312,2.858271259905591,1.283977907275045,5.827549364605869,1.5373830787678942,1.011019729086643,10.946292062237571,8.874653103832006,22.73331746751208,17.263115455298937
prime,101063,-2.30978537208616,0.8284757794963207,2.453870530878766,-2.0848968582182463,-3.1675251974539393,3.792098467328338,-2.0278922930408916,1.9182495337248284,2.791420503222359,0.9736692125927372,0.6107858968524308,1.1493872921451627,-0.46302279718099104,-0.22696714519998196,0.5156589916888281,2.8537811557188073,-0.6600326998184937,2.9291142090341,0.4659396742066324,1.1954425374604158,1.2830364922205373,-0.7209711403552228,-0.8872768432012631,1.1432670649092929,-3.7037569333832328,-0.08012211878085243,3.7046234593413536,1.2998782282176475,-0.6284780283368655,1.4438379549992597,1.8329760936478914,1.007076483370389,2.091412059648302,0.37002729646933424,-1.037391185126003,1.1014084942061857,6.021480582315237,14.38001078591393,7.792028425810168,1.3210911473447895,0.2659041957095389,8.579710049565461,1.6461826403695807,1.3070595817063093,13.724234975502299,2.084668040296444,4.374004403242353,1.2131006711095373
prime,101081,-4.895097837632421,-1.3410769591732787,5.075477342124487,2.55221964892714,-0.9549242158489251,2.725014751223277,-0.7356142630772144,-1.0376783888420418,1.2719688607479542,-1.3735151110202168,1.0222872973828983,1.712195981361745,1.913739351507291,-1.6117170440826913,2.5020052229550194,-4.163035277853999,-1.5147236669976398,4.4300395609993934,1.053388958527665,3.8547470982735383,3.9960860212958704,-1.6078324728037923,-0.5280954348259832,1.6923386330419814,1.9415857477540523,1.2873669852692582,2.329607042108802,2.171941794078922,0.6093965816759956,2.2558136781713944,-3.9592784040143854,-1.7706255601463412,4.337165013547242,5.976042493477778,2.28631831354372,6.39846351202361,25.76047025041905,7.425705394384459,1.6179047827124486,2.9316150785913084,6.260030135694196,19.625250512019697,15.96870348959626,2.864010048886402,5.427068970642922,5.088695350625155,18.811000354738248,40.940335314697506
prime,101089,-3.548678880700762,-1.5803225610099343,3.8846545786168183,2.2085533703784908,0.224968840028949,2.219981749653398,-3.6101191758198565,0.2877591005733341,3.6215695166025754,-0.730773457470456,-0.14996053609710547,0.7460013461984204,-0.6637755155699581,-0.8498602323226115,1.0783600277985117,0.6607410232170307,0.3993954320995349,0.7720721539751727,0.7672630273537787,-1.273233111418752,1.486544687911252,-0.03686796603904252,3.5604950779624382,3.560685951767525,2.9538124945783113,1.4420407048652877,3.2870183521871796,-0.4507740466299939,-3.1398776631214456,3.1720701411671475,-1.796432238296617,0.5861352068575632,1.8896357499553589,-1.477061156701666,-3.7879543098848427,4.065748087918387,15.09054119516861,4.928318968794161,13.115765763585012,0.5565180085298554,1.162860349553607,0.5960954109438628,2.209815109157162,12.678484447114606,10.804489647615322,10.062028980484166,3.5707232675093517,16.530307514412023
prime,101107,-3.840385883947677,-0.39715385483081433,3.8608671204836305,-2.3453024517060834,0.17046349796106464,2.3514891864764524,1.0174866619762977,1.2844227485700044,1.6386033395376056,0.8553713697713833,-1.4097685061912264,1.6489716253693434,0.5635861604309352,-0.3144967432843758,0.6453972123938579,-0.23424983115460618,-0.23350411007507077,0.3307524040999737,-1.231518144881698,1.808486366545003,2.1879807766870365,0.7992296459957188,0.3679575549460964,0.8798640743207734,-1.1365461587961645,-2.2254209791773123,2.4988468751879984,2.1657555500257395,-0.5937233352139042,2.245663487979625,-0.6812397680144731,1.4596423955661861,1.6107897269533995,-0.4046318135955455,2.606962964316989,2.6381779321899503,14.90629492203156,5.529501394115688,2.685020904343794,2.7191074212732143,0.41653756176576257,0.10939715281791229,4.787259879152008,0.7741607892803515,6.244235705636824,5.043004501244816,2.594643544458607,6.959982801894042
prime,101111,-1.9011871412807169,-0.7901999543521769,2.0588658319641246,1.8213074440612278,2.809751505235468,3.348412209834061,0.8477113768821813,-1.942121936263808,2.1190687090824984,-0.23817976250723877,0.8523320007764293,0.8849855585350282,-0.3315168728482444,-2.5210845271834352,2.542787964063619,0.43012957266854124,0.8295007296167086,0.9343890569343553,-1.4542155739684248,3.030842002888611,3.3616582488477564,-1.8210667894682304,-1.577697610404324,2.4094426744746684,-4.726219851464348,0.19165552791790863,4.730104219333564,-0.17275927752159162,2.116742112393649,2.1237803413607796,-1.1926794953002235,-3.425865128435287,3.627538594796549,-0.39648075246444714,1.6442485611121413,1.6913752740873684,4.238928514029327,11.21186432696582,4.490452193812566,0.7831994388155559,6.465770630186804,0.8730829097186737,11.300746182046165,5.805414001579643,22.373885925757182,4.51044293835051,13.15903625673852,2.8607503177941207
prime,101113,-0.6536018385993825,-4.436240170135479,4.484130039432861,1.3121034221565073,-2.4453391398930195,2.775121420681904,-3.1061626159001605,-0.438255218471982,3.1369274510153486,1.4045914021345944,-0.5703242230848947,1.5159639594620364,-1.5566075938456896,0.18610572640513823,1.5676933828459096,1.3149875174956809,-0.9547146230047349,1.6250145176423891,-1.7931588951402384,-0.684546736652339,1.9193809048445616,0.014283939724241246,1.545138070838655,1.5452040929563469,2.404929208197828,-1.2862985630927157,2.727315253112008,-1.6830012858721441,-2.439636827833832,2.963835552113243,-1.5004507715178073,-0.5627715099182805,1.6025181091407623,-1.5894996551039786,0.9429363284629835,1.848144494651573,20.10742221054415,7.701298899527549,9.840313832933653,2.298146726387815,2.4576625426188516,2.6406721825485264,3.684023057881928,2.387655688889047,7.4382484898574175,8.784321179970412,2.568064290124084,3.415638073110918
prime,101117,-4.1786956231831365,4.1661756234133875,5.90072168775429,0.5851095795563279,-0.36595371218513134,0.6901270459492663,-1.6340283900588146,-0.639801049193659,1.754820264889686,-0.3715508146080708,0.41975035095002644,0.560571462847148,0.4539758058479244,-2.43398590448436,2.47596070556942,0.6362599153778692,1.4276717745337184,1.563033389188123,0.28577748822013405,-1.187812471516461,1.2217066915849533,1.124464322172198,1.816362944691479,2.1362570909622467,-2.206995845724129,-0.38976668233664813,2.2411489753479756,2.212731457969517,0.17048330051695315,2.2192893143623835,-2.6999122779464506,0.19816187115729056,2.70717462232981,1.8876835429646919,0.25128375754948806,1.9043352344552997,34.81851643633384,0.47627533955066076,3.0793941620675076,0.3142403649585914,6.13038141552382,2.44307337571691,1.4925672402634522,4.563594358686481,5.022748729703281,4.925245060843058,7.32879443578655,3.6264926851879213
prime,101119,-3.5928128062860827,4.955278490180721,6.120709826177108,-2.707059587909751,-1.7107928402868193,3.2023403558758012,1.3566469172744657,-1.0620557952596585,1.7229200127675506,1.0269274672698352,-0.9670226465516459,1.4105718067425665,-1.2864642333606886,1.893162016107327,2.28889769167341,1.0012669498298856,-1.195533354133171,1.5594343543947442,1.2605026513728506,-0.3961573445117872,1.321290117925892,-2.1994226865324373,3.7734874102632285,4.367684442521992,-1.3280579249705762,-4.063500831345634,4.275017761182263,4.030128978623157,-0.05555144518664912,4.0305118220147245,-3.538216970157487,2.453578616245653,4.305697081078551,2.2837335277941873,-1.9299907396693117,2.9900339598707872,37.463088776261,10.254983754870754,2.9684533703949367,1.9897128219769884,5.239052642947865,2.4318355056665526,1.7458075757286176,19.076667389448644,18.275776858423807,16.245025547400456,18.539027354008358,8.94030308118058
prime,101141,-2.061993007118941,0.1718246951483383,2.0691396490498732,-0.25034231749765146,-1.2774638679672123,1.3017623477009335,-0.6833718497564629,-2.3502150976457563,2.4475514479253797,-0.9977572656301599,-0.8435020072421618,1.3065279167852977,-3.0155304405635173,0.7645737546346214,3.110947904456338,2.6669859433936693,-0.5033766409760093,2.7140748082799244,0.18948526219772954,3.822541580632434,3.8272351378317544,-1.8054666163762891,-1.3473243487117794,2.2527744235677187,-0.9705643807495765,0.6983249703146585,1.195680969717582,2.4279089276737933,-1.6081851691000182,2.912215874414423,-1.2557054932157397,0.5457326122556958,1.3691677653858236,1.756398930799188,3.1121547365096056,3.5735758433383924,4.281338887270232,1.694585209891846,5.990508090241622,1.7070151973393297,9.677996864241281,7.366202064939708,14.647728800254049,5.074992603480867,1.4296529813447774,8.481001299191362,1.8746203697716097,12.770444308091703
prime,101149,-1.1679887092255048,0.1370595356490863,1.1760029511827783,2.512339444965294,1.3413640274325693,2.848000516295361,-0.5221690698175298,3.019300915851594,3.0641211722019706,-1.3194476262829435,0.5532629270033688,1.4307487217887107,2.138628911929879,2.8102157441118285,3.531436839502637,0.5638127585054656,0.8782301017045702,1.043634484958006,0.27900591517886175,0.009500286521758161,0.2791676130012034,-2.6607252302801,3.293033619328499,4.233618921097746,-3.6246342588118163,1.8067636756141845,4.0499837641243905,-0.44261142606804926,0.3393296953832829,0.5577181336973935,-4.73927561230059,-0.612164724914409,4.778648237710813,3.1804912677089705,-2.412489788657572,3.9919458518810185,1.382982941190604,8.111106940818642,9.388838557936378,2.0470419049000297,12.471046151396374,1.0891729381935622,0.07793455614878968,17.923529169076847,16.40236848967117,0.3110495166549037,22.83547897977666,15.93563168435007
prime,101159,-1.613176294402789,1.7636449174779727,2.390142496122145,-1.5089196298665606,-2.2290374915050686,2.6917367233687335,1.5617443198412844,1.8340567289828118,2.4089021162520585,0.567597824969676,-0.8675368992931469,1.0367196161670111,-0.9202536855075171,-3.8206294560582674,3.9298952004080543,0.6259292672067216,-0.42541887899441955,0.7568148189291829,-0.7544459520548638,-1.8443100776798662,1.9926535968912118,2.4516506266982905,0.148431235815769,2.456139781680985,-2.3440242396607545,1.8148941233538398,2.964505070851032,-1.0724551326170697,-1.163740008469891,1.5825456766836776,-3.290204756880097,-2.2189217644028627,3.968508679433262,0.12546111913086777,0.9795566651507336,0.9875584806252216,5.712781151768999,7.245446587931846,5.802809405683646,1.0747875625454748,15.444076286190262,0.5727686701508119,3.970668357203484,6.032622627155917,8.788290315101483,2.504450818790199,15.749061138737133,0.9752717526547962
prime,101161,-3.2905326572992575,-0.9912831190170119,3.436604049174273,-1.6126838248042468,3.2313968635841293,3.6114643579532393,1.1849212875588253,-0.8093715706139171,1.4349636918849562,2.098715473932269,0.9313695398602175,2.296095786395285,-4.950646971226727,0.39010164186403196,4.965992823665916,-0.2670884329000589,-0.9376384024067143,0.9749369234247027,1.322157976123982,-2.3491184886156535,2.695637102316289,1.5246051781267074,1.1991968787351426,1.9397149540947702,-2.087536876587417,-0.7090605943957428,2.2046716620932907,2.763073950162807,-1.1847884434736202,3.006376774434126,0.24120171643031396,1.0697881269047336,1.0966425600327885,0.9084675625238339,4.373543695987854,4.466900242100007,11.81024739080101,13.042674808766602,2.0591207970281036,5.272055860302182,24.661084724701375,0.9505020046568247,7.266459387384158,3.7624941031388768,4.860577137637193,9.03830130985694,1.2026249044752682,19.953197772873096
prime,101173,-1.9425076048512104,0.3869540805308994,1.980673939684243,-1.2486427714017654,1.5979119809925653,2.0279130823517724,-3.820633787621341,2.629572419356036,4.638091595446531,1.628242617187146,-3.7613049396164415,4.098608162438499,-0.7064010326777155,0.6748339628852749,0.976935666475325,2.144979620890081,-2.1649664710538987,3.0476248776418213,0.26212059695724954,0.2695426301574113,0.37597930371418037,0.31695563517146963,0.6400432431046502,0.7142242138928561,0.07967312526064163,3.0610726629759757,3.062109347313977,-1.6277056566116181,0.8718928767000322,1.846516420995415,-1.496278667596848,-1.8387358052497627,2.3706115693240197,1.3366457997204786,-3.9783893327408446,4.196927885582089,3.9230692553443003,4.112431469573466,21.51189364775175,16.798588869207485,0.9544032964315875,9.288017394821326,0.14136043682139987,0.5101162277108682,9.376513654907631,3.4096228930057166,5.619799212612891,17.614203676776544
prime,101183,-2.2459223247786695,0.32623662181475555,2.2694927676360477,-1.8173563908550752,-4.689169491556007,5.0290252307899,-0.4211865104940402,-1.1067708389155126,1.1842042756618867,-2.363916319353761,5.048428896780588,5.574471696112224,0.15433298651582042,-0.33871595679055544,0.3722192500549022,3.2800338799450017,0.84498326202057,3.387125472533013,-0.6399835713818187,-0.1309744975516981,0.6532482611132978,1.7260347654221333,-3.408757712763361,3.8208408964218252,-1.6143129328733477,2.2031734368199696,2.731296292596478,-1.1675979770704221,-1.7716664341319002,2.1218121947732755,-1.0236475808221512,-0.8276181696577176,1.3163609704297046,1.9072754960557046,3.925022245290557,4.3638858192991545,5.150597422352328,25.291094771921408,1.4023397664958936,31.074734690756294,0.1385471701114338,11.472618966681987,0.42673329064754734,14.598825155769537,7.459979437951266,4.502086989888585,1.7328062044706336,19.043499443880254
prime,101197,-1.8021077688745795,0.3891828002583735,1.8436528042598108,-3.2590681303653315,-1.1378085989287596,3.4519753020783916,0.20399546671584667,-2.499024931565316,2.507337184948536,-1.1701876730865899,1.1211706904954553,1.6206057223982222,-0.9049216603515031,3.162144761671368,3.2890793096456328,4.73843900932867,-0.07177638303261413,4.738982601180227,-1.9330141497671294,-0.8060247768851182,2.09433035697634,0.6439520973573999,-0.6356733722243277,0.9048507831935844,-1.0840366149539817,-1.8792264525815114,2.169476306080105,-0.8988706608688076,-0.0012410558030847563,0.8988715176209743,0.5421062094650101,2.1457639111369913,2.213183658144628,1.4526323728130848,1.1852640519566826,1.8748311079682207,3.3990556626550643,11.916133486159204,6.28673975902565,2.6263629074698636,10.818042705138993,22.457956094288914,4.386219644152643,0.818754939846043,4.706627442642978,0.8079700051902334,4.898181904678438,3.5149916834053463
prime,101203,-0.031619767224952744,-0.5983596003917586,0.599194476827303,-2.8430246635201133,-0.7794758909197336,2.947943673462701,-1.8746775967756713,2.122610240771547,2.8319410880314675,0.056814491456012306,2.94034259382212,2.940891438915078,0.6333146990683368,0.6715600159520304,0.9230819915270307,3.3437794272743,-1.8650661568716895,3.828750792069259,-3.9300887163022944,-2.156103556099312,4.482675525021939,-2.4664189947581723,2.2454042006661026,3.3354254124583407,-2.0671595266819804,1.3142217620938994,2.4495565616481003,2.402332203663717,-4.0124626402899946,4.676650131930196,2.3857677522626157,-1.200299106439777,2.6706938635224255,1.1276764477949828,0.1476077858051596,1.137296016585749,0.3590340210603453,8.690371901908765,8.019890326080851,8.648842455483999,0.8520803630815093,14.659332627770977,20.094379862630717,11.125062682072892,6.000327348713263,21.87105645648272,7.13260571265634,1.2934422293418124
prime,101207,-2.828657651323666,1.1787823431795528,3.064446429778761,1.1152803453383155,-0.11341744685893104,1.1210324553508477,-3.3967290955739093,-0.8556909518170288,3.502852488150176,2.5806430490676546,-2.592646012388491,3.6580776225027187,-1.3985632336571743,-2.2601401461143107,2.6578586491036784,1.353835054271186,0.35233672880940287,1.3989319228045285,-2.637567027068163,5.448431950475663,6.053277669266562,-1.7258163329124026,-3.427557572382023,3.837524322651331,-0.64395013287805,1.185390410795308,1.3490078575157105,0.6814771330520445,-1.35314782150729,1.51506439127938,1.5283377932858406,4.478342412158657,4.731951729564119,2.793566928325342,-1.2643175809907194,3.06635208817176,9.390831920983793,1.2567137659499503,12.26997555373988,13.381531892255143,7.064212598615231,1.9570105246415752,36.64217054124122,14.726592926940558,1.8198221996391275,2.295420109722758,22.391367170924855,9.402515128635311
prime,101209,-2.788264009530304,0.2059212086197857,2.795857602060849,-0.5957231675756881,-0.6688909231175031,0.8957126544910464,0.5868649979501923,1.0865975736590656,1.234951340296794,0.1286797402181008,1.5945618284472731,1.5997455736096626,-4.878083302856404,0.7832972760598188,4.94057196408363,2.4583871357857854,0.8665928549700601,2.6066550377221374,0.6408896805131525,-2.5238826273615795,2.6039821618601464,-0.5642129996501282,0.38093154732070134,0.6807680608829554,-2.4336476878743816,-4.304100794431799,4.944484272128364,3.6766779178432936,1.0694898252732281,3.8290689466134533,-2.00246743686282,1.769655413679591,2.6723690087376477,2.011636380127056,-0.1767965866288599,2.0193904919292605,7.8168197310014405,0.8023011594153967,1.5251048129008478,2.5591859002837087,24.409251332289177,6.794650485682197,6.780723099285842,0.46344515271833925,24.44792471732476,14.661768997919461,7.141556118861438,4.0779379588943
prime,101221,-5.299546783172769,1.2042378808553893,5.434646720875601,0.4115332626585002,1.7324114605613055,1.780620424166393,-0.06150272958608893,-3.0233329604311483,3.0239584612517265,-0.4584006635351343,0.4395210515722745,0.6350668650659153,2.7137369076841233,-0.7927699294803342,2.827163271764693,-1.1465168483528825,4.20902952232696,4.362388153681071,-2.6029672132878,-3.169748394942759,4.101553754456164,1.7552271637370807,-1.2945059872720228,2.180955787585716,0.98501530280437,2.3879637807369676,2.5831426915426827,0.34178581585927137,-1.6120755059909455,1.6479092757001372,-2.091112432809252,2.6752321884252086,3.3955291883056695,0.015056388313631208,-1.8259340238989579,1.8259960992458035,29.535384980723922,3.1706090949585053,9.14432477537591,0.4033099231046494,7.992852165215243,19.03043040337694,16.822743200693456,4.756568147403631,6.672626164870375,2.7156049809385507,11.529618468635759,3.3342617544608903
prime,101267,-1.7088819021950779,1.5315232222429123,2.2947419758916645,-2.075954956532186,0.5599129003758934,2.1501375392188047,-3.110949784149478,-1.120222427837089,3.3064946464993565,0.70722871689556,-2.3388247811157514,2.4434143763927727,1.2123531505377847,0.4935621020558928,1.3089704772089874,2.1537059369448244,1.5875002955399202,2.6755572225558395,-1.5996762968661509,4.995192899578145,5.245084971547297,0.415749059493782,-4.541564203945834,4.56055399036478,-0.6077736441838306,-3.1566121200164994,3.2145900016642175,0.08265473078298774,1.6012679264995793,1.6033997558179527,-0.02551374517577265,0.4102649683587448,0.4110575330234153,-0.22929586547831227,1.713009600614561,1.7282877323302117,5.265840735919181,4.623091437557897,10.932906847328905,5.970273814762883,1.7134037102047242,7.158606451170718,27.51091635875131,20.798652699032118,10.333588878799555,2.57089077695707,0.16896829545529615,2.9869784857231054
prime,101273,-3.3490249581076212,2.2628176291466136,4.041820356325162,-2.3217810662234775,-0.5965866777680512,2.397203158592143,0.26612268497460617,-1.9256977753686289,1.9439992812544402,0.34660783314069643,2.165712371897002,2.1932731402591488,0.4763786631234532,-0.4138833696185402,0.6310594855685839,1.6569685815170274,-0.9688824606935479,1.9194473430584478,-1.2790443739044324,-0.9576674165486474,1.5978364719631175,-0.36138195715593013,2.8163528445235504,2.839443653924787,-1.5948782362015166,0.3608834364644011,1.6351982885948773,0.8700345681672501,-3.017366225798769,3.1402960195492846,2.2846489161587096,0.99602545512562,2.4923256964857874,0.7995909331917926,-1.045043961776033,1.3158505015719182,16.33631179280446,5.7465829835641475,3.77913320551778,4.810447067782228,0.3982360743260858,3.6842781027741345,2.5530813911355423,8.062440263813745,2.6738734430236155,9.861459090397082,6.211687377363365,1.7314625424870687
prime,101279,0.7166941601390215,-0.054062779995061594,0.7187303411977067,-0.35828210158016116,-1.7259123687755498,1.7627080214843087,-1.5289084808353377,1.5184545899326432,2.154823771090743,-2.1016039383089513,-1.718517460502452,2.714782012532036,-3.061536356796047,-3.823883295769769,4.898478164047594,-0.4525031578732909,-0.4425209378112507,0.6329169679244262,-1.2767219522477369,0.7067716965775871,1.4592961229423016,0.760615094981108,2.5894260988946165,2.6988261975069294,-0.11801284559315012,3.3733916069795677,3.3754552234869273,3.911233525655442,2.960968582364033,4.905617457360282,-0.7525732069360661,-1.6792387889706466,1.8401655746648555,1.9437052542502942,-2.3273349567609687,3.0322397854328376,0.516573303358172,3.1071395690051262,4.643265484457731,7.370041375567491,23.99508832365109,0.40058388828664915,2.129545174434433,7.283662844349712,11.393697965765183,24.065082637957964,3.386209342181638,9.19447811636178
prime,101281,-0.46434510825349357,-4.719777460834795,4.742564249365852,0.3804183542484151,1.863365093123337,1.901801144841283,0.6583901028327936,-1.100290878482523,1.2822314708273301,-2.397542518479988,-0.05893158206614846,2.398266678099869,-1.3471789272822052,3.0562242758486438,3.339969743335978,1.787700411381635,-0.9868111978096836,2.0419767630844015,-2.3513774050418625,-1.9254267277761676,3.0391189158991865,-1.2298640850406473,-2.069168948519084,2.4070782715126735,-3.493914487020616,-0.3007643678684754,3.5068358455439363,0.8459875523199232,-0.2105773032701438,0.8718014334312493,-1.8754188323398195,-0.4545121102190395,1.9297090596850648,1.6575500356802784,1.8544774042248395,2.48727934972415,22.491915659363087,3.616847594519615,1.6441175447800183,5.751683059284181,11.155397886399799,4.16966910097665,9.236243784976246,5.79402580518844,12.297897647591855,0.760037739332781,3.723777055030617,6.186558563564191
prime,101287,-1.1452838567240957,1.588638014254366,1.9584294352380618,0.17512511918134233,1.1657454770649676,1.1788262487176422,-2.0228695446083385,-0.4735172425484151,2.07755138889381,0.2795598907906125,-0.10835170356723989,0.29982298811929387,-0.041333296322591195,1.6737220630492673,1.6742323571484294,2.7242389764506414,2.287392035840468,3.5571955704514253,1.185123858726207,-0.769817327728335,1.4132010750749127,-1.9987846396804736,3.7915887931199346,4.286173772951265,-2.4280571208503905,-2.443494036918782,3.444724153044759,-0.864621124673118,-0.5306593246677977,1.0144796735705899,-1.9783364820014295,2.4897622835060464,3.1800521166149203,0.6295127036037259,0.4512992724892432,0.774569091397141,3.8354458528068736,1.3896313246657084,4.3162197734946,0.08989382420478223,2.8030539857227863,12.653640326439241,1.997137278592889,18.371285611935278,11.866124490569932,1.0291690080878906,10.112731464387034,0.5999572773477926
prime,101293,-2.7427273241624857,-3.4236920745968398,4.38682352008429,-2.4304993547463485,0.18400585456192697,2.437454669924239,1.6012002102693537,0.05156833383914261,1.6020304012163962,-0.6799452350228788,-1.4955789888836342,1.6428883207998382,-1.937147175782791,2.385197195822305,3.072735726287217,1.0158276366402572,0.72611382771993,1.2486581110008532,-0.19938691903364136,-2.131340974621926,2.1406469801403665,1.3979971795441406,2.18046378795183,2.59013869215195,-2.033652223077561,1.7671153109457383,2.694148824138555,4.396345628762057,-2.502945216956749,5.058911903425668,-1.0418604291568598,-2.0437307804115386,2.293972244087638,-1.5404227094815237,0.13198228965486514,1.546066443807943,19.24422059636472,5.941185267935481,2.566501406421567,2.699082034620512,9.44170484360183,1.559147078168219,4.58236949358407,6.708818444582614,7.258437886607158,25.592589646621914,5.262308656644473,2.3903214486689395
prime,101323,-0.3240554103322004,-0.25789508848744624,0.4141518871519464,-0.9591639743504808,-1.6253485517541606,1.8872608310408916,-2.704368487797622,-0.8282344385166728,2.828353090216606,-0.3195409228458952,-0.56064241089636,0.6453110213446609,-3.047034512158173,2.0964830071178064,3.698602481670166,2.2359298895938973,-1.9470659885784003,2.9648690418057524,-1.3460707927568918,-0.05355311900095472,1.3471356708468147,0.5331179833337021,0.1582909100341413,0.5561212065307616,2.8159979332259324,2.4331588491479037,3.721573100870044,0.3012078263298815,1.1550536439743766,1.1936813122022385,-2.960285588512019,0.8501393159003606,3.079939548431346,0.6127863284857069,-2.6557784689944306,2.725557990715551,0.17152178563151854,3.5617534443811567,7.999581202937825,0.4164263142688894,13.679660317416712,8.79044843505816,1.8147745156678976,0.30927079635322996,13.850106345119476,1.4248750751008579,9.486027621991484,7.428666360753392
prime,101333,-2.792067473922939,1.1307602854134604,3.012351175080149,3.2503647432211595,-0.5071783491035227,3.2896961625315075,-0.830310360604695,1.9774460259911653,2.1446930038203025,1.046294597775917,4.845924173561713,4.957591500037577,-1.1488929836954844,-0.7472867854165612,1.3705446463515627,1.512506132751605,1.240852336328656,1.9563714683524445,-3.584091935306964,1.1587935958393158,3.7667648716757762,-2.498813823591292,-1.239789255609879,2.7894709038268584,1.0066031616221092,1.8681793162078126,2.122108357858834,-1.5442409739772351,-0.17210787430052504,1.5538022094547315,0.14836926547475138,-3.1720671342811078,3.1755351270807695,0.4403228482965248,0.2227335038909409,0.49345154218778176,9.074259602006753,10.822100841774526,4.599708080635752,24.57771348124484,1.8783926276429301,3.8273893221834996,14.188517598490627,7.78114792329663,4.503343882494317,2.414301306106405,10.084023343323878,0.24349442448750017
prime,101341,-0.07716606868142539,-1.6483919518188712,1.650197148518011,-0.5738885690516893,4.271721433572312,4.310098849879116,-1.548780740128249,-0.005516734549695618,1.5487905653613399,-3.0439610696765493,-1.4362916222447382,3.3658034134269967,-1.3254889615604135,-0.22066101515195302,1.343730728541397,1.1311137186409295,-1.9826469116591032,2.2826096952411925,-2.4564509198450453,1.7843232592696836,3.0361094537546496,2.0752319278861613,2.8933805079136588,3.5606513895764658,0.7436774062955845,-0.7805069149206284,1.0780756600876606,0.9802815065382845,-3.046417445386557,3.2002517219144693,-1.040551199813887,-0.5993827079894543,1.2008357215168488,3.9123946920425325,0.03674357640068193,3.9125672283973976,2.723150628976974,18.576952095729283,2.3987522153522987,11.328632617836822,1.8056122708263938,5.21030702080909,9.217960615178356,12.678238318092816,1.1622471288734453,10.241611083616526,1.4420064300708908,15.308182316729294
prime,101347,-3.7786294579737985,-0.48432389866153325,3.8095419960255152,2.147201904125241,2.37298020542398,3.2002360963549386,-4.341966933473893,-0.5479026354329947,4.37639967887933,0.4819968490861226,0.7582114410737644,0.8984461875394123,-0.22664946939025032,-0.8534888984271589,0.8830703718918936,1.792367189302852,1.4414240428797367,2.3000616106272394,-0.5159198770306066,-4.297603121041145,4.328459992364244,-1.80882802742462,1.7600075611067647,2.523783954293597,1.6887889133937053,-1.7868788472375017,2.4586467840473376,1.8390631868444083,2.5754489826057716,3.164662836260984,-0.5472348889906552,1.5557196235267636,1.6491602623016568,1.2863036956659313,0.9844378400300251,1.6197824108091847,14.512610219482067,10.241511072413095,19.1528741492951,0.8072055519041048,0.7798132817132873,5.290283412681171,18.735565905497868,6.369485447949825,6.044944008706316,10.015090867211415,2.7197295707548697,2.6236950583668146
prime,101359,-2.3172777358431706,3.115108545700509,3.8824834006767874,1.808693426766176,0.4217859783615957,1.8572224755181113,-0.38796796386899646,2.5632020986022175,2.592397372947957,1.5190727295357156,-1.3023960087904987,2.0009541027551108,-1.376406837408959,5.283862622728919,5.460192304116941,-1.726354504076456,0.5405792742448098,1.8090123895341654,-2.5632697966388243,-1.2909995613865557,2.870022982113753,-1.2307776346044794,0.7141554789975656,1.422965788072517,-1.6022602109817274,-1.4798622165714597,2.18110750852199,0.7829694645548863,-2.508759245063275,2.6281008603392335,-2.0963336215429833,0.45836986098658006,2.1458605691592303,2.2245782781840715,-2.1528136781438327,3.095699476462724,15.073677356530792,3.4492753235696214,6.720524139267469,4.003817321332511,29.813699997937867,3.272525825488111,8.23703191786112,2.0248316340248396,4.757229963731003,6.906914132115819,4.604717582272376,9.583355248571584
prime,101363,0.789946800006003,-2.0877846318733218,2.2322322047506944,-2.3956299644323633,0.11052561218768597,2.3981782330418375,-1.031338058831095,3.0219894294811063,3.1931298601041944,0.8740511026153059,-0.044067468469663584,0.8751612832846051,-2.992040797684642,-3.3540329780927087,4.494646299003159,0.8592672583710403,-0.7684030402707602,1.1527286990466716,-2.203892752981872,0.1509439370240185,2.2090557572796405,-2.1758199099918696,-0.38363081239695607,2.2093811081244845,-1.0503328478060145,2.9540858942179815,3.1352547841599643,3.5983435308742844,1.0973339976426202,3.7619433898674157,0.2345492662512424,-4.399336150281719,4.405584174825693,1.0471798152151335,0.18431974754230873,1.0632776376507038,4.982860615926146,5.75125883743567,10.196078303489033,0.7659072717603568,20.20184535314279,1.328783453605832,4.879927338770326,4.881364880937375,9.829822561597945,14.152218068567143,19.40917192147458,1.1305593347280614
prime,101377,-3.2269059327148986,1.5610761716229067,3.5846730272368554,0.48273114357356006,0.47114910104708974,0.6745449076179568,-0.37213614428490527,2.157294223881028,2.189155928268629,2.8243916835187877,-3.1823596687399185,4.25495022804645,-1.6779212745450343,3.6941025769097866,4.057316065122651,0.7164079647209269,1.4933881747352376,1.6563358996153603,-1.7390863923822604,0.5060399366207174,1.8112144813975635,-0.2337286238200038,-0.9879169962228769,1.0151891749909592,-2.1924134241766193,2.240082364151795,3.134429074120795,-0.303674009203868,-2.946418521831048,2.962026335071146,0.8018612242776175,1.7163392457494482,1.894413320661514,-2.0153526488492752,-1.0303937618997165,2.2634835108269815,12.849880712199441,0.4550108323933179,4.792403678273683,18.10460144315254,16.461813652302354,2.743448612354625,3.2804978976242447,1.0306090610188243,9.824645620693746,8.773600009655006,3.588801829499784,5.123357603785638
prime,101383,-0.306726256539828,-0.770911579913668,0.8296900990706856,-0.051590460923355896,4.0864888030117585,4.08681444560415,-2.8171966052825628,-1.8003809039079433,3.343346842906368,-2.2094158266669846,-1.6833564865223019,2.777626208805509,1.7176640858022711,-2.9484937846565327,3.4123284586647222,2.4935400928212146,-3.10736288336131,3.9841493801561136,-0.5385181143886849,0.7966700333656324,0.9616053772663412,-1.502185013966356,1.8597741767166327,2.390673504384723,-3.0450489802771132,3.1226739452156416,4.361584099890234,0.2931920836310412,-1.5044734773355055,1.532775926843157,-3.0613525807460262,-0.8624508784790896,3.1805190050414267,2.289216470859373,0.10332206107352226,2.2915469662999106,0.6883856604959241,16.70205231279876,11.17796811197198,7.7152073558432654,11.64398550981316,15.873446283398344,0.9246849015875425,5.715319804567132,19.023415860415305,2.349402041909899,10.115701141429707,5.251187498758323
prime,101399,-5.164088100490025,2.472343305372975,5.72540717584743,1.8217059293708573,-3.699034318285496,4.123283567856907,-1.1509758706161062,-1.2203676264675143,1.6775108340843756,0.9636961929288481,2.7798702902486054,2.9421742271443443,-3.9566773029188784,-0.8343311927782129,4.04368690908138,2.385018791876327,0.8757794386754738,2.540729080954902,1.171210589247387,0.3590505815476973,1.2250108425948527,-0.35414521716079306,1.8005685078810028,1.8350656082033379,0.7986139726018897,-4.024797912808019,4.103264860593178,0.35389163595255996,1.3223152220322807,1.3688523793365956,-1.2579054159946905,-1.0901016319882382,1.664526240001099,-1.7967471153119643,0.23089349513853907,1.8115220126951688,32.78028732924524,17.001467380958786,2.814042598470458,8.65638918287242,16.351403818676125,6.455304262809942,1.500651564474951,3.3674657864106865,16.836782516178754,1.873756836415459,2.770647603652196,3.281612002479155
prime,101411,-2.5362836068469177,1.5052263271916293,2.9493119249125233,3.1024218473023506,0.3463207003159776,3.1216917442448224,-1.0096862700496325,-0.31590139151227825,1.0579508746090873,-2.5350462828119142,1.687761301115234,3.0454881161384773,-2.0261460962675817,-2.3865976839515373,3.13067349119374,-0.2004494313438192,-0.14324359472116932,0.24637106557934738,-2.0070050109271635,2.549597309125034,3.2447674111689975,0.5890808649168892,-2.1651519485673925,2.2438581117789975,-0.42573546301513243,3.968420370128938,3.9911916664729357,0.30878260834409654,-1.8467277765787689,1.872364862948284,-0.04690950501646346,-0.5117314128461159,0.5138769702510237,2.5345532443698926,-2.3303893073115565,3.443061787447037,8.698440830431213,9.744959346086281,1.1192600530861327,9.27499786554069,9.8011165084632,0.06069870195470309,10.528515552584357,5.0348992257964085,15.929610918523009,3.505750180003347,0.26406954055437154,11.854674472177987
prime,101419,-3.6956848198704653,-5.462189086033794,6.5949674676534755,-2.9666858519133803,1.262110796565116,3.223995751664268,0.7492830768610776,4.362964526241921,4.426836860165032,3.697089330296507,-1.8038288618465452,4.113668445441718,-1.921861974357321,-3.055433612021584,3.6096021949727204,-1.1919893639805337,2.726812396676557,2.975961103662423,0.10278792416759042,-1.1592435159286814,1.163791599289741,1.1106381983161346,2.0819692892563206,2.3596850063017687,0.010208628437255729,-1.5710162878034648,1.5710494558219192,0.49239302054448486,-1.06956769492452,1.177465897895592,-2.2942259583903275,1.2349698204530526,2.6054986481635067,0.98509802489741,0.20100276794692784,1.0053955596575432,43.493595899407694,10.39414860674925,19.596884586515802,16.922268079022878,13.02922800595188,8.856344490511667,1.354410886577373,5.568113328965378,2.468196392638349,1.386425940707073,6.788623205581861,1.0108202313791046
prime,101429,-2.208128209400413,1.4619748137135686,2.6482448045984532,3.053323371403201,-3.3128530825935383,4.505305667455485,0.9166245283508185,1.215720812306417,1.5225562779251658,-3.812039393751174,-0.935002544532815,3.925031732074743,0.07957366004328725,-0.46754009549104836,0.47426333219474526,-2.276122459774352,0.03626762252625715,2.276411384687081,-1.5002342558267516,-0.6186887796779161,1.622799626711627,1.386740935269004,-0.851725109336931,1.6274169973997936,-1.7856290169750761,-2.429602673199093,3.0152015083373045,3.0005938025263563,0.26634388157814026,3.0123914471750988,-2.899017601525589,-1.6885983618302314,3.354946718135911,1.1628712613674956,0.8598457953022762,1.4462380033083886,7.0132005450827,20.297779157206516,2.318177619449335,15.405874097793658,0.2249257082644633,5.182048792332953,2.6334786284553955,2.6484860834257598,9.091440135879557,9.074502231013685,11.25566748153092,2.0916043622134346
prime,101449,-2.8741068835959624,0.9942583473196609,3.04122344452829,0.7444141639382915,-0.04318685722998494,0.7456658448053985,-1.1317538395646587,1.766947216531237,2.0983253368762513,-4.360819334428009,-2.4197573556459506,4.987180659222585,1.1609846846520593,1.2893222478168984,1.7350035437174935,1.497232659636755,0.3517279879711267,1.537991617209004,-0.15872083902304523,-0.9935581487483274,1.0061561010521096,2.246073373341056,0.30248533611363704,2.2663501443941643,-1.2721442704047727,-1.800347360309313,2.2044504218730805,1.049873500839321,-0.5901974146524014,1.204395016606674,-1.2138389173408595,1.2024265457915624,1.7085767513563617,0.22716545136596902,3.578089693078759,3.585293571523921,9.249040039548518,0.5560175521093487,4.402969219376834,24.871970927723822,3.0102372967122606,2.3654182146051674,1.012350099684383,5.136342976995449,4.859601662496402,1.4505673560269903,2.9192345152754586,12.854329994010754
prime,101467,-1.3647397160779917,0.7856066593642235,1.5747038819657657,2.578742006275156,0.09316544282461309,2.580424409794777,-1.9686759283035071,-1.5711671211110194,2.5187796714166892,0.432864074723442,-3.719537917369324,3.744640653778986,-2.5165419416815626,-2.8451709379535477,3.79841822479014,3.1035760661517253,0.08809536531596251,3.1048261129699313,-4.767076669228223,-1.2012367048813362,4.916094953461967,0.0800752381318448,0.8144550396007928,0.8183819739540947,-1.6393962210075332,1.7306412359960972,2.3838496297341996,-0.9918612020145192,-0.04784621915181986,0.9930145541475266,-1.025864935590918,2.7846349177282463,2.9675900139854825,-0.14910125799297996,1.3694024552715396,1.3774956514046823,2.479692315878052,6.658590134664723,6.344251033141965,14.022333625934312,14.427981010417879,9.639945191779972,24.167989591454223,0.6697490552930006,5.6827390571838805,0.9860779047488111,8.806590491106356,1.8974942696388102
prime,101477,-1.5285792573224382,0.9255311511767512,1.7869422088346838,0.2974307086514223,-0.7995620048389855,0.8530911006633614,-2.194635484988968,-1.9833749490358132,2.958073883532252,-2.623457869602408,-1.244470245250478,2.9036593093702625,-0.7359476606614397,-1.3513091519307794,1.5387187473105433,3.2016963396809315,2.825904209861884,4.270432537207606,-2.1054160517170617,0.6496457820156796,2.2033647888896257,0.8632652356908612,2.311779294661266,2.46770143542061,-0.35444552131459917,-2.3947188464303215,2.420807712526657,-0.3162535295862339,0.8241233151073503,0.882720529657762,0.11505411170300411,0.6735637523432118,0.6833195278128928,1.3853030437625866,-1.290819799797282,1.8934836356849196,3.193162457714979,0.7277644260310253,8.750201100435579,8.43123738489259,2.3676553833249274,18.23659405484139,4.854816392918625,6.08955037437694,5.860309981028546,0.77919553347928,0.46692557709043486,3.5852802786065814
prime,101483,-2.1538984813661664,-0.17058298419677342,2.160642779945115,-3.6765106069205267,0.30662912451008073,3.6892752218826073,2.0878209843421867,0.9023905644923094,2.2744900952838476,0.4909153450660795,2.2272579734571254,2.280718298332718,-4.0210661714336755,-0.7545710255590252,4.091252936162891,2.6682420379705065,-3.607812130362077,4.487295838384266,-0.549156340609819,0.40627823533503915,0.6831066468267755,0.13930411762199812,0.7604132164911946,0.7730678476051943,0.2890100338664585,-1.0839192873621313,1.1217877790344848,2.571060316761195,1.993751425132996,3.25352053899219,-0.8934751021935521,1.1559392377994056,1.460990513221783,-0.6416299886353711,-1.0796708656759888,1.2559371881211916,4.668377222528954,13.610751662796961,5.173305193544326,5.201675956349688,16.73835058766148,20.13582394118075,0.46663469093892096,0.597633897000928,1.258407821191122,10.58539589764403,2.1344932797240492,1.5773782205057654
prime,101489,-2.051254880665662,2.6619075433905266,3.3605651838662625,0.3601276772316099,0.7089601458451964,0.7951832696335335,1.2410413837930987,2.5324483725392057,2.8201912126420723,-1.631991853544918,1.490978110578959,2.2105232720472725,-0.7729864334720812,-1.1845595871519212,1.4144572958719601,-1.6433031239479658,3.388329150210271,3.7657960097888736,-3.1444814735520663,-0.39887704403842217,3.169679263549075,-0.33099918181740584,-4.913520167314186,4.924656423849994,-1.4879720552163271,-0.7305674711785688,1.6576458207497007,3.7998683180043566,-0.8909204574349414,3.9029141030324177,-0.5392136827742013,-1.053329426539118,1.1833234031760482,2.5476716315298837,-0.6274700060388351,2.623804365912313,11.293398355014087,0.6323164323050768,7.953478475863562,4.88641313626258,2.0006894418454175,14.181219587341802,10.046866633773005,24.25224089296701,2.747789667048949,15.232738495649341,1.4002542765041444,6.884349350580516
prime,101501,-4.40517802955018,-1.894647353713128,4.795339619564372,-0.07291763296010056,0.902067880782721,0.9050101892997301,-1.4863441371683885,-3.1460982733354417,3.479533480163553,0.7225847181093553,5.387106751556591,5.435351674685989,1.700288703857375,-1.0443207474137144,1.9953915655689565,0.008047775910331845,-2.152603597116769,2.1526186408691057,-1.4053035089268944,0.0994512485449752,1.4088181227679448,0.6471776340062624,-0.38980572990711715,0.7555047299827872,-1.4334256687021465,1.895837150362351,2.3767430758052575,1.7700793018100938,0.9619298669481073,2.014569384167076,-0.9518336736074969,-3.612055566363944,3.7353624665772256,1.768013292103197,2.188987346582202,2.8138117571277887,22.99528206696377,0.8190434427363333,12.107153239579086,29.54304782751178,3.981587499943731,4.633767013017156,1.984768503039396,0.5707873970263642,5.648907648388236,4.058489803623313,13.952932756713896,7.917536604550574
prime,101503,-3.2574660237690245,-3.0073180883062363,4.433401287980082,-0.6296471699512778,2.19699020653936,2.2854368348868257,-0.3227257351050101,1.9508801425976015,1.9773935447656108,1.0438917754952493,1.5855910035856982,1.8983700560213557,-2.844462395098534,-3.306838137350945,4.3618969249362545,0.8381880616191809,2.3413895216384693,2.4868984938431526,-0.4498619390968466,-2.9885104590664797,3.0221797643749975,-0.4687272345092873,-1.3642294274878477,1.4425072447632785,1.2625949016128746,1.37027160486342,1.8632740422905585,0.6188280353161955,0.8927302371830205,1.0862391144099692,2.807375910282557,-0.18903084472438225,2.813732780825505,-0.6100974909331163,-0.7589401873840449,0.9737603177730202,19.655046980263453,5.223221526257512,3.9100852308807075,3.603808869598525,19.026144783768352,6.184664118679341,9.133570528197716,2.080827151194545,3.471790156673798,1.1799154136741543,7.91709216189203,0.9482091564694133
prime,101513,-4.041556435442796,3.3973474279493048,5.279786734998189,0.21848289195316373,-2.94912080071825,2.9572027781850316,-2.408675928289866,1.4925306169262424,2.833613835720259,2.1900878213735475,0.5229770664372652,2.2516637576130365,-2.668653930121419,0.6320045575090142,2.7424703388486558,3.556075426572007,-4.845624970133603,6.010470346873992,-0.1871652609367171,2.9505183082027173,2.956448734874484,-1.1080620752283799,0.00977047210006321,1.1081051505540807,-0.4711600201371511,2.2149088690607135,2.2644675009413247,0.6409635914473739,-0.49192704279484323,0.80797681958952,-1.3769741876148403,-1.6695994241204266,2.1641673110877564,1.8148311533385149,-2.404202456247295,3.012275147750207,27.87614796706284,8.745048271305269,8.029367369985279,5.069989677348059,7.521143559464661,36.12575379065157,8.740589121940936,1.2278970246844818,5.127813062819448,0.6528265409939956,4.6836201503808095,9.07380156575353
prime,101527,-2.194652221691957,0.7953802901105604,2.334336775204855,-0.715332796878078,2.7946224504060777,2.8847210698095376,0.10938893275189188,-3.4048675415839886,3.4066242696165943,0.5955466946360062,-4.9207200876673465,4.956628092429853,3.0193724510436426,3.262990726528168,4.44564039026214,0.46781935786523626,-0.80212757416886,0.9285814971425299,-4.546990406984954,-0.637174911083424,4.591417387749383,0.2773568666598323,-1.6183973272906904,1.6419916992679986,0.5716882764469294,-3.5336301183008185,3.5795766926257517,0.4599776503412535,2.7014647987689604,2.7403451420945646,-2.5355657657449546,0.10261964848119609,2.537641531948948,-1.1202075682951442,0.3533985861075688,1.1746299658737425,5.449128180073801,8.321615650603084,11.605088914340794,24.568162046664806,19.763718479530112,0.8622635968354623,21.081113628527365,2.6961367404650094,12.813369298389516,7.509491497801279,6.439624544672203,1.3797555567285493
prime,101531,-3.9245092387910923,-1.599714544993347,4.238025411771373,2.935428818908808,-2.1817868089484316,3.6574493886562176,-2.3924060484203986,-0.8625444450136042,2.543145615206163,0.28992512087291833,-1.2007496484574773,1.2352555581675928,-4.510178323054991,0.6848673504964172,4.561880291451224,0.6782924951716288,0.8329978620344669,1.0742281634551138,0.13144737582152755,4.794200680883451,4.796002354168908,1.5165158646887562,-2.396482286449056,2.836009117953745,1.2427422762189835,1.406490555657947,1.8768654848595145,2.0104976906029144,0.46222299829277325,2.062947179176048,0.40497158782251896,-4.56757985712708,4.585497545324446,-1.5234255591347277,0.03424178303800307,1.5238103339755178,17.960859390819916,13.37693603058174,6.467589620142332,1.5258562939839313,20.810751793531107,1.1539661471601468,23.00163858119371,8.04294771711678,3.5226240482569406,4.255751064070414,21.026787738176523,2.321997933930579
prime,101533,-2.661986633598109,-2.196190384013236,3.451003483088245,-3.165605816185985,-2.6192792678368035,4.108732659396354,1.5382462261929337,2.641038156074611,3.056351418642625,-0.427375054038216,0.32055307130472466,0.5342318862975702,-1.7970043656744217,-0.7690913449998963,1.9546677945898325,2.6661765681810192,2.2592195551425536,3.494648836586594,-0.4611413242865333,-1.4637986792502744,1.534717529169321,1.3104769374798462,-0.4177673219266552,1.3754560476206887,-2.3749192166503734,0.269890257698402,2.3902054382031124,1.7303430900098704,-1.511880235132614,2.2977965650878573,-0.6666866465272716,1.7770099301099356,1.8979555780805561,-1.4476146741240294,-0.9906172774535802,1.7541125491623288,11.909425040287198,16.88168406639024,9.341283994238786,0.28540370833706,3.8207261872066796,12.212570491056034,2.355357894339585,1.8918793389363264,5.713082036815733,5.279869054529556,3.6022353763670982,3.0769108351287633
prime,101537,-0.8310967548761979,5.044382928039384,5.112388966096079,-1.952297725016926,-1.104907891294209,2.2432761433560695,-2.9499021297068055,-0.6439120978339837,3.019361747884097,-1.5914091925664653,-2.226633980234425,2.736874513038485,0.9915258923508304,-1.12316183812315,1.4982042950873835,2.981353207764373,2.861173650571649,4.132164276522948,-1.3825790342560957,2.159143438364404,2.56386918024235,0.6544186520990338,-1.6424666345000527,1.7680385792343576,1.4683802327750752,-1.2292771994104867,1.9150099062394101,-0.4125259666571121,1.1686832162368899,1.2393539176039208,-2.918377646864157,-2.395988935060321,3.775935786880898,1.625288064584462,1.2486151967130823,2.0495368262960185,26.136520940660933,5.032287855350481,9.116545364585708,7.490482100119643,2.2446161098182835,17.07478160817242,6.573425173396579,3.125960417661046,3.6672629409950743,1.535998133080186,14.257691066647865,4.200601202343556
prime,101561,-2.161213904031657,2.8008740843697923,3.537759343917288,-0.7744414787701867,-0.27110512463237046,0.8205227557122877,-0.7984914143734908,-3.2766991094677613,3.372587373636893,0.9402201101812288,4.158920661306298,4.2638755754160576,-3.2193785530170436,1.253019703752015,3.454628293408265,0.20256430148779714,0.054527358734141884,0.20977494866585233,-0.8220440161403113,-0.7173595607186752,1.0910367105769554,2.1581639494423284,-2.534130607812822,3.328586722638647,-0.4158369854405689,-1.7954024856915582,1.8429298641260676,0.8648154180259758,1.5197377952159634,1.7485733251606355,-2.880675115818729,-2.5834726518133957,3.86944699738412,3.2997407805495755,2.2830550028252214,4.0125589546755815,12.515741175474078,0.6732575926416866,11.374345592814997,18.180634922629615,11.9344566456169,0.04400552908776098,1.1903611038265831,11.07948957012629,3.396390484087726,3.0575086734633214,14.972620065564984,16.100629364747196
prime,101573,-1.2757502745468612,-2.0152563202666562,2.3851198710717028,0.07539570980094434,-0.2987025866818428,0.30807101185735086,-2.194329045825147,-1.5366184789826665,2.678857277143167,0.8841176840705796,1.6740675562867355,1.8931894417353399,0.308858413749289,-3.564014154703447,3.5773719983628003,2.707505760435542,1.0065834970887104,2.8885632725289194,0.6950600332731419,-0.7179422925254728,0.9992745294714526,-3.170041011491449,-2.5163890042237544,4.047390966427131,-1.8796520281605793,-0.006943061547807994,1.8796648512625427,-0.38640244408320445,-0.19463042469917996,0.432652113148725,-0.6575933790666019,-1.4255815644725378,1.569940078205598,0.5927261237242528,0.004745141180396956,0.5927451173227832,5.688796799381096,0.09490774834681201,7.176276311302902,3.584166262298168,12.797590414670255,8.34379777940298,0.998549585250393,16.38137363511595,3.533139953071837,0.18718785101205712,2.4647118491561995,0.35134677411000004
prime,101581,-2.269801186192204,0.570067585819191,2.340293673290012,2.3203211947123634,2.5161017668856087,3.4226683374169182,-1.1470083165237686,-1.9908087600400495,2.2975960474432595,1.1480367981882544,-0.48937226158665725,1.247987860680054,-2.5167455054708125,0.024085906880819852,2.5168607570181165,0.9836092698424512,-1.9764667400269829,2.2076929066681554,-1.9394170160452444,-0.3228425315327407,1.9661041839872853,-1.849686804152577,-0.3072968922529359,1.8750393738384499,-2.487418780378347,-1.572776428740998,2.9429369486589736,1.2129229164333024,-3.422433240536425,3.6310096787447046,0.7291107250548522,1.696662375151195,1.8466904625961833,0.5355224013912224,2.7413913696046404,2.7932079914919736,5.476974477241258,11.714658547956292,5.278947597226889,1.557473700404778,6.334588070217807,4.873907970152889,3.8655656622923087,3.515772653444486,8.66087788378219,13.184231287137722,3.4102656646437053,7.802010883734625
prime,101599,-2.861581092454904,-0.8868124517980877,2.9958442338278433,1.905430258717124,-0.9014032525088485,2.1078881124168656,-2.3010119024663993,-0.3654229187098844,2.329847566861508,-3.424060186440699,0.7602690169640055,3.507448807683974,-1.4447375343542852,-0.8589908407462588,1.6808128413532735,2.067626357480719,3.215932192561333,3.8232575928521126,0.6334423820837152,-3.1037316343002184,3.1677119990895313,3.0107133434520152,1.4502871926918444,3.3418150424172195,0.23360514270258648,0.050804073024233065,0.23906571592963177,-0.32004408719442157,-1.3137051022625323,1.3521276986508046,-2.831531619810544,1.8309299916782915,3.371924665293397,0.6765869471315222,-0.16321448458377247,0.6959948742675479,8.975082673359537,4.443192294468337,5.428189684810489,12.30219713852373,2.8251318076580643,14.61729862130133,10.034399309175795,11.167727777726002,0.05715241653294739,1.8282493134587212,11.369875948413988,0.48440886500669983
prime,101603,-1.5790503025210574,-1.0488570163057018,1.8956531588203422,-2.657622222954199,0.4584106678866061,2.696867853709607,-2.4571021130475197,-0.40567999513780173,2.490366850967462,1.3756830568502743,-0.8741195790801303,1.6299045712667166,-1.4997125592661535,-0.5295737537499633,1.5904672650141098,5.165049123831418,3.974032652286211,6.516952353134759,-1.460738236173227,-1.0829892896909497,1.8184119434835933,-2.842600350251905,-1.3360949816123553,3.140943576561345,0.36533846222377847,-0.39919021593704185,0.541133089433549,3.3782969774248057,0.3640280819740419,3.397853279961229,-2.373100012689979,-2.8426806969132175,3.7030308147289555,-1.1364040642686937,3.6821834279392758,3.8535553705996026,3.5935008985455417,7.273096220372263,6.201927052397593,2.656588911436139,2.5295861210814627,42.47066797302867,3.306621996203779,9.865526551141974,0.29282502047989734,11.545406912143282,13.712437214832192,14.849888994277041
prime,101611,-3.5167519551453856,-3.525432156867587,4.979579922713857,0.26581594217201554,-1.4910286528688999,1.5145377376575477,-2.3611705576572666,0.4519194925279397,2.4040294569897096,-2.6550326109266136,2.3171976058662977,3.524003818062105,4.060901930178836,2.514093426899287,4.7761480552541915,1.6856909968606826,-1.0937374132437234,2.0094316773720458,0.553638883275708,-3.489925366828345,3.533566905989857,-2.4691988195485677,-1.3614007760673101,2.819637367381968,-3.3332726939817543,2.6952525271292016,4.28661790196429,2.5304702590161523,1.2195533174044857,2.8090194064401834,-0.30139118575073054,1.9125706403038503,1.9361722808160722,5.138656624532179,-1.3578457177189294,5.3150293412149745,24.79621620669494,2.293824558788843,5.779357630074238,12.418602909716295,22.811590245708395,4.037815666026233,12.48609507910673,7.950354883536716,18.375093037440728,7.89059002575756,3.748763101000511,28.249536897976085
prime,101627,-1.5276548162770593,2.892919563887425,3.2715000902975846,-0.012532175058435235,0.4309056784172123,0.43108787863252807,-0.5586144658478032,2.0308279963729334,2.106255557216771,-0.4448029518398783,3.1259067048060083,3.157394874436301,-1.1321512483321987,-1.905412832308346,2.2163854607503337,-1.4844741316369217,-0.12654480363883844,1.489858058617392,-2.5036053628343367,1.0258004179301867,2.7056064588625217,-2.379139859465296,-2.1995618404084505,3.2401201768881287,2.7101190159917463,-4.321656410343085,5.10112332823855,3.7326379303940826,-0.8045334109074708,3.818358276626623,-2.39086287274626,1.0103229902872541,2.595568881956223,4.9171380244632275,0.27845830040854846,4.925016281870401,10.702712840817105,0.18583675910389325,4.43631247230653,9.969142393116627,4.912364510625469,2.219677034827184,7.320306310238594,10.498378760677559,26.021459209899547,14.579859928683033,6.736977820979477,24.25578537668855
prime,101641,-4.274929614224655,0.8529095031931658,4.3591831605487945,0.5032632672717241,4.302388833975021,4.331722936072661,-2.9181038440498317,-3.966985447416644,4.924662788930206,0.9743758650095035,-1.4789907589532374,1.7711075606473172,2.694130906969063,0.6601178362467301,2.7738235166673832,-0.526629855494124,1.5083138067048343,1.5976074437089325,-0.4552543973858596,1.2220724450432032,1.3041156495008543,-2.4213463671605178,-2.623156104750118,3.5698552042974026,2.3345251441814616,1.753919798728219,2.9199729980234936,0.26810975213149824,-2.3861609867380658,2.4011761896659713,-1.7682469279532582,2.5474681475364256,3.101014537361733,2.0496541297450417,-1.0117343177459908,2.2857577258506314,19.00247782721218,18.763823594897957,24.252303584673836,3.1368219913820905,7.694096901617009,2.5523495441941897,1.700717627273035,12.743866179649249,8.52624230918631,5.765647093818793,9.616291160928803,5.2246883812858504
prime,101653,-0.5419745020573089,-0.24859896667191772,0.596269911290695,-2.1258328869161343,-0.9575660537000741,2.3315441686343665,-1.6821507898329204,0.35744083893736434,1.7197078917873712,1.7428527814910946,-0.40267744380334536,1.7887663183600144,-1.854730597578146,1.8747425494138978,2.6371737174815593,-2.3703036380971083,-3.602504482868183,4.312351781320923,-1.2596369248612675,-2.655153411501863,2.93879649194767,1.7917961895277803,4.4730546995069815,4.8185840170726255,1.9118881705525514,2.528069327008628,3.1696136829053216,0.7568732052786721,-0.7571214804765287,1.0705559233724231,-0.1864150944645565,-1.2038663942000036,1.2182138082160896,3.1555471861817845,2.740548892235979,4.179483972329075,0.3555378071106132,5.436098210292919,2.9573952330757645,3.1996849416992403,6.954685216175507,18.596377885861738,8.636524821083933,23.21875192958776,10.046450898860638,1.1460899850677815,1.4840448825283474,17.468086274955628
prime,101663,-2.7095248317601834,3.689869570017687,4.577844717513642,-0.18358389534289576,-1.336212493826415,1.3487649444165868,-3.940604536806399,1.978357532425956,4.409338118312735,0.7392544486781185,-1.6834647796756896,1.8386274240038156,0.4716301807930584,-0.4158038083790312,0.6287510115279331,3.095235380658468,-1.8286307421868568,3.595048324146815,-2.0490809163951655,1.349696091218211,2.4536528158206425,0.7538512128487252,-0.7994430365942636,1.0988179193444887,-0.30397395393334237,3.977819957027132,3.989417473164874,-0.5458534900020132,-1.001043314750068,1.1401946108244774,-0.7217274373144743,-1.3348726320725675,1.5174898476197005,0.15892068555321726,-3.235455933848359,3.2393565540352705,20.956662257667556,1.8191668752870784,19.442262641605687,3.380550804298907,0.39532783449739906,12.924372452950823,6.020412140584568,1.2074008198725512,15.915451775193208,1.3000437505531814,2.302775437628862,10.493430884171262
prime,101681,-3.672812864891171,-0.47287559682338465,3.703129172818734,0.13994742760815648,2.9305831758731373,2.933922806279133,2.715945684314913,-0.39309133046022415,2.7442452066518745,-1.2926727270605862,-1.0834265482605479,1.6866581944075147,0.4320714159720458,3.5766563576628028,3.6026596299553244,1.275927777852432,0.07602148425643951,1.2781905023759164,-3.2333518498543428,1.6916383547877314,3.649137501978439,-0.7236179669169593,-0.7084311125923686,1.0126685555174975,0.21498898918742104,-1.1915242701898627,1.2107643668044226,-0.0011950076038351742,3.039019864214989,3.0390200991662533,-3.1962248011926544,-2.2630250315638936,3.9162654753277115,0.5623166723788915,-0.450391364199734,0.7204529276649286,13.713165670581162,8.607903033204824,7.53088175423179,2.8448158647620176,12.979156409309835,1.6337709603639974,13.316204508345441,1.0254976033338947,1.4659503519233144,9.235643163136464,15.337135273243787,0.5190524209809669
prime,101693,0.3416290517184015,1.9914430910016425,2.0205335913258633,-0.6142237860530437,0.2379316033396217,0.6586974322259791,-1.0601163963863858,-1.2168706498105495,1.613883810024007,-0.39568662175899894,3.3469345321649953,3.3702431166367757,-2.7634974702895803,-0.2516625882459671,2.774932850830731,-2.272448278712939,-2.327901106471009,3.253174563550863,-2.831670195447426,-0.8324329861371643,2.95149127936955,-0.16738246399403922,-1.9728487464012394,1.9799366316702305,1.5845294298088481,1.6884742155172758,2.3155298940840807,4.977517749787363,0.8604091363824499,5.0513351533449695,-0.011542675406029157,0.016146665337004373,0.019848127292874985,3.064614522088943,0.4820598182193454,3.1022965424569113,4.08255599367619,0.43388230722109833,2.604620952257605,11.358538665237567,7.700252326619568,10.583144740934348,8.711300772194503,3.920149065429658,5.361678690397034,25.515986831418648,0.00039394815703416885,9.624243837340106
prime,101701,-0.22682110397055888,-3.9294910346784375,3.9360319618652286,2.087572839245709,-0.4999469966187384,2.146603679905652,-0.8555554246373568,-1.0592510041212877,1.3616121967573456,-0.45710476904510305,-1.2300904846192888,1.312275645676126,-3.4499351103754243,2.6633212446040346,4.35836349077957,0.39371301079813503,1.8328080743431028,1.8746187271680088,-0.6115079712672964,3.6181851343827893,3.6694966501677104,1.7006884554946882,-0.9045606388342536,1.9262842915782552,-2.2714541957606817,1.5325717971002126,2.7401241717677287,0.023200682878338097,-0.8107255214385234,0.8110574226266515,-2.6607845645137753,1.6788490283659827,3.146157745377711,0.5870387413796273,-0.17748597998887392,0.6132827708106497,15.49234760482464,4.607907358584487,1.8539877743583644,1.7220673702346934,18.995332317760276,3.5141953722490054,13.465205665592048,3.7105711719811407,7.508280476705782,0.6578141427977867,9.898308558800164,0.37611575697318794
prime,101719,0.8028366767453363,2.7617684500314517,2.8760931315095872,0.42995766739240726,1.1952462368188312,1.270227208958735,0.12884306313513066,0.6212421746528765,0.6344622719165248,-0.8648470497669405,-0.4266336912876606,0.9643530090336815,-3.096712907501298,2.011083901324348,3.6924367685379664,-1.1936439255277937,0.5346814861704926,1.307925881922553,-2.114875120667225,-1.2585773714318582,2.4610391658601323,0.04126870493483281,3.0974546767334354,3.097729584780574,-1.116206816405518,0.14899110260578174,1.1261065693999963,1.7143438471064987,-0.2131568252718995,1.7275446906728362,-3.0052157840988283,1.0306012647727536,3.1770207547241385,2.3509488895432464,-4.1090107773633635,4.734018404034029,8.271911701116624,1.6134771623790978,0.4025423744854783,0.9299767260323157,13.634089289651099,1.710670112602888,6.056713775897536,9.595928580424827,1.2681160056458287,2.9844106582719054,10.093460875947935,22.410930249732896
prime,101723,-1.0755981243304027,-2.351041695434579,2.5854029432053682,-0.6591874177525912,-0.697765847056841,0.9598985514325353,1.15855489519112,3.2694942373540905,3.468694569036443,1.3355190166667654,-0.7149921566981806,1.5148679242820082,-2.0234825083473518,-1.0567510380671872,2.28280621561353,-0.8454434079380483,-1.2315288010494658,1.4937997669835927,-2.659185558082423,0.49189853019890817,2.704298799379605,-1.5334581746814326,-1.235989208793665,1.9695591633032254,-1.3592925925144592,-2.330334122834463,2.6978016005835834,-1.2624837453659916,2.964055308203415,3.221721446277158,0.8011317178980653,-1.3148785397829714,1.5397134810750033,3.290964200645032,-2.0237244372413348,3.8634060060799915,6.684308378734981,0.9214052290422797,12.031842013262915,2.29482482801848,5.2112042180437665,2.2314377438402357,7.313231996325972,3.8791632977517017,7.2781334761113445,10.379489077402182,2.3707176038041045,14.925905967814952
prime,101737,-2.490031576601512,-0.14647358477150962,2.4943359363783433,0.6143049515722673,4.56701976608173,4.608149315865038,-1.169925378862993,1.4044123188124298,1.827867433196353,-1.0316088204580143,-2.409200922745543,2.6207758096801705,-2.203313322474652,0.8310202678439994,2.3548214969635812,1.110301692770072,0.2753989171076169,1.1439468573811178,-0.9359231653205562,-2.431576823129814,2.605478462425995,-0.4008056949239587,0.45379770449546364,0.6054564903350442,1.371721532665687,-2.6953747409838185,3.0243453766910102,1.5661190432841847,2.450660264143625,2.9083439597114142,0.5928263857302764,-0.5446017197994968,0.8050056874498417,-1.0948736295069115,1.4589742514368893,1.8241036513711248,6.221711763508426,21.23504011730742,3.341099353339824,6.868465844604754,5.545184282561801,1.3086144125121355,6.788518018165727,0.3665775616888295,9.14666495751229,8.458464587989868,0.6480341568265922,3.32735413094547
prime,101741,-3.7780048168743927,0.19732371191181997,3.783154377448636,-1.2826560326725094,-2.4498876273441867,2.765349143375084,4.090965580343031,0.22006353720347854,4.0968801959488514,-2.04067021203686,0.22084650316877175,2.052585708869775,-3.252897153643261,-3.3818797920230397,4.692382211614292,1.642578675359927,2.551259608775428,3.034302275007571,-1.2553830959373167,2.0601290712262483,2.4124921777441446,-0.12819700133310552,-2.7956241898187093,2.798561966769776,-1.3410685661671677,3.226282233335176,3.493903540210559,4.059700427207426,1.7491340271033744,4.420479318291063,-1.3890232205579445,-2.5690042108231044,2.920473958534129,1.2618644356218676,0.15671310484734013,1.2715584340163795,14.312257043608778,7.6471558847653105,16.7844273399579,4.213108092256436,22.018450819874232,9.206990296116123,5.8201185076766855,7.8319490818503175,12.207361948295876,19.54063740343902,8.529168142476005,1.6168608511181872
prime,101747,1.3013146102663176,1.2036146956264546,1.7725992357046025,-1.1783683101328226,1.42731884135635,1.8508892320223047,-3.1264554067402206,0.2947642254710048,3.1403199453165085,-2.290835119279751,1.1216647055378401,2.550697405686288,1.0013811767149559,0.6981498025584149,1.220728228514186,6.043424892629059,-0.24400356136311685,6.04834871438531,-0.8365246856475201,1.532580418096241,1.7460172644134226,-0.2332137827465386,0.15532375507118235,0.2802037425737963,-3.3097317036662632,0.37874532641289715,3.3313318616633194,-2.7311881125223967,3.686425712147051,4.587932327003369,-1.587349822674362,0.2101239389978704,1.6011969052194392,1.4191295650352926,-2.1615256801904104,2.5857536596667274,3.142108050420541,3.425790949216117,9.861609358952679,6.506057255374761,1.4901774078913828,36.58252217080643,3.0485762876297318,0.07851413735236232,11.097771972533197,21.049123037162545,2.56383152928431,6.686121988479874
prime,101749,-3.14983989959363,-1.7219973964454725,3.5898142607155865,-0.21025847777782847,1.7252894925564934,1.7380542168192832,1.2857862676123828,0.5058087856847294,1.3816978156081894,-0.8923931599297724,0.5919133306658527,1.0708533713396002,-2.396446702871293,3.1757278928721093,3.978467600630753,2.3462721299342775,0.5127147441651901,2.4016388813871887,-1.280541409539695,-5.0982634511598794,5.256622158666015,-2.1332096600283417,3.31330668568467,3.9406325186498883,-1.1478620040952563,-2.1569217747973135,2.443337619536107,0.7802661535733587,-2.0145813947645266,2.1604058569036395,0.4896045725794136,2.4413432760523337,2.489953740336678,2.526184429661743,-1.8095463664540088,3.1074210891046503,12.886766426436992,3.020832460603292,1.909088853656442,1.1467269429093878,15.82820444926862,5.767869316590708,27.63207651897855,15.528584647040962,5.9698987230403695,4.667353466543549,6.1998696290166135,9.65606582501233
prime,101771,-2.7695405357522893,-0.6807390362506985,2.851974827141819,1.078284292709192,-0.9285568320183984,1.4229950127078475,-0.6503400313432206,-2.2969159849495306,2.3872086624935354,0.7138666059304033,-0.5296291079797136,0.8888827386567819,-0.9022584329235039,-0.35038386001076793,0.9679045041416133,-0.16149113485464361,1.295863235611221,1.3058870211643208,0.6940292043321108,-0.5828415392189653,0.9063006103412904,-1.12708352460252,-3.803945665308055,3.967407200684898,-0.03940490508240113,-0.3492216183371779,0.3514377402308845,-1.3456361246726116,2.991696613672101,3.28039406295662,-3.7646770583940468,-2.7581134521871515,4.6669029526158115,-0.2092588911975751,2.5501005137096175,2.5586719042439365,8.133760414650608,2.024914806191407,5.698765198284174,0.7901125230819809,0.9368391291376224,1.705340912045423,0.8213807963049955,15.74031989604638,0.12350848525859064,10.760985208281042,21.77998316913418,6.546801913567292
prime,101789,-4.036822180433949,1.6517727348385234,4.361683904640436,2.513462000969086,0.954938595330129,2.688754163393634,-3.3243672977878673,2.351920516615839,4.0722166011989,0.8599192315439651,0.405077741283263,0.9505519771492317,-4.035196553003921,-4.162787262230371,5.797551984412227,2.2359870650628184,0.6989170890883487,2.3426743803926247,0.23816981647016677,-1.5310658941528668,1.5494797945489804,3.1313396764693753,0.6125202236594525,3.190684753124814,-0.907952883453575,-0.41065566754639493,0.996502140418994,0.2748205690100572,3.8655169397031415,3.875273868552125,-1.4209497529201203,-0.18675291622931034,1.4331695126690012,-0.3469155690280144,-2.231953485728494,2.258753367344387,19.024286483999436,7.229398951166601,16.582948047079917,0.9035490612623135,33.611609011962145,5.488123252547968,2.4008876337155507,10.180469193823155,0.9930165158596365,15.017747556282952,2.0539748520439023,5.101966774489607
prime,101797,-2.784615910308969,0.13969315464283638,2.7881176347851455,-1.4285626620067444,0.25170914798902644,1.4505684314988927,0.45175942581388817,-1.0082535638166579,1.1048356564488155,-1.0408498408188174,-3.6574675482210215,3.802688162000987,0.4915391051800815,1.141126562830935,1.2424896475703846,-0.48353466817505864,3.6012426175515904,3.6335594347412283,-2.428833557776915,0.09746225197647207,2.430788214128,1.833618662500097,-0.9921562868819022,2.0848336857092287,-0.1673423805552957,0.4364123118751638,0.46739616845470466,3.653269744338727,0.9636528714920111,3.7782279816913573,-1.309339574924916,-1.1672421448739247,1.7540878960971253,0.2707033557936595,-0.4986230236438519,0.5673669240850103,7.773599945399914,2.104148774461158,1.220661827760685,14.460437257422447,1.5437805243195786,13.202754165796994,5.908731341943591,4.346531497067927,0.21845917828613867,14.275006681635547,3.0768243472344396,0.3219052265456859
prime,101807,-1.8671521302889713,1.1816375216247472,2.2096434803275664,2.5161579373360894,-1.3042811687164184,2.83411364145612,-4.313918445918633,-0.8510543723476796,4.397065601367477,-0.1029208511370987,0.5166410459130693,0.5267928168843373,-3.0801737219868466,-0.9669173659468084,3.228374103196192,1.7850211058806842,2.1539038510228616,2.7974277734895345,-2.011344360326331,-1.0305429708025278,2.259983396064457,-0.13248246497846367,0.02363856725841995,0.13457483192930503,1.3026170500574445,-3.7490732292680056,3.9689244459317172,2.023401046130033,4.886518997769261,5.288876979949526,0.15633527391030336,-1.0105461392687756,1.022567463524846,2.4703346918298696,4.444230272675983,5.084656940859219,4.88252431015412,8.032200132687668,19.334185902729132,0.277510671920935,10.422399350187817,7.825602147890614,5.1075249504870355,0.018110385388800696,15.752361257514389,27.97221970904002,1.0456442174596374,25.85373620622783
prime,101833,-0.2845480421305507,-2.2767865922914616,2.2944988069551258,-3.493627603926317,0.6201229013627199,3.548237061938006,0.38665057565647,0.8711948860165349,0.9531417507783629,2.906663310491547,0.618418947833777,2.971722328145333,-2.5628198573244885,3.5647828761037688,4.390412574560547,1.5252438294751607,1.6245790258558388,2.2283684054937507,-0.17967050067686974,-2.1710222915503197,2.1784442336727095,-1.0532623705653414,-0.0697516416495188,1.0555694732047367,-2.61555039485977,1.4082765652132307,2.9705802046367764,0.38415449372520905,-0.05509391424148902,0.38808506082522715,-2.2284692998598854,-0.18753283628211914,2.2363461237254896,-0.09245949178357737,-1.134656398179902,1.1384172783085587,5.264724775118496,12.589986247710454,0.9084791970768429,8.831133595597517,19.275722574859373,4.965625750602761,4.745619279221878,1.1142269127617255,8.824346752179872,0.15061001443572025,5.001243985102023,1.2959938995514664
prime,101837,-2.817862575800848,-0.506161986027496,2.862961657479592,-1.4775632978318884,0.7400485715619176,1.6525329610542356,-0.9546357728091704,-2.6614406158080164,2.827471593172868,2.048209183040391,0.5681677050633225,2.1255529630117214,-2.5765590263941562,-1.8454429055047044,3.169276878717107,-0.23655000785357316,4.237117509550999,4.243715435318347,1.1272143169882125,0.5656393460439079,1.2611740507226519,-0.25975627030144466,-1.1046475815948957,1.1347773347597179,1.572807344983938,0.0028473389654738446,1.5728099223283813,0.19618761152875008,-1.0824204486076887,1.1000561833294817,0.0360159747903972,-0.681612528309659,0.6825633957287691,0.8796591124381979,-0.17352522119332225,0.896610928154319,8.196549452198292,2.73086518737068,7.994595610199515,4.517975398567908,10.044315933970848,18.009120695959183,1.590559986216182,1.2877195994843689,2.473731051774609,1.2101236064814263,0.4658927891887883,0.8039111564857493
prime,101839,-4.429761104047635,-2.802534430126017,5.2418491652254815,1.4209887664983358,2.6841032744246185,3.0370412348684734,2.1846935239865353,2.073600822141799,3.0120933191612522,0.26305397191433977,-1.9974632159095176,2.014710076177588,-0.6482042577573879,2.067808135767652,2.16702543734994,-0.4907930109511768,1.7958730156742553,1.8617297516088271,1.4132369792683162,0.9332850430966431,1.6935937326405464,-1.0395051779933306,-1.0950899834431969,1.5098983697297532,-2.972534586815064,2.5459290775387684,3.913785474150213,1.9928079900150615,0.24729987782982693,2.008093851054406,-2.140689670459618,-0.4445733170147247,2.1863663232436563,-1.3277973993326695,-0.7172016408148547,1.5091136893097619,27.476982670975076,9.223619462291422,9.07270616333585,4.059056691051501,4.695999246121699,3.466037668025465,2.8682597312393385,2.2797930869125667,15.317716737669208,4.032440914642516,4.780197699413984,2.2774241272621203
prime,101863,-5.2705413564033305,-2.606269248979355,5.879731761546037,-0.125342851591146,0.06976112313386218,0.14344840447316914,1.398377619146085,2.8393033690021205,3.1649808193661246,-1.005916628156791,-2.7971091518446825,2.9724884978979493,0.08102651336359573,1.9801315004377695,1.9817885999505078,1.4219840052136639,0.14705085638248994,1.4295672301246682,0.24696647045097397,-2.5844349299477454,2.5962080703712904,-3.5903843863834064,0.446673509655495,3.6180626398963445,2.038433210812546,3.43116352120597,3.991001511425183,2.2173511109798123,-1.8054624668993282,2.85943013006886,-2.927893077786583,-2.6830108430797566,3.971285063935116,2.186420916093794,4.194538067024046,4.730178222651473,34.571245587733266,0.020577444745897934,10.017103586955466,8.835687870135606,3.927486054893794,2.043662465446316,6.74029634466102,13.090377266213705,15.928093064198094,8.176340668745617,15.771105059034136,22.374586018046248
prime,101869,-0.4338017475132976,0.07144269222732258,0.43964532798413625,0.8296909635824407,0.13619174545560542,0.8407944377674029,-2.2910009979359214,3.1465261509917033,3.892211760865286,0.024987811312876862,-0.19775754618812558,0.1993299721280183,-0.5100451384383076,3.8246432778351616,3.8585025911529773,-0.044577079897951954,0.9475161019891242,0.9485641146390121,-3.5525714444836756,-0.7529292180814184,3.6314826552802817,-0.517323866783663,-0.6239422866027386,0.8105109253767375,0.7210265284620742,-2.1775267532843894,2.2937964199150986,1.090762328155595,-3.3037772871884394,3.4791819181907715,-3.1045711883607527,1.8390857222870793,3.6084066507975354,-0.07892780835544999,-0.1701357400727873,0.18755204339571904,0.19328801441827873,0.7069352865806032,15.14931239141805,0.039732437788556556,14.88804224593424,0.8997738795808929,13.187666275601526,0.6569279601550554,5.261502016015323,12.104706819865616,13.020598557519886,0.03517576898190968
prime,101873,-0.142047360768229,0.33210733233508594,0.3612100952242983,-1.8042449242602896,-3.4368664226711965,3.8816685270645825,0.333386105018034,-0.40515653436614496,0.524688586076237,-1.8357226133517979,0.8801347406397655,2.0358081134655546,-4.690532541448163,-3.3788252338216007,5.780791942553698,2.810484761734427,-0.02309727081179369,2.810579669723022,-1.463131399162491,2.890717508405631,3.2399075919874702,-0.651014313419734,0.7927936004445076,1.0258368920950023,1.6481835022159048,3.6964602104964324,4.047261660031387,3.213344215650634,2.477981978480012,4.057828943403985,-0.7411810663818367,-4.308628873916327,4.3719140140570465,0.8496233100322415,-2.9633199814030293,3.082713914902353,0.13047273289194666,15.067350554003726,0.2752981123586808,4.14451467485218,33.41755548309376,7.899358079860372,10.497001204618048,1.0523413291831334,16.380326944760014,16.4659757339271,19.113632146308397,9.503125081132591
prime,101879,-3.7480055781703787,1.1577502769221808,3.9227454056705824,1.0268589357303042,1.3694935635067962,1.711710225001801,0.8371532328954013,1.7606155859813017,1.9495109071117056,-2.3175381906607275,-0.9502313079924244,2.504779991108998,0.3278575472702505,0.0015814854822236712,0.3278613615514872,0.1406632970312549,1.4358849546518624,1.4427583879940824,-0.4007790522829662,-0.10241547714459998,0.4136578038760886,-2.4439190977282075,0.3924205163122397,2.4752241146739458,-1.3554209797855254,-2.228955114016932,2.608717488105025,2.043826146305558,-0.6419924896539224,2.142283751769188,-1.284962845936532,-2.04023157507463,2.411156236200553,4.271247924748006,-1.137995739299531,4.4202480854956585,15.387931517709662,2.929951894375716,3.8005927769475054,6.273922803859993,0.10749307239839502,2.081551766127283,0.17111277870758856,6.126734417863418,6.80540693274499,4.589379673094268,5.813674395368817,19.538593137328036
prime,101891,-4.14030675450377,2.059020228077678,4.624035501704393,3.210000103707452,0.8974911189032801,3.3331053050139468,-0.5097973809780785,2.352558810593634,2.407161466739164,-3.268384371495576,0.645083697817553,3.3314365335432248,-0.5151285661101062,0.60175678420752,0.7921291984029055,-1.3274788769989248,-3.22044001936176,3.4833079231077315,-1.224648108853999,1.0192898545202052,1.593334490321319,2.511700173616247,-3.4375487627351,4.25739113288003,-0.8818470590446701,-0.12133437972000485,0.8901551927881857,3.904375760456742,1.502291212717299,4.183423115900395,-1.7740583631781879,-0.5479606111258019,1.8567562864597589,1.4384574083402288,1.6050493885630162,2.155305838004296,21.381704321022596,11.109590974312114,5.794426326953844,11.098469377026499,0.6274686669624296,12.133434087185098,2.538714798047497,18.125379258325502,0.792376267247772,17.501028966649773,3.447543907307834,4.6453432553354
prime,101917,-2.6717078518566915,-0.9614214391680825,2.8394284687881686,-0.0471675040583297,0.19865605443824585,0.2041788466126299,-1.1602093413855696,-2.9443489538306706,3.1646921616109998,-0.9368965832273737,-0.5079632619699592,1.0657400636057033,0.513208648484504,1.882922896038176,1.9516100402754857,-0.05720216494118091,-0.5719033938724788,0.5747569743785783,-0.3174797268510525,-0.17770475110905182,0.3638301190502911,-2.3065813943430236,1.8513914322104932,2.957696394830245,-0.8977909219939697,-0.6380080773722744,1.1014004024000754,3.2938816059103058,0.863932346320701,3.4052951608889126,1.0116901473203104,2.2108063716458815,2.4312922010928713,2.271039094356626,-0.18392942992898242,2.278475060932238,8.062354029364723,0.04168900140406384,10.015276477762102,1.1358018831742884,3.808781749304083,0.3303455795968177,0.132372355528149,8.747967963991828,1.213082846407048,11.596035132773444,5.911181767095019,5.1914486032901666
prime,101921,-3.834521965045558,0.6226488295653942,3.884745843086263,2.4681851514528828,2.2896993487191297,3.3666988355624112,-2.2742235258375705,1.7200636589768026,2.8514402740379707,-0.25337042879108884,0.7311989852037517,0.7738530417002808,-3.051652081025947,-1.6521374739322368,3.4701784761595746,-0.2723971187638975,-3.000832102629213,3.013170008227371,1.268984276463526,2.7960888117639335,3.0705754732921164,1.570992057365377,-5.658717780637647,5.8727423717723015,0.9211952194955269,3.469787969305453,3.5899901370837033,0.723928119056893,0.5229310233934501,0.8930446667376566,-0.5706066902845137,2.1165712876125147,2.1921373156221633,0.21682485717727085,-1.2597458964611574,1.2782694326082702,15.091250265376,11.334661049377296,8.130711636405737,0.5988485301487765,12.042138656401187,9.079193498480935,9.428433737183106,34.48910296520976,12.888029184358267,0.7975287767885721,4.805466010543144,1.633972742340669
prime,101929,-2.734658537034431,2.2488539544002215,3.540579249557452,-0.9382654689167903,0.19047596435810177,0.9574043989661806,-1.6713208863482836,2.6235856856834308,3.1107097831953094,-0.23345955791442097,-2.2522587719393536,2.264326156047172,-0.7529920687192977,-1.2284218364130672,1.4408390832187403,1.89486356702624,-1.5111371378509042,2.4236425864874604,-0.8092849768873966,-0.8081859693442992,1.1437249384623116,4.2332108182281605,3.274860786932664,5.352082492390523,-1.842614265142133,3.1799455023816625,3.6752252622421184,-2.4876966918298327,-3.852896567921585,4.58622358740206,-2.486769254690077,0.8499071388125119,2.627996094113595,2.7262961475467944,-1.2829927910382917,3.013098270217007,12.53570142239681,0.9166231831597934,9.676515355267009,5.127172940959363,2.0760172637306202,5.874043387035627,1.3081067348606186,28.644787005353155,13.507280728222648,21.03344679364302,6.906363470676312,9.07876118598472
prime,101939,0.07364155086912999,-1.56295426984401,1.5646881886299369,-1.1307242782828455,-3.3839978645149484,3.5679096037511933,-1.7363749395582522,-0.14711682918972477,1.7425961357000548,-2.379822627896663,-1.701497444643016,2.925516927719902,-2.161086904557102,-0.7242703227013866,2.2792244534916186,1.5848638923703209,2.8340617603806386,3.2471063455007148,-0.6996746317714484,2.238688233182377,2.3454785430128635,1.0286563399887774,2.2729291386112,2.49486286896634,0.8315421963451491,-1.0402806189344214,1.3317830868550244,2.0101238784205133,-2.6922322993710694,3.359867967699499,-3.586532568631783,-1.2510449315757604,3.798464069420415,3.2979740294628046,1.4384915056265184,3.5980398150619144,2.4482491276380327,12.729978940539997,3.0366412921567636,8.558649294375693,5.194864109394167,10.543699618991008,5.501269595733745,6.224340734946957,1.7736461904330976,11.288712760373162,14.428329286677897,12.945890510770775
prime,101957,1.0064300322262956,6.541771615908802,6.61873683450831,-2.301847909236016,2.1366779586261972,3.140684080918237,-1.3239499380487487,-0.6314369997922386,1.4668183674763242,0.9726912461805343,1.6608777616930048,1.9247449700369677,-2.9607737755322754,0.7230086936230455,3.047773436614695,-0.12001299872097909,-0.402612505939981,0.42011897100853823,-2.4460851042558462,-0.1533460437365204,2.4508870529651046,-0.45808931930811453,-1.9103621029512352,1.9645175460800646,-0.1696927342792529,-2.1528669299174465,2.1595443135067502,2.276077040693816,-0.4425209071095749,2.31869606641375,-0.41818954864106284,-0.159227084569053,0.447477108970924,1.4834353978871493,-0.28889599835757657,1.5113045614870704,43.80767728447708,9.86389649613323,2.151556123165909,3.7046431996826077,9.288922920934148,0.17649994980127298,6.006847346391975,3.8593291888564387,4.663631641999341,5.376351448402598,0.20023576305297622,2.284041477571626
prime,101963,-1.6879295686957863,-4.6150662449570525,4.914055623842645,-1.8748865211757733,-2.291605937224065,2.960854140076336,-4.247796893240618,0.41056286439166334,4.267591863316141,1.106848448136376,6.641030846023346,6.732637238480585,2.9369006501535373,-2.222255173660961,3.682906934166974,1.4262499130505444,-1.485019134147401,2.0589974850058903,-1.191954459429177,-0.8126785965902215,1.4426371458925331,-2.702314609105153,-0.5332630003436482,2.7544280121503713,1.9117041452808468,2.28561593395514,2.9797068541441454,0.331777812521756,-1.1891546817356584,1.2345709270736764,-1.816565373953841,0.6826051586923437,1.9405822735770462,2.4607856326432676,-1.375591070267924,2.819169509345683,24.147942674219532,8.76665723880718,18.21234031184213,45.328404184975476,13.56380348573518,4.2394706432605815,2.081201934708954,7.586873674118646,8.8786529366336,1.524165373975557,3.7658595605214575,7.947716722424379
prime,101977,-2.452892984557193,0.6660695381184891,2.5417184390288536,0.020711387692504357,3.944818581554131,3.944872951433911,-0.3274216271028806,-1.780065622754037,1.8099277729250456,1.6812125118801313,-0.2742702066383784,1.703437599782205,-1.2848508572692743,-0.03874830698757914,1.2854350068050866,3.9840028578431217,3.609641980209907,5.376038876030926,-1.246324201019356,0.5456001692893017,1.3605159163990148,-4.611193919372216,2.342703293089617,5.172172472134725,0.2616879694250548,-1.4451632359858786,1.4686651667371242,1.9344239712436693,-1.7628018845205122,2.61714855990087,-2.6933235814149916,2.531541257962685,3.6963080303152993,0.527447838168385,1.411820366616825,1.5071290487488354,6.460332623299272,15.562022602954896,3.2758385432054156,2.90169965635176,1.652343156719993,28.901793996595867,1.851003558775051,26.751368081508232,2.1569773719869847,6.849466584591197,13.662693054973367,2.2714379695825695
prime,101987,0.4790604081634893,-0.34456149279021886,0.5901029545626704,-0.7751721875455082,-1.7805337724636896,1.9419558273111843,1.563754448711021,-3.4605445706243767,3.7974592428545386,0.6495295928173593,-2.6691214645005,2.747016214768813,-3.494977280905591,-1.6697692183684596,3.873370036112875,0.45417844127756574,-0.44307798798389786,0.6345046571595659,-2.8391373362970085,2.104341190891332,3.53397123107102,-0.44862747171638356,0.189967795598318,0.48719028289069854,-1.2902054274117472,-1.9332083360451682,2.324204060636083,1.1473444843520486,1.5273731960610128,1.9103057990328933,1.295842672271565,1.3902089771601123,1.9004971011439287,0.052158393057100905,-1.359581298632551,1.3605814218773065,0.348221496983593,3.7711924352278663,14.420696701141365,7.546098084202777,15.002995436657054,0.4025961599571783,12.488952662037619,0.23735437174311888,5.4019245154772575,3.649268245818701,3.6118892314564763,1.851181805557673
prime,101999,-2.722134213084233,1.7164882730945434,3.218127819977759,1.717090605128525,0.6720838951969368,1.8439351692518182,-0.6978217903795529,-0.3363670689025265,0.7746599616416237,-1.9170963937623875,-2.770919878385285,3.3694592378314177,0.5457781823996701,-1.806735280739754,1.8873701807152847,2.246013900779879,-2.2652210813251026,3.189953759817862,-1.0682451195535048,1.4370698465954328,1.7906192726103733,-0.8312717926492699,-0.24511003939278986,0.8666554821066246,-1.6958050658016228,0.5207720400426824,1.7739668370318153,-0.9721029352900632,-0.9181132131553684,1.337129757716143,-2.726911649783298,1.3001814106902836,3.0210128841877597,2.2462249515042076,-1.0465877389521283,2.4780783740804098,10.356346665714803,3.4000969084037314,0.6000980561706019,11.353255555407477,3.5621661990532467,10.175804989776115,3.2063173794437025,0.7510917246654659,3.1469583388886635,1.7879159889700311,9.126518846428446,6.140872428085007
prime,102001,-3.9607380937654506,0.6803137185855754,4.018740225879312,0.6928175675184328,-0.8018253464517584,1.0596792288587338,0.4383638803581273,2.753636318098392,2.7883105752324475,-1.4352586355090604,0.0615057228345095,1.4365758959222188,0.8633486929724463,2.0413459430844805,2.216407955455109,-2.1868995248489553,-2.3533523981464564,3.2125997325602618,-0.4848837254471574,-2.1742281672991774,2.2276400855346123,-0.33640711296278714,2.378564148758076,2.402235865898515,-0.895615742830722,-1.3836116984106765,1.6481835124721709,4.484277185923271,-2.1350287456343766,4.966597389045847,-1.7462030235451784,-0.02582642409591074,1.7463940001099134,1.650357850186887,2.044895426403391,2.6277896298217995,16.1502730031005,1.1229200680746407,7.774675863953102,2.0637503047447256,4.912464225004697,10.320797041646266,4.962380350680655,5.770737155409187,2.7165088907851027,24.667089624877025,3.049892003619904,6.905278338598991
prime,102013,-0.014663486765781886,-1.0900194532009237,1.090118079017393,0.13417952314135906,0.0908948145983901,0.16206792326465536,-3.0739102806701206,0.10094556319020154,3.0755673330846207,-2.5493264009597945,0.7517525505165071,2.65785571388642,-1.8522729959114905,-2.6051504118852624,3.196517467483774,3.7075323125083006,-0.963071196000906,3.8305746275016963,-1.203956984540147,-3.0741741320523888,3.301523741365956,0.2371776230194278,2.0325633579352873,2.0463545706651907,0.5994743485085153,3.6274609704271095,3.676661880903885,-2.437251624322965,2.0767585636119557,3.2020495954623387,-0.7846688565534773,1.0253589534716925,1.2911491772485106,0.8586226910616999,-0.16817675013342442,0.8749379091635449,1.1883574262005712,0.02626601175131822,9.459114420337245,7.0641969958386905,10.21772391992888,14.67330197685976,10.90005901480306,4.187567028882317,13.517842586491694,10.253121611800527,1.6670661979095058,0.7655163448914755
prime,102019,-4.9291347494787185,-0.6805914229996917,4.975899322090368,0.002206379944289405,-0.9862080200872438,0.9862104881803174,0.2763232072807702,0.7275831011550484,0.7782876614519396,0.02464739582694009,-0.3241145171194092,0.32505032583985766,-0.9920669648739399,1.5468762696682994,1.8376678308271885,2.063729010272321,0.9662259184234809,2.2787211223124415,-0.1455504399207873,-3.8354182797505096,3.838179035845709,-0.0918135342494254,0.3144976615445767,0.3276255548463482,-2.6112756584289234,3.852954072766298,4.654461907798775,1.91464920128658,-4.194621167933316,4.610935730029383,-0.47000161876199514,3.4492258146002914,3.481100435457722,2.226879823567403,-1.0034673339968259,2.4425274694484576,24.759574063579382,0.97261112699686,0.605731683968329,0.10565771432859764,3.3770230564571047,5.192569953272873,14.731618311205494,0.10733850418837751,21.664015651149814,21.2607283064616,12.118060241743942,5.965940439010286
prime,102023,0.22857994100334067,0.21270831636757642,0.31223967922258006,3.345365253671069,-0.28182840432250267,3.3572155024592423,-2.221527283110277,2.575034902233061,3.4008805061809744,1.2658115813510222,5.013288940140205,5.17062326579828,-2.518376763412305,2.2293046305226207,3.3633347526175017,2.0693510206333827,1.5600300879200486,2.5915068052799435,-3.129165221933657,1.169592179004459,3.3406018696258184,-1.5463326316900645,-0.8176937234030105,1.7492191495413603,-0.5998284144921644,0.03492945376698153,0.6008445668994965,-1.4854616782225984,-0.17339563815522313,1.4955475401334306,-1.6309171893406076,-1.2925388055914673,2.08099674253625,-1.4318283669674505,-0.5028086454171855,1.5175470359626224,0.0974936172810197,11.270895929952662,11.56598821732176,26.735344956814473,11.31202065816463,6.715907521812259,11.159620851347514,3.0597676331221995,0.3610141935726435,2.236662444799155,4.330547442446484,2.302949006358941
prime,102031,-3.55890437430737,-0.648941049597817,3.617585497444014,-1.5106332584832094,1.3523525556719083,2.027528119772434,-1.199622095202752,1.8207306356390187,2.18040207733645,1.3910688227335202,-3.7553246357599055,4.004689200116095,1.9541258230362,0.7033046348483284,2.0768353670081905,-1.9870184961782729,-0.02402674081600753,1.987163754809554,0.4483983974090724,1.4149511174834015,1.484300437130755,0.17754394109607652,0.6567442640043847,0.6803196890599212,-0.19228103762152116,-2.0525526144053714,2.0615392871180345,0.35516777812476263,1.2074544624323207,1.2586065427550444,-3.175559048566187,-1.6648791228085604,3.5855261489067947,5.156703640239347,1.4898043933793454,5.367598118692395,13.086924831317255,4.110870276467941,4.754153218853107,16.03753558952649,4.313245141656045,3.948819788428805,2.2031477876665506,0.46283487932258793,4.249944232331134,1.5840904294658054,12.85599776449439,28.811109563790133
prime,102043,-1.4550233965803079,-2.453297903811511,2.8523260138774544,-2.808430721042356,-0.43514575307676095,2.8419421073123976,-2.415801177863505,0.9777925480260089,2.6061798859522134,2.419840902750199,-1.0314450298069173,2.630495931214548,-2.228585581764594,1.3052287454197384,2.582676087533824,3.0219113757171097,-0.9108144835473604,3.156189377418301,-0.8146463715214483,1.2732490545481232,1.5115594151540162,-0.31719801710526374,1.4962407266172253,1.5294936724431236,-0.5865055259399639,0.20341653266411275,0.6207793631550614,2.699313199579107,-5.070108873230776,5.743892037271892,-1.1178924760936821,0.5113810340429042,1.229306369496902,-1.475913994862451,1.4148166372854547,2.0445117356891256,8.135763689442049,8.07663494131523,6.792173597941892,6.919508844136292,6.67021577311902,9.961531386128122,2.2848118655407514,2.339350894043553,0.3853670177192037,32.99229573583545,1.5111941500856536,4.180028237370561
prime,102059,-2.94703844887333,5.65447269131983,6.376370208513574,0.12122214172155386,-1.2573539779675411,1.2631840062138058,-2.2532904360622013,2.142718057125168,3.1094305687021926,-0.8626330956378434,-2.3476122502888734,2.5010835922447927,-0.5121245362573834,-0.3956022595227042,0.6471264856087325,1.2463003521461562,-2.2788768717204735,2.5974110888001776,1.910418363578181,1.2955763613200244,2.308292969254113,-0.6676887009018304,0.9079148231542796,1.1269949101106185,0.5537865028921795,-0.6901979806316463,0.8849026744527062,0.7337774016329234,2.515137063458618,2.619989260117378,-3.112781182068928,0.12172428643723077,3.1151602670410212,-0.3454671352417551,-1.4572215408228606,1.4976121529188715,40.65809703601944,1.59563383355436,9.668558461579641,6.255419135396116,0.4187726883763091,6.746544364222124,5.32821643190797,1.270117527415241,0.7830527432535521,6.864343723130407,9.704223489351087,2.2428421605702975
prime,102061,-0.44014500710165927,-0.18841048598063953,0.47877566615689693,3.1997306112823964,3.1541374971426652,4.492978893302195,0.9243573818836397,0.24488019942889783,0.9562441537155214,-3.1598037236462577,2.249616450962169,3.878805711608714,-2.0596137160178456,-0.09056417551421664,2.061603872982249,-1.931557027462893,1.0851604790456957,2.21551028334873,-3.128672303219225,0.035631455025885383,3.128875194301996,-0.28109022284048113,-0.6657116783558976,0.7226228283661799,-0.5328799787777934,2.9293422781062644,2.977416204376375,0.8850852079461161,-2.1280070990661057,2.3047320970127445,-1.1536926355309083,1.1858592190728359,1.6544693362943568,2.598520667934021,-0.018837082815252038,2.598588943517089,0.2292261385039804,20.186859335659015,0.9144028815151137,15.045133748408382,4.250210529095409,4.908485815623969,9.789859981518354,0.5221837520759375,8.865007254083022,5.311790039000763,2.7372687847382893,6.75266449736926
prime,102071,-1.575135230820496,0.881944454432104,1.8052360001051049,-2.9710623338981885,-1.3931769291951634,3.281486454025099,0.6567845346459921,-4.053045528616227,4.1059157300151865,1.3235586127278567,1.3929024152289835,1.9214537568405918,-2.604807584600737,2.067214025067493,3.3254167224919753,-0.1897397548029186,-0.677308743056009,0.703383471495302,-0.13000945804337777,-0.8644201646848974,0.8741422540379786,0.22567754063190548,-0.7822191055873137,0.8141235050601858,-2.0295181249306706,3.8640630267934535,4.364622193781988,2.502040738973478,1.220073652525887,2.7836644153113728,-0.6406951624740005,-1.956162757381378,2.058412743981027,3.741802690706589,1.2017349175144567,3.9300450618475797,3.2588770160754783,10.768153347950218,16.85854398198614,3.6919845396768243,11.05839637822927,0.49474830797278235,0.764124680294598,0.6627970814914824,19.04992689445429,7.748787577070807,4.2370630245835015,15.445254188152546
prime,102077,-2.6074189561528343,-0.7176205928787069,2.7043692292711667,-2.7732158839484145,1.5481965203134846,3.1761043440816876,-1.02174300829755,1.5897809761841837,1.8898048384005326,1.6988854710783232,-2.971836752925187,3.42316016713766,-0.6947614567076928,-0.6945458561614418,0.9823886339110532,3.595054055014602,0.29259001346977476,3.606940888683813,-1.9984063486798571,3.181499918230841,3.7570692919011766,-1.8249306342792573,-2.0742699497876695,2.7627825908896693,-0.8969073935579135,0.32981849695878285,0.9556270787053915,2.3734886451784267,0.48984398667285445,2.4235089189170482,1.8629551612436255,-2.6631686508991126,3.250087567425847,-2.4507034121888713,0.026764332665885848,2.45084955556583,7.313612928228724,10.087638804494567,3.571362327242063,11.718025529877933,0.9650874280376254,13.010022574459175,14.115569664146808,7.632967644523034,0.9132231135550006,5.87339548007048,10.563069195936059,6.0066635440172265
prime,102079,-4.090868298263659,-1.8679517322073533,4.497159893487783,3.2525985619836497,-0.6737848721766125,3.3216537235829025,-0.057271343856184154,-1.2870737711281452,1.2883473519020865,-1.5528000151524397,-0.7283947509289423,1.715152121602703,0.16838978821940717,-0.5535261346584612,0.5785726423937738,1.940534511720654,2.222548675552047,2.950490943279961,-1.6181892331152703,-5.089869330374096,5.340908742382052,2.124507366990691,2.759186936498874,3.482333140718125,-2.2463645688201908,-4.406633764918501,4.946167699762163,-1.3849668110162678,-0.361962571972591,1.4314852325908163,-1.6885795305812177,1.5243738596364937,2.274866258715212,-2.094301994989048,-0.4627473358560672,2.1448160627561967,20.22444710759505,11.03338345939216,1.6598388991531188,2.941746800238253,0.33474630252651366,8.705396806377074,28.525306194453027,12.126644102943759,24.464574914170527,2.0491499711255834,5.175016495040947,4.600235943056994
prime,102101,-6.1187085811565955,-1.3479702959327198,6.265430441704409,4.532993340854071,0.9651626092358899,4.63460542986071,-1.9611820990584314,-4.248769261777283,4.67955932385633,-1.098408969548603,3.531237208576984,3.6981263482503404,0.0327460402756945,-3.093563900191554,3.0937372072821754,-2.1677299823093463,2.1439236617516073,3.0488460019524273,1.9643155467283344,1.3152244161231867,2.3639692958846172,-1.818818272501264,0.04674182207113753,1.8194187825553008,2.7503647432211378,0.2484381488880404,2.7615625530805548,0.6776211810644701,0.97044352518672,1.183609353040113,-0.8786508311869828,-2.567794613066188,2.7139632381514147,2.0554209021776946,0.07604419170749577,2.0568271206402873,39.25561861983631,21.47956749049438,21.898275465490716,13.676138487623398,9.571209907722114,9.2954619436213,5.588350831885213,3.310284706315013,7.6262277345767915,1.400931100604035,7.365596458037313,4.230537804201415
prime,102103,-5.531863467884837,-1.3830998751870336,5.702146849394642,1.1656798061710052,-1.6181219787325123,1.9942738399156954,-1.1342382764957295,3.2666607860970864,3.4579718274289677,1.137447134768634,-1.164285588714511,1.6276814542414832,0.08910446792962437,0.45683117622430613,0.46543993143638257,0.3782425221106762,-1.3204222322674868,1.3735291321988399,-0.40431952728008136,1.0104021378378578,1.0882953460744478,-1.50051795088826,-1.3023100572795063,1.9868481588257452,2.0734336573168646,2.129799092544602,2.9724016057555547,-1.3594832561833208,-1.2402223276325604,1.8402027458411019,0.7381845335154879,0.8971979481855301,1.1618436055467205,1.8235234417011326,-1.637722768253971,2.4509944120888965,32.51447869206124,3.977128148572093,11.957569159292435,2.6493469164816696,0.2166343297755045,1.8865822769988982,1.1843867602873022,3.9475656062292535,8.8351713058982,3.386346145801131,1.3498805637498035,6.007373608090995
prime,102107,-0.15699504633778338,3.2776932313667015,3.2814509540021612,-0.4935195370426315,-3.2493793317743576,3.286643816297279,-0.11419822668275642,-1.5019451436371256,1.5062803356190482,-0.016269047745503307,1.1451932747900342,1.1453088310752118,-2.750057267508804,1.8029736844803397,3.2883930850046807,0.2660289232012413,0.9237438446110583,0.9612877188627923,-0.5798098995460164,2.568974342513689,2.633592354960274,-2.236188280420989,0.7750398717056624,2.366690691287247,-1.2864918324310106,-2.81102644180718,3.0914286165866476,1.4199938141073742,1.0808474621698037,1.7845485895828428,-2.1574615423557666,-0.08190685692730598,2.1590157572273143,2.106613885329294,0.7105954185445995,2.2232336608460117,10.767920363521695,10.802027575205141,2.2688804494726322,1.3117323185388678,10.813529081506601,0.9240740784364307,6.935808692105203,5.601224828225708,9.556930891450834,3.1846136685821134,4.661349039955834,4.942767910718759
prime,102121,-2.951519605787027,-3.332402607371206,4.451558729362067,-1.6032207902330755,-0.9201654401445429,1.8485186878882147,0.31760595200904496,-0.2436295631686518,0.40028602873610253,-2.5574764472885056,1.898643249161179,3.185205168591304,1.083411279138697,1.855552924879597,2.148687193798617,2.6263094890004273,-1.5371929092861691,3.0431009796543655,-1.6294752941712434,0.005883648046697276,1.629485916364053,1.6877997798823343,0.5365712994905648,1.7710383554310307,-1.5823516645948732,-2.2885882382954694,2.782350250222018,1.0832014332419981,-0.16585910671103987,1.095825984477692,-3.569696365872723,2.4195367334838718,4.312411175804406,2.2017867989190614,-0.4224131034839098,2.241940663329241,19.81637512095962,3.417021339471967,0.1602289048013199,10.145531966020757,4.616856656794175,9.260463572373359,2.655224351628797,3.13657685640785,7.741472914910525,1.200834588256503,18.596890149202736,5.026297937889157
prime,102139,-0.4204585865068764,0.8386050611169217,0.9381065352604022,0.44476560388004727,-0.5593556211903805,0.7146293818141398,-2.4411461937826884,1.72404363864315,2.9885650749758854,-1.7221495227600074,-1.7977145390428733,2.4894932300829122,-0.7103360591912282,3.04250406733722,3.124325257835818,-0.6184254751708324,0.13569674588086378,0.6331379590444135,-1.026536355828173,-2.5778549893645852,2.7747275967252842,0.01977420375487149,1.9536956711776055,1.953795740273853,0.49824201414864233,0.6866871543739576,0.8484010564851386,0.9014851085612409,0.7750691076755454,1.1888681687347165,-1.7417340801009338,-2.1457396777565885,2.7636635776599134,3.953982122430437,-4.213003292554715,5.777834487727765,0.8800438714982762,0.5106951533520596,8.93152120736562,6.197576542628652,9.761408316750849,0.4008636751829254,7.699113236028872,3.8173177947122534,0.7197843526450994,1.4134075226306382,7.637836370483992,33.383371367576366
prime,102149,-3.08516726260176,2.721912338258077,4.114251306786107,-0.6673866411280345,-4.053394915253861,4.107969725760162,2.6284517770561173,3.0693485306761774,4.040997296098262,-4.554344333277051,1.6346150735934013,4.838803441437928,-2.2403830956845976,-2.71941135843588,3.523423697459529,3.7140993173582695,3.5597882790175084,5.144572511942232,-2.565174979170076,-1.6041814205896059,3.0254785908885697,2.4989610385903793,-4.188170709000409,4.877046253637717,1.0207926543466508,1.7211169379331621,2.001065005742818,-0.19821538021409735,-0.511214481246739,0.5482969841151706,-1.212474497374311,-1.231893454401637,1.72848369670665,1.5467844911530308,4.594841100630426,4.848206575849895,16.92706381539119,16.87541526776202,16.329659147073468,23.41401874487154,12.414514551819378,26.466626330631605,9.153520703925086,23.78558016012169,4.004261157208504,0.3006295827897916,2.987655889780686,23.505107002114165
prime,102161,-0.7593837796759048,1.4551780106460521,1.6414039013913257,-2.1152475807349047,0.9114060553747201,2.3032440872774584,0.05360969261322668,-0.6007738087588022,0.6031609805289484,1.2861358167456534,2.244402042530359,2.5867906501358893,-0.5256821878305482,0.25714888000682823,0.5852070651411156,2.0310480441280774,0.18685962436538006,2.0396256217194515,0.3049245345603322,2.0818531209534985,2.104065443136372,-1.0668264704311576,-1.2851546416991484,1.6702518286454497,-3.7372102488595647,2.551159847890963,4.5249482885080585,1.320087104510535,3.0537171549143847,3.3268330925541503,-2.6374659419877067,-2.339641470447805,3.525641616129505,0.7594812834058638,-2.319296971877486,2.4404815638729773,2.694206767502665,5.304933325578572,0.3638031684326425,6.6914858676304565,0.342467309091078,4.160072676774459,4.427091389000657,2.789741171093469,20.475157013672007,11.067818425713412,12.430148805384269,5.955950263603893
prime,102181,-2.9951091847828235,-2.3638372019086877,3.8155478434817094,3.2985450732358457,1.6183940401222698,3.6741800267912503,-3.1912852318782314,-2.9979761610278044,4.378602801499024,-1.95015430296013,-0.5652217114595701,2.030413107832787,-2.4267932437111024,-0.05087886951287368,2.427326534911354,0.6383495795510743,-0.041751082699007735,0.6397134816615738,0.8012665968600274,1.7159473370302893,1.8938065959080908,1.3134911461032095,0.7418190636177208,1.508494121313767,0.7497607157371433,2.3811098969643845,2.496362448100118,0.3287168016553876,-1.5044590503374111,1.5399518725702734,-2.4732843539788067,-0.24876088610991476,2.4857629561353094,1.3827790796396897,0.06789097029198932,1.3844447142939205,14.558405345897922,13.499598869271752,19.172162493295104,4.122577388459196,5.891914107084761,0.40923333861957273,3.5865034227049906,2.2755545140381943,6.231825472284414,2.371451769832692,6.179017474094552,1.916687166936375
prime,102191,-1.9132572766633271,-2.503637182992758,3.1509923120771153,-0.07453370280305671,-0.5200765909435411,0.525390267611601,-1.447765591553675,1.554970330536023,2.1246077136577637,-0.7698915707065419,2.9546489221886674,3.0533069423226413,0.27915848530974485,1.9132973655740466,1.933555344186718,1.0227661113617914,-3.1690006061898495,3.329957261074345,-3.706530159172176,2.275220792145533,4.349137325247877,0.004935831876202709,-1.209180247942019,1.209190321847406,1.652906869978089,-0.7926718926275473,1.8331475254824696,0.02630728618198308,-2.1606481795480783,2.1608083277076395,-2.080318913683045,-2.716076410187549,3.4212275353452726,0.3426548778135009,1.5429421715863603,1.5805324767776898,9.928752550769085,0.2760349333009897,4.51395793693407,9.322683284035637,3.7386362690330173,11.088615360581754,18.91499547386426,1.4621412344494333,3.3604298501825016,4.669092629090685,11.704797848604688,2.4980829101490185
prime,102197,0.5898424559380262,5.198962896302017,5.23231586584297,-2.872707108792298,0.36628847587176994,2.895965017133713,-2.548490668939806,-0.7862592534878786,2.667022366491998,-1.5145571814032621,1.4142689480441772,2.072206580711049,-2.7455498638669042,-1.7994230569492826,3.282676863911566,4.532139151279947,-1.5736298499321437,4.797561483833425,0.9797674404687867,1.5335619504628897,1.8198232038608313,-0.46146600834099916,-1.445898546462546,1.5177527741752537,-0.05583793038593332,-2.391852081680737,2.3925037628205015,2.225769899162575,2.0884682819858513,3.0521715890295407,-2.0993336857890332,3.326700160964023,3.933717819728129,-0.24844905263860384,1.9129156597500019,1.928982439804418,27.377129319952065,8.386613380462267,7.113008303368576,4.294040113142177,10.775967392860275,23.016596191161973,3.3117564933103005,2.303573483516679,5.724074255110258,9.31575140887911,15.474135885246625,3.720973253073805
prime,102199,0.08564414288240729,-0.3400836069769223,0.35070183766911733,1.6743585221083508,-0.8423537993056565,1.8743095752200423,-1.0192890258880474,2.1225846427784525,2.354637059942516,-1.4626361709006699,-3.7566938018393112,4.031383495675507,-1.213327229461346,-1.223021421758156,1.7227722901857014,-2.065492924777904,-1.7775037492959331,2.7250285505052383,-2.4311424047790964,-1.1908403420546878,2.7071302356148315,-1.0666340223967468,3.839223980518801,3.984639119208274,-0.5436469916988416,-1.1051909036228265,1.2316651269861625,0.7169899681149128,-0.585433817625208,0.9256388978411878,-2.224776440261176,0.7894279136132238,2.3606835111748707,5.3726918159922885,1.4419408170525807,5.562823983330119,0.12299177894449592,3.5130363837615355,5.5443156840547365,16.25205288920487,2.9679443638316867,7.42578060106868,7.328554112580013,15.877348910324889,1.5169989850338397,0.8568073691966489,5.5728266399329165,30.945010669512776
prime,102203,-2.614716078564809,-3.491154492432567,4.361754218377902,0.3329260494512213,-1.2272568446728327,1.2716128016025612,-1.571081529503217,-1.2051162497436074,1.9800510972553873,-0.6187925585961359,1.5329737154628273,1.653152335047759,-1.0727593900229846,0.12232801637853508,1.079711467232609,1.4177954849969865,-1.2192983028473305,1.8699819219993066,-1.367013510860573,2.84545879249893,3.1567961097740884,0.3154259612353729,-3.5743651484184644,3.5882558090595786,-2.6354950314011902,3.4833957587342623,4.368052205790152,3.5957992604878757,1.8346492313098586,4.036794535726461,-0.5807513820319167,-1.413619496631854,1.528264456496217,2.0361272478187695,-0.9214015409385701,2.2349037941159815,19.02489986153742,1.6169991171995146,3.920602347742263,2.7329126428738584,1.1657768524735932,3.4968323886042207,9.965361678684818,12.875579751249811,19.07988007250821,16.295710123671014,2.3355922489896774,4.994794968954009
prime,102217,-0.39265944670523334,0.09628377737013805,0.40429198220039225,-2.007018978089026,1.1121307013191863,2.2945500376383654,2.2109353605048208,0.8769290767674299,2.3784952751709976,2.4748205857244914,-1.80940886713633,3.0657295020920046,-2.910311402155851,-1.039577693370457,3.0904100436789608,0.25198626169680344,1.5615247859034127,1.5817258716587488,-2.2096098327022595,-0.9795415592748209,2.416997575323785,-0.2064351204424265,-2.776524320631323,2.7841879897035167,-2.9133042407381606,-1.6421050266656612,3.3442264453388293,-0.47575432897438386,-1.9131509342850275,1.9714179361296122,1.53803502354548,0.016616991664622605,1.538124786246073,0.6816858966519556,0.9737341301407959,1.1886352753873801,0.16345200687152228,5.264959875226224,5.657239774010759,9.39869737999729,9.550634238071796,2.5018567330746286,5.841877279121055,7.75170276200931,11.183850517703581,3.88648867889354,2.3658278580645278,1.412853817895233
prime,102229,-4.705669273767912,-3.1896125065081975,5.6848000189766505,-1.4710199962325685,1.911123167101207,2.4116989010129384,2.094620453094399,-0.14499177055627804,2.0996326955090097,-0.4442509897316033,0.3210339282284226,0.548107402751761,0.24868682221874194,0.6498863368083431,0.6958429322163323,0.14465693527227275,-1.6695002962582772,1.675755611098719,-0.6754347353402106,-0.5431788738784278,0.8667498893752091,0.40804511714809805,2.701717655181353,2.732357792447218,-1.2469029673210192,-1.2416424698221626,1.7596712854337435,2.4341557672659597,-1.139769036164755,2.6877849160812826,-1.26036327553435,2.4038757622029636,2.7142465375169134,0.5324118444337151,-2.966626928341566,3.014023507548444,32.316951255756926,5.816291589147014,4.40845745605043,0.3004217249512811,0.48419738631542325,2.8081568681288416,0.7512553707319373,7.465779105947035,3.0964430327800434,7.224187755114067,7.3671342664225525,9.084337704054626
prime,102233,-2.3483610557526,-0.12684247575670682,2.3517841443958156,1.9627864875689687,-2.952814945851913,3.545651830091297,-4.123773061938609,-1.1749111942669477,4.287880663076377,2.4554898982839237,-0.003169064604831684,2.4554919432864906,-1.3159658164234636,0.3475795267376043,1.3610942500070338,2.5201625477880087,-0.8650352494681719,2.6644896791122705,-3.0156638075366566,0.6144915449169716,3.0776335160088393,-1.5007228394118395,-3.390156855237579,3.707469830470193,1.3931791821725141,1.169008892217466,1.8186616023115412,-1.5817040331587955,0.4684844515405584,1.6496258151005208,-1.3393562878170677,1.4800304286273844,1.9960875069440407,-2.4130424248013806,-0.7189411890477673,2.517866195253581,5.5308886618315585,12.571646900229764,18.385920580784312,6.029440683544866,1.8525775574022096,7.0995052500958105,9.47182805886093,13.745332543846683,3.307530023722382,2.7212653298460574,3.984365335378076,6.3396501772007445
prime,102241,-2.1639699070734593,1.6882265353317694,2.7446082768434965,-1.296506961261995,1.0517315236939315,1.6694518557096432,-2.1410457367489197,-0.875168958963727,2.3130061724051623,-1.9428841477014633,-1.9005419749834722,2.7178775929139483,1.7082614444978954,0.9814019828026611,1.9701033004913804,2.966743206724539,0.42496423611925077,2.997025167833366,-0.1785472467334437,0.5257468763117552,0.5552376943865224,-0.07102258208567738,-1.0260701667892098,1.02852525216494,-1.0468103653997602,0.6419110685986131,1.227950227451338,-1.7508420720025697,0.37008611816889325,1.7895283445521537,-2.358874258844687,-2.0494368916483587,3.124816689325849,5.610930458870849,2.426470767960991,6.113125305607095,7.532874593317827,2.787069498532371,5.349997553584379,7.386858610063717,3.8813070146070303,8.982159856626616,0.30828889726766123,1.0578641943409532,1.507861761097793,3.202411695955572,9.76447934188936,37.37030100205384
prime,102251,-1.4323651585774666,1.1979267836564684,1.8672703410347902,-1.8191471573339335,0.6185963376670242,1.92144680098388,1.151734653011296,1.5467995176296783,1.92849201675466,0.8749093349660273,2.709638471521205,2.8473859925831038,-1.1345075193504601,-2.4765755173837105,2.72406563885071,-0.16879648357033572,-0.08592193819164912,0.18940652662545762,-1.2984298545434505,3.0524336058633335,3.317117876315757,2.836670565083268,-1.0215305153549972,3.0149999151925813,-2.222878146033551,2.692985210235356,3.49189870910654,-2.6429342870093033,0.37528228967426536,2.6694453435859167,-2.6388393704707616,-3.52885773186874,4.406394230537744,2.1622578334568883,0.9698622662304565,2.3698083791318134,3.4866985265081816,3.6919578090111864,3.7190814586864556,8.107606990758468,7.420533604767127,0.035874832328320186,11.003271005373557,9.090224488611272,12.193356594659921,7.125938442392533,19.416310114916318,5.615991753803352
prime,102253,-0.22517340804845742,-1.9821724751150238,1.9949212477678855,-1.603541193413731,1.8455014238724827,2.444835345067249,0.8390669848499327,-0.6386507557808894,1.0544705747078287,-0.09952120067292775,-0.9574666537682412,0.962624985371528,-2.0003920454560236,2.9188398368605943,3.53852996719939,3.2569240645656095,0.0820017881129822,3.257956208361355,-2.025635819438242,0.9395176262913926,2.232911517078868,-1.5411755126481679,4.9106322555770845,5.146798141592541,-1.2938412162787958,0.9494154600480509,1.6048098980003973,2.474959393225089,-2.278863039595554,3.3643187648241346,0.1727304895529499,-1.0285637836370183,1.0429665761810878,-1.0537078575532675,-0.4336903433001046,1.139468105275992,3.979710784795777,5.977219864490094,1.1119081929246586,0.9266468624615344,12.521194328768116,10.614278655600296,4.985893843103451,26.489531110300433,2.5754148087200455,11.318640751347791,1.0877792790309009,1.2983875629412593
prime,102259,-6.415160157992764,0.0509152850509168,6.415362204813502,1.1279304949554292,-1.9601169100898888,2.2614786098194104,2.335207502556944,4.459879519681462,5.034254603223043,-2.2460792812875976,-4.61750002697581,5.13480073975135,0.504167414264434,1.797676029825454,1.867036124400139,0.6803810566290301,1.458315944813912,1.609224588775019,-1.1353375703321642,-2.612223359034741,2.8482805824030897,1.524154633576739,1.7282201140630582,2.304298615567343,-1.5836980569384802,-0.3418264117909542,1.620168149097061,0.8370501117457306,-0.8695003201909898,1.2069315210009943,-0.07322343343905963,2.0169350007448674,2.018263726185035,0.48545156409414475,-2.481801974555171,2.5288345659586744,41.15687221894956,5.114285502670733,25.343719410072396,26.366178636951012,3.4858238898150913,2.589603777118129,8.112702276094483,5.309792109705574,2.6249448313485964,1.4566836963857737,4.073388468434302,6.395004261987397
prime,102293,-0.604107038055856,-2.1267104019092757,2.210846545334554,-3.5767391334982985,1.4578921022156872,3.862448991352641,-1.6080435322262496,2.6704597623266273,3.117235849874093,-0.6837213409482229,-0.12031875516219215,0.6942272501939228,-1.0608437320958284,-2.076893873872498,2.3321401302786495,4.9788165584634125,-2.048115020469658,5.3836223362995,-0.3193476053378297,-0.32427712217737203,0.4551247576243732,-0.20681592220791112,1.0971171370518427,1.116440252808694,-1.6166610509115567,2.711638228234417,3.156988253756537,-0.6538330562884123,2.6199021313016697,2.7002564402468288,-0.49508765606792793,-2.71504343855678,2.7598138814856807,2.0144780268725833,-4.311259787269621,4.758684973191706,4.887842447017732,14.918512210801033,9.717159343740258,0.48195147491181556,5.438877587256116,28.983389459902888,0.20713854500264445,1.2464388380915408,9.966574834356747,7.291384843094476,7.616572660441059,22.645082674080545
prime,102299,-1.6646759511425282,2.213548095884414,2.7696464025405474,2.802151536403083,0.033130050000114486,2.802347379105447,-0.12242399929114922,-1.2128769187199335,1.2190398088520322,-0.04781862262401998,2.6241180217665194,2.6245536787860693,-1.81579233191561,-1.9323757349141728,2.651636810260526,-2.0446216726199333,1.3320705019840628,2.440264249298261,-0.08870290832124894,-1.5454162910764535,1.5479598569307764,-0.3503909389579717,2.1399605455011694,2.1684568122066694,-0.21939917965339584,2.3164751765917093,2.326841903481664,-0.7102317446701619,1.7233793930702441,1.863991862534916,-1.4386816083121015,2.003451206162931,2.466499849092069,1.5645149246288637,-0.3224653915171831,1.5974012890043594,7.6709411951057955,7.853150833179169,1.4860580555659992,6.88828201282949,7.031177773528618,5.9548896064032055,2.39617971866915,4.7022049464055105,5.414193243798174,3.4744656635963858,6.083621505571198,2.551690878112789
prime,102301,-0.7412883786827069,-3.604904049210824,3.6803317329266165,0.8025108545077595,0.2540433283384754,0.8417610612733668,-1.6399387700504073,0.5039855606358523,1.715634172789723,-1.1407079315995863,-0.884106832212852,1.4432115146365936,-2.000218176176525,2.0190877114704358,2.842109768977593,1.3946043383914497,-1.9414935190582694,2.3904640439056,0.3805475648807169,-1.972160807744873,2.0085404404048113,-1.1595642255372502,-4.460421413549971,4.6086818483814795,-2.5716102371060057,1.1566382890829532,2.819750227123166,0.2204127034245586,1.7221895874023068,1.736236946614099,-0.2413991532690023,2.5861925672874326,2.5974344161675678,1.5147969685912093,3.0607153860566356,3.415053225133825,13.544841664386633,0.7085616842760648,2.943400614843877,2.0828594759796504,8.077587938917867,5.714318345205515,4.034234700741553,21.239948379600932,7.950991343361147,3.0145187347878495,6.746665546291753,11.662588530496938
prime,102317,-0.17087689879926848,0.536805823785016,0.5633466135451292,-1.4711308768892684,-0.39876628461032526,1.5242180312143372,-3.55399658881501,-0.7404112227084751,3.6303030909307537,1.1198047084369773,1.5698780844376086,1.9283360145563635,-2.083677371914338,0.74592092844214,2.2131672828134406,1.9300049655581637,4.235456342821777,4.65446125765683,-1.4765079810950001,-0.8757974848968225,1.7167111151235765,0.9727619690367462,-4.911369238623574,5.006776772186089,-0.5712902662331921,-4.193759470289076,4.232492299217106,-0.36847219127811615,3.0639164211649943,3.085993452946685,-0.7368173933015791,0.11122361783523682,0.745164789986814,2.096107074015671,1.262209559622184,2.4468015526683327,0.3173594069927651,2.32324060667891,13.179100532021383,3.71847978503512,4.898109421715827,21.664009599028397,2.9470970527888336,25.06781364650215,17.913991062932105,9.523355591629803,0.5552705642360927,5.986837838140164
prime,102329,-1.9859628123089288,-1.0137414174038701,2.2297353998252794,-1.4570080098591145,-2.595807292868054,2.976757941536495,-2.2101839469208198,2.813800413839916,3.578042180879395,1.599702304096527,-1.4474966732187267,2.1573813016504566,-0.7262271235755777,-2.220505958725691,2.336247535633405,0.49478202830866785,0.3385310208883615,0.5995102231329801,-2.428736873650147,3.66248977288675,4.394609668437907,0.7660419377563811,1.0539206942220039,1.3029079323232866,0.5216123179422756,0.21585615708377381,0.5645115506170697,3.3165192171777673,-2.3712016825673983,4.076996092384673,-1.439493786747803,-1.3938471009059925,2.003734539002003,0.48307454717366294,-0.6461131619209975,0.8067361626545501,4.971719953233999,8.861087842500591,12.802385848152177,4.6542940807110185,5.458052547753158,0.35941250764095556,19.312594137927928,1.697569080110942,0.31867329078008844,16.62189713731989,4.01495210278957,0.6508232361345887
prime,102337,-1.1049223254680787,-0.1290909396982226,1.1124377807454926,-2.488659935924919,-1.436775155938343,2.873630304231822,-1.9899508305977764,-1.43000491163532,2.450473088099096,3.159865853681673,-0.9994416192429069,3.3141568706894806,-1.7874885924956665,2.3977751484967667,2.9907258535430543,0.32790944053269,-2.423433994258476,2.445517721407484,-2.162192921354149,0.3165859740689293,2.1852471045927877,-0.6523659745421739,2.266588542601967,2.3586023374436964,-0.41356450209405476,1.234905539544079,1.3023161248287436,1.1930310019031434,-2.204252722813981,2.506402409337907,2.2198034829015643,3.245652795936069,3.9321482136956045,1.6900911345452219,1.3352543302284494,2.1539062582810287,1.2375178160299567,8.257751125399473,6.00481835549792,10.98363576353829,8.94444113105083,5.980556925718053,4.7753049081311625,5.563004986194868,1.6960272889889556,6.282053037534866,15.461789574469533,4.6393121694621815
prime,102359,-3.549931821347944,-2.0967000107184726,4.122883320100821,1.3582718993978462,-2.758571519436152,3.0748364802925887,-3.7630382528066537,-0.7146774969413698,3.8303029667012685,-0.953345594105897,4.0368833026759425,4.14792654482031,0.29020467941857775,0.42115028654411624,0.5114551004854978,4.463094984017866,1.1007204509729787,4.596825246575684,-1.5740101182454351,-2.8683137076667595,3.2718085790473808,1.2138032374147247,-0.11240277737816795,1.2189965888060528,-3.925016573075546,-2.458692506655699,4.63151421688443,1.7956559188742511,5.136160282899084,5.44100382563899,-0.9797338788416154,-2.4428926554151547,2.63203400419359,2.022471404452405,1.0171085109719695,2.2638242654674636,16.99816687116557,9.454619380538116,14.671220816720538,17.205294621224954,0.26158631981263064,21.1308023475556,10.704731377928042,1.4859526835207928,21.450923941202593,29.604522630618128,6.927602999231342,5.124900304919302
prime,102367,-2.454580629682327,0.9781766891015681,2.6423087826204936,0.41008982657698784,0.4368105303870178,0.5991469813984978,-0.8423554103077784,0.29061619166799296,0.8910782278421987,-1.5157103879189986,-3.6322187730644013,3.9357834284227358,-2.894587706337582,3.034193860439782,4.193443736645471,1.7372728777790645,-2.041318213132115,2.6805031429065034,-0.8795895258431541,1.1573958215615565,1.4536997013624013,-1.1529120130691966,1.6506988803005096,2.0134579467435176,4.455139623643757,-2.229850884292003,4.982018068246889,1.6043117695232159,0.7261902966538452,1.761013515219265,-0.4286644819709212,2.5178210494511712,2.5540509147553805,0.027643503355850974,-0.6417044996151896,0.6422996404359618,6.981795702713395,0.35897710531893184,0.7940204081343933,15.490391195447025,17.58497037241113,7.185097099131642,2.1132428217411348,4.0540129033046215,24.820504032338466,3.1011686007849124,6.523176075162795,0.41254882810416577
prime,102397,-3.4276792877561792,1.6650149286043034,3.8106771067866534,2.4570284176007626,3.064664091920082,3.927996262880357,-3.414420433235544,0.6047939299368552,3.4675701279981155,-0.205937296586163,-1.2074111125874418,1.2248476496792822,-1.0324654121576555,-0.8342858504901394,1.3274101504922782,1.7500173702953425,1.397457606445431,2.2395197159542084,-1.8220225307567746,-1.5208830064752143,2.3733628508869873,-0.21145703047252395,0.5517458985139427,0.5908786781253965,-0.38158587098087404,-0.5527513367486928,0.6716709143693056,1.6459678504508939,-3.105734897910957,3.514939461899724,-0.411764595877591,2.725017537110573,2.7559518609689846,1.8845814138429322,-1.3008941013576485,2.289972176326461,14.521260012187899,15.42915464120205,12.024042592584866,1.5002517649248615,1.7620177076299326,5.015448558147618,5.632851221970408,0.34913761226321594,0.45114181720969904,12.354799420819921,7.595270659978409,5.243972568349348
prime,102407,-3.2155040866442666,0.46279565004390266,3.2486376136660025,-3.6395767563073003,0.4670518242935989,3.669421803449196,1.4932947044230211,-1.5211591699218445,2.131631838403422,1.905108466646421,2.3321928309175286,3.0114052650334187,-0.8773982494543423,-1.7586751771444866,1.9653920898512174,0.35101851209016505,-2.1923133926638503,2.2202369259795844,-1.048510497598774,4.640363957346311,4.757347151534513,0.47604656904988174,-0.2928953265620893,0.5589347083748483,-0.8679976612100839,-3.611051906028256,3.7139084275055136,2.138668813813614,0.23675229116881302,2.1517332414945427,-1.3089479335946703,2.7211103827829675,3.019567255113061,0.658430149444473,-0.0342664139319766,0.659321203072697,10.55364634492554,13.46465637162835,4.543854294495152,9.068561670270995,3.8627660668497357,4.929452007483275,22.632351920213544,0.31240800822607667,13.793115807896477,4.629955942552612,9.117786408151025,0.4347044488212286
prime,102409,-5.399355205324014,-0.49103649202553223,5.42163752659289,2.9780011325238878,1.1667892860274764,3.198419607134446,0.2585379527528644,2.6317764786453983,2.644444990270135,-1.5765966182211195,-1.5770894546170005,2.229992835067059,-0.1853654165452946,1.0427811520028278,1.0591283532336178,-2.2442563029424143,2.178884279950592,3.1279742739850924,1.7016116223248505,-4.529781900095717,4.838843475011956,-3.003578598767624,2.051240379644755,3.6371790571897944,0.9515415306916566,-1.8890581430339086,2.1151765771192106,2.870489665662434,-1.1006286933759188,3.0742632355342008,-2.9773860604642164,0.09793770735379448,2.9789963993882815,4.459615694029454,0.06791428778205699,4.460132788260766,29.39415346976027,10.229887983302065,6.993089306564813,4.9728680444504185,1.121752868623355,9.784223058712566,23.41440617566578,13.229071494060042,4.47397195239374,9.451094441357213,8.874419547568346,19.892784488918753
prime,102433,-3.0724938578868772,-1.5640077892541815,3.4476570118850773,-1.2258076329336882,0.412706558569401,1.2934183609508139,-1.9518366258493451,2.761839723854073,3.381926207690715,2.426497579978335,-1.4147666016046294,2.808817374386706,-2.934929167093252,1.3487199227695925,3.229992979238547,3.6056432218676413,-4.498189526768421,5.764926023994512,-1.0408353351138904,0.3277552907766288,1.0912202918997231,-0.9012540817811119,2.377603029242965,2.542686587960152,1.4226395284752384,2.9833122469899056,3.3051558497323854,0.9678096720199576,-3.8263826963257683,3.9468797929499493,-3.025229048257577,1.549209167864174,3.398832128866598,-0.676224247598227,-0.5002897546025843,0.8411712498653898,11.88633887160034,1.6729310564446898,11.4374248742653,7.889455042656629,10.432854645930304,33.234372062129175,1.190761725453717,6.46525508459244,10.924055191020207,15.577860099996634,11.55205984021585,0.7075690716001021
prime,102437,-1.764669514845441,3.2219434584802964,3.673551162876164,0.9863654904194197,-1.4997915033211575,1.7950742140994282,1.8693738397933637,-0.8955878157460964,2.0728328655771184,0.02277986961548789,-0.22325691056129893,0.22441606576418377,0.8308262746696156,0.3163707913285858,0.8890234959140658,-0.02680905711842732,-0.004541232012445162,0.027190960478989248,-2.886938847693408,1.7880674475111284,3.395821124142187,-0.5229510037204219,-0.2664971876594374,0.5869399486511258,-3.158307809848165,0.040139682588373526,3.15856287191916,-0.4658948873864541,1.6831756660475066,1.746464534099477,-0.9404706000410382,-0.6237223281879738,1.1285009934518344,-1.2201754662754563,4.324167221995863,4.493022405050295,13.494978146268815,3.22229143412468,4.296636088616649,0.05036257057307445,0.790362776287267,0.0007393483317699552,11.531601107170307,0.34449850332258614,9.97651941586621,3.050138368867304,1.2735144922217772,20.18725033228394
prime,102451,-4.326318852150186,-1.4123611185322396,4.551021724801118,0.9845955529070114,3.4796900891398,3.6163063364795316,1.1155693763611512,-0.2181662596099076,1.1367020499264464,0.40033921303536363,-0.6507642499447472,0.7640455447811496,-2.369985748351741,3.321547404360239,4.0803810614699465,-0.37016491522608364,-0.4413625749408878,0.5760407859021655,-1.218677731253707,-1.887930032395536,2.2470992901682587,0.6473618218809019,0.9304514896334527,1.1334978178144286,-2.2972427380080784,-1.5274036989073392,2.7586747283372635,1.2018016831848946,0.4765450518499261,1.292835052181327,-0.15030672610522408,-4.127287284758829,4.130023298099464,2.6588347330154027,2.5310000176347973,3.6708804429940822,20.711798739611744,13.077671519262012,1.2920915503069854,0.5837655944999237,16.649509606802606,0.3318229870227844,5.049455219874692,1.2848173029900716,7.610286256766674,1.6714224721486945,17.05709244284437,13.475363226756429
prime,102461,-3.082551315688497,0.702519775401016,3.1615908414408054,0.20886032684227446,0.6252785965245389,0.6592389243668481,-2.86331528455014,1.2677756709972035,3.131426124102381,-0.7845289143356997,-1.6126592377270272,1.7933642782365964,-0.3304168352251085,0.15502630358775682,0.36497731409535555,3.9275001838685073,-1.8354881401870013,4.33523637268538,0.8882571249909581,2.173755417583948,2.348236218009757,-2.0933455894320443,-2.352499324778117,3.149023472423807,-1.6442390586766806,2.8031051700666514,3.249757018075716,1.3329108626287964,0.7416735518025259,1.525362588094128,-1.577082880850732,-2.199259208991127,2.7062763128336917,2.688075691998338,1.210391959533963,2.9480162180043736,9.99565664868238,0.43459595940035883,9.805829570710861,3.2161554344550685,0.13320843980425984,18.794274407054296,5.514213335572767,9.91634882987609,10.560920676532369,2.3267310251572164,7.323931481404721,8.69079962161681
prime,102481,-0.8134743494613603,-0.6178984026692826,1.0215375437314258,1.0348870276754596,1.062325708423526,1.4830802644592416,0.8699466978520093,-4.828019420911868,4.905769948316553,0.13082261306199627,1.0918958898750177,1.0997050470077536,-2.8747855859034246,2.245501993002274,3.647831049472451,-3.53291592315915,-0.013626703709542276,3.5329422026358506,-0.7934027336907308,0.41883739682431675,0.8971692498110347,-0.006653145711622344,2.5943397480815245,2.5943482790141283,-2.1134612332713276,3.5442853786858954,4.126581785219745,0.5755897232922874,-3.320285460157252,3.369806977631115,-0.3366065166383916,-0.289867740253557,0.44421532378243705,4.0019587912878425,0.3961954758504296,4.021522724323511,1.0435389532528347,2.199527070828494,24.066578785805792,1.2093511904143257,13.306671365495284,12.481680607165455,0.8049126628064949,6.73064299282357,17.028677230107377,11.355599066491349,0.19732725388313538,16.172645022250396
prime,102497,-4.998203954279729,-0.17447009330786023,5.001248102427671,-0.5105681258138975,2.2613686541769087,2.318289887220966,0.8494695364869986,-2.400281984945524,2.546164193580897,0.9862994549050506,0.8640354713511773,1.3112375492255592,-2.650720296720445,-1.3272335388389709,2.9644336656543255,4.17929351645665,1.1805620591564985,4.34283560271586,-2.7646644076471856,0.8423905088261164,2.8901541578731553,-0.30571984449426454,0.6740746493452224,0.740162993000516,0.07900165851160146,-4.803720008860223,4.804369592940539,0.8682403426131985,4.472919547291607,4.556407638599123,1.3005797936191394,-0.6823503064652855,1.4687102302032462,-1.8795315280422873,-1.5368600864934423,2.427875138956204,25.01248258203638,5.3744680011909995,6.482952100673461,1.7193439104990509,8.787866958064741,18.86022107221643,8.352991056271488,0.5478412562074819,23.08196718557164,20.760850569084436,2.1571097403036723,5.894577690361607
prime,102499,-4.828697501132999,1.5049748271956167,5.0577928771293665,1.55938595622433,-2.6783132575784747,3.0992009399505362,-2.476688976904917,0.8207017147254314,2.6091262125231864,1.8224906160474021,-2.70310635301155,3.2601006121394844,-2.5673731795397434,5.051333112597971,5.666336669970177,2.3763987726695297,-1.5772970368995893,2.8522161680625593,-0.5168840123006563,1.0378623511401526,1.1594513107872146,0.7662533541181705,-2.110216355024494,2.245029458094082,0.6366182307794297,0.4373007251362212,0.7723436385219963,-0.10839177675604417,-2.3352388220804623,2.337753009498668,-3.066384158900867,4.329912181211822,5.305737583688501,-0.3334706160876598,-3.217865368315693,3.235098171678778,25.581268787940555,9.605046466190288,6.807539592875588,10.628256001272241,32.10737125744872,8.13513706935747,1.34432734208619,5.040157267710208,0.5965146959653961,5.465089133420078,28.15085130696469,10.465860180399373
prime,102503,2.1441582021753494,2.931371141512977,3.631852304988588,-1.300635633768941,0.976207298916698,1.6262329913907694,-3.538741399506556,1.4362697433884852,3.8191047993417055,-2.2562438450848,2.4430474973427336,3.3255251258644307,-3.3073043867763716,-1.1009436191774447,3.4857336615693635,2.182314509543534,-2.556762933525027,3.361477847139817,0.650592990749596,-0.2630829588811655,0.7017719593045684,1.7941872435944244,1.115646723752282,2.1127648892615003,-0.7145382843093913,1.2220045834549267,1.4155776777445515,-0.19136203352135955,-1.205666196877843,1.2207581276269726,-1.797340763846361,-3.5071094647709007,3.940843896841063,0.7333153312100295,-0.7269943546031783,1.0326045548091327,13.19035116525092,2.64463374228777,14.585561468354848,11.059117362755638,12.150339159397761,11.299533316811738,0.4924838828661728,4.46377547729616,2.003860161728657,1.4902504061673119,15.530250619269454,1.0662721666125672
prime,102523,-4.918405494272027,-1.180390930033127,5.0580663651033415,-1.0787789016146725,-0.08644368674596581,1.082236771481728,2.3994839186316526,-0.42698389126162317,2.4371783519407906,-1.3009167802704895,2.7975218574821215,3.0852087469536893,-0.5413140797421021,-2.538533978214143,2.5956069986565304,2.6042405377546944,1.2956508046129058,2.908741959332063,-1.0550479360228955,-1.134946324281545,1.5495900445944928,-2.488428664226921,-1.3106865280830922,2.8125035807701098,1.5337100677685098,4.592232893030967,4.8415771723489085,1.7335040325562578,-3.554926273189663,3.955064732555328,-1.676967664272476,0.7980778319280606,1.8571884053133858,1.2664124655451112,-0.060878802990835146,1.2678748997995206,25.58403535378973,1.171236429547194,5.939838319168828,9.518513012279554,6.737175691474762,8.46077978597893,2.4012293063063623,7.910176391844689,23.440869515810054,15.64253703870295,3.449148772830477,1.6075067615416445
prime,102533,-1.1999932843444974,-1.5322058822770708,1.9461856921055478,0.029948388706169837,-3.4784152279845437,3.4785441501094767,-1.2747390201583935,-1.8023056910064372,2.2075473660487046,0.7917869490835016,1.4700195099701518,1.6696957604401603,-1.8028726970188438,-0.6338823505165413,1.911061693392543,-0.057460042432594394,-4.592285213295261,4.5926446778219905,-4.263086252585775,3.0682052122164225,5.252407792742091,-1.0492374367466462,1.5388350468935026,1.8625016779102241,-0.6404188247447438,4.107934553298457,4.157554878203153,4.455176938816035,0.5610892070429669,4.490369990815714,0.7097348619173491,-1.175137529136725,1.372833488303081,0.09284814425409454,0.0790191265325687,0.12192128710524365,3.78763874815635,12.100269404260862,4.873265373348573,2.7878839324318454,3.6521567959523744,21.092385136726655,27.58778762125785,3.4689125002184005,17.285262565270834,20.163422654418316,1.8846717866064058,0.014864800249399252
prime,102539,-2.047309457219893,-0.9271481838337043,2.247460737901365,-0.06663070983046149,-1.659257585195427,1.6605948890446067,4.733325095413892,-0.2937283714865453,4.742430053790047,-0.054729434153255374,-2.6650676636062878,2.6656295621414863,-2.9061764005525443,-2.567818607152115,3.878086341272609,2.0702052910542146,-0.9338336741470445,2.271077999118444,-1.5220224932681914,-1.1255752406197632,1.8930060993854616,-2.089206949377747,-1.753885647610785,2.7278014118009715,-2.9435002525612317,-1.4355189857298294,3.2748906081301152,1.133604814454054,2.904080839856585,3.117490240526109,-4.013719826505669,-0.8967491237359805,4.112676237756378,-0.6202809434829799,-1.077081560751765,1.2429212112437351,5.051079768408148,2.75757538552107,22.490642815091068,7.105580962562612,15.039553670365171,5.157795278079835,3.58347209231056,7.440900542223373,10.724908495218836,9.718745399775536,16.914105836605952,1.5448531373595935
prime,102547,-1.7593371866689287,3.3124479244896756,3.750677084054572,-3.2491317892150264,1.5528441329119496,3.6011362491311965,1.401864405480714,-1.095722268998967,1.7792782531504283,1.576031073455976,-1.2747815506269,2.02705252677811,-2.521320273129884,3.3604473194508913,4.2011500933078345,0.025267867061244287,1.1598734989152906,1.1601486967590935,-1.9552287885292072,-4.152402649178594,4.5897023189308035,0.18710111197078083,1.1761612555874406,1.1909500935159825,-1.0329735761723287,-0.33211400005694025,1.0850502836754023,3.176106375278385,-4.2306474092875135,5.290182341734088,-0.3206176752955079,2.630798752330458,2.6502637168733587,1.0533296815434579,1.692401520791412,1.9934207597989761,14.067578588852106,12.968182284806703,3.1658311021340397,4.10894194631752,17.649662106500426,1.345944998591823,21.065367376398797,1.4183621252457275,1.177334118104071,27.98602920879516,7.023897768975391,3.9737263255975273
prime,102551,-2.763148625710819,0.6227644779441978,2.8324593417658614,0.5517893936295015,0.9657525074379448,1.1122721971463148,0.7389994954677461,-2.3247805150290723,2.439410727483263,-3.0459883304144046,2.0695220987073695,3.6825217753679187,-0.6394498159964386,0.14379399028796858,0.6554180183827841,-0.5917476824477504,1.6391305473011615,1.7426744592086296,-2.9453011846768415,0.41902449595629887,2.9749589235265477,2.415543519088095,-3.048144682306986,3.8892205513296436,2.3286737941088997,0.7484036076394555,2.445982338304447,0.8174846969196088,-1.6616303502738636,1.8518360215334908,-1.3702604563975656,-0.467439363748423,1.447796006745562,2.62467116011517,-1.221213011058019,2.8948678583171477,8.022825922756697,1.2371494405446906,5.950724697360423,13.560966626058887,0.42957277882081557,3.0369142707780896,8.850380596670234,15.126036496884858,5.982829599297291,3.4292966506489875,2.0961132771483952,8.380259917117709
prime,102559,-0.3757709817794548,-2.031458572282567,2.0659205603429722,-2.311139407752136,0.9128562183336281,2.4848886971885213,-1.3701681149282066,2.9044840178023743,3.2114464144424613,0.6313701783584689,-3.9190406034348793,3.969572716740635,-0.9341595189585341,-3.6368276613294883,3.754886076177566,-0.09321087786064125,0.21731581699658709,0.23646232695388394,-0.6721407186704468,0.931941865317343,1.1490382004206796,0.9700920213665546,3.2622922848121023,3.4034731498079456,-2.910217208995854,0.048067043339884874,2.9106141352283466,0.45230479964832787,0.4024931672878329,0.605458818994575,-0.6960196674498721,1.4647938850293163,1.6217473610572974,3.3398830324371382,-1.9834655886041022,3.8844503358310702,4.26802776164782,6.174671837415267,10.313388072835341,15.757507553491626,14.099169445072159,0.055914432068445506,1.320288786025994,11.583629481463618,8.471674644191056,0.3665803814983055,2.630064503096308,15.088954411538115
prime,102563,-3.9413238844314646,-0.5278348096401825,3.9765114797090444,-0.20578156753890525,-4.511761613038491,4.516452026361672,-2.1436387071275274,3.192110614785724,3.8450951982653265,0.4362973936442779,2.8936494361398677,2.9263565187743894,2.009146723568992,-1.606759641945323,2.572614837827901,1.3177528705763002,-1.064493778205033,1.6939951687502848,-1.521238429885697,-0.8903017412752544,1.7626127059223333,-2.620824543794205,0.9645846879869849,2.792694918828953,2.7370378493479084,-0.548271094456151,2.791411360186665,-0.6895508940455521,3.2889707214528645,3.360477472332346,-0.6691900614977627,-3.8150616308622514,3.8733074478647724,3.1204077107770476,1.443911591392727,3.438288086422534,15.812643548257814,20.398338906426453,14.78475708372307,8.563562474973363,6.618347103812278,2.869619631749306,3.10680355107885,7.799144909653052,7.7919773817791675,11.292808842053194,15.002510585684718,11.82182496523513
prime,102587,-2.287188137489133,-0.06642690914869476,2.2881525540335064,-0.9399751226079265,0.20832898172712414,0.9627846050645216,-3.2727972345818954,1.5393647351835944,3.616745156437451,1.7727485438240551,-1.316171538564412,2.2079277430562168,-2.7394333754549143,-1.7201573505957888,3.234723563052186,3.3976531996938952,1.8754285083937559,3.8808864136284886,0.982695886762663,1.5095897049478166,1.8012640792356605,0.2774190091018799,-2.768638533437529,2.782502584984636,-1.0826554588877506,-1.1141476036353946,1.5535339472782492,-1.2572220657153397,3.2464063538679997,3.4813447885775495,-0.42624977074728854,-0.6481348618776565,0.7757368537353919,-0.12508153633280483,1.086260643039256,1.0934384186351935,5.235642110530058,0.9269541957492468,13.08084552661376,4.874944918557319,10.46343652936503,15.061279355486192,3.244552283144692,7.74232063544618,2.4134677253459382,12.119761536956062,0.6017676662432848,1.1956075753474327
prime,102593,-0.17907260667301983,1.4670411960806233,1.47792992711371,0.42671966454212756,3.3765944332157076,3.403451136498106,-1.9272335101407327,0.1592266470120678,1.933799919259507,-1.1316184203268331,2.866048570445004,3.0813624677036695,1.5894176305860115,-1.0024845924579404,1.8791550661223286,1.4347876309762408,0.22930014133856416,1.4529948729504516,-3.166661222557577,3.3034479787004627,4.576080402094135,-3.3485933093457536,-0.8349958720161986,3.4511295625750185,-2.3264181812173788,-0.6030989001575722,2.4033205856210795,2.0494190250559168,-2.0867153687121816,2.9248075783341303,0.7229485062194994,-2.941848712377234,3.0293775580406934,2.5060217052573073,0.41090642296519964,2.5394859471268587,2.1842768694583365,11.58347963853025,3.7395821277280756,9.494794657372848,3.5312237625332132,2.111194100820299,20.94051184643002,11.910295257679238,5.775949837270049,8.55449937028076,9.177128389160595,6.448988875654798
prime,102607,-1.2049106518892239,-1.2502042366425794,1.7363237924866344,3.9344936568818336,3.042194429836086,4.973448228841745,-0.9080550802932548,-4.000344556466905,4.102111724380601,0.9168176196174196,0.0350285570983323,0.9174865380229524,-0.6635130823989073,-3.08880021690557,3.159262000922113,-1.4852498809634225,1.5313747519719887,2.133325066622321,-2.4291252188067034,-2.9591406558415443,3.828467415258623,-5.466490141320461,-0.8588802314619802,5.533551275370093,0.3042404434821232,-1.1061432163969078,1.147220581506057,-1.9747359885627647,-2.677872773075222,3.327248835494956,-1.1240915673833305,4.222074674367326,4.36915282495317,0.9929473108772732,-0.22203649289708538,1.017469688175744,3.014820312355169,24.73518728496909,16.827320599300783,0.8417815474533425,9.980936390470394,4.551075839879131,14.65716274969704,30.620189717149984,1.3161150626310956,11.07058481330254,19.08949640779627,1.0352445663564456
prime,102611,-2.2998774649449905,-0.7438850379379335,2.417188719034928,1.307162565816047,0.18671444610657129,1.3204303305573055,0.4755359177143127,-2.815867256713815,2.8557385763527763,-5.1037656087526875,1.7316666972537762,5.389535503126822,-0.1528766037136411,-1.8048972261330034,1.8113600561085659,0.7249144035691547,-1.267871310195713,1.4604788775327828,-1.407463226104929,2.4047241141738906,2.7863328584587843,3.1603211198700594,-2.8437609645735575,4.251423997242462,-1.7437510306409552,2.4716325595971176,3.024836386735982,0.06714095880430171,1.853439569537972,1.8546552634595637,-2.5962882750349148,0.060508087392509124,2.5969932683246744,1.452878528818993,2.6333503581788595,3.007555507122681,5.842801303429716,1.7435362578556752,8.155242816469382,29.04709293946449,3.2810252528656267,2.1329985517194174,7.7636507981271,18.074606004329073,9.14963516652199,3.4397461462782637,6.744374035723674,9.045390128423968
prime,102643,0.22388398876714444,-3.70939885436838,3.7161490687559526,-1.937000888214551,2.73457039680166,3.351096491599123,-0.6792858022746908,2.104372920243704,2.211292515391617,-1.3489887397239966,-1.8912099601609715,2.3230251254160383,-3.2618210859877124,-0.21340851339652267,3.2687948835288165,1.8679992665414513,-2.4099115996140346,3.0491138348303224,-2.998238264946096,-2.1180133031889694,3.670887228705402,0.6906292401802581,3.801761169204624,3.8639819791329346,2.9898270558157387,2.099094220800094,3.6531168023325185,1.6782373498669836,-0.9657084264268214,1.9362524028029828,-1.6836665615744928,1.0694463496732305,1.9946048694900633,2.278334765492722,-0.16447517328516448,2.284263860914488,13.809763901215733,11.22984769600795,4.889814588626986,5.3964457333142,10.68501999058417,9.297095177753674,13.475413045872427,14.93035673506407,13.345262371484164,3.7490733673603245,3.9784485853934726,5.217861386279963
prime,102647,-3.6064841647629917,1.557944537649012,3.92860270491642,-1.110510837412904,-1.2863254996206845,1.6993727110277819,-2.526327197777795,1.5481401909608086,2.9629490648845067,2.622681004942792,-1.4693026895503358,3.006211244608001,1.8467330565223918,-1.2188335913381962,2.212685767438951,-0.5267079845445899,2.395057172558667,2.4522887596707976,-1.5852651135068045,0.027285716410923255,1.5854999181399534,-1.892776564407752,-0.11461246899110789,1.8962434286819432,2.019473376022429,-3.455014123138534,4.001923950745462,2.374867943947531,4.441265565447232,5.036351613421853,-1.6884277289695073,-1.823054871860438,2.4848173497799,-0.12838421291845759,-0.2086240630652707,0.24496225386078135,15.433919213076612,2.887867610985913,8.779067161099972,9.037306047207586,4.8959783054269,6.013720160807739,2.513809990421799,3.5957391408194517,16.015395307550165,25.3648375740169,6.174317261767207,0.06000650581655389
prime,102653,-2.4614888733611147,0.19356279771035922,2.469087691909307,-0.34125521261497815,-4.633124166645166,4.645674834046003,-1.4710875774190562,-1.6200497031183407,2.188300642281698,-0.6897950387911446,4.144546282321338,4.201556983053366,-3.105403438860614,0.022007837428683286,3.1054814220979674,3.098022933311439,-1.0033294667925223,3.2564422479537054,1.3286038956232424,3.6056227988774934,3.8426168270139067,-2.355904763922255,-1.5160251172165027,2.8015387580226134,3.382126065578401,-1.1547636469434028,3.5738292913577814,0.9410003759204075,-0.2598344262337883,0.9762149540642113,-2.8970309021207763,-0.5382224879308959,2.9466033826012694,-0.7469114245245205,-2.7410575424536385,2.8409986144183934,6.09639403033803,21.582294663688355,4.788659701010491,17.6530810818445,9.644014862995615,10.604416114257782,14.765704079250424,7.848619412702887,12.772255803766862,0.9529956365385902,8.682471494357243,8.071273127127231
prime,102667,0.5742266276002298,-2.1579614295937697,2.233054802609985,-2.456057816434682,1.4411744914986082,2.8476663977046486,-2.0863399219371437,-0.17104980446533014,2.0933399880278203,0.8079853739764029,-0.40436698977483676,0.90352256583848,1.928338959822593,3.8581280007102485,4.313194038509529,3.613436739277416,1.8496821416174212,4.059340967913167,-4.504056596076952,0.3181670594509006,4.515280290124183,-0.6095928103908621,0.8340198357865879,1.0330500863780596,0.7762589265950578,-2.513246085885174,2.6303961316379056,-0.4512026337360453,-0.12893006988042083,0.4692619520158374,-2.7162661444220766,4.215916942882675,5.015182692247489,-0.38036512504983067,0.34929462754580254,0.5164149157281713,4.986533751459518,8.10920391261617,4.382072305476314,0.8163530269793504,18.603642813834142,16.47824909377821,20.387756098383928,1.0671924809657165,6.918983809335658,0.2202067796097141,25.152057436618772,0.2666843651865343
prime,102673,-3.4632204495780146,-1.0550031340608097,3.620349084722836,-0.17391323467975714,1.030965080767217,1.0455308751816612,-1.485982786139896,1.0423842488513377,1.8151335386019003,1.46161939647802,2.0601274149925413,2.5259564972826873,-2.186883866253016,-2.3369308023537974,3.20057910689108,0.3349008390072564,0.3876375303767393,0.5122708530888145,0.15137879941657628,-4.411817107812586,4.4144134076568555,0.8631623327003566,3.8748859706997236,3.9698602618377214,0.08187111777711098,-1.3571007997538815,1.359568115475903,1.0383622687704028,0.40830158082249446,1.1157537282519678,1.4985607290402803,2.750376475894701,3.132132662863547,-2.2785692430961646,-1.4493136432327627,2.70044215491546,13.106927495253476,1.0931348109581305,3.2947097629574564,6.380456226164623,10.243706619467702,0.2624214269243417,19.48704573370061,15.759790498518262,1.8484254606186983,1.244906382108166,9.810255017776694,7.292387832044453
prime,102677,-3.319611460039247,2.0124868591421032,3.8819999489752117,0.711089112450829,-3.019438931117447,3.102041131995799,0.7040911589053157,1.0284856907763156,1.2464057028834012,-0.353096888139373,-0.5101031866453076,0.6203891306586589,2.862695718739373,-4.2822467199984775,5.150986677232475,-0.4359626000651418,1.5408929711040213,1.6013789486106458,-2.6148118618815532,-0.23188130749317026,2.6250733349377535,0.00177071968707887,-1.3711623792970808,1.3711635226506873,0.028033254191361157,-1.2142717815705923,1.2145953329645138,-0.08367737191436964,-1.9146539998324232,1.9164816309176544,-2.8111519127176914,1.707209501898666,3.2889419818156456,0.8119709768082889,1.254610095593918,1.494437472477583,15.069923603843547,9.622659184593777,1.5535271761802656,0.3848826734394065,26.532663749026455,2.564414537053337,6.891010013801219,1.880089405847842,1.4752418228591782,3.6729018416447925,10.817139359749426,2.233343359145187
prime,102679,-4.029496548213698,0.14415318183133852,4.03207422698271,-3.3312644889755783,0.27073276169519145,3.342247645487214,2.7745876945455077,-0.6275175231871508,2.8446643240688863,2.582362913239488,0.15062747833662,2.586752182352377,-2.830874226693362,0.5608463130826453,2.885896303448053,-1.8979920679412419,-0.277316096781001,1.918144443857584,2.9643573870115327,-0.8103244878551576,3.073115763121781,1.400866179865257,1.1239047870212753,1.7959922116144091,-4.076567039449257,0.01570183040399109,4.076597278932776,2.152647044129124,-1.3876238011472588,2.5611304359809988,-0.9453173877561547,1.6354746012547154,1.889021475511433,3.073101931902169,-0.8625628760456432,3.1918599905060017,16.257622571898217,11.170619323764825,8.092115116630293,6.691286852904785,8.328397474255137,3.6792781075017205,9.444040493547567,3.2255880241796167,16.618645374602114,6.559389110108221,3.5684021349433914,10.187970198992973
prime,102701,-5.810470845927442,2.336663245291753,6.262712397457682,0.17128581796880477,-0.7510441652333567,0.7703286114174341,1.6153268266101235,-2.546789623944116,3.0158610951759273,0.8870031700084976,2.672167584245246,2.8155379986596163,-3.063690114417355,0.5209656488041635,3.107668309908985,2.574514497868342,-2.628116828275205,3.6790111392597886,-1.5310726183808905,1.5680282220966748,2.1915510188100518,1.5419860423479756,0.017941214383392134,1.5420904130334006,-1.055701935637825,0.09770611582639976,1.0602136869420864,-0.8235741757781909,-0.25224951888581826,0.8613386342123829,1.6444882752295662,-1.39084584226033,2.153785932793777,0.44542944331473555,2.9433704017684876,2.9768837247998894,39.22156657327015,0.5934061695683123,9.095418145395744,7.927254221896198,9.657602324412567,13.535122962797608,4.802895868047376,2.378042841969524,1.1240530619793323,0.7419042427868531,4.63879384430036,8.861836710978464
prime,102761,-3.4984982006680174,-0.6736605356348315,3.5627669271717957,0.18933837862888292,0.0877767258994272,0.20869541257880445,-2.2748017792104256,-1.2092861125871137,2.57625620558107,-1.5027822532786157,4.981107468631171,5.202863261207465,1.8223503882233312,-4.219984883453066,4.59665458284937,2.6525021841987106,-0.2214888638549567,2.6617334866568987,-0.6559903570039487,0.4122439366224152,0.7747699089175534,-1.35794428679828,-1.1129851197708451,1.7557757723808047,0.22488315581140317,3.3998756694366623,3.407304946933146,-0.9150307286490412,0.13322092284083875,0.9246778080253468,-0.6944099182596886,-2.4837840068468475,2.5790285239302038,2.5014050299573567,-0.2947465723676803,2.5187105164783152,12.69330817734916,0.04355377523143741,6.637096036794971,27.06978611482238,21.129233354030113,7.084825153990691,0.6002684117641139,3.0827485628794116,11.60972700139509,0.8550290486545602,6.651388127245606,6.343902665818462
prime,102763,-2.4947953940962773,-2.517202667020341,3.5440532339763635,-0.28242555151398413,3.768152747016819,3.778721915806768,-0.45361879876252637,1.4322277343042025,1.5023469298071288,-0.6839186727872351,-1.3994352662337337,1.557614784009748,-0.042920091655905934,2.5183533705616163,2.5187190858225548,1.5745167991495759,-2.1517628744693003,2.6663057999315476,-2.7199916039069607,1.685856013512696,3.2000726278666365,-1.1567561612579547,-0.8196938208960347,1.4177386136461754,-2.347901734157742,-0.3154740102532816,2.3690011406511013,1.8295258478562972,-0.9190122518604815,2.0473759662172397,2.5439814018986717,-3.318048518383243,4.181062944222625,-0.2593672563954454,-0.0646504338840942,0.26730329644713013,12.56031332525832,14.278739316998372,2.257046297500906,2.4261638153657343,6.343945833286806,7.10918661874861,10.24046482362128,2.0099827766233793,5.612166404406219,4.191748347043976,17.481287343551568,0.07145105229150234
prime,102769,0.2051833763078006,0.35959194026218955,0.4140127792889908,-0.24390857074774286,2.0686451511323973,2.0829748323462254,-1.8937225953477395,-0.06359100590082412,1.8947899841834865,-3.1682451183459803,-4.364434470787458,5.393149856968647,0.7804791387869293,-0.6095846290815549,0.9903237380241291,5.157766111524798,-1.1847461227179685,5.292086038273461,0.0234459792963968,-1.8037813774881422,1.8039337492597076,0.38002919106388156,2.9627149766423004,2.9869888213519076,-3.6443560965820185,-2.0820334153496867,4.197165055287582,-2.7361538247224435,-1.7930569608005757,3.271328631797584,-2.8988471236079523,1.4958876611884282,3.262053730542445,2.9606987429750737,-1.6671488071172256,3.3978113826000653,0.17140658141459458,4.3387841521877855,3.590229084162057,29.086065379720942,0.9807411060940838,28.006174636488897,3.2541769717181857,8.922102218881259,17.616194501327207,10.701591017218654,10.640994540945883,11.545122191726568
prime,102793,-0.4830164125530295,-0.893190888935249,1.01542839179951,0.06317314523241951,-1.355653477441391,1.357124606356208,-1.373578381536338,-1.0750215767018694,1.744244524313767,-0.1923026262984182,1.9691312404744075,1.9784989619136895,-3.503097130138816,0.5796505447511687,3.550730101995523,1.422756014309668,0.24852659339731742,1.4442991878000928,-3.5787456792014214,-3.3708355977327136,4.916294668075227,0.5085121029517387,0.9761431912711122,1.100654391129818,0.24484611743428342,0.4723385501004449,0.5320275623815305,-0.38080916255004293,-0.4855727046635858,0.6170870844511129,1.1710567761076964,-1.225424729946624,1.6950043485585835,3.0995501896274935,3.915575573333822,4.9938906123891345,1.031094818872539,1.8417871971774922,3.0423889605985592,3.914458142293547,12.607684257217135,2.0860001438800078,24.169953263344905,1.2114400887133507,0.2830533271336333,0.380796469796375,2.873039741632508,24.938943448508326
prime,102797,2.6402720113438454,1.1164435831089117,2.866615176153008,-0.44049382200714404,-1.1563406027640213,1.2373998532516162,-2.711172942519362,-2.2272914776400716,3.5087442270158693,-0.46621440686571236,-3.558137056061352,3.588550568528482,-1.3747308905968056,-5.014350965200813,5.199384638952133,0.7645939331631354,-0.6305300789438734,0.9910459439818319,-4.073112979358171,3.7637810986199094,5.545836050673016,-1.324347783165414,2.1335718261248333,2.511180158413331,-0.2457553270059511,0.7568375537216456,0.7957378735960522,0.8741399771654748,0.8052300959360228,1.1884932507507113,-1.046977925407881,0.27496553568757454,1.0824827121517209,2.9548969176979556,1.2045481799157165,3.1909798043797055,8.217482568150741,1.5311583968271212,12.31128605061719,12.877695182886093,27.033600623771406,0.9821720630828402,30.75629750094448,6.306025788008801,0.6331987634751667,1.4125162070799933,1.1717688221073455,10.182352111959144
prime,102811,-1.0035962537118122,0.7432309422464766,1.24883852998575,-0.8031692250015936,0.18103988172361007,0.8233202552859727,-0.6116996574631646,-2.5336936784509465,2.606488083065572,-0.9855008174608665,-1.2946176006658412,1.627036137634876,0.12542286324608565,1.2076087834600036,1.2141045541939937,0.17760360857391488,-1.1185915159390665,1.1326032055884951,-0.22755926066288834,-3.2570460079432317,3.264985744987623,2.032987254029155,0.3339504528730538,2.0602330159521087,-3.9587076732192603,1.8808043690427094,4.382783535222245,-0.7731600756078068,-0.004151257983377787,0.7731712200132089,-4.201021273725988,2.3419033904926185,4.809687228157268,2.245315809553985,0.6070186056398642,2.32592232721259,1.5595976739769692,0.6778562427641593,6.793780127162839,2.6472465931698155,1.4740498685145962,1.282790021309335,10.660131914972384,4.244560080019122,19.2087915166152,0.5977937354567139,23.13309123269914,5.409914672226032
prime,102829,-7.539740342409114,1.8704261903430246,7.768280283593827,4.115054665987068,-3.4726083261040523,5.384485443437389,-0.8018621499367051,4.3186984259030705,4.39250941961412,-0.8682131423454764,-3.9023966306878384,3.997811091553127,0.9680439831337564,2.2090258402449825,2.4118259299028026,-0.7548276971818132,0.03480205443179829,0.7556295623025033,1.2707301169967224,-1.7713119790541525,2.179977329557177,-2.323646656400798,2.4069595959426437,3.345562475922843,2.769434334509932,-2.245780707818321,3.56557113528414,-1.7446925903998687,2.0929132509300086,2.7247455130552325,-0.3808985440306537,-2.3743440701507703,2.4047023650141814,2.2436136194097194,2.651340920483868,3.473242109302636,60.346178564472595,28.992683490589133,19.294139001398772,15.982493523745203,5.816904316151518,0.5709760354254728,4.752301157383242,11.192788280302985,12.713297520771432,7.424238110914622,5.782593464304798,12.063410749833025
prime,102841,-1.3822995201030177,1.3024558084247637,1.8992480344010991,0.9188855788119197,1.4430871886096712,1.7108042964868546,-0.005447486474523644,-1.2966608728294937,1.296672315674178,-0.4507998943674342,0.8276419288763597,0.9424498433316603,-5.345907583112506,1.7838027797806695,5.635661473539113,-0.11930018873345219,-3.853649685585168,3.855495873975551,-0.43158934769851065,1.3588960653841788,1.4257867587979025,0.30143861208358735,1.3150093158091694,1.3491162802070766,-1.8743246804384546,1.2149697499728338,2.233661680078199,3.6002932867062047,-2.515490179969953,4.392015778185119,-0.696919900686341,2.6006233001469115,2.6923853545210927,0.8328778591145765,-1.118347668404551,1.3944127924073189,3.6071430961764386,2.9268513408778816,1.681359094235835,0.888211707195871,31.76068024433304,14.864848434242496,2.032867881563428,1.8201147375197793,4.989244501049764,19.289802595827034,7.24893889723967,1.9443870356291766
prime,102859,-1.9850237882575807,0.7423986295211078,2.1193100681739083,1.330701541042802,2.5713382597912395,2.895262861572318,0.8075170981832729,3.163629384700756,3.265062747881029,-1.8009962489562426,-0.8304727813629424,1.9832479747472724,-0.33354644804012323,-0.01679768297396189,0.33396915299691426,-0.37059350077625397,3.856256951361146,3.874023388899292,-0.7418019557815998,-2.1542814049509453,2.278420179273091,-1.6066303644376618,1.1671180212077785,1.985806033670221,-3.2472612382277988,0.08794062682335024,3.248451800957315,2.564665858242989,-4.005599692599603,4.756294761869924,-1.3437872352726514,1.4301819229892865,1.9624434938430837,2.2194143141306144,-1.887760282369522,2.913664150422921,4.491475165063296,8.38254703759993,10.660634747600415,3.933272529339158,0.11153539515347632,15.008057217738756,5.191198513318825,3.943425603361055,10.552439103142822,22.62233986179128,3.8511844665270494,8.489438781459722
prime,102871,-2.414963794002865,-2.681023124713243,3.6083147204189205,2.7454051595000695,1.6864645290951086,3.2220198785397933,-0.692762479224376,-1.8011433364237726,1.9297764562158133,-3.1911046353443395,-1.1928704317487184,3.40677100208636,-2.2381090506399275,1.6430222651554782,2.7764463413422913,-0.5580591593291127,-0.7014986804540111,0.8963985854461367,-0.9576428506589896,-1.2460352793440586,1.5715227477794593,0.4602804456029346,1.5559249011374194,1.6225783144686496,2.152742088480741,-1.907418783907897,2.876203212000345,0.06648730253027291,0.9495320042393,0.9518569159660784,-0.5947274077624838,1.2387571372666173,1.3741251524780662,1.9509475607579274,2.315130020523476,3.027544119704342,13.019935121591873,10.381412097705585,3.7240371709648628,11.606088660656502,7.708654286352995,0.8035304239898349,2.469683746788302,2.632760386583924,8.272544916721102,0.9060315884724539,1.8882199346728687,9.166023396756337
prime,102877,-0.7992295704345853,0.2750606498939516,0.8452374029686186,-3.1470639376313443,3.250992604442405,4.524705995054145,-0.7992892727200315,-2.0997431931406347,2.2467275799762074,-0.4169429203089383,-2.5469472743467847,2.580849049653672,-1.7971730583883445,3.66633682002868,4.083118499345192,2.4826536939173454,0.8111573033092772,2.6118088625765514,-1.3241200562789168,-2.197247382255463,2.565383008883579,1.5689930607999392,-0.8674859660821238,1.7928388455708442,0.7412338591586458,-1.475871429162464,1.651552030479595,1.846280288332211,-0.05563192041421339,1.8471182457149422,-1.9440196607743716,2.856057119250602,3.454891417960823,-2.0338598312876215,2.906947674554992,3.5478064484870067,0.714426267377135,20.472964341678917,5.047784818625746,6.660781817098262,16.67185667969493,6.82154553463342,6.581189982268565,3.214271126187797,2.727624109381273,3.4118458136530454,11.936274709899347,12.586930595925988
prime,102881,-1.9211865292481214,0.3023518498057405,1.9448327232040796,-0.6900988737413755,1.1164396737548943,1.3125067621437423,-1.3873035304581574,1.2636220734411094,1.8765265332814445,0.23566417765920605,4.687322480679191,4.693242977144089,-1.61593478549684,-4.384931636237821,4.673207751155303,0.5795602756203655,-2.7415462151897128,2.8021359287333283,-2.073142154589762,1.972207613943138,2.8613845015363397,0.6199922713711795,0.4167141857492862,0.7470215051554305,2.200816194092661,-1.4109680475259632,2.6142728915168236,1.0961524762320032,0.5736550162671288,1.2371864567792488,-3.9368195664609145,-2.2924787584060673,4.555656610919279,1.8723203280366776,1.3129360555981977,2.286784750882585,3.7823743212453964,1.72267400067305,3.521351830109276,22.026529642512312,21.838870685458005,7.8519657630981925,8.187521265632368,0.558041129164685,6.8344227513197335,1.5306303288379919,20.754007156612527,5.229384496869126
prime,102911,-2.7282233018906874,1.139298805379278,2.9565527482049045,0.9134179893208441,-0.40851070910106874,1.0006065273948554,0.9430887762044426,-0.43782247834355087,1.0397619738890638,0.30171631489228923,1.1896188587144527,1.2272838969371593,-2.8788813481008706,-3.8067190112749874,4.772742130813847,-0.03380882082549863,-1.0187103529843522,1.019271219864033,-0.5125578978004799,-1.0251506001888804,1.1461454321617603,2.4004306150027093,-1.2363666720303619,2.7001240129204653,-4.029189339487287,-0.6341292255912987,4.078784942625318,2.2120727757430467,2.289873466621837,3.18383203990447,-1.7863696669041056,0.760833967508505,1.941644898777791,-1.0785185806918993,1.99182099803204,2.2650724529469297,8.741204152917973,1.0012134226651916,1.081104962345682,1.50622576368126,22.7790674472455,1.038913819643114,1.3136493516652683,7.290669685149717,16.636486608187017,10.136786458322259,3.7699849129498184,5.130553217099021
prime,102913,-2.258339390141125,-1.5923125226385406,2.7632509786145922,-1.4925289036508524,-1.9576235283456094,2.4616929960832907,1.3180478188504117,-0.12167415574244567,1.32365201354131,0.5902122976978204,0.6415959072353296,0.8717774168529867,-0.7505686969732156,0.8954814558456704,1.1684350245689967,2.1663789420851036,-5.800043055350187,6.191421255626668,-2.854470517171991,-0.30928502222174714,2.8711773122492525,-3.6415539727145494,3.798075775622369,5.261776784847736,0.6486536345635314,-2.0130118208362315,2.1149392729955343,2.4099150187661875,1.5113914761400866,2.8446431396264353,-2.7430250708996367,0.3023774271838764,2.759641036086813,-1.031697429093767,-1.1872692464209709,1.5728979142638944,7.635555970814502,6.059932406965529,1.752054652951964,0.7599958645348661,1.365240406639552,38.33369716462571,8.243659158374841,27.686294933562582,4.472968128458879,8.091994591823743,7.615618648054298,2.474007848695709
prime,102929,-5.609882921080797,-1.2024753411252007,5.737310636025226,3.6602536753881103,0.13501732494466923,3.6627430494408677,-1.2349332513085352,-2.493610143757086,2.7826519157515386,0.39404503123117185,1.7902867407482392,1.833138865644643,-2.626796159455686,-4.111900135162074,4.879321754596331,0.11556113403385637,4.489803128088766,4.49129007131524,0.009779879783548884,-2.2996611450350044,2.2996819406240268,-1.8581406286590276,2.23062094412465,2.9031631701027263,1.2145329192785175,0.6236523803618536,1.365295756802241,2.0712659668688302,1.1084553801834995,2.3492160469754193,-1.3853688205324532,-0.8519143671630023,1.6263470902246604,2.618281394042733,-0.6038061072804044,2.6870019117186117,32.916733334248185,13.415686646227387,7.743151684235708,3.3603981007369286,23.80778078487702,20.171686504694854,5.28853702803229,8.42835639224091,1.864032503542204,5.518816035366815,2.6450048578822196,7.219979273579474
prime,102931,-4.72123019362034,-1.6507821908902325,5.001509410459278,-1.317397874932838,-0.4127460993573614,1.3805421049038218,3.2256085954989,0.534774807154482,3.2696383447903687,-3.4110735780523043,1.4911801696926523,3.722773328228722,0.8967147948030081,-1.3930637695818624,1.6567208845608934,3.2940245263653583,1.0741654593696226,3.464740829326095,-3.4675608833367364,0.13642912794098483,3.4702437070900056,2.1074707229871295,-4.005361601819827,4.525964472858861,-2.6091923393064347,4.079875483764986,4.84285748567124,0.7316150912185677,0.6850657445564245,1.0022852468551064,1.579900684391474,-2.7331815979184872,3.15695546686058,0.7478120372913166,2.630230227798358,2.7344714104085988,25.015096382912713,1.9058965034122748,10.690534905723503,13.859041253371156,2.744724089340229,12.004429014399275,12.042591386597785,20.484354409580583,23.45326862652196,1.0045757160634017,9.966367819740903,7.477333894341991
prime,102953,-1.4421336663317144,-1.491532588734264,2.0747093711707403,-1.6182099987980127,-3.3009223822201093,3.676233422084559,0.06433695890509661,0.6733880686785313,0.6764545330765094,1.0467170815627813,2.20296098050897,2.4389862095715813,1.6912258122393218,-0.4951606563375801,1.7622226940909644,1.3735088191709204,-4.913067421486686,5.10144665407903,-2.675187026976157,-1.188467804876491,2.9272993274568755,-0.8274922257009143,1.707494289109147,1.8974404156483555,-1.8124262872489951,-1.7004877346658471,2.485266098923848,1.604402118880313,1.2498775544408653,2.033789581093068,-1.5662768252120012,-1.4405504094415256,2.128005774272789,-0.111721636858651,-0.7718470445593411,0.7798907515398331,4.3044189748236885,13.514692173651548,0.4575907353197583,5.948653730480349,3.1054288235692167,26.024757964414132,8.569081352529475,3.600280130935804,6.176547582460162,4.136300060162717,4.528408575338332,0.6082295843373657
prime,102967,-2.3353864954557917,4.091269685065683,4.710893516000413,-1.810052665108667,2.406872887807969,3.011532458488877,-3.696951516234639,-2.3038015230221602,4.35602478997409,2.622883089573234,-3.83507675120996,4.646216674805467,0.5301417949860103,1.0607178554227206,1.18582152603314,2.8829479419010995,1.7472122799333403,3.371073951556335,-1.5463523586611896,0.3982162529452049,1.5968036201257636,-2.5183837498397206,2.343915832534522,3.4403776161146573,-0.4397336584750221,-3.718567263642725,3.7444770241825722,1.6173086196942292,-0.8046524291994739,1.806419857938311,0.8429787084053274,0.049871718451129476,0.8444526577174015,1.366735336600159,3.5071451706504244,3.764044729852203,22.19251771909473,9.069327748532059,18.974951970868815,21.587329389240374,1.4061726916035648,11.364139586861643,2.549781801246744,11.836198141462772,14.02110818463117,3.263152703153868,0.7131002911259829,14.168032728328143
prime,102983,-4.125146193493093,-0.9739480801997051,4.2385617820925106,-1.4687826732207534,-1.5008302456737215,2.099955706076332,-0.2920920139301717,2.007488200203817,2.0286267814852845,2.1127147401520903,-0.12130527545969594,2.1161943538130585,-0.08001202567411259,1.5271273770045146,1.5292220080319154,-0.358497448048241,-3.4242722774911085,3.442987227779279,-0.6213402034537576,1.3529031742714883,1.4887614474393895,-0.36845244545782774,-0.17532189228245515,0.4080379522512022,0.7963034438690757,1.5302472232122701,1.7250378949074174,0.56905191850315,0.5786667159080928,0.8115881061548235,-0.9307242077742441,-4.689469149182108,4.780938030561342,0.5224752774823439,3.6882011078858183,3.7250245405621736,17.965405980615238,4.409813967482546,4.115326618559345,4.478278543110268,2.3385199498491636,11.854161050651244,2.216410647381826,0.16649497047735437,2.975755738866614,0.658675254051973,22.85736845206776,13.875807827790432
prime,103001,-1.3764985360890396,-2.8568324631858903,3.17115750831901,-1.6612179721381581,0.7041629773369775,1.804297827302048,0.12841861928618778,-1.0718347457957647,1.0795003770608154,-0.9876523275232695,-1.040668129574666,1.434728990428006,-1.0844498108811718,-1.6999561056143193,2.0164032715048874,1.3740134368440926,0.3225372254853355,1.411362174089944,-0.7799438900747204,3.6075368232163303,3.690885314193149,0.600861768423251,-2.577982636729746,2.6470793981353804,-4.513276796644158,-0.8524856567103634,4.593081671168437,0.026249065721165143,3.507616495772868,3.5077147111572757,1.4149835813655744,-0.046479481553781454,1.4157467562172465,3.8493459880161307,0.7832187669252144,3.928217938495741,10.056239942568032,3.255490649606891,1.1653210640744425,2.0584472759745656,4.065882153335613,1.9919431864518935,13.62263440252666,7.0070293400327675,21.09639923802344,12.30406249486917,2.004338877739656,15.43089617231973
prime,103007,-2.002455628212644,2.876937367644791,3.50522426676403,-1.3185408125889109,1.2231153456182438,1.7984885385093399,1.6700940216431253,2.1021022920174923,2.684780826665987,-3.3441669281338346,-0.7747588484710514,3.432739972166298,-1.556042522300197,-1.9543008591544475,2.4981113224390485,3.9097950142918787,2.0613788682718335,4.419929851517929,-4.338603362853128,-0.9416906218378234,4.439623899320502,1.2414605081950711,-1.8237327553204987,2.2061789039506436,0.3122168465768811,1.047927659483326,1.0934494678752253,0.12751104268725277,-1.3834233766126633,1.3892873370781056,0.8072808245704759,-0.2833769431535158,0.8555728032319743,0.1347083462855897,1.0536331450493797,1.0622095569639944,12.286597160311432,3.2345610231494613,7.208048087233301,11.783703716508276,6.240560179298172,19.5357798923393,19.710260367417778,4.8672253562368635,1.1956317387966136,1.9301193049655738,0.7320048216302185,1.1282891429056454
prime,103043,-3.4196930302526622,-0.20772407794984193,3.425996163704616,-1.61638043507284,-0.6208893223307405,1.7315280134813267,-1.605032986833543,1.7288436788152877,2.3590318680771105,3.5875668237662515,0.4855746411782921,3.6202787803073537,-3.624134484060112,-2.9635170292148225,4.681536493609753,3.9553038744512916,0.16843706241176726,3.958888705589399,-0.3716011164850235,2.6670012390412934,2.6927649356787,-1.5250221768557584,-1.3187303607704015,2.0161206323827723,-2.3384304544011565,-0.2887525820846264,2.3561907910293125,2.4421462403296017,2.139491580820461,3.2467680058109547,1.2296392955263138,-2.5296116689266017,2.8126407507308997,-0.3568162440789491,-2.309166626566127,2.3365719208458775,11.737449713718746,2.9981892614705896,5.565031354603382,13.106418447143701,21.916783940999906,15.672799783243306,7.250982998820712,4.064742404319509,5.551635043731338,10.541502483557643,7.910947992672079,5.459568341285394
prime,103049,-0.871960615408839,2.8093890213514197,2.9415951434747183,4.486881053945824,-0.349497119259578,4.500472178408476,-1.0508007148239003,2.6770008009262436,2.875850383875032,0.042997514832586736,0.3629906993850379,0.3655284313453845,-2.7453001466495097,-0.7843383103367144,2.8551461399122235,0.3794392339708871,-0.09595994411596465,0.3913852873463088,-2.850688839519413,-0.022392926658371115,2.850776789390019,-1.373246499041938,0.6280734560066015,1.5100603343148298,-2.8491032978002777,-0.601149579362002,2.911832828014605,-1.8730475873413581,1.3663893722414857,2.318475184473572,-3.1922719164967694,-2.2107066914505222,3.883017391730054,0.9932721373947827,-0.8852045419891186,1.3304798458011176,8.652981988114048,20.254249828628733,8.27051543043417,0.13361103412181746,8.15185948025567,0.1531824431511527,8.126928302924863,2.2802822132710157,8.478770418303531,5.375327181019763,15.07782406447807,1.7701766200829656
prime,103067,-5.692450865154306,1.822230969844557,5.976999461239448,0.6190054571400601,-0.29736425206514283,0.6867264771183914,1.7645134778608331,-0.5257462602939411,1.8411727088368428,-3.2487595831189204,-0.22150090403435807,3.256301810243494,2.523642395830673,-0.6857380144405394,2.615149626021967,1.6776413660889093,0.8779403465417536,1.8934782294229096,-3.522644418574557,1.19042710992958,3.718351839695885,0.9175933476478596,-0.7211933987066022,1.1670893153420547,0.7177124762044282,-1.9844198616211508,2.1102211698530557,-0.7706657676221962,1.6887729402549576,1.8563081018845131,1.5953149126478041,0.08350104925791235,1.5974986997627396,-0.1726480533231525,-0.5085528022589042,0.5370598691036766,35.72452255965665,0.4715932543754366,3.3899169437655976,10.603501479395057,6.839007566482834,3.5852598052985165,13.826140403769772,1.3620974699855861,4.453033385695999,3.445879769122084,2.5520020957436436,0.2884333030016583
prime,103069,-5.641386992675448,1.8178875698807078,5.927053434705521,1.5335525740441525,0.10537536512884349,1.5371686520787116,-0.5824382114160451,-0.682349495907163,0.8971260249721223,-0.25582000645416014,0.478507714021042,0.5425988463679681,-0.9962819216103506,-2.080583687016046,2.3068173195996464,3.0496038382538235,1.2321657053573625,3.2891208393355296,-0.43414161258709394,0.40617854325588487,0.5945249774241577,-2.1190300604349983,0.95621122885957,2.3247856484468157,0.5260196825870073,-0.13831516697071244,0.5439005349170672,0.22244518603701224,-2.950649607286544,2.959022636914303,-0.642025922226049,2.812134607849176,2.884492734862275,2.415787465875503,-2.303829262896121,3.338211849607162,35.129962417854514,2.362887464933483,0.8048351046822811,0.29441350807984984,5.321406146004898,10.818315895751258,0.3534599487811952,5.404628311224282,0.2958277918830719,8.755814965771275,8.320298337473245,11.14365835285767
prime,103079,-1.5484291979365878,3.5483772993788696,3.8715131976747577,-1.6266567671861254,-2.0911924310367427,2.649358039574451,2.7990108101896425,-1.1617426605142018,3.0305292483025297,0.6310834841479787,1.0491805351342318,1.2243554056191794,-5.306299052749381,0.788426066906232,5.364552665431313,-0.99777515201758,-1.6881134344699122,1.9609391172653747,-0.1787628027201032,-2.097508840731987,2.1051126992598737,-1.038906061261191,2.215456008648797,2.446951395182033,-2.281542536689658,-0.14016560008637224,2.2858439890272155,3.788989111767584,-1.2932341108168486,4.003609990305443,-0.32900224650585685,1.4268788186058339,1.4643174659860752,3.079823215632535,2.0046779247225883,3.6747849762155056,14.988614439769828,7.019098021857779,9.184107524817096,1.4990461592689055,28.77842530018621,3.845282221621507,4.431499476585191,5.987571130383299,5.225082742171853,16.028892954473548,2.1442256411918805,13.504044621419194
prime,103087,-2.1384299749441102,-1.9203892194256609,2.87415683493886,0.06784065653514584,2.2836160911969756,2.2846235590689496,0.37277545277256874,-0.20570334157930392,0.4257644923272553,-1.4960006088662303,-0.3155069307567414,1.5289089067317487,1.3208845290314444,1.9154729693182377,2.3267515198713093,-0.03830767120584733,3.1026150322809687,3.1028515137223454,-0.8288834163560116,1.6091676937781638,1.810101760843668,1.144760248078913,-1.6329887842319537,1.994273901701832,-4.0946489701330835,-1.4567790652486208,4.3460735651342315,1.6318480589198465,-0.84497801909015,1.8376386859625002,-3.1687416563335105,1.908319831997504,3.6990009821272314,-0.002052469168065396,-0.08072878577062526,0.08075487280458911,8.260777511825765,5.219504806652875,0.18127540292668542,2.337562445083671,5.413772635223448,9.62768751620905,3.2764683846093474,3.9771283950090486,18.88835543355857,3.3769159401459845,13.682608265778223,0.006521349481685365
prime,103091,-2.6433556822179973,0.7470076535374661,2.7468799932209866,1.198290620362891,0.9646368281662373,1.5383187644647323,-1.3409477153564886,-1.3330610348026692,1.89081794412602,2.111848406291825,-0.4672513073740109,2.162921051587423,-0.971941715095941,-2.8954526381440937,3.054229309871679,-0.005238650834921643,-1.367793380253706,1.3678034122374565,-0.04559740279564839,0.9970471276865791,0.9980892234513736,1.374510279748037,-3.3193953552893816,3.592723762530282,-0.336203593878465,1.1519400015597232,1.1999994265541174,-3.3061000991984506,2.0538590896097717,3.892124744389969,-2.376292408993698,-1.4713573224346819,2.7949343432938147,0.1580618372406527,-2.1410827375369457,2.146909134865887,7.545349697157728,2.3664246211043003,3.575192497828949,4.678227475400044,9.328316677279231,1.8708861745284293,0.9961820979697661,12.907664033849745,1.4399986237302107,15.148635025892682,7.811657983323228,4.609218833370591
prime,103093,-3.1367515965337693,-1.0096732888560007,3.295246687060992,0.047075480115894464,-0.04196450817391564,0.0630644176570323,0.29429184362649885,2.2623500961030745,2.2814108894635075,1.5304702139676576,1.3596256671297478,2.047173913120285,-0.47722977336917805,1.2303594211034714,1.319671383977112,-0.916630906184629,-0.6197767202652792,1.1064969051721927,-0.6925417247134056,0.25982194707657214,0.7396766081549959,-1.1067779033864849,1.0661538230562733,1.5367632549752388,-2.0358080927802513,1.2658101140330489,2.39724630261847,0.35161863568211327,-3.617317793478225,3.6343670265911676,-0.044319588297262014,2.358051891726408,2.358468348310261,-0.06328218921576179,-2.552652691229901,2.5534369773924706,10.858650728586445,0.003977120774420607,5.204835646562672,4.1909210305602205,1.741532561688066,1.2243354011556404,0.5471214846516794,2.361641301842091,5.746789835417924,13.208623683973125,5.56237294998133,6.520040397515197
prime,103099,-0.8874713543392349,1.4294949424829126,1.6825757621447368,0.5366052597610269,4.258145594175375,4.291823517573661,-2.318082968554105,3.0774810391775587,3.8528428719061463,-1.293497935061301,-1.92197330897258,2.316704190959834,-2.9453858961033617,-1.6654187546014758,3.383624935648591,1.472942468267594,1.661903541471832,2.220694237391282,-0.5797954444939889,-2.9520353866603997,3.0084340912759244,0.05187667247419514,1.3329022147509537,1.3339113550888575,-1.8718157301771547,-2.546046162470387,3.1600704405390747,2.922670392281739,-0.6774524328591244,3.0001573326589126,0.91547172168793,-0.5908306533262235,1.0895730054109063,2.669231191701807,0.76610636549202,2.7769973204886678,2.831061195356942,18.419749105998356,14.844398195598002,5.367118308410858,11.44891770514293,4.931482895982848,9.050675681551198,1.779319503234992,9.986045189168822,9.000944020707042,1.1871693341201548,7.7117141180012405
prime,103123,-2.725579255066114,1.7821505885045494,3.2565077914468232,0.28812789497746627,-0.043656340808990335,0.2914164716637969,-3.030682167314975,2.2759297191379715,3.7901042842824837,1.6158242784162102,-2.7536380529388156,3.192712111248357,0.8346397553759822,4.069602388705405,4.154309464087963,-0.6829548972506416,-0.5540521074682054,0.8794322767948618,-3.5364211847882854,-2.564814049027323,4.368586258998134,-0.9995293308133504,-0.76694381446471,1.2598657459038496,2.413975742042135,-0.9094612232273244,2.5796121025693024,3.495733151502085,0.8121022022811223,3.5888243553370716,-2.8373566947089537,0.43041788904899647,2.8698175154917274,2.654131533207225,-1.7815268521253356,3.196600087656969,10.604842995753867,0.08492355995697655,14.364890485736439,10.193410625311941,17.25828712341082,0.7734011294685944,19.08454590230731,1.5872616977018632,6.654398599722017,12.879660253460548,8.235852572223111,10.218252120408541
prime,103141,-3.944256687149594,-3.678962997055999,5.393693497764917,-0.6851799217267053,1.4297884252392052,1.5854861923351524,-1.9780549117506305,-1.2209073487789899,2.324503385285411,2.8514956596429677,2.6221291208600315,3.8738338404511987,-1.5013196206733612,-0.02921677354847041,1.5016038836109167,1.9665840451294243,-0.0028882352825355673,1.9665861660401909,-0.6999660585928303,-3.4256172386291297,3.4963989973650094,-0.14454133627342297,2.0619155955274873,2.0669755975751576,-2.4973703276649,0.6788016358060016,2.587978016574715,2.31752909732666,0.9497128463311248,2.504574935481486,0.6624632245236266,-2.5205149326783296,2.6061183875067315,-0.020803328773533997,2.2348775991707783,2.234974420829778,29.091929547831548,2.51376646608542,5.403315988203336,15.006588623424884,2.2548142232753876,3.867461148460657,12.224805948775042,4.27238812097118,6.697630214273996,6.27289560744209,6.791853049700687,4.995110661763401
prime,103171,-2.0947622166507514,0.2556191558229316,2.1103009020353465,0.07607532938268136,-1.23550276163333,1.2378426918410388,-1.028298397173219,-1.7180269438922073,2.002252275206251,-2.5482295410259574,-2.447223849687084,3.5330409513950776,0.3967119325284868,1.9772755782429996,2.016680210079594,-0.4707254286770727,1.209041015762598,1.2974446450617723,0.29770201228222953,-0.3110860671324861,0.4305821980538053,1.5025686808047605,2.369422042531851,2.8056859154529694,-2.768476703459074,0.08294246394648896,2.769718886443376,1.5703919675595555,-2.2396740460217743,2.7353739715437664,-1.151705381024852,-0.12296877643095416,1.1582515290982895,4.546618147218713,2.451452029909885,5.165399658455076,4.453369897131197,1.532254529744269,4.009014173568609,12.482378364234634,4.066999069726676,1.6833626069994683,0.18540102928084642,7.871873456171167,7.671342709921135,7.482270764199118,1.3415466046585258,26.681353631567816
prime,103177,-1.9328286121785359,-0.6266113245790421,2.031863232638139,-0.9879720552162423,4.271461619691178,4.384230052173698,1.6242699481468261,-3.757235250780618,4.093295688581682,-1.7974398756462024,-3.0775369916642323,3.563989904815216,0.10758912669354492,1.485778718603847,1.4896690306369296,3.1480002695264937,-3.804665426597012,4.938156002525791,-3.1115510270105857,0.5464109180940916,3.159163605308066,0.6790700325439764,2.474897689267326,2.5663699424362076,-3.0140863536343656,-2.6352302715923495,4.0036427327474655,-0.6172277480527453,-0.26349491805298775,0.6711182196945735,-0.3974425369656737,1.8712792744270064,1.9130203065022007,-0.7166746738249019,0.12518620765910482,0.7275260646121883,4.128468196146708,19.221473150382984,16.755069594161384,12.702024041624773,2.2191138208387695,24.385384705281503,9.980314685103057,6.586254681440024,16.029155131481595,0.45039966480601384,3.659646693089774,0.529294174690098
prime,103183,-0.4673437467077064,-1.932489967180655,1.9881970855125721,1.1082690518909226,-0.9492306601101544,1.4592118206320714,-0.02329222379680318,1.4606773341572241,1.4608630333505106,0.3846413830202797,-2.6684324690767833,2.6960120243713623,-3.058107297374352,-1.910405328814988,3.6057826837760154,1.736012010680136,-2.1024731636722542,2.7265603065378374,-3.530288466462918,-2.4178784354496043,4.278910233348362,0.16248225075906542,-1.5462472404566452,1.5547607566540655,-1.0146900056156607,4.0365161548468595,4.162097845538472,1.0351134569675025,-0.34705691307046965,1.091745560881846,-0.01829190600272823,1.7511805309308022,1.7512760621147936,-1.7219890769883235,-0.05437075969341473,1.7228472250251146,3.952927650840686,2.1292991374723647,2.134120802210055,7.268480835554971,13.001668762618964,7.434131105187706,18.30907278505333,2.4172810104315223,17.323058475835992,1.1919083697052166,3.0669678457362983,2.9682025607767377
prime,103217,0.01566305206125694,1.7281228958500758,1.7281938763810978,-2.8437533198007436,1.3172671945953787,3.1340270907946746,-3.17787428411308,-0.14049577195608698,3.180978470151088,-0.6783161834404752,2.0009350217763258,2.1127834262148775,0.7649091183281261,-0.744460036430125,1.0673831107634477,2.1457018049724397,-3.663243252339612,4.245396019416054,-1.8864946295858567,-0.548637643156785,1.964653977407958,1.6256320688203911,-0.3443192919907667,1.6616965420961458,-0.3943740742667855,2.3327295778406785,2.3658313958916293,2.041678466299111,2.6823876384895318,3.3710019879660313,-0.9642204647786587,-2.0263451484652952,2.2440578792461685,-0.518658959414147,0.7882107204330987,0.9435482266350937,2.986654074361125,9.822125805834931,10.118624027564756,4.463853806088276,1.1393067051430545,18.023387361673677,3.8598652509449094,2.7612353980142883,5.597158193786535,11.363654402870935,5.035795765406811,0.8902832559862303
prime,103231,-0.11558507465809847,-1.8847617457027508,1.888302610162947,-1.0759990849942662,4.246899655983674,4.381087846517432,-0.8842695485126244,0.6995698696857968,1.1275329871001216,-1.8095407454016321,-2.217059871785288,2.8617812956879303,-2.6943486484032992,0.07369796618344782,2.695356382627771,1.2830507407077927,1.38477919269139,1.8878115943445821,-0.15295078067589163,1.6491851339222015,1.6562625236535888,0.5250334049962266,0.3216625749904135,0.6157328061029355,-1.1382634839072219,-0.4690977335004315,1.2311362403779071,1.3519580485492377,-3.435724359411013,3.692152819005096,-2.2193922658024583,-1.374211722694724,2.61039458478893,3.4651885937035667,0.13316956620788512,3.4677465483073155,3.5656867475481984,19.193930718902752,1.271330636998923,8.189792184349288,7.264946029372264,3.563832615741833,2.743205547259355,0.3791268885113951,1.515696442371848,13.631992438887275,6.814159888295371,12.025266123297301
prime,103237,-0.1853633386571002,0.5745241332989047,0.603686629851088,-0.3177887701042752,0.793000868771637,0.8543067834665478,-1.957846339616648,-2.168663745938226,2.921688678229959,-1.6968247214198016,-0.4285453463859564,1.750104353783067,-0.5945921918419658,0.5225366213289451,0.7915708403101408,0.9997548042232627,3.665509471854906,3.799403815972386,-3.823467396458075,-0.26995758541014436,3.8329857852199725,-1.5226007013427767,-2.9117285599716407,3.2857991573868355,2.0377459392900144,-0.6208492057303577,2.1302258681531776,1.6365113343799065,-1.361369603628121,2.1287312054922505,0.5321219532915895,3.6993069867982005,3.737382233027395,3.292615430454548,1.1892331754337784,3.5007987543444563,0.36443754706096454,0.7298400802769589,8.536264732497125,3.0628652491304464,0.6265843952293024,14.435469356825529,14.69178002969837,10.796476102684037,4.537862249348959,4.53149654523649,13.968025955748837,12.255591918419697
prime,103289,-2.958768587860363,1.3409017717645288,3.2484348720623073,0.3397623029367237,-2.590526300582329,2.612712180188555,-1.7035337820337015,1.9940196871320173,2.6226211810324638,-0.03386686285221678,2.4723465775889775,2.4725785253688874,-1.5033049358154114,-0.60112689568319,1.619036526691318,-0.5916067390110852,-0.8258420638411792,1.0158807253082365,1.3875913385262653,-1.3881567744783627,1.9627503542945253,0.3474431360354723,0.7956955394290186,0.8682442768284746,0.9220024858504183,-3.7434115299931867,3.855284485845407,-0.04044270597530242,0.948894277380302,0.9497557381304366,-1.1399450441132795,1.823122127119037,2.150174177593404,1.583234922946032,2.894910403918735,3.299566496973938,10.552329118030459,6.826264936505631,6.878141859200115,6.113644564115382,2.621279274760687,1.0320136480527886,3.8523889532832847,0.7538481242454008,14.863218466800285,0.9020359621116903,4.6232489939894705,10.887139067952864
prime,103291,-3.7498860366128897,-1.6029507786156914,4.078124138160703,1.6204860753062964,0.9346456243800407,1.870705097933493,-0.8604333650983612,-0.9352333346416472,1.2708292434467445,1.094737104304034,-2.6002958899217505,2.8213450768532247,2.253551998795107,0.9764522530813255,2.4560039930384923,-2.320359585229564,-2.831875013884537,3.6610906433780444,-1.4530373412356759,1.459590849983186,2.059544358439478,-1.4001270153848886,-2.0193548872541665,2.4572647028531303,1.2440753598411305,0.40930569697127006,1.309677309315915,0.17609385693573176,-0.7290621260929276,0.7500270862799835,-5.140637887352076,0.8334127587775694,5.20775716747362,1.5730298699486405,3.4732070622370204,3.812819202233926,16.63109648624898,3.4995375634343593,1.615006965999425,7.9599880426839285,6.031955613821018,13.403584699030263,4.241722964379881,6.038149819887883,1.7152546545369751,0.5625406301536418,27.12073471537286,14.53759026892375
prime,103307,-2.6128449799823636,1.3319172187710053,2.9327397373578394,-1.3166239738304366,2.9842844972992735,3.2618173844171334,-2.541431892244137,0.12558553640213466,2.5445329217498887,1.1774159140807776,-2.7918607622401974,3.0299826320405026,-1.3270103765215038,-2.9629756409882155,3.2465645209182687,4.042809300199874,1.920585072321888,4.47581881422922,0.17876608859870935,3.302478448942396,3.3073132933185896,-2.050547570421328,-2.001475981695201,2.8654234318619607,-1.413645515330051,1.4651603050762572,2.0359490078545477,1.0068949409827124,-2.1703814730438693,2.3925704087254474,-0.8902403139869969,0.5967752947296868,1.0717595668093527,3.1564747069384107,-1.3614243975548121,3.4375585763444683,8.600962367077729,10.639452649285829,6.474647789869025,9.180794750467092,10.540181188485269,20.032954057808265,10.938321220161855,8.210651443863576,4.145088362583917,5.7243931607086544,1.1486685690473712,11.816808965799407
prime,103319,-2.0326811268385363,2.427306516905837,3.166008447622831,-1.4416379519369942,0.7972574896336483,1.647403863429377,-1.335375982817421,3.740225887802638,3.97146304367479,-0.9253515565034882,-3.7624289501757846,3.874551213785189,-0.5755578999000756,-2.558560528294993,2.622498593533758,1.509112963354222,1.3014447175454635,1.9927820475382534,1.4309094297844496,1.00289373806633,1.7473687779340443,-1.0764852164716943,0.21696530963138005,1.0981322173880297,-1.3818718899330436,-1.9055407693488808,2.3538597120129836,2.27856447548491,1.0998165814056335,2.5301092035081405,-0.9101517526315778,-0.8598363160875857,1.2520761571411716,3.5444673491323258,1.8842728388630223,4.014191440420106,10.023609490419128,2.7139394892420374,15.772518707274626,15.012147108244282,6.877498873086538,3.9711802889907535,3.0532976460987156,1.2058943668655508,5.540655543837846,6.4014525816765975,1.567694703281404,16.113732920342045
prime,103333,-2.9983330769307703,-3.0683363192399318,4.290068648423238,0.47593085509243266,1.915176967995405,1.9734267145169302,-1.5079173193376767,-0.6357474567193337,1.6364563760405058,-2.491645368541644,-1.6228195149807063,2.973523132712648,-0.26979974713107224,2.026593980603905,2.0444742761335912,2.9774312154676754,-1.3870005583775145,3.2846411054757345,-1.3590926526552491,-0.9260098848417924,1.644575065275584,0.3374355681904057,5.301178066720931,5.311906593471224,2.2385795288637658,-1.7161440825081005,2.8207071487439968,-1.5995987399096647,0.03576278715502598,1.599998470519795,0.36411046273574776,-2.3936151613531895,2.421150546689217,0.15341873139541296,-2.8009349668763077,2.805133507662935,18.404689008183993,3.8944129975690855,2.677989470683625,8.84183982077724,4.179875065771972,10.788867191780856,2.7046271453261914,28.21635165776306,7.956388818975488,2.559995105665683,5.861969969733494,7.868773995813361
prime,103349,-4.571347933464686,0.27086873577154846,4.579365873219821,2.973060009604774,-3.571988217518257,4.647384818024046,-1.7508267010648602,-0.2622853909095575,1.7703637376105061,-0.9298207281703195,1.7399024250721218,1.9727714097956288,-0.3627593321149115,-2.4797826523108113,2.5061756394431134,0.9523422476901474,1.6841406717330205,1.9347572351385254,-2.141609195625976,-0.9505952340278839,2.3431007758409086,-0.702843745191523,-0.0737416641437516,0.7067016083082991,-0.37829423186737693,3.0174035292685764,3.0410245944922227,0.9515780593680754,0.3170891396481704,1.0030186067833085,1.7083909821469208,1.7216241203627356,2.4254049887999494,1.857788891571535,-2.9950709352304132,3.524461586215485,20.970591800810332,21.598185646800392,3.134187763446241,3.891827035307033,6.280916335738098,3.743285558920871,5.490121245746268,0.4994271631855366,9.247830584306588,1.0060463255535292,5.882589359695682,12.421829472708573
prime,103357,-0.433843195786732,0.4187821277735507,0.6029912014888669,-1.7761412114662696,2.6278424375903127,3.1717871113726193,-2.065075842977808,2.3288936918842102,3.112600852237333,3.5472736739637574,-2.700893411210614,4.458472354598292,-0.04927208132225358,0.8720502690493943,0.8734411312429406,0.24374790948852085,0.7897102495372882,0.8264716096783181,-2.0326788199719257,2.5457138132833594,3.25767432446894,1.1791459247718372,0.3577910176793567,1.232233551011358,1.0992216737935023,0.25090377539236974,1.127493233967962,-2.912194238069888,0.557249794416258,2.9650299515560405,-3.114656263322987,2.420694041337879,3.944723473252064,0.1315063461721414,-1.17628881314976,1.1836170373160475,0.36359838907298725,10.060233479869463,9.688284065348572,19.877975736717236,0.7628994097469479,0.6830553216042702,10.612442004304164,1.518399524238061,1.2712409926435335,8.791402613624417,15.560843280425827,1.4009492910248178
prime,103387,0.5783889775505752,2.4956584808292743,2.561805039866828,-1.1340283900588153,2.353291371649657,2.6122788268751314,-0.5974797996318822,2.8421134141988285,2.904236693201344,-0.8637400846221155,1.734695451803534,1.937837775535116,-2.557822162748696,0.36158176680891074,2.5832529087058185,-0.20699584572417923,-1.0009745877928198,1.022153318027229,-4.359240887212603,-2.508249425429651,5.029343525045221,0.38768354296469765,-0.0880484026492423,0.39755634908116316,0.9625523445310377,-1.6827767294533629,1.93861923470081,3.5893879837998774,-4.089701831508478,5.441448995340372,0.8970145038889711,2.4313667047053396,2.591559197266556,-0.48867848143347337,2.731054137062326,2.7744302762515716,6.562845062287081,6.824000669340112,8.434590770137078,3.7552152442908864,6.673195590337071,1.0447974055540736,25.294296292914293,0.15805105069474365,3.7582445371519544,29.609367168890746,6.716179072936876,7.697463357781372
prime,103391,-1.021871024743907,-1.0150723912048698,1.4403445249653066,1.8872743535082286,-1.377550993515149,2.3365468591801184,1.3009203577988195,-1.8397258518635975,2.253216586871011,-1.1387571234783174,2.6997026276715843,2.9300447204999225,-1.2895973229873376,-3.4889596688736275,3.719664074413559,-2.037913809154003,0.7974404931921055,2.188379316691475,-4.01391306650678,4.744289386521076,6.214481465780583,-0.9197862809050376,-0.42746261007411357,1.0142638145731584,0.31048369047972846,3.435999883712697,3.4499993221633503,-0.3404126066881361,0.598002014691587,0.6881040272861427,-2.233099030805077,-0.49329932656342196,2.2869358335927354,4.887738176600042,1.1406319874995716,5.019066229280176,2.074592350597535,5.459451225144476,5.076984987350648,8.585162064129468,13.835900826482879,4.789004033723048,38.61977988853039,1.0287310855524943,11.902495322927576,0.4734871523674087,5.2300755069705,25.191025813900723
prime,103393,0.19145233703710485,-4.934434604798489,4.9381473111268965,-1.596470053712513,-0.0552101318238829,1.597424424208183,-3.20110033945086,0.13161406869035597,3.2038048701988147,-1.9311131238327761,1.1420469153113615,2.243539403222368,-1.0697480509291588,0.9518743873036725,1.4319307740500153,2.3564069606460234,-0.47915594435091613,2.4046297393128633,0.9449731692998191,-1.7576590833838603,1.995580052039591,-0.1342917662922991,-0.6504210807976774,0.6641399407052132,-0.8631040662841265,3.651977502306015,3.752584217120979,2.917909544184843,1.0086195475931572,3.087314285885391,-1.2753343338758178,-0.18686222289300214,1.2889511835236391,1.206175479882149,-2.1420610375366373,2.458309333017606,24.3852988663898,2.551764791056845,10.264365646309644,5.0334690538113795,2.050425741671476,5.782244183187848,3.982339744098337,0.4410818608399241,14.081888306585471,9.531509499832023,1.66139515350699,6.043284776801466
prime,103399,-4.331218382140278,0.5320918242143131,4.363779827533186,3.7971606361960286,1.9899788854517664,4.287008847858899,-1.2328001519428542,2.096355689372784,2.4319752036145363,-1.2205203273446967,-1.1783698359478358,1.6965333299800904,-0.23961351795649244,1.5731255219539784,1.591269476176321,0.411110285604672,-0.23665435825865466,0.4743595178899341,-0.6112530958095704,-0.7729950860655901,0.985470319298523,0.46291245436316586,2.9215280149454586,2.9579746250628456,-2.233593437640236,-0.6037026834908926,2.313740818398559,-0.1936727303219255,0.13645877344783164,0.23691796749346794,-3.437607803391694,-0.5088543259015436,3.47506548642298,0.9824041768968679,-3.179389270236234,3.32770703315026,19.042574383185563,18.378444861620483,5.914503390995965,2.8782253397333344,2.5321385458104633,0.22501695221277068,0.9711517502183329,8.749613882515682,5.353396574723633,0.05613012332123593,12.076080134928182,11.073634098477706
prime,103409,-1.7309914859833322,2.995856190170519,3.45998350237827,-0.45078871280449306,-0.827544540014749,0.9423589705097278,-0.8226391513996465,0.6619009642692592,1.0558636559310608,-3.156626165549709,-0.5216710303797775,3.199442047134243,1.134925201851232,1.1072929945913956,1.5856080819888123,0.7077464801284942,1.9598181294181525,2.083696758295299,-2.449802292849264,-1.0298905449641858,2.6574811022199456,2.6364099538812433,-0.9276380813717447,2.794847018163096,-1.9732653960950324,-3.5859941264137367,4.093058782634316,1.6306721172430831,0.22697229022131837,1.646392412058058,-1.6375178207694676,0.17264771006497448,1.6465940134496617,2.5729418273483176,-1.172709332265173,2.8275920541868005,11.9714858367298,0.8880404293001541,1.1148480599161055,10.236429412970557,2.51415298966824,4.341792180530339,7.062205808656137,7.811169854935151,16.753130198099907,2.7106079744823504,2.7112718451282647,7.99527682490033
prime,103421,-2.1787613245762594,-1.693622924602407,2.759594086130804,-0.34658833255362187,3.439583310166851,3.457001131015241,0.19798136720256904,2.130427100179501,2.1396065645203644,-0.026888921132195764,2.050469258827509,2.050645555788783,-3.62212114788609,-2.764798130670601,4.55673899991247,-0.3975719414876324,0.23006186395010966,0.45933855695167175,-0.6085661885814057,-0.9250789186545787,1.1073047510164595,0.11093138703514449,-2.352184390038709,2.354798755174487,1.6996000967863933,0.23562905867800632,1.7158559211920448,2.4846315983192797,0.3217340492228483,2.5053756161094785,-1.953576016069301,-1.4688921925224074,2.4441979305724173,0.9272774718723397,2.9937782944079445,3.134095082461618,7.615359520208108,11.950856819840654,4.577916250938636,4.205147195476286,20.7638703133233,0.21099190990244418,1.2261238116236235,5.545077177371314,2.9441615422898004,6.2769069777959485,5.974103523814487,9.822551985910096
prime,103423,-1.2529269952030662,-4.508869309137617,4.679714574863698,1.1777886018854398,-1.9208708635370768,2.2532045768453726,-2.6888372567038124,-0.627824369145238,2.7611608485437964,0.3347227425531112,-1.6287808323334219,1.6628187857247196,-3.3634024734683496,2.189510761299243,4.01328214462654,3.5060262394873853,0.682170728850192,3.571775034247546,-0.7230303904780178,-2.289784066113028,2.4012255235566493,-1.0859000690828373,0.19276791193279197,1.102877340371557,0.44279886608007313,-0.19124189792553292,0.48233214626848014,-0.7426819092366226,-1.465609138022002,1.6430418630579535,-3.114823072442541,-0.8840541601392061,3.237850294667718,-1.9382055052187663,3.879891519090358,4.337072604922544,21.899728502191717,5.0769308651169345,7.624009231531097,2.764966314159031,16.106433572378204,12.757576895274058,5.765884014979904,1.2163384279050393,0.23264429932395853,2.699586563760951,10.48367453067983,18.81019878036962
prime,103451,-2.9432264142911486,-0.045444367793089246,2.9435772312520094,-0.2693176576075929,-1.0553738210895105,1.0891950711145892,-1.878465940476125,-2.1517573353788544,2.856342752522106,-2.0016925583993324,2.402338389080044,3.1269798262858948,0.20463338016098542,1.085890661506844,1.1050037778324024,4.498917605793148,-1.9795019702560972,4.9151487946921115,-0.5126242208195162,4.694061426075767,4.72196953225487,-0.3113343863714886,-4.573320728651723,4.583905713172211,-2.9353352636223495,-0.8252391106523547,3.049133106247606,1.787553646516347,1.2185031394862484,2.1633534015762965,-1.7756527251016747,-0.43329395938621895,1.8277544297310813,2.2506705805573812,1.2117376388171606,2.5561350057289003,8.664646916345246,1.1863459029403152,8.158693919885561,9.778002833998965,1.2210333490238814,24.158687673963318,22.296996263543278,21.012191587252833,9.297212699615175,4.680097940111733,3.34068625540159,6.533826167512685
prime,103457,0.6187242703366502,2.603968746999308,2.676466506058457,-0.9134009985673371,-3.3869638373532656,3.50796599466451,-1.2910861777208624,-2.7323788414798162,3.0220518942712498,-1.1131885794710803,-1.500536056425221,1.868367541490966,-0.8206301755763435,-1.9018587350636857,2.071352344050742,2.078498092430782,0.9893564167216337,2.3019514416135434,-2.176103228643352,1.1129831998610564,2.444208842321985,-1.629660476811992,0.426415803532433,1.6845247719120369,-3.927136830347495,-0.9265915608374031,4.03496909590233,1.7348747811203082,-0.19343834039775054,1.7456256464955693,0.7222488991839215,3.134589239328241,3.2167208725167287,1.752653846253513,1.9135278216115292,2.5948765344171187,7.163472958052764,12.305825419722565,9.132797651668449,3.4907972700969965,4.290500533204504,5.29898043954667,5.974156864884979,2.8376237071853,16.280975604886866,3.047208897703074,10.347293171684784,6.733384228868596
prime,103471,-3.0387106775326798,-3.087425197097737,4.33196917457005,-3.577507785487813,1.7997370567121131,4.004699168293255,2.324391683518777,-1.5085365199764216,2.771006880271831,1.0230598989166015,-0.14359589821333318,1.033088253129877,-3.3882038592939088,2.946513516073229,4.490196798864874,1.266271376179958,-0.9016419474881077,1.5544778543301387,2.0979356388806796,-0.8428091547595631,2.2608983206310307,1.5124096397456865,0.37367406863995156,1.557888066572696,-4.01535264884938,-0.8960312358954798,4.1141133759684,0.2747378579016848,-1.4375637360817677,1.4635813560789084,0.30134182703226964,2.5014516314422837,2.519537092635155,1.8578381311000147,1.6564433843389237,2.4890494585060745,18.76595692942512,16.037615428528692,7.678479130513825,1.0672713387549408,20.16186729253636,2.416401399602832,5.111661216232215,2.427015227969613,16.925928870322107,2.1420703858617762,6.348067161164408,6.195367206889383
prime,103483,-2.392148261564034,-2.3123968214608257,3.3270936814592345,-2.8585105751399946,0.08580907443410057,2.8597982280997414,0.49160184258209905,3.398563868301203,3.433934876865395,-1.300620426433953,-0.18698684863877435,1.31399298903042,0.4779175455508792,-1.656009316895614,1.7235927703464224,3.4338901515406883,-1.1928183683413036,3.6351639897947576,-3.708914053178364,-1.7981290995577868,4.121809276584793,1.862842790315076,2.622585845561973,3.216852464563904,0.0734932777697137,2.3334529215358133,2.334609988606525,-0.1597374957683957,-0.5596006344564696,0.5819526936430842,-0.17403666297337783,-0.6561688789411402,0.6788566547878733,-0.3563914209839414,-3.158911632207957,3.178952271590388,11.069552365205961,8.17844590544242,11.791908738552554,1.7265775752210977,2.9707720379904554,13.21441723270054,16.989311712540456,10.348139778770864,5.450403798901359,0.3386689376384414,0.4608463577497817,10.105737545049688
prime,103511,-3.7682400607741835,3.6382972539236507,5.238018715462155,-0.15215892388253116,0.8602913102128601,0.8736437927123671,-0.5724896224292935,-1.9260643357257787,2.0093452150250393,-1.14593657069257,2.036035566867459,2.3363671487161306,-1.298314109074953,-2.5145225438053673,2.829919283147225,2.646398679674432,-3.5444710044695937,4.423426349936016,2.513135498490617,5.600967391105585,6.138948260899564,-2.63800576399848,-1.3625750056277797,2.9691219336448187,-0.7427217771981884,0.5559444417032439,0.9277445017811569,1.8256653180881655,-0.2124379129730224,1.8379836018143076,-3.279986274784717,-0.03311959945725684,3.280153482787709,1.8805440365680228,-1.1451288002992202,2.2017642568509204,27.4368400635318,0.7632534765448495,4.037468193144021,5.458611453599942,8.008443149128505,19.56670067330827,37.686685750001786,8.815685056850747,0.860709860585167,3.378183720538295,10.759406870644336,4.847765842746286
prime,103529,-5.493306644115806,1.5965263709950372,5.720604368383592,1.119891957168309,0.2522926093226613,1.1479588653122998,1.5646386833893464,0.0010169302704250427,1.5646390138640678,-4.517600218081217,-0.045723392310540345,4.517831599231188,2.5340761436943056,-1.038149455235175,2.738484287602486,1.1680878102451928,-1.6796117618508393,2.045855518601226,-0.8941427411704534,2.818027133198578,2.956479014813264,1.4819713624651039,-0.34949274080835613,1.522624147662322,-1.7693674462754736,-0.4301448404409379,1.8209024530977356,0.05953229880739319,2.406210368626743,2.406946703333528,-2.0164886555011727,-3.9465971313642854,4.431913290561734,3.7108130906491894,0.3730622219593013,3.7295186304919565,32.72531433956944,1.317809556449103,2.4480952437055223,20.410802359011836,7.499296193445695,4.185524802991091,8.740768165031207,2.3183842950444125,3.315685743697351,5.793392432688138,19.64185541505774,13.9093092151866
prime,103549,-1.2334476417571465,-3.356102407724342,3.5755861695796667,-1.3599686006100922,-0.8571235665437872,1.6075370611497932,-3.2037170691441927,0.2384874839582117,3.21258141361905,-2.1274811045133273,0.03789297153489801,2.1278185372237433,0.9538575821894276,1.4065595823888075,1.6994864359299953,2.9540963125411666,2.6632391764091365,3.977377016895649,2.777268167075938,-1.4331148940758465,3.125225875272916,-0.334751508568914,-1.4981585610654382,1.5351018358997648,-4.261484600211098,-1.4101370405860572,4.488734506636491,-0.24471409036235944,-1.0421068955683443,1.0704540007926397,-1.45498068699471,3.400092264704767,3.6983234320476606,5.051491532344262,-0.6217773429164234,5.089614304199287,12.784816456089393,2.584175402970114,10.320679339130573,4.527611727352991,2.8882541459100377,15.819527934529733,9.767036771475363,2.3565376465828285,20.148737471069143,1.1458717678129688,13.677596208032787,25.904173765509995
prime,103553,-3.0153859229442546,-0.33728318793682577,3.034190536725603,-1.483370163705879,0.3352111244296577,1.5207739938972529,-1.8806662061056318,1.2667585737198954,2.267505824221983,3.091743265998852,0.6813283566196007,3.165925575938767,-3.1749872628588576,-1.8199294617431616,3.6596020774172615,2.007310007756187,-0.892792285534488,2.196900437513735,0.40781297113957615,-0.44183132644355316,0.6012706050162092,0.4244985295186623,0.11891982740198515,0.44084115836979715,-0.11340726077218316,3.2925406790771268,3.2944931825963026,-1.2016616682659558,0.050456918179733745,1.2027205267941161,0.07696938669294617,-1.902301774494458,1.9038582740668097,0.2812308759735267,-1.6011161919260883,1.6256272222280037,9.206312213155202,2.3127535405142017,5.141582662880614,10.023084752383214,13.392687365036736,4.826371532348039,0.3615263404565583,0.19434092691282456,10.853685330173516,1.4465366655719163,3.6246763277326517,2.6426638656487356
prime,103561,-2.7670937324442657,-3.318277965909712,4.320622221760916,-1.760070785738337,1.829172565452926,2.538448629579729,0.2808447979702303,0.08855126138221459,0.29447432220708275,-1.8433588682502513,-1.9563950151258303,2.6880203444851465,0.7417468823660435,0.18575075508541494,0.7646514111113292,1.0538350819212186,1.3460513788959985,1.7095094894488654,-1.3155917139800846,1.933384882058994,2.3385377183332596,3.1602025587264673,0.41509504588685253,3.187347503693489,-2.5384098833498676,-1.9721191073606739,3.214463953679579,1.767759888388523,-2.6413146053085863,3.178288512267547,-1.386601707795305,0.29244914694843793,1.4171064884516356,-0.27599430563203387,1.5812991024555485,1.6052039459732308,18.667776383174232,6.443721445015204,0.08671512643932079,7.2254533723660455,0.584691780514547,2.9224226945157206,5.468758660067328,10.159184109301115,10.332778509505351,10.101517867211856,2.0081907996117256,2.576679708168031
prime,103567,1.6844976064343862,3.961190385656687,4.3044815550193904,-2.7726076282142245,3.9520467499075083,4.82763156977479,-4.659947133566407,-2.518608236670801,5.297026971562422,-0.5575795546466091,-5.497639432930605,5.5258424058484925,-0.01583397985166668,-0.9379969638857116,0.9381305981454586,2.6191903420724953,1.1302280344163111,2.8526432405378688,-1.8826017756862234,0.6222614312192563,1.9827755129111209,0.8808818078495032,2.3678220301085573,2.526367733657873,0.5758527786114044,2.476472315008584,2.5425423397926825,-0.5527005023518758,1.079138541146718,1.2124429208372174,-3.155064532476432,-0.4437467732812582,3.1861172927072623,2.8369479256995067,-3.8912312916092757,4.815594926686622,18.52856145750215,23.306026573486207,28.058494737459768,30.534934294273455,0.880089019176756,8.137573457786393,3.9313987345999584,6.382533925667619,6.464521549638449,1.470017836288283,10.151343402888255,23.18995449792993
prime,103573,-3.453926298050053,-5.747438465269294,6.705419881291461,-0.10472284819504274,3.219901247775882,3.2216037807841555,1.280198831505544,-1.864358160710598,2.2615791826943323,-0.4326852032988592,-1.0508687900054994,1.1364601616252976,-1.6119877464697243,-0.2649840847517435,1.6336220676583246,0.9582189002036302,0.5749143964910709,1.1174569450319538,-1.0985767815225527,-2.533201138231446,2.7611553653566006,-3.696924963435589,1.4541011065600102,3.97261427946035,1.234319997207532,3.8328504551458553,4.026696967368937,1.6458950777656223,-1.3853895725997891,2.1513425749706463,-0.5360761237369897,1.5316359866712919,1.6227404000971375,1.5110364997012071,-1.4865774409973724,2.1197037037075663,44.96265578441879,10.378730920362765,5.114740399596364,1.2915416989613975,2.66872105994026,1.248710024000147,7.623978951637542,15.781664213372276,16.214288467018196,4.628274874881331,2.633286406107418,4.493143791511574
prime,103577,-2.0038125619118348,2.588851222586433,3.273746391515833,-1.0857109618352219,-2.993865912405889,3.184650906161476,-1.7735500351688493,2.2756391488325076,2.8851366107944636,-1.6183452200410358,0.45880390735795074,1.682124334476079,-0.23423483002761802,-2.3741304631833384,2.385657438068844,3.229631627203408,0.7439557205449906,3.314210397902364,-2.650140175888077,2.2147834844163103,3.4537673393990134,2.582149705094623,-3.118473836408297,4.048749951266851,2.3173135877577824,0.8487550533473249,2.467858870476484,-2.434614865067295,-0.941869057212708,2.6104533824876857,-1.2952788335376946,0.8076354313202254,1.5264410393246695,-1.574910914939039,3.9104350748997,4.215666835151937,10.71741543596294,10.14200139411511,8.324013262946565,2.829542276636592,5.6913614118132,10.983990561564147,11.92850883469934,16.392376167883327,6.090327404589467,6.8144668621413995,2.3300222465345772,17.771846864999947
prime,103583,-1.7248378248689327,0.18700377578958152,1.7349455133398717,-0.3736224324601033,-2.7044359131730316,2.7301222189670287,-4.195410740144148,-1.4725241642500189,4.446324177656987,1.5595393679594807,2.398370126660677,2.8608289541099463,-1.9373838990002592,-0.4384205465545409,1.9863707981508962,3.986030074502411,-0.7489884567154612,4.055788389836272,-1.8977864605167625,1.0931729289969168,2.19011883294319,-1.6888397288642631,1.3362856571995276,2.1535642519849487,-0.9180273669415535,0.731831891130511,1.1740324370856634,3.0319356809060785,-0.4703647963893558,3.0682042003155208,2.7291407960489513,-0.9782296525402973,2.8991624200392456,0.3226744916820506,-1.6729027593766275,1.7037377937676337,3.010035934258151,7.453567330497452,19.76979869281708,8.184342304673809,3.9456689477466287,16.449419463130702,4.79662050241244,4.637838987427492,1.378352163329302,9.413877014833805,8.405142737767815,2.902722469912204
prime,103591,-1.2688572182150968,-1.1133730674742326,1.6880753027023219,-1.729943421839495,2.135943771527695,2.748628755924251,-1.8031338456918244,-3.0974921983181556,3.584096759871478,-1.421211834386165,1.5875919343302431,2.130795914241843,0.39780207257127,3.8637159342502225,3.8841404852967236,0.17739852875041262,-1.938214858259569,1.9463162833365426,-0.15736449153520654,-2.302573988038072,2.307945093277933,3.4452444513697547,-2.4494439354894397,4.227231354302728,-1.5364379248810516,2.0664623124652124,2.5750549481228293,1.2827174467542406,1.223762425855323,1.7728391137221173,-3.000329772550084,-0.12183976531363494,3.0028026362819986,1.984299163897668,2.32950312228311,3.0600699287061635,2.8495982275935354,7.554960037893695,12.845749584121226,4.540291228149732,15.086547309521068,3.788147074780973,5.326610553585687,17.869484922800076,6.630907985851867,3.1429585231430224,9.01682367246212,9.364027968571744
prime,103613,-2.762214543270233,1.8119960782497742,3.3035070713782564,-0.7938799423902505,-2.4629828006660888,2.5877653756294285,-3.862093328219887,1.1907627833453298,4.041494882104997,0.6712700672622566,0.5142108907298626,0.845586390233117,2.766346110484525,-0.8981118801888489,2.9084834110459026,3.0392375476170246,1.1501042363856102,3.249569913911266,-3.106049730916741,-1.7028033325306438,3.542186347470362,-1.9569968721921327,0.8367978624540889,2.1283955037486626,-0.6631749489918035,-0.6285231545722,0.913697088100685,2.7307128774988843,2.816336980541117,3.922823830775694,0.1092791665146089,-2.4988549459638345,2.50124328628825,1.0429792741777593,-0.4203273974441204,1.1244913905435263,10.913158970646144,6.696529639306517,16.333680882080884,0.7150163433474732,8.459275752329209,10.559704625397272,12.547084120205422,4.530067420377523,0.8348423688036708,15.388546807301692,6.256217977202045,1.2644808874065134
prime,103619,-2.650984115583629,0.3415116347393118,2.6728911271765323,2.2711753687502547,0.9905215480201975,2.477775311183438,-1.0732136495430222,-0.46559724293253846,1.1698582521792265,-2.2160556594000416,2.3992700999757672,3.2660985438588166,-0.27454504025214943,-0.7691943566822748,0.8167220686861063,2.119216196727028,2.767880631932227,3.4860063799562546,0.41255064906822003,-0.2477623141219032,0.4812319631379968,-0.5262385989225136,2.286602113790929,2.3463751383333986,-0.6249986867508752,-1.651216074728001,1.76554181028954,-3.8774183841444714,-0.3232564082537923,3.8908698296368986,-2.50159957025313,0.3974596832320276,2.532977419892556,1.3135106344254373,-3.7913872014988432,4.012471445186613,7.144346977739033,6.139370492710182,1.3685683301918345,10.667399698196682,0.667034937478913,12.152240481095712,0.23158420234565033,5.505476289789075,3.1171378838804658,15.138868031178669,6.41597460968555,16.099927098437945
prime,103643,-2.4040158211003195,1.1391467686001422,2.660253263979351,1.5699807321867918,-0.21587328397014305,1.5847525908386548,-3.195028845232777,-1.6590828650952605,3.6001062866424083,2.4091594823997924,0.46774117943418414,2.4541457215445295,0.3955465741307812,-2.5815531593797827,2.611680265080382,1.840535724140638,-1.2710765078578699,2.2367850233462447,-1.4615148223908445,-0.7651243639962778,1.6496790198244176,-1.8637731576153889,-1.1155085545661625,2.1720979992527796,1.0962996722705447,1.5873772606785503,1.9291551360996975,-2.106966837397295,0.631858337736116,2.1996713874710028,-2.0119726927397004,-3.109384105643244,3.7035528392014436,0.17133644110540358,-1.7606218883302591,1.7689391198450761,7.076947428512789,2.511440774169829,12.96076527512219,6.022831222575319,6.820873807010334,5.003207240666061,2.721440868448851,4.718009718357928,3.7216395391398422,4.8385542128586065,13.716303632757073,3.1291456097182726
prime,103651,0.3549788228884809,-1.1362354597974145,1.1903953061064771,2.3732234632042095,3.293225422049094,4.059251567313045,-2.5444192958004774,0.18541068457532373,2.551165748201494,-2.280654286055734,1.5016176899322464,2.7306115906920647,-3.286008611652442,-0.15391978697706504,3.289611511512731,0.37277245793368197,-1.5509067929103226,1.5950771723303234,-2.9019239128905276,-2.9739982448320936,4.155216956606507,-0.3979300509704983,-0.12919123273966404,0.41837626615545176,-1.7000682705212247,0.13886099399356078,1.7057299024423263,2.2530635023936973,1.2814090969991412,2.591969216578528,0.49895388834670684,-0.2106150926412098,0.5415844347325386,5.1134363988185525,1.4933670477781398,5.3270420445264035,1.4170409848003334,16.477523286733412,6.50844667479649,7.456239659221848,10.821543896677076,2.5442711856893,17.265827956470243,0.1750387000821774,2.909514500085908,6.71830441969071,0.29331369994456336,28.377376944152044
prime,103657,-2.276198797445017,-0.5085746624230337,2.3323226948149443,-0.46742215774716567,1.499959807965662,1.5711024470305563,-0.15449741312044635,0.28947432114569216,0.3281231983015971,1.1876993319533564,0.021853347988956218,1.18790036280017,-0.611685890161191,2.9323696322851913,2.9954884891400733,1.732228050140793,0.9562345098847207,1.9786355034692582,0.33484085920934903,-0.7242831112492161,0.7979376079850475,-5.613214986939957,0.7334394606590247,5.660928893040358,-0.33639379269177383,0.4262268275902049,0.5429825893333656,1.9477807085855448,-1.104910856112947,2.239347603364483,-1.7457640664430762,1.6695898695962998,2.4156205224211966,0.4184842751860961,-0.10905132365202852,0.4324595700967799,5.439729152748844,2.468362899065402,0.1076648332636692,1.4111072719407758,8.972951288570679,3.914998455589045,0.6367044262368994,32.04611593205914,0.2948300923191664,5.014677688694253,5.835222508342455,0.18702127976829167
prime,103669,-1.667802008216975,4.478956756867406,4.7793950630284545,-1.3036580207146398,1.2415390654138259,1.8002620603462842,-1.3037635190514916,0.6663718182453399,1.4641894391645944,0.25748416231466165,-2.374281845093226,2.388202749722514,-1.080609455096432,3.140189134564257,3.320919239499694,-2.437400038696493,-1.1271012384166184,2.685381937504969,0.07096520172990373,-5.335031066098337,5.335503025591021,3.1404022488964767,1.0965484379059327,3.326341047088826,1.8853270561749582,0.6137203869689294,1.9827029081853456,0.7888623338783284,2.119074927805631,2.261146242830481,-3.7229600248699493,0.9487024848390132,3.841935417406098,2.3566763470144796,-0.4690923542388658,2.4029088708028175,22.842617168500766,3.2409434859222483,2.14385071376113,5.703512373782177,11.028504595279225,7.21127615027794,28.46759253609094,11.064544761547987,3.9311108221266267,5.112782331466401,14.760467751519368,5.773971041382871
prime,103681,-1.1005645347191126,-1.6169685086588628,1.9559727638890996,-3.603397047715114,2.32243573444078,4.286977726101394,-1.9667034269299168,0.22877196083717913,1.9799643884583296,0.7553581920993698,-0.3276149461628961,0.8233453414703613,0.1792826924635731,-1.1910842426536865,1.2045015387764744,2.406297348005148,-1.7033408225354307,2.9481582190805646,0.9866246609474016,1.919657389509453,2.158358801193125,-0.1385319517547009,1.6951773817682447,1.7008284620488947,-4.430924998680178,-0.24463789570426298,4.437673269174235,0.7711222714350631,-2.0670644871985253,2.2062151190988772,0.04784327853624737,0.46114508908893126,0.4636202891288682,3.768838799618025,0.9277266685512096,3.8813428950618833,3.825829453075963,18.378178024089483,3.920258979563167,0.6778975513209459,1.4508239569148946,8.691636884732286,4.658512714687824,2.8928174573156085,19.692944043943545,4.867385151740473,0.21494377249193536,15.064822669047363
prime,103687,-3.8882037539229923,-1.673385242650155,4.233006803956281,-1.0109011876056582,4.326296196639033,4.442832428997957,-0.7012951495639332,0.11396430021029788,0.7104947209686517,1.1483104625937866,-5.150839110011331,5.277287225054619,-2.002540841742763,1.2277924689163848,2.3489666173821213,4.555784616365516,2.139185700894223,5.033019862232117,-1.3070969006081916,-0.5353827263090749,1.4124931756329582,-2.8573377876496555,1.1734247336031634,3.088900263550489,0.8928416184283731,-1.2559137285544246,1.540936549365117,-0.08878127485301643,-1.3538895495535375,1.3567973419618742,1.9250298402512915,0.56004436889813,2.0048415351324946,-0.4482474021673122,1.1681997739836039,1.251245957230267,17.918346602340165,19.738759992155888,0.5048027485243223,27.849760455724677,5.517644169575605,25.331288933623,1.995136971209679,9.541304838162281,2.3744854491692737,1.840899027154807,4.019389580992418,1.5656164454850872
prime,103699,-1.7335196417762737,-3.041894156183497,3.5011727186540584,1.8071211949758774,0.6722413529417112,1.9281067008690016,-0.3732395416996299,-0.6784058183513049,0.7743011105900943,-2.188506890034025,0.3098683316078753,2.210334995121746,-1.630417437290343,0.005538922884003927,1.6304268457944149,-3.299411491155635,2.8139991754418983,4.336439501175767,0.3235909228932419,0.7297980619315959,0.7983209232996549,0.49561734670020696,-0.13593816241734846,0.51392191853584,-0.6155965905235969,-0.4931215030579983,0.7887508979661808,1.9661170125540397,-3.1732540277010064,3.732982350798766,-2.0745170733930762,2.005315843025074,2.8852924839757126,5.2214254407393295,-2.815775710491746,5.932274141085793,12.25821040584745,3.7175954499359456,0.5995422098610534,4.885580790659849,2.658291699487125,18.804707547357534,0.6373162965780135,0.2641157383515586,0.6221279790424565,13.93515723137508,8.324912718086738,35.191876484995184
prime,103703,-1.528768709635037,-0.4513245497250947,1.5939973703691408,-0.6764379535574278,-4.3542428020350386,4.406472362796221,-1.8651561167355521,1.0478444063840475,2.1393422446598818,0.8572311636478835,-1.499375162976619,1.7271280054704303,-0.4309485131686079,1.087291498249427,1.1695808750008345,-1.3055854849743942,0.07795850451014996,1.3079109247197542,-0.1326053863006318,0.20527670790722508,0.2443823137732516,-0.9475815281268725,-1.108386054950897,1.4582285140734532,0.6113120086695191,-0.18587628237091247,0.6389462921808008,-0.3565764972736677,4.999059366875889,5.0117603047190435,-1.847929821099125,-2.8014544763012115,3.3560381115975932,3.306614869578428,0.270664655584133,3.3176740725242495,2.540827616743736,19.416998684086906,4.576785239786381,2.9829711472802667,1.3679194231677176,1.7106309870012826,0.059722715285167996,2.126430399256871,0.40825236429159323,25.11774135195752,11.26299180649554,11.00696125149964
prime,103723,-0.9342915347744656,-0.5845503286140501,1.1020888161278204,-2.67936062455013,-1.3895585612328825,3.018252201437988,-3.749084409636477,-0.29024452413226387,3.76030262005175,1.566325842732013,1.5253864168024702,2.186362359302691,-1.131207416225346,3.5575195015979335,3.733038336633155,4.287549914874724,-3.9002133299729604,5.7960976779071816,0.40966675006041114,-2.519181213833314,2.5522736597464912,-0.50638580315294,1.666980166249063,1.742196732950272,-3.3592090695018673,3.2728016860411064,4.689937787303485,-0.3608850345484703,-2.094506749647267,2.1253697401814606,1.1236140627139088,0.9226959473554179,1.453917595049516,2.142552913691482,-1.3394859247355881,2.52680737899283,1.2145997586340207,9.109846351485261,14.139875794368058,4.78018036617563,13.935575222772835,33.59474829184102,6.514100834235748,3.035249456302602,21.99551644877711,4.5171965324790095,2.1138763731945684,6.3847555305326145
prime,103769,-4.773785510675236,3.186729331326444,5.739710091378232,-0.8308708385917778,-2.3016093022824067,2.446988298046215,0.6884186210418626,0.9896706433010821,1.2055572072735319,0.24600459616483228,-0.8921753524551317,0.9254702160862124,1.8974949525006752,-1.2401275751398315,2.2668046888489837,-2.702215229926858,3.4943677294267386,4.417303813109037,0.5083782917126913,-1.8763928095087379,1.9440417853175915,1.38798015494905,-0.22812518336443466,1.4066022926959296,-2.1771647863473067,-0.6074391252303356,2.260316083597891,2.4556671104141814,0.7147554796000919,2.5575723553378293,-2.11311662919419,1.6905844793481986,2.7061666191108844,2.6703452790095716,-3.1808323910746914,4.153123957846508,32.94427193306911,5.987751730775112,1.4533681800091576,0.8564951208626607,5.1384034973877375,19.51257297730764,3.7792984630608086,1.9785300098174456,5.109028797771307,6.541176352788292,7.323337770390035,17.24843860923864
prime,103787,0.27549967276867654,-1.3627092577050233,1.3902793211188258,-3.1224533417906466,-3.4047299654308762,4.619729538529557,-1.7726799416606012,-1.146877782792933,2.1113320023695628,-0.1495347461144465,1.3784703872722037,1.386557337033666,-1.958815512111903,0.27931514118913847,1.9786296163222983,3.851036491013522,0.5918930439020618,3.896257105291871,-1.607352782309858,0.9570835622398909,1.870719624077601,-2.967907710103596,-0.6973941073276264,3.048743137200586,0.4931287139779755,0.11933254735205223,0.5073619865609778,4.170066846789467,1.159377544841083,4.328234489739944,-1.886366139062094,0.11823042593008992,1.8900676295348908,0.6310780091604594,0.6310176433278541,0.8924363954013573,1.9328765907306231,21.341901009162516,4.457722824229867,1.922541248881891,3.9149751585877253,15.18081943053739,3.4995919119090404,9.29483471662767,0.25741618540710176,18.733613798174392,3.5723556442156412,0.7964427198369678
prime,103801,-2.3082338313882946,-2.844126407985085,3.6629221183317053,-1.876356317593044,2.7279238059237088,3.3109336027013017,-0.6860733989025741,-1.909321400559584,2.0288432466103785,-1.1199039162502082,0.5654304453921034,1.25455026611486,-0.3494271049019393,1.199115793036929,1.248990787296181,1.5163558967332071,-1.5382242434681934,2.1599696823684504,1.529535011184473,-0.15042450609766825,1.5369140777785248,0.6401917826514046,1.2359159907722883,1.3918814083179034,-1.5033391947187018,2.6265014477852806,3.0263077486593546,1.2317965894724328,-4.927793589381959,5.07941655088356,-5.309636443110965,-0.8348253688659949,5.3748648870938425,2.9144923947172945,4.054551880916786,4.993361280130929,13.416998444963628,10.96228132149662,4.116204919316541,1.573896370208866,1.559977986750734,4.665469028750865,2.3621048824738136,1.9373338548210302,9.15853858959565,25.800472497389844,28.889172554514303,24.93365687391079
prime,103811,-2.493436261866837,-4.576283735059474,5.211487044573972,-1.573738694430896,0.05991719760101122,1.574878899762588,-0.03586890312423208,-0.43172936192319933,0.4332168281102991,-0.018676123328664,1.533088410108986,1.533202162401647,-1.4272122677018868,-1.8131882131300858,2.307506522918762,0.25780874795147435,1.26167831649923,1.2877490146937165,0.4506374350812312,1.3948899989808234,1.4658759180617276,-1.4562778801730778,-2.068966189008876,2.5300921634484594,0.32000829114847534,3.7810286027464217,3.794546428914835,4.179495950455823,-0.36754132990288446,4.195625463392008,-2.4399435502865825,-2.8894376271755045,3.7818215624117837,1.8262257222197178,0.25643683039103116,1.8441421410720835,27.159597215762354,2.4802435489174197,0.18767682015794843,2.350708870793086,5.324586353312636,1.6582975248446377,2.1487922071533125,6.401366355543306,14.398582601190329,17.603273029063402,14.302174329922705,3.4008602364779286
prime,103813,-3.9666620560897594,-5.76101487855476,6.9945478980525655,-2.008961370713528,1.9130185910026305,2.774088304027265,-0.40659910395535626,3.5853410950669966,3.608322823600115,4.933542572787966,-2.400737837104536,5.486655126761355,-4.806812771010421,-1.1669948550090568,4.946445795433979,2.2485178209932384,2.2428795562486243,3.175900044894708,-0.203093868877122,-1.0438429764148605,1.0634167945759143,0.25440917383541095,-1.1764286705440128,1.2036230492183049,-2.3508009912200083,1.3067194078200224,2.6895689080398153,2.11914244059351,1.1593698146843767,2.4155543982129455,0.8506324998708278,-0.8132670626945023,1.176851292687499,-0.3308344792147801,-2.1132922107783934,2.1390314211750012,48.92370029815156,7.695565918540868,13.019993599313507,30.10338448001666,24.467326007166488,10.086341095162208,1.1308552789861124,1.44870844460957,7.233780911094485,5.834903050725905,1.3849789651002373,4.575455420773945
prime,103837,-2.246991761605968,-2.2711138764873358,3.1948286678159166,-0.8229833304566564,-1.3861204359984,1.612027116801056,-2.21469351718647,0.9815697268074123,2.4224670283932777,-1.7581430415839858,-2.535145884569941,3.085130728303437,1.708246956022065,3.8821168408502507,4.241336915262896,1.2412525463726771,0.43195119828583795,1.314263946693063,-0.634451884997014,-0.1017093427105501,0.6425527097218379,0.8060073690883645,1.7711929529679082,1.9459630920621094,0.9825762800661693,-5.513090867300155,5.599966701441809,-0.20733100110093522,0.13701795463103095,0.24851572165315267,-3.3672095036691325,1.4959035575292225,3.6845389528444814,2.0845501910890945,2.2579481708531057,3.0730570189029143,10.206930216698424,2.5986314253019254,5.868346503652557,9.518031610722096,17.98893882877178,1.7272897215772263,0.41287398477087645,3.7867723556679254,31.359627057257054,0.06176006390878725,13.575827295028308,9.443679441428467
prime,103841,-5.21064202562068,-0.48302969633655823,5.232982706517132,3.2372176416989804,1.2385420568438423,3.4660589271243043,0.07709580141861389,1.1250174950702876,1.1276560321350668,0.5721124585546473,0.6139409623360828,0.8391878040507968,-1.1487072044891649,1.2686224219247624,1.7114120167439406,-0.3598554226083216,-0.5335992634602897,0.6436024387352627,-0.41916815270051333,3.5421857654988838,3.5669008869803593,-0.9110822064528732,-2.723166145807295,2.8715335005160556,-2.050807187482008,-0.3769238162806268,2.0851574721126975,0.22258477165864232,3.4762304184444544,3.483349236394886,-0.7186836484468518,-5.974852593544899,6.017920712433413,-0.7718579969855,2.395059763424391,2.5163616667492312,27.384108006707365,12.013564486298083,1.2716081268106028,0.7042361704675986,2.928931091055562,0.4142240991459776,12.722781937541274,8.245704644585992,4.347881683507415,12.133721902692836,36.215369701135074,6.332076037884969
prime,103843,-1.9281123964901035,-1.041367137772022,2.1913609764551123,-0.6959190284658283,-2.815703609982485,2.9004292981297133,-2.0074175267150345,-0.9693547352112877,2.229209216121101,-1.7701613602787776,0.873640382549411,1.9740108306301396,-0.11056038105764976,0.2051547125765797,0.23304946674899676,3.1054013743887006,4.606602666856431,5.555565302140189,-3.5723946292003723,-2.44520283779463,4.329090008846961,2.6111685110127527,0.10522802663059994,2.61328795399457,2.0059400609756777,0.42770106941140007,2.0510299200652247,-0.30023238116410134,-2.3155874586232277,2.334969970092259,-0.31005288695012995,-0.12190877507899589,0.33315843400306,-3.162742657343185,0.7006351843649614,3.239418277738822,4.802062929130304,8.412490113449222,4.969373729239254,3.896718759445094,0.05431205395199175,30.864305826344008,18.741020304698583,6.829273930493127,4.206723733002762,5.452084761232645,0.11099454214737128,10.493830778148356
prime,103867,-4.6525816946157,-1.4843813733070559,4.883636399906737,-0.35818333080602643,3.4172535564626405,3.4359739765638304,-0.7411298721456512,-2.745441207914962,2.843716039534221,1.2612092131190553,0.08323251718907843,1.263952661761514,1.0854591650652496,1.4150240581895104,1.783399754479982,-0.48136679423737094,-2.486394095777255,2.5325618630371807,-1.8949408229832043,2.8275945968636997,3.403834885364014,1.7579327239578566,-0.7372753508857713,1.9062797289447388,-1.332184369094879,0.33224735718312437,1.372990713594193,1.872434397196444,-3.282808662205018,3.779264913240763,-1.2325785200857575,2.3528724648612767,2.6561736848480324,0.6328105399920823,2.3805487567649934,2.463221785154643,23.849904486494037,11.805917167623862,8.086720913504195,1.597576331174016,3.18051468427926,6.413869590110355,11.58609192682105,3.633902404985627,1.8851034996158913,14.282843284452712,7.055258644079174,6.0674615628604265
prime,103889,-1.140690327177336,1.3200910096484115,1.744653173633803,-3.8501459719093507,-1.598223776180005,4.168686033243194,-1.845309682226112,1.7465043934890776,2.540756859637318,1.8714310910542309,0.7560106115637655,2.018367254332434,0.38241597594372645,-1.6306813404787341,1.674921972165424,0.12922019139435142,-0.5559518138018149,0.5707716506042682,-0.4497096494155568,-0.2572836188542841,0.5181058089890709,2.286667516268821,0.4611648114693333,2.3327068639879647,-1.6701562963001364,-0.27493647426583095,1.6926346678928432,-0.02283676764947551,1.9944147637061915,1.9945455040299032,-2.2350262316070166,1.1337340968809375,2.5061315325421165,2.574963687039209,-2.08540417873306,3.313510008774361,3.0438146962705006,17.377943243756878,6.455445419794085,4.073806373361448,2.8053636128425135,0.32578027713352076,0.2684336293082196,5.4415213132965645,2.865012118952716,3.9782117676459006,6.280695258401898,10.979348578247867
prime,103903,-2.9641955769826285,-3.0027081335370696,4.219325959654344,-2.057346864430799,5.005140898530066,5.411479606791621,0.512491056917455,-1.544351007680263,1.6271653629374652,-1.5515287482181008,-1.4409698061748486,2.117459666405669,0.7496932672671823,2.235804814022375,2.358148248391388,2.3219884862525184,-2.244661901230441,3.2295723526691145,-2.4749324069277057,-1.4163936850707861,2.8515717578152175,1.4787340371691793,0.9177718262925383,1.7403906107018046,0.08603641970889536,2.444607244348083,2.446120774744259,0.8897962910252358,1.2309050642242232,1.5188366326419394,-2.6767298710517564,-1.7161503603143147,3.1796312461962795,-0.08954382593826737,-2.608907446766044,2.61044367159205,17.80271155381305,29.2841115347216,2.6476671183434126,4.483635438854807,5.560863161391371,10.430137581124718,8.13146148996937,3.0289594778190003,5.983506844635454,2.3068647166551055,10.110054861787706,6.814416162554982
prime,103913,-0.08643956668734976,-3.210294531279285,3.21145804522662,-2.5894600966490375,-2.018262312685268,3.2830909757335887,-3.427708001768835,-0.7459308729906213,3.5079331539626932,-2.1315319773265133,2.163228584721323,3.0369370227452683,0.46469895393488425,1.616418084319612,1.6818895745867686,5.120621633767144,1.339602708161507,5.292948264617532,1.0874945184410385,0.8255528116428243,1.3653504211193106,-0.5271443245083139,-4.296485635781634,4.328703034089915,-3.7896697553198404,-0.9845071451422988,3.91546308541176,0.9509222104177759,1.118598342859555,1.468167327968434,-1.7717473587500678,-1.3895925436837948,2.2516785162850046,1.4232296289433584,3.859981673762597,4.1140054810956865,10.313462776250784,10.778686354943327,12.305595012670649,9.222986480120895,2.8287525411036616,28.015301331917748,1.8641817724506788,18.737669957339236,15.330851173222177,2.155515302913971,5.07005614069944,16.92504109848535
prime,103919,-1.7074210721725827,2.586065523433513,3.0988742486894205,0.6132052424246339,-2.886039996215478,2.950465646146806,1.8469772576226946,-1.9439530433525012,2.681469452545544,-2.111288999631207,-1.1414785474011564,2.4001071880523996,0.014407272532003551,-2.739097259055961,2.7391351489237783,0.7640795141921943,-0.7074531827973939,1.0413008738392293,-2.3225336305270106,1.1832605656681061,2.6065816755271993,0.8485570316547024,0.9698200951919319,1.2886427173614599,-4.293136517788532,-0.5930994408913971,4.3339114097031475,2.3061697147259497,-0.862089988130676,2.4620353167154847,0.32261301280774557,-0.6618263892008068,0.7362698727202333,0.3696401311104619,0.8911187493875106,0.9647416504107823,9.60302160919042,8.70524752909249,7.1902784249349,5.760514514140797,7.502861364069689,1.0843075098583426,6.794268031194182,1.6606000530087273,18.782788107155124,6.061617900754317,0.5420933254754685,0.9307264520373201
prime,103951,-5.964362008356126,-0.8458217819982901,6.024037570734821,2.6818558819429326,-1.081832029990923,2.8918353190709505,-0.971400302299313,0.24779717752359687,1.0025078495931379,-1.7601440355642861,0.2903122245628539,1.783924946196774,0.4286735451383169,1.214046225123918,1.2875050466072306,2.160473714546762,0.05885243620266167,2.1612751515007225,-0.9006857920680783,0.44615356331719114,1.005130786561594,0.9618674662158349,-3.5895742567028615,3.716212099295245,-1.0838304847119873,3.5110500369404627,3.6745286611333765,-0.7729399986774195,-3.6325559511631176,3.7138792360395936,-0.8228140896922626,3.566434556322455,3.6601200076947005,2.0376695299431393,0.4001130522219093,2.076580739537239,36.28902865362468,8.362711512626186,1.0050219884958576,3.1823882136631636,1.657669245039087,4.671110280494471,1.0102878980939285,13.810232366948371,13.502160881490644,13.792898979886035,13.396478470727054,4.312187567817026
prime,103963,0.6103002420123829,-1.1530640215758747,1.304616044379764,0.1165405965131382,-2.9150697280304803,2.917398366681406,-1.7066885398178826,-2.1454527709025406,2.7414874364328368,-1.191584568170127,-3.1037076405116055,3.324586425537966,-2.871295179794824,0.3205098149894493,2.889128337581693,-0.14448258938263892,-1.332736857323689,1.3405456909422129,-1.8814706487616006,1.87816482944103,2.658464769129102,-2.9322092176829537,5.806910145185029,6.505232995867073,0.41928822600897997,1.1421544239452222,1.2166837488054978,4.049316336870489,-0.04135770463142108,4.0495275348833735,1.648196729281929,-0.5979914108018627,1.753324324193459,3.330049325358368,-0.5426214760241003,3.3739689648190745,1.7020230232531026,8.511213229915336,7.515753364119087,11.052874900871307,8.347062551017558,1.797062749503735,7.06743492870065,42.31805633051769,1.4803193446073997,16.39867325577861,3.07414618580845,11.383666575562296
prime,103967,-1.4505260327661365,-2.975234136495981,3.3099915315153376,-2.8451495240111577,0.49769796389168697,2.8883523118281205,0.44189795679998756,1.1260307715360753,1.209635938069853,3.812706576876209,-1.2925378611875797,4.025839734013075,-1.3071669479632446,-5.396941861131227,5.552987203503906,-1.8230826629851555,1.7835897974371795,2.5504554419944383,-0.6606090660126891,3.3437266565029526,3.408359178770127,-0.35389343536140616,-3.954444076244718,3.9702479161557207,-1.9801567561466928,-0.927448615317371,2.1865913456719577,0.24612713724966506,1.8907819267120596,1.9067340826847572,-1.135798085978676,1.80709239656175,2.1343898945188324,1.6229433745518085,0.06307915508205053,1.6241687648786616,10.956043938703251,8.342579077242847,1.463219102670133,16.207385563958464,30.83566688227813,6.504822961599046,11.616912291506575,15.762868515738843,4.781181712967503,3.6356348620716825,4.555620221824112,2.637924176807477
prime,103969,-4.472884151283556,-3.406790883353878,5.622536505324507,0.22256281976056502,-0.1581341494928757,0.27302127751442545,-0.13869595209294483,2.001264178098998,2.006064524802038,-0.6637459463386615,-2.329316058331316,2.4220388066422767,-0.8188801639119718,2.0778624526168836,2.2334003436114065,1.6439272713031237,1.3227778164196748,2.1100327070797116,-0.8159089493018488,-2.701985364066671,2.822486903633274,1.8246108949648985,3.6338803635016395,4.066237992821794,-0.4037012941587821,-4.145182563961901,4.164794499549677,0.6759332876196323,0.1415843857499205,0.6906025974469449,-4.55423773116847,0.01761121996746584,4.5542717823014565,2.4003436235433013,2.4206695939681335,3.4090014365275403,31.61291675370672,0.07454061797560892,4.024294877669227,5.866271980881144,4.988077094843549,4.452238024946136,7.966432321181347,16.53429141426741,17.345513223479244,0.476931947600467,20.741391467067285,11.621290794246834
prime,103979,-4.004659692228549,1.8535566905258403,4.412819014592958,0.7213774713269127,-1.6726091690645872,1.8215397027177145,-0.1359146266965075,-1.2402961426229497,1.247720845043241,-2.590892902800528,-0.08995738139691789,2.5924541199893847,0.15059757738782548,-0.17632950845336148,0.23188731286227401,0.8954436236492885,0.10066337587939977,0.9010840129408612,0.763948794750695,3.3686816508130626,3.4542197129779773,-1.1347831394993508,0.9943033790102327,1.5087650523534704,0.6653449630916628,-3.3510111611544535,3.4164249914337597,2.045712713707478,0.2837685966022916,2.0653002501917364,-1.4044384118212994,-0.9057987811292352,1.6712027658229691,1.4670820483095555,-1.7815677143261963,2.3078806852178535,19.472971655553163,3.3180068885769396,1.5568073071554196,6.720818364249935,0.05377172586648615,0.811952398377606,11.93163382552566,2.27637198320317,11.671959722093165,4.265465123442048,2.792918684494342,5.326313257201629
prime,103981,-2.626315995666928,-0.7135358419148405,2.721519631895586,-1.4690898734860742,4.000047102358139,4.261291104520211,-0.2815580851828622,0.21825330904159845,0.35624354343545284,2.462500107583276,-3.009257199972381,3.888384712889565,-2.5982323615488916,2.6084164302939397,3.6816637106649637,-0.43520474470203085,1.8693613814400933,1.9193527930609249,-2.0542636290264005,-0.9154761087126642,2.2490210232819963,0.5868544062733536,-5.637850594877248,5.668311690822955,-0.13141151812602914,2.101565117229091,2.105669710341655,3.920096369310617,0.562723895496286,3.9602795011520078,-2.094426454042513,-0.13815296129319599,2.0989779446452443,0.20945852451765767,-1.2980070326293118,1.314798513175409,7.406669106793085,18.15860187746308,0.12690946223944738,15.119535675433266,13.55464767842731,3.6839151442307734,5.058095563164398,32.12975742432019,4.433844929050309,15.683813727244795,4.405708412107175,1.728695130248266
prime,103991,-2.570185775149271,-1.9467102033703867,3.2242108390559747,-0.4125715504518069,0.29338028182163556,0.5062482335810665,-0.8560593728639253,0.38345184549081357,0.9380154410661309,-3.586469931697608,0.689347346364365,3.652118061469349,-0.05770366098476187,2.1508200918093583,2.1515940090597625,3.5159539282310814,-2.1926908559006106,4.143648780361787,0.927153297564236,-0.850627087392551,1.2582446816856294,-0.003822812225505512,-1.9273070390440825,1.9273108303131021,-0.9195567188366369,0.4044935292449645,1.0045892565415224,-0.043986579912869694,3.936847174759415,3.937092899160956,-2.8572431908776417,-0.8986741598206112,2.995238537637016,2.9129939118755406,1.6974258227491477,3.3714667363566835,10.395535534686033,0.25628727400395007,0.8798729676784881,13.337966334910636,4.629356779821862,17.16982521499373,1.5831796789901709,3.714527036642179,1.0091995743586488,15.500700496623622,8.97145389734593,11.366787954359587
prime,103993,-3.665484702122143,-5.007602857733038,6.205792816576102,1.3170038122486216,1.760036681103155,2.1982329631560917,-2.056247484485918,-2.042733819972946,2.8984332279208935,1.2496101506256498,1.7051248488926904,2.1139953355809418,-0.9529848033512794,-1.867002210682518,2.096157744567876,0.8124936693349393,0.10916349017478402,0.8197942609560609,-3.8024925445854936,-2.1687548933362155,4.377493271153942,-0.9404376187450706,5.405484836620495,5.486682898954978,3.2258313780749206,-0.1851396874156308,3.231139858258862,-0.41961809655091353,-0.5830670267089061,0.7183637689834976,0.5629659347018389,1.10330461282281,1.2386330014620173,1.629006736282699,-1.0083980383008686,1.9158626126378295,38.51186448226754,4.832228160306012,8.40091517671593,4.468976278857979,4.393877290111885,0.672062630296494,19.162447338998042,30.103689233685003,10.440264783629098,0.5160465045881759,1.5342117123108057,3.67052955050345
prime,103997,-2.989728134850316,3.1952699119334205,4.37586838586612,-1.3200896859375324,-1.57056217245396,2.0516584307486356,-1.156151538625566,-2.3150305043215322,2.5876732050638607,-0.17528074612254818,0.40831371079294987,0.4443460660147515,-0.23451704398890438,0.8035306164339463,0.837054177140292,3.685559079402678,0.9775181038657834,3.8129892959662066,-3.253684251145226,3.4499004913992275,4.742180364210866,1.4969173426671163,-4.2466474458214885,4.50275205400872,-1.1751343344345573,-1.645447668734679,2.021988806722564,2.4373038967368537,-0.22673708497355094,2.4478276064198137,-1.3490846718263974,2.435382249670889,2.784082641332505,-2.4724862268989387,1.6355725197815425,2.964504277222331,19.148224130422562,4.2093023164619545,6.696052616205473,0.19744342638278592,0.7006596954680112,14.538887371152867,22.488274606707105,20.27477605987975,4.088438734511339,5.991859990750954,7.751116153768978,8.788285609669495
prime,104003,-0.8510071031991762,-0.7865436123365779,1.1588200653263327,-3.220048894221665,-2.80689609448426,4.2716952801445425,-0.7786407330259276,3.686151635807457,3.7674919075285542,1.3501141037963689,4.094150431715589,4.311017959923945,-0.7484097415215025,-1.6952329336012397,1.8530871108424847,0.005624600173275374,-1.5929822836303074,1.592992213442093,-2.1707130805669017,-0.7564260476872506,2.2987334868931635,0.9640413949613004,-0.40001552251648187,1.0437376248143324,-2.0029626338621678,-1.164162018362786,2.3167072576496555,2.18464946005143,-0.3440553094493831,2.211575754809976,1.3463862547024146,1.6176872620888412,2.104677653413008,2.2298628408280963,-0.737970490903182,2.3488058102682374,1.3428639438029262,18.247380566409163,14.193995273293144,18.584875850786815,3.433931840370547,2.537624192087139,5.2841756437640015,1.0893882294530641,5.367132517646587,4.891067319263316,4.429668024776085,5.516888734349831
prime,104009,-1.0783041168760938,3.2724385021383062,3.445517888322325,-3.6474322197167814,-0.36780669208459427,3.66593010846774,-2.016791443774479,0.18654366168378275,2.025400272883447,0.9670570799733975,-1.1556956664372118,1.5069279575840462,0.2874174195262921,-0.6718765458124548,0.7307714183382026,1.9283980305648198,0.8776307159722196,2.1187153272453063,0.6999277165506741,-1.2662290002083187,1.4468015376562189,0.49997790297210976,0.392684530954676,0.635750772167429,-3.9688413003042733,2.2759891838936372,4.575131477039948,0.2198043760649027,1.3827977647360252,1.4001584274274927,-0.2467893013455712,-3.655316702247887,3.66363823991821,4.238633804650997,-2.655968979718014,5.002018367734622,11.871593518749135,13.439043560170296,4.1022462653963405,2.270831869348425,0.5340268658600282,4.488954637904185,2.093234689364399,0.40417904431148227,20.931828032201736,1.9604436218962296,13.422245152991,25.02018775115453
prime,104021,-2.980309513250958,0.9792622653019222,3.137068596479588,-1.623655546921592,0.3128772437946866,1.6535263846500348,0.5744999503860281,-3.510430183135041,3.5571294977353674,-0.9166759968254852,2.1475960105463763,2.335051071747834,-2.219457905613324,-0.9854647912838315,2.4284015832743906,2.1282869023618893,0.6394458195442712,2.2222727318890927,2.410508525087904,2.9381756290001233,3.800450943818606,-1.5211398297361698,-1.4886085266905695,2.128337785067411,-0.8676874257513869,0.3925743061577275,0.9523634047265201,2.3249571588383913,-2.6642757424734373,3.5360699968137324,-3.251149052006253,-1.7370535678885264,3.686098921091974,2.5028701737739025,2.196759185946954,3.3301816809011076,9.841199379018413,2.7341495047338147,12.653170263659067,5.452463507670708,5.897134249649567,4.938496094897811,14.443427376371734,4.529821727345652,0.9069960546622896,12.503791022366268,13.587325256075415,11.090110027809326
prime,104033,-2.969213987455971,1.362758523297416,3.267008187336533,-0.9237198263471431,-0.9846082698494593,1.3500784283302736,-1.1191015415257515,2.007297934994483,2.2981804237436254,0.2756288024517276,1.1828028956862395,1.2144932798433785,0.19348987476857982,-2.2684434893192993,2.2766805212574464,-0.7992121492795266,0.6725945442749331,1.0445685619165481,-0.6870923177970274,-1.4851491448424126,1.636387434442663,0.6610974225243055,-2.3990800581106644,2.4885005379329437,2.2436660575702847,2.1488145919071067,3.106676926924634,0.24792194973660708,2.928211072222192,2.9386876963443798,-0.5088354923262625,-0.7657162964891735,0.9193666325030541,0.26645977558229716,-1.765188617571297,1.785186731859341,10.67334249612394,1.8227117626427416,5.281633260078429,1.474993926784727,5.183274195873078,1.0911234805444054,2.6777638356018407,6.19263492729255,9.651441528285888,8.635885376645838,0.8452350049600057,3.186891667606635
prime,104047,0.014043631357298358,0.7172250469155965,0.7173625244635932,-0.05829646707837299,1.6039890106638668,1.6050480442666724,0.03700725302886221,0.8051057448726104,0.8059558283204007,0.47508118647653674,-2.000133962214718,2.0557816033199394,-2.855401536511768,4.5901946845961925,5.405849163379321,-0.20475925505406392,2.5419711055561205,2.550204590618663,-0.7380060798610948,-0.8567158565285361,1.130758609403158,-1.1783101012908037,1.2754110563282623,1.7364008919049536,0.947937856565107,-0.6442409312076269,1.1461381057065154,1.8554341071734042,-2.128947593283946,2.824013735981444,-1.63722311446457,-1.2608403571091749,2.0664505638055455,1.00716652962896,3.019841461190393,3.1833672218469187,0.5146089915047793,2.5761792244042696,0.6495647972036231,4.226238000548701,29.2232051772089,6.503543454012501,1.278615032739364,3.0150880574083185,1.3136325573525196,7.975053581011873,4.2702179326522565,10.133826869129368
prime,104053,-2.2558804481333636,-2.8095248279476213,3.603113425237193,-1.2506233648492784,-4.334017630980098,4.510849989342726,-2.702733888553192,3.0836075235198006,4.100415324261895,-0.8866822441822361,1.6509499789091948,1.8739907243656029,1.7651306003440461,1.726379959450515,2.46902284328503,3.97404625895365,-1.2084936817304741,4.1537333384662505,-3.3683719688442073,-2.429437065514442,4.153082490848313,-0.27302897883101573,0.20667637366015568,0.3424323972856826,0.24389299234115436,2.9280713993096965,2.938211345558479,0.9265222111873143,-2.3709459863299243,2.545550682645586,-0.204061967477631,0.1663677504677964,0.2632859946266734,-0.816037288865822,-0.5437371552957863,0.9805952023483672,12.982426355124497,20.347767626353274,16.813405831441777,3.511841235008317,6.096073800663294,17.253500647085982,17.248094175790825,0.11725994671081956,8.633085911168568,6.479828277917408,0.0693195149665567,0.9615669508686352
prime,104059,-3.3946937039315346,0.43060534405594264,3.421895133671097,-2.492242312163674,-1.1365328587422445,2.7391565638969517,0.08934133031520661,-0.6834066469183366,0.6892216757725013,2.2220187979422925,1.461543014724336,2.659600632105958,-1.4505634056013395,0.38855889540538224,1.5017031027697876,0.8820379225196797,0.6887481512018049,1.1190911100293561,0.27374014354095855,-2.5282852656282286,2.543061157459377,-0.4824589613813145,1.5141648375285501,1.589170162262367,-0.8632256035150472,-2.225290845217514,2.386855208925082,0.6728971680830677,2.0328805121579685,2.141353257995013,-1.027804940721923,3.252998695003415,3.4115075122101546,2.2361393806933725,-4.165546081981045,4.727800068847601,11.709366305841934,7.502978681539755,0.47502651835465487,7.073475522298411,2.255112208868407,1.2523649125467364,6.4671600505786255,2.525461804624998,5.6970777883727965,4.585393775525857,11.638383505866319,22.35209349099538
prime,104087,-1.1361277702773425,5.074784157887092,5.200405807197854,-3.3279725165700986,0.5798223623270369,3.3781052444973385,0.6441422123574974,-0.24333412294983658,0.6885714814981647,-0.0009852929897160856,0.5976139974042242,0.5976148096355475,-3.820071811568175,-1.6932630818901977,4.178527074224845,2.8388837354526357,-0.41848719090890807,2.8695631013052036,0.03469326217184898,-0.16577792880311282,0.16936925375750636,0.07988897731946654,-0.7072727339063312,0.7117703062256012,-0.9766424112004843,1.1280475510104582,1.4920863502814399,1.9359945755239263,-1.2737900046209258,2.3174589472804574,0.7871786624192417,-0.7216527061011775,1.0679105181574433,0.1487727380567131,3.9977951297094765,4.000562363808082,27.044220559537166,11.411595042900423,0.4741306851325774,0.35714346069573166,17.46008851003004,8.234392392372339,0.028685944118374582,0.5066169688244861,2.2263216766961875,5.370615972330246,1.140432874791299,16.00449922671771
prime,104089,-1.5082451721814265,2.2366292262705003,2.69764967985392,2.49513396938449,0.6258785887027241,2.572434164944346,-2.1056964760074623,2.0144458395007483,2.914095003487724,-0.20221575203189313,-4.93435362660182,4.938495410823863,0.09695086756272564,0.7311465347105001,0.7375464229052553,1.3736558010977944,-0.35150962982794376,1.417917233039856,-2.46593319560166,0.010404016146133621,2.4659551432907665,-3.0695814445179828,1.0321751092357396,3.238474285933874,-3.3664508648074016,-2.8091483828394157,4.384553119985184,1.1227938284140364,-3.6036620347518027,3.774525936039671,-0.9787171167669897,0.7682733740417628,1.2442391940114261,4.226862767119043,0.6874345746127343,4.282398293763698,7.2773137952159574,6.617417532972915,8.491949689352118,24.388736922728352,0.5439747259403377,2.0104892797514013,6.080934768722185,10.487715700654915,19.22430606197181,14.247046041836153,1.5481311719142032,18.338935146430234
prime,104107,-5.644139806866422,-0.2982179693303847,5.652012749161635,1.12270886452965,1.3948236109322496,1.790532909529321,-0.4806256062025157,-0.31241174565354396,0.573238233337441,0.5429972827567724,-0.624682619988391,0.8276922283051829,-0.6206184621731361,-2.670267023917765,2.7414399965369998,2.3938343880351707,5.15488559124099,5.683598203262057,-2.8624816845791563,-2.5540365270377645,3.8362617189125987,1.6270591649529589,0.12285443506719951,1.631690760675288,-2.396330476942217,-0.26505544296177364,2.4109446577152647,2.8965793994455282,-0.3609544245219227,2.9189827532676804,-0.25268654941880364,0.24463979439633832,0.3517088586593522,-0.6508229530070246,2.5212121913211396,2.603858949679711,31.94524811668566,3.2060081001075353,0.3286020721598304,0.6850744247967989,7.515493254612785,32.30328853612368,14.716903975994246,2.6624147384730996,5.8126541425657745,8.520460313874167,0.12369912125946418,6.780081429827129
prime,104113,3.4026676901196633,0.2834794168514009,3.414455738351677,0.989179210880475,3.3880558888594066,3.5295039619290733,-2.6062672947821497,3.3520479228700677,4.246039859571339,-2.148255455076085,1.8450753808372287,2.8318376827134357,-2.494399884974781,1.9555012035358994,3.16954503725575,2.0575958002928165,0.2135309139692474,2.0686459166815325,-1.7515010054758673,0.036902965198551185,1.75188972284885,-0.6068349140767144,2.628429710458704,2.6975713810323017,-1.755869040105993,0.7724349454250642,1.918262711652542,-1.7021152038006004,-2.845385821686902,3.31563216314265,-3.84587644966132,-3.1262968044771258,4.9562584048598035,0.5096244880277968,-3.144204676912051,3.185237851262164,11.658507989162695,12.457398217273026,18.028854489068596,8.019304661235802,10.046015743192553,4.279295928603178,3.0691176010234202,7.276891355764519,3.679731830916563,10.993416641266009,24.564497375743443,10.145740169113209
prime,104119,-3.5681056614600264,-1.767091881179129,3.981707137381187,1.9079198950408869,0.7148761640053238,2.0374509210667617,-2.26193703625738,-3.074834262037738,3.817193326908395,-0.008591017860738459,0.43455546132392175,0.43464037381993176,1.2571578640824228,-0.9309339094032757,1.5643157733977964,-0.7151767066693508,2.243731313421508,2.3549539122009637,-1.6227713557321688,-3.3408805207373633,3.7141445215321354,-2.4532112208402013,1.0269297787927738,2.6594792844892865,0.10567832044794911,1.5886813657024303,1.59219232165679,2.245318294100762,0.9416981491221614,2.43479971371028,-1.9707276881536355,3.723370997796599,4.212749601873842,3.8008491495056207,-2.3355670083243467,4.461090394474286,15.853991727872286,4.151206255755795,14.570964894993981,0.18891225455433003,2.447083838901146,5.545807928590625,13.794869526827174,7.072830064627647,2.535076389142839,5.928249645883662,17.747259208088213,19.90132750767074
prime,104123,-0.5352022340994409,-1.7026573467516488,1.7847922769421651,-4.151001825318034,-1.443211243512088,4.394732625222309,-2.5375051511467017,0.2120970476592675,2.546353775444768,1.188718573358454,2.527666064709471,2.7932324610263324,1.4526917228909006,-0.0819556291686947,1.4550017068402943,2.317529927091327,-2.7989463363912037,3.6338747304993433,-3.3684901446111177,1.5178297137029346,3.6946627578361957,1.5944720473482428,2.441866694146823,2.916342583058175,0.2650558277910047,-0.9993274908585974,1.0338810501366755,-0.5353826633215397,-2.3664683090348273,2.4262742742425925,-1.1169922428572687,-2.7504248398774185,2.9685869484349006,0.9443838026174108,2.766052025868314,2.922824759792541,3.185483471832398,19.31367484719337,6.483917549721823,7.802147581331221,2.1170299669081696,13.205045556961675,13.650532894141763,8.505054061758427,1.068910025831715,5.886806853851419,8.812508470418035,8.542904576456326
prime,104147,-1.7681244049010443,2.2633325534896125,2.872096474509949,0.8808707029058925,0.6032969493965733,1.0676611842664006,-2.4131475605660055,-1.1845690481676205,2.6882122272883153,-0.9755722308609782,2.6807192977233716,2.852717499300194,1.0575499551097653,-2.2511462534031828,2.487181409098229,2.756957451961849,4.876699133713998,5.602053983379207,-1.5343808296033334,1.1090243462012386,1.893214074192694,-2.5571770646550025,-1.6345157020003116,3.034929343507547,-1.2766302449485822,-1.0393657905312956,1.6462278180264789,-1.973110698744115,-2.0277285459913577,2.829284164895197,0.4294931832439591,1.0020735592668917,1.090236585624811,1.1243272438683667,0.3809107787764321,1.18709931037496,8.248938158892479,1.139900404389133,7.2264849789424055,8.13799713081355,6.186071361763853,31.38300883269484,3.584259530721299,9.210796120083149,2.7100660288442215,8.004848885726712,1.188615812634846,1.4092047726927057
prime,104149,-1.4230825299811816,-1.9382365297946669,2.4045633143188625,-0.15442614531904653,-1.4704745884297044,1.4785611078259862,-0.6743218895404947,1.1590767135713604,1.3409581793094252,1.6393839423085492,-4.589352176337164,4.8733697898630455,-0.6761628404208904,0.47102678505388007,0.8240524370476922,-0.34684826368472527,0.8705104313415195,0.9370657015895454,-1.3995813005914148,-0.12683030696729647,1.405316243316989,0.4537965558410275,-0.4621132540411932,0.6476727365373033,0.9626251443033295,-1.6845261909659799,1.9401741304572018,1.1270595048691643,-1.9802943893548999,2.278558534693902,-3.322513370703652,0.7290758722825099,3.4015653346730015,-2.25817255205534,-0.6653589285350013,2.354155003103528,5.781924732568113,2.1861429495756073,1.7981688386568484,23.749733108749783,0.6790624190042407,0.8780921290955069,1.9749137437305746,0.4194799736537191,3.764275656495359,5.1918289960264214,11.570646726049048,5.542045778637372
prime,104161,-2.9368585282993886,-2.208867661323482,3.67481079247429,-0.8244644908884844,1.0058078535101642,1.3005349418292196,1.0550669226032452,-4.435976561681478,4.559720854061014,-1.1694190210971067,1.5890842284851256,1.9730001348514608,-1.5378739099787735,2.15028343967958,2.643629140774788,0.8060037935836314,-2.0519258314868214,2.2045502337651754,-0.5557737767589208,-0.5675371916451816,0.794344355322913,-1.0628291425073306,1.7770868920348422,2.0706626011991722,-0.4945210633957716,1.8178599652892742,1.8839230174143546,1.4284894663293,-0.7117457099412063,1.5959837439753202,-0.09837089997035231,2.5512048938143854,2.5531007117196625,5.165177555096505,-2.030846410100342,5.5500807486999815,13.50423436048552,1.6913911349187316,20.791054266958906,3.8927295321238824,6.988775033953644,4.860041733194089,0.6309829548333743,4.287643608004922,3.549165935543607,2.54716411103348,6.518323244183447,30.803396317090147
prime,104173,-3.064855248046135,-0.7134234291309635,3.1467937143557596,-2.177581201312676,-4.290163366150921,4.811170501715124,0.47384532605022756,2.7709612627674844,2.81118404107195,-1.0473260681393421,2.043872518930987,2.2965858935919448,0.15746368632130717,-0.6378456885866743,0.65699462323409,3.502261943340886,-0.6316460135460332,3.558765994864298,-2.657414393080124,-0.034447801896268504,2.6576376554385455,-0.2920920223202802,-0.11563833067568619,0.31414960293562433,2.0101914283510363,-0.28410234016373936,2.0301683965382016,-1.3946959096208076,-0.23221550159078833,1.4138955829523172,-2.144622228025106,-0.3218012472513039,2.168631029860051,2.8789657009181755,2.5864279142415523,3.8701489457941003,9.902310680708919,23.14736159657376,7.90275571277762,5.274306766645512,0.43164193495850384,12.664815406202475,7.063037907604889,0.09868997302461043,4.121583718302492,1.999100719492073,4.702960543671865,14.978052862631186
prime,104179,-1.2884475024413964,-1.9662466988315037,2.3507920042430928,-1.0379320613654497,0.7414459802476064,1.2755567825995304,-0.5718068539979035,0.07717406974674923,0.5769912610432292,-2.3771417428174737,-0.6294635215138809,2.459070391502031,-1.0960199850365866,4.588139251242082,4.717232408562022,1.056040090528945,1.891884785718072,2.1666676522337007,-0.33138961037710457,-3.780881155996468,3.7953763172622392,1.9148662538564845,-2.487975402812598,3.139543657151287,-1.7957719801058918,-1.5162438043162996,2.350274936823562,1.4891583114219902,-0.013398245303635647,1.4892185835042515,-3.598925985338887,0.5481679582153756,3.6404335398907492,2.8374373881368298,1.7636541859280945,3.3408871604917225,5.526223047213257,1.6270451056356656,0.33291891532025586,6.047027190361951,22.252281596387853,4.694448715235897,14.404881389635078,9.856734375158878,5.5237922786609985,2.2177719894544095,13.252756358361491,11.161527019138445
prime,104183,-1.0127762879079212,0.5548537520525242,1.1548066918386437,0.816732765451435,-2.6604392674799673,2.7829821246481794,-3.8794638232548815,-1.5580785002297386,4.180651644040859,0.5903368363187027,0.5047247067442299,0.7766882321194416,-3.898997114139677,-0.4547004557992209,3.925421123978108,1.449624369419394,-1.043273284430679,1.7860095068115824,-1.3392330792102032,1.1182033462418928,1.7446844883810393,1.8499302032596439,2.4086224123334556,3.037055100278443,1.3431883819688726,3.11774402354177,3.394772868070349,0.2792216363574319,0.6477605594423701,0.7053782422071255,0.4478797924129204,-4.448304360543708,4.470795006761549,0.26941436990996104,-1.2224925181616542,1.251827487985147,1.3335784955153123,7.7449895061112946,17.477848168821538,0.6032446099128236,15.408931000573551,3.189829958421352,3.043923963997409,9.223703682127303,11.524482825786583,0.49755846457921427,19.988007992484004,1.5670720596752032
prime,104207,-2.284713542467802,-2.662125202009115,3.5081086873567418,-1.701374693950543,0.210901431324652,1.714396471925351,-1.9395947773908477,-1.3252429334832794,2.3491055176873643,-0.4958023297723909,1.7272170659618071,1.79696932170737,0.6885718123666225,0.6541990392655754,0.9497934110962536,4.143984765277823,0.16953967655348778,4.147451438748928,-3.7301148414840535,0.3468438705690089,3.7462057339674892,0.8886571188007735,0.395120747832571,0.9725388836252575,1.0195667089907765,-4.313523654596201,4.432381142551174,-1.7290806101402292,1.9864857685408188,2.6335993364553607,0.34916929582801515,1.1438095916595228,1.1959178814288864,0.43926490954572084,0.4237275133228644,0.6103266881801815,12.306826562307842,2.939155262950091,5.51829673322922,3.229098743157445,0.902107523761857,17.201353436780554,14.034057401210895,0.9458318801630622,19.64600259284325,6.935845464978116,1.430219579121356,0.37249866630498857
prime,104231,-3.8231081432255496,-3.3333926368772,5.0722443105971,0.18794561394619302,3.7873082094072323,3.7919687534109547,2.9304866799155023,-0.5003417349858164,2.9728932091366485,-0.10556106922397773,2.164167001411024,2.1667399357865014,0.24811404142960813,-0.8798383512406567,0.9141532157512822,-0.928158730615673,0.4667523370750206,1.0389111479732476,-0.47523891356883496,4.888416862785361,4.911463269671714,1.8671177081856327,-2.5274003549196484,3.142273236093312,-3.123216490110402,-0.1512307440705707,3.1268757541753516,-0.8742369983135111,3.021777317713141,3.145699999533624,-0.8735377674951772,-0.04751661256070783,0.8748291602991425,1.6902117813386042,-2.1265410534668923,2.7164301422742123,25.727662346384648,14.37902702684503,8.8380940329308,4.694761949332092,0.8356761018684102,1.0793363733830912,24.122471449334363,9.873881090268334,9.777351982049673,9.89542848706584,0.7653260597097027,7.378992717855898
prime,104233,-4.441688304111949,-4.967158164526108,6.663426687696298,0.43589539051447135,1.825623423599159,1.8769405095169314,-2.016266835094408,-0.16813242196894537,2.023264802644173,1.0435124497470771,1.0287895442222343,1.4653757740177564,-0.47109972570727665,1.3213978962046544,1.4028639818797681,3.044742093397407,-0.8934171976012141,3.1731134086690993,-1.2723630230528822,-1.8573459486383785,2.2513643941742676,-1.4056137854094957,-0.4080062272580611,1.463632192599824,-0.7456594199709101,1.935670479718742,2.074325957183668,0.6236984034463667,0.4011211713570032,0.7415510047005271,1.940839010584247,0.8188853850409732,2.106520671353439,-0.1381864037809436,-3.1804035479971775,3.1834041858210442,44.40125522230326,3.522905676265678,4.093600461618765,2.1473261590781387,1.9680273516555584,10.068648704275631,5.068641635355667,2.142219195214568,4.3028281766459395,0.5498978925723612,4.437429338839342,10.134062210302945
prime,104239,-0.5133150369721304,3.335213412920629,3.3744837882122605,0.1034845562208363,0.3496272148525975,0.36462068337082554,0.18811467004416738,1.34530128702829,1.3583897386117874,-3.171027159550717,-2.075300669631756,3.789760693761851,-1.8555188886366367,-3.1151063657711333,3.625856866473796,2.4809536465596427,-1.3713424675110486,2.834732996170341,-1.3117517006577235,-1.81976317922904,2.2432633712197534,0.09108227937291913,1.9077601976265304,1.9099332326717038,-2.007683245837964,-0.1550958135621574,2.013664998703352,0.8569841164118573,-0.8697052040858703,1.2209868622537499,-2.159763684158795,2.7986493307074634,3.5351120558874087,1.5752075084328974,0.37274298940678596,1.6187081363776743,11.387140836907369,0.1329482427418078,1.8452226819658,14.362286115982306,13.146838016155176,8.035711159576879,5.032230552656213,3.6478449532637844,4.05484672700297,1.4908089177962576,12.497017247680501,2.6202160307752833
prime,104243,-1.7814461757479139,-0.4120327101522042,1.8284751656290654,-2.1194141549703063,0.010506225908964578,2.1194401952098927,-3.3435299184816127,2.239370093980851,4.024173298156712,0.602901283065229,0.5545968421618088,0.8191871669267956,2.6286898738792135,-3.2457456703807654,4.176706287235266,1.1519939382952318,-2.0909555309778867,2.3872966020995325,-0.3531631554459044,3.1297710371848604,3.1496334643202064,-1.8698811658151109,0.8644487520119287,2.060030878196989,-0.5320674886732428,0.8356665805657074,0.9906737335659169,1.474390397532106,0.03518524431396708,1.4748101727857437,-1.4702242077422556,-3.728213919507148,4.00763499468679,3.4266166364371253,0.07569465182615454,3.4274525895222476,3.3433214313222384,4.492026741071348,16.193970733597467,0.6710676144575497,17.4448754098306,5.699185066395974,9.920190959565705,4.243727219125058,0.9814344463774334,2.1750650457523153,16.061138250638187,11.74743125342276
prime,104281,-3.4375824972735654,-1.9300168934232174,3.9423265509671532,-0.9797519927590475,3.601377885508435,3.7322696367685615,-0.8522361057862233,-0.41068698168163875,0.9460286343068277,-0.11182508299882499,-1.7401388581404853,1.7437282170103707,0.5186952951693223,1.9604951910784987,2.027951233011462,0.7307459126248309,-2.823576533887533,2.916603166620072,-0.8647415990386956,0.20673619360116013,0.8891107281169744,0.8265708806487105,-0.7870231499541198,1.1413259215929907,0.46771576533599346,4.5201378614604035,4.544271594408906,1.5659194616999086,-0.47520892892610067,1.6364373763336082,-4.545288783002112,-3.203232657517555,5.560606943407509,-0.10310436003551376,1.4045696246846897,1.4083487990001704,15.54193863446057,13.92983664154453,0.8949701769284416,3.0405880947981667,4.112586203472709,8.50657403153823,0.7905178868526964,1.3026248593000895,20.650404323751662,2.6779272866616233,30.920349579071804,1.9834463396452224
prime,104287,-2.3599198053288863,0.48424594536044663,2.409090206526431,-0.1280112036171588,1.7977928430242254,1.802344577121878,-0.37216234797691905,-1.5631628529111938,1.6068549772686882,1.8354700169118647,-3.441423332423125,3.900300595586028,-1.0488523901903897,-1.1602116519897305,1.5640276256578185,3.183004795054046,0.31672489318505925,3.1987238366730155,-0.4877170480187466,1.3701878421203626,1.45440112817014,-4.689759984831248,-2.5885089840409523,5.356699307949356,0.01431304005828904,-0.7722279375960553,0.7723605704070913,1.5065924168958054,-2.6137009149581596,3.0168283317916957,-1.4128268039038923,2.2894267691946926,2.6902703413104296,-0.46922755551982465,-0.17321399813507685,0.500177556482744,5.803715623181562,3.2484459746806413,2.5819829179731566,15.212344735928726,2.446182413820833,10.231834183300137,2.1152826416225756,28.694227475785105,0.5965408507195674,9.101253183501067,7.237554509334536,0.25017758800904855
prime,104297,-0.5284325566089748,0.47631771651033417,0.7114207854328664,-1.3264738972040009,-1.078393995140527,1.709522333495154,-2.2877336408538036,-0.3905616848544845,2.3208325319097396,1.44394701531031,2.803380800145849,3.15339926010804,-3.3192933265387468,0.23017304520355208,3.3272643144696112,2.1435699096267493,2.426202742512869,3.237491576086986,-0.8937129396130017,0.36321225633027787,0.9646999334405721,-0.5064480247415066,-1.8784660655854584,1.9455396067211495,-2.3787811776553456,-3.959726603471212,4.619311059606726,1.7765210456607332,1.1313642362821597,2.1061842418966625,1.2613179580044465,-0.9626809605134105,1.5867191380075834,0.4532575161647622,0.20760315034007615,0.49853931037679866,0.5061195339459165,2.9224666087187163,5.386263641170572,9.943926893649934,11.070687818342932,10.481351705234196,0.9306459615802444,3.785124361320685,21.33803466540502,4.436012060813819,2.5176776229195283,0.248541443990974
prime,104309,-3.7230396209340726,0.6120688164803186,3.7730163338041014,0.2987002083858555,2.2905573652786324,2.309951267477724,-1.6745020481262096,-0.6967959392750388,1.8136928323641395,-1.8607081265899736,1.3685343968137782,2.3097881131438056,2.6991325274321247,-4.314132183825232,5.088914707494988,-0.3111682765643199,-0.31917128367593794,0.44575330022710447,0.6181971617283566,2.692726497383514,2.7627782611857,0.4295112478309898,0.485677063653584,0.6483533929675246,-0.8184266707946315,0.2073659935757325,0.8442883812771764,0.648681420477244,-1.371126372788876,1.5168306152730286,-3.4134918763246707,0.5364073965253406,3.455381264749465,3.348411935779238,-0.761850040413636,3.433988639431867,14.235652255152543,5.335874858121943,3.2894816901690547,5.335121127620422,25.897052900158798,0.19869600466335513,7.632943720480281,0.42036212217250135,0.7128228707596348,2.3007751154295546,11.939659684781613,11.792277975747124
prime,104311,-4.967597421977106,0.5889275324431213,5.00238540951246,1.866726066855608,1.8732892393340292,2.644594256759035,1.0142875111280754,-1.1355421272543957,1.5225751469138802,-1.5523645314669678,2.595656616175219,3.0244452231195798,-1.0616964031233802,-0.09807226563004334,1.0662164047185416,-0.9854092202305891,-0.6804970052795317,1.197542277128398,0.04230779810086149,-0.916030071653496,0.9170065659272307,-0.6579122135423845,-0.3700942197064043,0.7548630420071792,-0.07213046225694153,-0.8554530065616553,0.8584885846770332,2.210041044843908,-1.093503774078274,2.465772074588035,-1.0002608004415046,-0.8445111493427208,1.3090915744378018,3.6167143507138326,3.738723090950014,5.2017951752699965,25.02385978530314,6.993878782882873,2.318235077999824,9.147268907650844,1.136817421690933,1.4341075055098684,0.8409010419536526,0.5698182121883325,0.7370026500207755,6.080031923818183,1.7137207502640428,27.058673045462214
prime,104323,-1.6479472674664333,-0.6016179787880269,1.7543301823633644,3.610489226882553,3.17291889404094,4.806562884806247,-3.2914476596847857,1.938979485591682,3.820113760346652,1.9570727167800759,2.443163760792344,3.130364640231859,-2.6898067153530567,0.4811894790377217,2.7325086423824887,2.7436942410686607,0.551914689688404,2.7986546612912395,-2.8747818256951594,-1.7065497101179172,3.343154566939845,-1.327825150143386,3.171572858024549,3.4383126709348746,-0.19287757050615462,1.082265629373646,1.0993182658938632,-1.5133787983115234,-0.7794757419111635,1.7023213032229811,-0.823349229915375,-1.1314950938414727,1.3993516719501085,-1.1005908833611344,-2.563091641830569,2.7893976154287086,3.0776743887510754,23.103046765596954,14.593269141989838,9.799182780813934,7.4666034806949915,7.832467913167182,11.176682458450744,11.82199402311131,1.2085006497278905,2.897897819406789,1.958185101789564,7.780739056959366
prime,104327,-1.644381358624995,3.643233886799177,3.9971418797079528,-0.060651332037937544,-0.18000230011695983,0.18994581365582194,-1.5790170806002362,-0.9719655426913291,1.854187681171068,-2.59575766344169,-3.0123911745362233,3.976488203898006,1.737805758398772,-3.030247713340595,3.4931890956731553,2.1541304710384854,0.4070614122166004,2.1922538811853567,-2.426285329920462,4.019009421698279,4.694602990018089,-1.367486415600558,-0.10526438456823806,1.3715318762283988,-2.2847897620545443,0.27763156505914,2.301595868676004,0.8103690251570418,1.1258149964133741,1.3871399940464624,0.6695740789106499,-2.3670000150901775,2.4598818098815127,3.238337913637865,3.591833334234263,4.836124392922588,15.977143206515226,0.03607941212537223,3.4380119570065424,15.812458435739988,12.202370058129837,4.80597707957226,22.039297233886778,1.8810996875105919,5.297343542706448,1.9241573630832196,6.051018518585947,23.388099143820867
prime,104347,-3.6058236190912165,0.8568019124642969,3.7062209174843526,1.6303503745750074,0.0844253917542458,1.6325348359682021,-3.6609790118287227,0.914806852638974,3.77354460722086,-1.4976200830935869,-3.8358655043730563,4.117855033986069,1.437378684557619,2.4729800556489794,2.8603649834344953,0.930602289822566,-0.0044004513902806686,0.9306126937644046,2.6395974905492388,1.0169156126214585,2.828708587908467,-2.1614817539403277,0.09563635036368504,2.163596469799265,1.0054807466939633,-1.2342302800495357,1.591953490577977,-0.9235895766964036,-1.299692093313282,1.5944332044972294,-2.9033554188270383,0.888839721686068,3.0363643949432837,2.658779328943013,1.314604807712564,2.966023149012099,13.736073489198557,2.6651699906497246,14.239638902685636,16.956730080924405,8.18168783845822,0.8660399857954415,8.001592275307113,4.681149684127841,2.5343159161634055,2.5422172436033037,9.219508738879293,8.797293320475648
prime,104369,-3.997191377148075,2.7208230054323845,4.835330054136639,2.910445790191628,-4.560107921050787,5.4097392681417,-0.8369339437871258,3.3096843676622196,3.4138642386320432,0.5262061482520097,0.3363026034826365,0.62449367616287,-1.1434599900264406,3.4128134371788645,3.5992771921289815,2.039077230292992,-1.2316988475595114,2.382208639514761,0.9730946612613374,2.9374586013394377,3.094442801920624,-2.2847457330227243,-1.1728678347296912,2.568205992966503,-0.7866536618773542,-0.6708100638189427,1.0338327357294432,-0.8669059247016175,1.9364667708790695,2.12165723834025,-2.907575612234523,1.4378690280250694,3.243680514880391,0.8142288625574731,-1.142479883357976,1.402935823371579,23.380416732437034,29.265278949274297,11.65446903981074,0.3899923515674155,12.954796305779885,5.674918002178769,9.575576254358362,6.595682022309062,1.0688101254658249,4.501429437001577,10.52146328261472,1.96822892449929
prime,104381,-1.2515386884668152,-1.1959059386783175,1.7310517331655064,-0.3306038506871226,-3.9218977728449267,3.935807546963539,-0.2867209116027092,-1.9029801676093667,1.9244589887718735,-1.608089774870547,0.5992538309571593,1.7161170933127021,-2.628693847430942,-0.13759001306116403,2.6322922245099347,-1.683040849107619,0.5016170827468719,1.756202208593412,1.1561068955623641,3.3188823901525732,3.514479118394603,1.6924224749975345,0.4343667312850261,1.7472745322713366,-1.947607667932892,-1.0536852166899635,2.214368570058285,2.902916385480728,1.844234521827445,3.439204052188907,-0.7936038779015882,-0.027042962724489694,0.7940645042144605,4.349812433185475,-0.42137881962119206,4.370174860748743,2.996540102895304,15.49058104673515,3.7035423994648617,2.9450578779600374,6.928962355215461,3.084246197468378,12.351563473631707,3.052968291124018,4.903428164061974,11.828124512592598,0.630538436853357,19.098428313520294
prime,104383,-2.5369971123156274,-3.4225560162224893,4.260310321100869,-2.3177468596263773,-0.8805156903635416,2.479366529233691,-3.2910245934250124,2.3886354969214105,4.066500019879658,4.062346123450029,0.3982906288971798,4.081824524863457,0.8011397218402247,0.7138158581883506,1.0730134823530428,0.4536531674151604,-0.855488210916534,0.9683291151891384,-2.8322093811910287,-2.5583300817452277,3.8166035667945675,0.38680037518749033,2.0289225663128367,2.0654639455431436,0.8899498213655224,-0.5440377530077698,1.0430665181311634,0.2618289970506743,2.596343486702181,2.609512200515146,-1.5137647967053451,-1.730531579783247,2.2991788552375554,3.274868601275193,-0.4575378915080075,3.3066758652434824,18.15024403207859,6.147258386284318,16.53642241168126,16.661291451776783,1.1513579333114037,0.9376612753229797,14.566462786069014,4.26614131033865,1.0879877612462685,6.809553924637399,5.286223408371476,10.934105277783733
prime,104393,-2.5448933820667774,2.9873914504741674,3.9244095102898515,0.6447145761937303,-4.768287380014688,4.8116755317834965,0.8438731926407619,2.8516297848027143,2.973871953334858,-2.695360726521512,-0.015021798736597036,2.6954025859807764,1.0481041564208724,-4.319741934263891,4.445075106378367,2.554919124056304,-0.7614053880578244,2.665961345449727,-3.3204522389938207,-1.2206862697343397,3.5377221542338533,0.6167610245018801,-0.8072703497316457,1.0159131748828059,-0.712964138360383,3.366106285684328,3.4407832522714226,-2.0337795803180114,0.5189906681287637,2.098954667191087,-0.9084240142054808,-2.435089123390944,2.5990177430025514,-0.8164666095573948,1.2404559262896855,1.4850416255409642,15.400990004453432,23.152221423163994,8.843914394831684,7.265195100511857,19.758692701344646,7.107349895432118,12.515478040557015,1.0320795789004624,11.838989389111507,4.405610694923246,6.754893228442076,2.2053486295893494
prime,104399,-2.137834517288579,0.6738988115519613,2.241534302999095,0.9192882260089502,-0.7117199859027956,1.1625988907667848,-3.4658877682859535,2.681932514145906,4.382366944105339,-0.7368787479046977,2.4242438745485186,2.533761759203025,0.20068025864094752,-1.4689975992248512,1.4826417344512375,1.360517965117142,-1.8654558040436524,2.3088816535818024,-1.2605007251431184,-0.3198517153649093,1.3004488447871383,-0.7867040934989161,-0.8441288540158738,1.1538877124357048,-0.48850212153951866,1.7403503201029151,1.8076099024487915,1.6175448331709465,-1.7775945252545102,2.4033920994154974,-1.4838963895330655,0.4612255058048996,1.5539232484502743,3.9034272776593064,-2.973612073176844,4.90704730705929,5.024476031521638,1.3516361808121584,19.205140032787167,6.419948652399608,2.1982265127365737,5.330934490246638,1.6911671979082026,1.3314568529101036,3.2674535594309293,5.776293583532832,2.414677462074253,24.079113273717834
prime,104417,-0.18259922057056843,2.69693597087739,2.7031104502711965,-1.3760877886949316,-2.0186314550631868,2.4430494373970055,-2.760482375432568,-1.256670844337773,3.0330652080168745,2.160444510409075,1.6169291000397836,2.6985144426354606,-0.6862744014212583,4.4222520740769085,4.475185578355788,2.109187469508918,1.1568382686862104,2.4056073165482226,-1.4236869762407793,0.8645013084299521,1.6656071321277155,-0.540893191247124,-3.0898625808113205,3.1368481334988934,-1.4694958541522212,0.4154233180316902,1.5270869649548533,-1.9490328074934227,0.41028897073523274,1.9917494632088317,-1.0817673302638333,0.5008424177929984,1.1920837572447995,0.4780816046666575,0.1627477900039641,0.505023627043152,7.30680610636535,5.968490553565825,9.199484556082446,7.281980197112171,20.027285960723628,5.78694656143034,2.774247118594713,9.83981621263549,2.3319945985350254,3.9670659241926693,1.4210636842868782,0.25504886387182063
prime,104459,-2.906118038251245,0.42207964043678514,2.9366091457871124,-0.954998684931892,-4.3271779094561085,4.431308062898198,-1.1229157936585177,0.2823819457252793,1.1578771277295936,-0.27024613779386786,2.275772051290632,2.29176163778611,-1.5257789139023163,-0.5795502446755374,1.6321396325720443,1.7643971492034993,3.7166814967047226,4.114221511788675,0.4683302521951506,-1.844031224708591,1.9025730952637379,4.130125282726361,-1.3290446478702242,4.338697330656749,-3.084057049052901,-2.1505025747918354,3.7597964314573202,-2.753427271675982,0.9821693641201359,2.92335738496428,-0.6471587409283737,0.07887328736738342,0.6519474146126633,2.6265667381663347,2.294291549430354,3.4874957410481913,8.623673275120513,19.636491148306582,1.3406794429193336,5.252171404428073,2.6638797802124077,16.926818648064692,3.61978438282144,18.824294527048,14.136069205999199,8.546018400225195,0.42503543142013583,12.162626543829273
prime,104471,-2.6392039886957805,-1.9986446170833658,3.3105857486771177,0.28114195552691723,-2.5863166060836984,2.6015523031570593,-0.30386699478636725,1.4668114981803244,1.4979556474457132,0.9472382648586868,0.6980705674158514,1.176674486637993,0.8723793089559735,-1.7297578270969363,1.9372939371963194,1.750027314396899,-2.107898468433115,2.739677271935126,-2.2828066365866584,-0.25278563371347196,2.29676004768805,-0.37364827484719776,-3.5059499597094894,3.525804610763798,-3.230090835493428,2.995593174710491,4.405345080003462,2.7052357794106294,-0.23993442999540365,2.7158551421054575,-1.511633527173717,-1.3997099488430975,2.060151417096811,-1.5047294945150065,-1.55283786432097,2.162294217846475,10.959977999344032,6.7680743860618,2.243871121714506,1.3845628475047844,3.7531077990976165,7.5058315543578935,5.275106716656013,12.431298153283258,19.40706527391071,7.375869152900655,4.244223861365999,4.675516284532298
prime,104473,-2.083599904144635,-3.4252856384339903,4.009235621089596,-4.163024077355139,-0.47175888286365397,4.189668950191575,1.322490616047428,0.28998606783176273,1.353910391816989,1.292132679280654,1.4317548381880298,1.9286079895976354,-3.1192280390601113,0.9245431512847395,3.2533618916816343,2.26625335411822,-1.8031926777546334,2.8961022250880593,0.6133648011164179,1.634888304898909,1.7461604017798051,0.9565480129274903,0.6047955889914235,1.1317074734660952,-2.3334706160876277,-3.8290732737718907,4.484070388838534,1.0972378335244457,1.340255075816613,1.7321127363914897,-0.11982387731595578,2.4138459562160444,2.4168181689807735,-0.7083513613188526,-2.928227899808767,3.012686555933215,16.073970265413678,17.553325912199377,1.8330733490700328,3.719528777539833,10.584363598246302,8.387408098160007,3.0490761487438105,1.2807618054990126,20.10688725205856,3.0002145315696143,5.841010061915578,9.076280284300736
prime,104479,-1.1119389541603324,1.8041597415779806,2.1192924788499345,0.392762919429154,1.3833372240506567,1.4380141120040126,-0.9300839642957275,4.041772484923522,4.147406539094633,0.05379326910689253,-0.20410727775352322,0.21107699219280254,-2.5177819129348973,1.4866907755756174,2.9239485671406293,-1.039880424095914,-2.1249467186609396,2.3657450947990557,-1.335715227736479,-0.3656235933687264,1.3848522598584205,-0.49532546212038064,2.101156814200753,2.1587513222432606,-1.1603460374219932,-2.5928767549316287,2.840671187030575,0.4849782641323348,-4.927098901787427,4.950909765353806,-0.08734163963927921,0.6727091713648882,0.6783555050659738,3.5318073310320024,-0.14941604255758584,3.5349665029961694,4.4914006109099,2.067884586322689,17.200981000524923,0.044553496633160425,8.54947522328374,5.596749853565793,1.9178157816349743,4.660207271287026,8.069412792825696,24.51150750467568,0.4601661912533123,12.495988177304968
prime,104491,-1.4175058977347834,-2.847252114221086,3.180592330376425,-1.5244544347657105,3.4790651770731404,3.798401746787694,-0.6811549415895527,-1.575036458968314,1.7160162882476704,-1.1605487565310837,-2.230051606015688,2.513961730372798,0.020705664645622956,-0.3045458918423716,0.30524895542242647,0.17518434864675742,-0.9728426734215996,0.988489971239402,-2.245023646647585,1.7153165027402262,2.8253215531297995,1.103075509216711,0.5057768550497135,1.2135014652392,-0.43764157239050117,2.6866307812888595,2.7220424502298304,4.190027188191826,1.0190521791568043,4.3121682691693435,-3.174587537916118,-1.8594012556896344,3.6790459450178807,-0.5658068487123386,0.7488533167604472,0.9385726823602473,10.116167572049338,14.427855829999805,2.9447119015313117,6.320003581778992,0.0931769247864825,0.9771124232408738,7.982441878579783,1.4725858061376853,7.409515100853219,18.594795181630932,13.535379065552512,0.8809186800729096
prime,104513,-2.121517961138708,-2.7933603579344344,3.507663117905386,-1.599212511632172,-3.656407651305,3.9908392062174873,-1.3755186213794546,3.6404697901772503,3.891666965575912,2.4675035252369053,0.09285189895228496,2.469249910842481,-1.0610230232871807,-2.8338617174760463,3.025977873303398,-0.5014569610890127,-0.9041474536421249,1.0338963689616896,-3.7849609508881925,2.413234168831793,4.488833763168973,1.561259527706718,0.9947685860861174,1.8512417056448296,0.37466279083962917,2.016571278987301,2.0510806737123284,2.7793438703422626,-1.0607042092996917,2.9748690339635444,-1.478046281952125,0.07849561267550897,1.480129174363442,0.9609676697617249,-1.532471892186411,1.8088474127655654,12.303700548713733,15.926797569882625,15.145071770954827,6.0971951221956004,9.156542089721757,1.068941701752166,20.149628553365723,3.427095852718778,4.206931930076219,8.849845769235191,2.190782372801804,3.27192896266868
prime,104527,-2.4129836256903157,0.9137719448863165,2.580207190345555,-2.3587701827505665,0.21226590663054734,2.368301836791677,-0.9615049835945176,-2.1939094023781185,2.3953559859278135,1.9211780224996775,-1.5485388741122554,2.467569176086584,-2.1201316554882457,1.1926612923824595,2.432570491260372,1.5778044342722495,4.677005157340243,4.935974480748094,-1.5149915464469796,-2.400192713362814,2.8383312786011707,2.4529447199135195,-0.20880169529568382,2.4618155793864753,-0.5153508489472028,-0.7385631163347414,0.9005897924808428,0.6163320496469513,-1.0352077261129682,1.2047905343361534,-0.06409072522070314,-0.17293013867262313,0.1844246564878144,-2.131083709386501,1.8233797911214076,2.804680309604372,6.657469145110904,5.608853590150831,5.737730299320208,6.0888976387726235,5.917399194950728,24.36384407459641,8.056124447085757,6.060535946909967,0.8110619743206875,1.4515202316259939,0.03401245392064834,7.866231639082477
prime,104537,-2.3871244883275415,-1.734698910050656,2.9508547289393903,-1.3389189469591396,-1.3502464194105634,1.9015439357683057,-2.68876015755465,-0.11129671374014849,2.691062642032448,-0.8736889431896786,1.7131622034850222,1.9230853087945823,2.8211082883514145,1.3110932838071592,3.1108869432123836,2.5525256866038615,-1.0101068437188916,2.745123533923429,-1.5937176110146147,0.27638264263654055,1.617505236099373,-2.3487277848504164,-1.1372601980263501,2.6095752461546833,1.1832764443824797,-1.296227336908443,1.7550921493697127,0.4445296868075501,1.316365009083212,1.3893968042254392,-1.482092771733389,0.8234510530080014,1.6954853643497916,3.0603268776763435,0.5936229041259566,3.117368882652672,8.707543631303963,3.6158693396572184,7.24181814334266,3.698257104901554,9.677617573449288,7.535703216500256,2.616323188808888,6.8098829653432755,3.080348452779198,1.9304234795918636,2.8746706207243453,9.71798875053117
prime,104543,-0.06479435571621073,0.20702651055338162,0.21692921565475748,0.6997637179946782,2.0674143347198166,2.1826294445981245,-3.5768232012281445,0.9200465711883709,3.693257357130617,-3.5006114748783417,3.9234435805966323,5.258107095540642,-2.392638507823591,-1.9241924076083223,3.070380342989743,1.6880985222726845,-2.791053476159879,3.2618485752228543,-0.030628453564951696,-2.107707335574336,2.107929864725495,2.9874057740663025,-1.6976566049421649,3.436077881426502,2.29516228465989,0.12059953775501486,2.2983285581987465,1.264278890520452,3.6989817700805165,3.9090749862855807,-1.6153413267272292,-0.17851384377847146,1.6251753118520629,-2.5895494328242687,1.893148327326591,3.20776820457775,0.047058284604588274,4.7638712924267175,13.640149905999431,27.647690228174845,9.427235450617811,10.639656127683365,4.443368314601645,11.806631207228438,5.282314161431929,15.280867248403613,2.6411947942534497,10.289776854299962
prime,104549,-5.940548168167334,2.9556932439262256,6.635226830373428,0.39516813076536594,-1.9034560769319193,1.9440429234925978,1.880184123320959,-1.1289688947721994,2.193094412685274,-0.5497920123465455,1.4752354740921327,1.5743541408653594,-0.46666447937215605,0.9658974940450177,1.0727225667944766,-0.09593801864354934,-2.0918617395922112,2.0940605628756304,-0.421479515937074,0.405924757042308,0.58516654956893,3.0195863884334377,0.9093027997203273,3.1535271584040174,-4.6506586802139385,0.487692468355556,4.676159760266964,3.090009215936901,-2.4656177911320487,3.953154189570888,-0.670388783608781,2.3530190228765284,2.446654786276003,0.5019786048613617,-1.3028484895779275,1.3962079739544702,44.026235090507406,3.7793028883816464,4.809663102951366,2.4785909608599037,1.1507337053101303,4.385089640991002,0.342419890734407,9.944733538791716,21.866470103539992,15.627428046521864,5.9861196432072745,1.9493967065340465
prime,104551,-5.053996588815017,2.513416843429213,5.644479227403313,0.4300049655581347,-0.22815205593096421,0.4867829403647775,-0.5712902662332199,-0.22998685134874364,0.615846182164128,0.5961070740156986,-2.3927138002695747,2.46585136893772,-0.08588743712848512,2.9071269034884226,2.908395345348133,0.3460961742180413,-2.3558300901402673,2.381116959626021,1.0321454331316438,1.2520288848914207,1.6226214973729896,-1.1961447629528164,1.38191017500474,1.8276865228263517,-1.6527739038654374,-1.0907759357835514,1.9802660728758346,2.459068385742652,-1.2899831085995115,2.776882018781322,-2.33498314582686,0.021249681395472564,2.3350798359488505,4.206646870163147,1.161324722868144,4.36400653095274,31.8601457485875,0.2369576310301785,0.3792665200861323,6.080422973692029,8.458763484842684,5.669717975418665,2.632900523736963,3.34043802572108,3.9214537193830803,7.71107374623103,5.452597840254911,19.04455300219817
prime,104561,-1.8669894917420107,-0.6061106060339576,1.9629110598857866,-0.12642183080095748,2.4326431855110475,2.435925973283343,-0.9510860203355637,-0.938148998690056,1.3359222139858649,-0.40178725691138967,-1.7208799146605989,1.7671617584416681,-2.9254476604398114,-4.3127313470825905,5.211323794016409,2.386466408633198,0.925989950507954,2.5598201710230266,-0.1453927800985764,1.644896580392906,1.651309728879797,-0.5703931735794007,0.5096569361765347,0.7649173583197291,-2.623630572907973,1.6590280624395612,3.104160352665336,0.7822957287653326,2.4094298546007473,2.5332466977153767,-1.328124658625978,-2.6440523609720823,2.95887275772589,3.326907503106569,1.7380317775311531,3.7535407276243706,3.8530198290219424,5.933735347316402,1.784688161820895,3.1228606804986487,27.15789568608158,6.552679307976357,2.726823820693069,0.5850985650588328,9.635811495059382,6.4173388314858615,8.754927996412412,14.08906799393489
prime,104579,-1.194846752206201,3.9541893663387677,4.130771393592762,-0.2875836958780037,-3.709118877695628,3.7202509634449292,-0.2958801440947496,-2.680386706394182,2.696667935709583,1.4196961077592478,-3.319031178456366,3.609917589357437,-0.08887743520315228,0.93058902125347,0.9348235795944504,-3.2349775838196173,0.7670530300586909,3.3246729641782258,-2.888309411384962,-1.4921694866333568,3.2509846251150747,0.07172303127820927,0.11854685329810988,0.138555222357797,0.41800646217701676,0.654415089970331,0.7765233495540378,0.696694042208204,3.995203846713896,4.055494589473141,-3.091685163444619,-0.6775912690446172,3.165066678246933,3.3918708866659797,-0.5346705482714107,3.4337531517278745,17.06327230612429,13.840267231012923,7.272017955484183,13.031505001952208,0.8738951249657817,11.05345031873763,10.568901032734603,0.019197549642618567,0.6029885124026224,16.44703636524592,10.017647077749077,11.790660707001113
prime,104593,-2.6504660429639326,-2.3953130687956268,3.5724634277271488,-3.421154765388811,1.9510922042817742,3.938408399131771,0.8764001286882646,2.4756785251262476,2.6262256843874026,1.520199070708555,-3.9519361460240803,4.2342419058002365,-3.2304863080920314,1.6259389902346264,3.616589468924456,2.819402778153509,0.2412139616194231,2.8297024933267916,2.504467167206779,-3.295300257201811,4.139004660148509,-3.367937950058538,2.358176902141638,4.111447961149313,-1.456800298075827,3.7152998542745013,3.990704212998747,3.0365360189692856,-1.7301446035342933,3.4948463977171693,-1.7290059958765802,-4.532370245245428,4.850962973860269,0.5470401697656947,2.505390612879316,2.5644171014952066,12.76249494244801,15.51106071835168,6.897061345336081,17.92880451683482,13.07971938673528,8.007216200739862,17.131359576731075,16.904004337238845,15.92572011564595,12.213951343636674,23.531841773763265,6.576235070441077
prime,104597,-1.6671211157977355,2.1019986792740637,2.6828513306571042,-1.5751591843836592,-0.4837668639002357,1.6477732959227323,-0.9267858399063292,-0.2616919979602229,0.9630237249659499,0.7811293890120043,2.2438236899766575,2.375901486610657,-2.7121924941263487,-1.0372658169828686,2.9037748707977418,2.015154624475289,3.2369547687386198,3.8129679169124713,-1.5771086006212687,-1.612996205650843,2.2558874744981394,0.1891207612036474,-3.8557076017805705,3.860342960508395,-0.618887831339185,-1.0136028470973235,1.1876080495784456,-0.4219255550760065,1.431448657932211,1.4923358986240745,2.6569455368537094,-1.5694706569192514,3.085870659755103,1.7242878652061955,3.2746408481808045,3.700870347184786,7.197691262408595,2.715156834756064,0.9274146948472936,5.644907874078729,8.431908500276442,14.538724335403831,5.089028297597594,14.90224777274672,1.4104128794235196,2.227066434322124,9.522597728737393,13.696441326671637
prime,104623,-1.9608937430826425,-3.240679650846238,3.7877577629871677,2.157432155371706,0.08207509698060222,2.15899278057528,-2.4887863427958377,0.5330613641359306,2.5452331677120545,1.0706741774255688,1.9624252015989523,2.235499019475653,-0.058388769438585564,0.39245651416005095,0.3967762138828518,-0.8918334394426622,-0.07238655629059287,0.8947662807905425,-2.717002199849426,-1.059135612067008,2.9161394340352067,-4.082260057966358,4.180454095093598,5.843033768690057,2.5765733702257063,1.7304153730616267,3.1037183660062104,0.732464902255681,-0.9608648228264738,1.208207780467323,-0.32892196190788137,-2.267701013990311,2.291431331259572,0.6282162424667078,-1.4890888531383397,1.616181072726644,14.347108871069553,4.661249826576179,6.47821187802154,4.9974558660766055,0.15743136390321055,0.80060669723974,8.503869198735176,34.14104362205233,9.633067695484261,1.459766040781775,5.250657545878014,2.6120412598398453
prime,104639,-3.154542441629132,-0.9810811724739513,3.3035826435889795,-0.2823048998174614,0.46718058420212805,0.5458514035123374,1.0009683856188656,0.14084145863490272,1.010828385770228,-0.04006753111263542,-3.319732553412424,3.3199743422556196,-2.883925241441118,-2.1074957038802387,3.5719130644648773,2.5847959001481335,2.9153943706606684,3.8962410323159573,-2.006355042442605,-0.6862528150919602,2.1204724668234927,-1.3474951199550698,1.521120882859293,2.0321298773880976,-2.4245348863256155,-0.8687138600149314,2.575467566402654,2.5568063373075254,2.6414710046622223,3.676224655127482,0.2903516364614316,-1.3497622833695653,1.3806383648163825,1.8228117778231359,0.7264239553560502,1.9622269339416045,10.91365828302235,0.2979537547163886,1.021774025478845,11.022229633235634,12.75856294009487,15.180694181902517,4.4964034825565085,4.129551838573365,6.633033185592009,13.514627714967174,1.9061622944028545,3.85033454028587
prime,104651,-7.34119059128923,-1.043369109280663,7.414964490530932,3.3717905105652153,2.1452065467511705,3.9963586394819117,0.648992896800828,-2.907936038591121,2.9794770991962585,-2.8445075177522536,2.639411609612722,3.8804273815531594,2.8688299539666047,-1.0484597982464154,3.0544153701346755,-1.720048894221672,-1.2584274171528929,2.1312455894981457,0.5866444465724344,3.0922496946797304,3.1474052616307873,0.12630535378194518,-3.6120546739947668,3.614262305135229,-0.7786407330259232,2.9978384187891134,3.097307956321935,1.7130213928351823,-2.1789554519052885,2.7716942749334326,-2.6412161861586205,1.847574778757287,3.223283342358584,2.8501141037963076,-1.7315589299510137,3.334883316182401,54.98169839583464,15.970882375361716,8.877283784634951,15.05771666350751,9.329453253314947,4.542207762755298,9.906159880941164,13.06289201032142,9.59331657629516,7.6822891536987665,10.389555505126324,11.12144673255173
prime,104659,-0.5656370711733786,1.1818348768031615,1.310220963163825,1.1167243559690907,0.2030303676874196,1.1350306680516917,-2.120376457713933,-1.3189608710432663,2.497129172023485,-1.000311285613916,-2.64374206970012,2.8266578850700768,-2.96535275955266,-1.4471020825965493,3.299609283845869,2.0522628276852837,-0.6376306957776767,2.149035974128102,0.7275030148952766,-2.550530077819931,2.652256457159801,2.481522005419935,5.27443376355264,5.829031050653912,-3.1283103362861975,-0.13609930361508105,3.13126948386107,-0.8513924581753327,-1.4127633842273346,1.6494755219921595,-3.7859699039632355,-1.3986363450522874,4.036056458898539,0.9165048481564969,-0.5521863355033585,1.0699957410246974,1.7166789723139415,1.2882946174178695,6.235654101770695,7.989994799228839,10.887421426041847,4.618355618096722,7.034464314545859,33.977602989487444,9.804848580559572,2.720769497651307,16.289751739416616,1.1448908858109914
prime,104677,-6.199622259548278,1.438793035803109,6.364388545725505,2.819335615157852,0.19571845471496674,2.8261208439154752,-2.9102538566044647,-0.2858890663180418,2.924262311784181,2.7366122719599484,-2.0175809202743302,3.39995286686401,-1.573619557035578,2.132834959559892,2.6505213590925263,1.2497751953358773,-0.9928372925078398,1.5961403222370922,0.7206287909814328,0.7997722863356536,1.0765414828894984,-3.5672865785399397,0.652608917693198,3.6264903050861554,2.5110304984909217,-1.6442810856654249,3.0014887061304485,-0.15731209392475942,-1.0175797728757803,1.0296677566384784,1.0131619457285834,2.3122951779795606,2.5245209681006924,-1.2971744948409933,1.1649733484705438,1.7435092694656535,40.505441560962005,7.986959024413518,8.551310068121362,11.559679496896802,7.025263475005692,2.5476639282711284,1.15894156438192,13.151431932883877,9.008934453028633,1.060215689060917,6.3732061183800575,3.0398245727126567
prime,104681,-1.167946793883269,2.5671444879067904,2.8203422726918133,-2.0086628426635693,0.37398015512711025,2.043180748716615,1.2261233283351505,-2.5433794589275465,2.8235009276397003,0.9247935921196914,0.23626156150872568,0.9544960520987938,-2.9312974897600936,-2.237571299813861,3.687713423684725,0.39990811565564977,-1.9721076023144524,2.0122462314721106,0.23617623935141974,1.2180034458856155,1.2406899734516323,-0.39078198099460537,-2.4727882459339536,2.5034760366137294,-2.2827097081929044,0.7681146976826427,2.408477486021871,2.4706747507345,3.2056644141011548,4.047285270369693,-3.355579303224971,0.5396721634774344,3.398699531330211,-1.2661071938235426,0.9708079394190026,1.595460899392616,7.9543305351324225,4.174587571926187,7.972157488382248,0.9110627134721834,13.599230295224517,4.049134896073711,1.5393116102234121,6.267392265899187,5.800763800674233,16.38051805975148,11.551158504264196,2.545495481490695
prime,104683,1.8609634952013112,-1.8871911902208414,2.6504104812121154,-1.891108032258955,-0.15904454557731595,1.8977841703292373,-2.8190409682487405,-0.26152393410711117,2.831145836719765,1.252466708282749,-0.42195772318039915,1.3216357953340288,0.13274505440479312,1.8263164762096618,1.831134380853521,0.7826510744748684,1.5600462547432592,1.7453615732320726,-4.255470079528694,1.0377172098426943,4.3801692439182816,-0.5522998655563123,2.2226318233591247,2.2902243042335892,0.27319497899712736,0.1550852361192976,0.3141447548685464,-0.24660153850639188,-1.5063007488539157,1.526353256881115,-2.829667290541799,0.4298185033166736,2.8621252455047377,2.2357878364245254,0.19370839067065848,2.2441635836364684,7.024675718919037,3.6015847571522315,8.015386748775658,1.7467211755082108,3.3530531207438075,3.046287021315136,19.18588260536765,5.2451273637022275,0.09868692701141912,2.3297542647915868,8.191760920955556,5.036270190120076
prime,104693,-0.5497073555901295,-2.8967165284451273,2.948413950407419,-2.4703983192275465,-3.302561519039063,4.12429150796593,-2.934899828030206,-1.3480771729456835,3.2296979835255426,0.3072033749244758,3.997702546553547,4.009488691128297,-0.9801936689951494,0.7621438673018598,1.2416291327139546,1.4484239642496837,0.9193814481991056,1.7155740227415004,1.613835091061078,-0.5669294776860271,1.7105182646816344,0.27186727907613284,-2.2700983255113236,2.286319799354757,-1.437517569278747,1.560916118013206,2.122007513996709,-0.1355632188695069,0.4870161649334409,0.5055315333554756,0.6017880972468913,-0.9635921710395481,1.1360716465420408,2.79137314288086,-1.7453039453981345,3.292088984918067,8.693144822957082,17.009780442679887,10.430949064788956,16.075999564285706,1.541642903204007,2.943194227505454,2.9258727338094697,5.2272582249215755,4.502915889458494,0.2555621312167384,1.2906587860767438,10.837849884618867
prime,104701,-2.579955672388954,-0.26590265401727264,2.5936220798152863,1.4988426704934599,3.5419293326757235,3.846009977699052,-0.010488535936243437,-2.1684528127471645,2.1684781784692175,-2.4013733449043624,-1.621712919730362,2.897679543296246,0.827702280398746,-2.769163999503669,2.8902180404122526,3.4601398039214644,-1.0731032342506557,3.622722458875492,-2.1520243028983446,-0.65998967121547,2.2509542346249978,1.4380752258784928,1.1253375342587333,1.8260462538766655,-2.6334118709603676,-0.34374269339691266,2.6557517055211974,-2.0309787167139617,-1.003130520266563,2.26520316714315,-0.4369263115555688,-1.4424745441575806,1.5071952137238804,-0.6704572709748418,1.305108742460872,1.4672497339753827,6.726875492905371,14.791792748560662,4.702297610497175,8.396546735637541,8.353360321124441,13.12411801404089,5.06679496637621,3.3344449212970035,7.053017121378749,5.131145388435358,2.2716374122721734,2.1528217818508315
prime,104707,-1.9958693181666425,2.10821460663528,2.9031126679530246,-1.469692633114896,3.728662501160493,4.00785734319382,0.5121335895967882,-1.7538459205789938,1.8270895781884562,-1.2718706875740706,0.6232324546863851,1.416359325342463,-2.45987708861404,0.016778075129734643,2.4599343070280035,3.161511096241627,-1.6060564985759687,3.5460639994615204,-0.9070924286579595,0.9502932991986776,1.3137252485320143,-2.8772948091779047,1.3839995089890018,3.192848267582397,0.9664806806962931,-3.4884505707881854,3.6198580484587493,2.1046590609854996,-1.939272065441556,2.8618815326268003,-1.0822654381190357,3.9492135341525527,4.094824296215979,2.6058500000172797,-3.015338437400514,3.985313051023097,8.428063162829329,16.062920483392624,3.3382563267248706,2.006073738484557,6.051276794893344,12.574569888277034,1.7258740286305028,10.194280059803912,13.103372290991585,8.190365906790325,16.767586016880685,15.882720114655026
prime,104711,0.6796293983151248,-0.8274250819058392,1.070760657299783,-0.6728487873692736,-3.304386811063158,3.3721947879374414,-2.7282722061133016,-3.6048242112594195,4.52086571629068,-3.835586506279276,2.2358760137238636,4.4396920384073235,-2.875645161973475,0.8045807542242545,2.986081929158931,2.9819774737390876,0.3191049955651809,2.9990027762711406,2.6156444294301204,3.304167570010517,4.214156987099321,1.6884319437119442,-1.0847471234520825,2.006857929795844,-2.386677013355042,-0.9762378450136991,2.5786173613226016,0.18746171352959512,-0.09408837743396958,0.20974869917977823,-3.472113036834412,-0.36102558018921627,3.4908320512603357,2.384770448188022,1.3912240298470664,2.7609118768578633,1.1465283852210633,11.371697687792446,20.438226824732443,19.710865395897375,8.916685287649523,8.99401765208201,17.75911911191803,4.027478750384461,6.649267496114336,0.0439945168076091,12.185908410106443,7.62263439177481
prime,104717,-1.5644658469832473,2.29061090792381,2.773887473903105,-2.766999700481188,-1.327219235599232,3.0688431438911294,0.7150602177797071,-2.143897963462107,2.2600021222972626,0.7470730047969425,-0.7249481373797846,1.040993696612401,0.11304131537380147,-1.398378147135324,1.4029396927049504,0.5913579952347123,0.2124099696520666,0.6283488471666117,-5.712246119037546,2.1607620623528714,6.107261940883406,1.1777886018854413,0.0762081370526112,1.180251528651538,0.2113591810721518,-1.4674645427568382,1.4826074624363752,1.044900724867689,1.0067470342358078,1.4509848778576628,0.32046035823155605,3.1720660372805427,3.1882123182226407,-0.6888372567038934,1.4706653291657787,1.6239930038745962,7.694451717876549,9.417798241807592,5.1076095927881315,1.0836678763867513,1.9682397813670607,0.3948222737356099,37.29864841456295,1.3929936708842923,2.198124887672028,2.105357115771617,10.164697786066585,2.6373532766336343
prime,104723,-2.458771993214946,-1.2561053192645706,2.761043333180946,-2.1557459180462124,-1.4014404844441288,2.5712401472075497,0.5309443390721273,-0.444879167686829,0.6926899487032159,0.5783065677077084,0.48475383032126884,0.7546023868667604,-2.0370535822216227,-1.7983528107355164,2.7172891139373223,0.7667658220919454,3.6497312750113986,3.729405878383937,-1.4227419157620653,-0.8977057766737112,1.6822812548262145,-0.3659550836193698,-2.005820359897237,2.0389307098097134,1.9255155319223929,4.885449634278335,5.251212068917488,2.1205873767731576,0.08373200491949706,2.1222398241427616,-0.4158169164920743,-3.6465506142460233,3.670181887904062,-0.1528364599083968,-2.2017350464143854,2.207033347751385,7.623360287702948,6.611275894611902,0.4798193650344638,0.5694247622650119,7.383660128722278,13.908468205724665,2.8300702203396626,4.157238439405141,27.57522819274469,4.5039018711775,13.470235090299026,4.8709961980866865
prime,104729,-2.113932813843168,2.0101364201169183,2.917080795748269,2.0441631591976823,-1.595864718374568,2.593335153961745,-0.8945903015882026,3.710495722997127,3.816814158178997,-1.8294192404828051,-2.850784390185546,3.387291897190772,-3.147662686406321,-0.5921424114125633,3.20287574263944,-0.9092623758511306,-0.5011814260044497,1.0382393220786317,0.3772711210855516,0.09707499616729065,0.3895600771203698,-0.6792087492580806,-0.17800748407588918,0.7021475553298994,-0.20175130478400943,1.1081955794517275,1.1264106850072046,2.552284776521505,2.157623563610219,3.3420797451152313,-0.9466257614388168,-1.709062034376926,1.953712714185025,2.882569205188289,-1.3860070594447786,3.1984716336917245,8.509360368923353,6.725387220773787,14.568070318075645,11.47374639677426,10.258413022788144,1.0779408899102967,0.15175705368602846,0.49301118945575406,1.2688010312984,11.16949702270949,3.8169933695682174,10.23022079153061
prime,104743,-2.8019099667688954,0.5123697359837809,2.8483718521694037,1.3364270220623196,-2.186506284218067,2.5625859822108326,-1.6886447722651579,1.8743276037412753,2.5228208682038757,-0.29192347732523516,-2.269013105132903,2.287714970855966,-2.132537620638652,0.2700693383289017,2.149570689915681,2.4774486835923937,-3.6544312159659746,4.415044676111471,-1.9609637150950685,0.6286941434867748,2.0592802184195382,-1.300438475353363,1.7135224201338575,2.151115829629072,0.2216752777566755,3.4240425375542505,3.4312107524530537,0.8877794113352566,-0.3654084623560129,0.960039388542033,-1.3993896865934878,2.3060878180200732,2.6974677976511234,0.20239636229797114,-3.525935850927497,3.531740068624426,8.11322220823096,6.566846916223457,6.3646251330449575,5.233639787878514,4.620654150944576,19.492619492060243,4.240635017974021,4.627299312480771,11.77320722774945,0.9216756275521606,7.276332519364802,12.473187912327264
prime,104759,-1.7268485046569657,2.242904611444615,2.830658378200294,-0.6066857808669868,-0.4021864821414626,0.7278884551382242,4.188981636135551,2.0766668555984156,4.675479908738983,0.8383055764699642,2.846186188510775,2.967074663571871,-3.451256168182822,1.5288720020613413,3.7747342604621896,0.731755427968879,0.739829652471106,1.0405834522216058,-1.2263747349234702,2.1423485545427923,2.4685324222319225,-1.6280215818432344,2.0284236921615517,2.600953084134669,-3.835723415504588,-3.04610131416352,4.8981126300238245,0.03936660406999959,0.7115451329868179,0.7126332898435439,-2.4560812905418348,0.7806345873018761,2.5771545674719656,0.42024887718992,-5.027445233992283,5.044979157496203,8.012626854075519,0.5298216031235107,21.86011237702189,8.80353205921013,14.248618737107034,1.0828139210374348,6.093652319610203,6.764956945869647,23.991507336398907,0.5078462057932325,6.641725664641614,25.451814699571102
prime,104761,-3.133371790855732,-1.6724748837055436,3.5517870173134436,1.3395571303570857,-0.4315828627324403,1.4073652947599775,-0.7660649669959669,-2.2233152960708193,2.3515923199825703,-2.5362641405476287,-3.6569894726031507,4.450416586495929,-0.2695438398093665,4.959384719061118,4.966704206336039,-1.7697374498488054,-0.2017167190038328,1.78119630476908,-0.5729104297586276,1.8651855666301396,1.9511902927422557,1.8061008475253484,1.4010843717146995,2.285834133985875,3.290322870515167,-1.2752706470307364,3.528815639193037,1.0828887204182056,1.3967754578877338,1.7673793199442125,-2.025738564654523,-3.7140796340951,4.230603297489444,1.6688422743942575,-0.5595030178907932,1.760135836756443,12.615191016356327,1.9806770728948384,5.529986439401007,19.806207793358077,24.668150673236102,3.1726602761230254,3.80714355849161,5.2250376880949565,12.452539815413362,3.123629660566467,17.89800426072856,3.098078163834304
prime,104773,1.6223950142009622,-1.7832488608218484,2.410838460313457,-1.6472492070490699,0.10011157266200477,1.6502885435900745,-1.8941831500979291,1.7084624382708853,2.5508378445321473,0.6442386389739835,1.9435940695140093,2.0475842671297015,-1.7126478451523175,-0.3812009085207948,1.7545588545734097,1.1127251564370215,-5.126938724083724,5.2462994533553875,-2.442982284107319,-3.7974796091939877,4.515419562200875,-0.8725616194616643,1.5293182075140512,1.7607322225686544,-0.6675942362735232,0.39254040077831986,0.7744482103722835,1.3811658915370058,-1.0209242576988644,1.7175289109366367,-1.4026478444999042,2.1717061833154023,2.5852908390219036,0.39632039489862025,1.0430753555590977,1.1158297597695341,5.812142081726561,2.723452277104649,6.506773709097412,4.192601330997077,3.078476774161955,27.523657954277038,20.38901382270634,3.1001779595915533,0.5997700305488327,2.9499055599031894,6.683728722330578,1.2450760527873364
prime,104779,-5.337774972266562,-1.1395288407660618,5.458055297767964,1.1971608114992724,-1.0631021789427095,1.601055980115103,-1.8331730610431924,1.5521507366005753,2.402019021753195,2.829520985661088,-0.6614702021403992,2.905810013854339,-3.3502861841278304,1.5883276122528311,3.7077219582113488,3.2520219455596093,-0.5489553977189426,3.2980295273217415,-0.2586646810064609,-1.7056273502059387,1.7251295820809247,-0.6246859117456685,0.4361694366803113,0.7618899302573418,-2.8168754435140424,0.9196923831309454,2.963211322849167,2.8437429636741607,-0.8483495145972707,2.9675867202768855,0.4694402663765164,3.1700592129899525,3.2046293978490135,-0.6003896156532198,-4.152448200141881,4.19562793219868,29.790367633492938,2.563380251462333,5.769695380864175,8.443731836616152,13.747202119402598,10.87699876308607,2.976072074970706,0.5804762658275371,8.780621343861512,8.806570942363722,10.26964957755813,17.60329374544577
prime,104789,-5.324405700578495,3.708174615990738,6.488440108919156,0.9074998681212872,-3.792242070107392,3.8993148024919138,1.4549584147188601,4.914259774122219,5.1251198148059895,-3.841966933473911,-3.271080672222357,5.045857576477322,1.675357260661594,-1.4191425027017837,2.1956291567170907,0.8203722639753673,2.213742460002337,2.3608613535566354,0.6512320374104453,-2.5428051760847903,2.6248735836366217,0.29236718930289474,2.8282391060024055,2.843310572924133,-1.7937535569465615,0.022501551354711963,1.7938946855576026,1.7920529945619326,0.16283329267306224,1.7994356383380712,-4.1903568306315,-1.5942674923376452,4.483389254252259,3.688788913393742,-0.5705616477331733,3.7326537800123623,42.09985504703083,15.204655928932553,26.26685311611698,25.46067868209359,4.820787393826203,5.573666330717269,6.889961330073361,8.084415014102161,3.2180581428718096,3.2379686165211417,20.10077920514463,13.932704241440577
prime,104801,-2.30152237967701,-0.27046349005714243,2.3173596534867045,-2.295282611387508,-0.35082537721001317,2.321938998215157,1.9681851514529107,1.3418784314390269,2.3820979230839736,-0.1883855666780071,3.251457293010934,3.256910138460468,-2.7572955191924335,-1.1652915960275405,2.993423305169365,1.2466295712089341,-0.26689372844883086,1.2748794257096978,-0.9769693294330699,0.3941046640580935,1.0534645494202663,-0.4439394776200134,-3.814839155190321,3.8405832942097136,-2.2723971187638963,1.0827152546268357,2.5171533501096257,2.4466593124228044,0.35024117320561,2.4716008315409006,1.057028773277497,-1.6643815339637755,1.9716682576275708,3.070992057365403,1.8386889719330464,3.579353203011627,5.370155763608019,5.391400711432407,5.67439051516098,10.607463650006585,8.960583083931084,1.625317550097889,1.1097875568852449,14.750080039762736,6.336060987968112,6.108810670473671,3.887475718136141,12.811769351909593
prime,104803,-2.733959712183159,-3.347762347043894,4.322273526759437,-0.6484123774968814,1.408365036315653,1.5504614431863661,-1.8893219044588654,-0.16206066121412688,1.8962597175970475,-1.2092365849376263,-1.1011076202606647,1.6354482901479084,1.3055541980688323,0.8858920206161585,1.5777440972117536,0.548149444539004,-0.0592865795936548,0.5513462723809179,1.0701366571241773,1.8618639995991764,2.147493892406763,-0.47369624362985374,0.03425070884339387,0.4749328818741746,-1.1425946056644685,-0.7967403026422606,1.3929528142575482,1.706103208934656,-0.9856875481812486,1.9703725795332954,-0.9549879030529353,-2.0765867441509007,2.285654042273389,1.691262078455226,0.6147447108235518,1.7995217357693194,18.682048440125463,2.4039306868075494,3.595800916581234,2.6746911097477173,2.489276436286531,0.3039827120683333,4.61173001792435,0.2255612422853087,1.9403175427480237,3.8823681021766925,5.224214400960682,3.238278477506224
prime,104827,-1.11442443336742,-0.38076611333829313,1.177677651461997,-2.3513221152170614,5.354935573603915,5.848422923058619,1.6117353067368165,0.010959514290658334,1.6117725676830172,0.04169813445212389,-3.25646063569126,3.256727591651398,-2.766064091830021,3.420079109573417,4.398642026336303,3.1852811274783894,1.0964057544899253,3.368697291171859,-1.8451118321159825,-2.1503447820085446,2.833446726960959,-0.9301304756511999,2.2293248452607477,2.4155810827691093,-0.947987361275632,1.4971456815601982,1.7720398497078689,-0.24935384450613707,-2.135801847822311,2.150308552959595,-2.7469054182619974,-0.9733722591178956,2.9142654188830153,0.6133720909683114,0.5305345954864474,0.8109822926468906,1.386924650753045,34.20405068695752,2.5978108099355066,10.606274606223513,19.348051675851934,11.34812143954862,8.028420354525771,5.835031967431982,3.1401252289526864,4.623826872931187,8.492942931697396,0.6576922789868069
prime,104831,-5.63130017728459,-0.35944616773866467,5.642760249575333,1.6497395514012463,-2.0598402385088996,2.6390495250445727,-0.7794119411170116,1.54057331743262,1.726513573749461,-0.42356072839535897,0.6039268354787289,0.7376525694730269,-0.126901721799904,-0.31946875392187224,0.34375039160439363,1.5689071136565609,0.6765561118843741,1.7085659787699925,0.6014231788826812,-0.08226810557049402,0.607023789724511,-1.533946179898344,-2.9577361534418216,3.331845440022923,-0.6977502754915458,1.6358023651679443,1.7783995121562446,0.03200973564483715,2.665480526088263,2.665672721496736,1.2464231030323605,-3.0449124973575765,3.290146298926109,-0.005955441150808483,2.3940491807102946,2.394056588082022,31.84074323418747,6.964582395637985,2.9808491203411354,0.5441313132501588,0.11816433172817398,2.9191977038102626,0.3684778812915073,11.101194036201544,3.1627048248375687,7.105811058131815,10.825062668337175,5.731506946938933
prime,104849,-0.2509546134054428,-1.4816904861890774,1.502792372502835,0.22429485665172635,-1.9445402873516908,1.957433296910578,-0.028579257322454366,0.2826943217116783,0.2841352732012148,-3.121704472881252,-0.7716853286032155,3.215670546307297,-2.3744939779620435,-0.10361503632301194,2.3767536109429237,1.7974307086513939,0.2192894590179837,1.8107581338321943,0.3578562351109478,-1.379324979705809,1.4249906963374224,2.5642020390507936,-2.448950686694797,3.545770940562174,-2.19463548498899,-2.4980837557925453,3.3251838088934944,-0.3778153093097569,2.760419084411282,2.786154685140588,-3.1104801223427674,0.9143165550891145,3.2420767039660707,-1.1234578696024076,0.3428511995234997,1.174608245240209,2.2583849148526993,3.8315451118542154,0.08073285347712897,10.34053706238827,5.6489577271302265,3.278845019239451,2.0305984846482117,12.572491562935165,11.056847362927448,7.7626579295308495,10.511061354399502,1.3797045297862827
prime,104851,-1.9232060914451115,-5.657695394621344,5.975637108166053,-0.01853667033303813,0.9360970465010029,0.9362805608443104,-0.8700434230167142,-1.6349097389205136,1.8520003813044381,-0.04560959674096432,0.7403431126653365,0.7417466951634314,0.3071408127654607,-0.26070833499529433,0.4028700966840879,1.0928526437343273,-1.7934406565066845,2.1001800611681456,-3.2778684814320878,-1.2509060676073374,3.508445207145575,0.16449829773540747,2.4229787417899797,2.4285562939993794,1.1838921830842026,-1.3253803831607445,1.7771420486936886,-1.766829300929025,-2.1771400276545183,2.803858854977701,-3.7251927030044034,1.7215686739246125,4.103761612661705,0.44758051131571386,2.875495760784807,2.910120991368062,35.70823884849115,0.8766212886149365,3.429905412351784,0.5501881597858724,0.16230431480224633,4.410756289328236,12.309187771542756,5.897885673124001,3.158233861235201,7.861624478636865,16.840859373555798,8.468804184401032
prime,104869,-2.5571818253122776,0.5699732769734541,2.619932904517077,-0.9368857927135417,0.6672910305527703,1.150231414996417,2.5200319630770096,4.782319453777512,5.405658188686055,-2.3564596425684443,-1.781376304488889,2.9540148248186386,-2.477361844523308,-1.8982634299721435,3.1210135786743276,1.6332296982051222,3.33200013645453,3.710749810541288,-1.500564997891647,-2.538790606410141,2.9490935990731,1.5737553570361558,-0.5921051014536827,1.6814560282586855,-2.3698352712293715,1.9789992475631948,3.087483965078763,0.155501737090469,-1.8043487125126147,1.8110370141397119,-0.5337752787399419,-0.9690230163867215,1.1063099269558794,1.4657515339405136,-1.0918775800591192,1.8277374562788624,6.864048424171288,1.3230323080446598,29.221140452908603,8.726203585248292,9.740725758269534,13.769664156432206,8.69715305609393,2.8272943749674733,9.53255723461848,3.2798550665840827,1.2239216544811231,3.3406242090847265
prime,104879,-4.8206050594268435,-0.19650144674215475,4.824608373489339,0.5613687392124453,-0.9556108311043513,1.1082991121032804,0.23618772165681695,-1.2857735946648563,1.3072866466842015,-0.8280934581286109,0.9005346068218074,1.223397463410444,-1.1989003249627266,1.5575690327867808,1.9655491042179738,0.610373550528594,-0.11068756778485545,0.6203286297173531,1.8222471122011654,0.8355380857080322,2.0046716515664427,0.9745199228657324,-2.4887780901366368,2.672771120392915,-2.5234263211226207,1.8130293577958052,3.1072103003118268,2.168414221092688,-2.434044908334556,3.2598458322482657,-3.524919438468645,0.1811472092942772,3.529570987971373,1.5978793282532973,1.7682533060869319,2.38326207164604,23.27684595754344,1.2283269218889197,1.7089983765988241,1.496701353479109,3.863383281092079,0.38480760884700904,4.0187084305941285,7.143705462006399,9.654755850363912,10.626594850026388,12.457871359129213,5.679938102146574
prime,104891,-4.415694405875569,0.03916884585030933,4.4158681235478525,-2.4349389449682324,0.5102963300828219,2.4878364114665987,2.7291451955992168,-0.3326717675880926,2.749346104733355,0.6556424392388225,-0.31691254576914185,0.7282173918528115,-0.9990304136260922,-0.1704333560091643,1.013464008335011,-0.7123319852595764,0.13247892595928823,0.7245464257362505,0.44384808826784894,2.2276877929630308,2.2714739770412344,1.3249187702747394,-2.8396994912858644,3.133576702210355,-2.5276236383283495,-1.6706081324060573,3.02982058694859,2.926800856458452,5.431960312277459,6.170280065566178,-2.2703051900404496,-2.1664368968433507,3.1381100178178665,0.8625881245374835,-3.1195164910360553,3.2365786581572515,19.499891284566033,6.189330010219003,7.558904003612472,0.5303005697969113,1.0271092961904673,0.524967523047176,5.159594028375523,9.819302948635523,9.179812789097499,38.07235608752336,9.84773448392885,10.475441410438995
prime,104911,-1.2153182484003455,-1.0847772984732789,1.62903045771952,1.2643264580862108,4.14524421091641,4.333770986191221,-1.5962464984906979,1.5346951943060674,2.214337874708815,-2.3796535484446326,-0.23848486065650898,2.391573966948856,-0.8028635962915549,2.542103328034899,2.6658730811230154,3.3170325261905997,-3.6399728309879893,4.9246428286868795,-1.0185964304061628,0.12030898754898522,1.0256768206999898,0.6475908274945291,1.120959025979635,1.2945744543209017,-1.1988918254403957,3.2987631220502545,3.5098689070258096,-2.0382786183292336,0.775783522101547,2.1809217773919385,-2.3822059721154307,0.9052289248739862,2.548400419873403,0.02874474232652613,-3.302678232343131,3.3028033193946875,2.653740232177869,18.781570960752823,4.903292223369952,5.719626039387487,7.106879284656319,24.25210699013711,1.052012940521239,1.6759230177802604,12.31917974450655,4.756419799102412,6.494344700010937,10.908509766604567
prime,104917,-4.0620589469088095,0.6960385903555133,4.12126104577543,1.7869183278224527,4.578702503688636,4.915037510293526,-3.6434288326761415,-3.0536451573941403,4.753874462588649,1.3571179792833705,0.18269370984918398,1.369359777893537,-0.2875482067210201,-0.5922005859118736,0.6583202147457125,-0.06024861022797379,1.509817338364241,1.5110189576109505,-0.8272374541818902,-1.604488734227266,1.805188606174864,-0.5815261539816969,-2.207728674427603,2.2830327565881756,3.5022944590922873,2.0277601750063092,4.046959081276973,0.8580610613566171,-1.6775255787060073,1.88424012594716,-2.40363273206979,5.247912491010402,5.772177736693516,1.0028742067309042,-2.26442373663284,2.4765644618205225,16.98479260742599,24.15759372759239,22.599322406052515,1.8751462013126368,0.43338550514284097,2.2831782902596833,3.2587059038635484,5.212238567654604,16.37787780553016,3.5503608522293693,33.31803582398028,6.133371533552374
prime,104933,-2.4902005028403003,-3.6764347639961508,4.440413394974112,-4.26249456935902,-0.8560927159150864,4.347614827932438,1.3113267525743781,2.156445687832467,2.523853374621534,1.6453264381863697,2.096011974274648,2.6646510624278283,-1.8715857724794147,-1.8965029863750889,2.6644993678132103,2.5373422735615154,-0.6718631108027612,2.6247868204598794,-0.16791396541448877,1.7194787704509833,1.7276580511816693,-1.3401514115280415,-3.481819560155363,3.730827422342273,-2.850121225270499,1.0452550214867111,3.035745222952775,3.8106786584141896,5.209968836276328,6.454846792346344,0.3415036757681815,-3.691925898381826,3.7076868260015754,-0.09801606677109831,-2.7846650409246436,2.7863895168287445,19.717271118265515,18.901754692058006,6.369835856588506,7.100365284497754,7.099556881076997,6.889505852859883,2.9848023418128435,13.919073255301088,9.215749058680592,41.665047112663885,13.746941599705636,7.763966539493124
prime,104947,-0.6466645004167364,2.6166922391654017,2.6954133728628107,-2.1609946727990765,3.9795346521385544,4.528420698592116,-3.128662515345633,-0.12123909337401206,3.1310107078531395,2.9040972894795827,-4.895416687930357,5.692001898737358,-0.11062407337444691,2.196924151972448,2.1997075749130417,1.9850871739570735,3.749623033990596,4.242669440958336,-4.67298388958541,1.4625192104587585,4.896502922830303,-2.6172111286712165,-3.9872541342298375,4.76948525765343,0.24290866169210035,-2.096213901768982,2.110241062034048,3.63498405217134,-1.4462625028497818,3.9121329587182094,0.26890318338400243,2.654291134054062,2.6678774983780738,-0.7738220541087564,-0.9948894254012763,1.2603989607264745,7.265253250607674,20.50659402343751,9.803228052691018,32.39888561522969,4.838713415129815,18.000243985241717,23.975740873285698,22.747989622973403,4.453117339894587,15.30478428668929,7.117570346352049,1.588605540200377
prime,104953,0.7745066582225849,-4.155102370000879,4.22666964273505,-0.035527045335316476,-0.3697452634538386,0.37144815357840477,-2.46689828723034,-1.0754920622930082,2.6911466581357573,-0.5254801678445935,-0.7642444190294959,0.9274691039682744,-1.7767706043094007,-2.1634103793710184,2.799510358957124,0.6006501699822516,-0.6774141597950719,0.905356598579019,-0.4187733929263946,-1.121846709538287,1.1974603101251273,-0.8918238868580207,1.29862582672533,1.5753662694778614,-1.0524349415137408,2.140103322769541,2.3848818709211286,-1.6348361819675103,0.7930009976163327,1.8170140131794816,-1.056594874500182,2.807415418709327,2.9996623246670486,2.8545215323339725,-2.1347950388083246,3.564497585393897,17.86473626881804,0.13797373079680617,7.242270335595254,0.8601989388157139,7.837258249908246,0.8196705705905709,1.433911194324966,2.4817788830085936,5.687661538248262,3.3015399240906054,8.997974062026922,12.705643036278923
prime,104959,-4.691734421049212,-1.1275634173559852,4.825326013630321,1.3301707283206823,0.7316875858981284,1.518130722249769,1.7653257732203795,-2.3588309380707697,2.9462617806291345,-2.6954704361653095,-1.8115872875349508,3.2476775351933336,1.0379263437597683,2.337162991710662,2.557268453817951,-2.5023085332447534,-0.9790104727541372,2.68700753651935,-0.9948350816434309,-1.480107298135779,1.7833716532633592,1.8153555921102722,3.977415104355169,4.37211011276691,-2.0462723968607444,-0.2821085208102725,2.065627250901763,1.934963567643137,0.4065878215331812,1.977219680441542,-0.641916551015623,0.907864234811379,1.111878737685654,3.9714729889918146,-1.6193868739583295,4.2889406092693925,23.28377113781749,2.3047208898386056,8.680458479995957,10.547409372599446,6.5396219448924535,7.220009501311787,3.1804144536632872,19.11534683815868,4.266815939667975,3.9093976647253537,1.2362743273174435,18.395011549840106
prime,104971,-3.580708934451671,1.4264003759991466,3.8543604535529017,0.7458283735478324,2.161433209487875,2.2864937091245325,1.31159391355544,0.4016654806352371,1.3717192688045214,-3.784917193155053,0.7608765981699391,3.86063872392683,-0.5397545958958673,-0.2650042291792478,0.6013004783580321,1.1674462942635078,-2.5256116823487837,2.782381213997508,-0.7661177398249428,1.9448232631467133,2.090280822318166,0.02820016404707526,-1.4388537870899225,1.4391301087376687,-0.5166223598227347,-0.24639210510048037,0.5723702753678404,1.5661852444338602,0.5019469371356866,1.644654051033909,-2.468374813726977,-3.083065978859866,3.949451867163953,4.344699310229187,2.4191397827996095,4.972790905017997,14.85609450591253,5.228053481866063,1.881613752409611,14.90453135668338,0.36156226527359825,7.741645220006247,4.369273916151108,2.071095469875294,0.3276077321246574,2.7048869475822475,15.598170051044834,24.728649385029712
prime,104987,-1.1569118105751612,1.132253929768141,1.6187785206518204,2.5175210081160944,-1.078658639008538,2.738871389060397,-0.7218199204766285,-2.374279762678085,2.481577802338583,-0.4578642658969114,2.104445961146736,2.153678826884856,-0.7486227298412004,-2.6407763814481093,2.744838044120101,1.1431257717501713,4.384121311922416,4.53070151385983,-2.8210525905429416,0.9082449229686753,2.963654257619707,-1.6228667800312948,-1.470917865901145,2.1902730318287538,-0.15101266066392327,-0.5419285681449605,0.5625756808220955,-2.2973504673760057,-0.7819527740330183,2.4267816776073374,-1.9273676030194227,0.5189045970457274,1.9959979604208078,-1.6794856070908317,1.425521830812208,2.20290362806625,2.6204438989236962,7.501416485813627,6.15822838905959,4.638332489372129,7.534135888449062,20.527256207691753,8.783246558707416,4.797295953956321,0.3164913966524443,5.889269310770683,3.984007858004025,4.852784394547448
prime,104999,-1.2981766985106706,0.9849015510805902,1.6295072279302774,2.366017798842301,-1.8271770570858066,2.9894173717263564,-2.0916699061437396,2.3759210366724663,3.1654515900215765,-2.9591469179021437,2.5180165682875453,3.885480397569951,-1.1602808148823538,0.5935219085742578,1.3032727363609231,-1.5663299992744788,0.7097660368326395,1.7196387683662813,0.02183663632762456,-1.6853861914878405,1.6855276482882124,-1.3112211538226142,-1.038031824625579,1.6723668805520566,1.537716062147393,-1.7152405884480766,2.303610419330011,2.628306034663135,0.37044272206189877,2.654283410296512,-0.4867320004972451,-1.2217270067954535,1.3151140328661344,3.504037366739417,-2.052511958778472,4.060921472822978,2.655293805877017,8.936616222379316,10.020083768770126,15.096957919900344,1.6985198253416882,2.957157493668301,2.841003453143992,2.7968109831674166,5.3066209640457895,7.045220422175281,1.729524919441428,16.49108320843474
prime,105019,-2.221942223614052,0.4744927889617011,2.272041076181417,1.4949419394659864,-2.29136412047046,2.7359095260906727,-0.8708540360021411,0.2725832158984405,0.9125175952335134,-2.8553538077602854,-0.3834064765555638,2.8809800231441924,-3.2175371450044166,-0.2120477498702354,3.2245169448629354,1.11964942653593,1.5206761538084326,1.8884043007533755,-0.3019784750803097,-3.0469538670323306,3.0618815893556532,2.179761000298174,3.603382107810351,4.211379896578872,-0.6363792971783869,-2.4172995191335707,2.4996630923147722,3.543319105432661,1.0776186809236683,3.703562110239247,-3.3215537255506984,3.4855033527876187,4.814712117459719,0.9863525336537149,-0.9518410968407528,1.3707271042334102,5.162170651855611,7.485200934953689,0.8326883616107542,8.300045893755911,10.397509527708198,3.566070803103845,9.375118867235102,17.735720633308667,6.24831557508065,13.716372304399783,23.181452774013454,1.8788927942801101
prime,105023,1.1589278386434472,0.23383211245730795,1.1822821964315537,-2.8536632353321956,0.5104799808168429,2.8989625164015798,-2.533904085180695,1.6658824192736708,3.0324633794558036,1.9402763363905344,-1.1843753252121336,2.273195366115377,0.338166622883494,-5.138959674251289,5.1500740964002985,2.1620631933749888,-1.969378035513902,2.9245456226414817,-1.5061829878434692,1.303955036433513,1.9922062970258385,0.6110576711938156,-0.47237936629936794,0.7723559692461772,-0.8690695254543387,0.3883782292140684,0.9519030880299133,-1.2449309520900864,1.4682093160585943,1.9249653688399628,-3.6891552669889385,-1.8799430614462902,4.140537706413538,-0.137096913535936,-2.5087831220782677,2.512526281917437,1.3977911919990191,8.40398367150138,9.195834147740513,5.167417172528423,26.52326319841335,8.552967098911452,3.9688859299094035,0.5965337432302018,0.9061194890008849,3.7054916712331742,17.144052498232277,6.312788317325861
prime,105031,-1.7109160328010349,-2.091094636612619,2.70183464530413,1.1571505142309535,2.7248753149422598,2.9603957158742547,1.0977351085783624,1.0283476868798451,1.504167987199793,-2.2796383016063313,2.6132609770827795,3.467835595943707,-1.2667509568263526,1.2612325637398212,1.787558549099358,-0.31034877549446427,2.5879429957523823,2.6064852410314407,-0.9451311383197482,-0.4413809286184952,1.0431155222551853,-0.4468480099755352,-4.087544031221562,4.111896077382563,-3.1348430482121863,1.1549344354905868,3.3408254200431116,0.5755087451171608,-2.827296224477968,2.885275421281944,-1.3571310002159191,0.0993348239451779,1.360761536418222,2.9563236782347833,1.0791778762049908,3.147137521460089,7.299910450565694,8.76394279456664,2.262521333716677,12.025883720494244,3.195365566458202,6.793765311714727,1.088089992769708,16.90768935119411,11.161114487206232,8.3248142566537,1.85167195899528,9.904474578981953
prime,105037,-1.585794310899201,1.5732450389128894,2.2337957715387255,1.8649246246897548,4.930885405559668,5.271771499082216,-2.871028126373058,1.3445381487088859,3.170265814684742,-1.9264616722493235,-1.1039261530622417,2.2203395069359235,-1.9254887839684258,0.5628266213292009,2.0060610316899763,0.6111544290230225,-1.5191723293438333,1.637496351861104,-1.7118076635594413,-1.7875868481832426,2.4750257002339455,0.706144566413124,-0.09973863283595294,0.7131535203269798,1.4234742617049214,-2.9650938592905693,3.2890820251460764,2.103823341173671,1.953696389159156,2.8710629097741265,0.22472733367936867,-0.6465915939108985,0.6845312730758724,0.5794468875298727,3.5903066237762493,3.6367650938986515,4.9898435489442905,27.79157473853555,10.050585335758711,4.92990752606046,4.024280862865052,2.681394302358425,6.125752216818532,0.5085879435547639,10.818060568139016,8.243002231880673,0.46858306381887455,13.226060348199669
prime,105071,-6.45477298718946,-0.20783079575163954,6.458117988687842,2.013984022384214,0.4046225912144107,2.0542276124470633,-0.4122491160227645,-1.697220757063357,1.7465702481916567,1.3046445448414548,3.8192049835457875,4.0358919825393675,-1.1381405929944624,-4.003059429130339,4.161712244085492,-0.7420702029510999,1.1419058537329403,1.3618432967479928,1.9247160434676593,1.3317938966436078,2.340556948915998,-1.448348232514741,-0.04402628362256572,1.4490172242862362,0.5373365450595333,-2.945837292037981,2.99444283862928,0.399553324446729,3.1998670739260056,3.224715824669239,-1.8290387491329503,-0.7158113234044224,1.9641203111173762,2.644144684116659,-0.6556430334928762,2.724218951903486,41.707287955813506,4.219851083739962,3.0505076318682653,16.288424094725546,17.3198488025711,1.8546171648974414,5.478206831118966,2.099650916278189,8.96668791381818,10.39879214987221,3.8577685965438184,7.421368897910127
prime,105097,-2.8320113021312414,3.42155480560068,4.441545373305129,-1.1818401863856933,-2.681685120105322,2.9305598969395708,1.1424067361127648,-0.8822213943725188,1.4434014477630301,-0.8830296290537847,-2.531185370238775,2.680791059425868,-0.3565617901719199,0.15850494985668878,0.39020524002078144,0.7961102915804522,2.235819984551413,2.373327326703966,-3.958264899548478,-0.3798655184309824,3.9764505312012073,0.010272399878083704,0.35466454670906067,0.3548132789110333,1.4514981438360455,0.832777627003634,1.67342924487332,1.186297439938047,0.43095597099019345,1.2621508091094602,-0.1034972944336422,1.5733407436228184,1.5767411916667513,1.334189078413842,0.5013373969543106,1.4252717925166767,19.727325303128193,8.588181309550468,2.0834077394044113,7.186640704297667,0.15226012933967564,5.632682599679793,15.812158827090364,0.12589246289159872,2.8003654375972897,1.593024664935665,2.486112785498687,2.0313996825437006
prime,105107,0.13717300486347506,1.0277340288890473,1.0368479480617145,0.14854667733725158,-1.9775571584790441,1.9831284452600766,-1.872557082399633,-2.63560800687715,3.233094429916944,-2.6882096670688314,0.17478574298330085,2.693885905169805,-0.8665626436635974,-3.6649194557550864,3.7659746988748353,1.717636906358865,0.7801353891511973,1.8865014623615173,-2.768519390676888,1.9782407940576632,3.402666051176316,-1.5836072855142724,-1.2810102198413575,2.036860137091373,-0.07868127221003707,4.131484281067239,4.132233428462419,0.7550913192763024,2.6777778198903315,2.782203614608939,0.39225962334514586,1.0557434563487298,1.126260119923474,4.587676635863522,-0.3116095482463805,4.598247212341498,1.075053667399788,3.9327984303996484,10.45289959275997,7.25702127007254,14.182565432565406,3.558887767492143,11.578136255827824,4.148799218071886,17.075353107302274,7.740656953143045,1.2684618577300382,21.143877425806355
prime,105137,-3.1978490373772774,1.1267419342422058,3.3905435924398093,-2.3868118905896845,1.3224167827510678,2.728673147953413,-1.468145080080124,-2.1946392555747316,2.64043394885634,3.6578219354230925,1.3364945369285401,3.8943393481439403,-0.5523097796966656,-2.9918822394557267,3.0424341287066827,0.42964819726085735,2.926234001381226,2.9576076488014915,-0.7330845161947535,0.7408574718997265,1.0422488673796435,-2.613349922613927,-0.750106506678694,2.7188706459462044,2.175682962520513,-1.686915780286125,2.7530494371115792,1.9543243578875829,-0.4106052786612124,1.9969928369168388,-0.6444060733293396,2.005301497308617,2.1062984789558956,-2.3148205456705706,0.772716148520277,2.440386117982687,11.495785852234647,7.44565714836199,6.971891438273085,15.16587895850217,9.256405427519192,8.747443004249087,1.0862827015541496,7.392257589387931,7.579281203180384,3.987980390697164,4.436493282451919,5.9554844048426085
prime,105143,-1.3091821804300119,-0.930458398786204,1.6061478180501525,-2.412953712289483,-0.7622097025984114,2.530476091249778,-1.3243529535932035,-0.41515593990259836,1.3878995641354785,2.937299005309702,0.29538011557285737,2.9521136257382095,-2.9903322978280222,-3.4670458713810124,4.5784816616093975,0.6144845388902022,1.234186403950998,1.3786976928364683,-0.4837215544070508,1.208879058821903,1.302065713032988,-0.8666840408760855,1.4459605466726575,1.6858063735919349,-2.307422794713512,0.560616960492324,2.374550763819373,1.330204146470587,1.791983801268533,2.2317367710588907,4.002492848035383,-2.540868756932123,4.740882094982767,1.4256318447141432,-0.2257994910146548,1.4434027735893844,2.579710813427266,6.403309248386756,1.9262652001274514,8.714974859269198,20.962494325693548,1.9008073282326006,1.6953751210561034,2.84194312924319,5.638491329955166,4.980649015296364,22.475963038528185,2.0834115668055277
prime,105167,-1.2805068333408889,2.9638111063543193,3.228602487823784,-0.6582490443429047,-0.18477881284223496,0.6836921924767995,-1.1091696982942991,-0.5065890118068381,1.2193809275602498,-0.9083177943905185,0.9000773723645831,1.2787417612048135,0.8313359113755053,1.6349476932876539,1.834168301255139,2.697944415313705,0.35762883003031254,2.7215441293852396,-1.184460202805342,4.021703755109074,4.192498904697305,-3.266786556900352,-1.6173514175055423,3.645232505074545,-2.6239850193927414,-4.385318917449165,5.110412839461705,1.4941852261884487,1.9736171878221223,2.475430123074923,-1.554861563292551,-0.8670685150322957,1.7802815200874456,1.420174269524023,1.7777885648622105,2.2753960396319868,10.423874024381927,0.467435014053733,1.4868898464976954,1.6351804918491883,3.364173357329163,7.406802448191262,17.577047065888102,13.287720016052042,26.116319389735043,6.127754294226728,3.169402290764866,5.17742713717293
prime,105173,-2.711685412530754,-1.009376254347422,2.8934543713997836,0.5194270366869924,-4.024161342411996,4.057545927799777,-0.38239529280492146,-0.19495228415709198,0.42922319724990304,-2.740818101785305,1.4631027101566079,3.1068880584182,-0.9204867735391,-1.2750681568400395,1.572607613121556,3.16405218304047,2.3925033729586476,3.966774332706824,-4.3888306581467935,-1.7372006428953237,4.720137775485493,2.299155609080331,2.0445917747373548,3.076763240824551,-0.09590466597654346,0.31427944983725686,0.3285867884533418,0.3423050508985581,0.05968428365037623,0.3474693678376887,0.880205441936227,-0.07306791061205287,0.8832330041248229,0.03916150647418282,-0.43054141389212375,0.4323187859271865,8.372078199372517,16.46367895620455,0.18423255305742917,9.652753407541613,2.4730947048478775,15.735298606621669,22.279700619565137,9.466472040089196,0.10796927754608121,0.12073496158552303,0.7801005395753594,0.18689953266555648
prime,105199,-3.2717255422341682,-0.5562445627662091,3.3186738371395337,-3.167843160311168,-1.7310679765167678,3.6099621365953554,1.597454861558956,2.315145396730118,2.8127851398069845,0.6997977946499717,-1.4379948713497592,1.599233004732323,-0.9215558284057888,0.36172078086497506,0.9900035697805574,0.8608371116954844,2.895901660544575,3.0211400100652486,0.14197250397779365,-3.0191583943326554,3.022494599160611,0.8643034221871998,-1.0721329936662856,1.3771309166932302,-3.271674879480281,0.03861184950154273,3.271902717371689,2.4253108186951553,2.7154961294041553,3.640886127866225,-1.5471495468466538,1.8224344251456535,2.3905938497084303,2.062865787491832,-5.422031862864374,5.801193392666789,11.013596037314436,13.031826627652103,7.911760242718998,2.5575462034251744,0.9801070681782469,9.12728696041705,9.135473601955063,1.8964895617123365,10.705347391944242,13.256051796088713,5.714938954263773,33.65384477912082
prime,105211,-3.1313439855078014,0.05193498104822669,3.131774640332915,1.6234141145157643,2.6029086164388238,3.0676712100126498,-1.8635041247335,-3.168363754389607,3.6757552289330384,-1.4340625425754105,-1.5057970267331287,2.079413393660862,0.7264783711574754,-3.2615196206151373,3.3414489461036405,2.020836712891587,2.2089015363977227,2.9938314945351707,-2.668125375182413,1.0169851089267392,2.8553724327083887,-1.244290451610902,1.5155582755290125,1.9609119344056571,-2.7817849860575934,0.9959636447505389,2.954703249113221,1.7074597071638133,-2.6902998524904973,3.1863979581807302,0.8465738761401836,1.0419409633942827,1.342508211878803,4.024670587538303,3.6908920070995803,5.460829346012149,9.80801239783236,9.410606652740475,13.511176503028574,4.323960061736183,11.16528105941713,8.963027017670694,8.153151729471022,3.8451756144945364,8.730271290320225,10.153131947898327,1.802328298962021,29.820657146267475
prime,105227,-1.6427369183260745,0.6982972561369234,1.7849940170095262,-2.7719419916658445,-0.6608702297942696,2.8496336371170137,-1.2069706376481966,3.1796414953243697,3.401014283847318,2.7040101109074226,0.7842393072671252,2.815439924941108,-2.2004290666814743,-2.128745196979852,3.0616081054180486,0.6498676493501505,-2.0912378749669065,2.189886711994023,-2.0014371625298084,3.124025900694929,3.7101601776430266,-0.9396258177241692,-2.1109745437508867,2.310651466945649,3.0175817858280896,-1.697839175514307,3.4624352268414413,2.852700496949967,0.4696445249768828,2.8911011924765537,-1.3949842202490035,0.6988329850973821,1.5602398904667956,-1.4366360033345729,2.0234535560187177,2.4815896718518817,3.1862036407598047,8.12041186578874,11.566898158933485,7.926701970952393,9.373444191161493,4.795603811367992,13.765288543768134,5.3391102016980785,11.988457700072543,8.358466105139351,2.4343485158038383,6.15828729944193
prime,105229,-3.0414624417406113,-0.5611459074359588,3.0927946123127685,1.3906714131108853,-0.7986782593424019,1.6037000783157789,0.19903367767590202,-2.6523642247286094,2.6598214950386034,-1.7094143728417692,-0.3766318016302235,1.750413954491122,1.570916747439902,-0.4914061910908353,1.6459828285949896,-0.679002742726707,2.4739364882102604,2.5654252030274645,-0.8743420944679199,-3.093762173345425,3.2149398879888187,0.6980023884810641,-1.9023139310438166,2.0263281142422738,-0.6940016298796547,1.208646452377916,1.3937232541366809,-1.234467197187176,-2.446713420947093,2.74049554372449,-4.839918517541108,3.287159729443013,5.850660675796297,2.010818677559919,-0.09520641467914082,2.013071289204602,9.565378513950888,2.571853941190035,7.074650385469392,3.0639490120772472,2.709259472029563,6.581406472328507,10.335838483381558,4.106005626568649,1.942464509121339,7.510315825173788,34.23023034330918,4.052456015419879
prime,105239,-2.5180683607010126,-0.33219028220394775,2.5398855589876925,1.2043216491582514,-1.707489957276099,2.0894766303622507,-2.1913242829682194,-0.016317178281633482,2.1913850331316165,-1.312033221750358,-0.9899300045032792,1.643591369164637,-2.228665394747969,-1.458942408425692,2.6637309159992264,1.936615934143952,1.7083234631074666,2.5824117276266656,1.1845447027687572,1.2759362293127143,1.7410225197079647,-0.33887897566582037,-1.0410580114998957,1.094824526331244,-2.3356109274421377,2.6567811097254554,3.53745166318653,1.4042452726993364,-0.4227358411864769,1.466495952030578,-1.9446962147475446,0.6370541032641331,2.0463824906744823,4.079750072143838,-2.878676914388745,4.993109394815256,6.4510186527542235,4.3659125888299855,4.802168363433256,2.7013925887924866,7.095462392850077,6.66885033098374,3.0311594141302702,1.1986407434564326,12.513564269381147,2.1506103773220713,4.187681298139098,24.93114142859237
prime,105251,-4.510441455901055,3.190264380266047,5.52466007489195,-0.3190884251777228,-0.4245877567159638,0.5311235131638342,0.7603190517232521,0.1543638532793958,0.7758306900430069,-3.1001213091499915,-1.7845599268097305,3.577066712240772,3.144999584896424,-0.8689514074931027,3.262836026769185,1.9701711227781267,1.4156648671470327,2.4260423057117637,-3.2709592563160674,1.5602622806992723,3.624029917240289,0.9030893253760656,-0.8486379173478095,1.2392564885319846,-0.9811162845480822,-0.8726862178980437,1.313076691863284,0.9286080751773983,0.06251333703406525,0.9307098767026205,-0.21926835096177044,-0.36614467389451033,0.4267792543632029,1.4894617747243917,1.1847700983363234,1.9032016614844038,30.52186894310513,0.2820921862354936,0.6019132596126082,12.795406263821006,10.646098937582924,5.885681269103251,13.133592841052653,1.5357566443686248,1.7241703987146255,0.8662208745918071,0.18214053195481145,3.6221765642769954
prime,105253,-1.6631101694787582,-0.08747575876657732,1.6654090921438651,1.182501229045428,-0.15139648465515249,1.1921535355229567,0.6486172759352921,-1.128735150425888,1.3018246465821235,2.9928457155977637,2.001128120136576,3.600227663714232,-1.9840707183115485,1.4161454639876916,2.43762273340938,1.2970526570172798,-3.072964951316039,3.3354848503766843,-1.1855228886813964,-0.4161789759117037,1.256451136964107,-3.1293983805595635,0.8321179003330624,3.238140581306427,-1.5762537317693535,1.5511525037562923,2.211481385141242,-0.15661534155665546,-3.890872909103215,3.8940236722449724,-2.5864360292187834,1.8360687071337,3.171876358018491,-0.9530490718733376,-2.7123860244220683,2.8749505176400483,2.773587444195453,1.4212300522598855,1.6947474104486708,12.961639230573237,5.942004590434218,11.125459187092371,1.578669459578397,10.485554424303524,4.890649916826226,15.16342036000422,10.060799630556646,8.265340478878782
prime,105263,-0.3628762389095638,-0.7451420018759837,0.828803817392813,-1.9056472104823445,-3.7335279035585955,4.191744493342812,-1.4624409299757135,-3.5012449339925875,3.794397127539102,0.2880837302029313,3.9126019473243177,3.923193371962906,-1.3541296006058365,0.8168780480262415,1.5814413427579554,0.29781693798600545,-2.386553733391465,2.4050641677335975,-0.28189717018468863,-0.11615251068198729,0.3048891934717669,-0.7611468434447843,0.4606681604490551,0.889696392786593,-2.092297018481956,3.017602929660847,3.672006842946539,2.386289228539855,-0.36514568566958083,2.4140645505057323,-0.11047234882814883,-1.0411308564372028,1.0469754534282416,2.1530942623990543,0.9979988978102712,2.37314489713676,0.6869157677248993,17.570721897469788,14.397449561476988,15.391446233813678,2.5009567205840852,5.7843336509161025,0.09295742029586451,0.7915596713374755,13.483634254646207,5.827707654008443,1.096157600081272,5.631816702806243
prime,105269,-2.4642220593905053,-0.36694056770160755,2.491392329243221,-1.0568852243586748,0.41671463519008406,1.136071064964376,0.3548785499775019,2.255778905470468,2.2835229921329185,2.172194161545391,0.5153964805598297,2.232501065537337,-0.987651867426717,-0.8937047964918138,1.33197765540716,0.374118386104144,4.1192121286412995,4.136166477254846,-2.0347676310606797,-1.5919760502584817,2.58353770187487,-2.492217428654237,-0.27160881432330475,2.506974084370648,0.020889047869422916,0.45883296718348743,0.45930822341353117,2.448441265295392,1.212106613885433,2.732044485916383,-3.2140792924240063,-2.8058969018099775,4.266539947261203,-1.9417853183638276,-2.1599755667866933,2.904483546472386,6.207035738211962,1.2906574646492912,5.214477255599677,4.984061007625345,1.7741644745039553,17.10787312756676,6.674667057008884,6.2849190597060485,0.21096404409529426,7.464067073026112,18.203363121575627,8.43602467172881
prime,105277,-2.3789664751222723,5.084867276841062,5.613853998176719,-2.754547942863365,-0.20534562142101753,2.762191375297805,0.3320727939498761,-0.032732398083379355,0.3336821097481339,-1.983959857525441,-1.842591347249761,2.707626190823256,0.5952521238213802,-2.6682580580222774,2.733848231909496,5.112390269675082,2.3203657887316322,5.614323793920745,-2.9169806114837082,0.972928368056064,3.0749578041235144,-0.03895985293569312,1.12196090652828,1.1226371390251308,-1.968936677110064,0.2005724831908683,1.9791263121596288,0.25383676466502525,-3.9040030092580063,3.912246490111682,1.6695380859683828,1.0334569215899536,1.9635148660708313,1.298392309144358,2.537585010531499,2.8504666765495377,31.51535671284473,7.629701193769579,0.11134375036596567,7.331239589232056,7.473926155114678,31.520631662984627,9.455365497140106,1.260314145918531,3.9169409594825724,15.305672599391174,3.8553906292811546,8.125160274119366
prime,105319,-2.4055465515534205,-1.920467464752353,3.078124346881211,-3.614956380798527,-1.3923118460857324,3.8738149041773595,0.3627475260797888,0.48574291770057165,0.6062441338052447,1.1962368018314806,1.273512527964379,1.7472311366668785,-0.29559160396595074,2.6782253435615275,2.694487963831055,0.915037136302649,-3.097271989045094,3.2296109262473562,-1.2827587572888195,-2.356395660704391,2.6829220151147966,1.8648924170912515,5.420873261048508,5.732686162670615,-1.2548409183208051,-2.305973519847461,2.62528848024934,0.2241882633836706,-3.8008828783675455,3.807488809242457,-1.7757507288983043,3.51414999515966,3.9373266107428146,1.4919675466098647,1.7149240195220825,2.2730885492806556,9.474849494862882,15.006441911826645,0.3675319497732714,3.052816644938232,7.260265387230425,10.430386734936306,7.198070539187641,32.86369063967514,6.89213960452989,14.496971032506542,15.5025408396635,5.166931552870835
prime,105323,-3.835913704457062,0.972804253489063,3.9573453303506274,0.6111449945410217,0.08636808005220187,0.617217667929596,0.21666443348858633,-1.1001513494286808,1.1212834023513758,-0.5801389164841751,5.927539019274007,5.9558609778465526,-1.6790442307768758,-2.4510443194143776,2.970994410065189,1.587586187947716,-1.3729053247015117,2.0988804002982455,-2.704917112116857,0.3013762492014561,2.7216546854818553,-0.6205378110832364,-1.378335098996974,1.5115802393888893,0.3743191531766246,-0.47982541688766867,0.6085616313293917,2.546004283501753,0.9449500159564127,2.715707705970085,0.504851625009137,-2.696414190042514,2.7432689710520535,0.9826121055381805,1.4540557681767186,1.7549372430141665,15.660582063647917,0.380957649604449,1.2572764683886772,35.47227998743529,8.8268077846386,4.405298934756123,7.407404227005337,2.284874820110972,0.3703472591262904,7.375068344265302,7.525524647536992,3.0798047269181636
prime,105331,-3.234209490201594,-1.7312625992751782,3.6684303474591284,0.5326334688981786,2.066585985120766,2.13412184424603,-0.5177192015675016,-1.5853703669706896,1.6677626845988822,-0.8758846322301094,-0.4575699497593082,0.9882024832490605,-3.1779238500304463,-0.6695268786195631,3.2476862899280143,0.7499752921787017,-1.615712597721433,1.7812888977687675,1.2980845235707776,3.9359058255235926,4.144439418995593,1.610330197591002,-0.9860603444223104,1.8882474276735348,-1.5332195822328742,2.5170577680311155,2.9472600996430787,3.2304544914513955,-0.955076251275826,3.368680285674136,-3.4627639653746174,0.8517308793597874,3.5659752902609885,2.371226805670046,-3.581720676463068,4.295513888713575,13.457381214159101,4.554476046088076,2.7814323721404706,0.9765441478996096,10.54746623778639,3.1729901373142706,17.17637809772453,3.5654783481157213,8.68634209494813,11.348006867089577,12.71617977075194,18.45143956813122
prime,105337,-1.6529253055597448,0.346906943100205,1.6889364976016428,2.4330678402743344,1.5375444593565941,2.878169918520339,-2.193388917753332,2.2136597174360233,3.1162869394717276,0.0029995090173451366,0.20545201119193246,0.2054739057816225,0.4306948779573403,4.044012341578763,4.066882577200876,-0.33128718166099913,0.9980603436617839,1.0516062220827556,-1.5654876797754538,-0.3852752144346435,1.6121999461563055,-5.049323306407838,-1.286130336056964,5.210546717376151,-0.23554347202625892,-1.31834915296657,1.3392256032281706,-0.23445128926901837,-1.6747578746532445,1.6910888048097763,-0.27093599630871346,0.954868778449686,0.992562692304013,3.267009515697459,-1.5337469693815986,3.6091177511609374,2.852506492930904,8.283862079875375,9.711244289122067,0.04221952595715508,16.53953389674004,1.1058756463231658,2.5991886663863943,27.149797093959386,1.7935252163418576,2.8597813457529577,0.9851806981537907,13.025730941744982
prime,105341,-1.202619776516395,0.30498195270400175,1.2406886468181653,-0.20620780200089336,-1.477864881271829,1.492181713097516,0.7413783500285762,-0.8099269361612995,1.098008879659324,-2.0742839134241127,0.675701981800425,2.181565245803818,-3.132309531811532,-0.4166114547434755,3.1598936860756655,-0.9730232781648608,0.2759611501660979,1.0113994543461489,0.4609791803474078,-0.8397381614728296,0.9579467545472118,1.7262777260262927,-1.9305064902169664,2.5897664172941037,-2.9931391297032475,1.166757248616816,3.212507482786709,3.3099618497311143,0.6013862822404049,3.3641511421371004,-1.337584210131457,0.5867501730206255,1.4606188019920625,1.4292051904713947,3.6186021311061154,3.890618056262538,1.5393083183434901,2.2266062649026375,1.2056234998107236,4.7592269216990735,9.984928107300856,1.0229288562516876,0.917661984547536,6.706890096144337,10.320204326960596,11.317512907142357,2.133407284732728,15.13690885971609
prime,105359,-3.104381294813151,3.666406976322169,4.80413606589256,0.5543477068799736,-0.1428570383757659,0.5724591806728059,-1.5931145013649046,3.2706512056852985,3.6380177464808834,-1.0429096821431822,-3.340502499404516,3.4995167600164185,-1.566396874703368,0.8092524403703988,1.7630906616864388,0.6634134496593035,-1.4994458886248971,1.6396509927734513,1.1300623894708517,-1.4332885615343318,1.825200565615112,0.3011357889848564,-0.7723512720793255,0.8289808507378709,3.0290114222263833,2.071330843802924,3.6695124554179173,-0.29906053677529154,2.828159534848994,2.843927488388831,-4.237495960125661,-1.1332925896872386,4.3864249800858675,0.8462641315232441,-0.16204422923459028,0.8616387366704349,23.07972333960964,0.3277095135365802,13.235173123709846,12.246617553635812,3.1084886813259245,2.6884553781029643,3.3313571047217247,0.6872092508900841,13.465321660467232,8.087923559213605,19.240724105921302,0.7424213125310231
prime,105361,-2.4687669764911195,1.5530985275672649,2.9166634054248886,0.17874325857255147,1.3777978971708862,1.3893438012002823,-0.20759720590603215,-3.1410120944225866,3.1478649235964613,0.1704310977765341,-0.9901561983067916,1.0047169034781254,-0.9615423317965588,-1.780397330361093,2.0234570195073753,1.8787670198960937,-0.136394168062429,1.8837114652012639,-2.507618460005288,-1.3103504109155633,2.8293406547013524,0.7425562475973785,1.1299468352457729,1.3520982328691349,-2.7034466065301848,0.7242138669494446,2.79876924369292,0.024955807016616594,-0.2320202506078598,0.23335849887241022,-2.1729925195016104,0.5847602969415752,2.2502980013076392,-0.12981756617114826,2.564216989375252,2.5675009969009324,8.506925420544707,1.9302761979336496,9.909053577208955,1.0094560561346726,4.094378309793671,3.548368884130692,8.005168540345878,1.8281696313278373,7.83310927944144,0.054456188995984686,5.063841094689156,6.592061369087282
prime,105367,-0.508405576631409,-0.3612486120234819,0.6236800381917058,1.6909259058472648,2.4242279102680575,2.9556913539793066,0.09703155488057419,1.0817985303971769,1.086141419434888,-0.0023503873572599115,-1.6091282630291583,1.6091299795852307,-1.7990146680248356,0.5206925040589525,1.8728519587921761,-2.004318545663196,3.1355469961456937,3.7214174446745036,-1.91017491280356,-1.0024425656890972,2.157234177137343,-3.56618620209052,0.27821984278368583,3.577022547999856,-0.9367466364964114,-0.7694356327033475,1.2122398499723315,2.261247306648309,0.06000529568147128,2.26204332790821,-0.6584192948729161,2.1776214803339293,2.274983797628608,2.4753703670382663,-0.9167841618683424,2.6396877946953876,0.38897679003880764,8.736111379988026,1.1797031830120333,2.589299291199965,3.507574459551691,13.848947797527712,4.653659295009429,12.795090308899383,1.4695254538609408,5.1168400173340505,5.175551279472683,6.967951653463799
prime,105373,0.20727149275368673,-4.549125662370562,4.553845162469487,-0.8356278551307719,0.1140882311254392,0.8433801258932925,-2.5374792054549253,-1.0241457691822125,2.7363616856420836,-2.075078877997172,-0.43668614299590025,2.1205299190048317,-1.8304971463898667,0.18487233368721107,1.8398091158335967,2.0911148362848886,-0.1879580677753154,2.099545068288034,-0.26742277914430435,-1.4156652589657521,1.4407022830022287,-1.6956509379491136,2.282372595048794,2.8433179150417693,0.9335857363265543,5.261685564363757,5.343867261198237,3.273679156888619,-1.1209604343724417,3.460278531805703,-1.8284898960486067,-1.138342471211711,2.1538799599133256,2.0877895909468753,-2.6582573203825106,3.3801179502250105,20.737505763746746,0.7112900367517858,7.487675274649985,4.496647137394638,3.3848975827044008,4.4080894937726045,2.075623068247834,8.084456765997475,28.556917305306342,11.973527517675434,4.639198881716229,11.425197357433326
prime,105379,-5.022157193665446,1.655357925997055,5.287936529597047,2.1403529057504596,0.6441259890394114,2.235175351266749,-0.5826426038937492,0.18143259315975568,0.6102378140796928,-0.31483176818650804,0.8799417126372129,0.9345675255958524,-1.6024024795674898,-0.18867912233605377,1.6134725029356847,-0.5872479762058325,0.558352202320114,0.810319299655122,-0.2605187197929599,-3.4347252349285067,3.444591041447046,0.745688423930198,-0.008814306951294482,0.7457405162591974,2.038666362408459,1.8638229937744102,2.762244864116493,-1.2433918044296446,-2.7124814103035053,2.983886489222554,1.3224283158836085,2.326096610640179,2.6757320666842723,1.6943141624028097,0.4692184136876809,1.7580860049105442,27.962272741046863,4.996008850910434,0.3723901897327617,0.8734164598983543,2.603293517729543,0.6566173673935674,11.865207442817246,0.5561289175905342,7.6299966893379425,8.903578580564899,7.1595420926824875,3.090866400662318
prime,105389,-1.729431856452586,5.421510620632109,5.690668849594026,0.5700382218693075,-0.7983454817988099,0.9809684412357494,0.015642798150422577,2.217321394382526,2.217376572240368,-0.37344285392668847,2.131465378240958,2.1639325830045584,-3.9085278340551013,0.10394742038041693,3.909909832181198,1.2358234331489122,-1.6691387853309105,2.0768446842785115,-1.6415070468750375,1.8302136456419649,2.4585010420242774,-1.9741337606695737,-1.1222258976788777,2.2708137463113434,-1.927170520237791,-3.106150621263657,3.655428551627045,3.290322769630888,-2.571483704338081,4.1759732242948795,0.196334011135191,0.22078139668276586,0.2954512972549386,3.6320279402649183,-1.6890886749499865,4.005577050901571,32.38371195573979,0.962299082700496,4.916758863120445,4.68260422378878,15.287394895787203,4.313283842615911,6.044227373634458,5.156595070436558,13.362157896050196,17.43875237002777,0.0872914690496261,16.044647510709325
prime,105397,-1.2335780391449458,-3.648577266767574,3.8514712578745582,-4.897938681385873,0.44218608497948664,4.917858462823577,-0.12260208014296647,1.589920408971962,1.5946404538079904,2.6881065819415704,-1.1153745655110852,2.9103225624089566,-2.2337382626367326,-0.29316267169588617,2.252893911848323,1.9281237255152406,1.0254102462865855,2.1838331607712815,-0.8908702157346572,1.4849762498234544,1.7317055765408984,0.13338887952931577,0.6464518633365631,0.6600701514183177,1.2301737744357284,-3.5066380919367584,3.7161590685990977,1.009342215872703,-2.610490878092208,2.7988273139558726,-4.476152452200643,3.6690887890918784,5.787758920133209,1.061227434453225,2.6131942609753738,2.8204588125393366,14.833830850233833,24.185331860365473,2.5428781769209534,8.469977417266636,5.075530978043239,4.769127274084286,2.9988042038228455,0.4356926047934009,13.809838223131313,7.833434333345444,33.498153317581526,7.954987913230805
prime,105401,-4.238476478438513,0.6465365281501386,4.287504208803646,1.8432028704446728,-0.2961078373060858,1.8668360059013136,-0.5730502825863367,-1.1170472727668495,1.2554605672692936,-4.345194552519827,1.6716185886981787,4.655644359842069,0.9233603188355214,-2.0250065048683714,2.2255888261669656,0.7835214826775587,0.8174223358732325,1.1322920069494846,0.5837816908949311,1.212407080762286,1.3456344199323504,3.298173626917965,-0.376894632489962,3.3196383594146135,-1.3765195899200409,-0.1511808521889938,1.3847966751484595,0.210036785610972,1.220286960509744,1.238230882065174,-3.0438163415108024,-3.137854407750668,4.3716070506266345,-0.4857204846745474,0.8706255222089672,0.9969519492704321,18.382692340508974,3.4850766729295692,1.5761812359681364,21.675024405329264,4.953245623159252,1.2820851890016918,1.8107319921066733,11.019998837296946,1.917661831502228,1.5332157172998988,19.1109482050885,0.9939131891541142
prime,105407,-1.25117202030217,2.7273180124298566,3.000615764357602,-1.1039409407767526,-2.3375834523515384,2.585146417019895,-1.6290685517453674,-4.180121740880872,4.486343958600441,-0.7230859318479821,-0.19931092229260572,0.7500520705801657,-0.6280739410191858,-0.14621978074843278,0.6448698315702879,-0.8872416683840221,4.204017399708693,4.296621937658735,-1.4498952843183923,1.7337347312013796,2.2600956735639826,1.5020631505398614,-0.3125998525370741,1.5342465173549962,1.843278763645912,0.04548421916226564,1.8438398560343583,3.554849609709884,-2.253685358329401,4.209044243293581,-0.7953933819801582,0.8847637216813243,1.1897300010091456,-0.7848605508670878,-2.021452046745382,2.1684728408717695,9.003694965311356,6.682981997430801,20.12728211487068,0.5625781085815938,0.41585709966949147,18.4609600751703,5.108032453662632,2.3539123760159346,3.3997454147008033,17.716053442002835,1.4154574753012217,4.702274461598482
prime,105437,-0.3828893830864837,1.8555648793975028,1.8946570405574243,-0.9482491201383112,-0.525807706455551,1.0842740142653646,-1.1530305158919685,-3.8994004548788084,4.0663009330455555,3.8447798644735083,-2.7222495132766413,4.7109420097041985,-1.8204842975823237,-1.5783025408501683,2.4093986777197967,0.006980947661180847,3.23676951550856,3.2367770436277765,-4.0515981496945646,-1.10961390386373,4.200796422377087,0.30202606237319307,-2.7831662629891216,2.7995060617533034,0.5896374461715334,-0.09679440346548207,0.5975294758168223,1.0077131642904047,4.519714576834172,4.630691706163505,-2.1338526158175855,-2.5681151121577495,3.338943278243067,0.3051613358963522,-1.2226714939824734,1.2601781711819087,3.5897253013338175,1.1756501380111282,16.534803278087157,22.192974618795834,5.805201988197904,10.47672563015577,17.64669058225613,7.837234189793491,0.35704147446992635,21.443305677531473,11.148542215324557,1.58804902312338
prime,105449,-4.754725633512152,0.38521362252311275,4.770304537967666,-0.07131594989345819,0.3130570838815431,0.32107740885590463,0.47050954839883985,0.0016548822740589109,0.47051245867651714,-2.056644581722031,1.3224835317152075,2.445148181027996,2.566876574844154,-3.6707123346463453,4.479172288962379,0.7574487331015419,1.2744306349561647,1.4825323020399601,-1.778112427752114,1.2183915445420868,2.155495711324467,-0.0066762882678044755,0.7032827617177551,0.7033144501248267,0.6354354894935605,0.4312766387964885,0.767969921598182,-0.3849186543764057,-3.9009694167676443,3.9199138716358854,-1.7872240502474352,2.1983708878656985,2.8331968456847942,4.543073939196109,-0.5233185942714047,4.573115258564237,22.75580538495491,0.10309070247762175,0.22138197376982124,5.978749627184516,20.062984394208474,2.1979020265919034,4.6461617615381705,0.4946512157543874,0.5897778004795178,15.365724761043436,8.027004366398268,20.91338316811305
prime,105467,-1.2796787415057838,0.5867144460802606,1.407768277345776,0.1461119916502419,2.5524811820116358,2.556659715063293,-2.2839834553602603,-1.096265327645106,2.5334518138216535,-1.107601942520474,1.2767100935715758,1.6901984280263276,-1.4260747498918591,-1.4122715582729854,2.007037654501264,2.242159320282291,3.34146133631282,4.024008235528625,0.3461587710366001,0.8619353884929013,0.9288479470300712,-2.362352311682489,-2.5066574624438185,3.444421588385615,-0.648234448435987,-0.9661996832175402,1.1635075109292519,0.5825272921002862,-1.6982744604304503,1.795403628433459,-2.166119894067606,-1.9338738824658748,2.9037809126652605,2.039357540393353,1.3802562820970907,2.4625366153273154,1.9818115227010937,6.536508898627518,6.418378092956226,2.8567707261026687,4.0282001465859345,16.1926422796022,0.862758508701978,11.864040078536883,1.3537497279887831,3.22347418899203,8.431943588759093,6.06408658182771
prime,105491,-3.8125471297704494,2.6489907959681642,4.642485094628193,2.3253314057551195,1.6232869821430511,2.8358820097081217,-2.212280552906178,-0.3762185237065949,2.2440422505707938,0.24351217330596098,1.3239576332320013,1.3461656633347452,-1.8198297186969108,0.461447325311977,1.8774221259722212,-0.3912660163637305,-3.1157234605879736,3.1401945446770396,0.6074619103759501,2.6850083080621405,2.7528675207718076,-0.0797466705287378,-3.337788745177538,3.3387412656410294,-0.47434160696595795,3.325754209742758,3.359410814967518,-0.921347143476078,-3.05833624765045,3.19410412517879,0.31165333714684906,-1.4027451790721905,1.4369487951785336,3.4483093784413277,-0.06308025308585208,3.4488862967305534,21.55266785384494,8.042226772986176,5.035725622346833,1.8121619931414745,3.524713839090055,9.86082177841944,7.578279586920319,11.147193238894262,11.285641023720723,10.202301162484162,2.064821839965039,11.89481668777579
prime,105499,-0.6577661120636861,-0.5311257167478356,0.8454293496030758,-1.3354575602837058,2.0757486173765662,2.468234028178778,-1.7664113320173769,1.6660890704788218,2.4281807561728983,-1.9846932751734758,-1.0030110509711436,2.2237442669715994,0.2856286911299497,1.627126059484978,1.6520057392913985,0.8008245987627569,-0.5646271216710397,0.9798590840064981,-2.4331820475391783,-1.899756695256507,3.0869807867297903,3.027312383772383,0.6171094302293033,3.0895702480797493,-0.0644028835849979,-3.0448777351646847,3.0455587588348516,-0.07492217579837779,0.27217449994229725,0.2822982303260199,-3.2447019340532055,2.7877637976436125,4.277816923654044,2.286367653846554,-0.7742317911357361,2.413899731753795,0.7147507851702798,6.092179217859636,5.8960617846483885,4.945038564889056,2.72912296265172,0.9601238245100535,9.529450377638875,9.545444317819564,9.275428153515682,0.07969229084520259,18.299717632300954,5.826911914961044
prime,105503,-2.6537597750687723,-0.6636830316840765,2.7354919320514233,-1.167377445040094,-4.511439767533096,4.6600277762334645,0.17300853809773287,2.5256194947379154,2.5315382253592222,0.049511168095753844,0.023098789450012758,0.0546343284049691,-0.8995271064374697,-0.7609004907556304,1.178184438892284,0.48790769713068355,-1.6529479496695552,1.72345317465725,-1.4020045232639502,0.6428771313415858,1.542370801478867,-3.6515092248161785,2.7010491873016225,4.541936407650421,2.7046609448890577,0.5423705530013561,2.7585062341004716,4.7502107376023535,2.5398478648847638,5.386587902224598,-3.90706038154361,-4.105375362363999,5.667382790224518,2.7033678791131512,-0.11113233239507225,2.7056511758030277,7.4829161103184285,21.715858875267408,6.40868578645492,0.0029849098402620136,1.388118572047926,2.970290845236153,2.3789076892545626,20.62918633114041,7.609356643571165,29.015329228392392,32.11922769093304,7.320548285124306
prime,105509,-1.3428195253258104,-0.624480894088783,1.4809256107847417,0.9519677692442136,-3.1807502961838034,3.3201528700276977,-2.863916319353795,0.30813074472787083,2.880444625419406,-4.252354706506679,0.023215211634774247,4.252418076342066,-1.8431227787006528,2.6324132822435775,3.2135185180573673,3.226034765422157,-0.22528310999690737,3.233891276366951,1.059358970735218,0.9507769470587188,1.4234529257883726,3.7319656133021493,-1.456721850849656,4.0061959374963845,-0.09272450394438148,-1.678854581283441,1.681413256379326,-1.5729553576197315,1.0478136045811806,1.890000504499939,-2.5979834736740353,1.0535266993495245,2.8034686792838817,-0.5175944187914271,-1.2818143827890185,1.3823719088178938,2.19314066467816,11.023415080353157,8.29696124010754,18.083059496000754,10.326701265897618,10.458052787362266,2.026218231935478,16.049605889612536,2.8271505387281293,3.572101907010024,7.859436635725712,1.9109520942888274
prime,105517,-1.0432205355169253,5.1939524858877935,5.297683598648017,-3.4724193867953193,2.4630608306739483,4.257272020131228,-3.0438633910124584,-2.1817311873496306,3.7450040476613498,1.9154413004768462,-4.4436870233249515,4.838932706376377,0.9391122949190861,2.004162334185616,2.21327778740865,1.5713250006070136,0.2561251001271762,1.592062286610605,-0.01633534209882076,-0.081714248730404,0.08333103771740659,-1.0715273248562065,2.7447075463198125,2.9464538555250486,-1.4132538739999583,-1.1117077662375134,1.7981047438591258,0.2699199884995914,-2.132844005702471,2.1498558911826118,0.44522112134600067,-0.26916653859800244,0.520261926719052,2.6754234729783235,2.7763913283917017,3.8556762789596375,28.0654515113842,18.124365053392225,14.025055316999893,23.415269736839004,4.898598564236529,2.5346623244477877,0.0069440618470598394,8.681590322738424,3.2331806698886925,4.621880352852582,0.27067247239342024,14.866239568132036
prime,105527,-0.724613214056526,3.0222307877073185,3.1078840461238784,-3.0372897794246563,-0.8450062260813921,3.1526440849410506,-3.358340097222405,1.2495694866158036,3.583276728148843,0.3603526328050441,-0.02724119512239309,0.3613808277720654,1.1755178985371644,-2.0561700981761915,2.3684758395253094,3.0940739243021387,-1.9250704372880358,3.6440622439204833,-0.11809709666171522,2.1427381571015367,2.145990152386263,-2.1325829181089495,2.034101217722782,2.9471134465017443,-0.9572690986173509,-1.8509207848686484,2.0838118626753346,1.7695565612374193,0.8850147261327203,1.9785301334299092,-1.7934874985694793,-0.36911064673280036,1.831076207331774,2.3216773114891365,0.356468120277711,2.348883790113455,9.65894324415133,9.939164726313795,12.839872110493078,0.1305961026812232,5.609677802415119,13.279189637566787,4.605273734138816,8.68547766655139,4.342271879026447,3.9145814888901747,3.352840077056513,5.517255059457749
prime,105529,-1.4091107945509584,0.17233344161971398,1.4196098218949207,-1.8396291347060043,0.7374959994328246,1.9819524975232334,2.558781828868981,0.6413611982881814,2.6379364348709657,1.6991722003181666,-2.584765096543672,3.093250195287232,-4.075227966603699,0.19373230893067728,4.079830289033176,-0.3397130701886322,-1.2438510250418544,1.2894069732069309,1.876142175665263,-4.774015660254093,5.129438077183631,1.1759016726803373,1.0790633261113993,1.5959706781676821,-3.0694627885623538,0.15518495838087232,3.0733831817195614,1.7178764718839763,-1.3617203255796135,2.1921181121803603,-1.9092463673992985,1.7839657616910447,2.6129974225615547,-0.38282652248682225,0.9277873138630645,1.0036660032523737,2.0152920464205284,3.9281357024385826,6.958708634419741,9.5681967706445,16.64501518731253,1.662570342554659,26.31113498766131,2.5471224055710113,9.445684181676654,4.805381817749187,6.827755530313328,1.0073454460845936
prime,105533,-3.9749870094404214,-2.4965633673532226,4.693969575149605,2.810267063028468,-0.19478064345872964,2.8170091346335475,-3.0788355439027644,-2.079756817420355,3.7154564626712387,3.602352941243341,4.436051043792824,5.714498716109747,-0.7859822038573201,-6.095530299506619,6.145995253576402,0.8169105512906255,0.7539880135471277,1.1116837560127868,-2.6296618312375637,-2.378777294363914,3.545941731451463,-1.8998512795198255,2.0642753954420288,2.8054710464591257,1.7595930774429278,-1.4112878406322262,2.2556376409568637,-1.8160645824712864,1.181614157367673,2.1666339295317805,-1.325981214228957,-1.3021663932176302,1.8584572892895632,-0.41574761277063566,1.2165223439044035,1.2856020732493962,22.033350372430167,7.935540464608848,13.804616726005474,32.65549557641995,37.77325765698366,1.2358407733826973,12.573702762848999,7.870667792520462,5.087901167301445,4.694302584598324,3.4538634961135113,1.652772690743146
prime,105541,-1.1954790166224878,1.6904067956754645,2.0704215063726665,-1.3124587575287585,4.6673077259954905,4.848330578596217,0.4484231506404527,-1.433254525711103,1.5017662459589605,-1.2328669516109083,-0.8054377795585462,1.4726475943397235,-0.5345818090371968,1.6569875593669554,1.7410874425054998,2.9481408697074785,-0.5016326945090105,2.9905133251400065,-2.6037515421637067,1.5091612351213055,3.009499913093992,-0.7247998206835888,1.153788076123266,1.362557046390055,-0.5544144349662071,-0.48006519819349,0.7333743656656221,-0.6341136655865378,-0.23218975104703146,0.6752867697318511,-4.309858581754158,-0.14049667051024028,4.31214799249103,3.0543352884755963,-2.9260594021447823,4.229750309333541,4.286645214050462,23.506309399351128,2.255301857501669,2.1686909371145746,3.031385482450342,8.943169947839937,9.057089726912745,1.8565617046671903,0.5378379602154536,0.45601222137487807,18.59462030914442,17.890787679307188
prime,105557,-1.9239056514990984,1.4177180227510573,2.3898404440261984,0.7273469078646031,0.42809730349303865,0.8439791618507001,1.1388547944317577,-1.9585949834150655,2.265631159712203,-0.30443197889415796,-0.347517751058104,0.46200369811712044,-1.5653499680369622,2.616320528713287,3.048844638777104,0.9362038816341801,-1.570464748348241,1.8283427561022059,-3.6841728304296466,4.481521231299478,5.801479293340965,-1.0695576442242378,0.6140161162178697,1.2332758593655264,-1.0588070926958855,-0.8350997156366546,1.3485043546831932,0.44528031510744776,1.3754361221826144,1.4457174984162484,1.3754959298509808,0.3416987426471596,1.4173027495081156,-1.0400855088776306,-0.03473065163297151,1.0406652122272997,5.711337347903338,0.7123008256382103,5.133084551858862,0.21344741707389536,9.295453631399889,3.34283723379141,33.65716199106399,1.5209693452937776,1.8184639945995353,2.090099085226935,2.0087470837632644,1.0829840839400906
prime,105563,-1.9553069221010786,1.708212648702801,2.5963851048726636,-2.0957793444179296,0.43984778875817654,2.1414381003812144,-1.0587133881985211,0.73321669040398,1.28782015570411,-0.10250109645471861,1.1754329470717133,1.1798936764963666,-0.07021554792223417,-2.503657085849588,2.5046414966407604,0.3959091112270079,0.30389631328936656,0.4990961766868467,0.045683915517553186,-1.1253036898653286,1.1262306222801521,0.5040351860325568,-1.0840939616134406,1.1955380321702853,-1.6164770304684426,3.0161181704829727,3.4219828766885474,3.022482113804624,-0.7900838939060214,3.1240407628068123,0.284652058009792,-0.6394909388818016,0.6999824676669681,0.7350716517431483,0.15740900365445587,0.7517366078806383,6.741215612804632,4.585757137764304,1.6584807534377581,1.3921490878361125,6.273229026694868,0.2490969935834281,1.2683954145615388,1.429311186365598,11.709966808349627,9.75963068767857,0.4899754550411381,0.5651079276278886
prime,105601,-3.3886750587631913,-1.9437631372156754,3.906575711218489,2.3375577208698783,1.3227114838988119,2.6858409796628275,-1.5797816195201522,0.3832411906350838,1.6256025884493146,-0.9306369436568458,-1.9569679579677621,2.1669814741735727,-0.10913724152761528,-0.3517902271625818,0.36833042423258755,-2.4563649440564306,-3.5917277578574534,4.351348874194424,0.4510921998186803,1.837111518602253,1.891682559130451,-0.47067872270112177,0.46399421462380597,0.6609304738078899,1.7456808953650893,2.465200670660555,3.0206979549547666,-0.2535059887249674,-0.005277745446723214,0.25356092150886284,-3.4081831904608184,1.7868532686007061,3.8481888289491084,3.3328141442441392,2.6514064599525233,4.258826873207194,15.261333787482243,7.2137417680361775,2.6425837755731116,4.69580870941147,0.1356673014153579,18.934237024953084,3.578462904518332,0.4368290912079219,9.124616135067908,0.0642931409164237,14.80855726324871,18.137606335951762
prime,105607,-0.6159601549836023,1.0239289207927327,1.1949214816728309,-1.7094797356429479,2.7811079890890267,3.264488108961142,-3.376592526469155,-0.4863296028792061,3.411435705453643,0.7936878511989254,-3.7706067201265165,3.8532344131916,-2.168543456881787,2.9012848081985996,3.622158784850382,3.4968795116593245,2.1563849700385176,4.108304085394699,-2.1451613898835524,-1.0890344027811667,2.4057666801018063,0.13006012951749946,-2.8599217787336375,2.8628776113842314,0.9021185534789753,-0.3977680321724787,0.9859195159592717,2.446540789126674,-2.530631701497688,3.5198946918175906,-2.211974012670372,2.896246085532076,3.6443202961168137,1.3241887945676694,2.5111138349753026,2.8388674952986,1.4278373473631933,10.656882613548692,11.637893572443994,14.847415443004016,13.120034262668794,16.878162458070772,5.787713319088066,8.196068217765083,0.9720372919493647,12.389658641485651,13.281070420688941,8.059168655862946
prime,105613,-2.0340717481429142,-3.7289139333141366,4.247616625668738,-1.4185916269390915,-0.823951992150289,1.6405179332729432,-0.5388892983798731,-0.32509543376253036,0.6293557952077662,0.4702082492224051,-0.8293678047861368,0.9533869902891349,-2.4685385269022673,3.3374457534700595,4.151171716052728,2.548210901011351,-2.8804236065349738,3.8458053706755657,-1.5868865568144042,-0.5697305684570181,1.6860610501499145,-1.4609863390301334,1.379138065052672,2.0091049960890297,-1.5300134763320656,2.530433628897213,2.957031550053474,2.6787669779055276,0.504345034995054,2.725831329382153,3.2104678275973675,0.3606738465366157,3.2306639094175793,-0.8477015932162014,-1.7456398201740961,1.9405814522762852,18.042246998657475,2.691299089390129,0.39608871696159975,0.9089467532525749,17.23222661615615,14.790218949117026,2.8428018648326323,4.0365028853099,8.744035588011652,7.430156436241275,10.437189295613278,3.765856372918736
prime,105619,-1.6131104303911028,1.604006224089971,2.274854111268662,-2.7862189123738954,4.108750179721078,4.964357346830298,-1.5408649071006422,0.10190936199007725,1.5442312585864513,-1.0453883143463298,-5.621908343394903,5.7182768514041955,1.2495584394107517,-0.20917434794897083,1.2669452242865555,3.476573094952313,1.6225427955000722,3.836561690860124,-0.8141218454982777,0.39055895518808115,0.9029566306280313,0.28730656807463306,2.713915559669804,2.729080931206821,-3.6137468633389753,-1.1278856426985888,3.7856693483844954,0.258576375763082,-0.8627784427993803,0.9006932793476891,0.04784327853612069,-1.4447465999080304,1.4455385561260203,3.256292903946058,-2.554331822872668,4.1386053855893845,5.174961227555935,24.64484386702796,2.3846501799954956,32.69869014930508,1.6051502013425105,14.719205607775493,0.815330676795127,7.4478827290766905,14.33129241529789,0.8112483834620943,2.0895817172468996,17.12805453762946
prime,105649,-0.8254542131329048,-1.2782607538266302,1.5216192732586848,0.7081313494643019,-1.5212986608926047,1.6780344524853372,-1.651741300990299,-0.18812736547363518,1.662420293138043,-0.014060463260505696,1.1496223720803056,1.1497083521548621,-2.699921112256767,1.7387077622301774,3.211335967296055,-0.4388566796196741,0.8879282721385,0.9904603988598774,-2.3564068743991653,-3.0923706909502253,3.887854144378826,0.45510438370385364,4.135528199794198,4.160494380642702,-1.260770907075936,-1.6184342262413087,2.051553709947264,1.7752836366225415,-2.203990564119729,2.8300541332611564,-0.6349608970749333,-0.47642931755237106,0.7938263257398447,2.2035585953643757,1.2417847121276897,2.52936746133856,2.3153252127522883,2.8157996237277656,2.7636412310371767,1.3218292950146484,10.312678694849287,0.9810118017096673,15.115409847963614,17.309713491359503,4.208872624798382,8.009206397188555,0.630160235437622,6.397699754478271
prime,105653,-0.37209253894444216,1.9686425461011885,2.0034985230485924,1.7580417240709538,-0.18871362751568937,1.7681412660713798,-4.511422172691166,1.70938052425966,4.824407921907901,0.26847942935549973,-0.8916907932670448,0.9312323419986369,-3.1445086008514287,-1.5292272060130205,3.496636982650472,3.1640455359385626,-3.4606969962456655,4.6890945664719235,-3.8209269330507856,2.490283637385801,4.560810807558711,-0.7210193898182464,-1.1539607741284088,1.3606963028982304,-1.1203699069948767,3.3637819280560026,3.5454559069343774,1.773966372227704,-1.2194255574395654,2.152662393393705,0.5858281763841701,0.17784557563913683,0.6122284712589069,2.964242709356168,-1.7970956271740142,3.46645172087816,4.014006331857892,3.126323536784502,23.27491179696771,0.8671936747842662,12.226470188438999,21.987607853316515,20.800995222344337,1.8514944287209127,12.570257588015869,4.633955379931514,0.37482370102001816,12.016287533179156
prime,105667,-1.0573889804255026,1.916403283389924,2.1887606083153464,1.9411012610500538,-1.2944752099835781,2.333139553244113,0.12065015890009201,0.41304538412947445,0.43030564741039895,-1.0815065841599134,-5.118938123255896,5.231938837687596,0.4973614345265799,-2.361880447677891,2.413679275644851,2.0101955083147307,-0.7118658958998529,2.132519410320577,-3.312777367522695,-2.2482648768560978,4.003646942885369,-0.06876808090642905,-0.5563736483821969,0.5606074255356146,-2.2035720392175313,1.2722627777753734,2.544480754050621,-1.9615209566738043,-2.324600341025893,3.041600106682043,-1.6189185339870804,3.362457102448783,3.7318916095587698,-2.8833643374317512,0.805406924017477,2.993738501544271,4.790673000512965,5.443540174912139,0.18516295019328258,27.373184001303834,5.825847645677453,4.547639035394021,16.02918884327536,0.3142806855656697,6.474382307734017,9.251331208968216,13.927014985495145,8.962470215628537
prime,105673,-1.504428352298637,0.336130574357529,1.5415214660256644,-0.7794802612911168,0.25518594937922356,0.8201886042265177,-2.4169803800150085,-0.8691826528386691,2.5685156494312356,-1.5829819005588854,-0.8878656080641599,1.8149757671881355,0.040704994910530146,-1.0594861628655925,1.0602678085815505,1.9345680513784456,-0.40966692167843344,1.977468212672881,0.7731069079719715,1.0544587714860383,1.3075081613197783,-2.6928682890916056,4.49176155918042,5.23712340191885,0.13304715238121306,0.005466139491039912,0.13315939109835712,3.369695707888576,-2.3711080300094913,4.120315819659724,-1.7808140903003322,-0.2490655460830078,1.798146954633527,3.0711651290339064,-3.457764657503901,4.624736930515823,2.3762884302179135,0.6727093465030434,6.597272641373162,3.294137035480161,1.1241678259143233,3.9103805321316787,1.7095775919178275,27.427461526926066,0.017731423437685228,16.97700245373818,3.2333324704578272,21.388191676476918
prime,105683,-1.4256586748342048,0.3169137662475423,1.4604578023233752,-2.8796742382782137,-0.11623448066785891,2.8820191139371953,-1.9533099490543329,1.2229732786316503,2.304578789566911,3.7013046639508937,2.9418028295412806,4.7279868975370185,-2.2223413903520495,-2.453902972440335,3.3106556833085787,0.11670175028212931,-0.7316572095627312,0.7409059122614926,-2.563202491295629,-0.6125731580873937,2.635384769894765,1.0229159356228055,-0.22906143992904782,1.048249089965476,1.3350140670230004,-1.819513368364409,2.256743551404565,2.7587893659026705,2.3134094512917867,3.600386375758,-0.3214597979978101,-0.2228436420905,0.39114663560991003,-1.1926892928514636,1.0124996950031793,1.5645010008510878,2.132936992367223,8.306034173099336,5.311083397321689,22.353860103281722,10.960441053423393,0.5489415708240346,6.945252885393283,1.0988261546134486,5.092891456806088,12.962782054743828,0.15299569054895173,2.4476633816640554
prime,105691,-4.428633013628601,-1.1541757079670067,4.576561147222037,1.3379402409489403,-2.67736822463068,2.9930560800981576,-1.398738652409982,0.7483169022943398,1.586331618547991,-1.8616478605408178,0.593093153382574,1.9538403837687173,-0.6682258757667064,2.2780883484263104,2.37407083809222,4.684264292814287,-0.5678548429822391,4.718558157703826,-2.2565776656793477,1.1144476699736194,2.5167710206438096,1.5178798064860943,-4.817436171618786,5.050905896426831,-0.8560313578566476,3.679515268047377,3.7777800747830272,-1.7853372820641782,-2.5834650431124295,3.1403376951710484,0.31349291765219733,1.61960377637738,1.6496648756259429,1.2580720393461902,1.7408345866444372,2.1478478331209105,20.94491193426229,8.958384698612548,2.5164480040050887,3.8174922452454885,5.636212344279897,22.264791087633323,6.334136370352483,25.511650374559327,14.271622293427654,9.861720839712213,2.7213942018739576,4.613250314242191
prime,105701,-1.0207419124062562,-0.5109074566890912,1.1414641829874894,1.4870279555253085,0.7060760834482198,1.6461456728161563,1.659729512930476,-3.472644906092564,3.8488913598467636,-0.5683972479803088,0.885483338445198,1.0522148897329109,-3.0725302733763926,-0.8100841128699929,3.1775271125104148,-2.371126081806225,-0.21505889648270343,2.3808589258454815,-1.9614521678540884,-0.050201817072758725,1.9620945005827088,-2.0976924585119847,-1.4238378530574338,2.5352766875229333,-1.1374223302332171,3.1821183765191416,3.379290890038024,1.1602890108185058,-1.5027928247510332,1.8985933905787664,-1.869915978163587,-1.3992799370674525,2.3355021103974574,5.313591995005455,1.8259229177179372,5.618563374282934,1.3029404810432967,2.709795576131356,14.81396469990307,1.1071561741756417,10.096678550738774,5.6684892247781,3.8498148292169097,6.427627882297258,11.41960691949398,3.6046568627493762,5.454570107670977,31.568254390833633
prime,105727,-3.5459381956580014,-1.1415234663160168,3.7251514749841323,0.24935538827468662,3.0042697682453383,3.0146002968975036,0.8911468915557297,2.2562900725839183,2.4258993536357156,-0.8316761462897502,-4.086329929380231,4.170105214986309,-0.18060012494073513,4.276015843098964,4.27982802172727,-0.008971311241743662,-0.7619458380924988,0.7619986513189356,-2.3382348425124135,0.5850796480536192,2.4103237071616745,-1.1422119460057456,0.4953986466702003,1.2450172483628081,0.5168712712466473,-5.280157366335603,5.3053951525129825,-0.7056479384260609,2.0225078136623487,2.1420730308115554,2.042842979123559,-0.6109177712364805,2.1322354374146784,1.9738646161730988,-0.577525360814025,2.0566178705251845,13.876753511576457,9.087814950054517,5.8849876739701825,17.389777504056013,18.316927895561957,0.5806419446118768,5.809660373305598,1.5500679487208984,28.147217724308252,4.5884768693302025,4.546427960566965,4.2296770653635445
prime,105733,0.530491657746059,-2.608386677373087,2.6617855769455914,-1.2715276492377336,-0.6592384077270159,1.4322631884533263,-5.501464675545547,2.4499171338130328,6.022309153375152,-1.4027491367876812,0.4512670859361174,1.4735491588704668,-0.4946113360165918,1.8080672530931161,1.8744992839219237,4.0129226230711685,-2.9231093381606055,4.964686916775127,0.23604696341674047,-1.153685762335323,1.1775860933084679,0.561799224361206,0.5565323211666315,0.7907885893182648,1.19515461062439,0.9606325937094337,1.5333654239592243,-1.3050740166417882,-1.8109953555402627,2.23224603632797,-2.578510386818881,0.6180220751324127,2.651540514546936,-0.2597540722522039,2.035166477138214,2.0516760874267588,7.085102457635575,2.0513778409984886,36.26820753882613,2.1713471236078603,3.5137475654238046,24.64811618159812,1.3867090071534995,0.6253465929959713,2.3512095233936514,4.982922366701932,7.0306671002838295,4.209374767718773
prime,105751,-2.3778105871554307,-2.6729641112951024,3.5775299200230415,-0.5409930610104245,4.425713880285222,4.4586563942751525,-2.317057752747476,-0.23936317818739786,2.3293886237893315,-1.5680430373126484,-0.3657220091310518,1.6101278069853735,-0.5083461585126989,-1.1749339767980884,1.2801896995012845,3.6445257380567018,-1.6426579889237234,3.9976109270328792,0.21172122751665107,-0.2722564111966935,0.3448904632181942,2.4999945874754372,1.9805835807902938,3.1894645722914974,-3.4245880284434818,-0.0970426162876925,3.4259627017722143,-2.045958394336207,2.779510568436353,3.4513221743853713,-0.4752924796004532,-0.8520264589411413,0.9756290421571754,2.798432999494002,-2.1613380371524156,3.535902906401539,12.79872032866007,19.879616842210705,5.426051360639156,2.5925115548275284,1.6388856667091891,15.980893123932676,0.11894943161886058,10.172684257902585,11.73722043393437,11.911624751404167,0.9518520279005275,12.50260936349885
prime,105761,-0.8746353073022968,-2.7070536753950636,2.8448420909164196,-1.5145149176647252,0.11031668997498947,1.5185273154988115,-0.22317333360509964,-0.9509806263360865,0.9768165070774493,-0.1086590361384635,-0.4030330746163944,0.41742358027462234,0.3616067474259971,-2.1978334137823268,2.2273821303319474,1.3273177832061003,-1.1195034910650214,1.736392975141839,-2.2819982256479387,3.4384378101140007,4.126786943359434,1.4617625784668866,-1.594565031529957,2.163189190890222,-1.9182459063644097,-3.484343180933587,3.977475928249246,-2.0852044357341115,-0.4330745209496597,2.129702110507709,-2.63883937047056,1.0998677482899895,2.858877802018469,2.7199876847320885,2.8374790680295314,3.9306005223884,8.093126522249706,2.305925207916027,0.9541704884989884,0.17424244536928407,4.961231154522085,3.015060564121927,17.030370475881902,4.679387475584293,15.820314759802201,4.535631079500991,8.173182286873953,15.449620466599965
prime,105767,-0.9361252058118094,3.3699275344809894,3.4975337008539773,1.5890358152728217,0.4018872115724408,1.6390692947661587,-2.6267035799110037,-0.750927445374385,2.7319340630648066,0.5751978966171899,1.1505413596340457,1.2863117975442027,-5.159776737420246,-1.041197626551682,5.263780815873698,0.5301389890734562,-0.6845887354787438,0.8658574273402126,-2.5750094076457515,0.6063734473070769,2.645441779186076,-0.18537954927295056,-0.8269479135740269,0.847471786582349,1.444876783190204,-0.9195500544403368,1.7126707860015884,3.2619447400416197,0.4557002310830359,3.2936220468800492,2.252702606303454,2.0635685608899648,3.054993328624443,-0.12866941990699876,0.6007994456212309,0.6144231387879057,12.23274198860932,2.6865481530452326,7.463463724933782,1.6545980405013978,27.707388477559974,0.7497090844802117,6.998362207063192,0.7182084290530785,2.9332412212232986,10.847946187694324,9.332984237939852,0.377515793477982
prime,105769,-2.552182718731489,-0.6909770472515854,2.644066169675066,1.6565870201718467,-4.494423664886997,4.790002571491805,-1.005663354594211,1.0198889386734091,1.4323170843085182,-1.0867849519187474,-2.1248840264635724,2.38667837331239,-1.1196786157460705,2.502710803194039,2.741758845519275,1.6417662368789085,-1.8125940306663477,2.445586534261834,0.03692659231465234,-0.8516424347650581,0.8524426138529965,-2.4124668499233226,0.4160759804160049,2.4480840515509468,-0.24828308356067086,-1.332185473360954,1.3551245791499555,0.30623474109633914,0.7767495645321584,0.8349368854322101,-3.1522891439655116,1.5078166436536855,3.494343697755257,1.4315911873727205,-0.9273462263894743,1.7057034769742465,6.991085909620175,22.944124634898106,2.051532230002055,5.696233657637077,7.517241566983188,5.980893496562808,0.7266584099125288,5.993115523458099,1.836362625016344,0.6971196026552395,12.210437878041882,2.9094243513620337
prime,105817,-3.8075693014723844,-4.059062729016357,5.56539075210399,-0.7925955925491738,4.254805614074935,4.327999374640894,0.5217848706469297,-2.457342195306851,2.5121286026140313,-1.5632190900995218,-2.3376535965073293,2.8121661154553492,-1.1501469799755113,3.2935038240653904,3.488553498898955,4.486952844325229,1.2015564652453317,4.645049382554627,-3.0095493517860774,-0.7369074346535897,3.0984544321457643,1.8874892297824273,0.7227934407771544,2.021149660607828,-1.0294214339137202,-4.084524764650049,4.212250116225356,0.37144208277915536,1.5004838074435178,1.545775170346423,-0.17359630893681444,0.18100756126705309,0.25079755922323466,-1.3595128970534447,1.6817238744301113,2.162514857077952,30.97357422360461,18.731578586891967,6.310790116071526,7.908278260915228,12.170005514680142,21.576483766371123,9.600419868083732,4.085045950575138,17.743051041640523,2.3894208772595134,0.06289941571233189,4.676470507082875
prime,105829,-3.1810083584695388,-0.3465381076314006,3.1998285636411556,-0.09273619168876046,3.0502320639633065,3.0516414673547065,1.6320603118141788,1.8739957168948722,2.4850514699577797,-3.1165225257196094,-1.1225861143277105,3.3125386393820553,-1.426758705766588,-0.8949819581749422,1.6842307175501232,1.501492142071879,0.8267403322587129,1.714053158360862,-0.9147548734058408,-1.5687572811557358,1.8159779419362096,0.5366306996041225,0.025396733114498526,0.5372313298854592,-0.6693046113104786,0.40466208857376895,0.7821253535401825,0.26562795868440015,-1.5136345020860367,1.5367653101043393,-0.5183396962326925,0.2584972668408194,0.5792209230119142,4.315517044929971,-2.099831730948151,4.799268763403214,10.238902836693821,9.312515645278786,6.175480808339322,10.972912237399118,2.836633109939403,2.937978229686846,3.2977758855988717,0.28861750181049906,0.6117200686503556,2.361647618340086,0.3354968776547738,23.032980663377817
semiprime,100489,-1.8909222058038275,-1.489340799727073,2.4070153315119724,-1.7828979443572206,-1.0905862444101864,2.0900008221266124,-3.3215116507534024,0.9531489335354983,3.455565443685078,0.4718312974624894,2.09776383094352,2.1501715893574556,0.924593586794181,0.09024514534397077,0.9289873449079289,3.4736621436892263,-1.5632766607575448,3.8092207348181977,-0.3220382408196244,-4.044967050567694,4.057766265906466,-1.7286406948049655,4.913114617425267,5.208348480631227,-2.5635554490797894,0.18327304412205847,2.570098353995124,1.463253712677473,-0.4432006678015845,1.528900997319375,0.27411042636454586,0.5044881953555512,0.5741470761876732,1.604959457960982,-1.8443095202547397,2.44486655427258,5.79372280613369,4.368103436489916,11.94093253559045,4.623237863679966,0.8630174869990832,14.51016260656889,16.4654670687285,27.126893895693613,6.605405549208446,2.3375382596041794,0.32964486509485386,5.977372468200678
semiprime,104927,-0.4421431041193488,3.1670886385051165,3.19780252183722,-2.8081665741557793,-2.0087901008432407,3.452685502250618,-1.7896633721822164,0.04267252873556171,1.7901720393412779,0.5913444001386235,2.1931963247814936,2.2715189452457487,0.11454772356337051,1.1429668172659413,1.1486924420159585,0.5029823091405291,0.5059367821968039,0.7134165900005375,-2.7356600558136885,-1.7269426770726048,3.23514558418462,0.4665505494371465,-1.4884994125874456,1.5599038164108945,-0.38758412811594545,-1.805953201768044,1.8470756409372215,3.034726794827497,-0.5529106672964872,3.0846842504953766,-1.508890263362429,1.301934270250578,1.9929331827542152,0.8238298574878296,0.7124640515661106,1.0891743014147988,10.225940968668484,11.921037177451604,3.20471593043931,5.159798318610359,1.3194943263445862,0.508963230887995,10.466166950869246,2.4332999164532736,3.411688423343648,9.515276925254224,3.971782670922846,1.186300658862415
semiprime,106829,-4.7991718429742605,-0.4813853193009441,4.823254316748748,-0.2760501278925222,1.8544722159943916,1.8749055637563794,2.979083841164408,1.420747302449195,3.3005247204200043,-4.413649386122956,-3.023784780452072,5.3501004945811195,0.13313023578163552,1.504071257316044,1.5099516570948683,2.9148843592201863,-1.5859290577946563,3.31839144827489,-1.6400873679996597,-1.2224317620186622,2.0455380679576955,2.17842877632006,3.4337969482065906,4.066511209256924,-1.0461213578556565,-2.218404841999587,2.4526903470207926,0.17625397033685375,3.044237866417874,3.0493359358050327,-2.5355874307005446,-0.9958103174692671,2.7241222085480734,1.5900939553597457,-3.471792037772425,3.8186042922004386,23.26378220403543,3.515270873004627,10.893463430103548,28.62357530211714,2.2799540067635387,11.011721803983923,4.184225987464102,16.53651341501221,6.015689938368976,9.298449649391955,7.420841807104833,14.581738740411613
semiprime,109999,-4.145467312787876,-1.69308310401326,4.477882271619912,0.8300870681680206,1.4158584113984087,1.6412493966083903,0.5369374526832011,2.440972397971251,2.499329525243009,-0.3479701594171912,0.9818736154393197,1.041709666145374,-0.8039965327503075,-2.351126292691013,2.4847948142366816,-1.2537435481539225,3.1773355681883104,3.4157479704176246,-1.2467915533008629,-3.531868260743589,3.7454749483383707,-0.17044486759119842,0.8969540026062107,0.9130048935682017,0.7403083179885457,-0.07661129307086623,0.7442618463343528,1.1767111533566412,-3.779604626556332,3.958542695427188,-0.5014768572455752,1.7272227542987892,1.7985487153036457,1.1940209393319077,-0.09241799949583862,1.197592205299393,20.0514296384879,2.6936995818674054,6.246648075751445,1.0851590285407064,6.174205268857505,11.66733419741212,14.028582588630321,0.8335779356794834,0.5539256959090197,15.670060271519946,3.2347774813203944,1.4342270901938636
semiprime,110633,-1.3076808176692243,-0.38563700985648275,1.3633579956383797,-3.6074292151149536,-3.2422184209945986,4.850311931360868,-1.0450377969520934,2.387476899294973,2.606175347463333,0.2933731136387088,1.8865744145289778,1.9092487541861658,-0.24310789445971037,-3.2135168866708983,3.2226995251291513,2.8248818362604347,0.6506926788025467,2.8988546619451894,-0.9760614847720757,2.6303663071640386,2.8056234479914175,0.5922801692523926,-0.36479145957887904,0.695606647374313,-1.4751929567843076,-1.9755515001958703,2.4655624083912744,0.9008521489339658,-0.35954027755409845,0.969950413898887,-1.9535742278579713,-0.21904650374121892,1.9658162769069039,1.6232797326881396,-0.8204544647812378,1.8188410099114065,1.8587450242711,23.525525831501593,6.792149941725625,3.645230805361426,10.385792229267658,8.403358351081359,7.87152293191925,0.48386860787133185,6.078997989672181,0.9408038054226223,3.864433634552121,3.308182619335545
semiprime,111901,-2.7094289953706965,-0.02973424244133316,2.709592147561884,0.8463734855767084,1.475543601687356,1.7010517327723342,0.19524704821931005,-1.073235394922397,1.0908508709959335,-3.369076711968505,-0.6479308767850086,3.430815109011254,0.07681054650380595,2.2477754780291535,2.2490874726616132,-0.5259066539323087,0.23957629527805901,0.5779053641466195,-2.6582828757445136,1.7224567523239283,3.1675424403001795,1.3854221316564805,-2.6393077354681034,2.9808287111783787,1.663111885079029,-1.5876123044163433,2.2992289949949076,2.930990264742639,0.24646162726630147,2.941334266235458,-1.6262946250699084,-2.623334169708023,3.0865379267860873,1.6487361794926056,3.133509939703849,3.5407930653725996,7.341889606129022,2.8935769975677608,1.1899556227525867,11.770492312219904,5.058394459683403,0.3339746099094369,10.033325111102815,8.885339805385353,5.286453971425293,8.65144726573088,9.526716373488958,12.537215531790691
semiprime,113803,-1.9367283105521313,-1.3037347268986903,2.3346607434519724,1.2647607647722452,2.636447126230116,2.9241192249144548,1.3599671437739724,0.7728801618248387,1.5642424290010566,0.46162111444900156,2.1256817043242524,2.1752279791791933,-0.7334837901396708,5.372764288278434,5.422600351104415,1.0414373705287137,-2.931504637004692,3.1109984303296865,-3.7437144084541405,2.080455617603632,4.28295378785315,-1.2247829902143206,1.9632240896044788,2.313945159056642,-3.1262223141925545,0.4673469227507188,3.160961737186962,-0.26204071484350866,-1.7266727732616756,1.7464433005851816,-0.49902517786988515,-1.0547020004350502,1.166800084791635,-2.6216125875175362,-1.9042553835437923,3.240222388168119,5.4506407870157165,8.550473241514311,2.4468543766871256,4.7316167614039975,29.404594567797723,9.678311233513773,18.343693148885645,5.354342199121668,9.991679103960017,3.050064202158863,1.3614224378697668,10.49904112478591
semiprime,116339,-1.7431881151712942,2.033583191258228,2.6784632535546287,1.4607635488554451,-6.373508149890056,6.538764124999442,1.4834870305417276,-0.0952098263709027,1.4865391622231452,-1.6171139671063393,-0.6069694629080202,1.7272722748638252,-0.7436375328009533,-1.4828828788381345,1.6588967455937584,0.704330521097728,-0.8444856320390142,1.0996533388619025,-0.7346846700358224,-1.3226799736859298,1.5130247444028988,-1.2611033928338495,-0.3741404663233884,1.3154325737025554,-2.9402665961221994,-1.3498316148375165,3.235307256612095,-0.1210578109538536,1.794217252713723,1.7982965671792068,-1.944470113645483,1.4259678224253554,2.4112959696920218,1.9785835516177932,1.6178775565402659,2.5558404994618074,7.174165400642447,42.755436282379726,2.2097986808230905,2.9834695115132535,2.7519384125415627,1.2092374656701301,2.289243877175457,1.7303628559577289,10.46721304468688,3.2338705435285195,5.814348253452987,6.532320658689181
semiprime,118241,-2.750960226528994,-0.033121349036025816,2.751159608548079,-1.3094993216784758,-0.724916951916691,1.4967608562000059,-0.045493145226021325,-1.753531458887092,1.7541214905385685,1.8840508141586916,-0.45650036469690825,1.9385664944232472,-2.4200860778250144,0.2566904829507811,2.43366115721149,0.16045760288515876,-1.2827929224202188,1.2927893579911063,-2.61321793670906,3.092212880811892,4.048541525660436,0.049910611572403105,-0.8581570553280155,0.859607236333421,1.1930189813112224,2.1619142198861327,2.4692442940937886,3.3434886534288912,-1.2212884069463885,3.5595592070577204,-2.9728032482728137,0.9289931360791386,3.1145766004103264,1.2369778996160743,1.3773034063882934,1.8512371531998248,7.568879191706419,2.240293060652575,3.0769422035692493,3.7580400533004377,5.922706628119968,1.6713043241350567,16.390688484996932,0.7389246007567818,6.097167383914733,12.670461748549387,9.700587399823545,3.4270789973873916
semiprime,120143,-4.855178811370228,-0.5110348999067775,4.881999381329452,2.065323823731599,0.9899136539678519,2.2903038093635737,-2.6609946727990788,0.515646730492656,2.7104951944862106,0.14586410026164565,0.2810784496719674,0.31667243425207714,-1.3401042494432525,0.5046895079063831,1.4319884422601497,4.404097289479593,-4.225090812991695,6.10307015470315,-3.209555714867365,1.8403354380707153,3.6997408573380777,1.6963569798402445,0.2597969234700577,1.7161356136672947,-0.014912826042997651,1.277822719402129,1.2779097364840917,-0.6544935268893137,2.0424103750951352,2.144714880126555,-0.055163202275402626,-2.541710386397434,2.542308924423991,-1.1172111286712123,-1.6954875682225805,2.0304774807970967,23.833917959301154,5.245491539185297,7.34678419933284,0.10028143061513611,2.05059089876665,37.247465313228325,13.688082411456694,2.9451214444972225,1.6330532946008407,4.599801917036264,6.46333466720587,4.122838800024124
semiprime,121411,-2.911943882456285,-5.498111105775308,6.221627030449862,-1.872322048247738,0.48154476819721287,1.9332550830484614,-0.3912530430034802,1.5618052237492064,1.6100666137119273,-0.8212872649136522,-0.5927471386322177,1.0128484298581053,0.7274577969923537,2.682209546745675,2.7791082920711467,1.713012595567255,-0.8993856887160334,1.9347627166242578,-0.021870514429180088,-1.2945968331846598,1.2947815568246046,0.01272312570709816,0.05410318636995215,0.055579067130893785,-1.4463097968137184,-1.2596359663405812,1.9179402483023578,0.2201279021597493,1.099970127888566,1.121780092333805,-2.1075657491828097,1.11001838231596,2.382010536544253,4.243148521413844,0.7625021898740438,4.311115744716117,38.708642906024366,3.7374752161327134,2.5923145005897923,1.0258619418660293,7.723442899058607,3.743306769639278,1.6764592798931468,0.0030890327031403977,3.67849479605811,1.2583905755564402,5.673974196207841,18.5857189643392
semiprime,123313,-1.3971052060367797,-2.314473450744224,2.7034589530701125,-0.36364012741151996,-0.9928026020098091,1.0573037164511028,1.3181530597057878,-2.2440109968749216,2.6025204788641547,0.20894504610852604,-1.13902189266487,1.1580280239541516,-2.024606718795939,-1.0305758161145522,2.271809604380137,-0.08126644741648292,0.07764511284952871,0.11239661482941572,-2.7794254895699164,-3.2910377756258193,4.30768333244995,-1.868386349330709,1.6126945522081062,2.4681270771755326,-0.5460700200412487,5.613975830914149,5.64047135414019,0.6631287936149056,-2.539881845881957,2.625021826187717,-0.012591527387548429,0.6803754271778378,0.6804919312301776,2.0412096418941132,1.8503444325574512,2.75505196344059,7.308690310934949,1.117891148821314,6.7731128429073095,1.3410289042631571,5.161118878553833,0.012632999025112035,18.55613569266711,6.091651269087038,31.814917096876066,6.890739587961898,0.46306926846937674,7.5903113212578495
semiprime,125849,0.20109353534358448,4.060038956994625,4.065015983027741,-0.8353218205873121,1.7375133479515674,1.9278784137645109,-0.4133187879744955,2.6363579776953086,2.668560624578427,-0.15415889021608042,-0.13359302093908154,0.2039903396641209,-1.9183752016842477,-0.7457356886796935,2.0582237807895565,0.5079906269533836,1.6948713385850993,1.7693624081656472,-0.08533588834837708,0.4675153537446092,0.47523974983912465,-0.3105535799888808,0.6349541384958803,0.7068311566682356,-4.456340358693706,0.05472147012522621,4.456676321185443,0.3239972826200025,-0.923516306392414,0.9787014904033982,-0.30458045814243384,-3.563112900147855,3.5761072124144033,3.561646894848469,-0.9984756065992839,3.698956898986193,16.52435494227099,3.7167151782591663,7.121215807050405,0.04161205867628341,4.236285131807656,3.1306433314297384,0.22585281982715377,0.4996102840369558,19.861963831815018,0.9578566073178328,12.788542794682314,13.682282140557552
semiprime,127117,-3.3665647112438637,3.0403415035891417,4.536235709642871,0.37328086769456414,-2.3849036144394438,2.4139394889584804,0.6787542834417442,-0.3594844943028582,0.7680732249822912,1.499961421362178,-3.2561038410284504,3.584982076543071,-1.26331508794757,1.9000576559514477,2.281706402536419,0.5044379792087051,-2.6212720423583336,2.6693678642925165,-0.030098923289187396,-0.4083098721518098,0.40941775349854537,-2.773736970245394,1.4203781447027441,3.116262321123706,-1.4562166933578586,-2.0871795412659844,2.5449725922872686,1.1014921788621659,-2.1322504918835206,2.3999535787660635,-0.03070590220151989,4.084219758295454,4.084335182925244,-2.874788242319952,2.1713373705495838,3.602653662916575,20.577434413439164,5.82710385635313,0.5899364789346974,12.85209648913507,5.206184107375687,7.125524794917591,0.16762289687979565,9.711090854055309,6.47688549549338,5.759777180232036,16.68179388648099,12.979113414926216
semiprime,129653,-1.9705685458980309,-1.723917342437857,2.61821148833334,-1.666093189007854,-2.2874736402544444,2.8299120426821185,-4.143384690075475,2.30160293941773,4.739727078713307,2.0630497761141875,1.5952873629776185,2.607894965139678,0.9353693584594778,-1.8655003686446885,2.0868654633584702,2.3661426773559957,0.04927349635998757,2.366655667191351,-1.2832765849809835,0.8148459055150731,1.5201225750889744,-1.2357757001415224,0.82385750316488,1.4852214537170343,-0.09296061069732331,-2.7113085145790556,2.7129016820316405,0.23107273765288672,1.9803013203428776,1.993737176620365,-0.3089412521554631,-2.769032112567532,2.786213117784351,1.966554798255558,2.518600784767445,3.1954166688513643,6.855031397640683,8.00840216931728,22.46501278068818,6.801116149200881,4.355007462158363,5.601059047048937,2.3107726432951345,2.2058827665813405,7.359835536370104,3.9749879294381447,7.762983537713595,10.21068768757315
semiprime,132823,0.822049420144521,-2.274480370527794,2.418476008786565,-0.12208686478230135,-1.3343552378676775,1.3399287680236132,-4.170891193300609,-0.006258901198984201,4.17089588939796,0.0966131680276564,-0.04357485049787546,0.10598524346460862,-1.5143779056004945,3.3885667189219957,3.7115663606564713,2.1466127805489927,-0.9464204772869345,2.3459876703521494,-4.2349325569722875,-2.186372064879817,4.766012648765283,-1.2493268409141127,-2.1482208080384866,2.48508957494855,0.1774269925238604,1.254732736171166,1.2672152843521274,2.030575396906226,0.03919381543119993,2.0309536178083762,-0.12164070095547241,3.133566368953102,3.13592644186098,2.25677383201635,-0.8280502652388793,2.403891713583609,5.849026205076193,1.7954091033772777,17.396372520196802,0.011232871832252364,13.775724849556722,5.5036581494443055,22.71487656819067,6.175670195517965,1.605834576895643,4.124772597688932,9.834034648762865,5.77869537063594
semiprime,133457,-2.156094305622472,4.093931851650336,4.626988292690483,-0.7420696494112432,-1.5843102229914208,1.7494874241481277,-1.8738761747516883,-2.0476728510792417,2.7756757777789915,0.13615389475063538,0.7242710749316769,0.7369575788594984,-2.7837491273136905,-1.015741757826633,2.9632736158533306,1.5982234868000376,0.3155301680606366,1.6290726198410073,1.7268819594074132,1.221760750951756,2.1153771848757814,-0.2867377102836731,2.6680357311375613,2.683399555997106,0.8047831367157672,-2.845690614482584,2.957301298565355,1.3623466759183365,1.31724410500314,1.8950251970755598,-1.7341207316870288,-1.6941554594861323,2.424322056364093,-0.6258748001744414,-0.17670814040398075,0.6503422424988476,21.409020660694793,3.060706247252451,7.70437602334901,0.5431064730384538,8.780990522412472,2.653877600715643,4.4748206342929855,7.200633177125464,8.745630970496334,3.5911204975512643,5.877337432973425,0.42294503237842995
semiprime,136627,-1.5006035081623867,0.6323177109339299,1.6283846524301273,-2.2148672532747216,5.834057790028799,6.240341917477314,-3.188844545248595,-1.7075004270628944,3.6172209280304797,-0.5147878696307456,-3.560006110494099,3.59703350797213,2.4998141525335984,-2.577080555800145,3.5903224072902504,2.855774941860728,1.425508117011605,3.191790079285543,-0.4644628130998938,4.14442964046145,4.170374413585438,-1.3623998868940785,0.6647985030206908,1.51594541505542,-2.999666964188621,-2.0317449353196135,3.6229807311441053,0.6980421433291021,-2.7681950704332023,2.854849695138812,1.2394787678245556,1.172310763247534,1.7060539679370916,3.692079642150312,0.7073553900985174,3.7592291406460183,2.6516365762699867,38.94186724702443,13.084287242181684,12.938650057474286,12.890414988290459,10.187523910225615,17.392022749488085,2.2980905014275494,13.125989378241476,8.150166781834168,2.910620141513895,14.1318037318822
semiprime,137261,-0.8783773396153309,1.9669287880585735,2.1541484647171547,-1.8409285299386868,-1.3042226865190174,2.2561060853543875,-1.7713475885002077,-1.6892013480640142,2.4476669449879784,-1.565903944211748,2.76167042896089,3.1747249834741487,0.4028890213692222,1.4836590442889586,1.537388605148443,0.9167956523070165,1.2877123648180195,1.5807331851372843,-2.38074469620962,-1.9014591029718442,3.0468823457437155,3.3520708604346345,-6.1044881521319985,6.964277037345293,0.4792181164645196,1.8147992183234738,1.8770045833655529,-0.13549429693346043,2.731793798673529,2.735151926853907,-2.6297772527640486,-0.42892431582636203,2.66452706270031,2.769750421579313,1.2708623803492627,3.047393736888257,4.640355608043275,5.090014668373099,5.991073473586783,10.078878720694934,2.3635637232402753,2.4987174025942642,9.283492028804726,48.50115465289493,3.523146205975293,7.481056062972641,7.099704467862341,9.286608587625777
semiprime,139163,1.2632251294205346,-0.4145600263962652,1.3295103395931895,1.468437800359761,-1.7280658320625741,2.267712744918882,0.36366875368689694,2.5287406342006644,2.5547571621321974,-0.5107882961074575,0.264069505733597,0.575010771463236,-3.176291007261433,-1.155460778475863,3.3799281313965683,-2.219293200995131,-0.3232708409190196,2.2427140585843097,-3.648803490855804,-1.2458334370870427,3.855628076960434,-2.9103798682252426,-1.3828519520167002,3.222202740140226,-1.5877100279903475,-0.7459483130540348,1.7542126492330599,3.5204807719817466,1.3032430992591406,3.7539615663535724,0.1010419794221108,-3.3994961643779087,3.400997449752889,3.234831641333446,-1.3827539652664664,3.5179744564496445,1.7675977430851981,5.142521093467531,6.526784157465759,0.3306373872987458,11.423914173405898,5.029766348571707,14.865867867845614,10.382590498567179,3.0772620187292703,14.092227441659766,11.566783653225654,12.376144276232171
semiprime,140431,-3.5327250085732227,1.4227077137827004,3.8084436749222736,-2.259864736598017,-0.2523553436843286,2.273911134412526,0.600255408809054,-4.777354007001889,4.814916184527154,2.3009076535130184,3.7161573480064094,4.370812449091909,-3.71880018068319,2.9299870137466293,4.7343741597568325,1.3560103804263048,-2.3199849340086773,2.6872093788633475,2.1938778309926943,-2.096549413316104,3.034570707661515,0.8950776745319569,2.557578092636956,2.7096807456565846,-3.9128278694945324,-1.2117864804033283,4.096174851050845,0.9377829572556678,-1.3662700642057635,1.657145365761256,-0.3883257871645196,1.0937795295741521,1.1606681594204251,1.7801874173925762,3.582811358856227,4.000700497936837,14.504243225055474,5.170671847205261,23.183417864021525,19.104001465136815,22.414298684573215,7.2210942458511385,9.208619379797309,7.342369743382024,16.778648410381415,2.746130763264007,1.3471505762923974,16.005604474192054
semiprime,142333,-1.2500578047946584,-3.13566418599655,3.3756531816330666,-2.105584969326635,2.9643875767124612,3.636080550265825,-2.8728057959020656,2.1427112355440174,3.5838840075949823,0.2348009548788279,-1.394317677292992,1.4139495300836356,-2.398888862464628,-0.8998606341453987,2.5621118116392574,6.223178366796417,-0.3974691349997428,6.235858457200609,0.03540158743524113,-4.126520751051013,4.1266726040779576,-1.6534143879261962,3.201081037204441,3.6028737064947505,-1.7074415121255277,4.037779444496003,4.3839502004155975,1.7263807282528063,0.7413339420070333,1.8788204896834548,-2.408892117874207,-3.611928630079963,4.3415192806606075,1.1462118054939734,-1.144510472776031,1.6197857035261696,11.395034402669445,13.221081768021426,12.844224579895071,1.9992532736237338,6.564416935341398,38.885930698240365,17.02942678124755,12.980698944951222,19.21901935972396,3.529966432454377,18.848789664347798,2.6237057253477682
semiprime,144869,-3.6108775808965716,0.5564003129919753,3.653493973242469,2.486422085115654,-2.7136798496852896,3.680537068409834,-0.3637358771148337,-2.4598122490648193,2.4865598904811885,-0.3503310741170085,0.7352390537136049,0.8144374301305498,-2.1854525643351863,-0.36637177399329435,2.215949274631131,0.6193118811487803,-0.988437078554276,1.1664283365869301,-0.5276660355017988,0.8492782486333162,0.9998524834313602,1.0425210269312437,-0.07196112790989195,1.045001672498106,-2.445161554297334,-1.509176680732352,2.8734002993457204,0.4643854816024842,-0.22350290819666052,0.5153711531464834,-1.83935096300476,0.8798988602513039,2.0389786583920104,-1.892525311543587,0.30867073058585065,1.9175321834987684,13.348018212519042,13.546353111938854,6.1829800889498205,0.6633083275976542,4.910431187738235,1.3605550643929527,0.9997049886238585,1.0920284955238386,8.256429280280075,0.26560742549553606,4.157433969378083,3.6769296747535543
semiprime,146137,2.059933020922432,-0.6936627052892559,2.173589657547124,1.040121173922899,-1.1690703934695181,1.5647931624753872,-0.9058105095851229,-0.010594129255663498,0.9058724605867792,-1.9293512618521378,0.572388887902658,2.01246747317935,-1.0847360462125215,3.655672885815501,3.8132134136498843,2.433078285669275,5.244429990058483,5.7813420470354595,-3.1429922017741077,1.0055319427776421,3.299923403407878,-0.32114153063233153,0.16954117842911864,0.363147482271337,-2.406979489791871,-0.3163633381987129,2.42768120354279,-1.6997810143853487,-1.5637570608450297,2.3096734925542117,-2.094060101284911,2.848830792903326,3.5356646609071354,0.23395766391619832,1.2230113136803458,1.245187882166884,4.724491999395824,2.4485776413297238,0.8206049148495458,4.0500253306048775,14.540596538039404,33.42391586482016,10.889494468359032,0.131876093880011,5.893636026034969,5.33459164220757,12.500924594387568,1.5504928618952498
semiprime,146771,-0.7953488413247372,4.160333050282892,4.23567596360637,1.234111473546613,2.7625468828157373,3.0256728853090413,-1.9153061453548892,2.2401770253457403,2.947336210092275,-3.3530202406840535,1.9968599871469537,3.902588185128618,-4.34299000366434,-2.443553965364282,4.983223670835566,1.694450046501522,-5.1991806092448005,5.468330638104845,0.8203361881487763,1.6086942443722163,1.8057820005368201,1.844615284267307,-3.216127607488762,3.7075709480202734,1.8914272566597472,1.888025441340454,2.672477714478501,1.3495808184856974,2.770736358942036,3.0819390578640413,-3.501765431604385,0.10185010014923396,3.5032462917813607,0.43486482572946805,-0.5639154356268541,0.7121151839379253,17.940950868672754,9.154696408894338,8.686790735321095,15.23019454270548,24.832518153575897,29.902639967636144,3.26084863346276,13.74608233460395,7.142137134384233,9.498348356387895,12.272734580879854,0.5071080351949452
semiprime,148039,-3.84276155455518,1.0009436148354114,3.970982810998698,-2.6373672304622016,0.4999434339196319,2.6843340599551344,1.0665769307902702,0.7362272412798212,1.2960003472594013,2.533300901320405,-4.357307064764871,5.040212129789841,-2.113355872160911,2.7449748822988767,3.4642690638645166,0.921480536655827,2.0310070259686626,2.2302726109087163,-0.11394604245533557,-1.6330204633400776,1.6369910000603776,-1.61920429989047,-1.3439791111994297,2.10430568504773,0.7117113640615157,0.4412623401450838,0.8374040354360724,3.1988760142623818,0.8513770609253056,3.3102342295512854,-3.262630823184737,1.2151675721562736,3.481578968918454,-1.0233530039255614,-2.0449192305320567,2.286688879153281,15.768704485247122,7.205649345435215,1.6796169000964887,25.40373831328064,12.001160146848735,4.9741159189695825,2.679739534278675,4.428102416124197,0.7012455185646189,10.957650654492992,12.121392116815286,5.228946030043289
semiprime,151843,-3.400967183915149,-3.030338173532064,4.555164896250561,1.3908065413727562,-1.8468662552132362,2.3119813580932287,-2.418446926771412,-0.1453933978401016,2.422813401346785,-1.7860187437622281,1.0447502877578667,2.0691462289650175,1.495295058458961,0.7275011606994549,1.662878603708293,0.2137910171948968,0.8220750508531462,0.8494197950768699,-0.3883212836145959,-2.607262845145979,2.636022185602161,-1.48181669322353,2.352420032356202,2.780226739125187,0.5577614617619074,1.5528260828827825,1.6499596031139263,2.50263458471694,-0.4330751443156492,2.539829511058833,0.1254272036589552,-0.20108316100514023,0.23699455913063527,1.810781374176563,-1.9057357617616635,2.6288320560131018,20.749527232033387,5.34525780017061,5.870024777745576,4.281366116840153,2.765165250670842,0.7215139882684317,6.948612962986793,7.729660720946671,2.7223666919078653,6.450733945245352,0.05616642105752418,6.910757978722072
semiprime,154379,-2.280127984964772,0.2637130933388867,2.2953274762913196,-1.7381875945432181,-1.497322660735068,2.2941820468687055,-1.4968725480251361,-0.8005367176037423,1.6974941712014913,-1.1299170913865817,1.4799117674175095,1.861948300235087,0.13125405740159157,0.5194086346053478,0.5357359025555147,3.205139455579105,1.2534104067590774,3.4415049872812733,2.0769364125160736,-2.076445456562127,2.936884505000603,-2.1682899101070046,-0.16267913362093622,2.1743839667334517,-3.114011193414456,0.7778536800698637,3.209691894919005,0.7351965145654258,-1.6985093571487937,1.8507965721146016,-1.0856124848256803,1.3087671292462528,1.7004193205809164,5.19717051359955,0.8952058813395912,5.2737059945937075,5.268528223417879,5.2632712641746835,2.8814864612630378,3.4668514727483295,0.28701295728697196,11.843956577481878,8.625290595712638,4.7279456347875,10.302122060308752,3.4254479513511598,2.8914258658048655,27.811974917413604
semiprime,155647,-0.8605797559753944,0.5556170264544732,1.0243572601786841,0.8452894432987099,3.462753788530474,3.564432359147021,0.5778806484611503,-1.3237844697371801,1.4444207718608961,-2.491188090078584,-1.0465548786670822,2.702090896733723,-0.6083815631658848,-1.1098549798550854,1.2656643325579249,1.6424034565740162,-0.6149299842039152,1.753746845938519,-4.061062980949926,-0.039154862764529785,4.061251732966083,-1.0495830661131655,-0.9609677229972129,1.4230543128475321,-0.4653581342216271,-0.016980540645700537,0.4656678342411618,-1.5307105162176273,-0.9759024183764138,1.8153402476263694,-1.3437382970702028,1.2060702346193468,1.8056129213781935,2.331276652736312,-0.08260401391687866,2.332739645718871,1.0493077964807804,12.705178042934397,2.086351366183227,7.301295214211255,1.6019062027092974,3.0756279996393037,16.49376563852001,2.025083577313962,0.21684653184685415,3.295460214652168,3.2602380218478944,5.441674254708603
semiprime,158183,-3.6057293189728923,2.094956989647188,4.170147324756323,-1.9277699474534509,-1.9802719864320073,2.7636523136154536,0.5678024064028622,0.6335190739477564,0.8507326194360388,-0.015489711071830586,1.9273146847083047,1.9273769286367832,-1.044887612636323,-3.651485375519662,3.798043650443581,4.2604705079521725,2.1948835915044302,4.792611285028823,-2.252625536258601,-1.207250460467668,2.5557338439093664,-0.8665004780770458,0.8943947897461282,1.2452972008451517,-1.486356938816787,2.0710202861330993,2.5491924162651265,1.3736085419004644,-2.189737268904189,2.5849080705529737,2.6195719708768914,-2.3534856996483957,3.521512778487867,-2.0529335697493396,2.8077766551610033,3.4782389203547934,17.39012871017232,7.63777411055205,0.723745989772504,3.7147818250413596,14.425135570674803,22.969122929385623,6.531775480903746,1.5507651184327702,6.498381975143634,6.681749733209897,12.401052249053338,12.098145987070879
semiprime,159451,-1.38099454285994,-2.990598282622563,3.2940588967767344,-3.248759583118926,-0.804124621896973,3.3467977585220186,-0.3223586339110843,-1.814475871284717,1.8428884329582877,0.9175933476478719,1.435755351869737,1.7039281035507985,-2.7706657676221766,2.1787126132004317,3.5246811837089664,-0.1726480533231179,-0.20592433536076293,0.2687232446403439,2.2355995711083017,1.3324537261671068,2.602563808000916,3.5654097163316623,0.18892244437326133,3.570411479829768,-1.9254260465663966,-2.0837769237840202,2.837144996099265,0.02242245238938395,-3.2843304426856004,3.2844069819561867,-3.216730112349142,0.9345599286562433,3.349739523596378,0.7114816593337164,2.9806899109863303,3.0644279232874703,10.850824015433956,11.201055236448008,3.3962377763314535,2.9033709820702205,12.42337744679204,0.07221218221003413,6.773338374716229,12.747838135300194,8.0493917288911,10.787329223122548,11.220754875943689,9.390718497023958
semiprime,161353,-1.8156089730946054,-0.9365128538369166,2.042912692354574,-0.9392268524560506,3.0289275768088686,3.171206291922325,-1.2296712838701742,1.7102943073707961,2.1064657804483495,0.1716677316166516,-0.2507587879198835,0.3038910656756066,-3.3360498380913435,1.4690671550539642,3.6451868029344707,1.0489432366342193,-4.276865710863509,4.403619218601979,-0.32419127958425653,-1.6137780307164025,1.6460192945957188,2.3714669152573737,-0.639312316194725,2.456130201719483,-1.0242360256729273,2.986277073459336,3.1570413674443873,2.8865143497742016,0.05410325084697787,2.8870213461636536,0.6285186888825168,0.2711593903870315,0.6845167326440345,-2.2032367320787625,0.43144128459191217,2.245082109774924,4.173492268583414,10.056549345927744,4.437198084199874,0.09234977979745583,13.287386828287628,19.391862222440704,2.709379518181388,6.032575567798587,9.966910195755128,8.334892253204595,0.4685631572696645,5.040393679631423
semiprime,165157,-2.9868739737128283,-0.4718527816368824,3.023914876841199,-2.393340778717323,-1.3126686247113293,2.7296847805878195,-0.002165753808713866,1.1127369626338388,1.1127390702681115,-0.7548863555946332,-0.34966422421260807,0.8319365838554957,1.1845467429912118,1.8455741702427972,2.193010488848258,4.095840174684075,-1.2735892025908284,4.28928154747529,-3.5117494667031792,-1.2957186988617333,3.7431632696784694,-2.388130694202122,1.7792239889015042,2.978054098782104,1.5322051551010984,-1.3259665196914874,2.026287207841262,1.3987972805749704,0.06323092059603083,1.4002256894741483,-0.17117284526988807,1.8386302240729888,1.8465809605409882,1.0177198380450223,-0.20663620533887805,1.0384855271534783,9.144061182381526,7.451179001372772,1.2381882385011411,0.6921184795571523,4.809295004198476,18.397936193512017,14.01127126347001,8.86880621527289,4.105839848661137,1.960631981463354,3.4098612438324785,1.0784521901072377
semiprime,165791,-2.0173877179088966,-4.1110923954188205,4.57940322400639,-0.5674124839408868,-0.45840113372784186,0.7294439843709303,0.24448960635789693,-0.7672163559380158,0.8052304666589856,1.30104436280768,-0.1316508319002921,1.3076881797789872,-3.878586626900377,-4.284455328920234,5.779272591588273,-2.2151426268145684,2.9738225635388966,3.7081636286097193,0.7062417415809219,3.7669805770325735,3.8326126944020724,1.7591567216494914,-2.1456925962043143,2.774640353042282,-1.5448268808250094,-0.49789105323090294,1.6230790469373035,0.27727900194594357,3.393946880836063,3.4052546270223285,1.0805682167578892,-1.0294352388564172,1.4924357882557941,1.713295344122628,-1.394271213038046,2.2089303184344358,20.970933888040122,0.532088526334938,0.6483961044358477,1.7100483755336808,33.399991687883436,13.750477496544,14.688920065291914,7.698629088730598,2.6343855926069057,11.595759074856977,2.2273645820666936,4.879373151698858
semiprime,171497,-3.8925131712438055,5.32780749869127,6.598271859465736,-0.5570962308478274,-1.2110585987777973,1.3330488138468515,-2.4729883692031662,-1.3602938128516753,2.8224228477491966,3.055858714559415,-1.0697387458573944,3.237686437525609,-1.1592547080668074,0.6081608090790879,1.30909550754511,1.8683925658333957,-0.03730136347150825,1.8687648786774471,-0.6215183991646924,1.108508957136364,1.270856887517942,-0.8700932319328336,1.3317571445258045,1.5907983292205359,-1.9645720346104254,-2.486068618491812,3.1686085992156134,2.0555774253370487,-0.5715049116231583,2.133545503513971,1.0558878182346871,-0.4640452326743221,1.1533590345873108,1.1456653074605878,3.165578903742902,3.366517309110541,43.53719153141743,1.7770191400984976,7.966070731496685,10.48261346773727,1.7137310478747894,3.4922821717783337,1.6150772285517911,2.5306393242508483,10.040080455023132,4.552016415564685,1.3302370626641735,11.333438792540878
semiprime,173399,-2.040067531112626,1.2895334014794182,2.413456427000712,-1.3474951199550729,0.24261835815102073,1.3691627974841538,-0.17718822217689523,2.566858122093924,2.5729664368269085,-1.0477508935579398,2.3012250536123062,2.5285210464468006,-1.5477931547795494,-3.881438761111417,4.178663722560187,-0.2674574632109635,-2.1230148723234583,2.1397957011672477,0.8840788996493135,1.0918713705746406,1.4049123071158873,1.0820227464951282,-0.6047770883330226,1.2395678886230592,-0.23542268271411593,0.01962417407502648,0.23623917487249707,3.487063516129934,1.5175723639824052,3.802977497362771,-4.1702328427143645,0.3408268193843591,4.184137292592727,1.6637579283303863,-1.861908009523448,2.496956523452058,5.824771925031044,1.874606766014634,6.6201562850377575,6.393418682324424,17.46123050624056,4.578725642733834,1.9737785906856853,1.536528550505429,0.05580894774443825,14.462637845447603,17.507004883265193,6.234791880009788
semiprime,176569,-3.1239442559980324,-1.3365288409497507,3.397843000680518,0.18409027152059254,-0.8191934753636544,0.839623235830755,-0.6698619219159133,-1.5211100580200143,1.6620742471509908,-3.4396742474628086,-1.1787925364456302,3.6360570364941696,1.674048596471513,2.5445191234792777,3.0458194748047682,0.6880989031395954,3.2758392732372608,3.3473277468132,-1.2608879471454548,-2.3255816763544157,2.645405176651035,2.4164081555242696,0.7555505744513277,2.5317750778135752,-0.2828680826699237,-1.6634453777991447,1.6873247693063413,1.217012721130751,-1.4395182874212922,1.8850286107150749,-2.5429548743247254,4.087294236516742,4.813792025910017,0.6923473970795255,-3.6950676258718476,3.759370915194324,11.545337057273585,0.7049671781469077,2.762490803042533,13.220910772638764,9.277016273099994,11.204603044585536,6.998168548652093,6.409885044637935,2.8470648771146982,3.5533328632144054,23.172593668714864,14.132869678009008
semiprime,178471,-3.133943310305101,0.46404894112155826,3.168113333194085,0.8313488778050658,3.169938459416053,3.2771406428642575,-0.7532575042666829,0.42538644676581894,0.8650725384764683,1.075711677586114,-3.228146944345545,3.4026590054812442,-0.396039950561905,3.9990609152264502,4.018623625836698,1.2518159386185184,0.8634884599781432,1.520741748192239,-2.263220562773133,0.7857316860993231,2.3957340416456123,-1.9926494657662526,-0.7319397927504212,2.1228254176050516,-0.7258364545407385,1.1106052500787063,1.326756413303759,1.2384762274485224,-2.2083959730939187,2.5319629025585186,-4.1597180989039835,-0.9009464733478102,4.256167197160754,3.372038573194927,0.6597169735955971,3.4359672036218,10.036942091962137,10.739650793112759,0.7483504968261206,11.57808830758261,16.14933584613289,2.312655464694787,5.7395415982996205,4.506387753630062,1.7602825802426552,6.410836139932559,18.11495921018723,11.805870624364612
semiprime,180373,-1.6326981095055357,-1.5337814609111688,2.2401313994089165,-2.6292558931803036,1.5936884712269952,3.0745454127635186,-0.5992562274849226,1.2496056907494424,1.3858652201902075,4.603685468170877,1.2444122955540404,4.768907825820686,-3.3707631780389726,0.42446068535166703,3.397383003994781,-0.7597867700653264,0.831080541150995,1.12604209594763,-1.9829703022709047,-1.9783908384417974,2.8011071970416985,0.9742801454074791,0.632104586920763,1.161369024273287,-1.826300484551093,-1.8394347647197624,2.592082890945273,0.6407863712847063,0.7749453461433448,1.0055582843045199,1.0783930375946094,-0.8911799604750358,1.3989757916007035,1.759751399444729,-2.318672056077769,2.910835806342156,5.0181886866177505,9.452829495145195,1.9206224085328525,22.742481851173782,11.542211275832601,1.2679708018461318,7.846201529318801,1.3487780105414868,6.718893713531204,1.0111474631334496,1.957133265484815,8.47296509148359
semiprime,181007,-2.405262483482479,0.14607613587220203,2.409694140740616,-0.49970314382929026,-1.411019531230137,1.4968898922318208,-1.4195475209734978,-2.1493930358246756,2.575850458926841,0.9521712597306414,0.3646498520030035,1.0196075825644142,-2.7846465172727966,-0.039964386038502275,2.7849332807647205,2.618753704522716,0.386959252433156,2.6471887783071075,-0.6615801637850314,1.6845072696973897,1.8097660221081573,-3.4561029579196254,-1.9396596005862032,3.963196566142918,-0.1339667938661009,2.3300841911981403,2.3339321840898144,3.7858390950954406,-0.3931422529888632,3.8061973786232133,0.03015856339824008,2.881554758721447,2.88171257526778,1.770872333482013,-1.4187775994529124,2.2691228918243715,5.806625851919656,2.240679349465792,6.635005586753617,1.0395996224228488,7.75585337831095,7.007608427995076,3.2752530547771834,15.706927021887015,5.447239439930251,14.487138485038221,8.30426736645646,5.148918698201398
semiprime,182909,-5.670669773108293,3.549218082255406,6.689801541978118,3.8744720502278382,-2.883911406417364,4.8299563836603,-1.2895177290913844,3.218012807453638,3.466765409221779,0.5316910810352692,0.3565228522198416,0.6401593159576952,-2.772749612548281,0.6910822019685532,2.857575025045598,0.5124288988412433,-1.4887537077489204,1.5744748263163202,-0.45892010600352406,1.1320299735318726,1.221515257648818,-2.3303900506257085,-1.4044081687351126,2.7208601751036756,2.0664636176844278,-2.4724761728483893,3.2223299502869702,0.5253136555270839,1.366848288177159,1.4643185034602473,-0.22378756295652114,-0.9279301252388146,0.9545340175497891,1.6078401433024538,-1.14579753476078,1.9743358166934863,44.7534446710528,23.328478668060885,12.018462402576647,0.4098039498074242,8.165735023764348,2.478970978703807,1.4920995246688582,7.4030800924652045,10.383410308516428,2.144228679576058,0.911135190659741,3.898001917078736
semiprime,186079,-3.041499019504997,-1.774646074033133,3.5213754377701716,1.3338025994609612,-0.35681162644529024,1.38070413597387,0.17344027257977124,1.6354207603286361,1.6445919224739125,-1.1080435322262534,1.3513471863315496,1.7475410402375757,0.16579782429857992,0.8663777499810495,0.8820993845391621,1.3059235162792198,2.464409615485445,2.7890412301126353,-3.3616773964019058,-0.4470269892926225,3.391269385736781,3.478816558463416,2.0674147031981875,4.046772566186454,-2.7270265823836803,-2.263569362365558,3.5440683175225662,-0.8733047818459307,-1.21620258124121,1.4972674980152179,-3.887382482322802,-0.052198478253702385,3.8877329184245912,0.38333894908837907,2.5998517783542,2.6279608100768317,12.400084973731067,1.906343911095351,2.7046825914664394,3.0538996873146282,0.7780993242043687,7.778750983268202,11.500708046635525,16.3763682024393,12.560420239267234,2.2418099606127506,15.114467245002189,6.906178019299677
semiprime,187981,-0.736157461072753,-4.684602187985921,4.74209083286851,1.2762022679836242,-1.1648865076332653,1.7279041653033225,-0.49095618120201745,-1.4898905424669304,1.568697485302017,0.1230245717451165,-3.3796506792618843,3.3818890814289557,-3.1206716174877682,-0.2313896524166278,3.129238328321959,-1.4852900418663904,-1.3283878960931763,1.9926617653165124,-2.6487894865532833,2.4398085401886043,3.6012152749943254,-0.41469101982330914,0.6459319041394648,0.7675914712314948,0.1992553268202204,3.53253061083641,3.538145729299811,2.7718977302209677,-0.8928282868313496,2.9121399994798254,-0.6314689358243153,-0.709105354240673,0.9495174670978326,0.14640621562873823,0.3335453899266412,0.36426268971175696,22.487425467175562,2.9856528044725716,2.460811800392872,11.437173759088386,9.792132515439208,3.9707009109543194,12.968751456852454,0.5891966667073307,12.51847520176249,8.480559376570357,0.9015834203238836,0.13268730711604373
semiprime,189883,-1.786702875088383,-1.087308937873391,2.0915419886362443,0.36754205275093166,1.536220874874816,1.579576442259606,-0.4755386426431273,2.4021371999188386,2.448754811711615,1.5453569334237167,1.8899711704503284,2.441335510906712,-2.038223401170568,0.3715782970596899,2.0718168509607935,0.6124188802871463,-1.8181875658973643,1.9185575075342265,0.3322696670860893,1.1630693141975328,1.2096004965662916,-1.6908559969628447,0.3450085210262559,1.7256954777845193,1.3737763763943618,1.5374256419608305,2.0617805743817397,0.05468760072772827,0.37132559111047875,0.37533109155371325,-1.637223114464419,3.2652244628706506,3.652696308135334,-0.7935799768168086,-2.469801385085959,2.5941642317665794,4.374547890228455,2.4950617369415142,5.996400127880786,5.960119076814137,4.292425063925099,3.6808629097159433,1.4631333612934194,2.9780248820459403,4.250939136897896,0.14087342828690189,13.342190319465498,6.729688061377087
semiprime,190517,0.38969816228383136,0.5250036201916628,0.6538298394091135,-1.4539466412430562,1.4450794194574017,2.049930575439399,-1.5610627978785545,-1.7829807872495222,2.3697969420651526,-2.7529780157652546,-2.962472958195726,4.04414811589879,-1.7727618252262418,-0.6593062981088096,1.8913934767005565,4.3020487436628745,0.580310630315576,4.3410118429357665,-2.0472785342648803,1.4816088375261585,2.5271553462930156,-0.466445559640676,-0.07105513853343459,0.47182654950787695,-0.2536276047732092,-0.7821700938849718,0.8222633505580927,0.36904398382237347,1.2899603806804598,1.341712057678832,-1.4949875023001487,1.2144635509002613,1.9261124963248923,1.2663404662326558,2.5163815819034907,2.817054213564491,0.4274934589017472,4.202215364121305,5.615937546621348,16.355133983327732,3.5773692837054183,18.84438382050858,6.386514144297371,0.22262029282050905,0.676117017671021,1.8001912457207652,3.7099093484989085,7.935794442161454
semiprime,192419,-4.36029346556045,1.6603164464771138,4.665705713849895,-0.8421441602176243,-2.48297453254579,2.621901850920364,0.13147245150566766,3.1593511761596176,3.1620855237969243,0.07932606702503986,-0.28644581509245115,0.2972268996804291,0.3862534868452402,-4.664788684376443,4.680752634564938,1.7704816095570672,3.768063338608601,4.163280732012432,-2.5347195297709764,-0.16177959041797307,2.5398771093260013,1.5688448196713023,1.0198925619263701,1.8712174929927883,-2.1069175063015564,-1.6119621103207942,2.652833056087367,1.9731668872083443,0.09645967336723671,1.9755232302763692,-1.0068542177518842,-1.521590957139574,1.8245532211074806,1.2996931423691165,1.486647194871125,1.9746701360833647,21.768809808251557,6.8743693158596315,9.998784859806069,0.08834382989363986,21.909445225986612,17.332906453545974,6.450975730478205,3.5014549060822158,7.037523223469839,3.9026920333615807,3.328994456653683,3.899322146339494
semiprime,194321,-6.337746442146271,-2.073583187901194,6.668341413131469,1.1085637746355583,2.4482221212175443,2.6875091064502774,1.9718164811662635,-2.0213525203608538,2.8238141310943394,-1.684289889812637,2.334615704691958,2.878760657213342,0.23015620194515796,-2.5763982249151827,2.5866580157879246,0.8261917641986524,1.011811425752867,1.3062753126786601,-1.7746824026204442,1.456564854164457,2.295883011949389,2.450460779344217,-1.9752020318228003,3.1474086321323425,-1.74283590552779,0.03777169971340677,1.7432451620171248,0.037184613740214756,1.6137884667987603,1.6142168104290398,0.44061938713243753,-1.1541702217412761,1.2354166686066979,1.0196378599346159,0.22860565210191597,1.044950673278402,44.4667772020842,7.222705197253169,7.973926246968079,8.287262921519394,6.690799690639923,1.7063551925137312,5.271078804557798,9.906181097621182,3.0389036948961117,2.6056959110717024,1.5262543450712716,1.0919219095849855
semiprime,195589,-0.5013578570743187,-0.4680696701379381,0.6858927882352979,-1.189398429211698,0.8447737122218654,1.4588732804025049,-1.5179367587179726,0.9409707499758817,1.785933357036986,-2.852636850593712,0.2717060658467353,2.865547275405367,-1.188351149286485,3.8078823897702967,3.989003227415748,2.5628883128844495,-1.4304954228139168,2.9350832456697487,-0.19295664242597294,-5.037554750239025,5.041248865857752,1.869896212684249,1.4946711462873292,2.3938574898591556,-2.5133881808551046,-0.9466502845416045,2.6857525777488944,-1.2591542371715758,-0.28777244150090386,1.2916200567792855,-0.18202191815627478,2.534010040636996,2.5405390893939024,4.989450262113144,-1.2405113931958007,5.141350254043145,0.4704489169531912,2.1283112482723654,3.1895579557773983,8.21136118758312,15.912146748333253,8.614713659011267,25.41419012751207,5.7305536817547775,7.213266908884831,1.6682823710745247,6.454338864738399,26.43348243474951
semiprime,196223,-2.378966627611601,1.0659804055064104,2.6068748416856007,-1.029189989682461,-2.8676035299180844,3.0467001886731886,-1.371148731270249,0.25650679114345976,1.3949353308188621,2.411820531765065,-1.989488703168321,3.12649061688627,-1.840342978617814,1.3491207572651334,2.2818827964274444,-0.10727285926278718,-1.0049133854670322,1.0106227677156427,-1.176827145991231,1.1647490765540494,1.6557664517906432,-2.4883854095211997,-0.6412702915217681,2.569686660491197,0.9310404554201255,2.436830058835093,2.608635096227749,2.7908193616187384,1.8942995589994531,3.3729873300105275,1.1254423082299372,-2.137450738700659,2.415639884073353,-0.30520096395435614,0.69391016414773,0.7580626255832679,6.7957964402133255,9.282382039661243,1.9458445771667283,9.77494357747789,5.206989096631534,1.021358378625226,2.7415625428753763,6.603289533106401,6.8049770652711565,11.377043528411548,5.835316049525922,0.5746589443061978
semiprime,200027,0.15011224631485065,4.323076886139262,4.325682310337321,0.6385898939330207,-0.3846580250765568,0.7454923533405179,-2.13051082791967,1.5477058553870693,2.6333381481842353,-2.6554034004209424,-1.378186938960191,2.9917497317936816,-0.9865284964427659,-1.7289887335628888,1.9906382180298425,2.1777503361793986,1.516787050765199,2.6539102253276154,-1.3529331361903736,3.4296146983203464,3.6868258773553273,-0.15044786702749058,0.9371715282089036,0.9491707085548591,0.012934020537488156,1.2981814973610168,1.2982459277724525,-1.507851635417589,0.2706821651885798,1.531954760749375,-1.2987872257743898,-3.8981366625173637,4.108809766525671,0.7288797619627488,-1.433702999925898,1.6083438685167402,18.71152744996522,0.5557588488891836,6.9344698026823774,8.950566457687566,3.962640515081027,7.043239484098475,13.592685049936879,0.9009250339785332,1.685442488977756,2.346885388982675,16.88231769749674,2.586769999395393
semiprime,203197,-2.711093096331776,0.9651350417011285,2.877761530373435,-2.0404467324658495,1.2303153266343854,2.3826662945074863,-0.02482635427559765,-4.291420393342798,4.291492204381254,-0.5140587662656415,-0.2682321407930722,0.5798317829586336,0.09923001011544941,2.321329556542244,2.3234494840611712,1.1926270617702646,1.9756928046888045,2.3077524492384116,-2.2243016560587723,-0.30272276629925166,2.2448071031564534,2.1279667822806565,-0.9092560514721438,2.3140849581699903,1.3625778171271743,-0.33126455864431903,1.4022676333499502,-0.9389887957799627,-2.105995628442063,2.305844215383464,-0.6168308995916426,1.1558979652763375,1.3101833706855741,0.08827795621723522,0.7212542107115426,0.7266365212560008,8.281511425697255,5.677098670982035,18.416905340265075,0.33620489652898794,5.398417504984123,5.325721366965888,5.039158930381668,5.354989193628605,1.9663545155408704,5.3169175456173825,1.7165804648210126,0.5280006340230224
semiprime,203831,-2.8437290189878603,-1.2641546413450315,3.112054255739743,2.9202506246527324,-2.9431346229400925,4.1460710461270915,-1.5255122676891903,-1.600192626335771,2.2108378774233057,-2.087346620747648,0.8710559390531947,2.2618033433759157,1.1807696598790924,0.8593776901915211,1.4603927567917823,0.5200371784124027,-0.9803767007548506,1.1097644535279092,2.459834579780366,0.9707336468296084,2.6444488977800953,-0.6294421412689997,-4.938240011510672,4.978193630272956,-1.742683937306845,-1.1331378222340924,2.078689161352584,-1.26412055608699,-0.3043809400259994,1.3002494133714468,-5.215531366665818,0.3308970694865109,5.226017633654691,2.582671358603976,2.4809263649165008,3.5812270208255588,9.684881690667845,17.189905119533396,4.887804120249588,5.11575436410647,2.132747004089902,1.2315771423140989,6.993109972970361,24.78241182049023,4.320948629524709,1.6906485369727917,27.311260307269777,12.825186974691107
semiprime,205099,-3.195896083490238,0.42241580105713405,3.2236914997330284,3.155757866759871,0.2345826627336547,3.1644646844722444,-3.2578624105810454,3.7810290339022377,4.990976662086152,-0.49099417306637827,-0.5805846018317454,0.7603642271104442,-1.640363943601041,1.9723571523313486,2.5653433695743315,1.3564683800793524,-1.0685109145828977,1.7267663538353657,-1.125178671502964,-3.6118552928012724,3.783057718161559,-0.49928446136118265,1.6022411256276345,1.6782316878218084,-0.7252387617818825,-0.6601478679776329,0.9806969303440959,1.1223088115854698,0.9333277019388249,1.459684098621615,-1.1894606401882757,0.1285369424319155,1.1963855399188206,2.3118364723510583,-2.059737390446514,3.0963052163015194,10.392186885450982,10.013836739272021,24.909848041488626,0.5781537578692632,6.580986603818985,2.9817220407378833,14.311525698941741,2.816461598009236,0.9617664691863325,2.130677667768797,1.431338360126848,9.587105992496
semiprime,207001,-3.7520123420528044,0.3971792862236957,3.772976013748529,-0.9902446593723302,-1.617982962290649,1.8969589746956168,4.039188205972631,-0.9480746625614089,4.148962150834753,-1.5536773443744765,-0.44667224306254616,1.6166104611640528,-2.6335941666142313,-1.2023391927039653,2.8950712890594823,0.7176638139894055,0.306094523208456,0.7802148467236648,-1.0117024934851397,-0.34689594948152136,1.0695226669363933,-0.22720395148461092,0.7806027871734652,0.8129959083004068,-3.2532780118863376,1.9034232976627374,3.769195945119915,3.92300554024206,-0.7320733920944515,3.990727242017747,-1.3464350018954199,1.994176835958195,2.4061646800253214,0.5662761934663509,0.8775013315691794,1.0443549751844068,14.23534800032174,3.5984533516782458,17.21388692905934,2.6134293831450517,8.381437768736532,0.6087352070480317,1.1438787350907353,0.6609623469132034,14.20683807270841,15.925903920182572,5.789628467401357,1.0906773141924229
semiprime,208903,1.1035737625483966,-3.2220991875596834,3.4058476512988656,-1.7313714101160655,0.9665204765105667,1.9828789149318993,-2.8329842400273795,0.06364438405796397,2.833699051040111,-2.2973225438336358,-2.190440401733052,3.1742274688419387,-1.7869232227931164,-0.6589182650039054,1.9045387588896938,2.7510767306231187,-1.996735876229863,3.3993201286727066,-2.3947209128238383,1.0760364907166002,2.625365265952442,1.7935716129264156,6.385357693195646,6.632472540519733,2.122918720490219,1.7547630143594803,2.754265261439391,-0.33874156358007457,-2.333794423385069,2.3582498293268084,-1.9590709887668196,-1.3501241051178323,2.379242366436852,2.329240696153099,-3.1391752018012453,3.9089363218425115,11.599798223857999,3.9318087912815063,8.029850311865626,10.075720023950701,3.6272678841130954,11.555377337199428,6.892542779669536,43.98969200074828,7.585977130371798,5.561342257519921,5.660794238248032,15.279783168219662
semiprime,209537,-0.34583876343131037,2.710031412205522,2.732009279894992,0.8442329590661154,-0.7112772413145132,1.1039223719018987,-0.3582890756971733,3.1996420906462624,3.2196398199176133,-0.8635945953480982,-1.3331086690408165,1.5883873421134476,-1.545451051748353,-2.335865692091131,2.8008369257845893,-2.1031772436949616,0.03511641491446882,2.1034703898540577,-2.791214058833588,-0.8720865984443988,2.9242795621172393,-0.048450211912408725,-3.0855251329110347,3.0859055022569977,-0.23685618828862254,-3.361124174228739,3.3694593881682917,2.006686160872658,1.9595482090251277,2.804749281438794,0.3338994056357651,2.468831744247833,2.4913086911279607,2.233526399818131,2.4747090658766235,3.333590427664516,7.463874705432354,1.2186446031855138,10.366080569999122,2.522974348586222,7.844687484838469,4.424587680992781,8.551410957416593,9.522812768860012,11.35325656851544,7.866618531731432,6.2066189944897125,11.11282513941649
semiprime,213341,-0.481076070157065,3.4245209477823106,3.458146599997985,-2.2206767597679336,1.5001462599297941,2.6798962801859996,-1.1657248082390974,-0.7232522805767195,1.3718630361313429,0.2486982136535909,2.967248258538432,2.9776522680249022,-1.0018136194504592,-0.9171605044503259,1.3582392716454659,0.7772622353744298,-2.980380012165262,3.080065194026494,-0.8980636975916167,1.876349555177013,2.0801937549528655,-0.42540758203761597,0.8167339649598022,0.9208832609913433,-2.4311779984168096,0.5051127258545135,2.4830959155469894,2.0808842734510113,-2.208974049753463,3.034739809601469,-1.268795037517399,-3.3615533757263867,3.5930324163700837,2.100585839205789,1.1327184641662864,2.3865271812688666,11.958777907077621,7.181844072554758,1.8820081899035062,8.866413029273843,1.8448139190400057,9.486801599453463,4.327206058144903,0.8480259803740505,6.165765325806142,9.209645711979961,12.909881945086243,5.695511986935122
semiprime,214609,-6.014759650876333,-0.5908244517612585,6.043708066295806,0.4518008385020611,-0.6639045591384138,0.803052464858889,1.8663080769345455,2.7751098199836997,3.3442996802022815,0.09696810552473596,-3.12557175856982,3.1270755717536303,-2.001162007672718,0.92807883612499,2.205896576681649,0.4246680991347277,1.896425026641754,1.9433915910325126,2.739908445817221,-3.277029187969295,4.271535858477983,-3.2900167304638117,3.099806129089419,4.520288500159268,0.3795089234059179,-2.3314943196743565,2.36217966836109,2.7587296071256837,1.3157608659632458,3.0564384014130206,-3.1999163307213703,0.007673636070008039,3.199925531681613,1.4753639954132598,-1.0144463675049964,1.7904748955251675,36.526407190608985,0.6448932613159372,11.184340351001083,9.778601631458294,4.865979707015819,3.7767708760958807,18.24601859026324,20.43300812467212,5.579892785618508,9.34181570163218,10.239523408307853,3.2058003515058595
semiprime,216511,-3.9721256340183584,-2.1573573871221177,4.520173995345325,2.1091612289657995,6.294512345473353,6.638482263069547,-0.9595465824773928,-1.6489449416051642,1.9078126387015322,-1.5449475243778805,1.2224605290909096,1.9700945658182425,-1.4509617797581837,-1.5875813237042824,2.150745114069465,0.24001728593103655,0.6409449367882215,0.6844112137744078,1.0594789218692022,-1.178908937086408,1.5850305573796777,-1.0591188359821695,-0.9068538864908557,1.394315846634397,-0.9431076765944424,2.0860173170035017,2.2893056450570017,2.7671376405449184,-2.567817719506322,3.7750150413383983,-3.2003107500318677,-1.2844688201447108,3.4484560380978446,4.295921558432586,1.9808668712417048,4.730621058358909,20.43197294819612,44.069446757088976,3.639749064389303,3.8812725982665692,4.625704545693677,0.4684187095401582,2.512321867827332,1.9441166801757954,5.240920336489855,14.250738562331149,11.891849046693483,22.378775597788763
semiprime,219047,-0.7396394562792118,-0.44019383924052075,0.8607189677184519,-2.1698067194258446,-0.6215543005485384,2.257075751541345,0.06844186583582557,0.24268093401334395,0.25214742658349326,0.42307284272108686,3.208569865771619,3.2363422584432886,0.3887318696487546,0.8822871848891878,0.9641281777338033,4.226515031643329,0.4725417586496531,4.252849048152863,-1.8030624852576702,2.314932468644508,2.9342710611203118,-3.01883363753979,-3.0492511572915677,4.290837814621486,-3.296734693210416,0.319614761830017,3.312191605779599,2.828974777672098,5.611774491904399,6.28451360414581,-0.49153154354571,-1.027506338491141,1.1390226222248174,-0.049273139121511544,-1.871870382620994,1.8725187773618064,0.7408371413903174,5.094390948195928,0.06357832473267812,10.473911213785806,0.9295431431003043,18.086725026374715,8.60994666012812,18.411289151385688,10.970613233396838,39.49511124069376,1.2973725339398992,3.5063265715725542
semiprime,222217,-0.3702727161971787,0.07658667235987807,0.37811030499471415,-0.3952154939093572,4.713743901168645,4.7302829569097256,-1.3820126033845352,3.254038449612376,3.5353535986474416,0.9867701315624332,-3.1507495170303375,3.301656828262236,-4.056831257234005,0.47590385599128027,4.084649841763453,2.852905537513176,0.9710701932791568,3.0136435300560285,-0.7079222527766715,0.0969473123984731,0.7145297036216793,0.2720095189886623,-0.862055517234507,0.9039518201845145,-1.141228919109882,2.202944891730037,2.481001741597973,1.0050053849039449,-0.15555878143768387,1.0169731354211395,-3.0618417763417947,2.2036225420475724,3.772376886151764,-1.1241987743671524,-1.6489083760711498,1.995675754466693,0.14296740274319575,22.375576852430616,12.498725067469415,10.900937811610648,16.684364329818205,9.08204732624856,0.5105526973576849,0.8171288932148968,6.155369641812174,1.0342343581683033,14.230827371172078,3.9827217169662044
semiprime,224753,-1.400553606990388,1.0675787530215277,1.7610436678165553,-1.9753759533286492,-4.187887832802961,4.630390335287959,-2.8559047639222404,1.1338327334689504,3.0727461151353554,-0.7629672584618524,3.2305757446216306,3.319448550470755,-0.4024400360976579,0.269472957038404,0.48432804712230504,5.477380694067637,-2.65193070070754,6.085592469850414,0.001477467045292391,0.2430480363348687,0.24305252698769786,-1.4784142624214542,-1.589188668254097,2.170536651300411,-1.8501557858027295,2.538553241038261,3.141230489684763,-1.7376342534368634,0.8530123445985207,1.9357176598756727,1.5887508854859282,-1.1277938809015915,1.9483450448858886,1.6344141842454492,0.395210116722025,1.6815173986676895,3.101274799956786,21.44051465712814,9.441768688079419,11.018738679222398,0.23457365722930573,37.03443570910006,0.0590745308751056,4.7112293546384025,9.867328989325177,3.7470028587545503,3.7960484139313952,2.827500762022153
semiprime,227923,-3.4981787942217437,-1.319847234935873,3.738883737148103,-3.0406432959626883,1.6244435853552588,3.4473654600701513,1.3544703502570743,-1.3616689373454638,1.920607254140483,1.0694745752376194,-0.2206530502249312,1.0919998331745533,0.12904014851936585,1.669275920930179,1.6742560915604272,0.5888366375619114,0.6891239062699455,0.9064327575324971,-2.5941115364126843,-3.1456011381734243,4.077281101889753,1.5006565399283665,-0.20571860873682857,1.5146914526762187,0.26573283465504005,3.7306917369321115,3.7401436837944257,-0.39917472237662965,-1.321665945434033,1.3806307726197093,0.20584546762115186,-0.42759466922476363,0.47456249081612606,1.4763288284152754,-1.848225972375438,2.365477975922235,13.979251599910565,11.884328615284685,3.688732224657046,1.1924636356532523,2.8031334601271976,0.8216203439279667,16.624221183827316,2.294290196810394,13.988674775427338,1.9061413303044956,0.22520955768960574,5.595486054573153
semiprime,230459,-1.9128624918370696,-0.2914559289204133,1.934939138882664,0.4665453522930023,-2.2324897602854823,2.2807181096149804,0.7977602246007467,0.9000276581093385,1.2026932947833435,-4.63085562055941,0.8544107531761415,4.709017043249015,-1.9933074152562535,0.5890131852982167,2.078511723366197,0.8181867555543082,3.025124059914452,3.133816386586455,-0.7797568016338162,-0.2468798852500913,0.8179060749470546,2.8800927548580133,-2.6202312434214883,3.8936545873494914,-0.9554953763589709,-0.7889379761666111,1.2391103843004625,3.224203026252033,-1.8645749928071675,3.724530179538705,-2.621221970990973,-2.0868661667021,3.350494742412189,0.508574207100269,2.391304608306246,2.4447874046293587,3.7439894711799853,5.20167509552573,1.4464711613168144,22.1748415136097,4.320210984170718,9.820805144837784,0.6689703474352968,15.160546045587738,1.5353945444812398,13.872125058294618,11.225815018931721,5.976985453834356
semiprime,232361,-2.2968296199387894,-1.0919470314833122,2.543181987706224,0.44248206650195254,2.1254337330460644,2.1710041300619323,0.017995074340128148,-1.8446370731676467,1.844724845174751,-0.4284248478501502,1.507964829789854,1.567643383597994,-1.2446848124293979,0.7782016151550514,1.4679366594381162,1.0226557961269864,3.243905346602106,3.4012860472277024,-2.012098333570033,2.3167163060165286,3.068503567949396,0.6513934692182057,-2.3181733521159025,2.4079537250953162,-1.018003506375871,-2.4769837652731943,2.6780178700711725,0.32416208123816476,2.212248746540999,2.2358724407901445,-1.7216125294007252,-2.9810103010601434,3.442436944435765,-2.3949900198791094,-0.7272802764963568,2.5029809819295776,6.467774622593381,4.713258932745967,3.4030097544050095,2.457505778138567,2.154838036122336,11.568746775065849,9.415714146518175,5.79824114220041,7.171779712420539,4.999125571484878,11.850372116416246,6.264913795901153
semiprime,234263,-0.7044088643140907,3.105109411744878,3.1840063296153933,-0.4819262498583474,0.8866925263440968,1.009195990170892,-1.925392277868673,0.6605374285786461,2.035545410505402,-0.3394888247718669,2.034864676748864,2.062989799980902,1.6366780485324588,-1.5784429844005499,2.2738067836892677,0.8462402249312192,1.4216056848134957,1.6544138664148365,-2.2314335231492395,-0.24883191595504695,2.2452645480281577,-0.46157035687666514,0.10638035882323993,0.4736707454452019,-0.4805831035885555,2.942629541026151,2.981615121905338,0.337083273823777,-0.26583481052722036,0.4292939319158827,-2.9398694477676295,-0.4534235998678484,2.9746302847303,0.33262255495991133,-3.152395689521194,3.169895321202242,10.13789630703089,1.0184765465770071,4.1434451182296055,4.255926914825242,5.170197289551332,2.7370852413856883,5.041212890632087,0.22436397509061323,8.890028735174583,0.18429327997979855,8.848425330834667,10.048236347379865
semiprime,235531,-3.3852279211514227,-0.20125570849672803,3.3912050864472505,1.2880525021250329,2.1182332236265187,2.4791109773275077,1.6550919313316523,-3.0914149795363244,3.5065903491655126,-2.1667883022377117,0.9729397536529018,2.3752017411058692,-0.9603766786217753,-2.762486096632504,2.9246628521811675,2.114931612466827,-2.444774436975869,3.2326239764473397,-1.1078744077567269,0.2892769312632173,1.1450182733578458,0.3121553910062086,0.015117177721923225,0.31252122679350147,-1.7700915739169893,0.5156566146149345,1.8436718591571712,-0.7988142105245833,0.9232166016894396,1.220832927378276,-2.8065943381227676,-0.5291308193227351,2.8560376753012076,-0.7832011956442505,1.2720068994705063,1.4937890296689,11.500271938345703,6.145991237905751,12.296175876860712,5.6415833109523525,8.553652798928482,10.449857773102211,1.3110668463233826,0.09766951719651518,3.3991259242480605,1.4904330365710112,8.156951202739926,2.231405665159154
semiprime,238067,-2.1798395555182646,1.9065678972916595,2.895980254557204,-2.4769166489578573,1.8311462221973311,3.080294234801633,1.651095634692907,-1.582670537529721,2.2871298225650833,1.4866267566392843,2.0146872438478503,2.5038018699727593,-2.341805958632073,0.707384344276509,2.4463130949271785,-0.5473339372966181,-0.7676913807682723,0.9428279243968724,-1.069959505132141,1.7863152063965508,2.0822428674931674,-0.14570013112351404,-0.8293276749615486,0.8420290497759192,-2.1744411526637983,-2.542958173035143,3.3458676895842876,1.1727530433992808,-1.9724747767322521,2.294778082004276,1.2668039904085706,1.7297261779935744,2.1440020991014297,2.9726407503604024,0.1829572307693499,2.9782656662886953,8.386701634785208,9.488212572952179,5.23096282526659,6.269023804079087,5.984447758412191,0.8889244950225145,4.3357353592261685,0.7090129206665374,11.194830596204099,5.266006445647223,4.596745000951337,8.870066378994046
semiprime,239969,-0.3174421410578214,-1.1299785482208864,1.17372101981636,0.5237401693741771,-2.655355706102096,2.7065139369574758,-1.8553929157957383,-0.35846368086829417,1.8897034377083242,-1.7528091049566608,0.3592067114016907,1.7892370496764778,-0.31211058562879035,-3.871212250642445,3.8837735911334597,-1.1424798622797612,-1.1996736354190585,1.6566463313677913,-1.7367683467073838,0.9182677507068764,1.964581368157849,-0.5486491921279569,2.1284853514703466,2.198059559576697,-0.8530531319049366,3.352697186904087,3.4595199194291975,1.4603868193349485,2.165668483413127,2.6120585066449333,-2.206502535553669,1.6428128199917187,2.7509066507124365,5.741839983898676,-2.0702262007944596,6.103651605649966,1.3776210323587559,7.325217690945055,3.5709790824866583,3.201369219934987,15.08369730718569,2.7444770672343615,3.859579952112966,4.831465827446504,11.9682780729274,6.822849642136159,7.567487400933915,37.25456292315341
semiprime,241237,0.17704283851610358,0.8532019582466743,0.8713769266085711,-0.7213008443700923,3.1459117851367946,3.2275433177498303,-3.666312784507171,0.8272282725690635,3.758477889888182,-0.22883170261309493,-4.2328498401651355,4.239030752130352,-2.883888663676721,0.5593491365099865,2.937632598028142,3.0958048409170518,1.9903945897028694,3.6804453855157133,-1.297544166575861,2.35615313611682,2.68981011691312,-0.5274161173162971,-0.9726658516213745,1.1064567861942607,-0.9419744586592012,-0.953540954153847,1.3403567555001632,2.613675150957347,-3.8557253295983687,4.658102147016352,1.0126416936076068,-0.16198795346447648,1.0255161123551846,0.9844986244209212,-0.9318590757396664,1.3555806425753767,0.7592977482257992,10.417035867951581,14.12615604877832,17.96938171750682,8.62968528099757,13.545678235763909,7.235078465048173,1.2242466197153319,1.7965562320149242,21.69791561203835,1.0516832967000915,1.8375988785250712
semiprime,243773,-0.7355321488633649,-0.001944844175666649,0.7355347200713416,-0.20712603579482314,-2.2453580677790215,2.2548911386682104,-1.9762647152289445,-0.8880259111399412,2.1666130811741313,-1.8231526962467435,1.2453119669611654,2.2078694818508766,-1.5884054045690141,1.5691195057797789,2.2327489228936224,-0.31043909640634026,-2.8913697002070573,2.9079874786272786,-0.36287881411603373,0.5064729700710797,0.6230536920257193,1.7885407876281243,-0.14583566852406696,1.794476578622104,0.6405793183195392,1.2238265620051423,1.381337510142996,1.2001258736958746,2.7721756217085165,3.020804493890541,-0.252481660895282,-3.007378212259244,3.017958034940189,0.9613918917742549,2.85230722949675,3.0099719103354943,0.5410113244304268,5.084534047244419,4.694212243514863,4.874687648888458,4.985167752682631,8.456391175853037,0.3881959031468798,3.220146191223292,1.9080933169280518,9.125259790309288,9.108070700660047,9.059930901008705
semiprime,245041,-2.9207307269381824,0.3487233692594319,2.9414751346133277,-1.0628035757075884,1.897108570238673,2.1745280793335042,-1.2689899997492002,-2.8101925350498784,3.083426292862137,-1.1008157873980324,-0.7479690749914432,1.3308843431824964,1.243306878433918,3.591875131277527,3.800970790817925,0.03952921328668724,-1.9279325930582587,1.9283377925247966,1.6539900125117701,-0.10646862238869614,1.6574132040749625,1.782982534696767,-0.1421713670546919,1.7886417798552923,-3.024681694323967,0.7103733542050124,3.106980794009352,-0.4634665726948892,0.20005051508260197,0.5047984474920276,-3.1538189087468385,-2.226949096007278,3.860812865884169,4.258255957693602,2.9785782246118866,5.196601970650162,8.652275967548494,4.728572367809859,9.50751770351354,1.7712531349283047,14.447378952651041,3.7184866420794056,2.7470185290420335,3.1992394166439078,9.653329654342985,0.25482147259036136,14.90587598537673,27.00467204136515
semiprime,249479,-3.7551072253465296,1.6406122987094536,4.0978578536262615,-0.15119260076169305,-0.23897700242462128,0.2827882780684909,-1.8607961552889916,0.9670628698858444,2.097086771178088,-0.4853494978890087,-0.8702800724690849,0.9964695377370593,1.9942166495511955,-0.8761055801696312,2.1781783749159667,1.3547052846799923,-0.04901943152229937,1.3555918681545225,-1.850132316092919,-1.0144506930149784,2.1099999515663312,-0.6504754094584986,3.0806411489001877,3.1485660460926126,2.1050117446645924,-1.7978822437978197,2.7682946027725,-0.386723277553204,2.340792232049416,2.372522532458729,-2.324540613510599,-1.799174045041597,2.9394755158380845,0.87127433470639,-2.736168986902416,2.8715396029316147,16.79243898852643,0.07996921021294212,4.397772925850139,0.9929515396379086,4.744461032951562,1.8376293130066683,4.452099795609921,9.913468146607268,7.663455007739353,5.628863167024382,8.640516308211573,8.245739691204655
semiprime,252649,-3.1550528819886297,-1.128436352498834,3.3507801016756726,1.8067543225740839,-0.7680194301836291,1.9632154816218528,-1.072235602597452,-1.3030013467027284,1.6874542058931983,0.196582754532988,-3.406891492289038,3.412558339371095,-1.3159580005609053,2.9538778390854334,3.2337501059111364,1.722380147329063,0.5624832520671975,1.8118997711709595,-2.6932026026823195,-3.411179162344509,4.3462033473720725,0.8116792095291607,1.22125183316871,1.466383026088279,0.31217232821548857,-2.1010201144432603,2.1240849991934527,-2.6385491557976835,0.740224549729829,2.7404149378485365,-3.078011791210634,2.3648809106502204,3.881599967589333,1.0322463900654693,0.3026088300555161,1.0756880188190072,11.227727289785632,3.8542150272797233,2.8475016969866442,11.645554419611205,10.457139747480285,3.282980780769375,18.88948353670821,2.1502791791998184,4.51173708379865,7.509874031583398,15.066818308389513,1.1571047138307609
semiprime,256453,-1.7341012866888887,-0.17831026056782018,1.7432446246926514,-0.5825801220048435,1.5442137086920984,1.6504531428270794,-2.494820582462655,-3.6811873117575806,4.446939370277528,1.3051130881059787,0.15031066833534446,1.313740259625525,-0.12193849935025558,-1.7911371560621858,1.7952830722341053,1.2673977721120022,0.5039800882844409,1.3639255999289916,-1.714976859744846,-0.6192066429936633,1.8233382835304521,-4.393398696130363,2.952130994505681,5.2931115151563795,0.6884500135339965,0.316632394176811,0.757772719340766,2.091893098120573,-1.3112096077148552,2.468863578517094,0.699553146506664,3.104804218479367,3.182637874448591,0.625520860982343,-1.015386277619959,1.1925961765421722,3.038901821519823,2.7239955766677837,19.7752697629243,1.7259134697609417,3.223041309450328,1.8602930421416597,3.3245624961877756,28.017029511881063,0.5742194941770993,6.095287369328231,10.129183839874646,1.422285640303008
semiprime,257087,-1.8046787510871534,2.4389658061763813,3.034043440414638,-2.2716192370539283,-0.6889313004025855,2.3737902802960225,-1.8935146583923117,-1.2284074855107685,2.257073927013788,0.7527849860273117,0.6917006984061305,1.022318488223542,-1.729112320511025,-2.604736828757824,3.126417016974925,3.165797599959572,3.4319415318111584,4.669100247550925,-0.08099433384477633,0.9118196115383191,0.9154097913507645,1.5928613482938472,-1.589252739527034,2.250095896841438,-1.3153478840094759,-0.8426202738094349,1.5620976223664425,-2.929952595941639,0.7943009096089926,3.0357101557083515,1.132486867092509,-2.3469244213469995,2.605874276255851,1.4191674280478015,1.9245648147643761,2.3912310459386497,9.205419598323093,5.634880294827869,5.094382712005443,1.0451350913636686,9.774483364030388,21.80049712168011,0.8379750861008503,5.062931544982675,2.4401489818028925,9.215536149470823,6.790580743651955,5.717985915060848
semiprime,260257,-2.9652491608516076,-2.7134040699912427,4.019361172248172,-2.035652813931031,3.6259705544978864,4.158310334853693,2.6089872963439786,-3.4906724609165454,4.357936316868964,-2.0241628686903583,-3.0591309737621724,3.668176336221567,-1.9848767192230579,3.970759725972319,4.439219344875567,2.6690985697040714,-0.9186061484976522,2.8227512166065947,-3.0061141569695637,1.0205076589468605,3.174611504846228,1.2706468425466644,2.6630143888569706,2.950625193706085,-0.3818953451142724,-2.186872414541043,2.2199673448275137,2.962455244009123,-0.4798701685497414,3.0010692180323177,1.2623202297171563,0.6257638008231057,1.408911883963562,-1.680348652517726,-0.24630670099463103,1.6983046207830315,16.1552642329762,17.291544840951037,18.991608941885435,13.455517633615878,19.706668391917457,7.96792443085401,10.078158206702032,8.706189033733072,4.928255012100521,9.006416451421106,1.9850326967737535,2.884238584972996
semiprime,260891,-2.1972929879171783,-2.8506429179997275,3.5992029007395514,-2.362419617025695,-0.4373135687118982,2.4025548077593086,-2.051634508535333,-1.2531971679446894,2.4041021813470422,0.6626131864181222,3.5252334216920946,3.5869662546823786,1.6497398734244673,-0.018165404815896236,1.6498398806850023,1.0859629113756752,0.3467530509911759,1.1399794398388163,-0.3508817993050376,-0.6751499098227136,0.7608846415963192,-1.236836495627076,-4.152615033028608,4.332894659399217,-0.4741230010462185,3.181956086558699,3.217085195780339,1.8513527079321037,1.6850495704644135,2.5033774993176396,-3.268502022470798,-1.3484360357970169,3.535729799282133,2.49891460849892,-0.30406566079316166,2.5173458536011477,12.954261520692,5.772269604287368,5.779707298357606,12.86632691223013,2.7219716318987026,1.2995531232552215,0.5789454378171591,18.773976129450254,10.349637156909022,6.266898904089839,12.501385213531671,6.337030146642891
semiprime,262159,-0.9149776992883769,-0.5090055649006173,1.047029538883621,0.08251481689106877,0.027916614946665308,0.08710931291570943,-2.354890064637508,2.18864417628985,3.214913769751208,0.34798333554019356,-3.9512587474033065,3.9665524187567245,0.304897217452646,-0.9356888538583974,0.9841117540428055,2.76101908540349,-1.529077329158611,3.1561533341251273,0.0915757417717652,-0.9353802242519429,0.9398522652005813,-0.5193480128714508,-0.011985051873827701,0.5194862846523891,-3.4215439136051935,-0.3860027406930512,3.4432485923254648,-1.2362891167395298,-0.6718393211402627,1.4070461448008078,-0.5936030438596918,2.3239378187836532,2.398551971346966,1.8262403853011802,-2.6303635702228707,3.2021815152268633,1.0962708552948481,0.007588032396646982,10.335670546935923,15.73353809074482,0.9684759444452072,9.961303868509157,0.8833222804026638,0.26986599994194305,11.855960868551294,1.979778853598816,5.753051559252416,10.25396645646061
semiprime,262793,-0.5611258019040587,0.24965317386028313,0.6141570424419032,1.0096289083256935,-2.1429060301186817,2.368838699963748,0.9559880332952841,3.353581062230515,3.4871792412715084,-1.3330892076634928,1.7664540150037693,2.213026575238494,-1.7358408071939413,1.6507603851666455,2.39544425047949,1.2997564280080063,2.337714529282402,2.6747478371925406,-2.8831075546691243,0.6252158778975384,2.9501193307670395,-1.7478124737305378,0.29468626140750576,1.7724808704159247,1.139296167740194,1.3310429894240636,1.752047715538147,0.8186302247471645,-1.2414338122574493,1.4870485382413237,-2.0961494323615297,-4.605247282512348,5.059856220870009,0.4496505045665783,0.7918740864517188,0.9106317285548107,0.3771888727809857,5.61139678644594,12.160419060754933,4.897486622711817,5.738153157155246,7.154275992566173,8.703204065765364,3.1416884359903943,3.0696711975224398,2.2113133550856574,25.602144975876932,0.8292501450507224
semiprime,265963,-1.5661646367747273,0.7211692387153444,1.7242264179489257,-0.9384049798973203,-0.3523500969851728,1.0023744296127826,-4.248276413363225,0.6948212471443033,4.3047217157235,0.17985190095404702,-2.000749909020218,2.008817290029433,-0.5044068517336578,2.1755990295916128,2.233306385079268,3.7917661571618773,-1.9238866685968627,4.2519208017321874,0.8790978431585336,-0.04172370138796677,0.8800874303746747,-0.21700916888314947,2.9485908982095816,2.9565657889490207,-2.5611189221267163,0.36741231249771644,2.5873387757791657,0.026984336054967473,-3.5344642471085,3.5345672533537376,-1.259608516156112,-0.6854604237483791,1.4340396112026714,3.010795725683259,0.5547065795373191,3.0614686493862022,2.9729567403529833,1.0047544971415512,18.53062904982147,4.035346904721195,4.987657409635827,18.078830504202887,0.774553885103498,8.741281264383746,6.694321940650432,12.493165668480584,2.0564696064983092,9.372590291174577
semiprime,270401,-2.6659424730392547,-0.22815696716717426,2.6756877379884187,4.008149521807129,1.5832820681878084,4.309529521491618,-1.4243492514227967,-0.6384661003681309,1.5609003015400982,-1.1603355738975911,4.558729910885359,4.704083018448237,-1.2867590768455468,1.0878412258676313,1.6849769893210989,-0.5826598209073397,0.7870159577007069,0.9792275448410007,-0.3690152574773241,2.6784904088167747,2.7037905115549368,-1.0649751782037387,-4.206319243133283,4.33904294808699,-0.678787929191156,0.042536534319899566,0.6801194083156029,-0.6737718326514996,-1.5183746349379503,1.6611532182485498,-2.224059400166787,-1.1171983912931023,2.488889804908635,1.3741692145044908,1.3002507340190546,1.8918226664803917,7.159304871221581,18.572044696607776,2.4364097513479694,22.12839704445308,2.8391474545415947,0.958886584575334,7.310483130374506,18.82729370534344,0.4625624095675658,2.759430014497514,6.1945724609781445,3.5789930014089792
semiprime,271669,-2.119425378224835,-1.608869815702383,2.6609069915616566,0.047648488694908564,-1.337319131001025,1.3381677161762071,2.319050336194265,0.2583312363415039,2.333394413611309,0.5882791482439105,-5.771963802848428,5.801865087853308,-3.2073770465090226,1.3673669049941872,3.4866832049020915,-1.3280524558558342,0.9401776957037711,1.627162384337705,0.43747670267055655,-3.8691670068816726,3.89382064205854,-1.8328975122660394,2.247090766508626,2.89981554644418,-1.8152517611558157,1.9831166647020528,2.6884736677524455,2.17458825982527,0.07956846595108913,2.1760434831463518,-2.38470092502701,-1.4348626618818017,2.78309708064365,2.441453913931414,1.8754597841705125,3.0786436324933626,7.080426017741706,1.790692836616246,5.444729489472464,33.661638497651076,12.15695977134632,2.6476574250035654,15.16183919252118,8.408930203399358,7.227890662198287,4.735165240543707,7.745629360287208,9.478046615891927
semiprime,272303,-0.6221267470478989,-0.37727896052578636,0.7275858048696513,-2.6154488221606873,-2.868828285720339,3.8821061647372326,0.8451728674864585,2.2105640922724583,2.366624343232284,0.17546993003716815,3.3000911035400007,3.304752787730288,-3.940269019933844,-2.9857297206129862,4.943713372961879,1.021988530726445,-0.3519693290171694,1.0808991467779008,-2.998238264946079,2.53847725316455,3.928523826861779,-0.15538149563483453,-1.4718958070404367,1.480074550814565,2.3113791218697086,-0.135560824203678,2.3153509846401183,3.202696019628164,0.5853891934519324,3.2557552583006584,-0.15920789181355077,-3.134410278094358,3.138451042192512,1.5998868315466188,-0.6295803998891163,1.7193049042217088,0.5293811034478183,15.070748274290825,5.600910781979641,10.921390988011108,24.440301914002116,1.1683429655051938,15.433299458220715,2.1906206759689364,5.360850182073966,10.599942301952387,9.849874944239264,2.956009353680819
semiprime,273571,-4.468164261046686,-2.2157284100233507,4.98737849482867,1.8104695805615285,0.10539573737512248,1.8135347704401708,-2.6679921953931527,-2.100955489103077,3.3959087623007664,1.7163470302018502,1.589944111996599,2.33960881502771,-2.5779997779516286,0.9253590914441302,2.7390458746134487,1.272994721324995,-0.8637486178128932,1.5383683678803934,-0.7723345821088626,-0.08444695816892012,0.7769375750118248,0.567872281913381,3.234063679246851,3.2835418087774046,1.0860655439147355,-0.8177314108794856,1.3594936653099068,1.8538209582986511,-1.7967587012155348,2.5816649619617698,-0.5436719949528127,-2.279919277102212,2.3438453763416742,-2.427207517065051,2.541819673135606,3.5145673391807835,24.87394425067949,3.2889083635954828,11.532196321871123,5.473769407355364,7.502372303236952,2.3665772352949856,0.6036319954652549,10.78164680998919,1.8482230260177648,6.664993975821066,5.493611148198244,12.352183581636293
semiprime,278009,-2.5763716179333063,2.784542260972164,3.7935954339955984,-1.7775611251563626,-3.270179216990469,3.7220687345753767,0.2576982728534355,1.7935181585802504,1.81193702566859,-0.5394274227688931,1.0257767903489445,1.1589650417737685,-2.705805833994766,-0.21419002742726645,2.7142701743064204,0.508420432489879,-1.3060827677494062,1.4015504030840793,4.268435428510841,-0.4921552201518973,4.296714764571799,0.8054488330186471,0.9611560643503507,1.2540210535108876,-3.315073695570265,-2.846056481309436,4.369181971704239,1.8533112505335874,2.8637505493558804,3.4111332135069827,-2.5423565932265735,2.097018929129625,3.2956130592426334,0.879430875441636,-0.9414614916229818,1.2883122311338242,14.391366316832253,13.853795664903545,3.2831157849887367,1.3431999680536728,7.367262579129406,1.9643435323851453,18.461757768089292,1.5725688026485563,19.089751101865343,11.635829800290475,10.86106543625059,1.659748404889012
semiprime,279277,-0.4275758178354976,2.6930300311932878,2.726762151143113,-0.5553126751518509,-0.05047654121097789,0.5576020520020785,0.16074098541510762,1.1123120816238625,1.123866465074312,-1.583175463314248,1.4852189894863912,2.170787874107293,-3.36821212358036,2.534936155102349,4.215537239768948,1.2683044526367615,0.3721226929338495,1.3217683167539518,-1.2677719981662068,-0.24676480356286445,1.291564441912116,-2.753588373940847,-0.9609032883594508,2.9164334490404893,0.3523489410636259,-6.567293557142772,6.576738891119034,3.809695707874941,-1.0525999413895466,3.9524357076635703,-3.069901851997825,2.2257967587781637,3.791895118840585,3.2964490245833735,-0.5089810152508581,3.3355116317534357,7.435231828906617,0.3109200483969286,1.2630758313186297,4.712319994371261,17.770754219878803,1.747071483174575,1.6681387076117555,8.505584062682205,43.25349444195763,15.621748023214028,14.378468592287055,11.125637845562467
semiprime,279911,-4.023710653692684,2.926298788304807,4.975286124744404,-0.9719407223127019,-0.06357121805830146,0.9740174882696679,0.5642525542699552,-0.5171644851479544,0.7654018877024785,0.5194192082249885,-0.17953840397122284,0.54957288176693,-2.3897362590120825,0.5981057054538325,2.463446736289115,0.7172611027248358,-1.8565232346027924,1.9902617943632597,1.4233780286229503,-0.4195523675499184,1.4839235834379405,2.4409420038878777,-0.015619605871861841,2.4409919783628458,-3.446193379889203,4.432446033285719,5.6145192714588195,1.2456471623261753,-2.3717689749040862,2.678978335733388,-2.0584973574465706,-1.3276055526510313,2.44947910259393,1.1990102446750512,0.9978546175431476,1.5599164735933484,24.75347202307419,0.9487100674551527,0.5858400496985176,0.302030352373608,6.068569822533491,3.961142010102062,2.2020292014832985,5.958441838431759,31.522826649582473,7.1769249233288335,5.999947874044365,2.4333394045879078
semiprime,281179,-3.5214229157359784,-2.56130758453288,4.354390415897056,1.0603941092726363,3.0574627848823606,3.2361264418932563,0.6653244532097684,-1.5738622009236076,1.708712631057364,-2.347783674542906,-2.3924288522741204,3.3519850828492443,-0.09604184879533917,-1.539876148748277,1.5428682996950365,-0.3999318814431262,0.5364044621370315,0.6690853882690585,0.3696489172992845,-0.2779221137714253,0.46247272717827403,-0.6676894365020505,1.9445096843317877,2.055949195888978,-2.505622924325269,1.7486502738749246,3.0554744343926625,0.8720205920680308,-0.3023484025582127,0.9229487903021393,-0.9795588778886893,1.6612121519947776,1.9285127454039985,3.563712170033796,-2.9080217919079945,4.5996342434000965,18.960715894056136,10.472514347920708,2.919698855534979,11.235803995643856,2.380442590203853,0.44767525679515674,0.2138810233837103,4.226927096076535,9.33592401922716,0.8518344695201823,3.7191614091856677,21.156635173058778
semiprime,287519,-4.432777327593308,2.324223116372726,5.005150140675764,2.839164237163082,0.310858366835282,2.8561313852512673,-0.9765401957298132,1.8688857441782267,2.108640481132008,-1.7989945092113946,-0.8455366916393994,1.9877911210892474,0.9786863284886014,1.0564432668876242,1.4401039218482445,-0.4209960921359541,-0.9680833302615631,1.055662372126649,-0.5707979144445643,2.326763559045416,2.3957543527740808,-2.390409195709162,-0.780426578023597,2.5145818273853298,-0.09637170256370309,-2.162118634622154,2.16426534769547,-0.44758461462007937,-0.6463348959664044,0.7861811400615686,1.1182723025573331,-1.7913213282781313,2.111720872608643,2.9214610273391703,-0.7390462756737677,3.0134903238352875,25.05152793070662,8.157486489817323,4.446364678668625,3.9513135410812468,2.0738993057226947,1.1144230439240634,5.739638918835955,6.323121766616544,4.684044495235394,0.6180807849885077,4.459365043811009,9.081123931848905
semiprime,288787,-2.5424186619861895,1.0583899508756751,2.7539211936673604,-1.635853291423997,1.787217729673335,2.4228419684992732,-1.4644226064933397,-2.3744203834632542,2.7896963504680095,0.2039375321220539,1.6393417506727923,1.6519781755540746,-1.5495466025130296,-0.08975497692886603,1.5521438816176722,4.40436127126686,-2.169937240565084,4.909890613427823,-0.4207326945304118,-0.0019406187566181066,0.4207371700337152,-1.2905579895765213,2.0542362703475887,2.425989814255485,-2.123727921159252,-1.871522975047791,2.8306922349918464,3.6042144592311964,2.0971402795863194,4.169935157816559,-1.837588387265471,1.1303938274397205,2.1574339586941553,-0.6902759388797479,-0.5575061669719698,0.8872958909000398,7.584081940930259,5.870163204321433,7.782405727814531,2.7290318925069688,2.4091506292431744,24.107025835826644,0.17701976624797935,5.885426578871364,8.012818529243134,17.38835922039461,4.654521286126735,0.7872939980080953
semiprime,291323,-2.6742114699296122,0.07768240641309071,2.6753395190459894,-0.23006408454713978,-2.4804354365478405,2.491081981364883,-0.41683956431438396,-1.5967471582045685,1.6502595885533193,3.8498724443682835,4.755663488196749,6.118647975727472,-2.2538713339776786,-4.497995680441088,5.031093432981841,2.362306925782512,-2.3160038353620007,3.3082272861778286,-2.0051698446464647,-0.9029554849740817,2.1990986139153255,-2.0891071815996654,2.2895908939416785,3.0994508026151912,0.9982629118382557,-2.9521798112054087,3.116391258946892,0.16546580774664588,0.8315012670614963,0.8478049838601587,-2.0697439148549295,-1.662670123494554,2.654865686365396,-1.8967772509113936,0.521858414518953,1.9672570102503686,7.157441542169226,6.205489437880791,2.7233567096121707,37.4378530508739,25.311901131393004,10.94436777701152,4.836034713724306,9.606595277831953,9.711894478840595,0.7187732906581239,7.048311812640406,3.8701001443792187
semiprime,294493,-1.1890878596919554,-3.2726370191379717,3.4819653928634997,-0.3333753304189455,-1.9264217718043872,1.9550549746270296,-1.787289647717867,3.794851859308679,4.194675782338606,0.15402225662774438,0.5895151121948653,0.6093036378053452,0.19659983317576235,3.8151553461420615,3.820217508153311,2.7837337304350847,0.870274679527851,2.9165993039478937,-0.6614015812469409,-2.266580867578587,2.361110095050473,-2.112999725738654,-0.5892245101193477,2.1936165034702424,-3.326473474036052,1.8173185186893612,3.790524023382094,0.15338147142525171,0.1849448221085912,0.2402716441891422,-0.2039792247820063,0.8957088429756,0.9186413095040722,-0.3745663557367878,-2.268633045113436,2.299346830782733,12.124082997099066,3.822239953813895,17.595304918937995,0.37125092304282736,14.594061809601092,8.506551499789339,5.574840880949253,4.811953364297012,14.368072371836778,0.05773046300135375,0.8439018555273565,5.286995848230599
semiprime,297029,-0.21353909239474766,1.043033830382901,1.0646682653784694,-1.4702478751663983,-2.805293950060206,3.167223225583524,-1.0031557560623072,1.4803698370490548,1.7882439222224649,-0.8538599451099674,2.1766726386378012,2.3381575185726144,-1.2152663336534624,0.3179110136475567,1.256160688092867,2.6497623908620636,2.6083914726536,3.718191334861488,0.6337553142307653,2.5278788638539496,2.606111538026581,-0.7090610354166119,-1.5081710740538377,1.6665375905027717,-4.004989155026516,-4.78783841679069,6.242061745703642,-0.6055000068878457,0.5678360158418876,0.8301011981851186,-2.9611574490813917,1.7481694758709523,3.4386843348317297,3.3453368489209634,-1.0799617462055249,3.5153372535242937,1.1335185153039988,10.031302960675703,3.197816325365585,5.466980581657646,1.5779396743099452,13.824946802639053,6.791817348635271,2.777347540558784,38.963334837176795,0.6890679992283696,11.824549954617135,12.357596006015724
semiprime,298297,-2.804808249717331,-0.6231385211877515,2.8731952481985026,0.9122514639173542,1.7520697622668406,1.9753357145733836,-3.2406394363554276,-1.243747593773475,3.4711168279790487,1.6654497496653575,-3.1628889764011987,3.574575435726686,-0.9533277323948487,-2.2648508584617346,2.4573121853822237,0.44858250061614113,3.4730588014771135,3.5019085793859146,-0.909560074236366,0.28340757793904603,0.9526906023878582,-2.6154077217693423,3.2573700799557335,4.177417550219456,1.0177823814932747,-3.379584667980648,3.5295146272721394,-0.3329847246856943,1.524583422135818,1.5605234499761194,3.156482112220371,0.9001986535132622,3.282337115616594,2.1329123791340483,0.8939322364335647,2.3126673043043566,8.255250934270455,3.90195118526914,12.048652033479334,12.777589545700629,6.038383176427961,12.263363698376674,0.9076193838781401,17.45081738888152,12.45747350412799,2.43523343792537,10.773736940554263,5.34843006039838
semiprime,300199,-3.4608384935257748,3.110406289031797,4.6531742242385805,0.14060466566521246,0.09031899772834395,0.16711431224607537,1.217463642587254,1.210520865685944,1.7168513294059193,-2.898121916441123,0.34439930387141493,2.918513581099715,0.08895619621460915,-1.2238643255631936,1.2270929435993114,0.36992911217744495,1.3742280310389474,1.4231479997981848,-1.034148471543482,-2.0203146624156783,2.2696110672023733,0.32238274124495436,1.267112304722119,1.3074801048699793,-2.4915001252895617,-0.22582285502883737,2.5017131802369503,2.7270780555132554,-5.162300122548112,5.838347135630273,0.3511562378805646,2.770795329634108,2.792958550019069,3.3932959168430896,0.5509640391629522,3.4377345086138837,21.652030361118314,0.027927193357478775,2.9475784872828728,8.517721523063482,1.505757092231223,2.0253502293295744,5.151134396367496,1.709504224630812,6.258568836171276,34.08629727612221,7.80061746212462,11.81801855171474
semiprime,302101,-4.99950939860202,0.25557909120165934,5.006037844300559,1.6352129354647311,2.814386162076406,3.2549486652785085,-1.3729793211117753,-0.5804165850704824,1.4906225640400832,-1.0149517310356428,-2.698326071693761,2.8828962183045252,0.9075297365250363,2.3277940566625848,2.4984465959693543,0.16504283398395592,-1.5166453151259547,1.5255989476081064,-0.2639151884343278,-1.3130873301090824,1.3393466926749493,1.2661259175972495,2.28208205758368,2.6097841590363062,0.9037765101992749,-1.4471034976327197,1.7061419968012133,-1.0152923139363077,4.006819954495423,4.1334519025241905,-3.2090148825000973,-3.0049305416236693,4.396292082663506,2.098810625102597,0.3294709398282889,2.124513389045805,25.06041489856939,10.594690813598344,2.221955628425432,8.311090605514533,6.242235392910854,2.327452148942962,1.7938495631793252,6.81097335675684,2.9109205132488314,17.08542463048085,19.327384076089828,4.513557140234891
semiprime,306539,1.0259912813417063,1.688940230976343,1.9761521229904389,4.269935930237273,-0.82696181212998,4.349277950080053,0.1924621971457653,0.40483530647657306,0.4482558674464354,-0.4989629651562277,0.7731420119604759,0.9201698817369472,-2.1894051171051387,-2.0438591779769286,2.995138578798432,-0.0970559602722986,2.19582006932929,2.1979639752037943,-2.5876853788412864,0.8295622576601315,2.7174048574334937,-1.503540102087383,3.90086804777606,4.180598565366585,-2.793103862389272,1.4532228417735331,3.1485370910863053,-2.062015823880129,3.2639112810412607,3.8607027998073686,-3.7973241702462923,-0.71861057931379,3.864721467148492,0.015177268089563323,-2.1373744982416425,2.1374283836424497,3.9051772131996185,18.916218687052545,0.2009333227001563,0.8467126112557875,8.970855106206692,4.831045636293665,7.3842891592031465,17.47740436474515,9.913285813946214,14.905026108440454,14.936072018638393,4.568600095200375
semiprime,307807,0.6464633865582963,0.12284205277656102,0.6580312151340395,-2.529482528206317,1.824530194868621,3.118844704772642,0.2912891252271913,-0.5395426024114458,0.6131521624299614,4.179523344540817,-2.2980514669706924,4.769638972963028,-0.9895877861144851,0.8497324733290595,1.30435013039325,-0.6560850949009194,1.3316170186259606,1.4844701196202774,-3.7344588631065743,-0.5012167075987873,3.767943893984014,-1.4787474328532837,-0.2539385438527221,1.500392866626677,-1.6724059372276026,-1.3183042716343092,2.129522897618948,0.250056675141756,-1.4829839600769978,1.5039181382736908,-2.7962546994824824,1.5835842119820893,3.213530659697648,-1.458419872697618,1.2792421523283002,1.9399610844996038,0.4330050800907806,9.72719229248835,0.3759555742925378,22.74945593240781,1.7013292626568886,2.2036515360454407,14.197401188211416,2.2511787542242176,4.534867771483401,2.2617697666286043,10.326779300816801,3.763449009372879
semiprime,309709,-4.196013696878813,-2.1223779847528887,4.702235559237578,-0.0013468209988699575,0.37176502332359124,0.37176746293024804,-2.17308802966798,-0.3928233475923337,2.2083074439714934,0.6890452080426808,0.7065952243133599,0.9869448362239039,2.466043667115879,2.2911096772921873,3.366088965179655,0.526419445527978,-1.654976363138435,1.7366819499197041,-2.853578992837743,-2.017529043825627,3.4947584338613185,0.6313897088101206,-0.00906508331702982,0.6314547807459165,-0.6180599294414684,2.9406494186973227,3.0048988468942004,2.6509207118465006,-0.9036170278098621,2.800697119190986,-2.7311562218231793,0.9914929738188218,2.90555891785652,1.990545700073566,-3.7076348061417934,4.208185837126903,22.111019254558336,0.13821104649359334,4.87662176709991,0.9740601097490286,11.33055492150424,3.016064195176906,12.213336511044815,0.39873514012687356,9.029417080066095,7.843904353444688,8.442272625135553,17.708828039795456
semiprime,311611,-6.431529534368727,-1.23182219530385,6.548431726169283,1.5481210478814775,-0.1817063255652885,1.5587482053378867,1.2641037269910504,2.58824042287075,2.8804421048121798,-1.5490448076487846,-3.026827961443995,3.40018048407476,1.3288407031738823,1.9293883559142266,2.342724277918565,-0.8287330830687032,-1.491995528430082,1.7067071160067033,-0.7103390952389184,1.4861443975602397,1.6471814716735171,1.921270428436224,-0.3598632711920964,1.9546819774931645,-1.011816020898244,-1.075809785239295,1.476867751074203,-0.5642902142094448,0.9105871904299919,1.0712574280852045,-0.0006846174426949903,-0.009577611389277041,0.00960204879006827,2.0422558662788868,0.6812968853275267,2.1528990847941563,42.881958072300414,2.429695967644083,8.296946719174821,11.56122732428287,5.488357042349062,2.912849179827919,2.713206800624534,3.8207816331365883,2.181138354162974,1.147592477227727,9.219934096685152e-05,4.634974469307515
semiprime,314147,-0.9929312980823365,1.6566299421661315,1.9314076027583702,2.0313027729983277,1.6027838437495927,2.587490484113017,-0.27166561578185194,0.06741099931863992,0.2799043579997826,-2.2515624430666348,0.08539453481798809,2.2531812314159225,-1.620316352572615,-0.020899008820874643,1.6204511257621805,-1.7604249967864223,-0.1105648487397711,1.7638936348565135,-3.7476866944339986,-0.20216018533706082,3.7531352627067873,-2.667234276741948,-1.5257668989252267,3.0728005657515496,1.8879967781629994,-2.987488431472941,3.5340655006010455,2.1843348098057285,0.7654793677228448,2.314579275751512,1.1792054400924878,1.551117852402519,1.9484588940969532,5.542185254479948,0.4100798233903946,5.557335949582935,3.7303353279928344,6.695107005375416,0.07834644962727046,5.076825661604973,2.6258618509839184,3.1113207550873234,14.086024300173145,9.442103316883044,12.489618962538518,5.357277223738394,3.796492061985522,30.883982856526863
semiprime,316049,-3.9578312277779877,1.0576270414042093,4.0967063583181105,-1.6046254114186307,-3.753280364634036,4.081903502842493,0.7985743810119691,1.8045058767410413,1.9733125705781138,-0.7091319153684088,1.403915911216036,1.5728470870239168,1.3760406407947958,0.5942544092555267,1.49887496077511,0.8643362852977585,-1.7364582496092087,1.939681537448404,-2.176981511330377,-0.5746754621398119,2.251555104246818,1.4597457927542763,0.9912359971075163,1.764484792064115,-0.28733156927299763,-0.8311693108566124,0.8794326887321959,-1.307685713142885,2.057863562353257,2.4382051524880453,-0.32080196922549864,-2.1547086642911433,2.178458934988282,4.144204855617925,1.1190903189350294,4.292644526077287,16.783002986284036,16.66193620651781,3.8939625012016035,2.4738479591596207,2.2466261480385876,3.7623644667182043,5.069500387459899,3.1134065814255427,0.7734018540107395,5.944844365619252,4.745683331430279,18.426797027261294
semiprime,319853,0.3933588812301686,-0.214077549763807,0.4478397110077724,-0.4873114166400835,-1.4757376136973879,1.554115157016695,-3.254817829712478,0.9424197046001953,3.388509112313698,0.29850295706723795,-1.7754857624031313,1.8004037624583307,-1.6522373053107038,-2.5149968912779013,3.0091689012413187,3.1324155603477504,-1.5452948712925554,3.492844611767289,-0.07782058890434018,2.591184058702927,2.592352381551087,-0.39149066614519445,-1.5603689083806,1.608731199398978,-1.681445567865871,0.8883237659687527,1.9016777621039505,-1.5207670104571915,-0.1467925815909784,1.527835188135503,-1.0707086711819347,-2.0699378501497625,2.3304634221602374,-1.0002785399411334,-0.9840296264768076,1.4031648025983445,0.2005604067555251,2.4152739212690264,11.481994004232964,3.241453707874113,9.055097476197886,12.199963481951784,6.720290870133593,2.588016071919674,3.6163783108806893,2.334280362105048,5.431059762026805,1.9688714632508513
semiprime,321121,-0.808686827144473,-2.4286580574212326,2.5597566963041762,-0.8225407645327909,2.9010987732954945,3.0154514424435375,2.1108487406502006,1.1778653104484131,2.4172399747361193,0.008670575675767733,1.2217414867267737,1.22177225343838,-3.865435258433447,3.0854237572341026,4.945849724652485,1.546877032584653,1.255028031041769,1.9919648371993117,1.1089541337905795,-0.8044124521209023,1.369984913777658,-1.788654899247146,-1.6706935035770245,2.4475504349237203,-3.4318538473102804,0.46186919416231953,3.4627942447992086,2.9859865370355263,-0.5764510941196479,3.04112010010607,-2.415034872732657,0.9617713291811625,2.5994994760818364,0.7101782359373777,2.2871263830954054,2.394848683956921,6.552354344274071,9.092947401734811,5.843049095462274,1.4927274392718968,24.461429498845057,3.9679239126384807,1.8768586639783773,5.990503131495292,11.990943981814521,9.248411463269152,6.757397526149742,5.735300219050196
semiprime,323023,-5.437302561406669,-3.0357937845586305,6.227383322603831,0.5370933619379097,2.2580105480446178,2.3210085985447195,0.01122436684632322,-1.2593584535391613,1.2594084726218293,1.054953418336255,0.9100142847738546,1.3932166785363358,-2.2884944058039873,1.1966076452065775,2.582455517905967,3.6389437226337815,-1.6029316955018498,3.9763427212628737,-1.4935976474467325,-1.4415256318219027,2.0757721646794356,-2.5346414619335755,2.062845480932321,3.2679869673478916,1.9292308089125891,0.7553145763556103,2.0718184339639363,1.1103100393254248,-1.9512764336495612,2.2450541427642623,-0.6453511836692274,1.972712221712064,2.0755894728860573,-0.7451592152409213,-2.5316374991785437,2.639024570424735,38.780303046644335,5.387080914518523,1.586109700911649,1.9410527133518196,6.669076501962976,15.811301436940235,4.30883007965795,10.67973881875567,4.292431623312777,5.040268103942976,4.308071659955421,6.964450683305457
semiprime,323657,-2.0199794060473373,0.6602168239870507,2.125136008713537,-0.4876546523344236,-0.69515932383113,0.8491487181011119,-3.2414322419199815,-0.7533804274456812,3.3278318838872605,-2.147341147659378,0.786251373766575,2.28675867270268,1.1465000882211265,-0.5738130684197928,1.2820779577624712,4.7737598755205415,1.4702569276899728,4.995041419502971,-1.7872549616382865,-0.5548346330865337,1.8713956738148512,1.1961552585072073,0.5266037884895169,1.3069425972497628,-2.616988432923672,-2.554786347928236,3.6572615085083524,0.22256531749486186,2.4604730155263175,2.470518727045954,-0.389880775263909,-0.6937032294980817,0.7957582481736869,0.13495383164502867,-0.7900937846495552,0.8015364777834708,4.516203055530902,0.7210535454527617,11.074465047416632,5.229265227180923,1.643723889780389,24.95043878255025,3.5021217679729406,1.7080989525059558,13.375561741616789,6.103462780684761,0.6332311895364551,0.6424607252175324
semiprime,326827,-1.2067602757173865,0.015521857825353202,1.206860095918269,-4.402314957284381,-1.070596475208995,4.53062399630114,-1.3092356028806935,-0.46087210248889343,1.3879844951233808,1.5643124490722942,0.028066728461444423,1.5645642139487557,0.4807453634452199,1.934508564103528,1.9933488126928438,2.8239995821952237,1.7333626653034993,3.313535841017394,-1.8000235884054225,-2.8514876492915997,3.3721012340792007,-0.22816935333166943,-1.9616673739824613,1.9748924375638888,-2.835112683376774,0.6386569391683095,2.9061566739237725,1.2489005979886323,1.3546104171444113,1.8424771602091896,2.194273854459217,3.5651228236871644,4.1862797919320265,0.9821905502652187,-1.6781935252139386,1.9444875379133393,1.4565112911198532,20.52655379585971,1.9265009587029065,2.4478611795690877,3.97343948906397,10.979519769706847,11.371066732878468,3.9002001399470383,8.445746613391684,3.3947220858925196,17.52493849633845,3.78103178510028
semiprime,327461,-0.6089346856008502,-1.796774538001781,1.8971558164102702,1.3683687477617315,-3.5971289484317284,3.848606202444797,-0.7518204033240212,-5.275507000320934,5.328809250600876,-3.5771421777187435,2.331976734324946,4.27013602231208,-3.3623686799420067,-1.284796889001777,3.599475820983327,-0.25923123695067185,1.076333795289698,1.107111228871653,-0.04487516170419947,4.603759824010522,4.6039785291974775,-0.5024987177147713,-1.114945093389014,1.2229503352864441,1.1642534728939973,1.3968020151068528,1.8183899522798452,2.823030438566464,1.3438931245313386,3.1265875307170545,-2.1832498215008154,-0.07130078294470787,2.1844137851450838,4.700010714554947,-1.3140611177086066,4.880251769940244,3.599200191739319,14.811769701496562,28.39620802928947,18.234061649047234,12.956226185843596,1.2256952730937014,21.196618297311367,1.495607522577226,3.306542018552298,9.775549587235368,4.771663584731872,23.816857338004887
semiprime,329363,-1.466564308926566,1.7818623036149144,2.3077790494891635,0.1678487625966899,0.29327856555231524,0.3379134861435152,-2.3322515302858458,3.7067771434118657,4.379451334521403,0.20255492934241087,-1.7424375180517115,1.754171315383739,-0.3353912135532363,0.4065325978074409,0.5270256342994893,3.139897927599584,-0.8086633021674023,3.242359531578269,-0.1831578479224785,2.4846172442021697,2.4913589960987914,-4.6770521495093345,0.9720003041330797,4.776986644367418,-0.8853611430756235,1.5963715107550553,1.8254496306440648,-0.5944911822183555,-0.9055507380239305,1.0832552353305582,-0.9928092650577581,-5.769318160824524,5.8541184031076945,1.8702718706975943,0.35434062387536847,1.9035425259371184,5.325844141261107,0.11418552411766363,19.179593991441298,3.0771170037151174,0.27775601920877907,10.512895332016452,6.206869647442378,22.819601400464684,3.332266354018553,1.1734419048710631,34.27070227760418,3.623474148051065
semiprime,332533,-1.691022675143566,-3.283156132026902,3.6930572531597106,-1.4695160739092643,-2.8779666882881716,3.23143462727843,-0.23249537400620418,0.18714169444563966,0.29845621577422365,-2.812891009930318,1.7142564402000064,3.294090310922577,0.329783169185095,-0.4530053601391797,0.5603309691535824,2.084458084544553,0.669733964595853,2.1894083880255018,-4.150815574681464,1.1055822253362662,4.295530466892035,3.3990307441637726,0.16548944467625926,3.403056972204519,1.2305068992394448,1.8572562836064352,2.2279021818902778,0.40682905767295574,-2.9795399969275085,3.007186139143675,-1.111816227781537,-1.8649547531335497,2.1712189101041344,0.10894741979876726,3.07701171374888,3.0789398543701094,13.638671875115547,10.442169750374084,0.08907611273426995,10.851030976514002,0.3139707949925929,4.793509089556426,18.451581991997703,11.580796756069788,4.963548132071461,9.043168475457843,4.714191555593785,9.47987062682863
semiprime,333167,-2.913645515330093,1.727308266442999,3.38717050594231,-0.3014160748256046,-0.9352289696366646,0.9826010766383945,-1.836455388884437,1.2640563144142238,2.2294409078002406,-1.7239388729040006,-0.8899759248507445,1.9401088588848447,0.20789202393243533,-1.828689348668232,1.8404683717867492,2.858496250665792,3.4903969238170873,4.511526515588951,0.9624957014200957,-2.409581902577391,2.594702857839533,-0.7283855378581526,0.11533363310909034,0.7374600590452697,-1.2645713788194581,-0.7175580243007479,1.4539705259625237,1.0300553585762209,1.6385040993763682,1.9353836119500318,-2.613647960543318,0.6397213296708906,2.690798959656432,0.40539076656904116,-0.26205693545854836,0.48271680211212925,11.472924036325484,0.9655048758109319,4.970406761373161,3.7640223843234546,3.3873238275473674,20.35387150086218,6.73248292048064,0.5438473386870526,2.114030290367738,3.7457097254047516,7.240399041288137,0.23301551104136056
semiprime,336337,-4.492970262627939,-0.5347414774096234,4.52468012444208,1.6696709749963272,3.591545559375997,3.960681844053954,-2.554191129403733,0.16435816308670004,2.559473760619153,0.6233328052389214,-2.6903264829421816,2.7615938099052637,-1.14394283585948,0.3940994823660712,1.209925457916906,0.695633037567775,-0.41634538167283475,0.8107088255323659,1.9596435745337364,1.0679745709426385,2.231764464138515,-2.5364504039223874,-3.1103537714616167,4.013462499538714,2.444740964288784,3.8497023611440495,4.560369135483412,0.4125534486322343,-2.4517062086818533,2.4861745074848423,-1.0302724275959645,3.3951238285296217,3.5480032533967774,-1.0703291430454869,-0.6909803788559896,1.2739930762827767,20.472730228521193,15.687000669818628,6.55090593129795,7.62640037090707,1.4639196137154349,0.6572487997960681,4.980772623391472,16.107881235203543,20.79696665186972,6.1810636816674975,12.588327086114116,1.6230583584164529
semiprime,336971,-2.145568831695078,-0.9758624121799984,2.357068742961721,0.057878809387781005,1.462259549337844,1.4634045736589254,-1.3599787238344274,-1.26396384164494,1.8566493266818462,-0.11991784091498536,2.7855964956371273,2.788176487433239,-0.43274048042824,0.5703539099999568,0.715938479237918,0.620797413281492,0.7767251366126238,0.9943296064097109,-4.116433803734143,1.6055760641624603,4.418472785741309,2.4415015718905604,-2.075968102937499,3.204773547375539,0.09088920544894474,-4.252057252266025,4.253028535551489,-0.1604418657128709,1.2816348490519012,1.2916382924711223,-3.022364054839449,-1.6547909415888427,3.445724530537815,1.5854229925456031,1.885360355763108,2.4633614709123486,5.555773059047147,2.141552946205861,3.447146722268153,7.773928125075555,0.5125679060535027,0.9886913661828907,19.522901758336562,10.270573489957997,18.088251724215244,1.6683294785777163,11.873017540350045,6.0681497363754495
semiprime,338873,-0.8481281891839849,-0.104401307799566,0.8545297293592338,0.32256500960462997,-3.027238116308992,3.044374943770108,-0.7068159222079013,0.21262581500186795,0.7381046572755211,0.8959135315249347,-2.2403107830045013,2.4128102827233895,-1.8106522058964352,-3.6715767957076966,4.093768139196067,2.282211769803978,-0.2342563765643434,2.2942028271695727,-4.72864485912526,1.321967594756483,4.909957283451455,-1.816632470368959,-1.7046470540151728,2.4911794618536485,-3.320965631023133,3.605990690334295,4.902242505345332,1.610984947786002,0.362508513535969,1.6512676719354515,1.2755117349215315,0.34445592902141486,1.3212040239722787,0.3695060217344886,0.7927904430076259,0.8746721595102225,0.7302210583587653,9.26821879825525,0.5447984850918145,5.821653460415723,16.75893757749683,5.26336661219286,24.10768052531799,6.205975111161433,24.031981581214477,2.7266849243791262,1.7455800729605415,0.7650513866222761
semiprime,344579,-3.349139736407603,2.3256278115092153,4.077411150675086,0.32591518868926694,-4.938246986817899,4.948990201347586,-1.823953472881893,-0.2543450025506685,1.841601925379211,1.5626751693036267,0.347062944420663,1.6007518146633657,-2.838195774066718,2.9483881351539614,4.092474538399332,0.7814977674005952,-2.4783328219711382,2.5986289340557147,-0.10893846145627267,0.9883812374835134,0.9943666622498468,0.7660341218938592,0.20422647716858044,0.7927904703529077,-1.3353765704424034,2.6944679873480406,3.0072226920748513,1.6868370276136098,-1.5869097982734386,2.31596672376452,1.8751684902545052,0.2954753518341202,1.898305178411748,0.8498604834153719,-2.7298861928284976,2.85911550432414,16.62528169164953,24.49250401303442,3.3914976515604174,2.5624063721480583,16.74834784744683,6.75287233691154,0.988765058993901,0.6285167298823847,9.043388319729916,5.363701865584564,3.6035625503848583,8.17454146706668
semiprime,345847,-2.0286260279012382,-1.8196159562586516,2.725128582168086,-1.6860916626589377,1.5861349105300038,2.314892880737682,-2.703915634572084,-0.1564277197107743,2.7084367059943024,-0.23765892316692383,-2.7282135605887783,2.7385454160815663,1.4861452902849601,1.7415722458087224,2.2894762962755055,2.5005613399353868,1.2850907269631224,2.8114525056109456,-0.16770218475132448,0.6674952490181703,0.6882397331106338,-3.2820063443181726,-0.3710601058436789,3.3029155675393,0.9220689305994477,-0.6325707229061862,1.1181935575985333,2.851371275254815,-3.1452027736261092,4.245305482126538,-3.0216751329828857,-0.12326489556438058,3.0241882950249046,1.1788391366823878,4.912281746664441,5.051749565129563,7.426325789349442,5.3587290492900035,7.335629390377267,7.499630995941359,5.241701711207407,7.904265191306064,0.47367393023219645,10.909251246293456,1.2503568322548646,18.022618636573636,9.145714843765639,25.520173668786725
semiprime,346481,-4.3708927413919545,0.8200690816165139,4.447158267408101,-0.6014365321527612,0.8032319291813985,1.0034477735609415,1.3955040999966404,-0.23149762185984163,1.4145751454179432,-1.0989226451190341,1.9628206658522385,2.249510156956852,-2.363186094274572,-3.54102807029441,4.257173746840228,3.3400408764496694,-0.7498808916309747,3.423184834038025,-1.5951164961847262,2.194780296567348,2.7132005430120523,2.9977624145428683,-0.16773979371185632,3.002451686945251,-1.6197389143694276,-1.013322391889825,1.910595828695323,-0.6271722344514896,2.9074402567635564,2.9743156958057106,-1.4985895971960905,-0.9343321498080388,1.765997550108508,1.6480045436518171,-1.0383699495848784,1.9478529534074014,19.777216655376222,1.0069074342644104,2.001022842034195,5.06029594625204,18.123528310785662,11.71819440798794,7.361457186600895,9.014716132440384,3.6503764206279685,8.84655385831621,3.118747346989252,3.7941311280979364
semiprime,347749,-4.564687408364036,-5.156024178929261,6.886287568042765,-2.0072525573494056,2.5392312750082096,3.2367820898178405,1.9693079849352932,2.8465942163954763,3.4613974883486125,1.8733580261003813,-2.7357361018828183,3.3156782583808875,-2.4084339210276227,-1.180454316369079,2.682168217131595,0.2894714071211324,2.7032244025123164,2.718679066362699,-0.028748036905569374,-1.7260213206828554,1.7262607129508893,1.414921043793839,1.4675322782336526,2.0385417699493678,-1.8323430099576636,-1.8504181370210877,2.6041367452492397,1.191251441729882,1.4167095070231137,1.850985095756634,-0.28115138300690345,-0.40798119777266717,0.4954742757224785,-0.715624246771627,-0.8992602416776742,1.1492549955643645,47.42095646978034,10.476758296965548,11.981272572346082,10.993722313099715,7.194026344990878,7.391215865878758,2.9799760490777127,4.155652547828301,6.781528187957304,3.426145824713196,0.24549475790271463,1.3207870448296475
semiprime,349651,-3.191783235372319,-0.7011941421361818,3.267897404535504,3.1327960663422845,-0.19350709127854232,3.138766666648665,1.3187935679403648,-3.1626844205339615,3.426629425357974,0.6802476936647032,-1.499819193529195,1.6468741718828164,-0.3934034550785358,-0.8299654965551091,0.9184819018030232,-0.8433803748867075,-2.6074873195770554,2.740489113005045,-1.2911265323899737,-1.943545705971409,2.333319016731587,-0.10524876953036633,-1.1146793609963366,1.1196371650310906,-3.957225719417404,2.439911022386667,4.648957000401546,-0.14677880820584832,-4.522312043716394,4.524693386217533,-2.758836343350653,3.877127781895169,4.758497431599155,0.3756368490279537,0.6781427830812842,0.7752294348080956,10.679153446569883,9.851856187664772,11.741789218729119,2.712194538014712,0.8436090039396984,7.510280578499178,5.444377633841261,1.2535873813188576,21.612801191582538,20.47285023928068,22.643297806535752,0.6009806765928793
semiprime,351553,-1.0152306746499349,1.2684317557654414,1.6246884137533457,-2.8135542575554475,-0.36161388557461305,2.8366974041037145,-2.5791335057818143,0.5657773436954486,2.6404608770601903,0.9466379458609802,0.08469951671116571,0.9504195961126859,0.6575365990314802,2.528685963722706,2.6127776564786593,1.6813888182859793,-1.8962358483711685,2.53432017529456,-2.49930468393836,-3.1686844307106106,4.035726071549462,-1.723545576523755,-0.7405270531990067,1.87589703098923,3.6054397628161805,0.6439761969926766,3.662499314073539,2.7910407436332267,4.573765734457266,5.358100542759172,-3.420181341186621,0.4582334887996654,3.4507417082213827,0.9699815614475951,-2.7823506866649605,2.9465809972124117,2.6396124417843625,8.046852162448753,6.972033643285469,0.903297408675001,6.826607082194116,6.4227787509050485,16.28708492458405,3.518989670874208,13.413901225589145,28.709241426316137,11.907618336858626,8.68233957313329
semiprime,354089,-5.254789151422715,0.8170069675561799,5.317923411534356,2.1796252211811327,0.9069236251294583,2.3607788051037013,0.5129885447069524,0.019856272526229568,0.5133726897286149,-1.7935195353748041,3.1701395100352245,3.6423202545709006,-1.4237947600488994,-4.446576648823988,4.668965132940004,0.0017801010710559728,3.403533976484095,3.4035344419943008,0.6898615962995471,-2.900278720105983,2.9811953435406675,-1.7157538570361641,-1.7009151352539633,2.4159725982035645,3.02223802259397,1.7361620590037687,3.485424129189576,0.5896059379842502,-0.967913065222019,1.1333538123347766,-0.7906355881066734,1.1761200247472783,1.417167225768478,1.8315539626202777,-0.06636973129976054,1.8327560828497729,28.280309410945208,5.57327656662686,0.26355151855919273,13.26649683685743,21.79923541260947,11.584046697841456,8.887525676348558,5.836923595270482,12.148181360336913,1.284490863933772,2.0083629457923244,3.3589948592228436
semiprime,355991,-2.916764967124358,-0.3828851616460638,2.941788388115755,3.878310251574644,-0.3923861420719843,3.8981094509978957,-2.09828444966926,-0.8768618125168107,2.2741337405645465,0.03128087664509471,2.704172483969047,2.704353400777903,-1.1932688974312526,-1.8012433631691884,2.1606407186151624,0.45801806283477464,-0.6010994806104568,0.7557123338103465,-1.4727956079601987,-2.6080101699009735,2.9951367162675155,-2.1517882812909006,-1.5493045412255881,2.6515160510476035,-1.0133516782279852,-2.688589768153209,2.873220591111236,0.041955143864369646,4.087524159395606,4.08773947160768,-0.22539789356154794,-2.7930936885851745,2.8021735427407632,2.3773217081802835,3.527001668424134,4.253398555655448,8.654118920452692,15.195257291959116,5.171684269974096,7.31352731629901,4.668368314937846,0.5711011314730806,8.970843949133755,7.030537368963078,8.255396565185599,16.709613987739434,7.85217656363632,18.09139927325185
semiprime,357893,-1.9906335200825453,-0.614372075519073,2.083284632126354,-2.5013898695002803,-0.9522118391689338,2.676501198559812,1.2172760192763774,2.495385141772717,2.7764559987302855,-0.08192180302274699,2.8368382613365495,2.838020877793797,-1.0544649887360418,-0.09728073853112545,1.0589428476359155,1.1663092543325961,-2.037617146953952,2.347799163962416,-3.4527152197347766,-1.5319677351459307,3.7773227993006264,-0.14403804305009338,0.8775469274452353,0.889289361071116,-1.3152466431570475,0.19981285187178055,1.3303378924577831,4.4408596966639635,-0.9668473810037046,4.544890395114944,1.2065336986470596,-2.2238458376207424,2.5300620299656797,-2.119774460132595,-0.9546328665156393,2.3248156210035886,4.340074858453837,7.163658665892111,7.708707912885387,8.054362502793474,1.1213599545592619,5.512160914302619,14.26816753011632,0.7908355677142738,1.7697989081090162,20.656028703608072,6.401213875474056,5.404767671662301
semiprime,364867,-1.5729797226322564,2.623363407544268,3.058807083791739,-0.4811642545641184,2.630522558074925,2.67416678021609,-0.22348241192887563,0.44217122651344964,0.4954389790861798,-0.9647116012430219,-3.1597141443264287,3.303704276630911,1.9009831093324687,1.872829388100902,2.6685626653503456,3.297106323511263,1.8107665156230501,3.7616200609098738,-3.6872679575938285,1.7588206076094297,4.085265587553613,-0.7808330401821699,1.2515068571634962,1.475116825938672,0.5008487842578254,-1.1475482594118742,1.2520848662817405,-1.4593673771206372,1.454200703183469,2.0602069863349324,-1.4214812800926109,0.28538209731711783,1.449845499052518,-0.15710206970609575,0.48585623143065504,0.5106244588011205,9.356300775854523,7.15116796841129,0.2454597819979561,10.91446194742937,7.12122669890174,14.149785482639603,16.689394920849765,2.1759696501673824,1.567716512371764,4.244452826543264,2.102051971122845,0.26073733792593723
semiprime,365501,-1.6163020694625825,-0.5045940247244237,1.6932358103750993,-1.7419539071399044,0.5421284174769969,1.8243647211114593,-2.0513952990671904,2.838940476601543,3.5025427481647626,-1.2129881591776233,0.4566160004839773,1.2960858174531122,0.6096268060901937,-3.0073806841026642,3.0685474449350685,1.227505011398177,-1.9366548548774856,2.2929022176988214,1.3007602390940827,0.9113162554471079,1.588229995010242,0.8017427853387,-0.02255161587269311,0.8020598912931168,-2.172462274116823,1.714702361987177,2.7676337407007527,1.708955481661305,2.7624818116498786,3.2483587545092085,-3.639232756604034,-2.77825939523432,4.5785085261411895,2.7484012570250034,-0.7736058128018988,2.8552014680609674,2.867047509536619,3.3283066356360926,12.267805702721567,1.6798384462031022,9.415983421817538,5.257400579928174,2.5224745170502336,0.6433000692211264,7.659796522665242,10.551834597996617,20.962740323947568,8.152175423217503
semiprime,368671,-1.6615110662394903,-4.4592239270922,4.7587074983852355,-0.6497803056085627,2.4265940076335824,2.5120853734377673,-1.145044797554941,-1.0311950512379526,1.5409382927636264,-1.6192208864119177,-0.9630839650259198,1.8839869964207938,-2.766114353001748,-0.7789833545917737,2.8737090459218955,0.6843435963249055,2.213402042931776,2.316781120754713,3.3485367241391772,0.5264948135849971,3.389674760451308,0.9220860651977391,-1.3025578976092365,1.5959009330957994,-1.5419396402489824,2.260158595912407,2.7360363178963665,0.7873836253883464,0.016567745473599294,0.7875579113435238,-1.7219182186815618,-0.0744439118154736,1.7235266890401995,1.6501495367727952,-1.9826280347463499,2.5794975126705673,22.645297055187868,6.310572923439967,2.3744908221052796,3.5494070026826443,8.258203680613331,5.3674747614854645,11.489894981640631,2.5468997882560434,7.485894732847907,0.6202474637197737,2.9705442478338724,6.653807417873644
semiprime,371207,-1.3424055909405255,2.2121596889106154,2.5876057002235666,-0.5954506942912225,-2.741744317681716,2.8056591797422357,1.3683812833042024,-2.646722923790932,2.9795317705669255,1.401467181366987,-2.0294113136112903,2.4662969286487444,-4.584573566385792,-0.5659152270554764,4.619369527307443,1.7080658958573198,-1.8843145691555665,2.5432519537243645,-1.7059801739351577,2.321682032834457,2.881071990673987,-4.4615544949601915,-0.07221065937878257,4.462138824692415,0.1372694110501867,0.16299177170621038,0.2130943660775538,2.428737019508933,0.6872861854116884,2.5241089141696893,-0.9420826043715743,2.4332046613760157,2.609215314534525,-0.08934393851788813,2.0298144435211167,2.031779765249381,6.695703259829495,7.871723432871875,8.877609571817677,6.08262054026223,21.33857482981659,6.468130500122797,8.30057581544617,19.91068289082741,0.045409208853994514,6.371125810590888,6.8080045576015,4.12812901447683
semiprime,374377,-4.180761135555805,2.8176268952664976,5.041605398432427,-2.002668574027796,-1.6905138033492926,2.6207858242735167,1.8304660388495115,1.862226534515678,2.6112245374987753,-0.7428624807599017,-3.2024235585098952,3.2874551424194274,1.0665386225609401,-0.43050626787721347,1.150147938352173,1.1651471517921494,4.652054189148952,4.795745621288485,-3.197143551216059,-2.2193045576574844,3.8919197842095503,1.4603549888006637,-1.6896612267574491,2.2332916859475556,-0.03816098164668191,1.1470956709762437,1.1477302552833033,0.6888587193698159,0.24065678075149297,0.7296862485846193,-0.5143901931352272,-0.12208198024328953,0.5286788067379089,0.7382632908146116,0.5639498255403754,0.9290167341288529,25.41778499350299,6.8685183367130165,6.818493585235693,10.807361313419937,1.3228402800957542,22.999176064107676,15.147039606721712,4.987591754522475,1.3172847388926765,0.5324420213734948,0.27950128069381924,0.8630720922914398
semiprime,376279,-3.9567034210972265,0.6318728775909058,4.006839814112552,0.5398130572359612,-0.05418975506311641,0.542526189521055,0.3873952194380469,-2.8102603884996906,2.8368360028760713,-0.8749713328074166,-1.7742721585224372,1.9782862598073756,1.225755667074604,2.1722569943678494,2.4942288196846634,-3.857116757068225,0.8573564382613438,3.9512541983381277,-0.37663982576305427,-2.2376483566846708,2.269124881209589,1.5318286974733848,2.3952381485336756,2.8431786694814023,-0.8262866615952605,1.4784663141703835,1.6936978152158075,2.6802744619737764,0.09225942718361357,2.681861852037324,-3.0311919482158274,0.4491997513461663,3.0642951952346102,5.038837784675975,-1.8480519561226503,5.367045952179563,16.05476529595751,0.2943346663162357,8.047638507213884,3.9136165257426554,6.221177404945549,15.612409739884681,5.148927726524431,8.083664946594038,2.8686122892667996,7.192382993413065,9.389905043537919,28.80518225280703
semiprime,378181,-2.662546293353224,-0.9165266025399625,2.8158788641226096,3.4648065053486934,2.1844882741534697,4.095958146688101,-1.5329663491654055,1.0612810503729597,1.8644847265542952,-2.943522135993975,0.18234745307068276,2.9491648239337005,-1.3979051806988738,3.5919346229167477,3.8543654769018505,-2.2800411762337034,-1.7125641098107593,2.8515721270087293,0.7643391662456078,0.9520425442529704,1.220901047228931,-0.2591209002457502,-3.1388084985805693,3.149486058344405,1.433340742632079,-0.8391806998396123,1.6609304414912687,1.7884693194347379,-2.4567960191028404,3.038826942430075,-2.3167094246671156,-0.8971567203506102,2.484357610975461,2.7911514306989815,3.3061246326008953,4.326775519412045,7.929173777412438,16.776873139420626,3.4763032955542448,8.697573158727895,14.85613322953283,8.131463595533088,1.4905993671247004,9.919262431705777,2.7586899314723805,9.234469186038918,6.1720327392117005,18.720986395383374
semiprime,380717,-1.2091437997260708,1.5232225956665868,1.9447971113628422,-0.7292923515522021,0.3550476740007634,0.8111264912736441,-4.70089049656864,-4.056562081405425,6.209192168150834,0.5416623708165818,0.4781015095414578,0.7224812643830018,1.2172054660118066,-1.7656397624307476,2.144544920761868,2.2901493851667425,4.235033113571199,4.81459133046868,-2.311792084438224,1.3156068914751944,2.659925588163747,-2.8955951139062384,-1.3578800494729777,3.1981728052802927,1.9042282023383457,-1.1666236131501286,2.2331806244323786,2.44253396976956,1.2035080799815587,2.72294030269838,1.1756611828941805,0.750398984899404,1.3947321798475147,1.1396642841033844,-1.3464666515126882,1.7640314974786222,3.7822358043652553,0.657926184845893,38.55406738102566,0.5219791773844609,4.599072917165526,23.180289679424174,7.075204134568255,10.228309292434417,4.987095701340189,7.414403892059146,1.9452778535022002,3.1118071240966705
semiprime,384521,-3.055293895143841,2.657245508780228,4.049169603713324,-3.068759088861179,1.3800808354782998,3.3648039256281446,0.13122049008941658,-3.7787861599440338,3.781063826438782,2.328741238590938,1.995710696281991,3.0669034773804675,-0.29449504067048304,-1.0835775028740398,1.122883579768735,-1.4060097859514697,-0.7311027342736142,1.5847317521440822,1.3999104179301511,2.8216373082852573,3.149823213727501,0.896896517342814,-1.4843815762680868,1.734304479261297,-2.965434780942262,0.526355452111619,3.011785766283802,1.1886126324426,-1.3046577757874185,1.7649169674306782,-0.7187252089449689,0.19402337086761723,0.7444534870734518,3.753649270594524,1.0002130333593282,3.884624686985433,16.395774479635914,11.321905457922572,14.296443659603883,9.405896939568404,1.2608675337142492,2.5113747262536528,9.921386277736643,3.0078120267857984,9.070853501989708,3.1149319019247015,0.5542109944158221,15.090308958736674
semiprime,385789,-3.7169346328158666,-0.9696692606085743,3.8413359055926364,1.8853023915007188,-2.2738776053397936,2.953791541640026,-0.7079163362179148,-0.5557624018372413,0.9000096590482212,-0.9432155461026523,-2.6606626540394935,2.8229029960326666,-3.239176780812052,4.206673892649676,5.3092722153278515,1.9989550722903835,-2.2294581401533655,2.9943788971557286,-1.2748737849372356,1.3654624480281512,1.8680981945538153,1.2271266806128924,1.411752895841485,1.8705309752016497,-1.0875459886723264,-0.5518993870528195,1.2195692726969412,0.7281056771318516,-1.834272421704262,1.9734977056222918,-0.023858702672129306,4.587348780629558,4.587410824510563,0.038942272058182126,-2.3405134583838256,2.340837403458188,14.7558615395952,8.724884471464161,0.8100173863800953,7.968781325010205,28.188371456452312,8.966304979731557,3.4897908644952245,3.4988861291888345,1.487349210906546,3.8946931940964498,21.044338072836684,5.479519749428871
semiprime,387691,-3.3953312889776264,1.4033177326552018,3.673904628687986,-1.8168130199801107,2.0635968914607794,2.7494075143593832,-0.03661599179292119,-0.8501147181359006,0.8509029115276672,0.6142446090431672,-1.6765562745015796,1.7855356006837864,-2.33021239686439,-0.7565809471112172,2.449960110702252,4.575576503751806,-1.1347796214364392,4.714194006499206,0.4100454129541693,4.808146417079784,4.825599362645217,-3.0137429652657546,-1.0681516258132224,3.1974356219345923,-2.5223046998870946,-0.9666228488559938,2.7011813584065405,3.6294035951995123,-1.6514306787280189,3.9874545443793123,-1.120241483767015,0.6997052588650967,1.320805977892285,1.9661285077399016,-0.7560450133374647,2.1064817519124106,13.497575220695008,7.559241680015842,0.724035764846261,3.1881373813092098,6.002304544032191,22.22362513091303,23.286409208761928,10.223594556416254,7.296380731003003,15.89979374349123,1.744528431235995,4.437265371139978
semiprime,389593,-2.6390997448318845,-1.9802528943558957,3.2994316160176167,-0.9924303246796341,3.4235834390366016,3.5645254261106634,-1.9758334189247746,1.5074188459651179,2.4852020594935076,-0.9165022756413392,-2.403629293744875,2.57243274022942,0.38698463250403253,-0.750045398377838,0.8439936050836232,2.5477582863973467,-1.8556294320443847,3.1518935380142064,1.186777261169738,0.25181329945259123,1.2131983372106743,-1.3015611047522562,3.1309182291608675,3.390679912214619,-0.3548129164353536,1.1754782518091562,1.2278604668876962,-2.274904762660893,-0.5656755205829151,2.344180128267443,0.09177675817688671,-1.3470923800567884,1.3502151138794594,3.325087597853939,-3.8132848438374465,5.059382258106464,10.886248988776622,12.705841513389407,6.176229276510772,6.617410203004243,0.7123252054220509,9.93443287497571,1.471850205410745,11.496710267095736,1.5076413261456714,5.495180473763965,1.8230808537485215,25.59734883364246
semiprime,390227,-0.08091141739183416,-0.9818788335214887,0.9852069331779364,-0.728879093996447,-0.6364865233421495,0.9676672093551885,-2.786803396530951,0.11459368984981916,2.7891584545647174,0.5593274272969975,0.1581942760138043,0.5812680963980473,-3.858994854630698,-1.9752459667610562,4.335139895928622,1.3220430055043082,2.3423441272638486,2.68967911077331,-2.4391759146742045,0.6978868364676761,2.5370504881144176,1.1446012754159673,-1.1701353179107508,1.6368655234642684,1.3956700922241083,-1.9500187692095052,2.398013387493532,3.1674252620438494,1.702791462511227,3.596120347740697,-1.4919195867324857,-0.39800595130716687,1.5440961079388658,0.7964574262343268,4.1927840011305415,4.2677607842919265,0.9706327011818748,0.9363798280612582,7.779404884669843,0.3378725998902096,18.793437917272023,7.2343737189303035,6.436625179241605,2.6793287419059535,5.750468206598205,12.932081555434673,2.3842327905519536,18.21378211194004
semiprime,392129,-2.351259478142935,-1.8799865580378425,3.0104435872409168,0.8340359069132678,-2.9394781031505226,3.0555109904763933,0.21334400864785152,0.8474398946914569,0.8738821666223667,-0.2959884662648329,-1.5962214815207907,1.6234322253270188,-0.7362047571779644,-0.8351008091420421,1.1132793027453438,-0.5386956805431307,-1.2583331256930999,1.368793370619683,-1.35240204155122,2.0552231553073947,2.4602710216770003,0.8018474169597494,-1.227406503728526,1.4661125487083544,-0.9306459335228194,-0.10861584531770935,0.9369627823113577,1.6515036650803736,0.5706542758279933,1.7473152715794247,-2.4938385442439532,-3.169746702519797,4.033178007835995,-2.6031655933728324,0.40029465179138,2.633762881273277,9.062770591959959,9.33614741292203,0.7636700411406019,2.6355321902302364,1.239390805921159,1.873595291452393,6.052933500103591,2.149486005480107,0.8778992554366406,3.0531106582946785,16.26652484289193,6.9367069147729135
semiprime,395933,-4.325942558517931,2.204407500191556,4.855223109857821,-1.4340481437167862,-1.808877912832957,2.3083616228902426,0.5689542872474531,-1.753381887821641,1.843381953236561,1.2720146927301208,3.197742708564776,3.4414502478897604,-0.9877662859779722,0.28283209303644663,1.027461059391593,1.6891314240727586,-2.548956000889784,3.057832837527602,-1.125092479009019,0.6003581520660642,1.275250170388085,-2.0681735562328467,1.2001137416717969,2.3911534563156547,2.163368088523189,-2.6038711099256084,3.385307407540074,1.1620293443979803,4.570996369943741,4.71638844999867,-1.6430949038963982,-2.1630489130922905,2.7163470808495838,-0.5100407707180857,-3.2107831467538057,3.2510413721257025,23.57319144649745,5.328533382032474,3.3980570255182387,11.843579808700493,1.0556762285660946,9.350341662262105,1.6262629970748397,5.717614851650302,11.460306243545698,22.244320011280855,7.3785414636400555,10.56927000327297
semiprime,399103,-4.003994010226229,-2.0997525637993744,4.521164547227801,0.2894592226509295,-2.7292136299667815,2.7445206648109126,-1.6544024627720764,2.7994995909174625,3.2518064930701756,0.06808622321410207,-0.06153934524351895,0.09177594894394472,-0.3699458370042109,-0.21139304185816243,0.42608325531847996,2.209599612329754,2.038934414117986,3.006590093757786,-1.941278571963033,-2.0290827212153166,2.80815583319327,2.4375731049021425,0.5324035283533074,2.495038308071706,-0.9292996114807192,-0.1408456567939247,0.9399123719453466,-1.2434668002152232,-1.7274853047932717,2.1284771930923267,1.1026935474236745,1.5019336428326113,1.8632599730049066,-1.5390968944839318,0.548881214529199,1.6340409536707248,20.440928863109562,7.532393679574134,10.574245468373354,0.008422824804561548,0.181546940462793,9.039583991882452,7.885739183497389,6.225216158745321,0.8834352669359276,4.53041516151419,3.4717377270022456,2.6700898382731317
semiprime,404809,-0.7523495110285596,-0.15757646256133995,0.7686742667074644,4.363398247675968,-0.8061223166536295,4.437237593055923,-0.8084504679812161,1.5040858711136227,1.7075908370750508,-1.4737895365158031,-1.5686345032964846,2.1523637710377104,-3.6202495041060825,1.7617990739806073,4.0261821182181095,-2.2377837181042426,1.8974303942774753,2.9339253688770652,-3.32626236031319,-1.6274690672726901,3.703063171830277,-0.958737363802141,3.833068090038477,3.9511502522204207,-0.4967525367110922,-2.1455434581603496,2.2022987566594083,2.5383253981538356,0.6889230206400944,2.630154131468477,-1.0874020732217116,-1.3309858649445683,1.718710749814848,4.234731605808918,-0.12460241131674299,4.2365643550101915,0.5908601282982582,19.689077457228723,2.9158664668626724,4.632669802875673,16.210142449059262,8.607918070140423,13.71267685456571,15.611588315621495,4.850119813583576,6.917710755280699,2.953966641529117,17.94847753414292
semiprime,405443,-2.016514810642037,-1.1040120260411856,2.2989507465759798,-1.3899938623756927,0.22210863556528693,1.4076275016618456,-1.6475538297362635,-0.45760050023768994,1.7099215887567514,0.26435910298093523,3.7167496392967423,3.7261392374066413,-2.052248850131257,-0.766410937014172,2.190687350408544,1.6476459362423115,-1.1932653713480943,2.0343596972203093,0.8194096705198052,-1.7668167749158936,1.9475815064498778,1.0617182247787966,-1.4971819491057823,1.835428935577629,-1.9210675682492755,0.8651498686068437,2.1068898635025097,1.6533482245308995,3.2118527370398766,3.6124172455559487,0.6268408741714218,-2.0474873605307735,2.141292593987395,-1.2191987564808455,2.2903739124442986,2.594659566611744,5.2851745351822546,1.981415183434769,2.9238318396964127,13.884113616541347,4.799111067240007,4.138619377674308,3.7930737242655757,3.368799377555628,4.438984896929624,13.049558355990028,4.585133973065266,6.7322582666098425
semiprime,406711,-2.8527169549776246,-3.2072755967413586,4.292389867972089,-4.091754233818886,2.083646976806482,4.591735775709396,0.8142976169761805,-0.5139680577564295,0.9629349788054242,2.801278473846144,0.7314767750646725,2.895206272529264,0.48097322750067695,0.8463632870274357,0.9734814118411832,-1.4292041626075775,-3.0753491842739913,3.391223546690712,-2.945359151703801,1.2052022276714667,3.182397357670723,3.4557213532333546,1.963281895874658,3.974479321101339,0.057799958045243294,-1.0928745966193183,1.0944019915396122,0.2941730105970637,-1.1812676350326274,1.2173458776121586,-2.493256926979833,0.7560799037337419,2.605376541838616,1.0906992959770183,0.5206577298649793,1.20859812423854,18.424610778669447,21.08403743392957,0.9272437734070028,8.382219360492796,0.9476660592003033,11.500397143629531,10.1276529421096,15.79648587386216,1.1977157190858694,1.4819309857393166,6.787986924762945,1.4607094259129172
semiprime,408613,-1.667362538523839,-0.4684595595005279,1.7319215322179262,0.7812439364242351,3.463213649069006,3.550238142336017,-1.409171931951089,0.6469382162414459,1.5505787917524307,-1.7494735525278902,-0.0937170864230108,1.7519819072359666,2.929257376381438,0.5412928873705608,2.978849906759826,1.3815786255710183,-0.7812505467051707,1.5871710416214857,-0.4559901729404414,1.0642917761663435,1.1578618322725576,-1.2871890242902133,3.09572314885274,3.3526642239562126,-2.3431952845883526,1.5695817569277453,2.8203104498259544,1.6497939946865805,-0.41609332657433845,1.7014564000654275,-3.622355810618089,-0.8234826837734361,3.714779313659606,1.5229698615681944,-0.8120662953671042,1.7259457892171175,2.9995521937600893,12.604190867297493,2.404294589432428,3.069440603282175,8.873546767003026,2.5191119153618318,1.3406440226335643,11.240357398595913,7.954151033397477,2.894953881323604,13.799585349193332,2.9788888673162988
semiprime,409247,-3.9130571870853994,4.7494149994634265,6.153776026678975,1.0112632095247682,-0.8494508393453031,1.320689216811728,-3.0502914601831397,0.6743399488258728,3.1239417982172255,1.0499225930380711,-1.4385992199480047,1.780984325311931,-0.7496269685280844,-0.9255186271806072,1.1910186065729123,2.271094918254926,1.0528465299980576,2.5032694508287157,-2.8379597263391347,0.03542380747702212,2.8381808001709588,1.500003551236876,-2.1400887395073083,2.6134250451637633,2.145402035335735,0.6086915168522242,2.230079652369075,-0.4231085026594499,2.9972397562501203,3.026956716153867,-1.6104332155956018,-0.8050483486966167,1.800443830179864,-0.641392608743858,0.8520124445453059,1.0664472252349477,37.86895938652887,1.7442200074027752,9.759012358648672,3.1719051670067944,1.4185253212028814,6.2663579434523,8.055270254459064,6.829990466689218,4.973255255910575,9.162466961469002,3.241597985632739,1.1373096842113193
semiprime,411149,-2.8604558685562864,2.9216155505658543,4.088770622236752,0.7387415637137849,-3.3514567261741837,3.431909276973455,3.092406414747633,1.3129687309491254,3.3595928804577597,-3.4487825541418227,0.4790996398483002,3.481901430347471,-1.5068387847544695,-0.1619806363920106,1.515519993205727,-0.5541586371251986,1.2465800765428763,1.3642044136910352,-3.7474748212514477,-1.2259628824881634,3.942911681125036,1.7697792146700828,2.687957594761164,3.218265759677481,-2.595818751230812,-1.16260985253715,2.844281395793663,2.5550308951547938,-1.619481894199966,3.0250461948269516,1.2324841009652203,1.621263500052374,2.0365442287694417,2.0126726810427273,-2.984584472053764,3.5998049658058098,16.718045201266317,11.778001285376462,11.286864322422467,12.123637570655765,2.296800849806287,1.861053682334101,15.546552525152258,10.357234499912474,8.089936658457948,9.150904480837019,4.14751239573412,12.958595791840168
semiprime,412417,-1.9719352165966257,0.8304865414744275,2.139681376753122,-3.5263229099848323,-0.0834806150063031,3.5273109132263527,-0.7721719387245467,-3.345859703693648,3.4338064388888565,2.679885397299367,1.8337614151739707,3.247224456430326,-1.8442155164729424,1.4901120429305783,2.3709839248055444,0.3403086313790188,-0.21713705307308495,0.4036811420023539,1.0075320942783663,-0.30484312519321854,1.0526396591324683,0.2964094836403791,1.7970980359059636,1.821378580265242,0.16368651720083194,-2.05534852867161,2.061856166231265,-0.5144242106423937,-4.175718443702949,4.207286154943115,-1.6980832349790682,3.805391855308029,4.167072575005343,1.6676848733045737,2.3707640456050725,2.8985677491793465,4.5782363940241355,12.441922278565727,11.79102665975457,10.544466670439228,5.6215647716863035,0.1629584644083246,1.108050251978519,3.317419932649029,4.251250850225889,17.70125678957602,17.36449384536166,8.401694996582624
semiprime,413051,-1.6450206196750365,0.13434810033148725,1.6504975768593906,0.17882634022425242,0.31652542921894755,0.3635480811395365,-1.8236133111792863,-1.5759032409349873,2.410194293723989,-1.651601858972108,-1.331150100496316,2.12126124996698,0.0032372251559347337,0.48180934971565736,0.48182022487659737,2.4055284402629504,-2.4829949641449374,3.457142037707306,-2.5578140554940854,1.7364889038611422,3.0915702249368318,-1.0193212332126091,-1.590998755575122,1.889521848701322,0.07658723434275594,2.2197537105248046,2.221074546216968,-0.3492022384382122,3.4846657000471155,3.5021189649146858,-0.651079273063559,1.1001896819437573,1.2784058651572583,2.225171764006374,-1.0035911193311478,2.4410212031302767,2.72414225121872,0.13216720730023904,5.809036533499677,4.499749290611475,0.23215072910013484,11.951831068883024,9.557806455715973,3.570292816719661,4.93317213985291,12.26483724441511,1.634321556068478,5.958584514131584
semiprime,414319,0.6336196079336789,-1.9747303650345143,2.073893397006552,-0.693603412268705,0.006854024220337984,0.6936372763619356,-1.944571009719616,2.410712904288451,3.09723959659966,-1.6984377828747643,-1.4864692160439295,2.257051535198698,-1.0166498050720738,-0.4155106611510099,1.098283176454613,2.3781727094959106,-1.2461887341355333,2.6849007052919935,-0.1771822863944515,-4.844280933483085,4.847520121167081,-1.464196465206445,-0.09887361525073168,1.4675310151801897,-4.067724503882445,1.522421857878286,4.343288034753309,1.5953206900409338,2.4349228110231573,2.910995912005648,-0.24139915326905226,1.8917305865015497,1.9070705710865845,2.889704955207545,-1.6787299305169496,3.3419349047766453,4.301033822147376,0.48113267115880426,9.592893118744824,5.094281632542799,1.2062259356832348,7.208691797277444,23.498451325119714,2.153647280515798,18.86415095283126,8.473897199713594,3.6369181631045118,11.168528907764486
semiprime,418123,-1.2874914190112832,-1.9374275940673549,2.3262114771192466,-1.689287565663959,-4.29288004704924,4.6132972566116255,-1.1201499510878812,0.6654010964894048,1.3028793237025003,-0.5999001985031952,1.3808939981590687,1.5055724766067926,-0.8208647628483722,1.2202144829304333,1.4706265138502361,2.1981195970487026,-2.111219245793788,3.047782221015741,-2.0495220781708356,-0.5677360880137625,2.126702850551264,-2.0326380682748977,2.6195134292303455,3.3156399265478798,1.4684700773002966,0.9627658206283556,1.755939176992338,1.878717574213216,0.04957126035991885,1.8793714463913893,-0.6174708540824975,-0.9328671507695208,1.1187096927381173,1.7145217216906725,1.3451195694801243,2.1792043021129395,5.411259836281307,21.28251157786035,1.6974945321314845,2.266748482315911,2.162742343239299,9.288976466739644,4.522865014542872,10.99346812251843,3.0833223932965295,3.5320370335112625,1.2515113766262127,4.748931390347543
semiprime,418757,-3.1456175075332817,1.8219443137607394,3.6351603246823907,-0.4865859738784283,-0.9275146062338587,1.0474011909256016,-0.23327467458640821,4.119893184542576,4.12649208479112,1.3730685016258886,-1.7300329620360237,2.208694446927483,-2.564428756017995,-1.1067826279228807,2.79307404666684,0.33136364236923843,1.1700980898950921,1.2161132362820297,-1.3164487022785714,2.981482723056885,3.2591833967449015,-0.7842647345104898,-5.726785607773574,5.780237414777991,1.0144040749028609,-0.9639654759919911,1.3993730975276018,-0.02070240690564784,1.813037696423169,1.8131558891344997,3.04956826155648,-1.2706442165528782,3.303695401660373,1.0029983837661096,1.5928784520577286,1.8823569058144245,13.214390586144985,1.0970492547523685,17.02793692584376,4.8783311598883,7.801262630163877,1.4789314034603518,10.622276413617634,33.41114457119935,1.9582450660839947,3.287534278303118,10.914403306951892,3.5432675208672544
semiprime,420659,-6.416777946326566,-0.4027642476819503,6.42940574638697,1.2453903066116614,1.1209444348043127,1.6755636191207566,1.7348285422475662,-2.032668091234648,2.6723341183542755,-0.8297247160701121,2.574529263549709,2.704929580105817,-1.2362170755846564,-2.2536038460591694,2.5704013213776093,1.1929359875606385,1.2366962302000097,1.7182880539095275,0.772296162338818,-0.34827682802190485,0.8471942583022299,-1.7238646717902617,0.292713030912016,1.7485394834295978,0.062206082705367705,-0.8171492269685999,0.819513548308341,2.4428141421681264,0.8341988440770928,2.5813230415111077,-3.0882722144664827,0.3834011452383437,3.11198035161146,1.6895434584523548,-2.1333661647168123,2.7213614774148738,41.33725825167379,2.807513441721048,7.141369640120323,7.316644033331432,6.60696295293976,2.9525138362081913,0.7177381113002655,3.0573903251122445,0.6716024558609276,6.663228644636156,9.684421708815785,7.405808290757665
semiprime,431437,-3.0383335181511573,-1.6752530904199652,3.4695739629646796,-1.9374516478930124,2.6283315360334907,3.2652481607423836,-1.8658136424372125,1.8938915551603588,2.6585871757406303,2.634755578480348,-4.1330772491521905,4.901455345689967,-0.7628614297224922,-0.9837823525167266,1.2449037224145447,2.202472796876897,2.388972468492813,3.24931929428294,-1.0409956995935354,-0.02661849722543419,1.041335964502703,-1.8963103371881718,2.4168924720504856,3.0720289901596023,0.5804750643526985,-3.0363125155271127,3.091301504590235,0.9856020954135692,-0.7093018966873396,1.2142984275407243,-1.070649300087183,-0.4978721594859339,1.1807483266845489,2.2899649047738313,3.6595056102326153,4.316934164012674,12.037943484482431,10.661845551231519,7.068085771012541,24.02426450579275,1.5497852780815897,10.558075876199384,1.0843805909667745,9.437362116381026,9.556144992281851,1.4745206711278755,1.3941666109683621,18.635920576419807
semiprime,433339,-5.599599109755904,0.29536740072268874,5.607383711802573,-0.1527549176969728,0.31235713343226346,0.3477082738253862,1.4406421098098998,-0.42338165469275413,1.5015664201386145,1.351420974697182,-1.1706420397216655,1.787943353693059,-2.370563209772973,2.4887936792126912,3.437101090922143,-0.1774983224377673,-0.8760957666975102,0.8938956577215932,1.7893597322627426,-2.429924716534952,3.0176716818552114,0.5395320037989825,3.5444683433274946,3.585296447990612,-3.4712152306230464,-1.697403314618013,3.864002224350502,2.8224522721338055,0.3601015899645129,2.8453312607793584,-0.023780652604219715,-1.7012852654698543,1.7014514609424258,-0.6639899712560716,3.2143782550981106,3.2822416499667133,31.4427520913888,0.12090104368662977,2.2547017140878944,3.196741436015183,11.813663909218185,0.7990494468935196,9.10634237947086,12.8543506199741,14.930513189785627,8.095909983568253,2.8949370739431153,10.773110248776213
semiprime,435241,-2.514206263516451,-2.222528159768088,3.355721167866526,0.05106907541310646,0.21030636088774207,0.2164181505636594,-1.2590303177494353,0.7634618733494866,1.4724236391305836,-2.550114343853501,-1.543525329840393,2.9808645743452127,-1.5298272118111846,1.1921868854547089,1.9395053152410238,3.2081505553701852,-0.08385529879965348,3.2092462817706604,0.036056584145684134,-0.22370152123229892,0.2265887196263298,1.0794871051761834,-0.881807322433309,1.393871071562452,-0.6557995241586234,4.693647034380651,4.7392399706321005,1.2728956153997077,-2.266365716720302,2.5993608463676083,-1.22905590711056,-1.1450164825603726,1.679774142001921,-0.775401953056491,-0.4063339323585401,0.8754173024276909,11.260864556467482,0.04683681589339475,2.168031373070551,8.885553610586266,3.761680867848183,10.299261697058808,0.05134244786189949,1.9428765641386583,22.460395499236952,6.756676809628929,2.82164116813829,0.7663554533897752
semiprime,437777,0.7613334751482325,3.826212996442333,3.9012221872799686,0.7443247566417948,1.4366245139379468,1.617995468905061,-1.6262940427695205,-1.4246274013737084,2.1620350474246335,0.2931272886145398,1.0073269481722364,1.0491097120151462,-2.693070089882993,-2.6018341059229693,3.7446184350032743,1.5771512429831913,0.43777803851975894,1.636782103474263,-0.9645445457971804,1.4448046684633615,1.7371835570372558,-1.6616968486304733,2.3923022085299377,2.9127901183720164,-0.8280160402453864,0.47771217336741556,0.9559390584587854,-0.06641318843585886,2.1762523404200884,2.1772654777913805,-0.3463567386159291,1.7912542601348012,1.8244327378217418,-0.8357853826081912,0.980712407703871,1.2885394958657046,15.219534554525502,2.6179093373973084,4.674395546292438,1.1006311878445032,14.02216722376637,2.6790556542536326,3.0178067108406124,8.484346273685665,0.913819483487069,4.740484960782128,3.3285548148357362,1.6603340324058442
semiprime,443483,-1.6672850314915633,-2.319590707674343,2.856630957503083,-1.8285675204360343,-1.2571325051127258,2.2190180964121464,-2.530386058994301,0.6349160666880898,2.6088257932049403,-0.9338780584425196,-0.14259538234262847,0.9447018953647816,-0.3405245366921925,2.7057954672374174,2.7271388066271918,6.38536372328503,-0.9505727925835701,6.455730672251172,-1.864826751883362,0.12853659603273349,1.8692513129752062,-2.315959291503871,-1.284685382494192,2.648411594125309,0.07517528559803088,0.38376717240646663,0.3910608215886631,-0.23833195799776413,-0.7963611801838525,0.8312600384397569,0.4005711704902081,0.11020999448288332,0.4154557804530014,1.6051085183951361,0.5115411305650657,1.6846506118731013,8.16034042736498,4.924041312204586,6.805972019291386,0.8924616711058106,7.437286070611984,41.67645851264457,3.4941004710595323,7.014083971897359,0.1529285661816002,0.6909932515068662,0.1726035055118125,2.8380476840844144
semiprime,446653,-1.55843615934304,0.5715456413107359,1.6599360478190675,0.38615630568448134,-0.4283171912326308,0.5766908259416796,-0.5097377556037569,-0.7450103325661396,0.9027031489466875,1.9992010311776898,0.8038853034335636,2.1547706012794983,-2.5344688214061097,1.2412734486936725,2.8221077196151745,-1.2586674742280017,-2.576021018627533,2.8670765771235223,-1.2876759043627524,-4.941285955013637,5.1063114009910775,-1.8342929204101739,3.445491711955196,3.9033375020639496,-0.9226400484523574,-1.1841239391829093,1.5011376227229198,0.8357896472255583,-0.6606305609766033,1.0653530271725353,0.7205997571004621,-0.4364654497575964,0.8424761710371076,1.5150332479750026,2.6434160452237823,3.0467973563425947,2.7553876828491854,0.33257230872529664,0.8148729751182654,4.643036344138411,7.96429198111156,8.220128099090333,26.07441612389146,15.236043655018834,2.253414162354219,1.1349770725056847,0.7097660987653458,9.282974130616225
semiprime,451091,-1.5925981670053546,1.5778145043411884,2.2418446716171587,-0.14163649288365351,-3.618972010846885,3.6217425793959364,1.506527608461175,-0.8642426454715227,1.7368191573411904,-2.988948508926936,4.8124964315401035,5.665150932905741,-1.432008482769127,0.4687554237987327,1.5067780002586535,2.8101026159442,2.380195060907906,3.6826627920713606,-1.0708552203494597,2.5096835697195936,2.728597171271379,2.0774681654229896,-3.0645163689264168,3.702314756171322,-2.681369358616756,0.6524729600484741,2.759612762857001,-1.8065267647702095,-1.722845018966345,2.496344109134048,-2.0978082150500983,-1.2850070574533365,2.460089926168668,-0.1809723744094326,3.622085051128815,3.6266032479319015,5.025867531658246,13.11701931140953,3.0165407853073627,32.093935092602784,2.270379942063467,13.56200524010683,7.4452425230701715,13.707134553763915,7.61546260092325,6.231733911208265,6.052042444836562,13.152251117910216
semiprime,452359,-0.01662457577176235,-1.4563230840282464,1.4564179694006574,2.7710999768825246,-0.4111130307988309,2.8014298145716467,0.32328398534121083,2.8396152955231146,2.8579586354156565,0.7212222256038643,-1.380762182913052,1.5577758839023694,-2.6076503848716523,2.528843221808722,3.632476919432413,0.16447077387134343,1.5514141245827768,1.5601078236496293,-1.6064954640887068,-0.3473941122930432,1.6436271917297613,-0.2644746527936317,-1.1922158923054336,1.2211984178813666,-4.015440023632209,-1.3172344336607285,4.225975051583828,-1.5999826209007169,-1.7016265381649658,2.335696312145826,-3.066342457012509,2.5719878627892303,4.002196600619793,0.5590350937572072,-1.6291331837414318,1.7223806682669263,2.121153301593134,7.848009005970931,8.167927561746922,2.4266657044678084,13.194888570209192,2.433936421412783,2.7015103453934617,1.491325575835953,17.858865136608937,5.455477262571613,16.017577630012624,2.9665951664196233
semiprime,452993,0.40787599495347304,-0.8459829564118156,0.9391751645984692,0.24508163968000252,-0.3358819115704501,0.415790414305643,-2.994468525984457,-0.31454682363348485,3.010943615773872,-1.7574267072395946,-0.3036786659770194,1.7834711557770107,-4.818631986893731,-3.3337627385300466,5.859452894419988,2.512991366553789,0.023631538317790857,2.513102476616731,-0.8976359125870004,-0.2738192402490237,0.9384706750327628,0.8033499567180005,3.356794534283995,3.451585244254836,2.1205983925710328,4.0451758092415275,4.567317031939834,2.663015330039576,2.955213884400735,3.978057283471503,-1.7649874093051958,-4.248016997209264,4.600090103854998,-0.1473145658997319,-1.7653060948171286,1.771442121471861,0.8820499897985616,0.17288166862845827,9.065781457369438,3.180769363488586,34.333188221926775,6.315684057977147,0.8807272078964495,11.913440698357716,20.860384870247696,15.824939750580674,21.160828963584688,3.1380071897247275
semiprime,454261,-2.480425502360782,-2.7287968695223195,3.6876609155230837,-2.4122281323938015,1.0010395422717626,2.6116900137466064,2.578068551815983,-2.2166676088291597,3.4000077567404086,0.7013084887178775,-0.16462865612232014,0.7203722584639101,-2.7569406948911976,1.059636638774444,2.9535659466787534,0.459154129776861,-3.16608793380806,3.199208545796309,-1.607452550087915,0.16619781552352486,1.6160214771682129,-0.6197680451324423,2.7221333367591245,2.791795539229665,-1.857447271126108,0.9597984430809433,2.0907710100234387,2.8707963409010606,-0.24197291281537237,2.8809759668326413,-0.3568292753322503,0.8942847449195144,0.9628459569058282,0.6804160477981832,0.3236079120775651,0.7534507806489423,13.598843027876548,6.820924727903749,11.560052745894945,0.5189361907643945,8.72355180138036,10.234935319496135,2.611525414668933,7.794122332862655,4.37132341635443,8.300022521467273,0.9270723367299,0.5676880788605007
semiprime,456163,-2.7047546976249213,-6.182594820524157,6.748346218822521,-1.3139905825204838,0.9944096253227359,1.647853680970196,-2.874347991446792,-0.5431179773544151,2.925209994728542,0.0013705409590894918,4.309403460699863,4.3094036786398275,3.278830194495302,0.4248277763850543,3.3062374512309867,1.903037336973346,-2.4204902406744315,3.0790134964164695,-2.0241306852147414,-2.570092994132052,3.2714649668481175,-2.4964999292260073,1.223278883242667,2.780094085244758,0.7656089321055461,2.1541571873313834,2.286164960069866,0.4521818046984787,-0.7717999533575262,0.8945074356890795,0.6972997271502158,2.1448387486234095,2.2553403661266294,2.4134156798077493,-3.415266980382939,4.181940194555142,45.540176689096214,2.7154217538870244,8.556853513259757,18.570960065474477,10.93120608392237,9.480324111114772,10.702483029314555,7.728923122812888,5.226550224651253,0.8001435525030528,5.086560167080199,17.4886237908359
semiprime,458699,-2.463076338946082,1.507464170340508,2.8877661394815943,1.5243819549518918,-1.654597752237231,2.249763113372483,0.21795777218536577,0.9362011968947155,0.961237884981187,0.7292364588343496,-0.7956915510357768,1.079310361889935,-1.3769527416256773,-0.28910945287303474,1.4069765912804002,-2.502045400593905,3.9852465506918264,4.7055734248265875,-1.204189925527671,-0.8249651281072977,1.459671483360358,-1.4954342102760942,0.9046032593980384,1.7477501349385272,-0.5173079032834376,-0.40388485466038015,0.6563005733835243,0.8872134358316044,4.0384097531194,4.134718976521865,-1.9734679305995009,-2.563331665043958,3.2350030754423877,2.204163372089628,-3.566304631477358,4.1924771788715045,8.339193276336431,5.061434066291448,0.9239782715231057,1.1649108572829823,1.9795831284110144,22.14242125643422,2.1306408393354275,3.05463053417764,0.4307304426235428,17.095901014810014,10.465244898121707,17.57686489535837
semiprime,459967,-0.6447298885061746,3.0891544395700503,3.1557173163400645,-0.7289659938961117,0.5957502845705542,0.9414402911618146,-1.1817510503085331,-1.2070957362313588,1.6892648286557226,0.4127881513602877,-1.762255135015176,1.8099550322565474,-3.7727428640507306,1.2019508819086295,3.9595801091487774,1.9784665598238635,-1.1239854087420456,2.275450093367529,-2.281298492165218,2.8042647948686734,3.614999840953681,-3.199915704950423,0.727549913347152,3.2815833670958003,0.29171492165100177,-1.995007122986763,2.016221966025014,3.5380022473231603,-2.6597423893483536,4.426250047134732,2.226991035236318,2.5971927275278137,3.4212423379448422,2.107737544837005,0.21580465853105402,2.1187565241337265,9.958551780648538,0.8863098218228422,2.8536156613332477,3.2759372187907996,15.678274640766645,5.177673127406297,13.068223850095139,10.76878939519981,4.0651510162817726,19.59168947976022,11.70489913494629,4.4891292085592305
semiprime,460601,-1.0135222520708527,3.7299242895778555,3.865173031240082,-0.13002816923477234,3.435603276773203,3.4380630011925777,-0.9541455465669273,-2.0108466707063863,2.2257353969249034,0.0024063096149170016,3.1407012661971114,3.1407021880175305,-0.8579178455846271,0.3770989825617682,0.937137488537135,-2.40719425290622,0.12396313526854913,2.4103840005547545,-1.6690160222006039,0.1659170635773487,1.6772426641212226,-0.23033932405920643,-3.332304745949717,3.3402561464784495,-0.9802010224674309,0.5359869611940562,1.117173248433848,0.8911106577604777,-2.577627652534447,2.7273141585604974,-0.17013040338693342,-2.9620954353912583,2.9669772028989927,6.506322273163534,0.706729816181775,6.54459292510575,14.939562561425644,11.820277200169315,4.953898057124458,9.864010233818103,0.8782266724216887,5.8099510301303425,2.8131429543484563,11.15731112408706,1.248076067016236,7.438242519484554,8.80295372252233,42.83169655534424
semiprime,462503,-2.8396445096582186,0.6674258456220836,2.9170255742170683,2.113999702077643,-2.7254035522515228,3.4491766065264886,-0.7140543926054168,2.883131897989547,2.970239589124739,-2.2779526011888187,-1.6943333950627788,2.838984626039364,0.19657003042231175,1.2468477101060949,1.262247594197367,-1.5834446399657294,-3.7169502522374107,4.040175256773392,-1.6201049263193814,-0.6011949928752185,1.7280553786677562,-1.8346438556032765,1.620232877328544,2.447666777500399,1.9621607270928716,-1.691689227781386,2.590731009259203,1.851300849160192,5.404776770280255,5.713048815707976,-0.07800812135917287,-2.2946930936041703,2.296018654286734,3.098416996176334,1.5174467423669327,3.4500481877959897,8.509038200636418,11.896819263009583,8.822323216803898,8.059833706887867,1.5932689890570408,16.323016105443948,2.986175391742562,5.991072653679188,6.711887162337209,32.63892677066231,5.271701660832664,11.902832498114392
semiprime,466307,-0.15764765625881338,-1.2889619109654955,1.298566745086181,-2.37852166803434,0.79184833074028,2.5068683858960417,-0.9948975210234844,0.8994602058537674,1.3412120411229451,1.717845267135593,-0.5097170787490333,1.7918716087344555,1.1030859682813934,-4.330926566518839,4.469197196141378,0.9220022806792394,-2.5307270595785787,2.693449026000113,-2.746243900539236,2.6206294310986236,3.795991856733791,1.3759770165916954,-1.273835263716026,1.8750917388957429,-1.091500594709303,-1.1877477005252621,1.6131082258651492,0.2940756120671283,1.3020834208604417,1.3348789085502424,-3.2140136996910873,-1.8670693135787482,3.7169654132786074,-1.4536724084381802,0.4820830872025734,1.5315245913863818,1.6862755914437189,6.284389104205025,1.7988497392531766,3.2108038621886057,19.973723577997955,7.254667655660957,14.409554176389253,3.5159690292750607,2.602118148353809,1.7819017004922864,13.815831883509409,2.3455675740212234
semiprime,469477,-3.931017859218078,-1.2118834234140423,4.113582725731576,1.3119293930133273,3.907897263835583,4.122234801287519,0.7215012724543253,-0.3315296931657752,0.7940252033807262,-0.288262665586294,-0.9050496396987974,0.9498474691706235,-0.42006427691546344,1.189446542301155,1.2614424575590775,1.7591610858338669,3.7504457245050413,4.142522282181513,-3.0206001950055605,-2.206501393512413,3.740678272404599,-1.3946086161966686,2.029667313576466,2.4626170218226577,-1.1455097529768414,-1.4828382615295,1.8737667688431487,1.4296972810961532,-1.5993585335619072,2.1452230733541504,-1.8540434491619373,1.303730602919869,2.2665371376551717,-0.20523084040009226,-1.0030928004809367,1.0238724843592666,16.921562841437225,16.99281975694595,0.6304760236038037,0.9022102146898385,1.5912370737326849,17.160490858370334,13.992673937639854,6.064482596170697,3.511001904020894,4.6019820344510265,5.137190596370099,1.0483148642280167
semiprime,470111,-2.8627553987752568,0.49624979937837066,2.9054487323991713,1.1841274668139783,-1.907531096332834,2.24517989059675,-3.0653085105799556,0.10443483954851313,3.067087038338728,-0.5711772060363444,2.9201775662649285,2.975513471522595,-3.155419216610961,1.2506073536872566,3.3942140748123673,4.179629398315114,-3.699406538887184,5.581658413699392,-0.29787048815850115,2.4878242724027477,2.5055930312147754,1.140094759469427,-4.859857445630342,4.991796315197399,-1.050848710260181,1.675985121679525,1.9781832928084844,2.4665171941095165,0.7259915427312483,2.5711419231452743,-3.0549165267443157,2.57209041958416,3.993515257500862,0.8271512126307212,-1.3056737425312095,1.545627073550385,8.441632336599952,5.040832741140034,9.40702290074543,8.853680419212445,11.520689185654374,31.154910647221215,6.277996438072046,24.91803045241833,3.913209139946618,6.61077078895518,15.948164111892176,2.388963050491927
semiprime,471379,-4.927206200978842,1.7404481126502862,5.225564139860145,0.26267003061440014,0.4830360983480054,0.5498358093924348,-0.14311285469484658,0.3637195117545537,0.3908620887344783,-0.9353883845762002,-3.4233111644784553,3.5488041308084206,1.5345825481816933,1.2278654083945177,1.9653490932441633,1.5014921067667992,2.6634996835097864,3.0575658800326337,-2.6120808527341755,-3.49233506246026,4.361120334238647,0.48223243778951225,3.4484034335550766,3.4819584093740774,0.7475434560559208,-2.089717168984966,2.2194006094084435,-1.0506326761941078,-0.39152957718737447,1.1212156037530503,-0.09041675897581525,0.7003120965808852,0.7061247927393611,2.4033096341106863,-0.3273784909054591,2.4255048698604535,27.3065205797923,0.3023194172902339,0.1527731724098792,12.59401075884291,3.862597058315655,9.348709110739733,19.01937056970981,12.124034364610855,4.9257390650425705,1.2571244300993172,0.4986122229212057,5.883073873716776
semiprime,472013,-2.24390075488521,1.398704616192716,2.6441378937440514,-4.2250902409848825,-2.2007215406091034,4.763881069439769,1.5730666948628458,2.1302621913347286,2.648123076882371,1.050579372100111,2.27581134941692,2.50659815591114,-3.06234363770661,-4.436708809693873,5.390949231574842,3.3515646664279686,-0.7427655799410627,3.432883106077689,0.2549688119400675,2.6797579172231636,2.691860247112089,-0.30432425048022826,-0.6872613200672189,0.7516258188027398,-2.1151442603435107,0.5857307569812543,2.1947473115914575,1.2013963473097804,1.7598044040120477,2.1307896948571625,-0.13363789152967342,-1.642764914379109,1.6481916302322066,0.14828368118401825,-2.972889030983455,2.976584828397677,6.991465201133228,22.694562843766597,7.012555830316956,6.283034315217127,29.06233361741738,11.784686419993603,7.246111589982358,0.5649413714908891,4.81691576173793,4.5402647237094795,2.716535649967499,8.860057240647228
semiprime,473281,-3.1726757588179773,0.17066695124602627,3.177262765154755,-0.9045785245854479,-0.6348792530149481,1.1051397979667568,1.2627309304396,-0.7379306410836441,1.4625426604851484,-0.44758227748280066,-2.7285187493203056,2.7649854358584123,-0.20929540659495538,0.3669764420495735,0.42246452660680484,-2.0972419405116236,1.4445533124849046,2.546597343447148,-0.7273980367228764,-0.18735742175887649,0.7511396057434521,0.8771290721776909,1.4333012149969373,1.6803891758074954,-2.921487120940972,-0.4854696475591169,2.961548206010691,4.759942280152317,0.5377250103491444,4.79021906567295,-0.9867417492498624,3.054601088053459,3.210022910642548,1.4262507533775257,-1.0636368723339573,1.779189311933478,10.09499867883884,1.221333973050004,2.1390310337389757,7.645144460509134,0.1784762762411117,6.48515802965207,0.5642107073164286,2.8237077821709935,8.77076777652514,22.946198697136634,10.304247086850056,3.165514607698323
semiprime,475183,-0.03360621808210795,1.6334324030971274,1.63377807347921,-1.8037741763137318,3.537097068175084,3.9704731391647847,-2.0006451647686285,-1.1177135937586535,2.2916947338127254,0.9427289235475067,0.5522215899057389,1.092559612859208,0.7231291059802544,1.3743377943918786,1.5529713703123236,1.1073840771282262,-0.8236943348811159,1.3801347222616989,-0.9510908510672746,-0.2690704897712981,0.9884193115523588,-0.6308954647661665,2.4674999621961495,2.546877529623385,-2.1647764825229,3.4004593009694846,4.0310520558328315,-0.21348339276496806,-2.3229058669802405,2.3326951849390145,-3.070921137297481,-1.5700123411716587,3.4489846887064846,2.0562939759758665,-1.4204988911419587,2.4992322851968303,2.669230793381439,15.76465694882906,5.251864752984978,1.1936865076510628,2.4117200770097362,1.9047718515923766,0.976972735449639,6.486585150900516,16.249380676834097,5.441466825837663,11.895495382931767,6.24616201537017
semiprime,478987,0.17811535970263787,-2.7058610489594663,2.711717001760697,-1.1288516967598732,-1.2119356729192599,1.6562289179252678,0.797447598272986,-0.8799161234327982,1.1875079184023816,-0.16450811996794926,-4.335999599988065,4.339119202399497,-2.721661029886918,-1.4732336583606747,3.0948111693174263,1.354936641954971,2.9690197139893613,3.263576468503486,-2.8601676198040273,-0.7407586929387935,2.9545358780254856,-0.7038282996491287,-1.5774728105433533,1.7273664183926147,-2.138920749571478,0.44454763242332895,2.1846291608510127,-0.49987434159993116,-0.07059054076471627,0.504834014142688,-0.9140615758940343,3.669209572050276,3.7813499505006485,0.8956622093121326,3.724814968793049,3.830986471515484,7.353409097638024,2.7430942285719038,1.4101750562683573,18.82795545263205,9.577856173731895,10.650931365769685,8.729282254539827,2.9837947433905296,4.7726045704406,0.2548573818354197,14.298607448151257,14.67645734493466
semiprime,482791,-5.8676703122889,0.1477726272983817,5.869530785599065,1.1738167302075464,2.0857839078964426,2.3933951254556556,0.07944932283793793,-2.4872997636666843,2.488568325209447,-0.3604686584132011,-0.7250745699552263,0.8097350095518714,1.5272178034976513,2.85628471578278,3.238943747108694,-1.435878143703533,-2.2968070421981865,2.708702389089042,0.7574306454029478,1.8300548984368619,1.9806065015263075,-1.2095152031892136,-1.203315229263459,1.706134393218546,0.29055266099823795,-0.3662723764481013,0.4675214460985684,2.5240735934366643,0.19634181124047745,2.5316985626107753,-2.7717257509427147,1.151557399523758,3.0014243423476255,0.4116359257603117,0.6239422559715091,0.7474945311929478,34.45139164309518,5.728340226554893,6.192972309235751,0.6556707856939692,10.490756596934506,7.337068632656684,3.922802113888279,2.9108945677232163,0.2185763025620966,6.409497611925466,9.008548082836876,0.5587480741633649
semiprime,485327,-1.767331814974824,2.603758833572575,3.146906704627486,-0.5612302280749717,3.302402051375862,3.3497520322908363,-2.8868618054017268,-1.2993944482371202,3.1658169586374965,2.1533017328962702,-0.08746985959969522,2.1550775691915294,-0.5049784401898132,-2.5386302785947032,2.5883676161732434,1.544255495423577,5.2287766389079335,5.452048254989611,-2.7193806562012925,1.1372886096212045,2.9476187906335354,-3.5396546613428743,-2.8663344691143444,4.55467105402787,0.13441077889087627,-3.29830153316653,3.3010391183944994,2.5982386923253444,0.5045844796519393,2.6467810259638282,1.2480704871409678,-0.520090112868747,1.3520997250114795,0.20534524964836395,0.25314888580282646,0.3259617001065637,9.903021807629424,11.220838677836587,10.022397015596768,4.644359329232471,6.699646916454359,29.724830174735263,8.688456534895906,20.74502841039935,10.896859261170734,7.005449799402135,1.8281736663761183,0.10625102993636139
semiprime,489131,-0.8491951891317878,-0.05908794790839467,0.851248409591817,0.29989088952837584,-2.295097814918292,2.314607639679961,-0.9252662880189264,-0.6668661415271866,1.1405385370340102,-1.2439555428521207,1.6415197155512735,2.059614616654302,-2.7170959259931706,0.9379996301485773,2.8744483952938786,-3.0549878521278906,-0.8791583192553215,3.178973124605621,-0.5107925013651807,3.200223600900465,3.2407314105323874,2.0360686615613854,0.6055649026169775,2.1242138418421725,1.8221813436801015,-1.3926631300427352,2.293437473103692,2.854668081423651,-2.034583093438039,3.505518252584472,-1.2662772903593331,-4.25821179656363,4.4425022093943225,2.94084944436154,2.462198430015127,3.8354943049326162,0.7246238548325978,5.357408525664841,1.3008281544596803,4.242012369136048,8.262453577207554,10.105870126964826,10.502340075211238,4.512284445873882,5.2598554430362485,12.288658219202889,19.73582588047344,14.711016563170533
semiprime,491033,-1.4733871129334264,-0.5012307877332772,1.556310344092726,-2.326541914320381,-1.754705783642195,2.9140675466153687,1.0771857108656002,1.3990627892236314,1.7657026204554478,0.5816244509938665,5.130173160132513,5.163038219395429,-0.41786013750776196,-0.378394127840299,0.5637279578857397,1.9454557231680314,-1.6080929182652368,2.5240366092000435,-3.0264169988033913,1.985434683282561,3.6195511782854304,-0.595951453527452,-1.4593152507507834,1.5763118777815843,-3.1954559529897875,0.8449692230327328,3.305285424191141,0.5887849082001204,2.162268179456586,2.24099784649935,1.1996143872372662,-3.099649044702658,3.323687542232684,0.6902686083348486,-1.3115177533216602,1.482076100924114,2.422101887130019,8.491789666236913,3.117705743883235,26.656963654937925,0.3177892105020263,6.370760804582053,13.101150732227447,2.4847591360353043,10.92491173537041,5.022071348014723,11.04689887839274,2.196549568930424
semiprime,492301,-1.924276594668704,-2.125721277498397,2.867321286915577,-0.1452662550729723,2.727285831010551,2.7311518245776525,-3.6334305563609837,-3.10235179689417,4.777698638423123,-2.5064163376500836,-0.7778914794326532,2.6243547800198774,0.7495150637688539,1.8254042628986284,1.97329003287021,5.401693225731996,1.3220875842008541,5.561133453282432,-0.8117275321031451,1.2648410586695435,1.5029053496712805,1.1492156465766799,0.16117793824906168,1.1604632394500374,-4.021701583001212,-4.190481304135645,5.8081164918607495,-0.06246672446367718,-1.071102235926612,1.072922220606978,-0.7545436915796235,-0.0364697712875639,0.7554245341001133,2.8612685728012046,4.854017309525143,5.634566699123328,8.221531362399201,7.45919028889384,22.826404279590164,6.88723801141318,3.893873553824915,30.926205285216987,2.258724490070554,1.3466749301148748,33.73421718302482,1.1511620914722087,0.5706662267203733,31.748341886869554
semiprime,494203,-3.295963591626536,-4.733319786949108,5.7678152018638436,-3.163046633939868,-0.02794709653199423,3.1631700948072488,0.5916620022218976,4.3981308543934405,4.437749309868776,3.0157735262056073,-1.587094647045177,3.407896621090795,-2.7573652268897275,-0.8638864610571588,2.8895263992665825,2.950777536376641,0.4968730793997901,2.992318653856442,-2.275053185185784,-0.5004642109470743,2.329448737762404,-0.46408330320280833,-1.5369597038508618,1.605496323126577,-0.10483186923457599,4.2574611281880905,4.258751575149674,2.2611435818135543,-1.6273148807048399,2.7858435021623227,-0.10722083828043238,-1.865368575252913,1.8684475453441667,-1.2920439434872502,-0.36542539663950535,1.342726060077492,33.26769220285165,10.005645048682899,19.6936189372408,11.613759380042056,8.349362812058502,8.95397092621723,5.426331421862856,2.5776184435729586,18.136964978839828,7.760924018540035,3.491096229702642,1.8029132724112245
semiprime,496739,-2.327198757382846,2.9776838907514085,3.779213596716215,0.46427934521643544,-0.669396936766731,0.814645671041886,-2.655711868999123,0.1781915179111072,2.661683254671427,-2.1905849381615194,0.125919284402914,2.194201002069922,-0.7902026093377865,-0.15642315636228954,0.8055360747046577,0.8986231570259408,-1.7237088777001697,1.943886795419334,3.2502645129196397,0.6062692702361299,3.3063245200641442,2.3765775492158085,-0.5376572295396611,2.4366362354510125,-1.4296746676378351,2.226485083470439,2.64597911597989,-1.6045559255190538,-0.5560651886629713,1.6981779094550407,-3.6756346411128833,-0.8114347600865228,3.7641355428339325,2.257276919556613,0.28262714143789663,2.2749015786711193,14.28245540960471,0.6636475693472847,7.084557748198281,4.814518037484651,0.6488883676505879,3.7786958734056477,10.931781831977395,5.937196143912882,7.001205482201721,2.8838082121610924,14.168716384825704,5.1751771926403505
semiprime,498007,-2.4866420528173254,1.0900072717230795,2.7150514822464697,-2.247475097293176,-0.2653617296370713,2.2630866444988245,-0.815899136850176,1.8105653665162882,1.9859099546407242,-0.5548477980772883,-2.6933071690139,2.7498653759216807,0.1220258017636976,0.43445809881215625,0.451269471512916,3.392847411156257,0.6946976910953859,3.4632381433281445,0.5982291623286174,-1.2192708252776923,1.3581235128049818,-2.8864480935956665,1.4920828613845294,3.2492912861514127,-2.243646556088059,-0.4615269089945616,2.2906237046647107,3.2768745913224016,0.35064168216533764,3.2955813867246695,-0.8599585674500275,0.6595141057045695,1.083737788099133,0.7108641599121918,-1.450571006718322,1.6153897670158344,7.371504551248752,5.121561160508949,3.943838347941123,7.5617595856928865,0.20364413591954653,11.994018437402973,1.8444994760337434,10.557893862259501,5.246956956371884,10.860856676526096,1.1744875933540013,2.6094840993794715
semiprime,109561,-4.231238656966472,-1.3292160093377172,4.435109443033747,0.6096045681789267,0.8903158260680598,1.079018071995028,3.179550601092824,-1.7564631523425436,3.632451628094563,-0.6423296324765765,-1.5887771908351935,1.7137095199816283,-1.6388246125678831,0.8983017366212367,1.868874559935739,1.268920876651766,-2.8417433136467842,3.112180144506241,-1.1078744077567084,0.6468689934159959,1.2828971891797492,-0.5338553448088619,-2.100087720965268,2.166880237791208,-2.4485395078630385,2.183464136607861,3.2806800144815833,0.7256444592365651,-1.3955572758930463,1.5729399198693976,-1.2821356683616525,-0.9473553837579818,1.5941625059009557,-1.4616491295902843,4.878223450473591,5.092492730557649,19.670195771687116,1.1642799996918674,13.194704830446842,2.936800318875663,3.4926921207750024,9.685665251858888,1.6458251980053011,4.695369964930082,10.762861357418881,2.474139991518747,2.5413540952204143,25.9334822107825
semiprime,111547,1.7144806025651276,3.392180367938023,3.800832985701453,-3.043447867007134,4.5183414168402125,5.447750368576362,-5.603765608752712,-0.27187184604450776,5.610356788878164,-1.3439449696281742,-3.3152237438595793,3.577275017836789,0.7646188402358903,-0.5915559244979179,0.9667369769757772,4.660321119870112,-0.18333337401105143,4.663925821272642,-0.7615077025937724,-1.211576034199549,1.4310172842269768,-0.002773826171950655,0.5230752074012801,0.5230825620392295,-0.5471214711810052,0.9684351426467164,1.1122987592101474,0.15786344926234747,1.0101272501725593,1.0223883460574958,-1.5647166219514328,1.6287076168759826,2.2585452415838265,2.297756543139159,-1.0775840384807136,2.537887407180867,14.446331385196222,29.67798407832389,31.476103298511305,12.7968965532392,0.9345803826522644,21.752204066333686,2.047810467756352,0.2736153667095244,1.2372085297404336,1.045277930154182,5.101026608280946,6.440872491527223
semiprime,114857,1.0935269887270318,-0.2774744738810147,1.1281814387455396,1.1147774777146202,0.23984628895078353,1.1402872739547842,-0.35365603948158075,-0.18438537786537723,0.3988365101546689,0.9481965317759786,2.0335830449006336,2.243777320363883,-1.1046031701363257,-0.15641912205304398,1.1156231914132413,0.05718576705790221,4.021759631154883,4.022166175426006,-1.8346615174739997,3.0882475101265623,3.5921101830961297,-3.1853143647177355,-2.1300688144878706,3.831895191224692,-3.019749206018161,0.4554496854892779,3.053902369634563,-1.391201280415824,2.221544127587537,2.6212018833827546,-1.5213391207381277,2.2176768054089,2.6893425095247503,2.0824055681516596,-1.2029240795921565,2.4048782280048346,1.2727933587299556,1.3002550671432331,0.15907056183235532,5.034536663379328,1.2446151052190657,16.177820742741062,12.90325556750291,14.683420756530918,9.326319683259598,6.8706993134492995,7.232563133536882,5.783439291531673
semiprime,115519,-3.939018726926809,-2.3308862143085753,4.576996730950751,2.0629874535800634,2.152016584982344,2.9811227106021354,0.28244138169996874,0.2794972279595008,0.3973560551113228,-3.4300069716581434,-0.9183322829062773,3.5508142738604795,-0.6975132406427106,4.4655241074578145,4.519671478676167,1.1123861685225782,-1.1779918371541265,1.6202060845219954,-1.8428064476719093,-1.032778482078043,2.112478874835104,1.352732614002111,-0.14194652905512983,1.360159675220444,0.2888918360965933,-2.6343978535596397,2.6501906617832045,-0.8592748193433386,-2.723768939189451,2.8560935645126815,-0.29988520368136706,3.4920403504008712,3.5048932857099735,2.461696397559008,-2.0218307170978567,3.185553107759378,20.94889907513386,8.887092615667823,0.15789183453363262,12.608282007451324,20.42743027515881,2.625067756322095,4.462566996624588,1.8500343420957834,7.0235105438028995,8.157270449250754,12.284276944214854,10.147748602355431
semiprime,116843,-2.1707660293596946,0.708690915412711,2.2835209584784986,1.651007916870451,-1.6783944055369089,2.3543226036604454,-3.8616202980454415,2.5400894275706087,4.6221386420500785,1.2069187050494297,1.7444708654302294,2.1212805945779745,0.9655527915099075,0.9100554502542014,1.3268357531096122,2.879964060553739,-0.5577243915706593,2.933470553292472,-1.1546225002274877,0.9142370948088688,1.4727466121353447,-4.724853660905677,0.9155134304425739,4.812733834141933,-0.41196466484177774,0.17950764870090508,0.449374989313297,-1.3928600130459856,2.055814234189398,2.4832299896381334,1.379369968816067,-3.891022681190542,4.128282816912,0.8001847665846346,-0.17474115297973458,0.8190422035638903,5.2144679678105605,5.542834922106499,21.364165626332543,4.499831360933085,1.760493115729952,8.605249487034042,2.1689825835561356,23.16240695829451,0.20193788102032578,6.166431181438204,17.042719016410878,0.6708301312187932
semiprime,118829,-2.81573426197115,5.573767681755048,6.244617330486734,-2.4177517328458844,-0.4607190854092009,2.4612568978754674,0.1942452563437167,-2.3579102509965475,2.3658977094047486,-0.029714160586581106,1.5089283180055304,1.509220858661304,-0.8990877961008868,-1.5471263448488972,1.7894017972560157,1.2927898169938827,-1.8588071437335514,2.2641708214085705,2.52066840031664,1.9368786310761257,3.1788784210589394,-0.6541940151216992,2.3851886149951227,2.4732760740611632,-4.132544319456252,-0.41441512286804516,4.153271294573938,2.5926076303772367,-2.204376521488356,3.403070697705144,-1.8106449919611431,-0.044918213571983334,1.8112020684684704,3.294267951617481,-0.04908639627750111,3.2946336384116433,38.99524560421526,6.057785517339569,5.5974719713666365,2.277747600218364,3.201958792023059,5.126469508517961,10.105268015874175,6.117094538523401,17.249662446331875,11.580890173579375,3.280452932824466,10.854610811353542
semiprime,121477,-1.8438699770592957,1.288624347807591,2.249535330254492,-0.26644622127062856,-1.2144380807526711,1.2433235463111072,-2.2543293936472013,-1.0283340674949248,2.4777957884846793,2.058353824532887,-3.1619641208754152,3.7729083700339983,-0.10975552181200732,1.9431438097784257,1.9462410282512395,2.8147055674019352,-1.3787206047233678,3.1342364200953665,-3.2965258471643075,0.010054592934601425,3.2965411806712557,-4.065024139923611,-1.3177010648183236,4.2732607402761,-0.13052945991480103,-1.4580495712613075,1.463880627701908,2.7207294914182127,1.6448184636803758,3.179276135213278,-2.234587162149319,4.216735989264419,4.772236602307174,0.5470162266036194,-0.6754692195778812,0.8691866420768407,5.060409202063187,1.545853440811628,6.139471969432414,14.234837568672601,3.787854140048442,9.82343793705222,10.867183755861436,18.26075735438504,2.1429464921609322,10.107796743936678,22.774242188400322,0.755485418764814
semiprime,123463,-3.4163889195256454,-2.705575931244763,4.357964475439029,0.09951945273041668,0.23036313623349491,0.25094082172315724,0.3966433632732849,-1.160109760377014,1.2260426639194721,0.6201485518111608,-0.5710571805160413,0.8430246317471456,-1.5227097572865032,0.3472250088103829,1.5617971096396905,-0.497533861334972,-1.1613089578797267,1.2633995562871565,-0.054496741058837214,-1.812399353345198,1.8132184950502037,-2.532272475233949,3.0544815199685824,3.9676518552737274,-1.4531383230136221,0.8763318128445412,1.6969291181467308,3.316910629591201,1.4768104268488833,3.63082155462709,0.08067871863138965,-1.153934773236083,1.1567517091076256,-0.15605828039288355,1.4797990111675912,1.4880051412316304,18.991854369188577,0.06297129600709338,1.5031806137507557,0.7106905297324104,2.4392102116788914,1.5961784388265838,3.2877613107921255,15.742261244657051,2.879568432014241,13.18286516154468,1.338074516523413,2.2141593003317643
semiprime,125449,-4.527280932889862,-0.2955460534776577,4.53691746839573,0.37166605035304057,1.8443968907892059,1.881471643086315,-0.782668221977272,0.7034891396874006,1.0523623498354469,0.9148973184507158,-1.6321567169295297,1.8710886274910903,-2.122552645371953,0.40475360669540805,2.160799670147239,1.0541612952056911,-1.4232493978798946,1.7711281390332048,0.07773550391406192,-1.0247733570209712,1.0277174912537026,3.3858219279035042,3.2529429834617782,4.695255922857179,-2.309073542519145,-0.8911176925333277,2.4750578511840557,-1.7428641597762995,-0.1738048204987399,1.7515089480391888,0.7495789040716534,1.8565035313440021,2.0021173530345346,0.17368416035222345,-2.7016479069039656,2.7072250738414487,20.58362011503432,3.5399355437379176,1.1074665153511833,3.500972651926492,4.6690552145084165,3.136894884875223,1.0562032418288043,22.045428181125416,6.125911366707835,3.0677835950613455,4.008473895322012,7.329067600435837
semiprime,126773,-0.6741902441730045,-2.254130598470682,2.3527934971645617,-1.2788919940663173,1.9966699685949365,2.371129624456627,-0.21968642534327099,2.227152620311962,2.2379613311320963,-2.257866254244731,2.922091828531926,3.692774116626982,-1.6865456165844648,1.0085221362755972,1.9650834629038447,1.7970428327042944,-2.872093729116929,3.3879618255533317,-3.1805790474663884,-1.7019112786824286,3.607296089550823,0.42857848224319606,-3.280803808831987,3.308678459368386,-0.673134381979881,-0.5854690749428166,0.8921232728260337,3.4274098100731956,3.4363176909023267,4.853392347522945,2.693419956378605,-1.5611762047012938,3.1131627332254994,1.246865340920131,-0.3366391490375604,1.2915103929324792,5.535637240299848,5.622255695975825,5.008470919642544,13.636580676430187,3.861553016178166,11.478285331406664,13.012585077688659,10.947353147488357,0.7958839339178336,23.555417278994284,9.691782203544062,1.6679990950526067
semiprime,128759,-2.9630294420549372,2.2754125140782797,3.735912951837667,0.4295804335596213,-3.702155499741888,3.726995397524175,0.4930369441441783,-0.736956338918434,0.8866736004658599,-0.013545685071765678,1.0889483808350102,1.089032626557742,1.7892625726715736,-1.3780220174354583,2.2584076767714434,0.12068191873051431,-0.28398113186841945,0.308560219026606,-0.4321937998789712,-2.3845315124584783,2.4233823500556704,-2.3200847160004994,-1.4733078894602558,2.748350273630519,-0.45735802346235543,-1.0155610891878264,1.1137956219602216,1.7070349658407444,2.848206761705395,3.320579788535015,-5.46250009488028,0.30205051977035435,5.470844706538526,3.655730259999621,-4.829704151245996,6.057260595553051,13.957045583708428,13.890494693166383,0.7861900737630912,1.1859920617072541,5.1004052345001885,0.09520940876574709,5.872782014561344,7.5534292265649485,1.240540687497757,11.026250132027245,29.93014180306061,36.6904059224397
semiprime,131407,-2.429265504157344,0.7866446964008749,2.55345663132634,-2.285772465642155,1.0036693647340655,2.496419027005182,-1.0762119733660378,2.3962929919830205,2.6268712025988936,1.7645835168781767,-3.1980865758941186,3.652603555678103,-1.1904650715138092,0.1608800767936015,1.2012865959476506,0.06334146121932135,-0.1102844143152859,0.12718015863437357,-0.4494739421259202,-0.8623575998405866,0.9724646289984188,2.1901240773415482,0.5699909644928531,2.263080461175577,-0.1998477747962777,1.21269718999448,1.229053948251065,0.11726575479939816,-1.7803905598860208,1.7842482458951532,-0.425244451349605,2.338579851743645,2.376928388989655,-1.3425143716694314,1.106440091546913,1.739699547140629,6.52014076806446,6.2321079583935,6.900452315043357,13.341512734952321,1.4430894856034941,0.016174792750264427,0.9456874546530323,5.121533173754662,1.5105736077115315,3.183541802979931,5.649788566384957,3.0265545143213095
semiprime,132731,-2.59144568704594,2.1035630983307803,3.3377490105710454,-1.3305525091762762,-1.2060083190116102,1.7957800659324887,0.7139545818669183,-2.7221302543030683,2.8142004666265072,3.444429831428714,-0.09797051967097903,3.445822846050075,-2.231373499068816,-0.09939086741964998,2.2335859591412732,-1.38284998177789,-2.6909805250508994,3.0255000013727193,-0.5231477161820542,2.4437176430109764,2.499087723892385,0.385231182725786,-2.6631692549254598,2.6908871296515833,-2.798751473122586,0.4368467718963406,2.832639212893534,0.16523054579018592,0.5812911131475526,0.6043182038350686,-0.38927658455019176,1.8360618827308177,1.8768749283039874,-0.2076346518809966,1.6290172535903988,1.6421965050373686,11.140568457567992,3.2248260452004938,7.919724266360851,11.87369508636064,4.988906236873041,9.153650258306325,6.245439451709621,7.240873544524537,8.023844910422099,0.36520049148644357,3.522659496496098,2.696809361156948
semiprime,135379,-4.568312783046757,-0.3709796272269822,4.583351128548398,0.644415795188167,-1.5535780561217525,1.6819264233464675,2.657137165528953,0.6520681646628865,2.7359771212131987,-2.7113927709038457,-3.444994769823282,4.384020953670204,-0.8500767096451329,2.220747641151428,2.377887822829481,-0.7193551761895622,-0.06393374326398871,0.7221906902186304,-0.09073332343239203,-1.7321434719826563,1.7345182453676349,-0.2552534827108468,4.4695117108734275,4.476794531142872,-1.7874264212335444,-0.7963178018074807,1.9567869717471176,5.020637137679295,-0.24546490273851335,5.026634091190742,-2.6399738041863436,1.259574377930185,2.925062272897507,1.9528823561796758,-0.20335336703801388,1.96344138923564,21.007107567565875,2.8288764935510406,7.485570807802062,19.2196397222194,5.654350497960729,0.5215593930384618,3.008553543513219,20.041689274070727,3.829015252799255,25.267050286720973,8.55598930032833,3.8551020889635796
semiprime,138689,-4.360349556040103,2.98909811577784,5.2865258721211,-0.1828575870248978,-3.829524195465583,3.8338873823821285,0.6141859752359154,-0.42729896939744977,0.7482037298922101,-1.6451345445239736,0.9969547832928868,1.9236388719083082,0.1198262115911094,1.187201870240315,1.1932336743850214,1.0588107452379765,0.23567396279216235,1.0847222736578983,-0.7578540468424507,1.3712888976107025,1.566772477747122,2.1740835470022923,-2.9424653571533814,3.6585163177706126,-0.723120168713418,-0.28914560171888015,0.7787862077576202,0.37508352765057,1.0169601305298266,1.0839259936923913,-3.197776116648444,-0.32522736992507684,3.2142720691247635,0.0037831921607210384,-0.10636726615644265,0.10643452378115126,27.947355796605756,14.69869246078889,0.5598088214246152,3.7003865095166684,1.4238066016863793,1.1766224109695604,2.454775997025856,13.384741647393842,0.6065079573934952,1.1748955598020379,10.331544934355588,0.011328307852520453
semiprime,139351,-1.1141246366722841,-1.8371339368241113,2.148565756003527,-0.6024524263066177,1.980816108472986,2.0704060909755833,-1.143391395111414,0.613878449305032,1.29776370458415,-4.846837616045974,1.0394164163565747,4.957037559158673,-0.5021640402458172,1.4809441929025136,1.5637661032928423,4.224953908463974,-1.6118110942579689,4.521965339563991,-1.1725422411008437,-3.0521443755224267,3.269623922746922,2.294484044765687,-1.2210638750539204,2.599164099984071,-1.144210265586028,1.360308677508928,1.7775423567326145,-0.9793717641461539,0.23569142166993193,1.0073328638814198,-0.6251053240618382,2.8656660179118196,2.933052742857694,3.1161946826839575,0.9898656753189565,3.2696335200695543,4.616334807871008,4.286581381548795,1.6841906329359768,24.572221362909772,2.4453644258076803,20.44817053221808,10.690440596198972,6.755654018646005,3.1596568299785375,1.0147194986555432,8.602798392385042,10.690503355562425
semiprime,142661,-2.319367157049488,-3.631570475881235,4.309033317403346,0.8026885706337138,-1.2354119083761814,1.473279174081977,-2.530985378427996,-2.512466919078805,3.566283360205923,-0.12959947405491667,3.83054765334404,3.832739405205478,-0.3757327834360188,-3.267498553328635,3.2890305441806564,-1.2782826237858562,0.5766073495628796,1.402313268083413,-1.4598835945504443,2.733129207370777,3.0985892554226573,0.7113591810722373,0.9935442245137741,1.2219500851345937,2.7861670315650313,0.5088967148620501,2.83226103920124,1.2218481115499,-1.2596298947897187,1.7548732944420844,-2.8152057645661253,-1.7313481695627062,3.3049886506755923,1.3449842625071935,1.326058852141094,1.8887601080427805,18.567768130492084,2.1705515247836726,12.718377005281651,14.689891348214843,10.817721920553305,1.966482501842782,9.601255373820738,1.4931620105604408,8.021702594177288,3.0795802795460148,10.922949981094472,3.567414745733776
semiprime,143323,-0.0011987003467155422,-2.9299835388943,2.9299837840974625,0.5138853738143079,-2.1544648615209754,2.214903387723462,-2.564186090803346,0.315968448073942,2.583580145543699,-1.2266285472913823,2.7674275187512056,3.027089801207031,-2.13200266296413,0.9148576148482723,2.319999959123278,3.0980896409455836,1.1764785840101863,3.3139494990070304,-4.582653465115595,-2.78388362675779,5.361969864580187,-1.0371866835554286,0.7436218552297449,1.27621694085294,-0.3563545372123434,0.6745248218128912,0.7628710844130455,0.751983523417149,0.16068491782271432,0.7689595973174159,1.4235245649128223,-1.847430377715824,2.3322566727136773,2.9228233324819546,0.6544982242840311,2.995206864056616,8.584804975074086,4.905797016948868,6.6748863684476,9.163272664571624,5.382399810332011,10.982261281968947,28.750720828666072,1.6287296801200366,0.581972291433536,0.5912988623065625,5.439421187417473,8.971264158491868
semiprime,145309,-2.2262889298921738,-2.5230089414037153,3.3648085410263002,-0.03888262826032385,3.2325288189144423,3.232762661237727,1.4885060819218063,3.9401150539503957,4.211906574733673,1.2733336804888775,-1.5717837502742262,2.0228402852161764,-3.5626820709317135,-0.7814855147765807,3.6473857964772387,0.17283282548340537,3.8873089913037076,3.8911492363356133,1.4503036558359803,-2.665433672301502,3.0344550343628227,0.10562592573317309,1.2001034320980746,1.20474274595059,-1.268716282116691,0.5547722433076284,1.3847069171678812,0.9006983365427704,1.7621037553556538,1.9789560728043993,-1.9092463673992803,1.7210615203268014,2.5704619133877373,-1.2000046578280745,-1.1785575340501346,1.681965826012945,11.32193651776354,10.45075442389283,17.740156994284742,4.0918828194934616,13.303423148343901,15.141042379435227,9.20791735556988,1.4514050839205677,1.9174132464525775,3.916267138089411,6.607274448176947,2.829009039875409
semiprime,146633,-1.293452352983953,3.314999373317587,3.558404113438455,-4.121175818277482,-2.169647502012692,4.657409194836223,-0.41286249183707224,0.5032792199718222,0.6509573030709175,1.3604704161350432,3.26719929542911,3.539134214639384,-1.0313252882675212,-2.473278431904229,2.6796899171252497,1.9665453522930292,-2.657708862333955,3.306163489537951,-2.2164903856124263,0.6658825593237767,2.314352871176715,0.8363675775466637,1.1310714809101126,1.4067101406115865,0.7977602246007658,0.5179263254471982,0.951140922548442,2.500757307500694,-0.41133992710196265,2.534361388327712,-1.7650733878874192,1.5139738194723709,2.3254248624017357,-3.1308556205594185,0.8478117373339185,3.2436155226459347,12.662239834535717,21.691460408144994,0.4237454104213623,12.525470989231128,7.180738051942728,10.930717019553759,5.356229212323905,1.9788334196994695,0.9046690545463013,6.422987646646367,5.407600790676131,10.52104165874966
semiprime,148619,-1.6080283430229334,5.274263442656103,5.5139468635908795,1.4177188829825882,-1.2248683703535121,1.873560609069764,0.40041305828723683,4.110409259866708,4.129866208588956,-2.182298191490575,0.710547943238095,2.2950607347569085,-0.6159599747642709,0.49435534681270266,0.7898062417035642,-2.005832294460694,0.6942590028217304,2.122583038776216,-0.6447834829107122,-2.4619494542800884,2.5449834685640873,1.3698127168504883,1.780821703666681,2.2467115568082203,-2.9012326674133484,-0.6193535619230458,2.966605775146596,0.6279064723666866,-0.2518353817112883,0.6765261247887231,-2.686812246808487,-1.983992118742991,3.3399378402650512,3.533946239925962,-1.9547564789522591,4.038545396388739,30.4036100145037,3.510229355857865,17.055794900844916,5.267303776222921,0.6237938994339088,4.505358756500476,6.476940855264493,5.047712819495617,8.800749825133137,0.45768759752164695,11.155184776834375,16.309848918692676
semiprime,151267,-4.971470604141515,1.4913790819207824,5.190349846959651,-0.23831065671579443,-0.8562011027953025,0.8887476005774674,0.027906329003294095,1.4291004134567262,1.4293728537161414,1.1845867226493634,-2.38399879536356,2.6620848896629994,-0.47094906363229144,0.021103732189317936,0.4714216669272325,0.03897310348116745,2.246648891995494,2.2469869039893253,0.4752256720735438,-1.6101544736610145,1.6788200822149852,-0.7892594967796891,2.0518451340690675,2.198408289526729,-0.8043191105894073,-3.0552929447010158,3.159389847676152,0.9932973858671789,0.5799794238712102,1.1502242515633863,1.484262976956227,1.2960560942095045,1.9704816629698836,-0.5667880267262424,1.364953028348914,1.4779531240330657,26.939731533834074,0.7898722975322054,2.043106754940626,7.086695959772063,0.2222383880484505,5.048950146699534,2.81843686844833,4.832999007459838,9.981744209599139,1.3230158288845522,3.882797984100558,2.184345436839098
semiprime,152591,-4.687485837945334,-2.948211836294414,5.537551490740701,2.555246491976515,0.8926396277395661,2.7066751079080986,-2.4900521061864866,-4.522403552082626,5.162605289910639,-2.19100947016001,5.089967142825371,5.541505933712669,0.42286667926434895,-0.4391251060136866,0.609628646934828,1.9629503674033848,1.1206373450373142,2.260310200831152,0.8212962248364786,1.0849792053568996,1.3607745459801712,1.7669247901282958,-3.3784119180142214,3.812570038930492,-2.6492425663757366,-1.6234818136155849,3.1071175347317728,0.27059408428101533,2.3181939244747625,2.3339332102525088,-3.2232440405429688,-1.8299705494246559,3.706493539270956,2.031862664069092,4.280497677943749,4.738261944692354,30.664476512604562,7.326090139769318,26.65249337941331,30.70828801337272,0.3716470871635892,5.109002203981364,1.851707364987541,14.535690301750455,9.65417937463765,5.447244229919582,13.738094356657337,22.45112625651977
semiprime,153253,-2.309868127585064,0.09028079359527225,2.3116317588503414,0.5819773824192196,4.013563158724499,4.055537806841172,-4.736220470975924,-0.10586070289020444,4.737403385622531,-1.168648436786407,-0.9699908275293676,1.5187565223874497,1.2439153723738976,-2.287583515353136,2.603913169317192,2.846047618910817,-2.030508411893954,3.496133787468671,1.9928569327919299,0.9711813856640243,2.216905960666161,-2.7380358995978495,2.1271430413967427,3.4672147476107087,0.4289266010364915,4.092299957270763,4.114717118995546,-1.570330134453799,-3.7352942210406694,4.051957508280844,-0.9879100897387795,-0.10036476214540269,0.9929951817044163,2.465316016759311,-2.7340523867669795,3.6814162378188384,5.343641388525523,16.4473869027181,22.442990838107818,2.30662137429442,6.780363793343504,12.222951459880035,4.914672038437154,12.02157810604919,16.930896969355004,16.418359648913505,0.9860394308881867,13.55282551607621
semiprime,154577,-1.66877981439282,3.130431127351238,3.5474533276724696,-2.9598227461645745,0.7078746867073946,3.043293817690677,2.317620608317707,-0.7219906345717468,2.427475182264126,1.778773415424837,0.0737995349237337,1.7803036917270882,-1.5463182544902336,1.2773433832480818,2.005668532658719,1.8748574754164302,2.9032425326296782,3.4559959138278593,-3.7937401825299357,0.771119519024029,3.871316298775149,0.2216624490245342,-1.7822222494335276,1.7959538935294126,-0.5240586258963081,0.5582048690652063,0.7656566588389543,-1.3334502725799973,1.1085409298635203,1.7340566953321759,-0.21883481744706434,-1.1978738525261723,1.2176988313589627,0.14328780527334817,-0.47686087182269676,0.4979233738393442,12.584425112014477,9.261637260794297,5.892635760508251,3.1694812347770993,4.022706262897379,11.94390775639486,14.987089885162117,3.225450387683457,0.5862301192244308,3.0069526226263465,1.4827904438929835,0.24792768621555533
semiprime,158549,-3.716175499612283,0.10850361419984011,3.717759187765263,2.856620487167469,-4.990222881652058,5.750009131842199,-1.796950475701003,2.1790004786385815,2.8243714518506997,0.10726743882867318,-3.675244567555796,3.676809613616301,-3.3306858279898943,0.9588277307190074,3.4659513415465732,-0.9617106939532863,0.17776802743770795,0.978002520673237,0.03913884788065114,3.8903431413790837,3.8905400148422453,0.811936356806023,-0.9916310640450376,1.2816289691960505,0.4763934775851176,0.7860614887935582,0.9191536376743482,1.4323656331221695,1.006740279522781,1.7507704867752027,0.28865788173844154,-0.5110734977065707,0.5869578287643434,1.530254867499512,-3.1103644006851097,3.4664169778829534,13.821733378213027,33.06260501626868,7.977074098029229,13.518928934781252,12.012818701968492,0.9564889304432054,15.136301607088699,1.642572814682531,0.8448434096499869,3.0651972973630803,0.3445194927477523,12.016046664555189
semiprime,161197,-3.428109342840554,1.735039808874161,3.8421734480432788,0.31673474563550646,2.4729978287184773,2.4931985801253562,-0.04670439767799367,-0.8126285938879674,0.8139696139087744,-1.3898422479853871,-0.781150886600532,1.5943206019875273,1.7420284041813252,1.5470621918966474,2.329820676912838,-1.3584061327367805,1.5852269315822112,2.0876330247604455,-3.0556435404150606,-1.3787611064589318,3.3523036310519587,0.2435714296309237,-2.0412402322172087,2.0557209749755962,1.007200557948403,-0.6935079662088196,1.2228680481256624,1.5160870728097207,-0.7371374954854621,1.6857911197984545,-0.8575486793336096,0.26734811345575926,0.8982565063472524,2.7655742101924035,0.924158951426097,2.9158996003947593,14.762296804848777,6.2160391599390925,0.6625465323667993,2.5418581819218717,5.428064386570595,4.358211646070447,11.237939634764148,4.225988726954616,1.4954062631266674,2.8418916995913275,0.8068647511951715,8.502470479582318
semiprime,162521,-1.22572865515893,1.834792055219159,2.2065522024128645,-0.7023319008952882,1.4312375930036418,1.5942744891147345,-1.9661018327147726,-0.3903879614315173,2.0044847659772933,-3.04875202005207,-3.1788289414557496,4.404525209237456,-0.22354514933090341,-2.347278176944517,2.3578989108418855,2.526453703084317,1.18327814823548,2.789823558922687,1.0946524876338046,3.285892433109306,3.4634308352626118,-1.0003541174609172,1.4372465207037068,1.751109911340782,-1.8109190318981083,0.7641452004036964,1.9655395257767743,3.5164859163092825,-0.7231186192450084,3.590065979491232,-2.5401021474635592,-4.091316999549832,4.815702826208697,3.851618474856465,0.9825346329948664,3.9749640477481054,4.868872621973063,2.5417111466420477,4.017959177035045,19.399842318808258,5.55968727374935,7.783115489920047,11.995353150647873,3.0663859215959213,3.8633456273907867,12.88857373710034,23.19099371035443,15.800339180890003
semiprime,165169,-1.4855219731273603,-2.051858862105436,2.533160145479322,-2.820965631023155,-4.251464435258384,5.102234504183511,-1.295035000933866,1.2786697504301112,1.8199208730900311,-1.0968734118863974,2.7090184476991723,2.922654997032277,0.18380277473674392,1.909827039849373,1.9186512924814516,3.645191140670632,-0.1452090489384329,3.6480822523508523,-0.17854724673341316,-2.6894209295674565,2.6953411761243817,0.6074253518604437,0.21559546427946785,0.6445517530041037,-2.5712690351609426,-1.3478491477020929,2.9031227628432705,-0.9048313361875417,-0.6848124117572951,1.1347633172797644,-1.512863523029472,3.8057898187120403,4.095459947737905,4.086471789109677,1.7934403158086072,4.4626987182149005,6.41690032264482,26.03279693568076,3.3121119843087814,8.541912231677738,3.6812227821407446,13.308504119917266,7.264864055711565,0.41544696230066314,8.428121776138745,1.2876877862437752,16.772792183525365,19.915679849556916
semiprime,166493,-0.7233324088124576,-1.1344025910626234,1.3453917690576325,0.6384924689401706,-4.4021565108692675,4.448219259330862,0.3084803361153125,-1.6570500168196793,1.6855191710603339,-1.4646031335581922,0.03739840719140464,1.4650805369292603,-1.7486883726729534,-0.1944759722964039,1.7594692178387816,1.7877745741222073,-3.361490577765198,3.8073293569485216,-2.8812661466565235,1.5120532468399963,3.253920655017314,-2.552804756979103,-0.06848561726462152,2.5537232440159316,0.007970798087792996,-1.2516775055636569,1.2517028846959708,-0.8152422213143773,4.361168647269515,4.436711828521232,-1.909427053525737,-0.5766865851896814,1.9946125163233368,1.3743358734979203,1.0676257224946935,1.740294163788297,1.810079012248026,19.786654579082,2.840974876011915,2.14646097968893,3.095731928522214,14.495756832282042,10.587999629148307,6.521502407027254,1.5667601115562149,19.684411849340215,3.9784790902737135,3.028623776515608
semiprime,168479,-6.334576074682856,-0.5295046693379987,6.3566680927035355,1.4293425630421264,-0.326328854439044,1.4661209649150149,0.5499051347369539,0.8658934864686371,1.0257520105361135,1.0896810324087274,1.317843282284165,1.7100045815882634,-2.540348375521574,-4.951916027834001,5.565504668557414,1.3679189918072736,5.929042632810485,6.084796538080079,0.46375479311497125,-2.9062843074494307,2.943052324350338,-0.27469038906748455,-0.4603049848784486,0.5360368354413667,-1.115030531124591,0.3339527471213596,1.163966289309914,0.9933308815595203,2.0960862363223822,2.3195438668755424,0.7411386927936692,-2.51084516055587,2.617943846273778,-1.398966936183047,-0.2694362599815875,1.4246769411786824,40.4072292407952,2.149510683763334,1.0521671871188791,2.924115669052852,30.974842215734366,37.02474890983132,8.661556983863926,0.28733548894999483,1.3548175226498906,5.380283750359943,6.853629982242743,2.0297043867262468
semiprime,172451,-1.1758835301250734,-1.4070674901550755,1.8337232610922258,-0.9638086675400444,-2.9392986964826657,3.0932836880522316,-1.9450025782243887,-0.42220527692555765,1.9902995566404837,1.0546813634228456,1.5450463478121297,1.8707006695992472,2.578520234943926,0.2628777928720436,2.5918856718614256,0.09376164934789222,-2.8845704020412146,2.886093839642199,-2.158268787021816,-1.0224420891962414,2.3882026678639723,-1.3995562251010907,-2.6226778529194474,2.9727422941475057,-1.1194955884958055,1.004482315347046,1.5040794841053222,-0.3189491611435668,3.7758496553869105,3.789296661318514,-3.377751228146901,-1.7203237237760822,3.790609063703972,4.091334678188115,1.1369415467892579,4.246369688305553,3.3625409982707075,9.568403974770016,3.9612923251633063,3.499520995239072,6.717871336000553,8.329537651220651,5.703511982792595,8.837196747413374,2.262255094506532,14.358769187479636,14.368717073834706,18.031655529760197
semiprime,173113,-1.1838275905549702,-5.388587613745177,5.517093821493987,-4.266148205432631,-0.7292282965874786,4.328024308995957,0.3024766974512031,1.6918866007664528,1.7187124315469557,1.0473687277394323,-0.14332451405247318,1.0571296837072048,-3.743916575374456,1.4036893557191328,3.9984065739645325,3.924768825057922,1.1886922385321115,4.1008291317845735,1.292474536337981,-1.535736464926618,2.0072311567897168,-1.960725884539988,-0.8230679309255137,2.126472857391583,-1.2741121067626782,0.5862122472107482,1.4025000746449556,3.170967894653421,0.5866574685219458,3.2247797404311704,-1.2871043274412832,-0.4054939506777847,1.3494676334593414,-0.13962248473719718,-2.2524009638373297,2.256724294223714,30.438324235167123,18.73179441925993,2.953972422354049,1.117523168174895,15.98725513072279,16.816799568093018,4.028976916787385,4.521886813223125,1.9670064593791061,10.399204374295326,1.8210628937543554,5.09280454013952
semiprime,179071,-0.8531485695658981,2.3905980440351255,2.5382713586015395,-1.606840905766893,1.5324260448186013,2.2204205185694335,0.3658887589083383,-2.9891601059633337,3.011470192942014,-1.1915338324410232,0.5348498803612638,1.3060693964617847,-4.304495660368676,-0.03465092183307861,4.304635126990052,0.49269134152627947,-3.720143225385353,3.7526271298112603,1.1909011667313123,0.49185561509062203,1.2884748872283753,1.3652482329488271,2.866174809217642,3.1747221570656667,-1.1403415320346197,2.0677012477053665,2.361306261255704,2.210776740458381,-0.24528990779284843,2.2243428096893716,-1.6176032298149445,0.5206396604500056,1.6993251204937911,2.8951879006646997,0.3091834332795593,2.911650283871641,6.442821489896906,4.930267279284152,9.068952722978212,1.7058172683740505,18.529883576516657,14.082210375395498,1.6601675350181746,10.07886077456368,5.575767259445391,4.947700935016808,2.8877058651412377,8.477707375569809
semiprime,181057,-2.124880934342767,-1.088798143074806,2.3875930100200358,-0.4032529698140318,1.529125551079435,1.5814037778593493,-2.2453805663433277,-0.14560548986004318,2.250096630456049,-1.277032713281718,-2.035912938967957,2.4032798517544336,-0.3036225942308288,-0.5013428978893112,0.586115501408648,2.2960159069999353,1.2124323946775806,2.5964747941892963,-3.041220198401659,-0.3516637409002791,3.061484555216669,3.5843019468099646,4.485174213713834,5.741429105481424,0.6888441856942322,-2.924666026328116,3.004692609523084,0.8071439259604468,-1.0295710813818726,1.3082423050920964,-2.4259508060558415,0.6335488582562768,2.5073135961025734,-1.1526541545748485,-0.703103118486623,1.3501724316857728,5.7006003814965345,2.500837908627822,5.062934846389664,5.775754045848812,0.3435313809915108,6.741681356860348,9.372687681830207,32.96400817326922,9.02817767772264,1.7114979288326817,6.286621469200819,1.822965595284273
semiprime,184367,-2.731966125738716,1.975294870862324,3.3712651540688423,-0.7335842753414028,1.451631986725717,1.6264628227885887,-3.939731283695366,-2.621182674333863,4.732027176586791,0.3683198354213887,-0.3998482533469534,0.5436341847873883,3.257881893916467,0.01471042298560088,3.257915104979435,2.643050901376191,0.7512451325793318,2.7477422216229885,-2.2931305096970154,3.6028701552321576,4.270728379324291,-3.093443140098333,-4.71401953484896,5.638383690026695,-0.2060517633500213,-0.053604643003802965,0.21291027906425358,2.6802116042806645,0.4478736770274224,2.717374665793217,0.6678492786522532,1.8594362674596856,1.9757342664793616,0.6767140047066182,0.5802407890829614,0.8914152890105075,11.365428739038816,2.645381313913424,22.392081199955957,0.2955381268694483,10.614010831253163,7.550087316489637,18.239120889965886,31.791370635959044,0.045330786931218336,7.384125074294798,3.903525891740741,0.7946212174816866
semiprime,186353,-2.1631756153438553,-0.7752185578358017,2.297888716894551,1.299953135079467,-2.128126805817031,2.4937525649189682,-0.8401710593056082,2.545535001085376,2.680603635498063,-0.46438233425359543,0.6338678056971032,0.7857730890442092,-0.19778079329708997,-0.39209369553335804,0.43915226092351156,-3.408932369160096,-0.8138350525347534,3.504732142438521,-0.7899283490938145,2.0315554544028958,2.179725753625037,-2.1973366058731196,-0.26334331126935584,2.2130607445572545,0.3884590971468287,-0.6807037292807218,0.7837461561071999,2.4480523927871496,2.315677825942574,3.3697662101981223,-0.8231407209413291,-3.4361321267335025,3.533350341933547,6.102024980291797,-0.8562125882101627,6.161802403218936,5.280292555231287,6.218801855039933,7.185635850645433,0.6174393474660786,0.19285470827423198,12.283147390241707,4.751204361016235,4.89763785910031,0.6142580372128114,11.355324311393016,12.484564638841912,37.96780885631466
semiprime,188339,-4.138366614105423,0.06943010354804735,4.138948993648155,-1.4072622088809492,-1.5609314784321104,2.101640788742154,3.6051178028143966,-0.790751602413291,3.6908213813307857,-3.3517478710440476,0.2836344247133854,3.3637274381154607,-1.8939594768557635,1.3752081899531379,2.3405725935518307,3.139892248815886,0.20958867603930664,3.146879525386695,-1.5904386788522695,0.5529984393261794,1.6838356407578927,2.8112806606487344,0.521023584553167,2.859154512893316,-1.2276560514405637,-1.9272768128952906,2.28506789705743,0.63453695705879,0.16498321034658858,0.6556345091357649,-0.6664230832715575,-1.5563275299622905,1.6930077100933987,-1.3058341877639077,0.5802817642578219,1.4289611092899606,17.130898772021073,4.416894004904743,13.62216246888849,11.3146622779308,5.478280065685943,9.90285074729799,2.835302465086543,8.174764528598216,5.221535294162464,0.4298566095696954,2.8662751064356935,2.0419298518631948
semiprime,189001,-2.9393320933114397,-1.3218197834872982,3.2228683955118336,2.4193131211182863,0.8207045292351685,2.554727363599142,0.243666891239046,-4.895369593372575,4.901430098410348,-0.7014401557304506,-0.5065128950241284,0.865201482255366,-0.0946864231384873,-2.280036865952465,2.282002109733709,-1.9486465439964746,1.806592274702188,2.6572540338558204,-3.0294809184348286,-1.8590151526729541,3.5543905206136794,-0.550783330895821,-0.15233720807009066,0.5714620744680137,0.3599698546839499,3.3723060215025384,3.3914637251404396,-0.605978211777239,-0.2827097159389874,0.6686810724366611,-1.1963798530881022,2.4063658670280814,2.6873632874758333,1.9033310489436719,0.06275986794052968,1.9043654803889223,10.38688069478902,6.526631902322223,24.024017009602872,0.7485736048968824,5.2075336288291,7.060999000443029,12.633691973028384,0.3265689025552856,11.502026198943467,0.4471343766350432,7.2219214388729185,3.6266078828969306
semiprime,190987,-1.8564214190003727,-0.4822238374373132,1.9180303215319945,-0.44847462623394585,1.3384129652573584,1.4115518962987768,-0.24808201778845473,-0.3538578848347125,0.4321574831119876,1.183346813933432,-0.6797511028626486,1.3646872329912783,-0.40121082906612204,3.5774371918808523,3.5998648573539924,0.6763080608763451,2.3841439106334192,2.4782120126851,1.9611024230434544,-0.3778854158550419,1.9971780344232823,-2.530630699140028,-0.08772423307694066,2.532150721520914,-1.908357365494746,0.28422733738308026,1.929407425546487,0.42496882538401637,-0.8513607791019615,0.9515322794006357,-2.343807984822634,1.6533266340576276,2.868261638798431,1.212380911922117,2.905305442050714,3.1481212154557516,3.678840314316126,1.9924787559446726,0.18676009020968784,1.8623712438893913,12.95902699121228,6.141534779816735,3.9887201011828455,6.411787276498885,3.722613013753923,0.9054136787413694,8.22692482860266,9.910667187202598
semiprime,194297,-1.8764764034067403,1.0825388128864595,2.1663457650956643,-2.551652876134472,-0.8831300621884327,2.7001576078122307,-2.0365758544651844,-3.7127851126182025,4.234668169227661,1.392315428249232,2.2297220118657677,2.6287264030209707,-0.8801789655282953,2.5682955082364907,2.7149321960200394,2.836620873828875,0.6369119288757761,2.907245223056691,-1.3067550562232453,-2.43752087438356,2.765703669958264,1.0896732165462106,0.44660150137917604,1.1776419744100068,-0.8085234647595453,-1.3356882076878445,1.5613369851582797,-2.1700305650857206,0.821833981079634,2.3204404206666136,2.004206721961353,-0.617161353736827,2.0970771852512593,1.734704928048974,1.4646650996528807,2.2703402920131994,4.69305397394792,7.290851107026268,17.932414503469953,6.910202501939571,7.370856828986194,8.452074786985948,7.649116790020611,1.3868406198922991,2.4377731812231462,5.384443745863451,4.397732720901344,5.15444504153858
semiprime,196283,-4.417221896301464,0.8034069818438371,4.489689528201312,0.8716743940410874,-1.7432167050604186,1.9490050615708003,-2.1384700978995967,3.2127496124282944,3.859380057958644,0.3687056325761501,-0.5288712550908724,0.6447081882175637,-0.2046390807939773,-2.4552706531777293,2.4637839056508177,1.8169319841222529,0.712522598288321,1.9516480953281425,0.2609251234831655,-0.9222597580008248,0.9584596920541026,-0.4114863417338519,1.2185517262901486,1.2861529143450283,-1.846137370448103,1.4060142969355118,2.320581692970988,1.703903987112998,0.8478009794107874,1.9031698027210977,-0.9944653155229874,-1.8060179749915064,2.061713411163311,0.09448310341967175,-4.3456613291060915,4.34668833068578,20.15731205964052,3.798620730028599,14.894814431768866,0.4156486479547735,6.070231133743998,3.8089302879979665,0.9186449812924453,1.6541893190782098,5.385099393752096,3.622055297989462,4.250662189770656,18.893699444119935
semiprime,198269,-4.178407035208088,0.8602628003459902,4.266044706462365,-0.8149269154640687,0.24723925036985567,0.8516062026965454,-0.8070609731107434,-0.2559382870139117,0.8466710229351632,1.693348699155201,0.8197058670291,1.8813153710562565,-0.8794823100456519,-2.5439273727274117,2.6916640970587373,1.2908085376256468,1.3090871019699224,1.8384492708125701,-0.3371666964757116,-0.7531852543802676,0.8252087061030156,-0.4849855151956008,2.962675206201806,3.0021084802838915,-0.8977127302556629,-0.6204709917604323,1.0912710010255249,1.6232318713662186,-2.887556759838975,3.3125316224167336,-2.62461123312042,-0.5875016006810667,2.6895617218842007,3.826980629212525,2.8904069959922136,4.795855850507668,18.199137437535565,0.7252331244712296,0.7168518210780755,3.53934752537254,7.245055611395028,3.379895721351271,0.6809694086282131,9.012655327392457,1.190872397679251,10.972865749510838,7.233742255824707,23.00023333884863
semiprime,198931,-3.3291337598055075,-1.3091817736092108,3.577301847346309,-0.5703472200405728,0.644700892210267,0.8607759242826927,-1.3571107692041589,-1.1152467702372326,1.756566252213244,-0.7692296289086077,0.6016681285653369,0.9765852543030685,0.8427346843528829,-0.10783896284467176,0.8496063736335596,0.6115013572093727,-0.14823562709453275,0.6292119762123208,1.5408667955020234,2.1013574072038526,2.6057577466624124,-1.4268865952482561,0.9274385313736794,1.701807152757247,0.2730518268866774,-3.2591130678921396,3.2705313466578274,0.9660726993993043,-2.3904048205640804,2.5782419721004954,-4.282539304751097,2.1450388887369365,4.789711341086413,3.7423177969078285,2.1413788540234773,4.311663935131304,12.797088507027315,0.7409351918247239,3.0855249984144817,0.953718758922189,0.7218309901187677,0.3959077110090142,6.7899734342911735,2.8961475851757275,10.696375289471462,6.647331666700652,22.941334730931803,18.59044588951196
semiprime,200917,-1.6819286645776086,-3.7569951397789954,4.116296455923798,-0.15232450931671382,2.1439926374661775,2.1493969353397135,0.5860374276790941,-2.409545011335027,2.479787698229477,0.3791448021164153,-4.759662253903796,4.77473931772285,-4.155345013981194,-0.3373976503367926,4.169020191804203,1.3073501500265974,2.782049564848956,3.073916751646152,-3.4054031438062227,-0.49988912726402246,3.4418976904321394,-1.3014892151171769,1.878288895085366,2.2851353024421397,-0.9088112261223515,0.41363672710278643,0.9985154914843921,3.372838887567995,3.0569579689080917,4.5520362679971695,1.815446818327033,-0.17859835006500235,1.8242106569197778,-0.04206501349356151,1.217023595016696,1.2177503423064913,16.943896513050817,4.619907185647753,6.149347028290247,22.798135552208468,17.380729359671157,9.44896419605083,11.846659711402095,5.22184335046733,0.9970331867343172,20.7210341851616,3.3277445208196874,1.4829158961875766
semiprime,202903,-2.984404219117316,-4.009256951331051,4.998080616084698,-0.7709788876337493,0.2554408653418475,0.8121936227671117,-2.176833475889574,-2.2930297204167718,3.1617383320679946,-0.37135499448485954,4.174358457891776,4.190843956400841,0.1293654584936491,1.9427954220195347,1.9470977052195748,3.9450027082414194,-1.3749273766815062,4.177735230861384,-0.22290453588069786,-3.3968421075183794,3.404147872159213,-2.18426248904472,1.6659287670479408,2.7470568392237005,-1.0410629843996362,-0.9554808394824583,1.4130660890790567,-0.14113635123950413,0.690293412669209,0.7045739600749544,1.3360605046093763,2.9370762469642986,3.226681662708448,0.849257070371323,-1.9751713999896368,2.150009216471572,24.98080984488159,0.6596584808635654,9.996589280468104,17.563173066901456,3.7911894736713343,17.453471659180426,11.588222735526097,7.546321277925708,1.9967557721051807,0.4964244652157035,10.411474552458953,4.622539630912703
semiprime,204227,-2.805746045342298,2.7974621955844508,3.962070873505183,1.1455079802650012,-0.8360949779303424,1.4181831140480916,-1.7694241568851627,-1.0170718802321863,2.040905940147121,-0.5677294283181713,-1.683312226345551,1.7764731225500974,-2.3786994356675994,-0.4627399576446211,2.4232910006118336,2.6797799900544557,-3.1288220056876956,4.119556764795435,-2.0520956620513124,5.860772747555041,6.209650054930123,-0.6839044569186903,-2.1105197644638296,2.2185623683786098,0.7994803064621165,1.4628483347695593,1.667061489855378,1.163441216483292,2.4473372513220295,2.709807204566515,-0.5491208535505369,-0.012006847912050533,0.5492521062325144,-0.1337735120075666,-1.4795017091837872,1.4855371621041955,15.698005606678125,2.011243344971142,4.165297056527804,3.155856755142893,5.872339273646301,16.970747938371833,38.55975380469368,4.922018982385707,2.7790940109588322,7.34305508592059,0.3016778762008533,2.206820659992587
semiprime,204889,-0.4555750910387022,2.150521392108317,2.198247238481244,3.3181559020814024,-0.15334338787347834,3.321697274756109,1.6320474329413879,3.7074347155595886,4.050759310735085,-1.4417227657816065,-1.7328794458261023,2.254204007435783,0.5066551726241607,0.7248420652970564,0.8843616248859514,0.5183127019808353,1.314932121230427,1.4133982243084307,-2.127398273112649,-1.3141961534455433,2.500586919539839,-1.5692888334462012,2.5457607336828323,2.9905794013769795,-3.821398472751626,-0.36691550650064386,3.838972945523201,-3.102113225965449,-1.9755905732487142,3.677779843848589,-4.358937148995977,-1.8662647682037883,4.741653430390703,0.9040803012853932,-1.7978422301161872,2.0123612686497006,4.832290921490415,11.03367278512216,16.40865099350698,5.081435707139544,0.7820954835709202,1.997694540478225,6.252934942173742,8.943565155940293,14.737713276459083,13.526064579818952,22.48327725393592,4.049597875561433
semiprime,208861,-3.6517453537651314,-0.30124199563689613,3.6641494058895203,0.5265163027003994,2.0124162958057155,2.0801535435235774,-2.347265814268897,-0.7492130307108883,2.463935260558285,-1.454183501740913,-0.5086495627037009,1.540575877512734,2.113798686853179,0.8610813315358317,2.2824561218261663,1.5302168995400274,-1.053896383490951,1.8580261964711908,-1.3412751844094872,-0.38650425085027473,1.3958526627972008,1.2620499319763656,-2.049103693143037,2.406573492759775,-2.0506655278992207,4.246391768138512,4.715620018176689,2.699005501310071,-1.1278884534569098,2.9251945336239515,-3.6026480852694442,2.6213030145545213,4.4553678546679185,1.5084658392962933,-2.7822456542758642,3.164863357091551,13.425990868680525,4.327038764633696,6.070976968222423,2.3733740343741307,5.209605948061744,3.4522613467732004,1.948404656238036,5.7915959760539835,22.237072155828717,8.556763059543448,19.850302720408212,10.016360069060802
semiprime,212171,-4.332626813636365,2.1166472090646353,4.822017266029013,3.0715866526615905,1.2462040475555565,3.3147653149133625,-1.1231717777981776,0.18778861259885848,1.1387622251656064,-1.852150856758055,2.585790331568482,3.180687729882114,-0.10669004481777028,-2.773898498183358,2.7759495031226895,0.35033164007124273,0.9344220242915093,0.9979362592450728,-0.6430229899935138,1.2182175396245283,1.377509542438468,-0.980206020912747,-1.3262438164955894,1.6491593325771734,-0.615232905028729,0.38505120066263865,0.7257933277192817,-0.9866620510397206,-0.5545128137034923,1.1318067253393012,-0.3968581582435129,-4.172698481832876,4.1915282437381745,3.553063974011374,1.6231400384105006,3.9062574400196337,23.251850513881916,10.987669092952682,1.2967794054641233,10.116774435022636,7.705895643887107,0.9958767775160491,1.8975325395090374,2.719726504226388,0.5267759545618287,1.2809864635232724,17.568909018054825,15.258847187708742
semiprime,212833,-0.9208553096299866,-2.0765650388543535,2.2715846587494646,-0.0698230877385414,-0.2291743042345445,0.2395748845407874,-2.6480474650820227,-1.298069357601825,2.949091289613148,-1.229667604466239,0.4870895081155143,1.3226256486209362,-3.1042153720851338,3.33067643409372,4.552972499907824,1.6546497567666967,-2.8169285476445842,3.2669484630313828,-1.0358896603969836,-0.14104413618507272,1.0454476729466529,3.5548292713968754,0.7049275905926236,3.6240494004302373,-0.30052887168789555,1.6467475541778869,1.6739459698296275,2.6197926510852505,-1.8753669844212753,3.2218496024702383,-0.766372438586472,0.4784716866096036,0.9034721188348949,-0.9234024093423079,0.5722656606912438,1.0863516907454809,5.160096861865921,0.05739612530273162,8.69713943447214,1.7493386063899523,20.7295585849169,10.672952260103115,1.0929608368695716,13.133734056758762,2.8020951099088522,10.380314860937633,0.8162618695120144,1.1801599959855649
semiprime,214157,-3.4734590909420993,3.155738697967048,4.692931363901998,-0.2688662656687326,-0.2794976719705794,0.387824725167985,0.9048730734947428,0.839943420738334,1.234625542088546,-0.5566933542621753,0.7605083263899988,0.9424862891247748,-1.7829048930121485,-1.1044478790357546,2.097273223743925,0.5786624554888894,1.6631781202001816,1.7609689653440916,-0.3798972160434231,-0.5094252821779585,0.6354809303823648,-2.9707458586916307,-1.9119129141485232,3.532809356336876,1.3185478330051952,-1.0124710706094047,1.6624277598571466,2.9582851071646004,-1.258395559385754,3.2148110611906344,0.07952692646409376,0.7464982752701381,0.7507224567136087,0.6421306154347216,2.1583875824396945,2.25188114324634,22.023604786295067,0.1504080174516231,1.524300229177436,0.8882804051881886,4.398554975033236,3.1010116969050405,0.40383601287963594,12.480741948221372,2.763666056743651,10.335010159153653,0.5635842070141162,5.070968683308444
semiprime,216143,-1.634574947595138,-0.14168560196673197,1.6407041382011331,-2.103111559755082,-1.16461656155438,2.4040403424697767,0.9580142743732007,0.0411259030059285,0.9588966001612808,1.304757586078688,5.513867133794378,5.666138290543897,-2.0058655792093303,0.35296306808054434,2.036683492662916,2.3668834379301487,-1.4391120758629035,2.7700506810602716,-0.10511383672739538,0.23169824330857125,0.2544267961984968,-5.039438692186929,-0.2961046145667759,5.0481303742156305,-1.9320059531251106,2.0635329947470784,2.826803039357485,3.78254647927279,-0.3070801112590532,3.7949909173263974,-2.172600482057318,-1.2513909889882453,2.507224015112465,0.44629819319567277,-2.468104970581892,2.5081316199635064,2.691910069110323,5.779409968222201,0.9194826898008631,32.10512312756771,4.148079649285614,7.673180775642475,0.06473299462383142,25.48362027507844,7.990815423320714,14.401956062589852,6.28617226195667,6.290724223060763
semiprime,218129,-0.6082752598290175,-1.2632623660370235,1.4020808097843425,-0.0629743697196512,-3.2154315696635782,3.2160481884497267,-3.7772165445634145,0.6921218845463871,3.8401038433343992,-1.2107701804386197,2.560225208597683,2.8320871364734557,0.7540327817392527,-2.4140652773680094,2.5290861193979377,2.5140263230642885,-1.0711633829330791,2.7327128180613465,-1.437146740936004,-2.8947602978357483,3.2318768443288626,-1.998488536969711,2.0439880470255005,2.8586436589373037,-1.5231772103812773,2.320564050532413,2.7758037262833066,0.5732412942334583,3.9535408066373625,3.994883038483262,-0.2567249062483197,0.0759122648515409,0.26771318503782926,2.6195261308216837,-2.771678816675945,3.813675472935235,1.9658305971655174,10.342965950430768,14.746397527591624,8.020717548578418,6.39627659933132,7.467719345996786,10.445027936909087,8.171843568782455,7.70508632684829,15.95909049116126,0.07167034944309901,14.544120612867788
semiprime,218791,-6.294445949231599,-0.8678770875118653,6.353995628486548,4.482529538830575,-1.5382461432287262,4.739121465382238,-2.8797921041453622,1.3314424674136416,3.1726868120144633,-0.35223824161741324,-3.0334217904162917,3.0538041092103647,-0.6949195877933422,4.015182219343277,4.074874413773911,0.03566705119584196,-1.004199223627598,1.0048324334312053,1.5367015847463192,0.9174869616971006,1.789758108082214,-0.16667771009875398,0.3195159475222964,0.3603774406991025,1.327613789232863,-1.6767169014081706,2.1386766798254144,-0.1089746961645443,-0.10793349215043657,0.15337901789991712,-2.3007808167266735,-1.7835154622481872,2.911102844403788,0.615637508439096,2.7282376416312317,2.796835742586726,40.373260446826166,22.459272263646696,10.0659416071305,9.325719537430109,16.60460148802927,1.0096882192752776,3.203234085446026,0.12987189976483512,4.573937940829058,0.023525123131943097,8.474519770695824,7.822290171010644
semiprime,222763,2.479998056345972,-2.46601266886629,3.4973717049362714,0.5952733497519069,0.7164191394143775,0.931454102059835,-0.7498694517028971,-0.6046711037186719,0.9632919278544592,-1.2792080266496686,-4.1986121663897595,4.389159065151438,-3.585878382656168,-2.9266994301411837,4.628616783617925,1.740204521370731,-3.3210462176457196,3.7493545785825693,-2.068892284397962,-3.3027849712022297,3.8972687680529208,-1.6983134117581373,2.596247776441691,3.102381498338976,-0.8868216116795935,4.735365443867728,4.817690157940691,0.1542826392786688,1.2770636560218767,1.2863493749035502,-4.23978231078978,0.49032820029458596,4.26804121194841,-0.41304514574588436,0.13081072475526917,0.43326405128424594,12.231608842488841,0.8676067442440936,0.9279313382695605,19.26471729920105,21.42409332958955,14.057659755938076,15.188703850440731,9.62477096123599,23.210138457918603,1.6546947143147543,18.216175786890055,0.1877177381352377
semiprime,224087,-1.3722909185325274,0.9883508162847365,1.6911592772821706,-3.41841543723764,0.7550292680582255,3.5008046642406576,-1.3866113705233376,3.016326295491972,3.3197764102030924,2.457100973599845,-2.4056400135072065,3.4386696655904965,-0.6944220769032798,-2.2712780833021724,2.3750633996968284,-0.9117793273434625,1.8344520332557384,2.0485496830897243,-0.8154045582740355,1.3015447221172833,1.5358721487563447,0.6388900758156865,-3.1385732224241636,3.202939649992452,1.47488618240416,-2.141583876972033,2.6003212788333063,2.777858957191428,4.4551108611447505,5.250191727083742,-2.2650908735945703,0.3997049711560252,2.300087113482499,-0.411875205028859,0.3768326331481402,0.5582508557296849,2.8600197011375537,12.255633297169144,11.020915413740932,11.824449069052257,5.640926152579457,4.1965558040870095,2.3589032573254314,10.258822401493772,6.761670753153282,27.56451317113856,5.290400729608254,0.31164401792292545
semiprime,226073,-4.314908571833019,-0.16650929785529456,4.318120115229581,0.9510724223902649,-3.1467394705697167,3.287325363920138,0.03108924481954556,0.049157611545682656,0.058163664914840714,-2.7140764377965696,1.9258060088481073,3.3279031977985767,0.49511959826679086,-0.756828744465954,0.9043965750918015,1.7373703027719176,-0.059968649104199745,1.738404960827358,-2.5991535653509685,2.0223676783994375,3.2932613444595282,1.1023549135881763,-1.2962932452105211,1.7016352526585772,2.0161484596088908,1.9666654519422102,2.8164920754453333,-0.060592175752434585,-1.0568422467362544,1.0585777941412469,0.8392520300335458,-2.023855464579637,2.1909666614132415,-1.1631567635067481,-1.8655011736719278,2.1984149484259863,18.646161329550328,10.806508048272669,0.003383011916325873,11.074939693917992,0.8179331650377806,3.022051807829168,10.84557028291138,2.8955625330904198,7.932627611046361,1.120586946248948,4.800334911424286,4.833028285462832
semiprime,228721,-4.439117550705654,-1.7437932809289756,4.769337441992966,1.7358115109139516,4.916033593831559,5.213485196785525,-1.2317724272605584,-2.1993374762127256,2.5207833399229553,1.612873029567536,1.5927774167912538,2.266781707387498,-2.2558991540909457,-0.5712793868377909,2.3271100384928096,-1.0245195176041406,2.5199816945822073,2.720284540812088,-0.9588047761084868,-2.9537149870276145,3.1054369778309763,0.6113687184288945,-1.6362985598053479,1.7467812360723494,-0.07689131035379271,-0.010111882371073744,0.07755336081053936,2.0625394503329506,0.8459889684920294,2.2292972702154277,-1.3958122875830286,-1.7566915244145844,2.243715011786881,2.601673025990156,1.0749352675514947,2.814993492637377,22.746579635596007,27.180427897101804,6.35434864683313,5.13829930894658,5.415441131254006,7.3999479829812325,9.643738823279987,3.051244686694445,0.006014523773009702,4.969766318989958,5.034257054117805,7.924188363590778
semiprime,232031,-1.924934649266636,2.1911099488749834,2.9165623963848604,-3.1064424810990134,3.058685416956782,4.359534535736662,-0.6393348272293093,-2.1668955333921915,2.2592444033223495,0.351048728737699,-0.6334517570509994,0.7242211944284377,0.2633927061734421,-0.8085206938284198,0.8503419488736039,0.6171642490069726,-1.3324307088779084,1.4684220456712116,-0.7997051720937474,2.4821447351151216,2.6077904149553905,3.6351678540092935,-0.6965325605180147,3.701297466387201,-2.3925757704215505,0.4299367494224339,2.430897864105402,-1.7711589917570651,1.890304817299576,2.5904162747303543,-0.7767617976840835,-2.371628474080804,2.495592216170793,3.5206822252903462,-0.9923036867080122,3.6578504532210845,8.506336212006198,19.005541368280674,5.104185273943359,0.524496338459353,0.7230814300141588,2.1562633042132258,6.800570848333208,13.699602934684314,5.909264425712206,6.710256476387887,6.227980509412251,13.379869938129692
semiprime,234679,-3.3054317227722603,2.615698658898912,4.215181887899353,-0.4178446509576339,-1.8440524417459025,1.8907997144708197,0.32024543524666976,-2.177247938374764,2.2006739249496934,0.894061276117124,-1.3510947480672528,1.6201242494657913,-1.74440227237858,0.7192166972907019,1.8868523910315027,-0.6685304850512087,1.8200384418998268,1.9389360328375853,-1.7400699440156338,-3.4588820887866203,3.871912797855275,1.2430604217131127,5.188586771418501,5.335413001499383,-2.555555771405539,-1.1314835715834095,2.7948381658921337,3.7472703728596004,-1.1537878738864555,3.920875119821946,0.4419697062105461,3.518757819099918,3.5464057594534566,-0.10885611240602555,0.17315187230499007,0.2045268297580463,17.767758348074757,3.5751235602429334,4.842965723953489,2.6248025837070936,3.560211945541299,3.7594729394359536,14.991708714195465,28.466631896568654,7.811120373527306,15.373261705238757,12.576993810684648,0.04183122409087686
semiprime,237989,-0.7419463367450194,0.33434668998936223,0.8138010049859832,0.9309674424388783,-1.648937052358581,1.8935928235822481,-1.934073348212495,3.2490762102510313,3.781155370556081,-1.3135976978542039,0.13543666781042696,1.32056124537844,-3.473902345139174,0.049496257344985084,3.474254939271817,0.8106865842773167,0.12286454294203464,0.819944165074414,-0.8060625923222959,0.1246579674648548,0.8156448440306655,0.4806261435665843,-1.7235229416288456,1.789282766976935,-1.221300844370129,1.8751506823960056,2.2378037970629583,2.9967161345734583,1.2205158172502037,3.235732753391544,-0.04198723339167154,-1.4266575969149167,1.4272753156286742,1.1064938817704582,-4.952298232944175,5.074405038860956,0.6622720757161962,3.585693781522191,14.297135936285095,1.7438820027954567,12.070447383054617,0.672308433839578,0.6652765115938086,3.201532820200636,5.007765834149394,10.469966451370821,2.0371148266029313,25.749586498417457
semiprime,240637,-0.7486425953975167,-0.21242778651660232,0.778197468595133,-2.441267564662779,-2.1673209075343,3.264516386619898,-3.8343664818053336,-1.7013646822407806,4.19487879428816,0.46143061648243294,-0.08091970683204341,0.468472211322232,-0.3029625671732893,5.160687884230481,5.16957307285152,4.380035718625442,0.4817617997382002,4.406450649686398,-0.07815071746583768,-0.9108417390848158,0.9141882783647343,-1.6223309624377547,-3.206940337261767,3.5939426927040485,0.015272318602250937,-1.8678044383278891,1.8678668752223349,-0.5393548329547976,1.0948528834311366,1.2204943556564165,-1.7896811291363273,4.186446047113933,4.552942899859667,1.0809748828117196,-0.024715976749650648,1.081257405420421,0.6055913001278729,10.657067238509834,17.597008098768484,0.21946621278114198,26.72448575555151,19.41680732812168,0.8357402082994768,12.916424078440826,3.4889266635528493,1.4896064721891713,20.72928904938255,1.1691175767765005
semiprime,242623,-1.2516353753827576,-2.508693306626983,2.8035929126077774,-0.30201947487358594,1.3113972620449648,1.3457260278756393,-1.8116250781420211,1.6322617377178332,2.4384962177888907,0.11628964718618458,-0.25375042956841454,0.27912821883292666,0.8707792668472751,2.4074377665311895,2.560080688433816,1.6528258038617523,1.1301712498984564,2.0022787498268784,0.4587688259477457,0.7505039392369854,0.8796163927938733,-3.5143169090053528,-0.5818051744009718,3.5621511194614808,-2.400928244572213,0.5729043062357474,2.4683346166369082,0.7439302891376071,-0.7758305933002381,1.0748699384562594,-1.581088928646704,-1.2031283151961203,1.9867964020291151,1.7321405682869166,1.315548713034493,2.17508146161748,7.860133219624561,1.810978542101946,5.946263804170725,0.07791256254884218,6.554013131291761,4.009120192008287,0.7737249984717055,12.688920597880681,6.092675779688073,1.155345384596963,3.947359943115837,4.730979364672033
semiprime,244609,-4.942099430229279,0.38275158666310694,4.9568987840549745,2.1559066846326265,-1.0731390666164002,2.4082277901274125,0.03874857834841333,-1.9009897013978128,1.9013845737105812,-0.590976222939037,-0.20881578287042335,0.626782998537036,-1.039970086256837,-0.23036846088196317,1.065179519178893,-1.4651182803267733,1.1395288690889451,1.8560974163105803,-0.19841471352868223,-0.9918372032302295,1.0114887227528702,-0.3446786797066841,1.020886152395911,1.0775026349842816,1.4208287559141435,4.077133243487341,4.317611589615506,-0.8667131427207738,-3.699878478251549,3.8000384768570328,1.0855235369916285,2.5846374716485405,2.803339474486202,3.645491042277183,-1.659027913631122,4.0052438824034695,24.570845555365686,5.799561089141961,3.6152632971445686,0.3928569272550781,1.1346074080781778,3.445097618834812,1.0231094362562327,1.16101192839807,18.64176983878214,14.440292425593917,7.858712209212576,16.041978557530417
semiprime,245933,-3.3229826267367697,-2.52964064004485,4.176277685374971,-0.9943435624618839,1.7356701635768317,2.000317484036026,-1.6848959586875716,1.4413496604286773,2.2172873596400566,2.226481274251721,1.3834494595159135,2.621288093977547,-2.8045590293410383,-4.247840917750685,5.090157542903296,2.818866751660251,0.8670971840458407,2.9492146904211367,-0.991152914743495,-0.6968881599070604,1.2116258530681716,1.460147815355505,1.8895811295946205,2.3880009396998854,-0.20739223540851703,-1.6410260455044303,1.6540792064866938,-2.2334249620809152,4.514236147773467,5.036518148394858,1.48844805502985,-2.108754191504121,2.5811473907369837,0.25958397544356104,-3.2402534114524224,3.2506347089047307,17.441295305360924,4.001270036940216,4.916363235219574,6.871151271628441,25.90970381157532,8.697867290195841,1.4680372078231745,5.702548488007536,2.735978021331651,25.36651505911077,6.662321852708339,10.566626010736144
semiprime,248581,-2.743625019020245,-3.135503600930237,4.166396653757336,-2.144470994249179,-0.02048076131044152,2.1445687927319836,2.0117130140031256,-1.0646751182431093,2.2760760879451105,-1.9249155432025886,-0.44545807498495815,1.9757866142456328,-3.0036334160440177,2.3628083320275968,3.821606587794627,3.4303366380738987,1.47614428147927,3.734462664193617,0.31226862346158585,-2.073006372490962,2.096393835515343,-0.37279258887904165,0.0046886300697924765,0.37282207227452285,-1.1695549342739682,3.0107577310755342,3.2299413089893263,3.278529194100943,-3.602990633077561,4.871375080879815,-1.8396428296155913,-0.20988730769901365,1.8515772796427377,0.6482702614423667,2.999090225478854,3.0683540396169016,17.358861076440327,4.599175306759918,5.180522358115518,3.903732745032221,14.604676911875291,13.946211390256089,4.394867113586732,0.13899629757506954,10.432520859515682,23.730295178616828,3.4283384224892006,9.414796512433359
semiprime,250567,1.0685786023872588,0.6604929439928245,1.2562289435227225,-0.03839176188528004,2.1480893325705144,2.148432383875251,0.24648527307258516,-1.6366542004580809,1.6551108608545673,-1.8959017764224066,-2.392771985061634,3.0528349641501142,-3.3435926558836457,0.1147590630499491,3.3455614612544715,2.5345635015805934,-1.8711318910718915,3.1504200826763964,-2.7962450389163007,-0.3404318068812716,2.8168919277814815,-0.38277765643140826,1.2249257329737584,1.283340089596059,1.238292060448611,-3.0800212400423552,3.3196231813388266,1.3713735310932482,-1.0474103513130786,1.725611139805533,-1.545191492391854,1.746683355490624,2.3320633551660106,0.4741137854119749,-2.6376701053246165,2.6799416907912095,1.5781111585442156,4.615761708083893,2.7393919617187468,9.31980131833743,11.192781491031155,9.925146697330753,7.934880132800471,1.6469617855644205,11.019898066082112,2.9777338058209506,5.43851949250815,7.182087466040847
semiprime,251891,-1.7074210721725849,-0.4638485294295622,1.7693055631950483,0.613205242424629,-2.6584437880757683,2.7282492634830287,1.8469772576226924,1.1927355849699612,2.1986230158508477,-2.111288999631208,1.691219386823008,2.7051366424507544,0.01440727253199392,-1.2307516187208403,1.2308359421489852,0.7640795141921889,3.20971882835891,3.299410926382142,-2.3225336305270377,1.1083946045351634,2.5734609117474005,0.8485570316546784,-1.3716269574083313,1.6128885721772088,-4.29313651778852,4.243910084910583,6.036703899411921,2.3061697147259546,1.843875777300609,2.9526761819127945,0.3226130128077652,-0.42082547995879105,0.530257711509649,0.36964013111046323,-1.020505598224549,1.0853872592466733,3.130442175952947,7.443344043695689,4.833943165829077,7.317764254329741,1.51495711648578,10.886112461129866,6.622701064291762,2.6014095462598354,36.441793969175095,8.718296635235118,0.28117324061545007,1.1780655025350053
semiprime,254539,-3.3684630393805572,1.208900850603466,3.5788244598279317,0.11607810939257601,0.40609937126017626,0.42236338243042015,-2.60915953574203,-2.2271183354491333,3.4304182781473287,0.09980470512993533,0.016611829844539683,0.10117772510220459,-0.5054860887114689,-0.7139434552482816,0.8747750814767611,3.1794277760956655,4.041436926355802,5.142175941478555,-0.3079634118000253,-1.890454996394039,1.9153750432744752,-1.4817796772511203,2.090185058057369,2.5621367232918546,1.0374286609716439,-4.559733260120573,4.676261929154013,-0.00969103437112151,0.3742635925500598,0.3743890394438109,-2.15413020132691,1.8574120915703212,2.844337638569013,0.3648443830349877,-0.9453380632859103,1.0132993031327597,12.807984514262687,0.17839082681806534,11.767769563047283,0.01023693205685728,0.765231443172674,26.44197341312086,3.6686615563986975,6.564544588840722,21.86742563005521,0.1401671528556594,8.09025660218035,1.0267754777293365
semiprime,255863,-4.187352117053302,1.2123574261800385,4.359326585724526,-1.6361533825171735,-4.301615686863764,4.602270679631393,1.4873904135561855,1.8577517428610741,2.3798259979339247,-1.4437516951764642,3.705884957848974,3.977185220496552,1.4717604956414094,-1.9857030392231465,2.4716584546637277,2.5853528619113675,-2.621098570506117,3.681603881041863,-3.9098961148999636,1.681514729149977,4.256146075225585,-0.35644467417486936,-0.4307092767275462,0.5590735969501643,0.9858865923426505,1.431438046274672,1.7380987467010192,1.9597677758898597,1.3800221481564536,2.3969044338101257,-0.5323340888733787,-4.557217783650681,4.588203734556551,-1.0596719406868522,1.9562773363359458,2.224842834570726,19.003728281004655,21.180895408594804,5.663571780442201,15.818002278136207,6.109095516510687,13.554207136902509,18.11477941365815,0.3125632868067948,3.0209872532836535,5.74515086481864,21.051613509798678,4.949925638540703
semiprime,260497,-3.795644608659547,-0.5798218277260313,3.8396759429870957,1.4005852659779903,-0.0353674348422367,1.4010317422249783,0.10873789152573837,0.9211389873499649,0.9275348850957478,0.5240908786797446,-4.816661133744233,4.845089857416226,0.6317883990628654,0.4986136452850318,0.8048429340280289,-0.13405488550660805,-0.4199679168032605,0.4408443755706317,-1.8415553236488091,0.5511549249684201,1.9222637075532103,-0.013767072146817605,-1.9353024663114446,1.935351432785957,-2.8827068847826536,-0.8079986562064778,2.993803736387004,1.2976240855732533,-0.0019070184719742755,1.2976254868717993,-1.0615822669270052,2.263712644269139,2.500270354437267,-0.6911485991365423,0.596640240150513,0.9130530993623901,14.743111347153842,1.962889942721958,0.8603209630695821,23.474895726437584,0.647772148454846,0.1943437634722602,3.695097761376214,3.7455851683866563,8.962860812004786,1.6838319041792742,6.251351845277857,0.8336659622552666
semiprime,263807,-0.8917856860106002,1.3926180853381112,1.6536828116008777,-1.136487467025276,-1.4274654459803866,1.8246263623475114,-1.2833112461967855,-0.42090399996485484,1.3505731863921928,-1.5291787796917675,1.8041587913057104,2.3650320683883517,0.03608111467275443,3.4570188497202645,3.4572071349800906,1.5321339196670258,0.1610065694166679,1.5405704992597933,-1.375714099903013,-0.502978163958052,1.4647785901256785,-0.12217996676131848,-1.333695633379746,1.3392803988612687,-2.8201715164689203,-4.058465994302546,4.942116308750004,0.8463240532825986,1.0367490881800405,1.338324727040053,0.29337641976688866,-0.2929340512513766,0.4145842279414182,2.6190211417929845,0.7310384250516619,2.7191338547523993,2.734666841384184,3.329261362173512,1.8240479318015608,5.593376684505285,11.952281174157246,2.373357463189569,2.1455763180905705,1.793671986773999,24.424513609212763,1.791113075006832,0.1718800820577818,7.393688920060642
semiprime,267779,-0.9741967119417073,1.4481634708167952,1.7453471493563053,1.712717538796296,-0.5882382515654445,1.8109184433058305,2.3118111996080537,1.3607093835220803,2.6825363089878707,0.19132580924449816,2.495872102970979,2.503194582862435,-2.775766386562462,-2.20976218521416,3.547947004673617,-1.791797856560025,0.9360241501492449,2.0215540478640968,-1.0848747241224672,0.8567973743083054,1.3824090956230741,-2.8448051410130497,-1.669232004572089,3.298371079096776,-2.7903618759094297,-1.711135180348974,3.273240443957136,0.8665949575099066,0.9766437138458023,1.305687468032116,-2.799239776740362,1.4120834820167343,3.1352389203806994,2.44755979656778,-3.161827179672865,3.9984622133881644,3.0462366717661813,3.2794256083052127,7.196001049038268,6.26598311967184,12.587927947972489,4.0866807684357145,1.9110549076614056,10.879251775422032,10.714103003956708,1.704819764176118,9.829723087869933,15.987700071892979
semiprime,268441,-1.827257649054792,-4.236689398270634,4.613936234219978,0.07433239993601025,1.7799222494339078,1.7814736932411066,-3.0248501561821226,-1.3245170450340416,3.3021302018455785,-2.6227184547562086,1.9117291618378034,3.2455139009315404,-0.4200669574926097,1.8036075959234776,1.8518792101133281,3.6819588694956913,-1.3313678824691446,3.9152728583239713,-0.6706248425146815,-1.7439636861805927,1.8684611363671557,3.0477872314783268,0.8623736224859034,3.1674430181333624,-0.5808896081847443,-1.5337230052140869,1.6400423755561793,-0.8461735121204089,0.9850299483417982,1.298573683602295,-3.4377591197018,0.23460460513111414,3.4457549369973512,-0.5065071680829605,2.557429447731154,2.607104695144001,21.288407573448033,3.1736485197101083,10.904063869940721,10.533360481139864,3.4294566088499643,15.32936155512836,3.491147018114443,10.032695273121783,2.689738993619956,1.6862936117444334,11.87322708584162,6.796994891441895
semiprime,271751,-5.6330794579569154,3.088798395848503,6.424348971674286,1.6820532771144547,-0.75658193771948,1.8443750853703378,-1.5422705251402211,-1.4055668867739661,2.086675980096515,1.4926608518542919,1.411984150547482,2.0546862680359923,-2.2624788434834446,-1.3717263560450585,2.645835163625814,3.7773582032006967,-1.2421092925028123,3.976338829854598,-1.8053308798734662,4.090194547536602,4.470895997730528,-0.18639194058168676,-2.5696237382876004,2.576374994422386,-1.1045396922818753,1.2983227065068257,1.704596662573686,0.4434657851087527,-1.9845589028805628,2.033503366499457,1.3512177137854906,-0.1600240067607479,1.360660498723856,0.30825629874733607,1.7079825795218149,1.7355766873484444,41.272259709852456,3.401719455534841,4.354216645911752,4.221735660055674,7.000443713078838,15.811270489809434,19.988911022522853,6.63770811188495,2.9056497820573486,4.135135941564625,1.8513969927874525,3.0122264376673997
semiprime,272413,0.0370041107976532,0.7161282067547545,0.7170836162719836,1.3609437462836282,2.9632464442094824,3.2608277123559684,-0.8247942644672592,2.6427122551739464,2.7684316213958855,-0.7009643444889224,2.510891449918469,2.6068998610453864,0.05055761904950318,2.045777477619114,2.0464021014398854,-1.7842809685344632,2.0519819435659197,2.7192440992663482,-4.839640398243298,-2.7555179107511316,5.569111072763662,-2.802926829839952,-0.6342050277227363,2.8737805815032993,-0.19120161413082915,-1.0458891188792376,1.0632225102189206,3.0326120573434032,-3.8061064077430484,4.866536949146414,-1.184648866053463,1.1269299552710725,1.6350425254191454,1.9462784603223673,-3.362380244921083,3.8850483596154075,0.5142089127257053,10.632997369668658,7.664213642344651,6.795926885518455,4.187761560777579,7.394288471394853,31.01499814077883,8.258614830625442,1.1304421062362227,23.683181877407286,2.6733640599290167,15.09360075655037
semiprime,273737,-0.4582879354299785,3.097383949721901,3.1311044638841916,-1.1680651863337488,1.3717486653534428,1.8016855109657308,-3.0682995678536047,-1.1431323748901816,3.2743264749582752,0.2089889328346558,-3.8151971934525633,3.820916905531405,-2.7709239134498795,-1.1131961181875587,2.9861722876746826,3.4799463651578257,0.39604332991367075,3.502410173515414,-2.012251174020364,1.723835802265808,2.6496725572265976,0.5054073010149469,-0.0864351293980743,0.5127451330956492,0.7044777884215501,4.04974909350992,4.110566466408704,0.617112382298526,0.5830009574054561,0.8489510049006602,-3.351377613067052,-0.9772268532597531,3.490946036262802,3.0007617807837312,-2.6741991378448944,4.019441788838685,9.80381516375551,3.2460706804238466,10.721213864612684,14.599405998975687,8.917224931676246,12.266877023544271,7.0207646605197365,0.262907571513275,16.89675667476374,0.7207178087218408,12.18670422809897,16.155912293862727
semiprime,274399,-4.573597077784296,-2.2443871978285754,5.094611282884481,0.9363661232082602,-2.324876445477951,2.506358315051992,-1.970304634204331,3.454373078339173,3.9767818290574493,-0.37425509652779265,-1.865989733922653,1.9031512195255955,0.7462396531765083,3.0846337800057895,3.173616104182389,2.3279964865052527,0.6412442694232072,2.4146970522715483,0.6961721818818789,-5.767290766364342,5.809156435371453,-3.0898203341922224,2.8270944042663224,4.18801294986318,-1.6594625069659719,-1.0063873114889856,1.9407810883125938,3.119559964355509,3.4980298616248175,4.686989149126408,-2.093100432088489,-1.556390928022201,2.608337044869552,4.609900667749636,0.5048318082524175,4.637460438768394,25.955064123693855,6.281832003430261,15.814793715921512,3.6219845643817616,10.071839176725804,5.830761854248904,33.74629849061757,17.539452468221693,3.766631232751816,21.96786728402869,6.803422139638829,21.506039321141944
semiprime,277709,-2.2757322191375753,0.7116611734080308,2.3844116169313825,-1.1634556561787721,-3.85272275102139,4.0245622942293,0.34546400436245883,4.737480518037049,4.750059687739801,-2.124504887772237,1.3219330712306043,2.5022046405083067,-0.2971524550984026,-3.2674714627555232,3.2809555531114296,-0.5694270754176693,2.3505099890962,2.418500445122915,-1.7302298104024922,-0.6124619593615785,1.8354304259411383,5.2995928346076635,-1.4557728000205816,5.4959038071917385,-1.0366487472242025,-2.1489410641675115,2.385914567285867,0.0797064595003919,-0.988821589330516,0.9920288580541472,-1.710165016410494,3.2427870671417316,3.6661058831103035,1.728836731825156,1.277410132083729,2.1495704433346807,5.68541875895733,16.19710166013221,22.56306703709074,6.261028062981304,10.764669341492727,5.8491444030597375,3.368804848470468,30.204958657904648,5.692588322386905,0.9841212552122154,13.440332346175978,4.620653090858056
semiprime,282343,1.4776035637876737,-2.1730653580177615,2.6278366277101197,-1.8853093283812294,-0.1206837777033336,1.8891680279641696,-1.940108672721335,0.2662676438755529,1.9582952076087963,0.4237000908804733,0.34398654572237497,0.5457549914111028,-2.3053015349762402,2.5137844447286897,3.410795713865569,1.9417229332983656,1.6053483878096573,2.519410922406243,1.0754994658374524,0.5518110686337783,1.208798807280764,1.9953569174268635,2.5474803242396336,3.235908717858293,-2.1420282942927504,1.3630888943247534,2.5389557986271027,-1.6629800409564508,-1.781889477490586,2.4373413233708554,-1.9217651872821087,-2.026035322844753,2.792490029429663,0.10025705648305305,-1.2510949815963317,1.2551056251766906,6.9055253419348945,3.5689558378820294,3.8349201201435785,0.29784851065013296,11.633527401723738,6.347431395939877,1.4611945564833977,10.471105230311302,6.446296547382189,5.9406327266111925,7.798000564464081,1.5752901303501712
semiprime,283667,-1.3984621397359693,3.057435113912385,3.362083555187073,-0.1308102766578133,1.5558438509009918,1.5613332177551726,-2.1254909971061626,1.192028344470137,2.436933226988291,1.9347667542013394,-0.0801821433876907,1.9364275275054912,-0.7027990265233102,-1.021949073796372,1.240284798389215,-0.7614298345049232,2.4649974099343575,2.579920080905082,-1.0909623026048598,0.7250706935860223,1.3099336839711442,-0.5276971524312024,-1.247827632214834,1.3548203144339395,1.45902672113957,-1.8403938542624034,2.3485758475736116,-1.8989971141395992,4.2092547854077225,4.61779340031452,-2.1151511854957477,-0.9146158887029885,2.304427642902251,0.3315903806693976,-2.1022179074605303,2.1282087094550213,11.303605832059347,2.4377614168657216,5.938643552799566,3.7497515692810297,1.5383063811153754,6.6559876238572855,1.7159262564022135,1.8355380844028786,5.515808511806108,21.324015887988338,5.310386761372024,4.5292723110002076
semiprime,284329,-4.499425123741264,-1.7096817995275393,4.813298068870222,-0.12616622860865717,1.0229922118422634,1.0307429275679063,-1.0146462925926052,3.4021928935565278,3.550270916991893,1.21938760763466,-4.763456759541545,4.917054650669953,-0.8776790283883223,1.599601363344202,1.8245670715228037,2.32651084791525,-1.3312962863994962,2.6804855022268677,-1.7052912520784942,1.466780630036536,2.249325159034553,0.415212625417419,1.4662392691789388,1.5238960328015865,-0.5373285949942087,-0.3749637559577049,0.6552250279715814,-0.32440291731921034,-3.1114464652238873,3.128312062234111,0.18244479896573595,2.034806797446873,2.0429696051595205,1.1140841724701707,-1.502422377387893,1.8704161417781964,23.16783829978981,1.0624309827312581,12.604423584038456,24.177426437675013,3.3290449984853,7.185002527648423,5.059463671065816,2.322259118788414,0.42931983728035966,9.786336358719437,4.173724807605647,3.498456543424434
semiprime,285653,0.33555915298901173,0.8345403842891777,0.8994762910517604,-3.3282637959536,-4.652839783787457,5.720686842421178,-0.9736229254492478,-2.9754949379459226,3.1307366108796444,2.459989365310286,4.064899026634505,4.751310532281999,-1.6137429620150363,1.9356888565441397,2.5201304920186614,1.93065685537245,-3.8924269134758864,4.3449307439760245,0.2927443896781238,-3.3464671433779603,3.359247180455208,-0.8708577174636449,0.13081527606731702,0.8806280716162517,-4.71321435656024,1.314590141385353,4.8931111586303775,-0.6595710884844456,-0.1370710340272111,0.6736634835983357,0.813453530607604,0.0061189000198689225,0.8134765438507917,1.460044534994176,2.4517680259043666,2.8535760892279276,0.8090575981642312,32.72625794905078,9.801511726702161,22.574951774173854,6.35105769680222,18.87842316994805,11.284541619396265,0.7755058005185581,23.942536810713115,0.45382248913384515,0.661744087395429,8.142896497013353
semiprime,290287,-2.012473984402457,-0.5043432512462404,2.074708088617367,0.4352835272847873,4.028997819509237,4.052443112337997,0.9329544059987005,-3.6548923049285897,3.772087178777633,-1.3533757999147225,-0.599785344232854,1.4803271648359824,-0.9000570849909786,0.6599588584443519,1.1160862202722646,0.0916786876685477,-2.7711728275539294,2.772688915465611,-2.59299404888616,-0.8543047790061659,2.7301016085471645,-0.23153925744467896,0.17200306391028053,0.28843626979379233,-0.8879449826636139,-2.2354433629339057,2.405338504477641,1.555613598500754,-0.03496170693295986,1.5560064231204611,0.7008130112848829,4.22047232167459,4.278261971269115,-1.2661436668855826,1.9083681237937657,2.290194026956364,4.304413652974328,16.42229517873567,14.228641684298603,2.1913685149513378,1.24564845108163,7.687803821945866,7.453454792991815,0.08319548173255736,5.785653321122735,2.4211559887921315,18.30352549480749,5.244988681106606
semiprime,291611,-3.7167702092739514,-1.7760966592210012,4.11933248614898,0.9835757504934697,2.0077466177904753,2.2357253270936224,-0.08365327632333663,-0.6328315458981559,0.6383366166243938,-2.8344139840614524,0.45378842588750345,2.870509809861756,-1.9650966293535352,1.1950635081893801,2.2999525106624557,1.8346178270133264,-1.2896063487392757,2.2425224872682428,1.2668410500797134,0.9348651375437813,1.5744392879885285,0.26535091569363173,-3.711860130367404,3.7213326559003796,1.7907631445190506,1.7460129995126121,2.5010785741825043,0.2255320810172543,-0.5247176878987975,0.5711334096004481,-3.449376134414987,0.9023851970482514,3.5654585624465605,1.3280633434637497,2.456580703274107,2.792586792912768,16.968900131442336,4.998467738207885,0.4074736361234783,8.239826568512575,5.289781551302533,5.0289071059037465,2.4788590715618244,13.848316735870574,6.255394034234789,0.32619337156183326,12.712494760523493,7.798540995950819
semiprime,292273,-2.1120552843523184,-0.27510522779582924,2.129896807481796,-3.9480045820903777,0.9244584826107007,4.054795144798008,1.3159083469790627,1.4958736906575019,1.99229839031468,0.40062620186808473,-1.4095061278398913,1.4653357560782618,-2.5921739711499825,-0.7190808996156467,2.69006379792367,3.940884967655344,1.1092733368398526,4.094027560253555,-1.1565098563967633,-2.521343235685087,2.7739298405110766,-0.7824161542413193,-0.4889954522114946,0.92265464324486,0.7057083561771309,4.33904856060991,4.396062635507956,2.031903185984406,0.675736376956912,2.1413197351998683,-3.533666957007908,-2.4063399949404394,4.275192900244324,-0.880029916679219,-1.768353319330369,1.9752281175188773,4.536460410521147,16.441363666277496,3.969252876050465,2.147208878041451,7.23644323689952,16.761061664115676,7.694686760077807,0.8512915907012999,19.325366695309157,4.585250208356434,18.277274334299474,3.9015261162371675
semiprime,293597,-0.16474339620792475,0.06462224866948962,0.17696446427806523,-4.317774037642398,-1.621812155439287,4.612314745078588,-2.1161606705973677,0.2022670776936989,2.12580524848864,1.6572568398728982,0.520277761962464,1.7370058096903922,-0.5806376419797925,-2.397716881007916,2.4670197228141855,2.8046923922655815,0.6666216080862403,2.8828256595916297,-2.4145759795795714,4.13335131402209,4.786937460035465,-1.9994383279850845,0.3669934149030091,2.0328398348118726,1.5582540989311042,-1.7428634079704022,2.3378897954518285,5.11930474341789,-1.1943131595054233,5.256773247815501,-1.7670736573670038,-2.5423646258704515,3.096153613992336,-2.2614654661547573,0.3977676375734576,2.2961805565136473,0.031316421617222624,21.273447307669358,4.519047954501849,3.017189182898175,6.08618631275418,8.310683783599915,22.914770246290786,4.132437793997961,5.465728695677792,27.633664978948733,9.586167201437801,5.272445148111323
semiprime,300217,-1.7461990682049282,0.5264689622384902,1.823836822196611,-3.6954107401441325,3.7474571386290516,5.26303102254152,-1.5673715052658665,-1.6981716473419284,2.310939285086345,2.4860300745024038,-2.3995402733043463,3.4551612197609427,0.043330497951215685,-0.26572044730074607,0.26923017692377815,1.0819726330584925,1.5433038369889398,1.8847948195897375,-0.7038787878317844,-0.36580154396753706,0.7932566529998825,-1.1773255083178324,1.1872841109040255,1.6720463248788908,0.9160029562364702,0.637671375345804,1.116103130884132,0.9985769035690062,-3.681577331805902,3.814599255807683,-2.8705224596588095,2.2898227882174993,3.6719460225942626,1.776720656636482,1.3806540887302574,2.250098221066438,3.3263807540002324,27.69949554423444,5.340440379355387,11.938139054539926,0.07248488816640888,3.5524515119523112,0.6292561175285759,2.7957389125410055,1.245686198769362,14.551167482408529,13.483187592845825,5.062942004446349
semiprime,301541,-0.8034259338220839,0.45329892257607696,0.922482056381868,-0.0883124629616292,1.4220762607935629,1.4248157714690521,1.0004266708761334,-0.6212950466914131,1.1776506522919217,-1.6700275014562342,2.0591549844639307,2.6512470849890253,-1.8313499388256633,-2.6430304390250248,3.2155019048430957,0.20938497419088115,-4.969774661464674,4.9741835765433144,-2.6414922314589195,2.404806198403991,3.5721945720719184,0.90388954520285,-0.6627369723645002,1.1208196128128198,-1.183577827377677,-1.5413345809530568,1.9433395904735222,0.7966845048514603,1.5362543434504414,1.730544309759436,-3.414425396496936,-0.3580910798209016,3.4331516147252454,1.3184692101116755,1.1783866527922573,1.768320152430392,0.8509731443465198,2.0300999826269504,1.3868610588435886,7.029111105662804,10.339452500049576,24.74250225315324,12.760574060740076,1.2562366044658793,3.776568763901797,2.9947836080407626,11.78653000969056,3.1269561614914445
semiprime,304189,-3.932219428266242,-0.1358119540028506,3.934564082447326,0.17626820932980303,-1.0192286164523352,1.0343584747154522,1.2076767597337739,-1.1857308917234004,1.6924659239075504,1.699583788942506,-0.8562835657752069,1.9031044639359314,-3.7738842310107423,0.08166165975989725,3.7747676505642414,-0.868880280423358,-1.4326843001150633,1.6755707223226246,0.9809378587702292,0.46578559006576675,1.0859075921466046,-0.5664508450244112,1.7199085933524507,1.8107877096215543,-3.7161124843437805,0.7452586552118757,3.7901058638861156,3.4831253734385195,-1.9750525900823255,4.004122263453269,-0.7707180713120089,5.787752860597293,5.838843166312917,2.045791042504461,-2.548388803226547,3.267957539810137,15.480794518884567,1.0698974542156767,2.864440903588238,3.6218066006528686,14.248870815746283,2.807537245504762,1.1791952986816365,3.2789521293164747,14.364902459463918,16.03299510068213,34.09208952079905,10.679546482001923
semiprime,307499,-3.7475541129556644,1.8556392747181127,4.181812878095728,-3.675953860677688,-0.021978991843510154,3.676019567672846,2.7422284575819287,-1.41136982156172,3.084117651255757,2.266530007046534,-0.7392611338977072,2.384043895764943,-2.1170165911072574,1.8676668706023918,2.823108001222965,-1.3106293985240254,0.8103173356772839,1.5408970130331812,0.9225323051254017,-2.056675357101804,2.2541027879202447,2.4983052241853274,-0.9028719971634831,2.6564462796099746,-3.646935721087637,2.2956037028892418,4.3092849191558225,2.232240789659436,1.2735158557152664,2.569969178371128,-1.2027474607090838,-4.0103952766355,4.186868964883242,0.9332287318122966,1.026976924626943,1.387658988943682,17.48755894740728,13.513119861913658,9.511781686787327,5.683665296934086,7.969938786569124,2.3743636047745795,5.080979378509819,7.056706836453675,18.5699365144638,6.604741577777571,17.52987172910247,1.9255974695962015
semiprime,310147,0.4721185039500204,-2.5180179227271124,2.5618958099319666,-1.5890425415500407,-0.2966230005453908,1.6164904587743052,-3.567630090460064,-3.4390202218997565,4.955284507371049,-0.9077290061126929,-1.5772071851585576,1.81976769216681,0.1876599881504607,1.5166645892591233,1.5282302665060579,0.3624066423445205,3.1434169602362356,3.1642390491737893,-2.1053214581268875,2.4985062650657883,3.2672483833682615,1.0277815885643637,-0.8381817641863704,1.3262291142960418,2.3629096561291654,-2.021347893085471,3.1095320142924274,2.2789495923322645,-2.69602842120756,3.5301813681948864,-4.364773516795782,3.191403078110252,5.407060334404768,0.9591519092514215,2.6098293868694555,2.780500281170287,6.563310140946967,2.6130414033083635,24.55484454899154,3.311554453454118,2.3354877474651765,10.012408760316246,10.674911998622518,1.7588836636064635,9.669189347909521,12.46218049235032,29.236301459893404,7.731181813588045
semiprime,311471,-2.130745731661371,-3.2819856912721814,3.912992135273018,-0.6874263311865081,-1.3176936129801593,1.4862272432226669,0.8856766508416853,1.2498768750530003,1.531866617117299,0.871162777991985,-0.9218634605416343,1.2683677801176243,-0.6411136342085627,-1.2455346075729288,1.400850866662815,0.39129038973266467,-0.7110844643902157,0.8116337133179353,0.8436977914499338,0.7793556047135082,1.1485735161041517,-0.38003288856720174,-3.264218709497774,3.286266693350989,-1.3832851296631832,-1.6065185549678684,2.119995192778356,-0.8086753694179383,1.0365056267457735,1.3146481534535726,-4.7134072005424725,-1.268051402072846,4.881000081584156,3.0587946015725773,3.566780629166549,4.698739029910819,15.311507450708493,2.208871418497248,2.3466153326383976,1.60875682564051,1.9623831506299598,0.6587492845942604,1.319221121895854,10.799548779828044,4.494379617403338,1.728299767378888,23.824161796424534,22.078148471207268
semiprime,313457,-2.683351916362935,3.034679772919594,4.050883709910216,2.1547464504833296,-1.437761261458694,2.590384085579164,-2.909053648379857,-0.3952812225073159,2.9357861594501453,1.6988413998660339,-0.021097347670914757,1.6989723952959135,-4.4040958345056715,1.257674472746264,4.580153403425239,0.842488740515152,-0.5116811589336622,0.9857002010259016,-1.9050189273665836,2.759822431037302,3.3534634282308153,-1.2366666439043459,-1.2790088284960195,1.7791031368406942,2.058908020251464,-1.6714343668361678,2.6519417562414196,1.770193474920318,-0.9543710840758797,2.0110716309397434,3.2735666231335605,-0.6705407737522451,3.341536078715644,-1.3627173478217545,1.1353153893944627,1.7736796789302902,16.409658831215953,6.710089710821801,8.618840374019035,2.8865071999775336,20.977805198907802,0.9716048863025029,11.245716964481574,3.165207971516398,7.032795078496825,4.044409104770639,11.165863365358321,3.1459396034502576
semiprime,315443,1.4523113672657275,4.6262779809004115,4.848881960210337,-2.1402768656396587,1.941219889261053,2.889484334627031,-2.7883089851837326,1.1577530986647382,3.019115637786029,-0.3400538510545863,1.9686677018805225,1.9978210986083296,-1.744693147836353,-1.1797325976097768,2.106115662059003,1.882925687305449,-1.7421286818693391,2.565233222946112,-2.5630667121785855,0.2572364531695823,2.575942849505247,-1.5174598059233122,-0.9146167905961039,1.7717810632900257,0.3831303320999335,-1.1572948562047052,1.219065312267097,3.473337334190876,0.24891129486927432,3.4822448319722845,-0.6603818999150327,-0.6099609262072124,0.89897529734412,0.4280693744630979,-0.9360573102994376,1.0292942618698724,23.511656264053236,8.349119720055015,9.115059234324141,3.991289142044593,4.435723181970233,6.580421488106497,6.635481563917211,3.139208136233134,1.4861202355728744,12.126029069797683,0.8081565852349489,1.0594466775182454
semiprime,320077,-2.882403857887937,1.14899617903144,3.1029734480649545,0.37740505717900297,1.244402032550146,1.3003734062949845,-3.915245868550068,-1.5210339313072583,4.200320753393291,0.7725544011711851,-0.6319448136419628,0.9980954614955142,-0.9892335779272932,0.5399119723358886,1.1269818142146144,2.495754275941897,2.06240773680945,3.2376403566075314,0.7011307975083363,-3.9804273338097946,4.041705847158452,0.7556913108493097,3.2870359084810787,3.3727843721378306,-1.1065853287901222,-2.3482547344282545,2.5959259210652093,-1.0662203002954387,1.0059623771178532,1.4658738120788903,-1.7086317642222049,0.522583423950642,1.7867612993058308,1.988211818947485,1.6277022304288444,2.5695137259694687,9.628444219396112,1.690970995799221,17.64269443138639,0.9961945502579435,1.2700880095704636,10.482315078733743,16.335386154954822,11.37567442093718,6.738831387658255,2.148786032938698,3.192515940697061,6.602400787945502
semiprime,321401,-4.009450408529706,-2.5597659585894417,4.756899656416178,-0.0033688996431486262,0.7449515131718069,0.7449591307325325,2.6921158936554463,-1.5355122192276736,3.0992395454804322,-1.573653749357307,0.8904143356866967,1.808099502810255,-0.24037051097246975,-3.8798820181825175,3.8873207299580024,-2.0261919057606756,0.5326869731664085,2.095043925637663,-0.9037031346871686,4.2831959186253155,4.377493190511206,1.8772695076216168,-4.976402311616836,5.318714202823018,-4.148536095327354,3.3087750575723263,5.306443641069476,2.5053124983101758,2.466428403058236,3.5156592243278606,-0.6461746482435551,-1.5569569642638807,1.6857214077665628,2.7831841935362505,2.2039816336190503,3.550161869053315,22.628094341212353,0.5549641064617704,9.605285760269757,3.2692238120626915,15.111262457561216,4.389209050351269,19.162446632971978,28.28872077131129,28.15834411584668,12.359859781601575,2.8416566646024823,12.603649296480128
semiprime,323387,-1.9466999661656343,1.1601723230150944,2.2661951763604833,1.1401354194268558,0.43807479160810336,1.221400138232404,-0.23948711419622284,-0.732855105227229,0.7709933093896778,0.8578857119634886,1.755865365700021,1.9542341408480124,-1.5157986569783573,-5.235720163516991,5.450725749765418,-0.010805975824427883,2.252239979507088,2.2522659022423634,-3.043530681643387,0.0412630331704692,3.043810383057901,-1.2862215784766242,-3.833194228817525,4.043234342055737,0.7986832862256978,-1.9882420870114017,2.14266226649459,-1.3748238430872664,0.6255123491781145,1.5104324872352168,1.0140403953046184,1.1283235663173503,1.5170339460989826,1.7823244539451948,1.5865323742576005,2.386161233801793,5.1356405773595215,1.4918182976741357,0.5944306831236474,3.819031077255969,29.71041119915578,5.072701694403608,9.264781648011086,16.347743944778884,4.591001588259734,2.2814062984955634,2.301391993616651,5.693765433698495
semiprime,325373,0.8600381047673143,1.042230654776942,1.351262476134273,-1.0726622920583693,-1.142536736454229,1.5671613149103043,-5.326679949858208,2.415285258838215,5.848685507854104,-2.9552701433717385,0.7530450477776041,3.0497046519764486,-0.09613195575846001,-1.2151245137651265,1.2189212184841487,4.010367949638106,-2.6977452696072604,4.833309490522296,1.5234224627243895,-0.008224746975176611,1.5234446646977533,-0.2361319843566836,1.2321659605447213,1.254588087127134,0.04219883004635894,1.537401107244103,1.5379801383024017,-0.04666274598140302,1.9882246232324037,1.988772124777034,-2.041562463673953,-4.160186014626862,4.634126127910136,1.8196646393781633,-1.2279490910386544,2.195230823851086,1.825910279408527,2.455994586951394,34.20712216978262,9.300698464286791,1.4857689368708817,23.3608806311729,2.32088364639605,1.573991268361321,2.3653829058126745,3.9552145642901584,21.47512496937939,4.819038369985918
semiprime,328021,-3.7549990258741093,0.39681340599564,3.775907647638296,3.557626701985403,2.5228924766388454,4.361386728938449,-0.25226806503737464,0.5380834276440565,0.5942835617303223,0.32401396867126225,1.4699016072262923,1.5051896182277298,-2.375306780569958,2.4472064235916213,3.410410764334659,0.41597841696661064,-2.599925253787154,2.632992474099052,0.10137480639258378,2.72514904604387,2.727033951846759,-1.655218229427965,-2.051279523242104,2.6358101353289847,1.0386373310297783,2.219671329534445,2.4506546710146395,0.9583850682054794,-1.8966877848858477,2.1250709381793365,-2.2780481086396853,3.784787140628478,4.417478566461136,-0.057490992311246214,-0.42165803538671065,0.4255592943446451,14.25747856349337,19.02169419936042,0.35317295174287777,2.2655957868205387,11.630901581489711,6.932649368662246,7.43671417452495,6.947495069503001,6.005708316565871,4.515926492294406,19.51411688514353,0.1811007130031123
semiprime,330007,-0.6404428623308858,3.763216396291491,3.8173242860972256,-2.009258173154854,0.8697403822233716,2.1894215534838506,-2.189025916098218,-2.3099905325238836,3.1824347160153375,0.6045896068638479,-5.023765612127064,5.0600147745158015,0.4650503343075122,0.13247334459594595,0.48355041150635486,2.1802005028922293,1.0005141516903249,2.3988127898075207,-2.5759667862601106,2.1013640810179357,3.324354957718504,-3.9410532609494413,1.4497768160905573,4.199256317744119,0.2917869490834687,-2.1154932548942185,2.1355213263178556,1.689501867679413,0.8294943234931288,1.8821470169993488,-0.8275982274360768,0.7837163511593839,1.1397939046730838,4.660987093602708,1.3989922948997973,4.866413476875966,14.571964705227693,4.793566738859638,10.127890721699622,25.603749518318196,0.2338210004679651,5.75430280054414,11.051335884907598,17.633753622113897,4.5604513351583735,3.542477393599547,1.2991301451299149,23.681980127920028
semiprime,333979,-2.679845467244831,-1.02309195694,2.8684994127013494,-1.1972049247651575,2.0647435924235094,2.3867269919988514,-1.0846972732245996,3.9571019334756294,4.103074930641341,-1.1079425263226554,-3.7936761824847833,3.9521532889282702,0.3175387281555951,-1.1150307867486755,1.159363833865816,0.609941668498348,-2.249974111740161,2.331182605990246,0.6422108555046828,0.834354285505451,1.0528921391431167,2.9317604899009404,4.327912674154375,5.227432226748643,-1.006216764634289,-1.868559628105929,2.1222599419530264,-2.8833679493936257,0.8389688218032164,3.0029451236325118,-2.4222113626005024,0.24647146215865456,2.4347188886542135,3.1958426001560025,-2.467636967950052,4.037653047324102,8.228288880667987,5.696465734335885,16.835223886457445,15.619515619186544,1.3441244992760437,5.434412342471475,1.1085818566693684,27.32604768525028,4.503987261218463,9.017679415548281,5.927856066769609,16.302642130565605
semiprime,335303,-2.065188462431716,0.6864743569028751,2.1762928176250296,-0.5172216935102697,-1.2492035495798461,1.352045779003255,-2.3437473308586947,-0.8389382254450837,2.489371185062646,4.227013757020992,-1.6524214343088521,4.538517588222838,-1.0787759985204044,-0.7553179534216169,1.3169141451684372,1.1930096353413302,0.6265758422510987,1.347541938534726,-4.05537149079137,-0.6540579770013359,4.107776742424361,-1.5429374021511348,-3.0435391299909424,3.4122992633623026,0.6060454824984285,1.0175801279200856,1.1843818825001549,0.951771327921163,4.420869535345808,4.522162768985818,-1.6110074955893283,-2.1221072820903757,2.664335652192869,-1.877208862476083,0.06225451341599453,1.87824086256247,4.73625042804629,1.8280277885205185,6.196968897020202,20.59814189860805,1.7342628657447157,1.8158692761099273,16.873829765602498,11.643786262742912,1.4027604435946106,20.44995610920148,7.098684467546001,3.5277887377994115
semiprime,337289,-3.9563231659377665,-0.1962730967259666,3.9611887258541763,-0.21510741453229926,-0.5829904992090659,0.6214089812312068,-0.22459187152579108,0.8555637484805316,0.8845512062450177,-2.1540318743565208,-1.515555282302492,2.6337731735020107,0.8232050112930678,0.23234313445362298,0.8553653153745212,1.977050156814094,2.338588616888227,3.062306980300607,1.5132363513544302,-0.6442750679116478,1.6446807040252607,-2.007368361838939,-0.14303817278825437,2.0124581135980315,-1.2634946806524772,-2.127045005356749,2.4740127855066145,0.90922403212834,0.41525644356591707,0.9995630317907572,-2.0110909898049996,0.7881311348094184,2.1600087164015873,4.338895735714571,-0.379708368896166,4.355478693646874,15.691016121834233,0.38614912195480633,0.7824308364695158,6.936761129458852,0.7316498227457541,9.377724041597821,2.704974618193027,4.049987658986548,6.120739262850198,0.9991262545227303,4.6656376549308325,18.97019465081188
semiprime,337951,-1.6543788519767761,-0.17514746353201904,1.6636243626040392,-0.9051760974111608,1.7795062372580004,1.996493480020565,0.4408650532948324,0.4383479490314769,0.6217000238352559,-2.8638756164452905,-0.1475672093080993,2.8676749515474853,-2.5247314404970282,1.0084786017374152,2.718694160216711,1.9985255857218571,0.41478148892221267,2.0411144505728775,1.2037172554065252,-1.3611162899302809,1.8170230559013252,0.5732227002566077,0.004239765624784841,0.5732383794740455,-3.137415533705767,-0.38186005600889394,3.160568514288744,3.0242651772055806,-3.770519656632503,4.833528560287029,-2.656440490146011,0.8870125549855865,2.8006191012683668,1.4087259326764143,1.8225102501959944,2.303487001366515,2.7676460198496957,3.9859862157646258,0.38651091963675777,8.223559627732872,7.391297936796448,4.16614820033742,3.3015727856769903,0.32860223970202984,9.98919333351336,23.362998343110394,7.8434673503892345,5.306052365464499
semiprime,341261,-0.8073067144911197,0.6011254093603701,1.0065266459667717,-0.5908054516753278,-0.1559563460731168,0.6110429310693037,0.5660303024806965,-3.4049089447648306,3.451636601014936,-1.3211147175095013,2.446438175864469,2.7803603804448227,-1.9600520616597352,2.6067754563766186,3.261454026103098,-0.4821505728207556,-1.2457312143629395,1.335782704375808,-2.7106232143528888,1.0783568169896263,2.917247270105293,1.0007888046560653,-1.692655063217361,1.966382311393256,-2.14391440852643,-0.5941038330995987,2.2247086001521343,0.789610503801632,1.8520352061680359,2.013335330390779,-0.08734163963923958,-0.7550139382163485,0.7600490832280709,3.836439570701122,-0.386279840807797,3.8558372236203002,1.0130958890411188,0.37337346360976587,11.913795225465941,7.730403845147279,10.637082364384108,1.784315433309547,8.510331634936785,3.866659394560284,4.949328355590869,4.053519152599747,0.577674608915831,14.867480695055905
semiprime,341923,-3.2707737033952258,-4.836728329828531,5.838827070173222,2.074995946859956,2.112986626460494,2.9614727186125056,-1.501333217482987,-3.5095470396054815,3.8171876890089407,-0.1843241209994141,3.198620435760116,3.203926976952571,2.598236428908345,-1.3605055052462216,2.9328838658071112,0.788996913793687,-1.6566834230790335,1.834970325177175,-0.5450008794226603,-3.0417220379552354,3.090161632464235,-3.083569600039668,-0.7681726472910494,3.1778122496986723,-0.5776244276543898,1.8176760015106437,1.9072482863777287,0.3065933842589633,-1.1083040727217552,1.1499293112548241,-1.02846254758372,0.8579868533371167,1.3393568054412246,0.8006092985831296,-1.8504550971160418,2.0162240241155027,34.091901555387615,8.770320663086144,14.570921853121417,10.26514807364444,8.601807770311666,3.3671160942808274,9.549098914754026,10.098490694334936,3.6375960258907827,1.322337420882994,1.7938766522817224,4.0651593154205115
semiprime,343909,-2.9820762643376555,1.1619254248233295,3.2004452095258404,-0.47159835250565607,0.39782162918774433,0.6169822158989999,-0.5059494391491242,0.8189946940056805,0.9626718775287723,0.5628048297814595,0.09933267570631787,0.5715035055783246,0.9977719842441629,2.939050280954763,3.1037985576584712,-3.1695957355863227,-1.2552260628579792,3.4090951286118356,-1.1213038978514542,-3.1428322867362013,3.336872370032807,-0.11871014069050245,1.3493005500214528,1.3545124849151275,0.45936939189942994,-0.02620673769517623,0.4601163236776933,2.9912619105635385,-1.964647011412557,3.5787547690559243,-2.9242309827464643,-0.7622535003879577,3.021945935867822,3.819756851565169,0.6235205615806004,3.870312687082639,10.2428495391769,0.38066705473564016,0.9267371437847715,0.32661625688831414,9.633565486522807,11.621929595924948,11.134717213888363,1.8347040717909535,0.2117070313146758,12.807485697040521,9.132157239308047,14.979320295792837
semiprime,347219,-2.688870169118727,0.22073000079358296,2.697914846622648,1.6022782536050697,-4.9652890198529205,5.217412256343914,-2.306179649276263,-0.7638722599547453,2.4293960986764507,0.02469985207648978,1.805496108444249,1.80566505207913,-2.9003803033375744,-0.21203929809115016,2.9081207966526335,3.1375360745190264,-0.24022815229250505,3.146719273157702,-1.2970449328307918,-0.1507532423437079,1.3057764348689918,-0.8549543804533076,0.10932473164397832,0.8619158251275626,-2.099556948692724,-0.8687657999135129,2.272200122327096,1.7416577771582027,2.5695204554426345,3.1041596582124726,-1.5273775947437094,1.8698343211139656,2.4143659012959913,1.8063567159266123,-1.3557634198093562,2.2585435651468706,7.278744519626906,27.22139065264769,5.901965404264359,3.260426280299927,8.457166567923547,9.901842184062135,1.7050520978591743,0.742898889605327,5.162893395903269,9.635807183673775,5.829162705340805,5.1010190356663365
semiprime,347881,-2.3909697659689617,1.037580851394074,2.606397982840941,-0.6096258914568271,3.1384398642723736,3.197100015512265,-1.2420465293538767,1.3876719641818482,1.862340747891298,-1.012403814980932,-2.0980775900786908,2.3295688568012647,-1.7046288623377823,-1.1290373029294423,2.0446233857904472,1.7783258227959218,-1.0522332346350094,2.0663101200190757,-0.6870270416701851,1.2862131928362812,1.4582011292727033,2.2275497399970163,-3.40394694860716,4.068025648037727,0.9811997268047968,2.5818293913021395,2.7619912942790723,-0.04760153521021482,1.5400997721142429,1.5408352326646457,-1.5398232136180234,1.2987933358436583,2.014427873722173,-0.40327399668191244,-0.0032857110561357317,0.4032873817725364,6.793310444957326,10.221448509188525,3.4683130612563198,5.426891058578351,4.180484789721192,4.269637512093247,2.1263505334121873,16.548832673092768,7.628595909673385,2.374173214220713,4.057919658428834,0.16264071229694754
semiprime,351191,-1.9798345165241984,1.0057895838002384,2.220665981119552,1.7854564831567563,1.9552776228080826,2.6478227726757924,-0.7598674250529751,-3.559171716962749,3.639382064923138,-1.2942429487790408,3.823712279922052,4.036810673055025,-1.210793507574906,-1.646281170945067,2.043590617465691,-1.5350180692788427,0.790454822706517,1.7265860244287097,1.5658473590052047,2.994384159394767,3.3790848532905886,-0.9827110678680292,0.5361245572382624,1.1194420859447107,-1.076267367738543,2.975005851266262,3.1637021449446445,-0.3168578057995092,-3.006141139658373,3.022793975884334,-1.7383732805780818,-2.0699986044409693,2.70311595848483,3.205470382199713,-2.601431614047414,4.128254693417657,4.931357399701663,7.010965435500521,13.245101814484203,16.295840410090964,4.176262611793804,2.981099299752537,11.41821444573788,1.2531505837842452,10.009011261927345,9.13728342064262,7.306835885015362,17.04248681372491
semiprime,351853,-2.562310576516386,-4.789126732157944,5.431497983723971,-2.0876957329394292,3.65967869576701,4.21327920147531,0.3976549662932409,-1.5264474689019427,1.577393846677115,-2.8675197721832304,-1.7562411276625576,3.3625961015791384,0.7499245863823475,3.6423255885127985,3.7187259347787167,4.74963915804261,-1.2656661530742057,4.9153822783837855,-2.8139563501721567,0.002893564321408526,2.813957837883981,0.45814675713908903,1.2034228624443815,1.2876820403076574,-1.3944710081840608,-1.46168206505675,2.0201643131127813,1.3696530509622642,-1.0551575157932496,1.7289612092656157,-0.4905160749483119,-0.907534779310932,1.031613006626826,-0.09281280628600691,1.702370250716005,1.7048984390671362,29.50117034719756,17.751721629584427,2.4881713475348253,11.307052542355219,13.82892257799584,24.160982942649373,7.91835871338869,1.6581250369308915,4.081063851974435,2.98930686314522,1.0642253954416399,2.9066786875335575
semiprime,353839,-2.416400673514473,-2.1671957230196828,3.2458788512259673,-1.3716906236094504,-2.8986719959023457,3.206841827519183,0.9850110527268203,2.088567058535107,2.3091901463482793,-0.5368501668633744,-2.3307729265652686,2.391800689202773,-2.488325554568796,0.29947445354555824,2.506281910289925,-0.377333314703314,1.9283119322895734,1.964883543265437,1.7104354715090193,-0.6383716177655214,1.8256800991862867,-0.028583526278619265,1.5169483141969908,1.5172175868739501,-2.9038512324136123,-2.491721321138776,3.8263595129323154,2.934023235652876,2.701901049192624,3.9885788981765398,-1.8170372426248755,2.8787727713178906,3.4042557204133623,4.298862654280563,-3.338462233329357,5.442935807423652,10.535729516836005,10.283834506726572,5.332359131991987,5.72071053687086,6.281449013846516,3.8607673385953385,3.3331078245648498,2.3019492059196125,14.641027122207626,15.90876162697918,11.5889570099671,29.62555020373456
semiprime,359797,-0.5816568102751776,2.3571886194278346,2.4278926731838033,-1.1218180437116656,4.063976617862496,4.215967465924062,-2.214959972905789,1.6402513524176716,2.7561698388674842,0.2733282332538761,-2.58816617463908,2.6025588313503256,-4.476860154686121,0.32393732549149423,4.488564607473398,2.8551316430957043,-1.5908435144216755,3.2684185452270156,0.3067745066308323,-0.5343188433699999,0.6161227347686864,0.052452051760137786,-0.24156522617166198,0.2471942075154966,-1.1501965528170526,1.0510373461628804,1.558085881182851,2.5088147890249104,-2.12089527269628,3.2851709854093647,-0.5015555457101496,2.0359643393527764,2.096833030202642,-0.6025474085573321,-0.39109895571274494,0.7183465547483027,5.894662832499594,17.774381673730158,7.596472180682814,6.773312470639572,20.14721223546282,10.68255978678388,0.3796072242988451,0.06110497622921439,2.4276316131413416,10.792348403375536,4.396708756548794,0.5160217727187562
semiprime,361121,1.1645451925442178,-0.07083429950252862,1.166697477268149,-0.004833176651297344,-2.771758929876529,2.7717631437312287,-1.721238399215038,-5.761931538532249,6.013527806675957,-1.0343250398938988,-1.2167640992375763,1.5969793866374562,-1.1923262374951007,0.6995854373557218,1.3824115309051135,-0.9037689411977825,2.127214683894408,2.311242222366524,-2.816583649626965,1.9329815677787558,3.4160739448551714,1.8430127695247192,-3.5444503226008113,3.9949748632521045,1.1783613236732469,0.19157947988393798,1.1938333661954532,1.0051218679912497,2.0651152421359757,2.296730487631614,-5.109775711686403,-1.1140328870564313,5.229806602273508,0.745076275445268,-0.02916145960683303,0.7456467306692853,1.3611830034638632,7.682670924946824,36.16251668166495,2.5503431613449457,1.9110616407794194,5.341840610449748,11.669561196718373,15.95982415801617,1.425238106241567,5.274970932816551,27.350877097183577,0.5559890469577937
semiprime,361783,-1.4844524482106503,-2.6719463467120823,3.0566151787077542,-2.8928357679603147,0.496418420421717,2.935120104616596,-2.725027603910757,2.110465335336592,3.446714286640683,2.2705361729485816,-0.29479137817836387,2.289593079417452,-1.130190654150686,1.8249799856006939,2.146597974137837,3.3429171445612322,-3.616003142971215,4.924487157601199,-1.7679550460195048,-2.6759692808859605,3.207253753133848,-0.11662895879245472,2.4653378116182747,2.4680949818481044,0.379627547597449,4.866881378355489,4.881664821132057,0.15741513540281915,-2.8876059777591614,2.8918934640896317,-1.9209634953611487,-0.2798664505445443,1.9412434109741425,1.829817758906156,-0.577417282793594,1.918760993265468,9.342896350706637,8.614930028524537,11.879839373732992,5.242236469316292,4.607882862572666,24.250573765379134,10.286476636991154,6.091492839423795,23.83065142587828,8.36304780764433,3.7684259806505236,3.681643749277085
semiprime,363107,-2.132666727167189,0.11953971164258592,2.13601430515472,-2.7171436144892227,1.1457868345301714,2.9488467053989478,0.5938127362383409,-0.5127605563170139,0.7845616316347613,-2.5787069236116986,-1.1165406228038006,2.810052020915985,-0.5955057414057787,-0.36890313228425475,0.7005116766024536,5.926612662541503,1.0022644423504072,6.010762985195578,-2.4940978341291906,2.0996843255939273,3.2602451247341424,0.9968673081120895,-1.9681429282217793,2.206202850123271,-1.2339597121831358,-1.8584968113391604,2.230844452006664,-2.355445546439309,2.4868908987700378,3.425310214363952,1.1943965186705117,-0.9725581950344397,1.5402767564762136,1.5446920570993523,-0.5009258658679707,1.6238843168038188,4.562557111825601,8.695696891942228,0.6155369538333989,7.896392360254012,0.49071660905638054,36.12927166419726,10.629198273352744,4.867331015892044,4.976666969048913,11.732750064626023,2.3724524865408854,2.6370002743614056
semiprime,365093,-6.235939078290492,1.8744731096602762,6.511573206759634,2.38369029251571,-4.288068343052331,4.906068642540705,-0.9745975763169297,2.82496879463798,2.988358935342472,-0.539508701700184,1.097751936174276,1.2231635019835205,0.8880090246404356,-1.4673095066709076,1.7150968533029498,1.8890653504053048,-0.17793583644336985,1.8974269577490246,-2.865118443834832,0.6565433250754145,2.9393796683830433,0.4088820728709961,-2.438539995184777,2.472582022427376,0.3480186777955523,4.441901912138833,4.455514515424362,0.41487708954763375,-2.748936511683271,2.7800674352786667,0.36655381472391174,0.7611878847246087,0.8448483265889659,0.17342632094565552,-1.73614586703438,1.7447862792953481,42.40058562698994,24.069509525321198,8.930289126441194,1.4961289525845898,2.94155721620968,3.600229059992719,8.63995283490361,6.113661857631053,19.851609597157186,7.728774944696903,0.713768694940176,3.0442791604173047
semiprime,367079,-2.692722989927345,2.681186338685776,3.7999364841058196,2.563756090762521,1.7479702519256446,3.102941393990374,-0.5407695050243977,1.8402955152303466,1.9181030318888657,-3.1335732655495954,1.346426829678292,3.410593294171073,0.906552794037989,-0.15745029141339806,0.9201242104434861,-2.270990049431162,-0.17964901592146887,2.278084628264917,-0.8469423691971002,1.2380060635377046,1.4999901299999678,-1.827723024108539,-2.074156960567323,2.764543099668793,-1.7201346611819779,-2.6351302206422225,3.1468674157551613,3.431442530280709,-1.137946867786329,3.615206897609595,-1.0431621359926002,-2.6439306072003395,2.842280123010292,6.009162901468423,1.1979497081453283,6.127407468059382,14.439517283238498,9.628245294538926,3.679119240941259,11.63214661824469,0.8466285626442488,5.189669573536906,2.2499703900973205,7.642698549926338,9.902774532341567,13.06972091252399,8.0785562976594,37.54512227962989
semiprime,369727,-3.879608421579429,-1.6733933901693465,4.22511620468035,-0.6548838139572218,3.044230405219529,3.1138740452764324,-3.2770990114228806,-1.7735070747091788,3.7262186294838266,4.5239081887387265,0.17122632321719566,4.527147419059798,-0.3888029888139022,-1.9018968751329983,1.9412314359064162,0.6624835460841483,3.5938813355065573,3.654431214639923,-2.882318570476277,-2.142154313008795,3.5911816220367623,0.04300533069509958,1.0745437625511252,1.075403996694137,1.8310761496112131,-1.7087563167694733,2.50453349264381,0.8843820429146747,1.154409286377221,1.4542325805399554,-1.468933204794558,0.0570426663533965,1.4700403484029667,0.012653297729120161,0.16830195210681353,0.1687769327437429,17.851606943052484,9.696211569846213,13.884705274712328,20.49506375389979,3.7683794877512864,13.354867502534622,12.89658544245459,1.1564937561057236,6.272688015774602,2.114792398303898,2.1610186259327158,0.02848565302638591
semiprime,371713,-1.9852030314087419,-2.478792289883545,3.17575853809772,-0.575391948128759,-3.2289711821160667,3.279837006454351,-1.7410884887058076,1.3771829276432335,2.219914850100305,1.0682756006117171,-1.3829122076449045,1.7474721551188241,-2.2001681820015513,2.4999623035467367,3.330247970984551,0.37329797607294724,-2.293658659411536,2.32383765027458,0.6955631411025388,0.8205942560095302,1.0757244146417169,-1.8926836551211448,1.2653013834515607,2.2766727936458433,-0.051210614058595394,-0.5079138572291211,0.5104889943550422,0.28478807600041733,1.1718038246075826,1.2059139486700439,1.076217329583638,1.7548008781344988,2.0585358540471783,1.949936926386716,0.008049885674425994,1.9499535424070606,10.085442292300566,10.757330788907439,4.928021941695859,3.053658932915628,11.090551548246719,5.400221424833681,1.1571830162562644,5.183239009327169,0.26059901335762237,1.4542284515969772,4.237569862397746,3.8023188175458444
semiprime,373699,-0.24585797430263756,2.1519743884714293,2.1659732020884235,2.521212249343991,0.35117843167454454,2.545552493490476,0.8997427315656895,1.3394479125971501,1.6135853536662232,1.5380416002768869,-1.5705653526253869,2.1982373600340783,-1.0671065446055816,2.638609805980285,2.8462217211165015,0.8576798103583184,0.040701953283916015,0.8586450408040609,-2.075139483169331,0.8984175702224569,2.2612735361058602,-3.1667289732436656,2.6634981642073785,4.137921562900504,-4.541827543282551,-0.6716908636418573,4.591227074456235,-0.9633956739482976,-3.1840480225981804,3.326603828951334,-2.2728655004850276,2.514462125441827,3.38945974508866,-1.0891091856857553,-0.2091248277065799,1.1090049647807696,4.691439912165179,6.479837497115579,2.603657693566151,4.8322474910495945,8.10097808575538,0.7372713060974074,5.113358005092701,17.122394860716952,21.079366049219956,11.066293034793677,11.488437363576486,1.229892011908396
semiprime,380981,-4.570923401466175,2.2896618464967,5.112327465389299,3.58271276869227,0.3114914803327326,3.5962282637883973,-1.525412445577344,0.47745593047782636,1.5983889685150794,0.19411922487735378,1.4124254973479258,1.4257026544919946,0.3892740877871157,-1.5220785894153988,1.5710689188508764,1.5032588578535027,2.9957606510192285,3.3517710351260823,-2.2155276147535385,0.8288154937650073,2.365480444738539,-0.4931291755007889,1.7228243356576944,1.7920100656147175,-3.040302299997931,-2.483880648375369,3.9259522603753543,1.2043905453545727,1.88465259529253,2.236620663117095,-1.912979056870696,-3.8048091477433488,4.258645503300006,1.2512524396947975,3.039359421674539,3.2868432213849155,26.135892113373774,12.93285772527051,2.5548472946706995,2.03262805902552,2.468257547779262,11.23436907191017,5.595497734440437,3.2113000752644645,15.413101150746353,5.002471990682353,18.136061522777357,10.803338361963968
semiprime,381643,0.38048872175902526,-3.4101978989885984,3.43135853236762,-0.33115835106886093,2.049394767606475,2.0759780266119012,-1.8221011707101529,1.9582095183779353,2.674815357023594,-0.08122617968028546,1.1425177269811553,1.1454014356249251,-2.553307445985851,-1.6882652872169306,3.0609832723731856,-0.9758923568707563,-1.8244990170957331,2.0690970387060283,-2.512525206024697,-3.299799218936423,4.147464019880447,-1.8822726560605654,0.5705489716266242,1.9668442950008762,2.0448903957791646,2.9053628316558626,3.552845326540017,3.7434785580032837,-0.16814517901900417,3.7472529292079657,0.5286691412924107,0.981257675114996,1.1146110020661657,0.3836012701273276,-0.3043623364349183,0.4896798610147464,11.774221377652069,4.309684766975444,7.154637194169257,1.3119444487316396,9.369618593748456,4.281162555582056,17.201457796202877,3.8684764807774936,12.62270991431724,14.041904515457679,1.242357685926942,0.23978636628342137
semiprime,384953,-1.8212977468284381,-1.1753196938521704,2.1676027923397556,0.21429877106661321,1.4542426566795261,1.4699475051126782,-1.311083300259852,1.8461248854633432,2.2643136957911345,-0.458424652489674,2.453138716291644,2.4956046809098775,0.48182494754744,0.7113674552425301,0.8591850420353734,2.6027508317651953,-4.5589464099042365,5.249600390566233,-4.865713361450882,3.0733610896474883,5.755059939145799,1.2354523400603716,0.7915269974556647,1.4672618962754496,-1.1293957530891212,1.7794790686556183,2.107624378981988,0.03950370141267062,0.4677407088634813,0.4694059151240144,-2.10427563321505,-3.703379438962177,4.259459497338883,-1.8859791158771562,-2.9018511060895524,3.4608751880756894,4.6985018653591055,2.1607456677869874,5.127116512947307,6.228042723379292,0.7381989364573264,27.558304260633143,33.120714903160845,2.1528574722618283,4.44208052287921,0.22034191315341342,18.142995209470406,11.977657067437939
semiprime,387601,-3.3200896859375275,0.2508126086451954,3.3295498926017246,-0.17528074612257027,-1.389763759819974,1.4007735891535917,1.6855590794026387,-0.44602104640871754,1.7435722480001217,1.4969173426671036,-1.0927204518622529,1.8533212124981437,0.43730389673683534,1.229045142557097,1.3045254541573403,-2.47248622689897,-3.9600992387240446,4.668573028533222,1.2517063257853178,-1.733143081674169,2.1378853261028796,0.04235093633900511,3.50309232175479,3.5033483150474996,-2.5879116038743613,-2.591402955465602,3.6623292788966184,1.6938531793989164,-2.3279997510791723,2.879013969119377,-4.307409627288207,0.24374722066162458,4.314300685491844,2.2738734935232543,3.467095023505509,4.146233057434702,11.085902487324155,1.9621666480702353,3.040044183996198,3.43479951669559,1.701786660544415,21.795574122747862,4.570553667566016,12.273449416546153,13.412655747063425,8.288721434384508,18.613190404835393,17.191248566564315
semiprime,390911,-2.440493822007136,0.9331110666154643,2.612796654524659,-0.46621440686569704,0.12298662100720181,0.48216343921527555,-1.2354060668368538,1.9164785250010656,2.280157469730449,-1.3243477831654318,0.898935383391772,1.600619215893932,-1.12586002283457,-1.715416813614873,2.0518809993393043,2.9548969176979614,-0.9384385275338767,3.1003358953798643,-1.0748575957466218,1.9862184647889776,2.2584026746802466,-0.5106265770438667,-5.1100004570797966,5.1354497536768156,-1.3224375535197521,2.7724651639620776,3.071710300198015,1.6849957953415837,1.0376474055638139,1.978869113557572,2.3403053130264975,-2.1270320819207305,3.162482321800406,1.716629740585847,1.8801277368726375,2.5459179038652557,6.826706357895249,0.23248158211590272,5.199118086767564,2.561981874288906,4.2102156354496625,9.612082664180864,5.100382641002891,26.372844172539267,9.43540416834258,3.9159229685921306,10.001294435700087,6.4816979732216575
semiprime,392897,-2.1635549410920536,4.097918688584813,4.633994773559473,0.36306658417926174,1.496138335621167,1.5395607373088185,-0.36825997215336326,-1.3720200566903804,1.4205824309243973,-0.2147902457255944,4.893963136216601,4.898674313353143,-3.4877126175580706,-3.113101874903246,4.674991185681517,1.2703340278286692,0.15015378731634454,1.2791773536554076,-0.4907668126631647,1.1099359352972336,1.2135937725926689,-3.584457719897567,-1.9225026457026098,4.067475085168537,2.8303334161843687,-3.1184756752340466,4.211374809227543,2.3941265739312363,1.182247715120572,2.6701220406400026,-1.6821438084399116,2.180365285262869,2.753833794812636,0.5590238888187339,-2.2004399551331395,2.2703399975370107,21.47390756137651,2.370247263862873,2.01805444305107,23.99701002830589,21.855542586199874,1.6362947021048517,1.4728098448757065,16.544353568466796,17.735677783796323,7.129551711911532,7.583600569452162,5.154443704416353
semiprime,394883,-3.753435286530807,-0.03623131827868609,3.7536101500553856,0.3271078300807684,-3.256122708514055,3.2725119748292832,-1.547654889432906,0.7861006429650502,1.7358542213145798,1.2862112698529644,-0.17711962306212992,1.2983492563907626,-2.5697464191368,1.589464787932004,3.0215881537268006,0.8188260166043281,-0.14980178676401895,0.8324161343858035,1.1072615036587523,-0.8361977960002476,1.3875355100033702,-1.5782408961926742,2.2927684999152733,2.783456793380991,1.7978627913530132,-0.43374364446269864,1.84944428562837,1.807098941612992,1.3047997967036018,2.2289255470420173,-0.9867361776313431,-6.365442487296681,6.441467716547858,0.26909653483805906,3.4873091662019498,3.4976761093243027,14.089589158598814,10.709334625401056,3.013189877655646,1.6857107915704461,9.129994970742136,0.6929166207858041,1.9252547915203126,7.747631720618788,3.4204441656434317,4.9681090942565564,41.49250634332827,12.233738165737991
semiprime,397531,-3.4704718173588684,-2.722078256294005,4.41065580934069,1.659617077262395,1.5923993008018924,2.3000139948129292,-1.7198322988281376,-4.528885003183594,4.8444424352193245,-1.1305079731523646,0.027007555545798034,1.1308305290438647,0.015907579998165056,2.6958542117582476,2.695901144729918,-0.6639721099607151,-0.5351499926853165,0.8527863023505821,-1.032960188314045,1.4914823833865691,1.8142564456532235,1.5533175160346637,-2.8957341577094033,3.286041937916357,-0.8528793019734218,3.4225728576237127,3.5272380227987474,1.3169962041437087,-0.7399801499141077,1.510645432917944,-2.82575407613354,1.6888914873023624,3.2919964390423786,4.050988394748654,-0.4171076136261299,4.072405399236814,19.453884668470774,5.290064376335329,23.46862250815374,1.278777685417627,7.267882982156082,0.7272444774767783,3.291526450594268,10.798071617745087,12.441408069477218,2.2820496239958423,10.837240554667702,16.584485735733157
semiprime,401503,0.38105336420490177,-1.9624641147625699,1.999116571914382,-1.5899659797272814,-2.4732997165592994,2.940272658210875,-0.6748066848591843,0.7542678335698129,1.0120691807819964,-0.8192785322618128,2.1050723167519156,2.258881752589176,-2.8513678728126752,1.139800997724419,3.070740148648508,0.20692656169178797,0.4113390666432417,0.46045459024807067,-3.0702463627205514,0.3393267931164755,3.088940821758405,1.8100792190197519,2.4660404433143555,3.0590427011058896,1.056019597809122,-0.6649034164711738,1.2479078268013144,1.5974687413190627,-5.4612929533085826,5.690134190100396,-0.21990873614787732,-0.8353189011677717,0.8637809438059457,-0.033442861770728194,0.4341047773302154,0.43539106870069344,3.99646706810271,8.645203304622445,1.0242840266887412,5.1025467721803475,9.42944506052186,0.21201842968051865,9.541555400325489,9.357742247189217,1.5572739441919794,32.377627101349496,0.7461175188822904,0.18956538270433196
semiprime,402827,1.634094501093141,2.8725517721886895,3.30481747187454,-0.030154573024268494,-1.752266333322774,1.7525257776052012,-1.7229886449263296,-2.075872426907424,2.697765038571667,-1.4168053661801376,-3.023116277931548,3.338647851381084,0.7160104602331393,-4.2025233922739424,4.263082668887967,4.233824792114957,0.982519913643541,4.346333828761129,-2.6304463061021144,0.9637147919683842,2.8014271308647176,-1.1383196659735284,-2.2866195876371465,2.554290664843756,-3.4772552367390435,-1.5501764444448596,3.807144729366196,-2.125619534214636,-1.5045482485990962,2.6042127095530145,-2.094060101284998,0.5704486563315531,2.1703684888295376,-0.1918808559130959,3.2233009792413383,3.22900719504372,10.921818522407225,3.071346601170715,7.277936203339589,11.14656947553153,18.173873841772952,18.89061775103337,7.847993969544924,6.524400800507957,14.494350990340806,6.7819238365974535,4.7104993773042105,10.426487465644113
semiprime,404813,-0.7504310632269461,-3.5114978024206502,3.590788715179575,-1.6087166065775609,0.08260928294082781,1.610836246769491,-0.09425975944836679,1.989591455395408,1.991823049779694,1.1304646969503351,1.5818039636115175,1.9442361508695698,-2.9034409865787287,-2.8041867062970693,4.036512436041597,-1.5062865513427046,0.6666434119668493,1.6472135907266854,-1.6098102960907732,1.0294822427784567,1.9108434989804959,-1.7205838400494078,-1.9163648159713738,2.5754344989791846,0.5552260289418427,2.618182484260683,2.676407193254414,4.470649307411131,-0.0855131030077182,4.471467065812028,-0.16053094600704543,-2.889404775039014,2.8938607669762164,2.1775657801736616,-0.4407541149987003,2.2217238615254633,12.893763597060984,2.5947934139064204,3.9673590616336813,3.7800542103481205,16.293432646318465,2.7133126134747,3.6513228775960243,6.632862858532164,7.16315546410397,19.99401772064163,8.374430138644176,4.936056916871616
semiprime,406799,-5.147388943884219,1.1207333404054545,5.267984069823851,0.5465158149081282,-1.4769258392066638,1.574798231666839,-0.6083646894892879,0.703657833091441,0.9301838213430397,-0.4934625008100706,0.16475471288264576,0.5202397092906038,2.621962850381692,-0.21004635483074185,2.630362838081349,0.37910366181524596,0.09756637649802868,0.39145725721294716,-3.7557911057931976,-0.07725039455881577,3.7565854780391708,1.2570882064025732,-0.42111825593798813,1.325749351936742,0.5455423079919105,0.7836905704097751,0.9548755520790859,2.1662256358850263,-0.8642899373969183,2.3322801292835846,-2.142669607656774,2.2998745438140276,3.1433192591367196,-0.8355719163692266,-4.416270812683675,4.494622155241379,27.751656159917864,2.479989470461003,0.86524194148834,0.270649355122772,6.918808659959369,0.15323878422468348,14.111934453814785,1.7576113441606915,0.9117873199583392,5.439530601451054,9.880455964859816,20.201628318386664
semiprime,407461,-1.8816956278405375,-1.787782022333176,2.595562173251085,2.6899545528659363,1.422039423214704,3.0427046550168138,-1.3565553095947773,-3.693266893229347,3.934521909027034,0.6951504198894991,2.0100030004363996,2.12681596948017,-2.8991706942694875,1.3563718704630545,3.200771057963138,-0.2716816279778034,2.181334623465482,2.198188264573798,-1.5383573327007034,-1.8625116007363298,2.415676457216783,0.14606710612072715,2.224743371407622,2.2295332848182903,-2.187122049813706,-0.35613135247234673,2.215926984581191,-1.9484329331679802,-0.18640332615922972,1.9573290717344396,-1.3165171215660922,-0.9631457009945954,1.631216408917296,2.0196538409509803,2.793758691439707,3.447330744686815,6.736942995211896,9.258051617660987,15.480462652613735,4.523346168035876,10.244935365494465,4.832031646509966,5.835492745951428,4.970818668112636,4.910332400995089,3.831137095056803,2.6608669727210392,11.88408926326295
semiprime,409447,-2.939312875680921,-1.4000508621134102,3.255718445696456,-2.669562736967997,0.45817828571498653,2.7085960474217607,-0.796045502497366,0.6623265787385064,1.0355505487178012,2.596768025919123,-0.9965636350764946,2.781428276837779,-1.1102037089747538,-0.2589994578298014,1.1400144712140416,1.0284901628116647,3.0946193480811734,3.2610521192582484,0.2237473229326472,-2.967826310268685,2.976248624097551,0.1507487145135361,0.7381515660611658,0.7533876222808782,-3.501564753802516,-1.403882483121817,3.7725113321881953,1.5020704077984126,0.8009814319761853,1.7022886841996894,2.704695948516682,2.4882425665633128,3.675150506303128,0.1278349451953668,-1.0700844246845516,1.0776931145579294,10.599702597648148,7.336492548108785,1.0723649389497392,7.736343259192776,1.299632994577431,10.634460924518713,8.858055872442565,0.5675929094060352,14.231841751488352,2.8977867643543096,13.506731243980136,1.1614224491655702
semiprime,413419,-3.8641308206670337,-1.0086729158210628,3.993610903723577,-1.5081660217028887,0.07176290317620104,1.5098723996720367,1.0563343997274242,4.0266721518277375,4.162923369743012,-1.108038367906683,-3.3450359057923724,3.5237784033326363,0.30620524788403536,-0.8983422270392738,0.9490945214854029,1.4258882190740478,0.07594065369480363,1.4279090293774859,-1.2092841127579093,-0.213757303723205,1.2280310461318549,1.458142909562483,3.2448228190701953,3.557394534187344,-0.010746392688829376,-1.475797743531711,1.475836869294541,-2.07257345619886,-0.6321558523569112,2.1668368081166562,-1.3859851362778746,-0.06419651006830673,1.3874710771357177,4.252202544806508,-0.6727013564070278,4.305084621348435,15.948928050339847,2.2797146632913945,17.32993098235252,12.417014235793504,0.9007804107136058,2.038924196177754,1.508060250263698,12.65505587186599,2.178094464769112,4.695181753009179,1.9250759898881487,18.533753596970797
semiprime,416729,-1.8429455369465488,1.29493948040954,2.252402386358737,-0.8076958612899177,-5.978339819869558,6.032654441138067,-1.948111285583181,-1.1987147381894663,2.287368489021652,-1.0228967446005466,2.1968346932959033,2.4233036169211033,-3.046154489602111,3.769788002203409,4.846685337019505,2.521690368010402,-0.07079233309983635,2.5226838617912777,3.3468393508087084,0.6336498476646298,3.4062950209233294,1.7710202276892606,-1.1905486541716628,2.1339912710305255,-2.4450095050691916,-2.6198465804588786,3.583527254678102,-0.5736755883199081,-2.0483576307237676,2.127174808044341,-2.2320521241386184,2.2142843391248808,3.144059767142703,-0.13780448707361548,1.6032414581994088,1.6091529603946881,5.073316510074533,36.39291960618285,5.2320546045691945,5.872400419782902,23.490358756079868,6.363933866542154,11.602845769567065,4.553918744834478,12.841667585020774,4.524872663978479,9.885111819365429,2.5893732499469886
semiprime,422687,-5.310870586681508,4.103545655317921,6.711514980520969,0.8080852435847107,-1.8295379366022582,2.000052704897101,-1.3846920153139008,-0.8207018087404472,1.609634566025442,2.2718709140407913,-0.5232808602014202,2.331355894907013,-1.069455808232966,1.9830550228817545,2.253051918962318,0.48056179186346415,-2.7149496165223046,2.7571527081490483,0.4718412956569426,3.888010269224288,3.916536488005792,-2.009546512033552,-2.94800278610278,3.5677720794490178,0.9613743516609182,0.5904239737843001,1.1282026027494774,1.084160399126262,-0.2774241498106871,1.1190924581694752,-1.21694915707698,0.19553967804745587,1.2325587274451772,1.713704894796856,0.8926373527266934,1.932248925458007,45.044433333757375,4.00021082236621,2.590923436143913,5.435220308717678,5.076242949539783,7.601891056053631,15.339258061880743,12.728997610895968,1.2728411128506951,1.2523679299317987,1.5192010166012748,3.733585909933623
semiprime,423349,-2.2619896847990377,1.4864221242000273,2.706667335571287,-2.8466912771334565,-0.9331083819682418,2.995720694558673,-0.0030167551243469592,0.5951557734060877,0.5951634190960317,-0.9167897331988484,-2.1106949572157347,2.3012032976933496,-0.1708769617602478,0.030055719872294856,0.17350009324912494,3.5792910319870317,3.4070092726640153,4.941562149329033,-0.47655975430707176,-0.6723729181108571,0.8241325988177667,-0.6208375883829033,-0.6821357575873495,0.9223602891106959,-2.7301304884196447,-1.9655163742923565,3.364055157307897,2.34201340669488,-0.7123525238314619,2.4479528008823235,-1.0860355969222057,2.9784969697725607,3.1703182043332023,0.49721943096147203,-0.11407565480938442,0.5101376456857893,7.326048065448571,8.974342479807099,0.35421949543007863,5.295536617314747,0.03010228235745505,24.41903647568137,0.679194540434126,0.8507485029283666,11.316867101409859,5.992472915347612,10.0509175167265,0.26024041754583993
semiprime,424673,-1.8926742526629141,1.8481374679330944,2.6453407960168893,-2.0442703981366863,-3.160114506915873,3.763690364192846,1.3138710229607566,0.10533869267916263,1.318086986944071,-0.9144207117895398,-0.19447770199427838,0.9348726195170461,-1.1325141876377587,-2.4254886947782692,2.676860809548753,2.9082768803259635,0.4802189740377041,2.947657489543917,-3.228003675982043,-0.2759422596528085,3.2397765143317954,-2.097611454524389,1.6418102389758973,2.6637407296803524,-1.5994169266526297,2.2926025660300935,2.7953820903466333,3.0778359581009394,-1.3732291460545687,3.3702867048001846,0.41833954461173223,-0.10829588352647102,0.432129578916707,1.5937594108109083,2.243327174338904,2.7518331836569794,6.9978279270712695,14.165365157518078,1.7373533051512997,0.8739868147226637,7.165583793698005,8.688684675664346,10.496151862815879,7.095514674958016,7.8141610310307135,11.358832472552887,0.18673597297473052,7.572585870675707
semiprime,426659,-1.2777519965303643,1.3790019386624288,1.8799724762538599,3.188038233025622,-0.9909321496957928,3.3384928187033527,-3.4043188225095458,-0.7841610339300764,3.4934646373517317,-2.3048092958353976,0.13897677872874858,2.308995546811444,-4.648908524450097,-4.050627632415768,6.166030707448265,0.7071250956454457,1.5851294325424004,1.7357019383534067,-0.938828371125636,-1.0375391036133381,1.3992448327427134,2.875072496175827,4.1555103100228425,5.053148305262061,1.4953516903357817,0.2174710026232125,1.5110824976724548,2.286785527287438,4.053220528431054,4.653813994983706,-1.1194870819385765,-2.049856666933572,2.3356291832393605,0.9557688812570425,-1.6997931425838242,1.950074583690155,3.53429651147207,11.145534300533857,12.204295172427067,5.33146043519508,38.019934685194954,3.0126612188037734,1.957886101957184,25.53430779497284,2.2833703147720246,21.657984699906198,5.4551636815993625,3.8027908819543312
semiprime,427321,-3.7772706868255472,-3.5607863839622933,5.1910474389821175,1.095467471036261,3.356337349313107,3.530587682311928,0.44080958150554056,0.4155348356642269,0.605790629506256,-1.6373230146379372,0.6095805084473065,1.7471162097988613,0.24027268268850555,2.6171521039924723,2.628158309059512,-0.2776315909725441,-0.6655722898962971,0.7211558592868441,-0.2883238957787435,-1.299197037964893,1.330805625301375,-2.4474589360280112,-1.2054869956471803,2.7282327870285976,-1.3449034699897924,0.02851495215390265,1.345205726306175,1.7675272419373327,0.4858707294856067,1.8330910825055775,0.2780684326163676,-1.8610211844010034,1.8816806057370727,2.574386997050982,-0.9127491315379771,2.7314061191460532,26.946973513762803,12.465049382492712,0.3669822867975859,3.0524150505419385,6.907216097478554,0.5200657733837465,1.7710436123337836,7.443254140217829,1.8095784460869238,3.36022291676147,3.540721902007037,7.460579387708504
semiprime,429307,-3.498506353970864,-1.7524676573990807,3.9128876292329595,-1.362177563570314,1.5777633441395889,2.084433948295051,-0.9370909353941452,-0.7792216144389384,1.2187394084080072,2.233641848138445,-2.035383137010854,3.021910061564287,-3.8620606188765305,2.452987507624446,4.57522239201971,4.363866604084887,2.106355308139902,4.845623223319834,0.8724934279010386,-2.394079046535132,2.5481089581862606,-3.064862767217069,-0.6211177854074199,3.127166622555135,-0.4856094655488132,0.584583353678224,0.7599699010015354,1.859233399966653,-2.5865225227475976,3.1854116839479567,-0.5295252637481139,3.010568635658115,3.056782706532454,-1.4142581720320853,2.308118055673973,2.706942026731961,15.31068959900433,4.344864884804896,1.4853257456066995,9.131940420183474,20.932659936438558,23.4800644223765,6.492859262789071,9.77917108522289,0.5775542504282835,10.146847596232158,9.343920514955874,7.327535136087736
semiprime,430631,-3.0207252941857665,-1.601878619027362,3.4191806639940356,-2.39491645848399,-2.2913332631861434,3.3144883415243385,1.1963059212512932,0.22174556234689435,1.2166835873148967,-1.5342661482219264,3.8351384184871162,4.130648775015326,0.32817283858002466,-1.6235105196282476,1.65634652754949,2.6746468867606397,-1.789613711165793,3.2181443727792858,-3.627160285990102,3.120289418697978,4.78461051671945,2.232959714805161,-0.5883328838446935,2.309165362237135,1.6672070602954323,-1.3245773885127572,2.1293390148255424,-0.3863943927205309,-1.1255933746960651,1.1900676753384845,-4.20399135658989,-0.5734089630704517,4.24291658711458,1.114214562628331,2.340396379020983,2.592089755874123,11.690796413030695,10.98583296610076,1.480318951641446,17.062259302535608,2.7434838193252533,10.356453204050982,22.892497796702365,5.3322446701557595,4.534084640058212,1.4162610718855444,18.002341165212037,6.71892930250757
semiprime,431293,0.43373770981294735,1.3221356740521222,1.3914636687729363,-3.01005456251924,0.2893051860873649,3.023925587715402,-1.1265156016082543,-0.34117869180227456,1.1770472804465921,1.7129164439332398,2.7349165868178043,3.2270499656416916,-1.3026113318047723,3.03011515030916,3.2982410624269574,2.5567155359847438,-2.139212720635755,3.3336204637114264,-0.9761589097649523,-2.212845011928263,2.4185882791267503,-1.1572301216306211,2.5557536032515396,2.805540595846449,-1.9170239206280466,2.451699434993932,3.112203533159374,-0.3150660336691194,0.673851471686005,0.7438698888013854,-2.715734104088166,-0.3385877992665458,2.7367596573173385,1.0944185350501598,-3.658379117342487,3.818571682719722,1.9361711415150398,9.144125960039938,1.3854403004067184,10.413851480748043,10.878394105879304,11.113025396075585,5.849569263929296,7.8710580349424495,9.685810831809691,0.5533424114653854,7.489853421919716,14.58148969606893
semiprime,432617,-2.3029201895071365,1.8881711061553528,2.978024769097717,1.177586466188158,-1.3857823316706996,1.8185440759355258,-0.6152250891662105,1.528969552017572,1.6481049121146343,-0.583470204235397,-1.3512030925130607,1.471797294618846,-2.1370264595905604,-2.2557830924365545,3.1073203003734244,-0.6543126878362013,3.7363507594963448,3.7932099983328564,-2.75688041349952,-1.1953361869383183,3.0048657564259877,-0.15145385605356199,-0.08035000686492744,0.17144793412778983,-1.3002650004433849,-2.1668151567417144,2.5270094963936436,4.871790796388101,2.6853483038345756,5.5628626692269725,0.778473151293672,-0.5874445084582026,0.9752494541412466,1.876451014481912,0.3161545617005165,1.9028983463743518,8.868631525359511,3.3071025561201957,2.7162498013363865,2.166187276447354,9.655439449112789,14.38844209145235,9.029218214141524,0.02939439411668696,6.385776994863656,30.945441076679035,0.9511114978027996,3.6210221166342427
semiprime,436589,-2.5796350752268227,1.1447832631227872,2.822241279704227,3.345766113822371,-1.5365021743197618,3.681710176004,0.0017006410671260852,-1.5212454304847653,1.5212463810805987,-1.0841904983223116,-2.455135465400966,2.6838701887613716,1.1929417969128884,-3.2985382916111936,3.5076295403088174,-0.24831836127758922,-1.235287070407832,1.2599984741515966,-1.454215573968444,-0.3427188510479775,1.4940545995498347,-2.499514723414344,0.7813322874112064,2.618788650486387,-3.20176118170321,-2.5288193788140787,4.0799757493552775,-1.0187700133366266,2.6390277226689105,2.8288442270809053,-2.0386902311152513,-1.4914962674899812,2.526028300392001,1.1279779172967452,2.4292985714536837,2.678399845276282,7.965045840866552,13.554989820091405,2.3141905519508184,7.203159190122,12.303464992047045,1.5875961548643516,2.2321991464360167,6.858053995916311,16.64620211532716,8.002359661088965,6.380818974381302,7.173825731176012
semiprime,437251,-4.104178666498839,-1.4444609023129549,4.350948152397929,-0.2673238714656574,4.140707751133501,4.149327985656526,-1.1743759712815263,-0.19286238186840488,1.190107062521428,1.320359787281537,-3.6865511011935443,3.915866314058931,-2.0504360089596547,0.626768348242031,2.1440910403237172,2.611602512050673,1.384234972128213,2.955769635646895,0.0910245840624031,-0.6080062782993768,0.6147821641485647,-0.9101633505754205,-0.660339727563508,1.1244758247865196,-0.015109272683704433,1.7970679979168547,1.7971315141797284,0.9264052165997105,0.40730224086728906,1.0119890022913647,-2.356466317889393,-1.8672775109711548,3.00660253614039,-0.11624054035376663,1.1122510170189879,1.1183086282782175,18.93074982485495,17.21692273255244,1.4163548202633822,15.334008989581479,4.59712638919644,8.73657413901218,0.3779571093551927,1.2644458805293237,3.2296816792579235,1.0241217407586718,9.039658810325824,1.2506141880815085
semiprime,439237,-1.617202983060817,0.7326533181432129,1.7754228716018798,-2.2509410046473612,0.3139826976761436,2.2727341553386444,-1.045405009072826,-2.229101677774896,2.462065377453128,0.12019056166418773,-0.3169484350908828,0.33897209563578007,-0.5047687350302197,-1.9287554231260495,1.993712355908483,1.770197103516698,1.5220320990410459,2.3345619494479473,-2.267160998392743,3.130931197669804,3.8655852282901813,-1.453644554364865,1.6051724529699434,2.1655625352799612,2.1888378364816568,-1.132179574022632,2.4643136290350234,2.2258927170716536,-4.23537604030186,4.784663895267429,-0.28516420169056667,2.3020079761790395,2.31960327304428,1.744937093315864,1.4158458468561423,2.2470925485367537,3.152126373007065,5.1653205408428615,6.061765922853413,0.11490208161971242,3.974888958102154,5.4501794958101994,14.942749157175253,4.689661094208173,6.072841662247767,22.893008590675688,5.380559344317736,5.049424921689402
semiprime,450491,-3.27810790730152,1.4490081304568223,3.584078126107567,2.0150527648155165,-1.0056762167075468,2.2520706689271233,1.6364734318888008,-0.18892067711634053,1.6473421974562559,-2.378273179979573,0.05849380207869459,2.3789924008898753,-1.320649825103434,1.3586787361498325,1.8947622195440346,-2.150291556677315,-3.4671120667241,4.079781839993606,-1.018839616265037,1.7435843938650084,2.019435738566765,-1.6140049090433901,0.41204551056894123,1.6657710974789368,-0.8361400540178918,-2.9953530102729795,3.109866531876319,2.603665872117503,3.466734399892571,4.3355880077594895,-0.5855691064147952,-1.6155412079002953,1.7183901107755966,4.088863517306126,1.8526083189977949,4.488982339771104,12.845616014042728,5.071822297841861,2.713736315520006,5.659604843491773,3.5901238686114363,16.644619861941614,4.078120702200696,2.7747933491961816,9.671269846084442,18.7973233730279,2.952864572811367,20.150962446776852
semiprime,452477,-2.580659820121452,3.9130455855244652,4.687401290862751,-0.7276264046545684,0.8314590660527826,1.1048820585347103,0.5654141352019112,-2.028117889890738,2.1054584582890694,0.8295387686295805,1.9018204144285753,2.0748627562797397,-0.21245416934624406,0.04178616876396746,0.21652449739596052,1.9304189922664612,2.6493473570256514,3.2780419313794424,-4.8683501207065305,1.0455821319556384,4.979364908544882,-0.15028755389055876,-0.5737271008345598,0.5930844249231612,-0.5879532020586762,-2.5874222950541768,2.653383330910646,-0.0717292029090777,1.2687933873830008,1.2708193177697613,0.8854341365038633,-0.08948932922393815,0.8899449140993461,-3.2646364456317674,-0.0521267504840095,3.2650525754209907,21.971730861581786,1.220764363271899,4.432955319580985,4.305055457396758,0.046882857972573314,10.745558903881864,24.794074892448183,0.3517491350864368,7.040443100754474,1.6149817384168015,0.7920019501312925,10.660568320263245
semiprime,454463,1.257831267580117,1.145065176699421,1.7009743550659078,-1.8099374755751299,-1.2902859819092658,2.222771148949624,-3.8296596337155187,2.539757796271384,4.59528699580683,-3.221979208046102,3.804462595247508,4.985487504318789,-0.6452252363187215,-1.906502492827558,2.012726350187785,5.591178723923869,-1.9963019745954225,5.936876375387357,-1.1142241353127906,-1.224332049956974,1.655440845293296,-0.43664581868347596,-1.9956219803731612,2.0428329984416886,-1.2937374184679638,2.4607958254816764,2.7801569384932563,-1.3085484902767825,2.1278008795872303,2.4979663197444912,-0.13659883890694868,-2.716040961091105,2.7194737993066638,4.365994815579304,-1.0166539254669142,4.482800010465853,2.8933137565918807,4.940711580602832,21.11666257383136,24.855085655718792,4.051067360740241,35.246501096632514,2.7404843922653828,4.17316665952226,7.729272602652196,6.239835734577838,7.395537745115421,20.09549593383265
semiprime,457111,-3.3279197567660788,-0.7440915667711216,3.4100912256439564,-2.3191466955510145,1.593674684962873,2.81393681467383,-0.3440881379263101,-1.134405872442119,1.185442250846814,2.4039675931671147,1.3505841727436554,2.7573787909286884,-2.117656551056883,-1.3246391529171213,2.4978266860763423,2.4141121116052955,-1.5344543185550752,2.86050473572964,-0.2524379921169713,1.4628254888638281,1.484447153230369,-0.7608782666569769,2.549671176538946,2.6607816229717947,-2.944898394140741,-1.9750202900710958,3.545861206816368,3.951495871150951,-0.8241750736301687,4.036531205344052,-0.9715035493006594,-0.5514894698320907,1.1171212027526196,0.5955336016099343,1.29606157396419,1.4263365220567807,11.628722167213901,7.918240396976701,1.405273330092761,7.603137796663356,6.239138153675122,8.182487343131697,2.2035833507337466,7.079758845144418,12.573131698005229,16.293584171716304,1.2479597816394594,2.0344358741530333
semiprime,463069,-1.2842363592977797,-0.6376156247037286,1.4338119512016707,2.5867916116359155,-3.1208681402137,4.053555080497964,-2.706247423793443,0.2920148862777101,2.721956614752783,-2.8527241739409455,-4.8452380128664485,5.622665436775788,-2.292182655803811,1.5803407351504486,2.784165614101229,0.20912696585999535,0.26303488701864797,0.33603785447285633,-0.06394475299298585,0.6716049446126267,0.6746422259712649,0.4908358138823299,3.700031410087468,3.732445877949657,-0.8234238038437305,1.0154594871590719,1.3073579199277616,1.1237184877900699,-0.2601734026892999,1.1534441639143744,-1.8332166778213055,1.3819143043480073,2.2957287584564123,4.801914232650126,-2.082867816695247,5.2341874860911,2.0558167114087422,16.431308790630855,7.40904781259643,31.61436661391306,7.751578166743675,0.11292143963872057,0.45514213306346324,13.931152231823388,1.7091847307978436,1.3304334392681303,5.27037053240382,27.39671863955267
semiprime,466379,-2.301489638329166,3.7589680990516565,4.407572543364946,1.0176782018138422,-2.654716975563354,2.8430953453571157,-1.7784341110317357,3.228254391169976,3.685709470561872,-2.4914172613075034,0.3553258135068704,2.5166279827748284,-2.0533164220336255,0.9300658342080911,2.25413637230629,0.25480460079163547,-2.4432994102654,2.4565498962544674,2.620737009324853,-1.8299863758886372,3.1964218444978445,1.2883744621268238,-0.29404348769247335,1.3215030561125982,-0.4850237882575783,-1.5427907261703615,1.6172356970871635,1.5430015575685205,1.9824330637326004,2.5121494101344974,-2.393368322625617,2.4904256239537172,3.4540457026786746,0.9493014820157659,0.8244853825307883,1.2573581231153954,19.426695725024537,8.083191142791296,13.584454301389474,6.333416403685302,5.081130784954162,6.034637392787834,10.217112607983003,1.746370327314937,2.615451299933004,6.3108946588391035,11.930431716193018,1.5809494497642698
semiprime,471013,-3.729363421412268,-1.2036725964567392,3.9187981892958867,-1.1156458467470411,-0.4528731762535001,1.2040597033095395,-1.5165666801593587,-1.2888690459256442,1.9902657895152744,1.9358338860909645,2.0967260448079355,2.8537191420169528,-0.21852433271909105,3.3109144501785486,3.318118047989168,1.3636980200728992,-3.6135135346260703,3.8622729518868217,-0.5697342642926684,-3.037811205550737,3.090775639298124,-0.7148519534691726,3.4283963774544866,3.50213007130257,-1.9483482325147339,0.25401247158695284,1.9648366779111692,1.5793446777791287,1.1278306005058343,1.9407038606306244,1.99137835471447,-2.784368595867872,3.423199706309951,0.10468793734918505,2.213856942936445,2.2163307803697374,15.35697924842872,1.4497597691338562,3.961157912914859,8.143712941513973,11.009907380391446,14.917152354876544,9.552894052478727,12.264915036321742,3.8605831708649996,3.76633147466661,11.718296229280535,4.912122128014329
semiprime,472337,-2.9238871063348864,-2.7500921647038483,4.013990872555254,-2.2960246665601907,1.3605995607630597,2.668887489985568,0.08400679906304309,0.14710818291776145,0.16940472180604668,1.3150668351370185,-1.6258676148569553,2.091135165865167,-3.4384275534217768,-0.47276062075821124,3.4707760867952504,3.8113343074421984,3.848757402912562,5.4165674323837365,-0.7977051558463586,0.5715142660895963,0.9813063089615767,0.8313554336371742,-2.458661706944452,2.595413116679705,-1.5500779177753325,-2.803064601771557,3.2031098502673068,1.2882730946367558,2.799217731519983,3.0814391888889907,-1.0272961662035678,-1.5233980394084494,1.8374109501061693,-0.545270904245303,2.086231641550059,2.156312319962288,16.112122724956894,7.122960434201465,0.028697959770184068,4.372846281917939,12.04628664466975,29.339202749560144,0.9629620720077934,6.736169246233061,10.259912712879448,9.49526747482084,3.3760789995700557,4.649682821221145
semiprime,472999,-4.701719080855645,1.9425867918400086,5.087219845761858,1.2349610250134369,1.5495576136103404,1.9814786224433538,-2.0767619406721307,-1.4458347343552544,2.5304897228189653,1.2575216281860022,-0.16416622402780434,1.2681920968319906,-1.4969606590769078,-0.2441518742973362,1.5167403708436298,0.7871524479207611,0.25708515971468604,0.828071105408933,0.9696153513049213,-2.382618351989734,2.5723577007726672,-0.0021242862552232067,2.224129423252912,2.224130437715249,0.8643770528480479,1.02937623023933,1.3441588867659995,-0.44185416674228595,-1.3901889173443147,1.4587187290819563,-2.6397178200465827,3.7248297825884764,4.565355087912614,0.06632725577516249,-5.279032791570365,5.279449452294611,25.879805759113303,3.926257531200011,6.403378237292404,1.6083111944671211,2.3005013525468714,0.6857017556131723,6.6170241407244434,4.946756203971425,1.806763112872011,2.127860330574478,20.842467078729594,27.87258651933387
semiprime,474323,-3.0368057406673272,-0.32711305205141594,3.0543726123988906,-0.7140783220919826,-2.706064473839076,2.79869483628631,2.200830675708781,0.8650032936301093,2.364716972733039,0.8023336165315257,0.035508014639133445,0.8031189521609924,-2.709952067542845,-1.6497552990799609,3.172622378289315,3.9684381558217123,-2.2200010426980477,4.5471866056015395,-3.568601084461564,0.647192103197648,3.6268128320140325,-1.2449755916166456,-2.047090698491617,2.395943353164284,-0.8252698322662714,1.4823564449317321,1.6965998131201838,0.1033748540555337,0.42343278195368494,0.4358688808392265,-0.289674309636168,0.3232051584876342,0.43401933152361694,-1.5393026535390497,-2.151114194750666,2.645136090648299,9.329192055372424,7.832692786655657,5.591886361131708,0.6450000513201704,10.065532755222149,20.67690602616205,13.153771318461647,5.740544551572113,2.878450925879443,0.1899816812840398,0.1883727801362073,6.996744938050166
semiprime,476309,-0.6406037731546113,1.9496611292464245,2.0522065473714792,0.11410673012439687,-0.24748055352530884,0.27251966944218026,-1.7719867131889928,-0.007019987985440679,1.7720006184958415,-0.6032597483218234,0.7077717827604748,0.9299802258205551,-0.03887067246304787,-2.6230679122715475,2.6233559044792876,-1.8797001595178833,-0.2399074581650743,1.8949480937943346,-2.6209656300155793,-0.6491028880717232,2.700147290987293,-0.3945903015881641,0.6450062083036715,0.7561312814966178,0.6977353868051379,1.6388702853471546,1.7812160122214205,1.2172259292756187,-0.22264983591412346,1.237421477239457,-2.6719809535065515,-0.6344329736265333,2.7462679064370947,5.118383929186617,-1.6058120689825053,5.36437195274952,4.211551713074368,0.07426697023287519,3.1399861919496446,0.8648632204172506,6.881996201566341,3.5908282781747825,7.290795393026016,0.5717345148577174,3.1727304821939795,1.53121191233348,7.541987413926384,28.776486447445702
semiprime,478957,0.23147790881313002,-1.5970112908529817,1.613699812660461,-0.055770841696870854,4.337390425188516,4.337748965454385,0.7235505787699987,1.2855902857100183,1.4752178899235078,0.897112092167734,-1.818458575402868,2.0277084840700836,-2.6547734109645287,-1.1654055955967881,2.899308894514785,-1.2678035756270134,1.0039074694385894,1.6171444318820856,-1.1171553193924595,-1.2420647698028988,1.670557062788457,-1.1680288175650733,-4.885404428730955,5.023093444375338,-2.0096067732604395,-1.7278833470623307,2.650301915667262,2.8693265012565163,-0.8344786178216883,2.9882083485618196,-0.42613934463301406,1.097015918700734,1.1768766574824525,0.8923622629982101,0.19334970754028383,0.9130687366399093,2.6040270853804066,18.81606608730059,2.1762678227503667,4.111601696369797,8.405992065812544,2.615156113567233,2.7907609000323963,25.231467750926495,7.024100244189558,8.929389134414556,1.3850386669270698,0.8336945178292
semiprime,480281,-2.7472542596099956,0.5925345745509387,2.810427581166881,0.8130912352461921,2.2998053440155695,2.4393076839949384,-0.36698494746343024,-1.553244794385593,1.596009819189932,0.9722189147971265,4.647051686903243,4.747662477371319,0.015587852305136485,-2.9449638970082894,2.9450051503896795,-0.1932175934483399,-0.401783698043207,0.44582864245272863,1.1181910261804735,3.4371507153725758,3.6144648582074703,-0.462780969791255,1.6612460665384032,1.724501295908545,-1.40845996396021,1.2031759205789057,1.8524016211231553,-1.081305439925798,-1.2424055895030495,1.6470558895318468,-3.558316732950365,-0.20867269364742858,3.5644301459095296,1.4174895510300347,0.714521005731776,1.5873931129091112,7.8985031889835255,5.95022197719675,2.547247342950679,22.540298999039575,8.673055335821738,0.19876317843124294,13.064356211216749,2.9739047195902515,3.431391765939694,2.712793103241543,12.70516226506863,2.5198168949112785
semiprime,480943,-3.5559603906702377,-0.6708748410704061,3.618691386730412,-0.08366393182280563,0.3728891393016187,0.38215960500444457,1.0091044211169997,1.8675410526816671,2.1227343960489318,-0.38702904964094353,1.497604704134444,1.5468068189375128,-2.6941835470892608,0.2400505479990644,2.7048566045173494,2.3712615155111205,-0.7606940713042366,2.4902884662346874,-1.8387361378894438,-0.8451006871861453,2.023646648074481,-3.711290973445899,-1.9771571254370492,4.205095835798217,3.0904395362718096,2.345150415727022,3.879503447573741,1.4499703197395446,-2.6648280486836557,3.0337637444561727,-0.44644978658681556,-0.552123683092583,0.7100408251467883,1.8010460807786823,0.14326274627902003,1.8067349555371033,13.094927352396871,0.1460459636971531,4.506001316169223,2.3926113351115874,7.316249251001125,6.201536645061512,4.095145756263083,17.68283098824751,15.050546999736541,9.203722457176738,0.504157973375132,3.2642911995596586
semiprime,482929,-3.1930721094474426,3.4884769667136752,4.72918397225388,0.15000961377578026,0.9445990564806788,0.956436229828914,-2.0463295972432904,0.6846286408245298,2.1578186199009246,-0.06459553341808877,-2.358724869813509,2.3596092037484344,-0.6792777855449996,0.12532828099424587,0.6907427074909231,1.6377379731643962,0.6891602219454065,1.7768307404636114,-0.7118761120799619,-1.9513798794113533,2.077173808982183,-0.91267136138752,2.382503710887796,2.5513316025736574,1.0929589250735887,-4.0232147811894,4.169030629232519,3.4015741527341503,2.443626687850726,4.188319245965541,-3.083937470138038,1.7655187236954668,3.5535512777277707,0.965693071105975,0.6165082640484358,1.1457074439934942,22.365181043422986,0.9147702617293472,4.656181196391131,5.56775559441432,0.477125487951891,3.1571274802564657,4.314651032721551,6.509292946291067,17.38081638747889,17.542018106125358,12.627726683440672,1.3126455472221057
semiprime,486901,-3.9588330846025057,-2.653594459639376,4.765912603895731,2.808032054470673,4.324370605512244,5.156086224332669,0.06299999715392945,-2.5209433074774457,2.5217303898626273,-1.3517263332030298,-2.186288960409407,2.570413098761083,-1.4277330847104204,0.4959508718861354,1.5114195408626123,3.37029113652728,-3.6068447905967154,4.936414861861694,-3.2668742924087293,-0.7284487402251469,3.3471040033940738,1.9454850843235763,1.70378811001397,2.5860792983105694,-1.4812905796705658,-0.36758910281724677,1.5262187031781353,-2.5702187400527916,0.35599058834318875,2.5947550309629404,-1.5332370839746208,1.526945046204779,2.163880109849969,-0.19256211647985072,-1.7979843407657845,1.8082665340989346,22.713922947972186,26.585225152753118,6.3591241591567185,6.607023498282554,2.2843890285013497,24.36819168840901,11.203105209536636,6.687806137150487,2.3293435299307492,6.732753670707489,4.682377129804314,3.269827858342173
semiprime,490211,-4.536412488546503,-0.45771971384232246,4.559445756084896,-0.6058480355378549,4.384763562308349,4.426421053120915,0.50822647316778,-4.23309616695309,4.263495902038785,-1.1739366676806802,0.6285325036512305,1.3316082035911703,2.0215425229115156,-0.7534223766428215,2.1573779106975146,0.10533434757079707,0.7845973971679496,0.7916365330256601,-0.5397202828365903,2.5625877761252176,2.6188077619503876,-0.7284371502877671,-3.827744232063712,3.8964402456622356,-0.6985327288979619,2.1223114181582914,2.2343128091175353,2.638519971918516,-0.1112373492150428,2.640863758332352,-3.116315925855536,-1.6761182525811344,3.538473872501602,2.9447766455739086,0.7884123212441038,3.0484920010731593,20.78854560268057,19.593203339512073,18.17739730670151,1.7731804078713036,4.654279449565573,0.626688400420887,6.8581540940515975,15.182246588016383,4.9921537289866915,6.9741613900732755,12.520797346376483,9.293303480607035
semiprime,490873,0.09451138010631133,-2.4177630263524224,2.419609566142113,-2.762964660643354,-0.08877204625307764,2.7643903834588923,-2.197282164828052,3.4882864802966824,4.122643748917928,-0.15846358794655735,0.6723597739771965,0.6907809887131833,-0.16287169766755738,-1.1534210371138935,1.1648636309705966,1.485249489487804,0.6149627730633733,1.6075276850734415,-3.0395288305033614,-0.13876557053003502,3.042694758766587,1.6902422264592012,0.18729034125884625,1.7005870915759098,-0.44122578342368657,-1.825855292517704,1.8784109617367435,0.0005414219921250352,-4.055985761667041,4.055985797803481,0.4979489233701133,1.2824620581899737,1.3757405500247197,2.4723405939880925,2.3392994238485003,3.4036436075328624,5.854510452566425,7.641854192160002,16.996191480492065,0.47717837436756305,1.3569072787580023,2.5841452582775775,9.257991395025659,2.891996456034612,3.5284277411727576,16.451020791983538,1.8926620609823184,11.584789807099318
semiprime,492197,-0.2782550344908147,-0.03969349353676832,0.28107194390162443,-0.8767558033967939,-5.5992887348382405,5.667515776323554,-3.1893696040652912,-0.5091807212764482,3.2297590433738543,-2.679253741224075,1.0518310548633156,2.878324022384916,0.3048404983222994,1.3312844498626246,1.3657400982117422,3.981754624780334,1.992226847756941,4.452340699551544,-1.0687982799018816,0.33528977583201247,1.120155791351677,-1.6443163006955768,-3.5456500778642197,3.908376974063753,-0.7515356358709144,-0.668761673485214,1.006005958186453,-0.7828984828062139,3.910776442120518,3.988370897324506,0.7427401496708995,0.887592242409713,1.1573603236326417,4.959619360452296,2.742322722147696,5.667288426838781,0.07900143764863791,32.12073507487637,10.431343478255195,8.284749177838082,1.8652460158634194,19.823337704883134,1.254748996898702,15.275410571391737,1.0120479879066437,15.907102414625085,1.3394829187190533,32.11815811298079
semiprime,492859,-2.129082042083957,-3.06770242428986,3.7341382547943076,0.5914387347609834,-2.2338037564200395,2.3107745452925412,0.12852628895012652,0.3147686928104976,0.3399975542925578,-2.098896859441547,-1.4289305614952892,2.5391357931683824,0.26453788779139675,-0.2510091527733491,0.36467230338089585,0.069570790728053,2.302750040386913,2.3038007386543775,0.26211677957665347,-3.42406834828321,3.4340863792063447,-0.18487827150450475,-0.16412557654661253,0.24721889116985243,-3.613210988460599,1.106428290820391,3.7788195524343515,2.167358300831952,-1.3827748170363527,2.5708963804119147,-2.762118021771294,2.8000280958141333,3.9331225894373403,0.8298953414263855,-1.922167645193639,2.0936701588240867,13.943788505918278,5.339678999171951,0.11559833692492079,6.447210576148831,0.13298588885312815,5.307497843424455,11.792949259850543,0.061117180151251345,14.279477209860152,6.609508198815084,15.46945330354229,4.383454733950477
semiprime,494183,-0.39156304468360936,1.1020612312986204,1.169555717139346,1.2689835985087417,-0.2722331864080426,1.297856032488223,0.5340822571056837,0.8327833518742677,0.9893290496665113,0.7636559945384065,1.7594615451660511,1.9180394695919452,-2.069499210092374,0.9035748158200372,2.258157308151311,1.8788469255860782,-4.8720463836378585,5.2217718960237045,-2.7143961157542873,0.45098127963072066,2.751605056653175,-0.5685711264596098,-0.3999518307004354,0.6951507697788872,-0.9958023297724009,0.2450835133321787,1.0255185071403565,-0.7377159293893033,0.5089884486579741,0.8962667199790331,-0.8258598654280296,-0.2208156645282674,0.8548707943460598,-3.8539730670404344,-1.2220918505161702,4.043094964574922,1.36786057549333,1.6844302810660712,0.9787719685140422,3.6788754069125504,5.099274428357174,27.266901734102994,7.571330387799323,0.48323459272417946,1.0516882084873855,0.8032940333419745,0.7308040750258633,16.34661689257109
semiprime,496169,0.05591707548652991,4.2985876843385125,4.298951360422412,0.5782180626682311,-1.2814351320584383,1.4058492542479186,-0.0555532230440709,2.148541222937329,2.149259302004208,-3.137919903032521,2.0190250562998298,3.731354110214435,-3.2247405310135355,-0.24685607370127433,3.234175229248512,-0.8848766842552667,1.3046130305060637,1.576395225095791,-1.9044425734710555,-1.1791704648731893,2.239942968220019,2.911982707523504,-0.30370742395967343,2.927777568102491,-1.0698109828159004,-0.16265398411147602,1.082105289470881,0.5157170057769617,-2.8102724718566767,2.8572006223090094,-0.16352630887426,-3.3809428835228026,3.3848952177781695,2.976739661867167,-1.0544269396243644,3.1579732718214477,18.480982799277704,1.976412125669429,4.619315547251616,13.923003495814157,10.459889413484666,2.48502190570481,5.017344500878309,8.571881488284138,1.170951857500859,8.163595396122991,11.457515635337522,9.97279518553866
semiprime,113569,-4.620349524103708,-0.33961024673755663,4.632813922938682,2.3084893587898994,1.3210602231895916,2.659759995364231,0.29548863448223306,0.6582034818872148,0.7214882928202146,2.5727242541351587,-0.15429115259616855,2.577346668103607,-2.342774477386114,1.8345703975487098,2.9756076346611646,0.3266641882537161,2.1037799667058295,2.128990286544361,0.9667044000418441,-1.699767934160532,1.9554356105636987,-0.9649712189214235,2.346166865300646,2.5368619223720783,-2.037880691955556,1.731283331510288,2.67400442942988,0.3193350620258725,-1.7376701670479588,1.7667689411146976,-1.2990140021102872,1.0644939471644217,1.6794596575173444,-0.5561043298388186,-0.019026025794435214,0.556429703846777,21.462964844574504,7.074323232939933,0.5205453566766278,6.642715847584765,8.85424079545381,4.532599640200241,3.823728427060625,6.435668413181356,7.150299688610619,3.12147249128755,2.820584741228276,0.30961401532301197
semiprime,116939,-2.779458001915571,2.111338568191118,3.4904351210048037,-0.3496734419759101,-3.4267083698093095,3.4445031234917547,0.07570463178485484,2.736003958327038,2.737051123244668,-0.18705801361803143,2.1213665455857043,2.1295977838993325,-3.1598179855950437,-0.3599714214681282,3.1802561416281714,1.2631708975450993,0.03077821054326374,1.263545810269314,-0.8849912005228311,0.6819042039653165,1.1172299532273622,2.110361149864496,-3.3067187986162714,3.922755842004398,-2.2566029092571975,-1.5196457536540409,2.7205844788697164,0.15253778140320973,-0.7663772983487561,0.7814102240051328,0.6269154680214037,2.465148160232302,2.54361523347011,3.190492484063914,0.19557679153346585,3.196481279822369,12.183137333943819,11.864601767744455,7.491448851254899,4.535186721188948,10.114029126363704,1.5965480146491373,1.2482027683884138,15.388013395979636,7.401579906666806,0.6106019381797518,6.4699784559412015,10.217492572254852
semiprime,117613,-2.5002451957767646,-1.1071332977080177,2.7344049037950877,1.7926154304544988,-3.2973415520581018,3.7531228853359573,-2.840222432765133,-0.04326253864282037,2.84055190321038,1.4645697329412102,-3.113179036358345,3.4404720918892164,-2.7949596356726465,4.0478491037510675,4.919032601211105,-0.17579212728673566,-2.8590350757235767,2.8644344007558833,-1.4485376070150124,0.5701037096681136,1.5566886132795228,-0.43167956786180717,1.8826366395554517,1.931493713659457,1.3394664876299676,2.9616252605729154,3.250445301116041,0.4104355698879365,-1.790092464056524,1.836542508873996,0.6017959131093661,-0.8153447454708237,1.0133831333715881,1.368924468550633,0.2535675052553935,1.3922107169240139,7.476970177898623,14.085931392432501,8.068735114832112,11.83684821506856,24.196881731777694,8.204984436233715,2.4232794387141237,3.7306679659060005,10.565394655547351,3.3728883869011916,1.026945375002018,1.9382506803180768
semiprime,118961,1.2116707851984172,-0.790537508898278,1.4467534844189747,1.012985036372576,-0.01140462846085899,1.0130492334852632,0.2354806984669835,-1.2488425624844202,1.2708496784526293,-0.3073950922633296,-0.530721509610914,0.6133164464705544,-1.1329475731209846,-2.1489367670325876,2.4293001939128884,1.1137139790305777,-0.30388738563358453,1.1544290234723558,-1.7001958998285942,0.4846818999871416,1.7679317413206619,-2.763740428638085,-5.170703837494443,5.862971885653929,-5.35760962486006,-1.5923826451761998,5.58924533197922,0.01253930667432912,0.34949448286808565,0.3497193557227044,-1.7933623736730766,-1.4001909332479885,2.2752325711575523,2.2337107384155974,2.6742866054470533,3.484432882261714,2.0930956446784443,1.0262687494650793,1.6150589052231512,0.37615706351126843,5.901499432145197,1.332706370235337,3.1255826419691077,34.37443933196838,31.239663381051503,0.12230362776710346,5.176683252856206,12.141272510986674
semiprime,120983,-1.3418355038940863,4.295174021048798,4.499893597697971,-2.763223494033862,0.23042099325736298,2.7728140781730053,-2.9272994770139666,-1.7510088986349854,3.4110283480535815,1.820915802731136,1.8108161157808897,2.5680321971906364,-1.3225877367876406,-2.528673128253238,2.85366888602218,4.171787106671554,-1.150076883492338,4.327410831124595,-0.9562669952347913,0.7424362347202842,1.2106436836662593,-1.326192352834461,2.36358778458418,2.7102275498843555,-0.7882626655862651,-0.7933398676105814,1.1183676387921544,1.7894074254371939,1.3531804597367674,2.243451869513401,-0.9420002860285742,-2.086816915691813,2.2895784281162777,-0.2630341888825458,-0.35490137824382073,0.441748766608875,20.24904239060319,7.688497912114413,11.635114391225144,6.594789365807768,8.143426111051069,18.72648450133446,1.4656581288010098,7.345333372152157,1.2507461754975386,5.033076290823175,5.242169378495404,0.19514197280046233
semiprime,123679,-4.019726579561993,-2.2375695161244984,4.600534655225062,-1.3553929157957254,2.586203976903023,2.9198529014897736,2.861888004063074,2.7035951190526064,3.9369822854014975,-2.642479862279765,-3.034971513405839,4.024146109392527,-1.107837380723633,-0.5172869326215462,1.2226567109330435,1.1469468680950334,0.700067030753598,1.3437190799349263,-0.7123618061803154,-1.5207057208276702,1.679287120257428,4.241839983898688,0.30805943380683765,4.253011528759241,-3.1363126844631797,0.23354551939851098,3.14499614695404,0.8296915738087766,1.9388484997385205,2.1089147950041975,0.20262434515498284,1.0760665022082683,1.0949775077252604,-1.1871941532205437,-2.629826912157001,2.885380312081281,21.164919113926782,8.52554096633825,15.499829515565198,16.193751909739014,1.4948894327896078,1.805580965781165,2.8200052322624853,18.088107063759015,9.891000764355757,4.447521612587597,1.1989757424242227,8.32541954534627
semiprime,125701,-1.2690387409070705,-1.5884754585582481,2.033153611600668,-2.7271835758267975,0.5073272012002327,2.77397028559015,-1.5876468801514874,-0.19738449070018704,1.5998697613317538,-0.9982332683211856,0.8859670184464153,1.3346936786236858,0.2150697968890846,0.40616837866573674,0.4595952233888701,2.6659108835785745,0.07642912577753169,2.667006233672845,-0.4207395980073999,-0.9319631605854649,1.0225346654367653,2.325155942544175,-2.8446335050007394,3.6740018964232015,-1.690628921634078,2.324147777839325,2.8740022692929585,-2.227097826367907,2.3867137820248314,3.2644091970094578,-2.1656023379219493,-0.02073201353029752,2.1657015727929907,4.522727371781743,-0.9549640765628082,4.622447324414768,4.13371360836484,7.694911145337098,2.559583253223723,1.7814072157580267,0.2112277693618654,7.112922250449813,1.0455771420198776,13.498289934921281,8.259889043901076,10.656367405519934,4.690263302398034,21.36701926698925
semiprime,127723,-0.0475747513756033,-3.0062349731206144,3.006611393343335,1.6233565611970269,1.8756425074363485,2.4805889100138194,-2.772864222857074,-0.2269933053194193,2.7821398165909277,-1.644348715212423,3.674667498424129,4.025799786526323,-1.3718012683777556,0.0867998576792336,1.3745446283100282,-1.0429072974938225,-0.4620021885828066,1.14065842977693,-1.9622132444075333,-3.1994921864689365,3.753269383857774,-3.394766372365273,-0.15313958963662577,3.3982187182193186,1.9433364327105134,2.4288203951403853,3.1105827432411957,2.700674558179188,-1.7895576201194614,3.239777699923867,1.837437207729177,2.2444051659093827,2.9006085639238393,4.401067950769107,-3.0311759625821284,5.3439149341491845,9.03971207058195,6.153321340483549,7.7403019590606,16.20706392119539,1.8893729352159536,1.3011016534211715,14.087031067804114,11.547890456856148,9.675725002549923,10.496159544923982,8.413530041108316,28.557426823422684
semiprime,129071,-0.9196204662906892,-1.5863042303768575,1.833592897382682,-0.2573544028966639,0.5988139909109188,0.6517741053470598,0.9204325208011838,-2.6030791093511603,2.7610173622939884,-1.8895102176637448,0.8487898738884221,2.071398829938652,-1.2652760481067353,3.8229820132423145,4.026923757843803,1.9286121782741956,2.5212440181148503,3.1743056458172787,-1.5426424966642807,2.3037157662147894,2.7725173045485576,2.211255679682759,-1.5384503015073743,2.6937856282817663,0.4153123558710218,0.19477182667488163,0.45871605313680525,-0.334959276496707,0.7889788019351951,0.8571378341983821,-5.431637919214604,-2.2494961656040853,5.879024024829073,-0.04324558789652255,0.4843274339903946,0.48625429991747726,3.3620629133322186,0.4248094844009602,7.623216874888853,4.2906931126712164,16.216114951486855,10.076216333067451,7.686852204021199,7.2564810111373905,0.21042041740540834,0.7346852668142931,34.562923484517434,0.23644324418823592
semiprime,131093,-2.632158866628639,1.6455087782895244,3.1041841824543277,-0.5530960174742324,-1.9538806129905302,2.0306562127465364,-0.6184358922399822,1.7632229768773082,1.868533708285387,4.789236767505294,1.8007901126481345,5.1166037412560925,-3.4305280829127875,2.4839876460700134,4.2354123239044545,0.6790036363467957,-2.540734782766983,2.6299009818877512,-0.8381063052550901,2.6212541784891816,2.751980313729612,-0.4035137895686016,-1.1481633105726075,1.2170054914079327,-2.4541533664650843,3.035722745816067,3.9036497455070105,-0.8030713687649012,-1.3466154728230189,1.5678956773255976,1.5667805696754802,-0.8821473315280206,1.7980504075344024,-1.4206055827630597,-2.185943793018664,2.6070041212116246,9.635959438599643,4.123564654366106,3.49141821899874,26.17963384503584,17.938717553481734,6.916379174534158,7.573395647155334,1.4811023661170637,15.238481335596948,2.4582968549762945,3.2329852680346303,6.796470488014395
semiprime,133789,-1.5508511347951863,0.27890367804076976,1.57573046677412,-2.390253187888097,1.225986659612544,2.686327156501444,-3.067743268461847,-1.3779715169570004,3.3630126765651287,0.16002199006438556,-2.315010402056924,2.3205344640698464,3.4195062212575005,0.9603703856699363,3.55180715620803,0.5067835348167355,3.0022307912842363,3.0447034790429948,-2.3198469242877984,0.5379857648731818,2.3814110177232615,0.29747774126057275,-0.7353008786717511,0.7931963115906059,0.6774521700487097,-2.705369751546273,2.7889006678770842,2.6480557224050996,-2.316155093496494,3.518063888858778,-5.34130749474458,3.8576208482798613,6.588687605471826,1.792847388972972,1.4917713969197248,2.3323129422989166,2.4829265039201864,7.216353591757135,11.309854262737751,5.384880198935929,12.615334074890571,9.270219275296515,5.67111843533374,0.6291603887209415,7.777966935285247,12.376773526092148,43.41080436249806,5.43968366081503
semiprime,135137,0.4671875933086252,-1.1161290022901325,1.2099620643204776,-1.4769062005812068,0.08103809390349037,1.4791278166469342,-0.6221539579702255,-1.2423656346324963,1.3894415847864288,-1.2012304590698542,-2.8780304409650954,3.118655773713879,-2.383125000614311,-1.9786071748618947,3.0974459028315455,2.1185666146726283,-0.5707529918698602,2.1941019754181523,-4.221600805614261,1.369695822343321,4.4382406432850985,-1.4495211493424847,2.3935004546767478,2.798205851778771,1.3139426381863113,2.5852378244517285,2.899982735365835,2.3299060422443802,2.1329988684255285,3.1588204029972102,-0.7632539563435984,-0.5849163367320633,0.9616047643653873,1.2243983640988647,-0.4772299983050353,1.314115605755521,1.4640081970946714,2.1878190979787266,1.9305479175338227,9.726013834918914,9.594171120967928,4.8140834785338384,19.697980007707724,7.8299559889289565,8.409899865419911,9.978146338391458,0.924683722850212,1.7268998252902
semiprime,137833,-1.4864227142222706,-3.18095492231926,3.5111147379689878,-2.8519547204351894,0.10591680462874487,2.8539208287749194,1.5373239086705661,0.8301037032839322,1.747122479500463,1.760716274113109,-2.1190375292378736,2.7550756520003765,-0.1225725112298298,-0.5485854799651968,0.5621121323524623,1.3559071694133036,-0.3651633900858685,1.404218128897858,-5.214148225670978,-2.7347736443982376,5.88781186905314,0.9407715302979505,0.29209039883760646,0.9850725218542336,0.5863900708889932,1.2703586711319197,1.3991656329960565,-1.4656577049473825,-0.6745165390809306,1.613420301584601,-1.8080608703972088,0.7840865150505518,1.970755127900377,-0.015788094085412707,-0.5156263075280114,0.5158679607514128,12.327926703183033,8.144864096915322,3.0524369583758455,7.5904418482453,0.31597004933783207,1.971828553525401,34.66632860536303,0.9703678733122595,1.9576644685572553,2.6031250695653445,3.8838757741456313,0.2661197529298212
semiprime,141203,-3.0628045571447733,1.3245513069186963,3.336945897063184,0.13649298454016623,-3.2940081695058416,3.2968348693254117,-0.7694759330564831,0.80775436253622,1.1155986382877314,-2.784580273570876,-0.5512284456868438,2.8386158773765757,1.7280678729800887,-0.6319440794508894,1.8399923622610395,1.088861505498051,-0.34025830211738495,1.140787048627082,-2.066718449447873,2.924367775264661,3.580956860155481,-0.8072816291356647,0.7925610061762786,1.1313074636238762,0.6614116397095662,-0.7321304145047295,0.9866510533041374,2.955099038661697,2.2394680100434474,3.7078062646674574,-0.2689271631565363,-5.693519920841018,5.699867621980088,2.7913349939777126,1.2968599429794023,3.0778883605987235,11.135207919926817,10.869120155599905,1.2445603217494405,8.057740099294387,3.3855718931789602,1.3013950903152882,12.823252034294601,1.2798565772510881,0.9734803009861638,13.747827296307243,32.48849090809694,9.473396760309098
semiprime,141877,-2.0208535248866295,-2.323032468940464,3.0790142612203573,0.9290079754699465,4.389319099670276,4.486555246201371,0.5223705474891713,-1.4265346197446207,1.5191681968149762,0.5554564455519643,-2.1005796629325633,2.1727785858736515,-3.0601148966246123,-0.75378901656644,3.151587070356785,1.0296179619112535,2.8777743995004967,3.056419251658831,-1.7059801739351887,-4.1377763858828605,4.475663277485222,-5.140002428906317,-0.6006255272135196,5.174975941306719,1.66172808081131,0.32467493121203117,1.6931491444980202,1.5827262836938139,-3.0655142108319473,3.449985487782209,-1.7880933401866708,2.4925130398630158,3.06755587514019,1.4351147312432868,2.6602601359376115,3.022670720189397,9.480328820798343,20.129177977217047,2.307872010214066,4.720966783231105,9.932501062040062,9.34169864191073,20.03156177342976,26.78037599310336,2.866754025514378,11.902399865907848,9.409899047107098,9.136538282690289
semiprime,145247,-2.506951342176164,1.7712424174266386,3.069544711081797,-1.3382882450207385,0.61438522791869,1.472577548058298,1.0809915673151318,-0.6292440391811162,1.2507960782843026,-0.7880338609866548,3.2778077707618074,3.3712047027921668,0.5997751890016358,-0.7223101397406547,0.9388621918652982,0.4586020312803915,-0.9703344421192984,1.073249622714805,-4.370602565437638,2.2185721207277953,4.901451727792562,0.16511669459265665,-1.322103624369077,1.3323743904785375,-0.8013127262205775,-1.0142859685424046,1.2926245051000147,2.386544278467504,-2.310072062529831,3.3214494617812274,0.18770439427708152,-0.7281591666291342,0.7519632381818683,-0.2021033830759863,1.8290776111966287,1.840209413417811,9.422104733330233,2.1684846350453895,1.5644908294513913,11.365021148128022,0.881462215314112,1.1518647526574712,24.02422903988069,1.7752215164030543,1.670878111185058,11.032026527166805,0.5654487115769612,3.3863706852315243
semiprime,145921,-3.915386733841659,-0.17328810535924577,3.919219570654629,1.7205427405101792,2.680363706327946,3.185061525327629,-2.071456027362559,2.56901968596941,3.3001200311799326,-0.9690442634615846,-2.6693713981732365,2.839822256045815,-1.2476221688688693,-0.6439089567135962,1.4039871156064978,-0.05686172082559271,-1.126226858274949,1.1276613816191055,2.3506018282216323,-0.9464375515601298,2.533983621462857,1.1592555152394934,1.6942969682387359,2.0529285341180668,-1.0504528099276413,-1.363075650647132,1.7208795237528918,1.058902266314298,3.703055930967511,3.8514798762916076,-2.9053297904363675,-2.4032710400661266,3.770497697017935,3.3856143972978563,1.768883092261166,3.8198602384482543,15.360282043002254,10.144616920122363,10.890792220195038,8.064590445933144,1.9711798207890534,1.2716201915951098,6.421072993842015,4.214515566196154,2.9614263352719794,14.833897237479217,14.216652883217552,14.591332241277954
semiprime,147943,-0.9970088552314879,-5.774317417964035,5.859758382460223,-3.786238814993662,-2.2584947902056434,4.40867361930441,-1.8362307305131513,3.647121577912019,4.083287780667965,0.7503952720199638,0.9416270449721005,1.204057538530782,0.6321531543738276,0.46616105223800597,0.785444929456181,2.511633154507845,0.6227011645372843,2.5876742150315444,-1.3997607559579959,-3.016599378708773,3.325537849062352,0.09052520303678546,0.453141938150612,0.46209569192510797,-1.9294809400504123,1.5664538897145954,2.4852916300949084,2.528412339926932,-0.8351441156176292,2.6627682314736925,-0.5982891152431866,0.16088996203294725,0.619544546664272,-0.6514149233684619,-1.5681038498867828,1.6980256436275893,34.33676830081285,19.436403081550644,16.67323909975232,1.4497545560928053,0.6169237372084252,6.696057843139119,11.059201985546256,0.2135324284957443,6.176674486619807,7.0903346545455355,0.38383544530143826,2.883291086416889
semiprime,149291,-3.9975191826665712,1.2580972348914337,4.190819522268726,0.33044187224133914,1.2833900932149092,1.3252478871111377,-2.0565261584344388,-1.1769765469205837,2.3695091543031044,0.4021579666759876,2.547543070397268,2.579090290333028,0.6276652591733081,-4.978536820114781,5.017947045038607,0.8530833887061118,1.9981426063993108,2.172630926686476,-2.1278256459898834,0.10064423577398429,2.1302045070665856,2.039624920802521,0.006842784679433778,2.039636399278278,1.6780111311465093,0.17136939297639564,1.6867391099694957,-1.6532376129890993,1.4188590224513042,2.1786132127097195,-2.0046410213575006,-0.8701979908301066,2.1853672844064445,-1.0533854167563623,0.6737344516256925,1.2504155099575291,17.562968268228676,1.7562819622925347,5.614573632326213,6.6517067256901035,25.179792546811687,4.720325143594534,4.537771241926795,4.160116641260858,2.8450888251006865,4.746355530593366,4.775830167753997,1.5635389475423476
semiprime,151313,-4.228701210574478,-2.0675394759607726,4.707083323351117,-1.3762549984717074,-1.4495404131857086,1.9988109541117072,0.2981888218315573,2.280135619585746,2.299551046871751,0.5398168050636958,2.1790643719458744,2.24493289879966,1.2576075341332351,-2.584831041339333,2.8745309569006308,0.1587762666130731,-1.5713723384153409,1.5793735874632329,-2.4901283703741983,2.5138081338103637,3.5383570530054773,0.4435253364215578,-0.7217085622087591,0.8470997419509053,2.2985241723108762,-0.08180118451506779,2.2999793052298245,-1.9689215483686135,1.0807751091385163,2.246046949679287,0.3471596826621687,-1.6414053622495475,1.67771612869629,2.122821284432098,0.004994350698121375,2.1228271595155452,22.156633412970198,3.995245230276953,5.287935017168966,5.039723720113044,8.262928222180056,2.4944209287764822,12.519970634553607,0.7175779728132904,5.289904804485467,5.04472690016363,2.8147314084876665,4.506395149176838
semiprime,154009,-0.928361515023754,1.709580069928386,1.9453840541326397,2.951389549749453,0.3127866411104776,2.9679177477193424,-1.4055775541968614,3.8660146260163772,4.113601505911162,-3.277127618756488,-1.7449727046846593,3.7127476576938356,-3.0566033081760677,1.5287677530888248,3.417594859903253,-0.9241855215208026,0.4210673895991426,1.015586837632565,-2.2412703059054606,-1.8514057917324342,2.9070596811544753,1.8634508705937283,1.518237568671491,2.4036419163515275,-0.9233281472443369,-0.27323858174711324,0.962909232507838,3.0873950013590497,-3.7716004186335037,4.874113007743385,-0.984114213818335,1.1972007862770044,1.5497646622960395,2.7931120248803705,-4.586929425470941,5.3704186371066545,3.784519118073545,8.808535757227453,16.92171734943458,13.784495169711063,11.679954626437134,1.0314166247725138,8.45099598979396,5.777494462042044,0.9271941900488336,23.756977612253266,2.4017705085015573,28.841396337782495
semiprime,155357,-2.8427814401382303,1.58405164612673,3.2543241900571602,0.4987173138527635,-2.537632116234772,2.5861739532526973,-4.8510379666288275,-0.9477137401209575,4.942745258142322,1.8671007283792682,-0.3392111748022477,1.8976641828904066,-0.3237884486987913,2.034107338436174,2.0597163940190075,2.6969334380842303,1.6767355187376527,3.1756718925690754,-2.020781590997906,0.2743981894728571,2.039326507674043,-0.300742955208843,-2.36810620049576,2.387126578532067,1.6328561396638004,-1.3994501540559132,2.1505068952516493,0.6471672442877245,2.708581782053549,2.784823282032695,-1.610433215595597,-1.453376579220595,2.1692852792845234,0.4288831382032955,-0.2520791442206476,0.49747828212508044,10.590625933991191,6.688295716482685,24.43073068688841,3.6011293510251146,4.242431623790663,10.084891969253253,4.15885260490201,5.698373301934213,4.6246799065248885,7.75524071215135,4.705798622920533,0.24748464118612112
semiprime,156031,-3.074994143090409,0.6836920577132325,3.150083143318676,-0.01476105901213548,4.179725459709236,4.179751524601044,1.163747993105825,-3.63456235034882,3.8163271439999704,-0.43244178669074723,2.4184099282529306,2.4567687070517303,0.2813603898866087,1.4516331805581473,1.4786488967616709,-0.3594562924156516,-0.9311446203802427,0.9981177937599715,-0.13674448813906842,2.584770874090677,2.5883855057900282,-1.5336661116368555,0.06925963572884497,1.5352291813031058,-3.370791863552168,0.30929932826099427,3.38495256419528,1.905270801889904,-3.0284342627920893,3.577914324377718,-2.428422415656235,-0.4382001401741651,2.467641544412462,2.9317224780724422,0.9614425437047558,3.0853473796771556,9.92302380982047,17.470322807404752,14.564352870030971,6.03571247994863,2.1864025598945065,0.9962391302202729,6.6997395265839,2.3569286391246047,11.457903861852202,12.801470912587261,6.089254791710322,9.51936845328069
semiprime,157379,0.3251610027784916,0.7267671358603025,0.7961910245000893,2.0380050716152143,-3.198518931617352,3.792622842815238,-3.1400158131184948,1.8215653997275085,3.630123938947352,-3.5337168429159913,0.8698337718617655,3.639198471721407,-3.5585617447076023,1.6035553871496073,3.9031719883388356,0.656984819716832,-0.11465240556047593,0.6669139580479345,-0.26613948484651806,-0.4770366124291713,0.546254661300267,1.450600342678865,-2.9420822520744303,3.280257510036581,0.20839632265224137,-0.9238871177583463,0.9470989566327278,0.9405916645463219,0.9499345439956718,1.3368202262422144,-0.7178548848207589,2.3089801246917965,2.4179960405018797,2.8586484368383585,0.6543565608674985,2.9325847633425246,0.6339201474945018,14.38398802784394,13.17779981211864,13.243765516579426,15.23475157055294,0.4447742274391622,0.2983941549922694,10.760089332151392,0.8969964336548016,1.7870883172902854,5.846704851882768,8.60005339418873
semiprime,161423,-1.8306170684118785,-0.6343297782412065,1.937403705664991,0.4331422071962826,-0.3527477009562861,0.5586081920136984,-0.46808708029129265,-0.7019519239560901,0.8437073060494874,1.3215035109159297,3.1865043373259567,3.44966395771534,-4.07851647067996,-2.7428503835005333,4.915030501215302,-0.05547853134269398,-0.5974804469784756,0.6000506244989179,-1.6332103967561502,-0.36922251619338275,1.6744257124568274,-2.2422146850494906,-0.6296883123044119,2.3289555737506813,-1.223170508977474,0.6394466192838699,1.3802311664883473,4.466693744542997,1.7483670984507376,4.796680155950008,0.3473159174377267,-1.0421402188763005,1.0984919582341754,1.911325424859084,0.472914780258596,1.96896248544755,3.7535331187244396,0.3120431121848129,0.7118420182812834,11.900181421160264,24.157524827876742,0.36006075196154136,2.803701466536554,5.424034064504365,1.9050380729457839,23.00814051848459,1.2066845823051535,3.876813269099794
semiprime,164119,-5.293976648928717,1.0736783969134156,5.401756571653436,0.20065418159927761,-0.7393238421164616,0.7660690857325615,-0.6564162796554942,0.8419947488680682,1.0676317198913496,2.812945856006762,-1.8693709968184913,3.377456485666658,-1.2201534453975613,1.209627850772855,1.7181309518429893,-1.102257222447334,1.1946623868079382,1.6254812219435053,0.18519801243395173,-2.4093958460485125,2.416502978844701,1.4752426302600097,2.1845032528028057,2.6359808951588612,-1.2691004776618016,-1.852875268549016,2.2458323141325582,1.0745752998493006,-0.0007726200882526291,1.0745755776063473,-1.9185440135943428,3.4244584383209506,3.925267726905549,1.980269807275347,-3.987691121757274,4.4523195069702854,29.178974059401085,0.5868618441151227,1.1398374893181613,11.407212312571772,2.951973967680896,2.6421892028909513,5.839486646765314,6.9483952796425115,5.043762783202002,1.1547126719880147,15.407726727886255,19.823148992148127
semiprime,165467,-3.4045286969609245,3.8658683543983665,5.151286614232331,0.585126576449706,-2.387399626859132,2.4580581947535087,0.7300950805914364,-2.178464564540628,2.297552324902091,1.5733023853032542,0.6262255837968826,1.6933513744650444,-0.9245672809664697,-2.0138447373811212,2.2159411732515304,1.565218957292932,-0.9428378494914063,1.8272530187970009,-1.185425463688568,0.9671185829292213,1.5298862321781581,-1.379888089676565,-2.490637887382367,2.847344065281845,-1.1344227679255785,-0.12069705899165972,1.140825489037288,1.0593028410464829,-2.444768070928514,2.6643973858418115,-1.8242761529885516,2.976259131330224,3.490859765042023,-0.42418787423537707,-1.4985982906587298,1.5574762243493783,26.535753781969188,6.042050088794878,5.278746685663004,2.867438877402655,4.910395283311369,3.3388535947027527,2.3405518834082812,8.107368226095742,1.3014827964371674,7.099013429680679,12.186101899189248,2.425732189413595
semiprime,168163,-2.0465719636679944,-3.841509644809959,4.352660468453726,-0.3879210149085315,1.88060188250401,1.9201943011802975,-1.2645626287301328,0.8785686063598093,1.5398056494447219,0.4796638904612971,-2.515367696580368,2.5606936749272635,-3.0103441290544977,-0.649255263824366,3.079562334640513,1.4189999214217748,-1.0389039054980835,1.7586591772865412,-0.33809651294929854,0.48440321011264953,0.5907247430368181,-0.6041111120427115,0.09772949190953273,0.6119651046280146,-0.9052465554322779,5.5744549695954175,5.647479042384226,2.6811550344444504,-0.8464875672048825,2.8116069284591085,-1.6150329468938378,0.24090904504382515,1.6329018915833622,1.9652364384520742,-2.4418467952947935,3.1344489197801972,18.945653153639807,3.6871461542852915,2.3710014380618816,6.557152096812494,9.483704172936529,3.092882101854174,0.3489557220359148,0.3745012892823768,31.89401953416905,7.9051335201592625,2.6663685875365224,9.824770030711246
semiprime,169511,-4.033942774543748,0.32864276780779283,4.047307793722399,2.638088974399276,-1.5755031619181694,3.0727387864999485,0.40017893430523777,1.9041153364311219,1.9457128241068564,-2.386576613594733,0.27694041999710084,2.402591086470079,1.0743179451795577,3.620858292807257,3.776873551487514,0.7937884955553861,-0.48771968522825004,0.931649433550639,-0.6186090516442458,1.8162963670563925,1.9187521079489251,-0.37745817942870685,-1.0297099807440566,1.0967120504770427,-1.6240933015186558,-1.1832634211313275,2.009425633315446,-1.7678707235369824,1.2981074009128357,2.193273744757788,-2.361487261530666,-0.35371315284495475,2.387830622315394,1.6211857450169171,0.1638854124112844,1.629448264980289,16.38070037712607,9.441723650061176,3.7857983938938786,5.772443928785473,14.264773823925907,0.8679706670352265,3.6816096517584436,1.2027773216615594,4.037791375825182,4.8104497194438505,5.701735080867122,2.6551016482472742
semiprime,171533,-2.2044468341752133,0.15672164522965126,2.210010750831002,0.6452114227222301,-0.7394467576731197,0.981366031328033,-2.1404872137806,-0.4622655556498063,2.1898344586517173,-0.4175762443221739,3.2169999942411067,3.2439881138452855,0.5844496321200582,1.5613764999590125,1.6671766394445213,-0.5940086207128386,0.6047797519275765,0.8477056032743618,-1.5896036068424426,-0.9957554354444973,1.8757314610849185,-0.3446181858190075,-1.636252415098055,1.6721494131540404,0.5669531645323421,-1.6590664292242194,1.753264756775781,0.2573450940463893,2.008166790665224,2.024588935206456,-2.386265446322779,-4.410599042525048,5.01474293401336,1.9511011090136443,0.012484030972630955,1.951141047854716,4.884147518788608,0.9630792874445339,4.79537495629846,10.523458882769493,2.7794779471095277,0.7186047898227498,3.5183685141037633,2.796083659911402,3.073937307352039,4.0989603565604105,25.147646694236922,3.8069513886235993
semiprime,175577,-1.867112285540094,1.2464123140261916,2.2449169123535238,-0.3855604745685923,1.4422933018462296,1.4929389967778515,-0.7301627284061877,2.3317202981431615,2.443370041300826,2.021973905522157,-1.2303754660916861,2.366897180312837,-1.0290207592924678,-2.6197494720115184,2.8145996196900684,1.4467737353807268,4.531161694731739,4.756530305295206,0.846043033157672,1.8845205905963658,2.065721827917861,-1.4036504600312043,0.3720257082620838,1.4521149202297028,-2.912228132393795,-1.4766795057223276,3.2652189907762987,0.17498807992307353,3.8969503268298897,3.900877167752754,-0.7382755693057871,-2.205690903728095,2.325967149170995,-0.09231572521230968,-1.7082252923915562,1.710717931947781,5.039651943370878,2.2288668481000578,5.970057158726401,5.602202262172858,7.921971019159478,22.6245805451917,4.267206670336308,2.108637741553716,10.661655057726191,15.216842677894746,5.410123179022646,2.9265558426876925
semiprime,176251,0.48896107630148666,-4.023149202404298,4.052753685945427,1.7333858787874368,1.0581854311678747,2.0308577034139135,0.24980422671450075,-2.1334625560325837,2.1480373901954115,-1.8154814238259602,-0.08358965168883425,1.817404751321674,-0.298380812915539,0.10941495863652262,0.31780928666351116,-0.8388347263764722,-3.678754045405391,3.773178371712848,-3.718633280004596,-0.8616916436123482,3.817164649295219,0.2449587193585533,-1.983435350566549,1.9985045819479204,-2.593481848494254,-1.2471386208385538,2.8777600383034483,0.6318360102587537,-1.2144245597081782,1.3689571779577703,-4.347268860312186,0.3622916925028038,4.362339030187424,0.4525829926765098,5.4583854023453675,5.4771162636735236,16.424812438944244,4.124383011515635,4.6140646296775145,3.3029600301265956,0.10100274268956981,14.23687502476162,14.570745959829091,3.994020564066832,8.281502838056264,1.8740437550821023,19.03000181429655,29.998802565797018
semiprime,182317,-1.8220158746310369,2.318903327896522,2.94907688803413,-0.8008869978902146,1.1856033794259,1.4307604120521769,0.9678011593791307,2.3751391762648106,2.5647466133564683,-0.30792673733396636,-1.899956022863933,1.9247471949277069,-1.8835351458055398,0.44287002555301647,1.934900127918241,2.8308482000726682,1.536292721912015,3.220853436475261,-0.4823372761318758,0.9072901732033085,1.0275333115464467,-2.288009810733143,0.5728432956450625,2.358630605961139,-0.6698586328348485,0.4640118311950472,0.8148727308435062,0.1990570276922896,0.2904489019395198,0.35211399420011946,-2.424212000389217,-0.4044448178115697,2.4577183389244834,-1.4978022075760995,-0.1392996333946992,1.5042658810475409,8.697054491537068,2.0470753566957147,6.577925190723473,3.704651764382076,3.7438385050180254,10.373896859254497,1.055824706337607,5.563138335376609,0.6640175674723533,0.12398426491156177,6.040379433485722,2.2628158408837344
semiprime,184339,-6.87023771671136,-0.04890385485619253,6.87041176867465,2.5210677649399127,0.1995450055244269,2.528952527163938,0.3024714373983761,0.12184759842986098,0.32609171667640446,-0.2797265281790763,-1.217228852981981,1.2489567691073014,-0.6355049271092423,1.9346301202087153,2.036334995622997,0.22856244031170692,-0.6553562929840715,0.6940696361857841,1.306046857231738,-2.2620176916869195,2.6119882141367943,-2.1778776894675524,4.075290074928892,4.620729425652887,1.5491950810262591,-2.586550275760255,3.0150037691703484,-0.24325288523311106,-0.9875712639109611,1.017088475736957,-0.7710300771092168,3.111910880239172,3.2060063484587773,1.424981184940947,-1.9587750446485175,2.4222656858762437,47.202557871143135,6.39560088464887,0.10633580768496444,1.5598930110989488,4.146660214398912,0.4817326598750667,6.8224824307895195,21.35114042509446,9.090247728111407,1.0344689674769265,10.278476706357983,5.8673710529735095
semiprime,187709,-2.109886405287584,4.145288975592323,4.65134833509431,-0.16183014083348207,-5.9682231407042785,5.970416773703509,3.666254642011622,-1.7442696431338338,4.060036907225105,-0.868682781371397,0.4656445670419367,0.9856138379034757,-2.599297595333147,-3.136175639179303,4.073321203745954,-0.1600702243945571,-0.6912409098366433,0.7095325730151607,-2.967573478661481,-0.990334731746921,3.128458922881879,0.41970048031878227,1.1451806035842602,1.2196668020428476,-3.726199104052597,2.0254386168665426,4.241103789550148,-0.1408868625781301,-0.16609316114791908,0.21779817774081017,0.6857851972674652,1.5614066749521875,1.7053715552267261,1.4581176103050828,3.263030091359388,3.5739994883321766,21.63504133438461,35.64587645172022,16.483899688029997,0.9714346374668188,16.59194562888639,0.5034364721695144,9.787255232159247,1.4875871080054268,17.986961353736625,0.04743604622721754,2.9082921413764224,12.77347234259866
semiprime,189731,-4.601097662207079,-0.6966894211114233,4.6535444390975815,0.039792470376996514,1.7207818731787738,1.7212419050671972,-0.1367927491209751,0.11143862885917877,0.1764392932826694,0.22305283125480957,1.637254015841932,1.652378067489798,-1.4092821979463248,-5.80392578469223,5.972573216601345,1.0598864241894908,2.834250111918312,3.025943312273075,0.9711825018118068,1.6056165992146147,1.8764861085281035,1.4390091963284828,-2.094586961109859,2.541267794776729,-2.3314052563376357,1.4627389545990646,2.7522819111748564,-1.0299376333252601,1.5333713084462106,1.8471597381129987,0.3982027986667672,-2.4725248722135067,2.5043850967014767,1.4690216740541462,-0.5682948530264448,1.5751138748729232,21.655475846656024,2.9626736957593542,0.031130824214087832,2.7303532779213198,35.67163082766374,9.156332929090148,3.5212001154989454,6.4580420047693785,7.5750557185803205,3.411999098105682,6.271944712580464,2.480983718817195
semiprime,191753,-0.5438914858822308,1.9504798536934422,2.0248924929682497,-0.14920517014611256,-0.4454990830606139,0.46982083372938904,-3.3777922326385825,5.131162878603691,6.143151703615503,-1.8273723856233683,1.6247833964517282,2.445242507630696,-0.9615387811622427,-2.526465749322633,2.70325470686344,1.1497628970490283,-4.427503673923471,4.574357168175263,-1.8757338041477323,-1.5027252311044235,2.403447612123128,1.956246073353825,0.011825553406433542,1.9562818159011823,2.7980145342765566,3.0122798783596303,4.111291208318034,2.059223540422563,0.5271702623242727,2.125631688442162,-1.473841315926231,-0.09035260798977784,1.4766082142199122,-2.4480494220232063,0.2100013343364302,2.4570401976954375,4.100189608079173,0.22073161580617823,37.738312853634056,5.9792109211240545,7.307586010179343,20.92474350203641,5.776560424220366,3.8270385432256275,16.902715399593163,4.518310074909477,2.180371818301718,6.037046533091234
semiprime,192427,-2.7732108170247285,-1.1587538954405787,3.005562979852806,-0.044650786152930055,0.061676318951843,0.0761423733772737,-2.279965411055893,-2.1001776023667205,3.099836808139115,0.9829852223019239,-1.3512084675032627,1.67093514832757,-2.5841244567575954,3.3048070252927464,4.195169684582142,3.7925667623187183,-0.7643568561356076,3.868824634196566,-2.973027919664011,-0.2794876370951791,2.986136023424044,-0.3928842373581484,2.6566342521668984,2.685528546441253,0.3779281245645989,-1.3189315594340234,1.3720095210340124,1.9566942217588472,-0.5632134128445685,2.0361389014191755,2.5356774838652805,1.9024969707848063,3.1700402246701422,-0.32406606607533683,-1.1219285683432083,1.1677938720708316,9.033408825861677,0.005797661023524158,9.608988237094096,2.7920242699164786,17.59944868243703,14.967804050166192,8.917008350390764,7.212063573750868,1.8824101258079802,4.145861625872487,10.049155026026726,1.3637425276461859
semiprime,194449,-2.103442681916315,-1.7341752237036352,2.7261391788782268,-3.3850679578196425,0.2576648661252009,3.394860271394474,1.8509264937349588,0.2556479074961864,1.8684979897814091,2.621355512246616,-4.290439555136744,5.027860011761236,-3.6222403399903778,1.258400468004312,3.834605171139146,-2.069868343656146,3.1163154468959124,3.7410930120262855,0.12659956663513428,-2.63161469875938,2.6346581131142286,1.8558082358828543,1.0135929044988208,2.114567280656018,-1.6889871455401015,2.3408890175869184,2.886596433597663,1.7945718616336963,0.6851049850285716,1.9209000512984606,-0.8125614238018966,-0.40095239592081866,0.9061009277368666,3.5699364293787967,-1.7793976075535634,3.9888221263392,7.431834822614852,11.525076262292561,3.4912847378171668,25.279376297867696,14.704196818527077,13.995776924631905,6.941423372998627,4.471394784420987,8.332438970458748,3.689857007078429,0.8210188912456103,15.910701955573176
semiprime,197819,-2.3995615720414385,2.0567018374963224,3.160366780356155,0.9364263208257987,-2.7448197273486157,2.900160269705361,-0.9923480665001281,3.2368450820949977,3.385545860059957,-0.5491566374687802,-2.3208971007296793,2.3849814180935347,-0.7242165365554474,1.5621960130545653,1.721901848254989,-2.4677420398974967,2.476288943670202,3.4959630587322774,0.10162304950172885,1.5458486934501774,1.5491854076357843,-0.8849567499816516,-1.4722048133387067,1.7177122756025656,1.0764070901738947,-4.081403863199642,4.220960757732485,1.9138994510837586,2.374085198094191,3.0494739934402864,-1.4353755832727073,-3.101288333767581,3.4173516638207375,2.042525557533822,-1.3357123132275999,2.440499546586042,9.98791818637873,8.41092958997747,11.461920770569114,5.688136364651448,2.9649459750239475,12.221757708020741,2.399975427231651,2.950535461755744,17.81650971831759,9.299291636668647,11.678292394218364,5.956038036886677
semiprime,199841,-4.063844239562128,-1.5873748518761062,4.362864761116367,0.32766535365805866,-0.8905832980719622,0.9489484679331086,-0.6358680153429104,-2.3078799719013983,2.3938751215633056,-1.670161818432065,3.4812144498559356,3.861126072227384,-0.7339457588987147,1.591700945346532,1.7527658932163344,3.5375875439664095,-2.419731104283502,4.285979963586314,-0.01029014704407083,2.538368366623538,2.538389223858555,-0.8794851939166368,-3.393704294387337,3.5058127508555894,-0.5455549921985042,0.6101965183230326,0.8185169762969251,0.8810387217850284,-0.260895726143197,0.9188557064111768,-2.7299747885663725,2.161968161712045,3.4823653855482437,2.95055382943045,-1.929265724450302,3.525313338684299,19.034588923790977,0.9005031947925941,5.730638097639731,14.908294545634067,3.0721882764224544,18.369624248263342,6.443419851801236,12.290723044061634,0.6699700404862611,0.8442958092043826,12.126868678464568,12.427834135905439
semiprime,201863,1.017650390147406,-0.5843534493676997,1.173491061046098,1.5507921896301087,-3.2707890567388738,3.6198090376566157,-0.859377555766065,-2.420081461530808,2.5681363016396825,0.6927787095873297,2.8286482535389634,2.9122488359868073,-3.6479893862187565,-0.8666794210171416,3.7495279410586217,0.44666571907985003,0.20978499077002177,0.49347746347072186,-2.51642035087374,0.351573053987833,2.5408610734516457,-1.9279872171896635,2.0595307988786997,2.8211348463298735,-1.1177414791498939,-0.6324084198612183,1.2842454686404605,0.044774535215512834,-0.016141097702645157,0.04759510519802993,-1.081356867204356,-2.22044453374473,2.4697584095791374,-1.707830010075495,-0.28292730899638086,1.731106930692151,1.377081270355097,13.103017469100514,6.595324063799547,8.481193282706514,14.058959780779308,0.24352000695349763,6.455974994581849,7.958801821176679,1.649286423723556,0.0022652940388115357,6.09970660168687,2.9967312054903994
semiprime,202537,-4.691285231878227,-1.3084909649416627,4.870349651942119,-0.8616504204489313,3.421797460183629,3.5286171945365443,0.749760715737035,-2.2596923301169136,2.3808298044278002,-0.11722092036030485,-1.1403345025964682,1.1463435444848336,1.8477791856658383,1.8611114109652718,2.6225986355149837,-2.040544667520562,-1.6983650576519649,2.654857135365247,0.3953463133921132,2.6246661648374165,2.6542741351177512,1.2889158389206647,-1.1498416062203378,1.7272636623329767,-2.939558502541058,-1.3282027246133334,3.225697857445999,2.6193757246429676,0.5236771494720696,2.6712107636291194,-0.8216794617845411,-0.29485355781286804,0.8729809611173884,2.0681879963952206,3.4888969449256466,4.055835731479369,23.72030573217272,12.451139305578952,5.668350557651718,1.3141035219820516,6.8780236030050546,7.048266409199765,7.045171184355087,2.983439759215927,10.405126667531707,7.135366943728063,0.7620957584734392,16.449803480744787
semiprime,204559,-0.07737927682626156,-0.5058151398570401,0.5116996269206694,-0.8442531362505221,-2.0343491090497507,2.202575686681472,-3.096994628495535,1.6866883882804018,3.5265129303733085,-4.406005937512509,0.3813109701059656,4.422475141515059,0.24863151633749725,1.8165759250606195,1.8335118550001601,4.333451791265295,2.0996928865157187,4.815341591715494,-0.05187492654270104,-3.543472053358739,3.543851746467142,1.3153167410085538,-1.439921513653293,1.9502389839860532,-2.743974710310068,-1.6887449230699407,3.2219957520170195,-0.05692823147448907,-1.4897089908685022,1.4907963311644097,-0.23075095724654138,3.8182193999905127,3.8251856674851883,3.510549049499304,2.7533010227522725,4.461459531457074,0.26183650819075227,4.851339655560358,12.43629344809014,19.558286377318638,3.3617657224261284,23.187514644905104,12.558885200938212,3.803432094658953,10.38125662601572,2.2224737010132642,14.632045390734106,19.90462115082918
semiprime,206581,-2.536750532884175,-0.2937698298671599,2.5537039724737722,2.1346299525980807,1.6766761924142803,2.714385397974601,-0.0724008555161908,2.1841794501771483,2.1853790871278207,2.5569607099750264,1.1638897502067977,2.8093927142698356,-2.319881657143373,3.7724979500241425,4.428723482685123,-0.5163059750024751,-2.679148814016984,2.7284446535474878,-2.085719483252386,3.4113989196318313,3.9984832563965838,-0.4090613394511762,-0.00771016220632037,0.4091339952079736,-1.3426189354448574,0.7135028816312651,1.5204315071423644,-0.31789177485759557,-4.318498947632637,4.330183407342732,-1.7128800404101305,1.8690868459793255,2.535240357569348,0.3873681635985039,1.0451729558140563,1.1146481963986523,6.5214039790283245,7.3678880887377325,4.775881754455627,7.892687422992434,19.613591686086643,7.44441022747187,15.98786835168383,0.16739062603483817,2.3117119679112017,18.750488341226312,6.427443670648355,1.2424406017347687
semiprime,207929,-2.2731645175793114,2.2156373151652957,3.1743228626487356,0.9561274052272831,0.045807057596705725,0.9572240602661035,-2.58083804330533,-0.6181052891806573,2.6538234971989354,1.0378451606638786,2.2494333088966756,2.4773116050846893,1.4135263624650045,-0.32632164548726006,1.4507041716687317,1.596086870352774,3.5108000918524667,3.8565801667622317,-2.2435021263467103,-0.8353124875028833,2.3939608899688536,-1.7530059496157624,-0.052703487096928514,1.7537980262676875,-2.126389952111616,-0.34821434109567573,2.154712847640245,0.647652261116278,1.7267054126301706,1.8441705542967968,-2.517723680924184,-0.655002399638104,2.6015304489892284,3.461943421721085,-2.2277156626358776,4.116766853824868,10.076325636334463,0.916277901552325,7.042779154285188,6.13707278868728,2.1045425936970608,14.873210582663804,5.731048742700466,3.0758075169404364,4.642787455785934,3.4009650333353547,6.767960677018096,16.9477693287511
semiprime,208603,-2.851530691859898,-1.180206628209177,3.086116487089861,-2.7832874383786685,-1.4241235690997915,3.1264703588395046,0.19463503824595915,-0.633293023413425,0.6625276232860958,1.4038770694833524,2.73749334420275,3.07648186014082,-2.511351289168638,0.11893157026150869,2.5141658688348008,3.2798608262923805,0.7907029948789546,3.373825464655498,-0.059304787198298514,-2.8588071988132304,2.8594222594382566,-0.9397620648518725,0.10178414821060056,0.9452580342750928,-0.6405773779857531,1.0877763551874713,1.2623774301262052,-0.5887052876973998,0.32337173846328104,0.6716719415009406,1.0229787630294205,-0.6116870516561423,1.1919088047216477,0.5398782891440022,0.10236506232597575,0.5494972002422358,9.524114971887863,9.774816904702021,0.4389428516171229,9.46474063577552,6.321030016013848,11.382698265957888,8.176295657770984,0.8935127513616126,1.593596776092042,0.4511431969996429,1.420646598772987,0.3019471730740558
semiprime,212647,-4.311056494606819,-3.933340775558291,5.835784245186001,-0.9122528867343905,4.10755511987456,4.207637626051338,-1.0491048790273592,-0.7214976322829686,1.2732556226417928,2.8539751245233367,-0.30768677069031924,2.87051304826434,-0.7674862583746098,-2.7706028098051703,2.874939144833185,-0.07588126553885355,3.4252102715643433,3.426050695901866,0.13843318513233194,-0.4424388140419002,0.4635901756041489,-1.7287306162122544,-0.38068254131077156,1.7701493554749632,1.127981281511955,0.05565409612251526,1.129353421147059,1.7152991251443697,-2.063519510694284,2.683349373402021,-2.1926692949715068,2.054916222856658,3.005075593070883,1.5591969326723127,1.0991288531275898,1.9076633116544226,34.05637775636114,17.70421439216294,1.6211798805889395,8.239845160255832,8.265275086494164,11.737823370889659,0.2149158509166856,3.133428740688428,1.2754391498565665,7.200363859737019,9.030479320070318,3.6391793106323185
semiprime,216017,-3.1212664047953096,4.6949177867140275,5.637779438192627,-0.17669859811470132,0.9071657783340847,0.9242143387527519,-3.2137115570468042,-1.6578623372784558,3.616137373118253,0.6976772788833344,0.19729568674164122,0.7250373600559559,-0.398102392977683,-4.093888306122579,4.113199117268912,3.7323773132105096,2.5166049114106084,4.5015486988707005,-0.38581543427418524,0.09119391321559678,0.3964465652919091,-0.9880404873913342,3.4962440976520566,3.6331731028250425,-2.42269151610566,-2.921641719607802,3.7954478681656494,1.0571634293556396,-0.3921228194535077,1.127543711748305,0.9209800135652293,-0.456534657714473,1.0279241601796705,-0.0989802087640102,0.5641606168577958,0.5727776910288456,31.784556993707575,0.8541721439561866,13.076449501262578,0.5256791734769098,16.918406978301753,20.263940688304498,0.15716987913175193,13.199946795091346,14.405424519963173,1.2713548219031445,1.056628079081081,0.32807428334033567
semiprime,216691,-2.2410009206972554,0.11692478744346613,2.244049137716161,-0.718761128910512,1.1533111279393684,1.3589496378679717,0.49869120331968164,-0.920882169911755,1.047242515910147,-0.9284695723554527,-2.5083862575164444,2.674706967816712,-2.7070655980298572,0.7124413914406172,2.7992457713238745,-0.3331247021506396,-0.6743764004047589,0.7521672663748615,0.43802263335017644,0.26623267834090214,0.5125852771428315,-0.2922806175037731,-0.1771248438098194,0.3417618610422173,1.5197224056132301,2.0290449046427828,2.535069903410891,2.9086684871882187,3.725228635106902,4.726275568794337,-4.313783991202207,-1.3687419211453213,4.525724999318124,2.2395980952715595,-0.9845135307594628,2.446439559971278,5.035756532484646,1.8467441182614914,1.0967168871298145,7.15405736368727,7.8357768882745935,0.5657555966058319,0.2627436663435934,0.11680116966303984,6.426579415179704,22.337680752182237,20.48218676945303,5.9850665205924605
semiprime,218039,-3.8292118322923763,-1.8547790055291333,4.254770077914855,-0.6477616310359182,-1.560151309252725,1.6892800947164759,2.1265316988020935,1.1733981453166207,2.428785761124806,-2.480174806864352,-0.7409441891087383,2.5884870801258852,0.3221965104742768,-1.3157722495085364,1.354646523613653,-1.0749068318421524,0.9804192665905597,1.4548699720053693,-2.258537261498302,2.0539556911227828,3.052822389637484,4.281715837464815,0.8954933474591883,4.374356963959467,-2.1291023050917617,-1.1172368161139667,2.404432309054993,3.234295824512451,0.9774898482635376,3.378780236108432,-1.2031391020391125,-1.320357997365917,1.7863059480569439,0.03295604248930678,-1.9629727675405184,1.9632493949680054,18.10306841591958,2.853667238405306,5.899000273442602,6.700265363978631,1.8350672039385552,2.116646635442904,9.319724542671919,19.134998848140683,5.781294728827525,11.41615588391695,3.190888940063617,3.8543481868422393
semiprime,220061,-2.801501723081043,0.3138440357228014,2.8190264247049597,-2.08916484853022,0.3910103291680421,2.12544085823398,0.5787996567144104,-0.9025165983726472,1.0721684816067172,-1.578953653072185,2.5119943179921735,2.9670204064304926,-0.1187995642194204,-1.4811046036386157,1.4858614280538496,1.6274596398579442,-1.620931923639258,2.2969643402629076,0.0630967116547621,1.6602379320923375,1.6614364827401273,3.192545409357233,-3.3216441280012896,4.607132069291414,-4.110727236726439,3.0709532352198003,5.131162849459325,-0.7037160441188245,3.1909097913774733,3.267586504969513,0.29311964914147537,-3.648727675593501,3.6604825883146574,2.6893063961063985,0.9627465249952138,2.8564400507500847,7.9469099831848276,4.517498841850398,1.1495452529508534,8.803210092174965,2.2077841833782252,5.276045180439414,2.7603711861798854,21.22566590389339,26.328832187671537,10.677121567458878,13.399132779354774,8.159249763529147
semiprime,222083,0.10963583133198407,-3.078699518579705,3.0806510255487822,0.8158561627907782,-1.5202721912530037,1.7253546921896674,-1.0445407109802254,-1.1232658071020671,1.5338811460800126,-0.7383574322340283,4.172510384209757,4.2373357908093015,1.5620211960481873,0.7399177280732183,1.728406335680601,2.709366122353777,-1.3628391466184773,3.0328196986491167,-2.630446306102108,-0.28452831015418456,2.645789887456187,-2.6627783357346924,-1.0286454771504623,2.8545577561016557,-2.6312445009239713,1.7245790503641738,3.1460483983241,-1.4471716002685282,2.880651730623314,3.2237338652200913,-1.4156121673388866,0.7023466419594567,1.5802685258492069,0.6541298799019016,-1.106553263181925,1.2854361221153865,9.490410741214763,2.976848813860902,2.352791370299733,17.955014604073487,2.987388461220842,9.19799532451412,7.000204128565422,8.14849998292012,9.897620524597635,10.39246003376687,2.4972486137896253,1.6523460240390428
semiprime,222757,-1.7716237387640272,-0.7643751531890378,1.929486990514576,-0.734572763470163,0.22365086935915302,0.7678651289108636,-2.533960289192202,1.2595913481305443,2.829757076409272,1.9554537067041957,-5.382384093137461,5.726592156345897,-0.26730080567871495,0.12102417890495787,0.29342217468369597,1.0813052160266,0.22529077789039775,1.1045256469674176,-2.740805344482053,1.7241897777409076,3.238030933454408,-2.8927972756439653,0.9858259579610176,3.056162446167236,-0.30074636056341775,-0.04177542733370143,0.3036339238640087,3.0913290299157903,-0.8814276382087481,3.214534157945495,-0.006682963588793833,1.3865857398610588,1.3866018447948094,1.158356490994716,1.6860268668236889,2.045599265711859,3.722920046564995,0.5896168561972971,8.00752511148835,32.79385772512235,0.0860965725961094,1.2199769048087925,10.484844326007625,9.340128897362904,0.09219355972105464,10.333229852598352,1.9226646759883688,4.184476355880896
semiprime,226801,-4.465587809597944,0.5494111760651967,4.499258508422817,-0.18184107801478144,2.8923831462427594,2.8980935875714473,0.865244943867708,-1.5759767140445748,1.7978741380028158,-3.3069182835085273,-1.2538873845848655,3.5366569111272383,2.616534091664433,-0.7442433856907468,2.7203214644572147,1.7007708104323649,1.6346125341326274,2.3589360920470592,-2.6895994026059276,-0.8374211412392505,2.816952096556243,1.9296742818964663,0.29924651813107517,1.9527394380270537,-0.7696019562976923,1.9097411714539474,2.0589799690826354,-0.21169873432967112,-2.823999413032301,2.83192320498342,-1.5302829670320173,2.554076032737825,2.9774267984610643,1.6348328922725217,-1.9791828833700402,2.56706904299068,20.24332712561511,8.398946442322742,3.232351416099368,12.507942107024059,7.400148869986645,5.564579486362252,7.935219114292614,3.8131913128262136,4.23939851308353,8.019789038923566,8.865070340194103,6.589843471481085
semiprime,228149,-2.506337424826492,-1.9273667315213818,3.1617194380370477,-0.7249226307630293,-0.09553996737897963,0.7311912923162911,0.35613634893612445,3.006551420439035,3.027570732910716,0.2982297610383028,0.0919104826153524,0.312071349507689,-4.41197326498656,-1.5077373728219845,4.662486469295145,0.6483761601126047,4.440159839751642,4.487249831193456,1.4366664714304627,-2.0884007131657967,2.5348428134469922,0.20488164242955587,-2.5622365989689784,2.570414923023275,-1.3962167899678568,-2.2353669399248015,2.635580900047828,1.9098818618841045,1.3817923111553614,2.357328724960091,-1.0198012898793816,-1.5075709410339808,1.8201002206169123,0.9441025121474124,0.9673808101942575,1.3517230431472094,9.996469804861304,0.5346407059591679,9.16618454277753,0.09738852718355018,21.73878007636031,20.135411047545695,6.425428088883863,6.6070328765007496,6.946286680696918,5.556998717521968,3.312764813089733,1.8271551853751524
semiprime,230171,-0.6256893112032504,2.226545590757305,2.312788875335316,-1.862421035756478,-0.27733583188053557,1.8829570568850211,-0.11251998522035161,-1.8351953991012342,1.83864159094597,0.04719827731889614,2.2646846600894714,2.265176436180289,-2.8781962929321665,-2.175012510326522,3.6075882970102535,-0.5144943018699474,-3.2804864431313945,3.3205866485043747,-1.0076269988418396,3.4657711377078297,3.6092771780182855,-0.19549825689248407,1.1656740859738743,1.1819541628840886,-0.9327519521954257,-1.2102038420257186,1.5279461847781772,4.745142542141724,-1.0661605494279072,4.863442819896173,-0.054335205008664844,1.6700339163931603,1.6709175911476934,1.8413646619213058,3.8303193288983,4.249937644190146,5.348992381874797,3.545527278073101,3.3806028999563273,5.1310242870264355,13.01469332072534,11.026295690225515,13.026881747763639,1.3970156431590266,2.334619543578188,23.65307606239964,2.7919655964068104,18.061969979504486
semiprime,232867,-0.5871412500416863,-0.19564608066190325,0.618879823858298,-0.7146533808642489,0.2342614008433449,0.7520690518202351,-1.186153093291185,-1.1743549687379276,1.6691521061076806,-2.053553074899458,-1.0670656040973596,2.3142405309035365,-1.1015201864889863,5.50769285541425,5.616763063440001,0.7179891539717584,1.7494578801580456,1.8910608926388817,-1.0990753055259306,-1.2271014308117456,1.647344666035967,1.8856103988159791,0.6801684129441949,2.004533772748661,-0.9013031888639156,-4.964809063945367,5.045956448453587,-0.20844518816851404,-2.5411576317911946,2.5496924336243456,-1.634931018589338,0.2316184729510007,1.6512560529965434,1.7612664493979606,1.2165663199979118,2.1405824246517957,0.38301223637887793,0.5656078587057874,2.786068753323706,5.355709234876683,31.548027310823908,3.576111299668164,2.7137444487171516,4.018155646089981,25.461676479690333,6.500931506081238,2.7266465525577233,4.582093116728161
semiprime,236237,-3.761640249528318,2.8364872443712654,4.71122035722724,2.5832706752010024,1.3787063424384547,2.928159585820668,-3.0013322384678425,-0.926662473316127,3.141130138201656,2.140949924372736,0.31351740564597896,2.1637836634734557,0.7587893659026039,0.6756206922890049,1.0159845577841968,-0.07465530410142718,1.8280996040466917,1.8296233428621715,-1.6467264529022667,3.7773815075305697,4.120718270413788,-4.594805953638404,-4.446650670168863,6.394133556167256,3.0024118900549945,0.9160213690512873,3.139040029388316,-1.0682816041899956,-1.7829470666777372,2.0784912384769627,-0.32892196190770395,2.6215223837934767,2.6420766956610944,-1.1725302639789528,-2.2571336587575326,2.5435171659422156,22.19559725435236,8.574118560033465,9.866698545118753,4.681959742314609,1.03222462165595,3.3475215767461473,16.980319064122003,40.88494393410412,9.8535723061022,4.320125828425498,6.980569265755447,6.46947957344272
semiprime,238933,-0.827932152565348,-1.0738795762332678,1.3559826671098838,-0.8093614272592183,0.17544990946231448,0.828159761558972,-3.317949479386148,0.9989258972413639,3.46506012876231,-0.26696147074786736,-0.9175261317739773,0.955574502250862,-0.6037033762009896,-3.3555689973676275,3.4094429255424203,3.0850139342119056,-0.05280020375794847,3.0854657404998846,-4.076274190349368,-0.33212153323433896,4.089781899777337,1.2958878596438355,5.138065358394577,5.298966028566958,-0.1994250734798113,1.8179734934465892,1.8288788868612442,0.9797087257491599,-1.7589405051644766,2.013380462808087,-0.2528466332132746,-1.3138101535138156,1.3379194816592228,1.7215450374047219,1.0366666980423385,2.0095758653613527,1.838688993502434,0.6858485906654133,12.006641695938276,0.9131226293519827,11.624301062531258,9.520098835798501,16.72631598774633,28.079040971906675,3.3447979828068237,4.053700888017307,1.7900285394032835,4.03839515864283
semiprime,242303,0.10575564886775621,-0.03400604798370299,0.11108856181853312,-4.042763298498748,-2.3473298168390033,4.674814686884381,-2.8793488467996875,0.34492932841844703,2.89993552051936,0.3271017188068509,2.274776355402117,2.2981738405836354,-0.5428904170856346,-0.9222237394100111,1.070152620187793,4.549835214571434,0.08860791172537663,4.550697951059224,-0.2352395353227823,1.1211035815393746,1.145517734266603,-1.05439635175605,-2.66569027756507,2.8666454825285617,-0.9618593516263498,-0.22301238102953563,0.987374262579051,0.5850560317151775,3.903433315220187,3.9470346092499837,-2.2761571252728046,-1.1612902228533892,2.5552859410690285,1.6029950937834874,-3.699846501797082,4.032177749994913,0.012340668566910054,21.853892356709913,8.409626023169892,5.281603001542937,1.1452266304947984,20.708851841774617,1.3122108795192917,8.21765632250141,0.9749079344035249,15.579082206617171,6.5294862406250305,16.25845740755404
semiprime,244999,-3.3593367029687444,1.9958293897636288,3.907489991920283,2.7712479247480317,-0.7572614125090592,2.8728487442424613,-3.045929002833243,1.7519919824621122,3.5138525007336656,0.4407412368152945,-6.793751687136854,6.808033109812578,0.3417470291682103,1.0852946147044684,1.1378292634010687,2.1590351599001227,-1.663553477853291,2.7255903939078463,-1.2612177109729414,1.5338736473594339,1.9858092759717783,-2.919248637432037,1.0756201339233322,3.111104511206599,-2.2550869263920403,-0.5204495222441254,2.314364869848408,-0.05665556369216071,-2.931673244517781,2.932220637250664,-0.1488116473700013,2.19143945912294,2.1964862415672033,2.5560409816309737,1.0667275637929987,2.769702726852248,15.268478036957172,8.253259907295487,12.347159396912236,46.349314824304315,1.2946554326518187,7.428842995362729,3.943438480535558,9.678971279650051,5.356284750788438,8.597917865518689,4.824551809394019,7.671253195132778
semiprime,247021,-3.3941831500979287,-2.57066499110247,4.257792591577068,-0.3872748435629487,-0.31007163885309064,0.49611110215127,-0.6675942362735656,-1.632990613479181,1.7641826458779142,-1.1036796051013908,0.7145939954565844,1.3148206147833883,-1.7425553472183153,2.737604822110155,3.245147038295787,2.542552095631963,2.2981131752851414,3.427228519579872,1.665570379896898,-3.8523006958915733,4.1969447627955025,1.5692221490191471,0.5334393836546897,1.6574123593741439,-3.648385559469898,-0.7205494473781959,3.7188585206573137,1.0434549827454418,-1.8362646706522323,2.1120289395985656,-2.930217212315264,1.0926833561391784,3.1273199113829424,1.4412025959490244,4.320791130894415,4.554810744628809,18.128797752888563,0.2461262256777479,3.112340408016798,1.7287532490593671,10.530979300159919,11.74589532542164,17.614345341956597,2.7470157290061663,13.829908696665504,4.4606662417018415,9.780129828132214,20.746300919386048
semiprime,249043,-0.9741255342164012,0.46088035967255625,1.0776508072396613,-1.3679853325100555,0.48231676161425413,1.4505217435449593,-0.043588149703565116,-1.4717061886132836,1.4723515315294844,-1.2348273074902814,-0.04143696146496234,1.2355223596111673,-0.6755472097528067,-0.20478143320898068,0.7059032993207546,0.5980465983351805,-2.0378791405865986,2.123819937145862,-3.848317146406389,-1.2291274805145513,4.039839009500436,0.7745348042988648,0.543369451923606,0.9461260615552457,-0.357944806078874,2.3252060643376837,2.3525959546491584,3.678464017888179,0.6180623675714655,3.7300266247181253,-0.009666483931143999,2.4551222835600117,2.455141313273946,-1.6508486218727119,2.3706697279386137,2.8888364666944324,1.1613312623442937,2.1040133284967086,2.1678190323972184,1.5265155010991467,0.4982994679919268,4.510611125418253,16.320299222681463,0.8951545243540405,5.534707725831585,13.91309862110609,6.027718868144517,8.345376131303572
semiprime,250391,0.062366943670851493,1.2950673773249384,1.2965682193676265,1.393943206112131,3.8094335088724636,4.056459209752581,-1.6637791822736134,1.6061890495491131,2.3125752809927156,-1.844398703383599,4.811815113398563,5.1531903964994275,-0.8168990625110085,-1.3029956941752152,1.5378952686612037,-1.7812137154222236,-0.967827881644497,2.0271687419888647,-3.486589791640224,1.02206832312608,3.633308689377711,-2.569569632525429,-3.403965191905266,4.264934597868943,0.01766232016252975,-1.3663350411494615,1.3664491948939865,3.8032312912084376,-3.9830350532138996,5.5071895272959015,0.5302209104989101,-2.8486783737881645,2.8976029215920307,5.374781255883829,1.3532296843231375,5.542517850862859,1.6810891474741374,16.454861320386534,5.348004430258538,26.555371262573928,2.365121857370516,4.1094131084967165,13.200932032307579,18.189667124099522,1.867183402226424,30.329136489557655,8.396102691218672,30.71950412713345
semiprime,253087,-0.6404253865755657,2.155175641503275,2.24831641934571,1.223595062968507,1.3556095860846904,1.8261605153998948,0.17172836907021738,-0.8666933792664648,0.8835428944923054,0.5038102026968527,-0.7670010843120854,0.9176684497558791,-0.8414761786800045,-1.3971980098298464,1.6310255785726926,2.0579175923635193,1.1802239846339242,2.372330809744805,-1.32789582280797,-1.5551097118990764,2.044914064764993,-1.513720610508885,3.419584107611654,3.7396397628260374,-2.4078994546626498,-0.6089776305162997,2.4837136586639637,-0.7634974702896026,-0.7716389597793183,1.0855206453070947,-2.749306531051602,3.983755273488491,4.840350450197832,-3.39048226746282,-0.9161901312112096,3.5120897429463045,5.054926721499515,3.3348622280056093,0.7806480464078411,0.8421153836773585,2.6602444379583865,5.627953470864441,4.1816735322736855,13.984905555709581,6.168833538233932,1.1783550713879314,23.428992480730354,12.33477436250864
semiprime,255109,-4.344286265190728,-0.8912496710055364,4.434765961129435,-0.16497051998306012,0.8117059498718998,0.8283005623087095,2.04245295835496,-3.48929686340319,4.0431184360649475,-2.564607877180232,0.5613321098981621,2.6253204187865564,-0.6402096585932401,2.4512947806738175,2.533518207693557,-0.05090951849919234,-0.8737674059929925,0.8752492552693447,-0.353791985633611,0.3763452183392614,0.516531211511366,2.4352880155050625,2.1753468523156934,3.265388437283133,-0.39604378280362973,-1.4165291274321379,1.4708519459011036,1.4076583020240916,-0.9513046331369415,1.6989650968413563,-1.9884723983321775,-0.09203732300954559,1.990601252826815,1.6069568087470776,-2.590511379415216,3.0484519665000986,19.667149129992282,0.6860818215209243,16.346806688048268,6.89230730129762,6.418714508714773,0.7660612588495426,0.26680449246539956,10.662761646342382,2.163405446761063,2.8864824002851592,3.962493347755686,9.293059392058318
semiprime,256457,0.5515530679797976,-1.1748320101995953,1.2978601769788414,-1.6509861257054852,-3.9892344303319214,4.317377274158197,-0.9758382723125316,-0.3778644615968112,1.0464424900813971,0.009723074115855268,-0.6461699849970668,0.6462431335661307,-1.3339450798690642,-3.3632053278616683,3.6180878310875753,0.4022835515540655,2.3155051091160472,2.3501906233736594,-3.4897521596313457,3.193238306007976,4.730236887789905,2.1421855500311553,-1.8194660796963742,2.8105899284541627,0.2158010677004213,-1.7094070646290738,1.7229749311654041,-1.090545673623644,-0.42580351437409847,1.1707256293054238,-1.4360270259917336,1.4499172292116653,2.0406943894036402,0.7604488256529416,2.5455767988146456,2.6567355259980916,1.6844410389875495,18.639746527417664,1.0950418850477548,0.4176301876813719,13.090559553463995,5.52339596619347,22.375141014608328,7.899415745927975,2.968642613424429,1.3705984991125806,4.164433590943496,7.058243655100356
semiprime,259153,0.7523290240616269,-2.0844267909997694,2.216040163779329,0.9801149561822969,1.4826392612256103,1.7773138457402085,-0.023388303244957886,5.089068315066801,5.089122058680213,0.6307861947595451,2.020991239447275,2.1171435504995544,-1.1306956950618967,4.946197147224612,5.073789409705964,0.7340948185766027,0.9154103637569282,1.17340160931141,-3.267219214210969,-2.1516276529730107,3.9120612151073875,-5.697647736458794,1.2041350011197025,5.823498160873374,-2.1145356412054253,0.9684722071506723,2.3257685598423876,0.9397696075162949,-0.9349978946612687,1.325665107873152,-1.904227902551038,-3.9738774039139084,4.406561644433387,1.5877189623261652,-2.060888598058258,2.601559785385799,4.910834007483117,3.1588445062598494,25.899163328145534,4.4822968134218595,25.743338974044395,1.3768713367346066,15.304222950747489,33.91313082969557,5.409199393951334,1.7573879782323358,19.417785526191473,6.768113316936605
semiprime,260501,-2.8487018383643665,0.840145507942571,2.970007851574908,-0.7886314662462358,4.108159895683572,4.183170725425458,-0.8811388977733496,-1.8123529853724547,2.0151995188461322,-0.6888701691187185,0.19378200233664422,0.7156071368643907,-0.5959347938330671,-1.886848367782234,1.9787205566990356,1.0123762696409127,0.37865762205596587,1.0808733996510083,-0.7543581231716125,0.804195455848608,1.102627094353548,1.6022782536050872,-2.2646983764572086,2.7741943584225828,-0.36971080054704164,-0.007181404315969031,0.3697805411444521,0.7851924589606262,3.677873534598898,3.760755367490901,-0.12989535376726857,-2.357415578899861,2.3609915320835206,-0.30617964927629804,-0.18719993388612177,0.3588729480999163,8.820946638416602,17.498917318056552,4.061029100757683,0.5120935743312508,3.9153350415033414,1.1682873060731283,1.2157865092025484,7.6961543383036854,0.13673764860908383,14.14328093411162,5.57428101457009,0.12878979287792525
semiprime,265219,-1.1537415234606598,-0.9462630403983358,1.4921572452597704,-1.9866883511548532,0.19466413492981005,1.9962025774060008,-0.5708300448209578,4.275866562583847,4.313801316831004,-1.1815877532105428,-0.15797971532117117,1.1921020128286406,-0.8761451037889708,-1.4024830358686693,1.6536592480897585,1.9931672255346324,0.45150076403568495,2.0436654640303122,-1.6301569203872077,-1.892829209952179,2.4980420339006497,0.28290550072722664,0.16638467435747895,0.32820631042496295,-1.4562525673396725,0.20495883961938066,1.4706052039284745,0.8322471098678808,-0.9038975491032051,1.2286846752353597,-0.34651108827918764,-0.6119332073254506,0.7032298234062886,4.358052803907263,-0.2516137017929221,4.365310263494898,2.2265332445812267,3.9848247300423605,18.608881801092902,1.4211072089900965,2.7345889087927855,4.176568528870232,6.240214003134494,0.10771938220276715,2.16267966582151,1.5096660311582215,0.4945321845280398,19.055933696573895
semiprime,268589,-1.031582885654736,3.2377964452957944,3.3981596594547807,3.5256940432846733,-1.4457866054291098,3.8106190304583394,-1.596120012444636,3.3485201046941464,3.7094724673014032,-1.6153092067023405,-1.4254230254920048,2.154310709916312,-2.1010064182298116,0.25387137242593627,2.1162888846233376,-0.08380843945254549,-0.6623075348650664,0.6675890392018972,-0.6515096616325122,2.0429437061722946,2.1443143020064714,-0.051193836074577836,1.48551440606013,1.4863962659614736,-0.2562486172259141,1.5052605702512336,1.5269160874728063,0.9027337315719116,1.9035533850124116,2.1067614197412006,-1.8841422475112335,-0.3196878876452849,1.9110709966832176,2.665925147908107,-1.4704491005462568,3.044565231941362,11.547489071145831,14.520817395291255,13.76018598566716,4.641054634860125,4.478678643180291,0.4456751252625122,4.598083825789501,2.2093738594642116,2.3314727381832627,4.438443679709959,3.6521923543637866,9.269377451546159
semiprime,272633,-2.3671335792144497,-0.7316020975606103,2.4776123609232528,-0.3864752963974115,-0.2090979803811483,0.43941451970200324,-0.7308776595621542,-0.15464382080991979,0.7470588093060296,-0.8663750579465165,3.2836864389497946,3.3960568856211184,-1.9129632599640245,2.9105364507787113,3.482908391744423,3.139777501901536,-4.222565366723817,5.261963610450237,-3.0889955277651704,0.47651448232732596,3.1255334620542627,1.0348273070840672,-1.7471632732888187,2.030627257528117,-1.9160936855525426,-1.0606246447377567,2.1900547136634323,1.8738172435833556,0.047149792925796574,1.8744103513700703,1.1412306348726853,0.6399895941341244,1.3084319021530593,1.1959233778777418,-0.32932827027445655,1.240439371898713,6.138563010999695,0.1930851201249422,0.5580968645617428,11.53320237037461,12.130650865283721,27.688261037702492,9.768959422420906,4.123447059016161,4.796339648839418,3.51341416532327,1.711994042571873,1.5386898353564735
semiprime,273307,-3.434136936981071,1.004154634148542,3.5779355823183465,-1.1952096912131724,2.9874638245272336,3.21768026827228,-1.571455549025734,-0.007316717229281067,1.5714725822981401,0.544976603419679,-6.551606899445666,6.574233982992917,1.1506096260489718,3.5600487770723586,3.7413700440735544,2.6768761393046416,0.6844375235569763,2.7629912393692693,-2.103428572421394,1.143922898204757,2.3943624112309885,-2.808430721042355,-0.42947848514078557,2.841079879921243,1.605301736285416,-1.911540567899071,2.4961933032609624,1.3540800906238724,0.17037114827456434,1.3647561027481607,-0.0594365073519415,0.12417815859114834,0.13766958079868546,-0.4158011778635391,2.153025840570873,2.1928089040494663,12.801623031219725,10.353466308828772,2.469526076914785,43.22055246313891,13.997849806690951,7.634120588831331,5.732971356315873,8.071734884093305,6.230981007244875,1.8625592199883483,0.018952913477285786,4.808410889678622
semiprime,276677,0.5963319927301433,2.1627633820447545,2.2434699223005348,-0.5185875957402841,0.38920310232199906,0.6483919719681581,-2.3078290275410738,-1.8813283788120208,2.977494129177192,-0.8573419645787388,2.0173712853301806,2.1919904532416368,-1.514954290961101,-0.7609992422605485,1.695348445135271,0.26212922482764334,-0.407689303049695,0.48468783596237197,-1.176330968510301,0.6339074115694205,1.3362608854258309,-1.8810012472117608,-0.7453649879268056,2.0232979655105985,-1.6288774357745506,1.8455042265417063,2.4615295145414726,1.5975599639023088,0.07454870155681759,1.5992983921605601,0.694220818330082,0.1949258555167499,0.7210677039999958,4.359346705317752,-1.1302362740605396,4.5034806241802565,5.033157292267168,0.4204121493127567,8.865471289284645,4.804822147102477,2.8742063504225808,0.2349222983298872,1.7855931539190255,4.093734657239327,6.059127550958777,2.557755347167353,0.5199386337518255,20.281337732366993
semiprime,277351,-4.474930445665258,0.30512279258724406,4.4853207702569176,-1.2799935465586794,2.2918866514677214,2.6250957891870903,3.4873485377873537,-1.3285555442114667,3.7318440023750483,-4.00582064413859,-0.381325075274089,4.023929403709724,-0.294043070424171,0.3816003787914376,0.48174700451403185,4.108246919231762,-1.8135563723221884,4.490732620070769,-3.0446781059821832,0.14088787632922395,3.047936049647993,3.143297884035017,2.182467818347315,3.8266809856454858,-1.8742153743795447,0.9073033832667451,2.0822782472205628,-1.8776672198858442,-2.367112469753539,3.021399614929567,1.1047591170937494,0.6639444352349183,1.2889200595386725,0.9941117852463137,0.3900031660945551,1.067876730306167,20.118102412098107,6.891127902407792,13.92665965806262,16.192007846039697,0.23208017635824263,20.166679464967675,9.28991416274381,14.643487365900706,4.335882698847939,9.128855633096535,1.661314919881175,1.1403607111293899
semiprime,278699,-3.4412982340755085,3.643261391949823,5.011575311807992,1.7083176615975506,-3.1999017725874825,3.6273572455900505,1.676710845784334,0.8417018918837128,1.8761186889883694,-2.7183293169652267,0.6240253522974727,2.78903601909022,-0.15882444074830326,-4.249117265724495,4.252084517134745,0.09228138617142298,-0.6027907756499149,0.609813556295976,0.33373551763300324,-1.4727833078135992,1.5101225339369437,-0.4118596120531237,0.10549724151787832,0.4251564512134693,-1.0072646062778228,-0.04737621709273132,1.008378149805932,0.9258423593985977,1.3806222453382588,1.6623182182661713,-5.05970682889818,2.0504093839974735,5.459378337904763,1.2610205315190457,-1.936073512454554,2.3105309836790093,25.115887105923377,13.157720587134637,3.519821335171438,7.778721915782621,18.080222740857014,0.3718725734423455,2.280470067504136,0.1807580080084311,1.016826493006035,2.7633018587796183,29.80481183638377,5.338553426540691
semiprime,279373,-0.7718834988750828,-5.2073707393734985,5.264267674911577,-2.3645369551832736,-1.5056222492034501,2.803200558241212,0.7134651194297678,2.545381626266894,2.643482570394598,1.3502181667664028,-2.6610238481039614,2.9839800632785805,-2.4224123130344286,-1.8489601585485838,3.047414491374748,-0.2016219351022534,2.3716514663655297,2.380206310937803,-0.2712179216469617,-1.0178678158861598,1.0533821963747816,1.538417807384092,-1.0337850810789524,1.853494252469614,-3.7225762981465182,-0.09733624840010324,3.723848632903174,0.6868613907902914,0.4025388061025287,0.7961256562734444,-0.17766195199930745,1.1396751292428964,1.1534397120799234,-1.2447375821769522,-2.15155283677523,2.4856691770867787,27.71251415311894,7.857933369723842,6.98800009998003,8.904137018044041,9.286735082240813,5.6653820826281445,1.109614051639359,3.4354409439378935,13.867048640774838,0.6338160605768226,1.3304231694030164,6.178551257919263
semiprime,282743,-5.100032028774688,-2.766195383711286,5.801910340171873,0.6357944502583772,0.4274061809294091,0.766100924471453,-1.3377975603261465,0.12868420359628951,1.3439724463953124,1.1339107038575018,3.0156106787601695,3.2217481667838324,1.062303226245615,-2.670178720643485,2.8737332069399066,-0.45232134096374566,0.003309667426576346,0.4523334493376713,0.30529896216509567,-0.5337705790716107,0.6149133982777796,-3.547492089002645,0.8009793258852219,3.6367936430366643,3.786920927314885,1.4824371157984833,4.066741928378583,0.6726579586148447,-1.1401623847973072,1.3237971872588994,-3.1503241470414536,-1.5544551527556525,3.512957878108,2.3569302437223776,1.2565803918763891,2.670976311205595,33.6621635953933,0.5869106264760149,1.806261936669801,10.379661250174985,8.25834254466912,0.20460554938971562,0.37811848738152715,13.226268002031892,16.538389912032358,1.7524389929945736,12.340873053361063,7.134114455021448
semiprime,287461,-2.819757132784672,1.3892872831032728,3.143429567030651,-1.6209657719079749,1.3674416539812537,2.1207137267298015,1.0948206064461163,0.11863419908647366,1.1012294191002758,0.8897418192255391,0.28349042671402874,0.933813325519225,-2.178980459336063,1.2564618437087767,2.515283722935538,-1.0089363766751847,-1.727134007587218,2.0002361091488012,0.12839697089358992,1.5659868789203935,1.571241765956304,-1.355119185712506,-1.038993200396749,1.7075874437219327,-0.03974994835674439,-4.32558693260849,4.3257695696774805,3.950090072624414,0.9170438538141107,4.055142539007005,-1.906922598473326,2.608778364779175,3.2314204853451316,2.1323741821543747,0.25933250115792206,2.148085891875686,9.881149442882506,4.4974267107402035,1.212706233491931,0.8720073269172741,6.326652206864459,4.000944492342735,2.468800687085485,2.9158548779568045,18.712282369947694,16.44418101166418,10.442078353108165,4.614272998875363
semiprime,288809,-3.240757868941249,0.6162674618513604,3.2988326950061206,-1.9317046246035745,-3.6430428737237057,4.123499016188062,-1.0969865898881896,2.957738897695266,3.1546155019802535,1.1195068815531233,0.2960089218729691,1.157979680164206,0.9781847835966231,-0.6251017782252831,1.1608607599537437,2.251802244332654,0.6487355456793522,2.3433888187429472,-3.172781512765959,-0.19915540185393144,3.1790258573715704,-0.751801282479515,-3.083704333088494,3.1740254539380426,0.4010143030292599,2.664411159960611,2.6944200304623425,2.05662651413317,1.9842892112623511,2.857816700309472,-0.23846896499979597,-1.5537294878917791,1.5719232706504869,-0.8172829125955616,-2.0046470928049835,2.164846721112642,10.882297149641344,17.003244136503916,9.951598965334126,1.3409169396731966,1.3475977040003835,5.4914711558094655,10.106205401837048,10.074437582246597,7.2598993005566905,8.167116292567718,2.470942768812524,4.686561325912157
semiprime,289483,-0.3005675548285187,-3.3480368793213158,3.3615014205427927,1.1926932855088819,-0.1543666623597767,1.2026414011441935,-3.4206504226959034,-3.316391386472345,4.76437835845954,-0.5908054516753141,0.19621586607711583,0.6225365433688729,-0.09349290144826153,-0.7015683816694067,0.707770525509112,2.5660303024806916,1.4928761219895328,2.9687018423640414,-0.2741191670866566,-1.1790962498531532,1.210540905621141,-1.321114717509492,0.6972758356393255,1.4938332195351343,0.40194649904527047,-1.6255341807084809,1.674491672343085,0.03994793834017574,-3.8093831271563836,3.8095925828415536,-2.148126355608425,-0.4781389270328119,2.2006961792132103,-0.48215057282072515,0.8211253365456436,0.9522163583915946,11.299691800311212,1.446346339746069,22.699301142557623,0.38755174782966456,0.5009391167794446,8.813190628855654,1.465409284182052,2.231537687786705,2.8039223607463413,14.512995647241379,4.843063673203622,0.9067159931885497
semiprime,290831,-0.6366694607062345,0.45874047574059995,0.784723407500171,1.273266961035763,0.3246914063091917,1.3140141792980349,-0.7243132459447199,-0.8305788259702781,1.1020394114554803,-2.3975655414944455,-3.4576583876516542,4.2075791200474635,-2.221068190196992,-2.926710899229907,3.6740686701769842,0.990515895217425,-2.0187049528363916,2.2486198934645567,0.6240616681753872,2.107424949509567,2.1978837283853863,-1.736988250658205,0.6642569642681663,1.8596681148805587,-1.503613681417948,3.6051669947450318,3.9061596438120856,0.01936948153103779,2.243281451164571,2.243365071929624,-3.440254579247602,-3.728468406843982,5.073147763555463,3.292078238584224,1.697201047508633,3.7038183709010637,0.6157908262786794,1.7266332633962882,1.2144908644011414,17.703722051459387,13.498780593176074,5.056291425284554,4.830692883501246,3.458365497503411,15.258083162946159,5.0326868459538066,25.736828230867797,13.71827052462421
semiprime,295549,-4.304524837612035,-0.5668457363458015,4.341687248804585,-0.2906807728214275,3.2652052880313454,3.2781184976562283,0.7369370143208391,0.2812461716967063,0.788781067324873,-1.7591226063296812,-4.38666512863054,4.726239868525859,-0.12105912989380319,3.445381139866318,3.4475072896046464,1.8751163255415824,-1.3971978377830085,2.338423193568281,-1.3298087667020715,-1.7260535975312163,2.178910823679606,1.487641004612049,1.3491018796573857,2.0082708085062224,0.6971721980157811,1.4706764853924108,1.6275559585993746,-0.2966722655743945,0.0873090107665937,0.30925280357999224,-3.7631596780564887,0.3474513839188771,3.77916567865678,1.250414001492584,-1.7210337339704789,2.127320448026828,18.85024816643233,10.746060884675927,0.6221755721701657,22.33734329484333,11.885306511877175,5.468223032218079,4.747652377548139,4.033151640298236,2.648938398372329,0.09563729652208526,14.282093226737361,4.525492288593065
semiprime,296897,-1.9268705396946064,4.378063112661747,4.783332174874796,-1.596364647607357,-0.04730814270479433,1.5970654803409718,-0.5067141642178015,1.6303581158393459,1.707286393696783,0.2881146800816089,-2.042590060000956,2.0628097881514034,-0.45168046549919255,0.040866987868976634,0.45352547184369957,0.11680543448166181,2.3764499714803424,2.379318805135909,-1.1022276228684178,-0.3208802335033113,1.1479851292012901,-1.4323965493925173,-1.3995366247835312,2.00261395151988,-1.7697559500900626,-1.6946648585588378,2.4502908206401597,3.198702626773962,-0.9969807540460554,3.3504729693684867,1.5513588968813656,-1.776931585714893,2.3588557156477825,2.0082694181009475,2.9068388391102933,3.5331088423992254,22.880266695192446,2.550618148496739,2.9148268301021667,4.255184222093238,0.20568535361105034,5.66115797647337,1.3178698568673028,4.0104626388220685,6.003925105713427,11.225669118468884,5.564200287244212,12.482858092239594
semiprime,297571,-3.642270014422832,-1.4975628606510016,3.938124601833328,2.388703442315698,2.655823385455242,3.5720165159279165,-2.034276199683744,-2.007103860404447,2.857751837205283,1.295019935775994,2.333755412021717,2.668986878423705,0.6722822300658027,2.651972470760741,2.735858436128426,-0.0207592933300903,1.0156197729833027,1.0158319110631544,-0.7314915073201937,-0.873269413035158,1.1391572731736117,-2.0175936192055324,-1.527017714894891,2.530309687342973,0.05922739935859711,2.8886511069720986,2.88925822706208,-2.087763008888554,-0.5912520111755665,2.1698694251043174,-1.5213533850676053,1.2350956298384534,1.9595860116623378,1.6249481938903276,-2.502294339365518,2.983610831467159,15.508825379564907,12.759301990061811,8.166745563050169,7.123490957197914,7.484921382535077,1.0319144715342203,1.2976792930243386,6.402467113861694,8.347813102645915,4.708333322002541,3.839977337102708,8.901933593648153
semiprime,298919,-3.862176952829407,2.1670406118675296,4.4285975012920105,-1.9609680048469114,-2.241969129201524,2.978560238156334,2.7740967173691042,-3.0229353904422425,4.102895437627705,-1.676841081445775,3.2017331611093325,3.6142621995880972,-1.9186365298462007,2.2141246017782765,2.9297634522022564,1.602826070831208,-3.1741687429159064,3.555896317644899,1.0312172615801098,1.8773693362214372,2.1419441321298045,2.159349138704719,1.269226239684588,2.504740295984534,-4.034545193768696,-4.231755595046227,5.846820532286512,2.5184751326546424,1.0896325203044934,2.744087466372918,-1.6280439029729572,0.650939313628319,1.7533536266350624,-1.2434566990309923,0.20014869214431397,1.2594618141619582,19.61247582844984,8.871821092325918,16.833750972106237,13.062891247371391,8.583513885860084,12.644398621840553,4.587924665165302,6.273723950328692,34.18531033676713,7.53001602310494,3.074248940034326,1.586244061332131
semiprime,305659,-4.61025319497451,-0.8141180738018459,4.681583360345462,1.0598441265025031,-0.5703050161950495,1.2035436776366237,1.4254707174948518,-0.9497101614568327,1.7128678166191489,-0.9213678578177725,-1.233898559963107,1.539942981314159,-2.2105011041214313,-0.4073455137472559,2.247720066843752,-0.3215956928186007,2.3709083184858253,2.392619912210203,-0.18058199082651116,-2.969262235697396,2.974748406126065,0.38424844336180164,3.8557279791064114,3.874827107767517,-2.6899974156105912,1.090188587588742,2.902515676529654,5.152154940517165,-1.877107856487482,5.483450960479401,-1.8791584469188858,1.625730371509868,2.484800939607882,1.4548873937691602,0.3730486329786704,1.5019529323902512,21.917222759863506,1.4485173839790892,2.93391615720965,2.3714243856987403,5.0522454988920815,5.72463004430476,8.849128079749566,15.01428511508998,8.424597252500394,30.06823443598247,6.174235709476213,2.2558626111156745
semiprime,307007,-3.071183514150518,1.0922136461320244,3.2596163618418252,0.4527561698175647,4.706331747023355,4.72805950283494,-1.398704284956127,-2.3481116287990442,2.7331304209744425,-1.8695026655717915,0.4384024167642334,1.9202179291957342,-0.02723987290268215,-1.5729375118471869,1.5731733619826436,2.9686444526724163,0.32839435099357056,2.9867528749709433,-3.010069719837704,0.5415844156793914,3.058403733582377,-0.5063619932941573,0.2770474223651428,0.57719818302902,1.8326010006632485,-3.6002941920077043,4.039869391036838,-0.2312906874206325,0.8207499420283916,0.8527167463039041,2.612328565961407,1.586514024522327,3.0563519572431463,1.0527786746498784,-0.19004587349519098,1.0697945465509275,10.625098826386937,22.35454666234778,7.4700018980559335,3.687236895604754,2.4748744268517737,8.920692736147195,9.353833397590622,0.33315774249200214,16.32054469663635,0.7271258494271168,9.341287286544011,1.1444603718301047
semiprime,309703,1.5340672330056382,-0.5859072050598616,1.6421478399713691,-2.5083046188232063,1.877108477436141,3.1329105152992254,-3.627131311612391,2.3956880905629587,4.346884284052684,-0.6077198305751998,1.6197940922837821,1.7300451710495282,-2.0941146183068056,0.36917906483163454,2.126407584757969,1.3322349743888993,-3.53136102715758,3.7743026814383116,-0.2796887763773581,-3.2330166034926515,3.2450920125769356,2.7837613634307363,1.8108169500591573,3.320901286571358,0.27519270857550915,1.3031432603105917,1.3318833972033903,-1.145452972673274,-1.3249470336694347,1.7514414505302411,-2.4248446884086343,0.7267219310911972,2.531402087388032,2.453255563624621,1.1348401986462864,2.703021482881463,2.6966495283226335,9.815128296872459,18.89540297894421,2.993056293871791,4.52160921651622,14.245360731112429,10.530622170090627,11.0283853551513,1.773913383746044,3.0675471546354753,6.407996528032485,7.306325136918703
semiprime,313073,0.2496303984625189,0.19315267207802056,0.31563157409776876,-2.0974804503002566,-4.335240690654118,4.815987550367521,-3.782604745791968,-1.3747592566732445,4.024681562148326,-0.25192267224734155,0.3375701293751836,0.4212109032760425,1.4468934534840139,2.0669309171195445,2.5230346969234367,1.121867916639657,1.6861674209212736,2.0252773128047687,-2.75628484962075,-1.1173180734426906,2.9741395141268288,-0.7108469894878555,-1.4782696857809747,1.6403001878811478,0.9856333168926067,0.17284650549535963,1.0006742476104193,2.5455867911386822,4.193375850334665,4.905549218323032,-2.5931428107438417,-0.37090608637569056,2.6195344933447626,2.730782615303266,-2.191627238167711,3.501485919309283,0.0996232905674353,23.193736085294958,16.198061676696693,0.17741862503861963,6.365704081879538,4.101748193761705,8.84550584949057,2.690584706362929,1.001348949830679,24.064413133389714,6.861960961823002,12.260403643121176
semiprime,315769,-6.292587071905711,0.2449678028665374,6.297353514132436,2.10832956604017,-2.425704781481671,3.2138912934233126,-0.45851810336935694,2.7082530305145185,2.746793280974836,-0.487765398178007,0.2451040526817741,0.5458855926847489,0.9830328541077356,-2.3515590073656667,2.54876114168782,1.1823100617262008,2.9785450178030604,3.204619713029683,-3.1737619862991187,-4.39312973813269,5.41962674376595,1.3645399600604604,4.314044560707849,4.5247043853024005,0.8937129380998338,-1.01294323725618,1.3508430025839666,-0.3411857930665869,-0.8255573096006874,0.8932819357994435,-0.030237595905375003,-1.187392194625189,1.1877771407393558,-0.9511154334277949,2.730892769458063,2.8917807465267606,39.65666128195615,10.329097245942172,7.544873328408505,0.2979910803007796,6.4961833573778,10.269587505138448,29.372354041743115,20.472949774374772,1.8247768176300665,0.797952616825601,1.4108145360629594,8.362395885982869
semiprime,317117,-0.8994976011863707,0.5943157197764564,1.0781034780175058,-1.2988886783099804,1.873182170790057,2.279456786957717,1.400286525502064,-1.1633938981396392,1.8205185293567292,1.503950880653072,-1.0054081622246176,1.8090643504544095,-2.816390387181942,-1.1944261588480303,3.0592006573533728,-0.6068119923070503,0.969311803211371,1.1435847873474583,-0.8740205982630243,-1.0748362695999822,1.3853465316070417,-1.943511920762702,-4.576064760601692,4.9716805286912145,-1.892704795859888,1.1801050474685104,2.2304661771324117,2.8271356834566097,-0.4976961009387438,2.870609270096385,-1.4958976596092566,-1.4310620816225603,2.070180786666311,1.7144065845086436,3.457360114454308,3.859083945449502,1.1623071093134427,5.195923243607599,3.314287715731188,3.2727138240850344,9.358708661951308,1.3077861658525314,1.9191850126356602,24.717607279367353,4.974979367331675,8.240397581563299,4.2856484894823454,14.892528898026093
semiprime,319139,-1.3312991687738736,4.627654228962055,4.815344342786755,0.18270115254730523,-1.1168917539870682,1.131736233080139,-2.3852753263753685,0.00045092729821671895,2.3852753689984203,-1.2087285185911023,-2.5653063723935037,2.835810539492749,-1.5459542739865086,-3.563271884020231,3.884183458168041,4.08895040490831,-0.8765280877881867,4.181843720475629,-1.543166136835112,3.926210328902581,4.2185885403362,-1.652010326953074,1.2856701642552706,2.093343233111994,-2.679152139097243,0.1450716091994444,2.683076956821225,1.9776553559931762,0.24533423593068304,1.99281449071613,-1.7640526029092596,0.9118816685682143,1.9858020453463343,4.303619090070485,-1.8450026525620387,4.682432280383782,23.187541139608406,1.2808269012664228,5.68953858595055,8.041821415898157,15.086881136706243,17.487816902481452,17.79648927265591,4.382085891615777,7.198901956225047,3.9713095944081886,3.943409763301685,21.925172060380067
semiprime,321161,-3.4285426311801532,-1.1966067049199154,3.6313595498213926,-2.31755702643741,2.7032086180053625,3.5606751330678668,1.0575429121695117,-0.7901916971310136,1.3201514796775267,0.6145537533134697,0.6918298129716817,0.9253673896502432,-1.8352555932975434,-2.167865435218012,2.8403879379308203,0.9195978408284904,-0.3987084913582528,1.0023116530987732,1.8611305468395494,0.8389452717305659,2.041478895638736,-0.720563867957746,0.0912643543364699,0.7263205010039857,-0.6758162523233451,3.4756115536492556,3.5407066072698767,1.0714532194353013,-3.2430200912656257,3.41543427894474,-4.299401576621076,-1.8690313069941844,4.688084037597468,3.4728002254941135,3.0175960601192346,4.60067684023113,13.186772180079027,12.67840740324787,1.7427999292947631,0.8563048058281051,8.067803637942898,1.0046286499375956,4.167636081338354,0.5275414701786808,12.536603278764561,11.665191313790777,21.97813194357618,21.166227388239093
semiprime,325879,-3.2041102056424626,-2.1344583091716793,3.8499655171824867,0.013891378950490002,-0.2787895884967674,0.2791354600607795,-2.2907508856024346,-0.1177953591232902,2.293777532046062,-0.2580449570424719,-1.856465648925047,1.8743137158687568,-0.23969619952962684,2.8038369925549294,2.814063991612205,2.2659474406418436,2.384517329182005,3.2894438279017026,-0.17083798609548428,-1.9838830443651734,1.99122513825353,-1.3688964424098873,-1.3191543142740754,1.9010643268733314,0.6216226603846627,1.436140923830855,1.5649011102959338,2.7589480118521026,-2.685918345257497,3.850448219297779,-3.1532170468842216,3.1781514381818896,4.476988307867116,0.4871096809055996,-2.271714479146981,2.3233515696075777,14.822234483494212,0.07791660506334303,5.261415366519322,3.513051905493747,7.918956148888418,10.820440696920606,3.9649775512127894,3.6140455749103526,2.4489154850054464,14.825951489493438,20.043424308778864,5.397962515997995
semiprime,327227,-2.27308936530763,-0.4056458758689786,2.309000614829748,-0.3267704165157383,-2.704510137872348,2.724179507845285,-3.9003698336562715,-1.5376457110990374,4.192521815346596,0.08519817594200041,4.063557346437295,4.064450397897403,-0.46935890001757785,-2.0085955250609544,2.0627054468150807,4.893226398464344,3.6055953610716975,6.078156175552754,-2.1853815507001357,-0.6485636549286745,2.279589291217822,-0.325822298343205,-1.5401780230209496,1.5742644354409998,1.7432008571571063,-2.7804334035006693,3.281700647483799,-1.8066120856549683,1.43696946537526,2.3084038798389366,-0.9424487917153789,-1.2448907420988302,1.5613976702842725,-0.5518970572654156,3.954461509489918,3.9927880224043335,5.3314838392841555,7.421153990964179,17.577239172157114,16.519757036968358,4.254753760320602,36.94398249441007,5.196527336634972,2.47830851269437,10.769559139695584,5.328728472455455,2.4379626847691536,15.942356191855508
semiprime,329249,-1.932196862785701,3.250173198011091,3.7811387879352623,0.7069241129593866,2.2041831158056566,2.314771027442271,-0.029578542632778204,0.6416439859117143,0.642325380816414,-2.728122137847561,2.1590496961379637,3.4791013192212987,-1.878731213929282,-1.2431046582906076,2.2527627850388514,0.30937822816868843,-1.712896159007732,1.7406114269440607,0.07637835585513097,-0.5933615697792548,0.5982571401446325,0.5384457829744272,1.4366533616306287,1.534241422556284,-1.2994877048488758,-1.5897336667166493,2.053270909097424,0.578750030623878,-0.5505193731198464,0.7987635307945702,-0.2702487682769136,0.624932702930804,0.6808636280104773,1.7810228048998133,-2.8045101610702345,3.3222461490863964,14.297010533628544,5.358164909486147,0.41258189484095126,12.104145989407382,5.0749401656560025,3.029728139608239,0.35791160573403447,2.35389674268753,4.215921426145762,0.6380231781274083,0.46357527994758957,11.037319475119391
semiprime,331271,-4.0850259340692565,-2.8569972810212487,4.984964427734787,-2.6215667908475027,0.5902552924647099,2.687194401072813,1.5162326787880933,1.2904019331035457,1.9910044412763837,3.193695028961882,1.5739326158640514,3.5604707297345515,-3.832606686036926,-3.734031760068933,5.350875367176705,1.1860029898693796,1.2105481007887047,1.6947064041603928,0.7584261326523282,2.039858259682863,2.176288565031385,-0.39442230660867056,-2.293274355478758,2.326945685968415,-2.2712388501403424,-0.18154293409884692,2.278482773976587,4.176588910901867,3.5723424409686046,5.495955371563161,-1.871995384787712,-4.168741866864604,4.5697675513330305,-1.2492514138846054,0.3229458814089593,1.2903190060646612,24.849870345781213,7.221013749157074,3.9640986851822846,12.676951817296489,28.63186719505844,2.8720297963022485,4.736231918286364,5.414676225447017,5.191483751308043,30.205525446213965,20.88277547321628,1.6649231374116953
semiprime,333967,-1.770799156991682,-1.5021370253943969,2.3220993298011994,-4.014912070008653,2.8422586979008067,4.919141534423863,-0.41065526433018795,-0.9868000827920118,1.0688368208105568,0.9259250923377235,-2.0903118361958017,2.2862066505810197,-0.14960375557483563,1.4313736120549667,1.4391704905845513,3.3775461435025864,0.23312531523225632,3.3855819830704634,-1.0081178353555367,0.5693483092423839,1.1577819601285444,-1.5877339108783852,0.18875592583942524,1.5989145603479475,-3.097703724620885,-1.8333767459250496,3.599588679006093,2.970474788473076,-0.9448493733547964,3.1171238036502684,1.1817075457093367,2.5336875686340536,2.7957119699706414,1.6239659501335588,2.159292303019981,2.7018158073922294,5.39214529746318,24.197953435693957,1.1424121495204183,5.226740849160884,2.071211700969378,11.462165364091332,1.3404590671990944,2.55652777129267,12.957038658028829,9.716460807283116,7.816005419037125,7.299808657074524
semiprime,335989,-1.0472706265545688,-0.504995626761501,1.1626677721052736,0.6832485355349183,-1.6684307016208346,1.8029114141913907,1.6987496526138917,1.686005029400536,2.393399954336868,0.5101314806365687,-1.7483808425918435,1.8212824323203203,-0.8819440246077125,2.5593421846306907,2.70703854434536,-0.25385357432489136,1.373540837444909,1.3968020866702573,1.2625742862832992,-3.7026785646711886,3.9120227992253924,-0.6073693097175694,1.3798802723537125,1.5076362440647786,-5.453725168242196,-1.963610611792384,5.796454506460137,-0.15433054152811954,-0.7239997353901793,0.7402658528484292,-3.893264876485488,0.8111318563444657,3.9768638758263255,1.0983027466727053,-0.5329338754021217,1.220773295456586,1.3517963482922404,3.2504895674216003,5.728363341419721,3.317069698278622,7.328057680571447,1.951056069326385,15.303922381659275,2.2729670444177525,33.598884845462024,0.5479935328934121,15.815446286852383,1.490287438899933
semiprime,340033,-4.786492673477744,-1.8989613441609352,5.149423880384448,0.17693620976655636,-0.7035600311007326,0.7254675317951995,-0.9258908110546222,0.5317586952016136,1.0677270737027833,0.1495499739135816,2.379818519132611,2.384512817894692,1.851439904612175,-0.12103820763911366,1.8553921332426815,0.1915652676592946,-2.693342202764981,2.7001461947398884,-0.6411320341886241,-0.20976251065345963,0.6745743814721145,-2.8285936851551243,1.1882766546530363,3.068052092728032,1.41908858260817,2.7206916488869366,3.06854614656713,3.58601094924589,-3.465455007135659,4.986868048644662,-2.881562824260348,1.7632565711923096,3.378235936996132,0.1116062606573976,-2.4393250862554186,2.441876908005997,26.516566299873624,0.5263031396890189,1.1400411039179088,5.685901378704084,3.4424799680988283,7.290789472968299,0.4550505961384858,9.412943643692858,9.415975453611983,24.86885293459302,11.412478046012133,5.9627628338529295
semiprime,341381,-2.8384170617267217,-0.14777295221921916,2.8422611177914217,0.39260660321747054,-1.631298016385005,1.6778775769261633,-1.3540541472167429,-1.3816670518368785,1.9345455475967663,-3.6115003389881655,-0.1507818360804786,3.6146465747847927,-0.17333609269681427,1.478815524670142,1.4889394739333182,3.9642134379844185,1.016766883508177,4.092530155942064,-1.2207886099869085,3.659499275240382,3.8577532030650494,2.472881820401617,-2.951530037398259,3.8505420474703276,-0.6142259466906679,-1.1871835514523168,1.336666861423213,-1.453612739579489,-2.814897719885725,3.1680655249040606,-0.5569149792083142,0.04479027808941033,0.5587132207831883,-0.17344743725412126,2.4749150661322648,2.480985408675048,8.078448261708942,2.815273163151613,3.7424664757264727,13.065669860603434,2.2169407570368262,16.74880307729517,14.882259775758648,14.826674059336982,1.7866782984269827,10.03663917008564,0.3121604630779237,6.155288598058495
semiprime,343403,-1.0463152463597276,1.4634356321904227,1.7990051262654592,-4.427258949418435,-0.27007496729541813,4.435488957619582,1.0189239298429509,0.3662883384707327,1.0827618028478159,3.695906158310328,2.2778741035237626,4.341478177135109,-3.8999397896556407,0.9407146285212071,4.011791915747011,-0.7206767597679302,-0.9925372301193419,1.2265827103145464,-0.7310964837738558,-1.6773232252010555,1.8297309284114336,0.1062050816906136,-0.8631651866982399,0.8696744557043844,-1.1657248082391112,0.75050185340821,1.386422504330217,2.2692679244522966,-0.5674455189330955,2.339139014660156,0.5858367090771415,-1.8803893171972217,1.969535131428675,1.7486982136535927,0.3084031729307989,1.7756852084502617,3.2364194443294005,19.673562293165247,1.1723731217062525,18.848432762540387,16.094474375253075,1.5045051452425784,3.3479152703853665,0.7563336589047173,1.9221673605132705,5.471571329905286,3.8790686339317686,3.153057959509049
semiprime,344077,-3.0603038334257118,-3.2777575818021836,4.484323172781128,-1.4126200283136952,0.7464650095799407,1.597718797198107,-2.688711969857519,1.4035629843511814,3.033011887199899,1.8991922390871352,-0.6913039160634562,2.0210967976258525,1.5579794889612222,0.8344537779632505,1.7673746619155242,1.7346007010438877,-1.0146443321896321,2.0095628163624273,-3.8178947641401266,-0.43022512346685715,3.842058574112407,0.4081155309420329,3.08775653921862,3.1146105265479735,1.41486625385645,-4.459311659494873,4.678387221341207,-0.4854429501603828,1.1258718749832153,1.2260678352924186,-1.1347580010496792,1.158085519158742,1.6213691099288394,2.178611089463807,2.8979287024789073,3.6255119698858755,20.1091543179418,2.552705354920166,9.199161107895893,4.084832265373476,3.1236131955810134,4.03834271290649,14.761414086910664,9.700798732083445,21.887306992808703,1.5032423367386372,2.628837790631437,13.144337043785761
semiprime,347447,-3.786185815818324,4.258489929344552,5.698240036207043,2.309583602282355,0.14099719651695203,2.313883451117878,-5.040205106897343,1.9144442049527644,5.391545616376743,0.6158776688669236,-2.984315495158059,3.0472026971715303,-1.2648197249000936,-1.3779631156491545,1.8704414678320929,3.9221761852707804,-1.2079005762654096,4.103960261801711,-0.2475127852670242,2.2532736134732634,2.266826979733014,0.21203628859366663,0.445290721770777,0.49319693285311117,-0.5118831026366484,0.32013279929811755,0.60374607241072,-0.4715180741420196,1.4350561600952494,1.5105348313991045,-2.2522867864778235,-1.495886890360003,2.703788704261766,1.0395682361721033,-1.2077401925932552,1.59353019753727,32.46993951023284,5.354056625357181,29.068764133471277,9.285444277649448,3.498551284585874,16.842489830447565,5.138504556045498,0.24324321457571624,0.3645093199513703,2.281715476869921,7.31047335729352,2.539338490463171
semiprime,348121,-1.2139357645066948,1.2372057308585043,1.7332968761344894,-2.9557927571172034,-0.10769261212819303,2.957753965720191,0.5130887915466019,-5.229819329583878,5.254928194380959,3.058616883375451,0.627451664879881,3.122312096993171,-1.0018886152360813,3.5597424318523108,3.6980463732178204,-1.3381148327623864,-3.112597033852633,3.38803949221477,-0.9250125319455287,-3.8193968471532735,3.929814303539118,0.8556546477942981,0.7352275218445203,1.1281420057641764,-3.716325563993916,3.1108175810730576,4.8464689950837325,-0.11891007024168554,-0.6435883403343073,0.6544811354188529,-0.7874099937065309,0.27372451998481373,0.8336303803424127,2.8998381309987127,2.0124274716735595,3.52972031678723,3.0043180608175795,8.748308521733515,27.614270328099924,9.748832831029892,13.675546978469475,11.478811600806916,15.443440460300645,1.2727043851696191,23.488261720307925,0.42834555661915086,0.6949396110298356,12.458925514740542
semiprime,350143,-4.194132841522213,-3.876641764822914,5.711313479848966,1.9036953476575564,0.4257981112480444,1.950733197604282,-2.054640706799272,0.3006741653995886,2.0765243528009374,1.9527778273839833,-2.286016706874826,3.0065285009847043,-3.5464644975207187,1.7556625458192112,3.9572416412151634,2.6213167531954484,-1.4921778602323457,3.01627191863577,-3.5731581114583673,0.6257394352500923,3.627534800702514,0.46969298524803393,0.9662363701879622,1.0743482784764065,-0.25277879115499546,2.148309535829612,2.163129903402526,1.7443301848464108,0.6918391200439323,1.8765204933038901,2.6412760059993445,-0.6243334143042637,2.7140617443390394,-1.3900249478226787,-2.4772244081005694,2.840565106393208,32.61910166510451,3.8053600082354273,4.311953387775352,9.039213627233332,15.65976140696728,9.097896287150707,13.159008730307827,1.1542242234652182,4.679130978994222,3.5213291617894753,7.366131152084669,8.068810123658656
semiprime,353513,-1.6398723227684011,-0.1568515644473789,1.6473565637867902,-1.631991853544938,-0.4367722258357106,1.689428124336316,-3.643303123947981,0.9165288356217756,3.756818169607804,-0.3309991818173306,-0.023677389953620676,0.331844959519891,1.799868318004461,-1.8659789421869881,2.5925669470317403,2.5476716315299015,0.6311655186102243,2.6246905825229656,1.6592341783260818,2.6536755300857706,3.12970475883931,-2.977244167079959,-1.3249010852966778,3.2587337596422254,-2.29743987564613,-0.7310631680393779,2.410950712451973,0.433733843583756,0.10728721070983094,0.4468059899462335,0.341501235701142,-2.002095295125541,2.0310117342716745,4.779468279409428,0.8957887786655645,4.86269005488362,2.713783648251421,2.854167387298523,14.11368275949533,0.1101210771587581,6.721403374841478,6.889000653984745,9.795051877501423,10.619345716231953,5.812683337872677,0.1996355926518337,4.1250086647492346,23.645754569864064
semiprime,354187,-0.46176747219441716,-1.018620663730134,1.1183994165569118,0.8252211237460234,0.9642527194741135,1.2691624049308556,0.4065909269031565,-1.2753610095457393,1.3386044548370124,-1.5402728303102515,-2.568959270313689,2.995328383386802,-2.9377501629938,-1.7165132660083002,3.4024687820099953,-1.175318764000225,2.965193125614375,3.189630773177636,-3.6575323582528667,-1.0007751764568398,3.791977571858646,-2.0925084555713225,-0.6627981456318404,2.1949699356689347,0.19244287421348322,2.549033855121401,2.5562879052232397,3.452599227100241,-1.2125809555135794,3.6593433832652824,2.1555636956615665,3.213755762221656,3.8697132898015902,2.641652802425607,1.2012178990203877,2.9019396908774686,1.2508172549548406,1.610773210089873,1.791861886509495,8.971992124322593,11.57679381255258,10.173744469201763,14.379093905478992,4.817893018490487,6.534607854390619,13.390793996647403,14.974680945267046,8.421253969490017
semiprime,357557,-2.706896645529361,4.269087867100478,5.054938245577548,-2.290570146091782,-3.003344010368457,3.777140034309426,2.8959685036998404,-3.675504370105131,4.679312550907816,-0.9518250401636641,2.8551774154313736,3.0096526345530212,-3.1556917633383903,-2.1550746839709385,3.821352823110449,2.646536938037463,-1.3226096669924612,2.958623682663718,-2.201543007496877,5.183362649271306,5.631521993894656,-1.5028643884381303,-1.0403394836404782,1.8278149827750214,-0.05399961240761908,-1.2738536719674785,1.2749977002823187,4.268593823328171,2.262558821297179,4.831155725950582,-0.8982359502905173,0.07862327773490074,0.9016703622699861,0.7795370179444276,0.5146067637435358,0.9340760588069293,25.552400666602615,14.266786838783013,21.89596594908341,9.058008980671941,14.6027373986942,8.75345409561862,31.714039967719238,3.340907611256852,1.6256191357252014,23.340065648385096,0.813009442196088,0.8724980836362861
semiprime,358231,-3.1493423442195656,1.3905041452159277,3.4426528984138187,0.596424737307613,-1.2077858258024434,1.3470222968762415,1.0285630464672435,0.3247761369576465,1.0786201739700165,-3.2993843545209423,-0.028557090959179687,3.2995079369963074,-1.5507357589303419,1.3030520919690445,2.025518735635434,-0.815976640416535,-0.09671664054374274,0.8216884970982146,-0.25838665103765,-1.0936460594356792,1.1237550288001568,2.891795565707051,0.2681988942474084,2.9042059570076115,0.4448806307668878,0.37189681983969547,0.5798499980498603,2.104098625942395,-2.138199972431341,2.999855021463214,-0.6776510422945167,-0.7165232699044957,0.9862132281801312,1.5689497663185685,3.417624330935002,3.7605530758958863,11.851858978957067,1.8144690682817455,1.1634214796951088,10.886752626301629,4.1027261484101665,0.6751719862635226,1.2628253647536412,8.434412240718498,0.33622602023842296,8.999130149798061,0.9726165314374756,14.14175943663001
semiprime,360253,-4.857410390474783,-2.5563434681830897,5.489018822049596,2.007526527974417,-0.6489054995864562,2.1097964612527353,-2.365238081822121,-0.06832290146753894,2.3662246728843246,-0.5624796513156408,0.7497234856115753,0.9372665912224414,-0.24150106557505446,2.0419004122064965,2.0561323055783514,3.210292145387601,-1.2958511064495584,3.4619655903581523,-2.3355559824092333,0.8072752284379257,2.471136386648269,1.3882502665359087,-2.4346859072211116,2.802665565021647,-0.1626521767432365,3.238537001043862,3.2426189473525078,-0.4206875127758477,-4.00805488055254,4.0300721964905994,-0.07673533730210685,2.1997913974854963,2.201129370219311,-1.2357834584272172,-0.8868597491332147,1.5210788838041776,30.129327628814735,4.451241107914565,5.599019202566529,0.878468663021735,4.227680058042947,11.985205748823871,6.106515041417063,7.8549342693581075,10.514577637729486,16.241481908926566,4.8449705044420615,2.313680970754963
semiprime,366319,-3.2787421921945863,2.1817288702475066,3.9382853154829225,-1.6575657690926775,2.6359126692365877,3.1137694003746894,0.20183502729760605,-2.395803763276577,2.4042905503234073,-0.8356122076664985,-1.3530223817480649,1.5902570003343752,0.8112505313389329,1.3619483513703856,1.5852541551430206,0.626494515913546,-0.29337441614681103,0.6917831499243318,-1.229914573223333,-1.3218499045163126,1.8055406468692192,1.2963034438690386,0.9717815607805661,1.6201117308568083,0.894095605360038,-0.22208851766084436,0.9212655758254099,0.9325423122981784,1.504833261474404,1.770355418854114,-5.261706608508132,2.523429267322081,5.8355164039865235,1.6928747462034368,-5.467700950402313,5.723773107781589,15.510091226148422,9.695559878709753,5.780613050374433,2.528917327112485,2.513030736398212,0.47856392651923046,3.2599770274969186,2.624762020459843,0.8487302612009241,3.1341583090661254,34.053251701195805,32.761578589363715
semiprime,367667,-3.7793488690194468,4.102762097155496,5.5781838173023965,-0.9700098562232925,-1.494187139780931,1.7814360302455579,-0.3317281253067481,1.601389032255336,1.6353869211129246,0.16698063073871308,-2.4208550407451495,2.4266070261464043,-1.5438736307613476,-0.7082937730120131,1.6985952598096519,3.4421504586248535,0.0015474713367182868,3.4421508064695288,0.2561925942852834,2.4094053879322135,2.4229876121770424,-2.3257624998457476,-1.099383346659663,2.5725114088379355,-0.19209409625880075,0.7555162439588033,0.7795543192767925,0.8900233494729749,-0.6849047470100635,1.1230476726675553,-0.09503922205221066,-1.2429938373493752,1.246621888712377,-0.5818426562898564,1.905058307331457,1.9919307294710409,31.116134699614335,3.1735143298570523,2.674490381747211,5.888421659343096,2.8852258566478186,11.848402174478828,5.870868968763405,6.61781494860134,0.6077049367031034,1.2612360750840126,1.554066133416814,3.967788031011033
semiprime,368341,-3.8488982220049888,-3.938293172076462,5.506738656643988,2.2275288645081854,1.2023032271847873,2.531287793261778,-1.0175042284830405,-1.3906311296904068,1.7231279098908718,0.781360434935112,-0.02621258282914951,0.7817999928246114,0.2305187903503963,-1.0415755266810072,1.066779494781104,-0.48924440192037244,-0.3135460018908507,0.5810948116376193,1.1487112826468278,-1.8286982599428667,2.159554337542399,-2.751518580540566,-1.3597435111155363,3.0691622497158373,-1.5591144539854405,0.10715393458659273,1.5627923234786207,-1.0841197864549619,1.7892894437417126,2.0920976136090492,-0.3896274114275987,0.6465498631718576,0.7548749865397045,2.084433499181862,0.4598316109426457,2.1345510354483563,30.32417063257724,6.407417892316081,2.9691697938448844,0.6112112287805624,1.1380184904854276,0.3376711801121603,4.66367493679819,9.419756915080779,2.442319846323706,4.376872424868679,0.5698362453033191,4.55630812293365
semiprime,369689,-2.3925580348088236,-1.3391786961978291,2.741848560784927,2.1773894839737893,-4.228447916968951,4.756132541407851,-1.911707382769977,-0.5339878659322277,1.9848849231882666,-1.4445470814225312,-1.5767236769803787,2.1384045042968083,-4.280487598516464,0.7303467769238785,4.342347348568093,1.522821937955694,3.1379379293048415,3.4879279096462263,0.0608283945271505,0.6120949259762001,0.6151099836505344,0.6497823492365481,0.5810372456461514,0.8716773383583134,0.9836011817399153,-0.40810554443216196,1.0649044183007361,1.5707063376591652,0.5179431017114002,1.6538994696695122,-2.0237568260320176,-2.1689082085703135,2.966438016900888,0.4834029267268234,1.360164588034157,1.4435117235790593,7.517733530278376,22.620796751438704,3.9397681583000908,4.5727738239968785,18.855980495616347,12.165641102889094,0.3783602919865607,0.7598213822074336,1.1340214201164291,2.7353834557730936,8.799754508114873,2.0837260961101864
semiprime,371711,-2.116854323361404,0.8070851041936175,2.265493012954374,2.4270817092153485,-0.9641688379808508,2.611579439982832,-1.629441108543312,-3.239599666667126,3.6263044999669583,-0.7558678465790144,0.9244482054341822,1.1941275836452638,-4.457470716243653,-1.9394438402380412,4.861119993952729,-0.1728817868271241,-1.950730855245148,1.958376618993907,-0.24833274104714143,2.585591775156673,2.597489938004346,0.7852583832358151,0.6879472978217914,1.043983818371928,0.2748134224063602,2.75659580230676,2.7702604271854923,1.621808147957129,1.014371161997162,1.9129063027424018,-0.04198723339156263,0.6074025952235018,0.6088520677899705,-0.26841410484588524,-0.625071939518018,0.6802654344100063,5.132458591745088,6.820347171341042,13.150084326480611,1.4259406860224766,23.630487595606983,3.835238981822006,6.746953978033822,1.089902213022431,7.674342834429946,3.6592105230716054,0.3707008404521228,0.4627610612530346
semiprime,373733,-1.227087364978336,1.1820713190511247,1.7038298050605707,-2.2891375859462397,0.471750898854003,2.3372419211458064,1.338925653154048,1.2638513781652048,1.841206726786561,-0.013122615092397427,2.041916812355113,2.0419589789232617,-1.6086180027349541,-0.5030558210081988,1.6854426830281786,2.7596781160344523,-0.508829987233039,2.8061951571526595,-2.6035342214488697,1.1123626548382495,2.8312084201157233,0.439875707520366,0.0990597707037747,0.45089186756741023,-2.460478988062805,2.34105182890726,3.396245061288804,-2.0204974029042857,1.0383013718649339,2.2716688785911487,0.7244728199392815,-5.834044803605365,5.87885529991218,0.9365683562899649,-1.837176378165838,2.0621293195370245,2.9030360046127424,5.46269979796134,3.390042210764082,4.169596471605329,2.840717037773225,7.87473126002704,8.01574111813417,0.203303476238427,11.534480516328593,5.160479493959567,34.56093963730553,4.252377330494232
semiprime,376429,-3.42984122052707,3.7900158489439715,5.1115585620506305,0.37752139616637304,-0.7442432236258626,0.8345180528163685,-0.16945183082044446,2.1154201591035164,2.122196120180684,-0.24422558140277723,-1.637728347293836,1.6558382391228086,-2.1776032479787326,2.321008362375695,3.1826146049789683,0.5356817420423363,-2.352822233324783,2.4130328199974675,0.9953316850676001,-0.178251948967308,1.0111671081528275,-2.3551336737579627,2.5277293110917975,3.4548618049672104,-1.3994801644977868,-3.6018183188781188,3.8641480216250454,3.5169037204707077,-2.608157501147536,4.378481167009043,-0.12156083119924221,2.4203696267387738,2.4234203444143656,2.3865056786840912,-0.03442240416878184,2.386753916158969,26.12803093327311,0.6964203804764232,4.503716372509947,2.7418002741413234,10.129035723825435,5.822727390384931,1.022458920610152,11.936070091421291,14.931639933028753,19.17109732985287,5.872966165721443,5.696594256300174
semiprime,378451,-3.1236599018041447,-4.555423906920246,5.523507776212468,-2.3948529191864503,3.2799377520955986,4.061195902952453,-1.009686014930875,1.312914045374921,1.6562636080315631,2.626534441539097,-1.32460985545388,2.9416448530977775,-0.9148128457245499,-1.7201341933869774,1.9482669698893211,2.127537013247786,0.9585866516327051,2.3335171118780575,-1.9309093590640014,0.06832143248709877,1.9321176907885405,-0.5465602003230488,1.4598120565653125,1.558774933423879,-1.0510401015212616,0.25688443807808303,1.081977314703278,3.8143227265835353,-1.891694941002289,4.257648131579841,-2.754192914434612,-2.5537239221850365,3.755939893110904,0.859992891441063,4.4192476660438516,4.502148121415286,30.509138153879604,16.49331216215779,2.7432091392897315,8.653274441756645,3.795744185961717,5.445302111427711,3.733078771058042,2.4297792930706184,1.1706749095325164,18.12756761234531,14.10708448066195,20.26933770716319
semiprime,380473,0.051719091992110666,0.1273627685778297,0.13746322888794008,-2.589010515975983,0.23856597351719097,2.599978687519271,-1.0244672299658937,0.624248466107652,1.1996746445231505,-0.1698846477463828,-1.2223165707894499,1.2340658786168561,-2.123018181639607,-2.9236709566371184,3.613178387826395,2.074319102278185,-1.9805559731168718,2.8679961123971376,-1.1724728315261732,-0.06928836033630859,1.1745183768443543,1.1989554871653072,3.3902340437564376,3.5959951517832898,-2.2380175177831605,3.696874019385554,4.321527499057734,-2.0609051675151977,-0.4578631989773251,2.1111534331896853,0.8150955881705431,-0.635375158109789,1.0334807252184837,3.2755652711270864,-0.45748305122233757,3.307358249051584,0.018896139296298204,6.759889175554431,1.4392192527117476,1.522918592766393,13.055058062255746,8.225401700725095,1.3794934175450968,12.931181131648925,18.675599925112195,4.456968818468595,1.068082409398123,10.93861858756956
semiprime,387887,0.23995755951829179,0.16642742449505665,0.2920234887710787,-4.212993127714815,-1.480829502068743,4.465665360096905,-2.8697627603479234,-0.7600015749168981,2.9686934322283762,1.2175858469839205,0.048566311117174105,1.2185540535204342,-1.079950772869973,-0.2544689191381846,1.1095260711807577,2.7648700624598863,2.1721374189560727,3.516061351728107,0.5195540636913438,2.477397910502877,2.531291534387576,0.4820626375476429,-1.436071808296898,1.5148223080957428,-1.9356146706936947,-2.590428166696736,3.233716474927954,0.5044850726287631,-1.7390285036906663,1.8107250827096435,-0.6057534387658688,-0.22054296869654122,0.6446521772383608,0.8791741048163154,3.822741275336389,3.9225371846217154,0.08527771799403233,19.942167108369418,8.813140694555896,1.4848739813510812,1.231048102629808,12.362687429116084,6.407436832062208,2.2946866251045135,10.456922240220473,3.2787253251538453,0.4155764296181589,15.386297964740054
semiprime,388561,-3.4989790321325858,-6.14301307696486,7.069615543370429,-0.6397641330465038,3.3990599506596344,3.458743513779393,1.2665743062258492,-2.9932990246013667,3.250238379545566,-4.375823833194603,-0.12432310276459824,4.377589571103591,0.3403231050872202,4.666507917021822,4.678901148291503,2.8764173706280953,-1.041498575789939,3.059165927736434,-0.2802638887531769,1.0144149933488276,1.0524189403797115,3.420032757860232,-2.5230843739748807,4.250009273287916,-3.917379521844207,-2.0216762102896486,4.408291848030874,0.3584247900241022,1.4917550386174476,1.5342103588961862,-1.8613847603269655,-0.6155544343236248,1.9605255641263526,-0.19762638985685216,2.643281766914744,2.650659293321528,49.97946393106477,11.962906694111021,10.564049523870986,19.163290453034918,21.892115955483547,9.358496173423518,1.1075856260699548,18.06257882303328,19.433037017415458,2.3538014253443644,3.843660487592953,7.025994689271783
semiprime,391931,-5.865930155393273,2.38312859967588,6.331543138172974,0.8003923889847373,-0.19020966742564072,0.8226832281789073,0.7813427279093185,-3.2601778736630926,3.3524999964771336,-0.2791234370061055,3.4756729780751914,3.4868628512759385,0.4399626331399459,-1.5811651165588518,1.6412343660739017,-0.3880987971726541,-0.5301952812901435,0.6570599003661654,0.12131854444112655,3.302876208492714,3.3051035441953287,-1.3275023780962851,-5.0621852116270105,5.233352814464786,2.164163795520934,3.241875512363674,3.897866310112086,0.18881088019135883,-0.3389718351522254,0.3880096049134649,-3.017432722277266,0.16079975185442863,3.0217142144263143,2.5549557819235664,-0.6876864693495865,2.6458858115404684,40.088438510545274,0.676807693926868,11.239256226379181,12.158212543608167,2.693650244382002,0.43172771266919513,10.923709437852523,27.3879816806665,15.193361771506808,0.15055145350510316,9.130756793666038,7.000711727711163
semiprime,394627,-1.830976346882094,0.27173990723603214,1.851031323350944,-0.27524190971085927,1.6510160199453296,1.6738016629748573,-3.0020870842579304,-1.2900972721622903,3.2675492089804656,2.468995585527498,-2.912329709351999,3.818062799028923,-3.3758284678165413,-0.5011464851802161,3.4128237053397674,0.7426038059390991,0.6260494766024323,0.9712869605576998,-1.1099908422833882,0.39590745179718645,1.1784830844528602,1.5533813555741731,1.894546379577037,2.4499591058248122,-0.09171771412563745,1.1874996839799055,1.1910363716263275,-1.0348819356446102,-0.08556786579618714,1.0384134438557937,1.7109361605172764,1.6970150486847302,2.409805515145991,1.4656404520356654,-1.5928155543221416,2.1645238101563726,3.426316960026347,2.8016120069773978,10.676877833108867,14.577603537328573,11.64736564372906,0.9433983597494147,1.3888223803415272,6.002299620213914,1.4185676385368073,1.0783024803804497,5.807162620828036,4.68516332473386
semiprime,397997,1.4758787635290909,-0.9311686304786633,1.7450768301205732,-0.6535599628305555,-0.5825452357932764,0.8754996155113496,-0.14829842048012076,-0.7128651379467776,0.7281271361628935,-0.21079063516391883,-2.827524627126656,2.835370912046701,-3.652127289956173,-2.3395385817202725,4.337219675944524,1.7539393508219885,0.904040209156199,1.9732186767140234,-1.082361048223471,-0.5730573415931792,1.2247041093526436,-0.6491923237987048,-3.4957684445755217,3.55553760933127,-0.5238927034160553,-0.7053805425093247,0.8786496881256671,0.6527281864731292,2.0742677038921773,2.1745437665925755,-2.7745973663074284,2.002963121317817,3.4220245192691605,0.11618566442351452,2.669613972550099,2.6721410649612523,3.045293143023668,0.7664995767605209,0.5301691264167768,8.03932820888054,18.811474517400317,3.8935919461330415,1.499900155465252,12.641847691369124,0.7720252744433321,4.7286405928266255,11.71025181047933,7.140337871052255
semiprime,400019,-0.4158388792385096,2.5928494832321087,2.6259837044778767,-1.7391744429633746,-0.11408422228853243,1.7429122045680168,-0.7026568655001042,2.064968727768952,2.181243342063915,-0.22000854821423627,0.518746470065586,0.563472857813792,-0.8221779567535011,-0.8022107103973547,1.1487030149031519,3.3486618523112694,0.7887976247183843,3.4403107263568664,1.0108048525861475,0.7434369498204378,1.2547609128316117,-2.5102799112306657,2.079953452032077,3.260017115806049,-5.619564585681167,0.9614139688997991,5.701212410727881,1.4458315100715269,-0.04651144090071124,1.4465794377255512,-0.9729180667555252,-2.4226904310768695,2.610746730238446,1.5856926194423777,-2.2821790812468916,2.778985865785383,6.8957904161833525,3.0377429528321445,4.757822517298156,0.3175016614928418,1.3195186164475907,11.83573789388611,1.5744249483700195,10.62771159534839,32.50382295223762,2.092592069650372,6.815998489450737,7.722762442234934
semiprime,402041,-4.3676431756541705,1.4946550606312874,4.616308120144188,0.3441868551751789,-3.726108746646501,3.7419715369188657,2.4747513141710273,0.8747114579480872,2.6247884108356043,-2.1844981142694255,-0.7420971901791711,2.307106467183189,-0.7059211188034191,-1.5181994124379654,1.6742921136706268,-1.8164090550425818,1.260532585850875,2.2109464614125276,0.6095984311274601,0.6766886795403488,0.9107786867571737,0.7322741830122235,0.9271118838947908,1.1814236853750508,-3.6133477619763115,0.2670325087362927,3.6232014034140057,5.565185202512719,1.4540884875311306,5.752013531611092,-1.484883336594311,-0.04066207670616695,1.4854399778441105,1.1287554409783505,-1.4879016692495233,1.8676028011581445,21.310300660109167,14.002350983110938,6.8895142016568975,5.322740250918495,2.803254081899655,4.888284255232578,0.8295178162511219,1.395761924365167,13.12758840970122,33.085659667837106,2.2065319277775117,3.487940222893748
semiprime,404737,-4.729340769620155,1.7481470192121105,5.042091045981969,-1.4430045469937771,-0.3070296018921389,1.4753065102149996,2.513788667306951,-0.09530629081576114,2.515594711584105,-1.1864908488621242,-0.9973827111673016,1.550010582857098,-0.30312534689051385,-0.6210470038580276,0.69107478388994,1.95506082161156,2.576672523494223,3.2344248498814365,-0.9328303638424464,-1.3335516588227136,1.627431262589988,-1.408714761571345,-0.2797707732520043,1.4362273375183454,0.0406456087420235,1.3360006476108852,1.336618792298954,2.347893551891738,-3.0278676058470415,3.8315253319732463,-1.516193585515869,1.5998799187610324,2.204191176648313,1.6189030255710097,2.9143788914602613,3.3338343283960756,25.42268211597155,2.1765292990827607,6.328216752949917,2.402532806969001,0.4775843569285273,10.461504109530553,2.6485325144552427,2.0627489650350355,1.7865497959267145,14.680586369552696,4.858458743214275,11.114451329192113
semiprime,408781,-3.1254119667295055,-0.7204707884612693,3.207378699000478,-0.07560981114736476,4.028705183238115,4.0294146345333335,-1.7563491458497533,-1.5370704397335668,2.333955410634466,-1.545742436079482,2.059823131069247,2.5753040616565746,0.16311879077005598,-3.448205833636044,3.4520618782148054,2.028901792405231,-2.5847416175484104,3.2859293529703177,1.1036964913551683,1.419384847882078,1.7979986906076821,-0.43008396429575874,2.316507354146662,2.3560939153946987,0.2974073117269589,2.0796509413268,2.1008091647815377,0.41461845413124343,-1.1141391558994522,1.1887869957290609,-5.309636443110975,-1.373403666539643,5.4843848141133105,2.09731425937597,-1.105658474047833,2.3709086367499603,10.287278118801998,16.236182296991398,5.4473478588298985,6.63219100998485,11.91673121102393,10.79733171271193,3.2327992914269394,5.551178538159921,4.413399146830102,1.4132145212145262,30.078476789276692,5.621207763815556
semiprime,410129,-3.5886421279407164,3.39797090898145,4.942120862617091,-1.2943603745195427,-3.687509889492595,3.90808111024222,2.1215999168777193,-1.7044698194458425,2.7214708472988076,-0.33652131483306236,0.10407914610638747,0.35224858266742226,-2.7312853056229867,2.5348296774449097,3.726295870481505,-0.6522658054020269,-1.761204749892606,1.8781088498649463,0.6128478665121969,0.12226169271506293,0.6249243386155672,1.199627240493877,3.919776230923333,4.099237882417473,-0.20960821051305512,-1.8340869811570637,1.8460256380571523,1.207753104735914,0.5438171504149241,1.3245394124315997,-0.3115384579407865,-1.4843522043271955,1.5166930069289326,3.1278292281274855,-1.3759025396552234,3.4170782079077844,24.424558620715096,15.273097964232063,7.40640357269729,0.12407906399120781,13.885280914367517,3.5272928519410316,0.39053042899410406,16.803751216646486,3.4078106563643162,1.7544046550846473,2.3003576772671273,11.676423478958275
semiprime,412151,-4.292326675932911,2.1413278974885874,4.7968065895435235,0.3232201320597311,-1.6656369131294546,1.6967078652932943,-1.4445978933041215,-3.040246915463823,3.3660012448491456,1.131294786490794,2.436284670911667,2.6861330740788736,-1.3933791675778147,0.706278832693625,1.5621572565369062,1.3032867570235378,1.416035905190276,1.924503586855835,-1.6623060993559182,-0.27557332339221396,1.6849932416841669,3.907369906370561,-3.1519061266770674,5.020164520869284,-0.8789402864494604,2.131375392536443,2.305492808718721,-1.8808005449711604,-0.5772760225217821,1.9673988655436354,-1.453848876322048,-1.6276261953796256,2.182394003627401,1.3851376095816008,1.8653840848357022,2.323416445976864,23.009353457488167,2.878817580148128,11.329964380325999,7.215310891660419,2.440335294150913,3.7037140558209742,2.8392022245213173,25.20205181659473,5.315297091053737,3.8706582961423837,4.762843587068836,5.398263981435761
semiprime,414173,-2.8188830609607343,-2.3942276417325288,3.698435846652942,-2.8005994194282446,-1.8379956668851318,3.3498634568576584,-0.5344059992450509,1.5858403420264455,1.6734632838600478,1.6768095544666048,1.9721515444466302,2.5886428869609888,-0.6799478301378012,1.3817246823257283,1.5399649831919033,2.8336932282505685,-4.021685242322828,4.919732665516527,-1.7467649780687047,0.6003720575511751,1.8470610428720522,-1.4399451110798256,0.16378826871036506,1.4492303198214664,-0.1853972887902698,1.2014180280022502,1.2156386933211687,1.4628821633598326,0.5091558535826056,1.54895574730648,0.7631741277976657,-1.576362469351981,1.751386132216766,-1.2660873117372176,0.787866774091407,1.4912112977908847,13.678427711807464,11.221585179590342,2.800479362427655,6.701071996213723,2.371492149457239,24.20376950015035,3.411634496095593,2.10026851988983,1.4777774326995985,2.3992639071137756,3.0673533841212035,2.2237111346591747
semiprime,414847,-3.5077918028856265,0.45866470054365605,3.5376512886258866,0.26084549776496113,-3.548614729144265,3.558188706294802,-2.44695944761077,2.7296466337558662,3.6658670575221817,-1.62448449977302,-2.5260756651079266,3.003332841336979,2.426753921536081,3.687570332603119,4.414443289202549,2.1116940080704465,0.31926824080550775,2.135692813423239,0.35988562236949784,-1.6039379456477012,1.6438170806622154,-3.271171317522067,-0.5855902719156278,3.323172844608188,1.074778561581109,-2.2340820072694703,2.4791674755126047,-0.5922156730384347,2.86047080917273,2.921132084230643,-0.5029254679764731,-0.6113333914188859,0.7916202004768897,4.039494181433414,3.5824863384816545,5.3992334277415805,12.514976639916396,12.660706869603878,13.438581283426338,9.020008155853253,19.487309553585423,4.561183793307671,2.7021345946768487,11.043477755141275,6.146271371639542,8.533012653521661,0.6266625418030711,29.1517216072421
semiprime,416869,0.6424597603984568,-3.2836011045087448,3.3458617361245357,1.0946313739948708,-1.3539892687182031,1.7411217030230692,0.11764403995316886,0.09082405755574763,0.1486241217548233,-2.3559462563838967,-1.63031589098673,2.865032751535862,-1.8266128174779945,1.9334870741786814,2.6598659084606004,0.053243439138136894,-0.4235207144328593,0.42685437723534714,-4.570575297634178,-2.3900758530171915,5.1577728851239275,-0.6395313014948705,3.073057117772497,3.1388979490712865,-0.4820072494408606,-1.5209711455771706,1.5955200450611315,0.5090587728144509,-1.975924398452988,2.0404455549171505,-2.186186138847262,1.8348396483283285,2.8541279524165564,3.0132463631592765,-0.7429575785616036,3.1034882968419146,11.194790757262293,3.031504784737953,0.022089129567392545,8.208412667373151,7.074886650990935,0.18220465936497604,26.6026211345196,9.852680334683928,2.5456842141918754,4.163418062581158,8.146046368765525,9.631639608634728
semiprime,420913,-0.9361252058118145,-1.4619996756921152,1.7360223076562298,1.5890358152728234,4.294797921909897,4.5793366345204785,-2.626703579910989,3.016054121834346,3.999519241427794,0.5751978966171917,2.496865193807267,2.562262362897102,-5.15977673742025,-1.084897004881343,5.272598741723447,0.53013898907345,0.4740218991367964,0.7111568804399453,-2.5750094076457897,-5.6442936668653685,6.203928146527877,-0.18537954927288414,0.08997522233294453,0.20606095681249392,1.4448767831902192,-1.9621025203372837,2.4367017090559187,3.2619447400416433,1.199199739552363,3.4753940067894176,2.2527026063033375,-1.6089571609461761,2.768286867036332,-0.12866941990699032,1.470289751022475,1.4759091339174417,3.0137734526800615,20.970324012261344,15.996154162551157,6.5651884163190415,27.80029749122367,0.5057441085970746,38.48872444728082,0.04246111792248049,5.937515218916035,12.078363502427802,7.66341217820583,2.1783077715809327
semiprime,424283,-1.0558792459298707,-2.4667350365891423,2.6832187243536203,0.3435854077281012,-4.8751080766606085,4.887200598658212,-2.783133149742659,1.8349257777156454,3.333584068074759,1.9811963214502173,-0.37074689136632333,2.015587289497943,-0.9616377312295936,-1.7080724671160121,1.9601680231664276,-1.1605352543462013,-3.6483829261175207,3.8285166908564263,-4.929835552814793,3.123262593165352,5.835927330224623,-1.1845594577249692,2.5105518346450646,2.775977597770806,2.6126637812891658,2.606558892384158,3.690550269746658,2.0141203350097383,0.6918160688306341,2.12962207844303,-1.225882132143434,-1.1042814818770554,1.649916541260532,2.809514006387364,0.7286064937897512,2.902453509512146,7.199662722721869,23.884729691525184,11.112782738921858,4.062592121585665,3.8422586790441806,14.65754005216624,34.05804780366269,7.706051623325374,13.62016129352713,4.535290196992012,2.722224593125117,8.424236374879374
semiprime,430349,-5.644291815896319,0.46409626000141324,5.663339601466742,1.5356976035280065,0.8328324476618345,1.7469908458146153,-0.7265975240225937,0.04741584226289319,0.7281429969540757,-0.5297127690125336,-0.662296907458353,0.8480759466485439,0.9723116013302442,-1.9001715098813805,2.1344886078511336,0.13877647912679436,1.59700767655421,1.603026022911639,0.9471688080354823,1.4724771692445167,1.750804890575104,-1.0632400457414424,-0.6767105001552696,1.2603239646569684,-2.1436151624980577,-1.6948846122078787,2.732712903616226,2.5021117365456513,2.370604027035532,3.446784965029959,-0.59307771505754,-3.1913039764223186,3.2459455087888913,1.6215910096773154,1.640216243940471,2.3064836287198056,32.07341544154148,3.0519770153600647,0.530192224013263,0.7192328112838239,4.5560416170462705,2.569692430131907,3.0653177648617014,1.5884164958886593,7.467719813590626,11.880326595156577,10.536162246026775,5.319866729552482
semiprime,431023,-1.1663353689135856,-1.8308114068118033,2.170762216386448,-0.35904589403772263,1.0011567586568604,1.0635924075648804,-1.2351976514328453,1.2360844658129135,1.747460455841337,-0.784972736380656,0.6539058173416897,1.0216530794816008,-0.8799392783866463,0.484270739005047,1.004395978837085,3.964024842800953,3.6807945383240463,5.40941229596148,-1.8517721085253895,-2.1568576598024767,2.8427266675783627,-2.1241968925752173,1.678551076613525,2.7073503938771264,-1.2535935523371806,0.7618193797480011,1.4669238432246512,-0.7951607896109799,-3.922774016827318,4.002553768337196,-0.6428606118307335,-1.3071717397449802,1.4566975401336077,-0.6443531257203583,1.0741320456331165,1.25257758325845,4.712208600091005,1.1312288094296585,3.053618044729213,1.0437750148142382,1.0088112823041062,29.26174138769925,8.081094906561184,7.329746155226632,2.151865561820981,16.02043666843029,2.121967723431304,1.5689506020815793
semiprime,432371,-0.1516314472519209,0.7589354913787075,0.7739348653924001,-0.18107254354967967,1.1669926108898871,1.1809568238928747,-0.24024786886068528,-1.975066458959005,1.9896247273787495,-2.63044198086483,0.8069517002069507,2.7514352729371954,-2.2578838822128926,-0.6178427542074383,2.34089070536909,2.2241290890130987,-4.05782605693432,4.627386142621919,0.38697203550466486,-1.2175703612942237,1.2775855904653786,2.2249129807414554,-0.9764322878970031,2.4297443867040016,-2.1108775808966374,0.6471341747032341,2.207846643587565,-2.0455344172642635,1.472994597848244,2.52069913664895,-3.2576624528672022,1.3729801021032069,3.535171709774801,1.444812299252311,2.1632047670360253,2.6013337817739064,0.5989751758699524,1.3946590198991462,3.958606555796963,7.570396061162978,5.479769294483397,21.412702512929364,1.63222494096477,5.903657784719605,4.874586801600876,6.353924137502761,12.497439017592091,6.766937444198134
semiprime,434393,-1.8541618533259405,-0.07533038602612951,1.8556914736528625,-0.8555184047783804,-2.0457772665824687,2.217457184565281,0.839367152972125,0.8641152617801112,1.2046710767383106,-1.355128735970503,4.246346482536125,4.457334667803163,-2.6487331063157384,-1.7370932412093631,3.1675353190056574,1.9373862039607173,1.992380433752165,2.7790367208973294,-1.2070746643238606,0.884934480150588,1.49670914990587,-1.743321730051477,-3.1482959550239005,3.59874117920274,0.8399656303921654,0.8606587285740511,1.2026120352427918,1.887695787709505,-1.6012137345188826,2.475334484579431,-1.6567434382952044,-2.8946785496519327,3.3352605184826616,0.3903691851431267,-1.4658399907265192,1.5169294575300563,3.4435908453879325,4.917116365380182,1.4512324031298407,19.867832340799936,10.033279997148272,7.723045096095781,2.240138279411952,12.950938074889528,1.44627570731081,6.127280810548117,11.123962726149232,2.3010749791224305
semiprime,435067,-0.8820564529682213,-0.07787543099973726,0.8854875318017046,-3.058115322424864,5.236677066159548,6.064227569978811,-0.9563473739342747,0.40905635489749037,1.0401573924714496,0.661036757586157,-3.2895700615478636,3.3553302050188796,-1.5129985818707752,-0.31595131155408274,1.5456357721066507,0.21291232265633198,1.19074918998127,1.2096343623508572,-0.33576383110685043,-0.06980911308898818,0.34294410995061675,1.9729239834876835,-2.8553089681335346,3.4706221845837235,-1.6058153824280987,0.34938014775993087,1.643383561464411,2.2078351560272678,2.3086125027973345,3.1944056981326154,-0.5602466805870783,-0.5312924118075396,0.7721061908527297,0.7440434443137294,-0.6152216708292259,0.9654524075707419,0.7840881689762748,36.77485602049111,1.0819274011130051,11.258240784712036,2.388989940015722,1.463215290579965,0.11761066254982071,12.045218348124697,2.7007095300914514,10.204227764262122,0.5961479699531118,0.932098351284142
semiprime,437089,-2.0991808375804646,-1.3613719256143604,2.5019779592786127,-0.18132571006483017,-2.798248238276569,2.8041170118503325,-3.83651289733753,3.285520238097722,5.051086461978939,-2.1426446108233717,0.1526852350008785,2.1480779104300924,1.7484691133416628,2.107270655612251,2.738199016929607,4.743459128146994,-1.26787572055251,4.9099809921391335,-0.7938737830778861,-4.8009645419682325,4.86615825027245,-0.02197309102088496,0.6549836446072421,0.6553521125562944,-4.507348262409965,3.303625644261472,5.588392501969789,1.5239574924569368,0.6513249172728867,1.6573082352646917,-0.057072060930263735,3.8628616732192085,3.863283257355682,2.9451332223635194,-5.607792002409465,6.334125104523661,6.259893708715971,7.863072216148438,25.51347444638692,4.614238709277712,7.497733856314266,24.10791334316759,23.679496116694636,0.429486391431998,31.23013075607216,2.7466705866761667,14.924957526564729,40.12114083975688
