label,n,f1,f2,f3,f4,f5,f6,f7,f8,f9,f10,f11,f12,f13,f14,f15,f16,f17,f18,f19,f20,f21,f22,f23,f24,score,pred_prime,is_prime_label
prime,100003,-3.165897244620192,-3.5564057803342988,4.761399735150257,0.05800212208327299,2.219971022657394,2.22072861637902,-1.208857449901777,-3.0021173122485907,3.2363628799449744,1.134758915794042,-0.04306321052465334,1.1355757293438253,-0.9652758089864341,-0.024231426964061442,0.9655799032017648,-0.23741939984220062,1.4436131994517742,1.4630061657603561,-2.2498540851046687,-1.6405299636151232,2.7844536206913557,-0.4588319598392677,0.6273115673276016,0.7772043295510875,0.3244153110002924,1,1
prime,100019,-2.5383228558262334,1.9529662529101781,3.2026801441005417,-2.5310967797144435,-1.3234352548583417,2.856209337930746,0.7498616830073738,-1.6460122778838349,1.808770013735019,-0.39791419677470286,0.10193230108655224,0.4107625859297028,-1.635608155869773,0.5406659491682437,1.7226531015087505,0.8713613387668548,0.6757402575946858,1.1026765067016246,1.645937061132414,1.8834657100156633,2.501310034764586,1.661882272822297,0.06954575393944673,1.6633367971075521,0.10341078938153839,0,1
prime,100043,-1.9050888569526938,2.583033172595763,3.209583138604678,-1.694522855573359,-0.9976213997722944,1.966381490287203,-0.2787733181862061,2.468636885589765,2.4843274010940837,-0.24493499939833607,0.07776042641889935,0.25698217418161895,-0.8558675260097083,-0.1317468999777014,0.8659483054615403,1.2773663146288954,0.0885518959197788,1.2804320130407525,-1.7229533356011117,-1.6685917239003665,2.3984925552787932,-1.3732230074591594,-0.35217687483481885,1.4176635635381187,0.1842635250872664,0,1
prime,100049,-2.8302594146276636,-2.0416550417540416,3.4898028115651782,0.9923698622478971,-3.040973113743631,3.198799059336104,-1.3091137528305528,-0.7028722189847556,1.4858695010231038,-3.431138142261061,0.27498300052862756,3.4421395384060784,-0.1670479447592802,3.0146851062712097,3.0193097399607334,2.2613100440503477,-0.9186745827769963,2.440796202955805,-1.3465560221639223,1.7283600640870553,2.190991015946194,1.7936485926943027,-0.9120553641447068,2.012217746999411,0.2548805571767288,0,1
prime,100057,-1.7017296298434563,1.2613053319923364,2.1182008577090716,-0.43691687894596,0.3642310140076539,0.5688238661245874,-1.7626606237326206,0.4967284289191014,1.8313141747264203,2.254403213761146,-5.3055959641040955,5.764692739820072,-0.9085263830552733,0.6566562153987634,1.1209895512132682,-0.24813037523874604,-1.8129353672181767,1.8298369678270867,0.14865010440408932,0.620401593168816,0.6379615900238444,-1.0837231017083164,0.8599624351909977,1.3834706903711134,0.5048425430301829,1,1
prime,100069,-2.6247870914803766,-0.13849052659641103,2.628438110657918,-0.3275076776404836,-3.227718239988284,3.244291342599572,1.6839509767639886,-0.5363290103761565,1.7672972866825374,-1.353646104727073,-2.605271416061623,2.935949067710561,-4.6010295081479065,2.1958622385908004,5.098164719358993,0.31680007340529526,0.4340987490028183,0.5374048849753901,1.3763621374259658,0.2500441168324483,1.3988905581575322,-1.5713356153153852,3.875329334857468,4.181778696866371,0.21230161266474357,0,1
prime,100103,-2.8233904894675046,-2.0481751156077124,3.4880589387523577,-2.2127609523406995,-2.8654402671304595,3.6203672405843577,1.6137529731158975,2.300095565822172,2.80973989368326,-1.5043451105456884,0.4595264509111319,1.5729649616916774,-0.7382464190255044,-2.2529265912792136,2.370798599817572,1.2019173819412634,2.2593461010063307,2.5591502881122574,-2.5967852127307576,1.3204872547596325,2.9132421854421504,3.927880505804611,-1.1627285237292324,4.096362152907559,0.20876471457542456,0,1
prime,100109,0.522524013335788,5.754034477472395,5.777710975157337,0.43201280938409026,1.844327132026781,1.8942485680084504,-1.8273400165898213,4.1375823872396165,4.523136030170436,-4.717536373863981,0.5446614737025566,4.748874136010088,-2.140934682216874,-4.118662985610999,4.6418731243498215,2.434576072407469,-0.7276724337150912,2.540997407147009,-0.9299315949090617,-0.20918322864094607,0.9531686075164045,1.4390080363489628,0.028910306728657353,1.4392984174631898,0.674536828606429,1,1
prime,100129,-4.4183530798362,-0.6613327429640681,4.467572599859392,2.350934294173845,1.304285621428727,2.688503866054203,-0.363485565838426,-2.4726075253266817,2.4991818122887772,-3.225804967177685,-0.8111991891386966,3.3262383875374155,2.654600797638397,-2.2950255369060586,3.509137730251316,-2.183357565611668,2.614337773111477,3.4061433104364807,0.2212121372760566,-0.1327936637068411,0.2580096253997639,-1.4518129953575891,1.374365278120139,1.9991600464173505,0.37294825007258076,1,1
prime,100151,-3.287426421233539,-0.040962389612057004,3.2876816135975035,1.1046502247493097,2.5962808587653528,2.8215113709907422,-3.271055970816885,-2.3862653385739514,4.048959055151861,-1.4573152566283614,1.5819650388032944,2.150902401597454,-0.6738297322679854,-1.9825638781989716,2.0939450898310805,5.143642322710223,0.5455727466293918,5.172495139276648,-0.9832740760453611,0.1992623643458059,1.0032613809309812,0.9416329836120187,0.9679623786660692,1.3504161737549456,0.35868539144706496,1,1
prime,100153,-3.2627403606840977,0.1480395871257223,3.2660971174466553,-0.42963545654807755,0.03265953584508641,0.4308750060108982,-0.12633326844308557,1.7904455519927696,1.794897035867575,2.2055963938205014,0.10843225446843607,2.208260176302401,-5.1878610621815255,3.654455913649898,6.345782097213072,2.9424836699635306,-4.369261656484227,5.267699457146861,-1.1889654077775584,-0.49359001482149134,1.2873499305251606,-2.8397618990919304,0.07116238752433024,2.840653398239984,0.33562738873466963,1,1
prime,100169,-4.160994672799079,2.2592480730330613,4.734773333810808,2.9040972894795942,-3.9563859574518188,4.907827514398267,-0.014912826043012806,3.176796443887927,3.1768314463124367,-2.617211128671197,1.3257970732228928,2.933859569135297,1.634984052171397,0.6870360948872325,1.7734687610817113,-0.7738220541086523,2.7927672618987645,2.8979906056711875,0.7934974397324912,-0.8995509188802568,1.1995124186603208,-1.7811022777869443,-0.23112806053191937,1.796036053174626,0.2895022989207645,1,1
prime,100183,-1.5819113803719262,-1.1475965737005276,1.9543340326871972,-1.819027717760329,-1.8991386202933513,2.62975081273304,0.9147303955592253,2.5975080006750524,2.7538662839961647,1.6521089756918708,2.408466611553208,2.920646415868965,-1.439321570445814,1.8296239859024679,2.32791119094785,2.9746224646944612,-1.4299601566383913,3.300479488958876,0.10317551962051097,0.8257410390354406,0.8321619141707289,-4.178771427948774,1.34332120397988,4.389378373312443,0.2851715413027783,0,1
prime,100189,-2.261990263131576,0.44213120416154755,2.3047949913594046,0.9473577926510144,-3.198905553469211,3.336237930261084,-0.9135632756683325,2.315226210104994,2.488949630387684,-2.2979302536726642,0.23794344255349753,2.310216555346776,-1.3879168455959743,4.377250428686901,4.592018563304023,1.1626214308335272,0.7650461430872352,1.3917557948455082,0.9068605153868693,-2.3974054047056947,2.563191110487046,0.026474475484378868,0.1486469035682083,0.15098609138787983,0.20693753833767492,0,1
prime,100193,1.08467619696304,0.42626561216956904,1.165429030175798,1.6162794082531766,-2.4521792911074827,2.9369273741922246,-0.9252164212314647,-2.9826185267128054,3.1228254357243257,1.7361706788520297,-0.2805839262755372,1.7586972353960513,-2.873380964717912,-4.424960041381075,5.276039190171207,1.1827753532408207,-3.686472755613246,3.871568017497906,-3.0254974515234054,-2.4075514133272993,3.866515050661112,-1.332790862343384,2.0450268396836973,2.4409969802875033,0.1982917111986304,0,1
prime,100207,-4.041212728666728,0.6867585185757787,4.09915083659706,-0.17403192073776053,1.3842808563783144,1.39517762265998,0.020882376862303154,2.7409825940351777,2.7410621398405457,-2.0465861468091298,-5.580619267526793,5.944058063764377,0.844582552142437,1.6543547281888369,1.8574738905471033,1.3235126875491785,0.3946609228462483,1.3811021244374007,0.21809190342079998,-1.3476682015707486,1.3652009595157202,-0.22941978807313979,2.139308955948507,2.1515752945600153,0.5986781173397127,1,1
prime,100213,-0.5837362502117922,-1.0808524844811815,1.228409582761575,-0.9131523463203505,0.7906698595088096,1.2078932214090954,-2.173931476602478,0.1888677187851463,2.182120317526542,-0.4671320210796066,-0.5218210215408424,0.7003638366162592,2.1702904714107305,-4.008011034824839,4.557884727104657,2.9048163577080137,-1.5690565364535782,3.301499127153565,-2.958753100534979,-0.8746431261564049,3.0853234041276774,-2.046128949491622,2.520148512632643,3.2461965750200976,0.16392632595609236,0,1
prime,100237,0.9030724112368176,4.616315694465734,4.703818700896934,-2.188951548815725,3.082388273752149,3.780559000098731,-0.12271649869424084,-1.6181018522790935,1.622748576767457,3.1620905891512003,0.06354072791580079,3.16272893528716,-1.1614540474422803,4.106216755051265,4.267316667858596,0.641711804617828,1.8670890130922095,1.9742885865535236,-2.5403169040175726,0.7592365340444758,2.6513487298854694,-2.1862163101929966,2.630601048314375,3.4204683349428286,0.257736924708709,0,1
prime,100267,-0.7627354708791774,-0.46592790759669145,0.8937864474328929,1.5264743890987733,-0.46199355493628746,1.5948548853664215,-0.08347289854996248,0.7127949684156483,0.7176659332802395,-1.6848638645356615,-5.224314777227604,5.489283298717306,-2.4487267432344253,2.4680349570298454,3.4767023473620493,-1.7069052008918453,1.972349877909119,2.6083882774080522,-2.7260364320892614,-0.7738142066851025,2.833736588948529,-3.6957153543675174,3.1075038298220554,4.828549682137129,0.3223471082466747,1,1
prime,100271,-2.5238920292090556,-0.9181001486580291,2.685691504635426,1.1359667586853128,-0.6150220779410751,1.291771122603758,1.7861260531583847,1.6554751813203028,2.4353324934675014,0.7614479138795031,-0.16293306999178825,0.7786848597785859,-3.306766472672898,-1.9630342662607059,3.845543919305469,-0.33193648572237433,1.9401580988975033,1.9683483632912377,-2.627042499270891,3.4644930646734657,4.34788045927507,0.6763095049972897,-4.067354339165635,4.123198499572776,0.2292349325344918,0,1
prime,100279,-5.395834683003657,-0.04034053324915987,5.395985478569045,-1.170298311967611,-0.33417438462090654,1.217074631372703,3.9798478300723383,0.3296386991131517,3.993475982459956,-2.4375731790911996,0.449202831039015,2.4786177976522,0.5533923929107878,-0.7867104122018315,0.9618505149961211,0.31212704152741233,-0.07985376354703577,0.32217993979340315,-2.009348221208234,0.854786531034061,2.183607173396794,4.2306376272946045,-0.4535661255608317,4.254881545206304,0.5264400591748928,1,1
prime,100291,-1.0651045478854397,0.1760589962825645,1.079557533482246,-2.928371738209708,1.3378090003520966,3.2194865986005317,-1.6062399144266153,-0.4536802390574628,1.6690813107840063,-0.9046689217701518,2.3259887503305285,2.4957262519517127,-0.7885725248894209,-0.8380871655241933,1.1507548496647115,4.01093641769028,-5.255184611963969,6.610943673378032,1.1808222509751412,0.48741588285811055,1.2774644540105022,-1.327990859663132,3.5199683309954835,3.76214523570794,0.1295423298231937,0,1
prime,100297,-3.052096208793303,-1.9922390981424516,3.6447644494394837,-0.2713431964344922,1.976086583736015,1.9946291175736814,0.06920955695511155,-2.943842210115509,2.944655654033539,0.7214877796055957,-0.14080004036089122,0.7350981345955391,-1.2693135933802695,-1.9421920940069077,2.320186873586451,1.0881342489864583,0.4752172074036026,1.1873784308424178,-3.138904249543014,0.4204599208144095,3.1669396004361134,-2.6572537175230826,2.7514137860176113,3.8250849848307955,0.2559428587661699,0,1
prime,100313,-0.15509180375414844,-0.43144203091215727,0.4584710390300811,-1.6378147873382924,-3.6742972984399396,4.022797274900515,1.1516138336846062,1.3873654948173033,1.8030522560767386,0.22931666751204904,3.6966432893967966,3.7037491468836277,-2.438179440011795,-1.3961347628685583,2.8096105170977483,2.842441886512346,0.3858823319352839,2.868515478832157,-3.3192330479311134,1.6619639483205035,3.712065758037584,-3.230587726972724,-0.7725399324267892,3.3216735253273733,0.14868737416105376,0,1
prime,100333,-2.6020023408581987,-3.174713261141869,4.104780197806161,1.1702027617646862,1.5148897116096467,1.9142270873599239,-3.1845608274123043,-0.171977804287341,3.189201158386914,0.9706752996233526,-0.36761059163389503,1.037953796842763,-2.11630774900572,-1.8934299855571004,2.839689348979641,0.7403142598075698,-1.080961474056545,1.3101690393490943,-1.0459625177660115,0.7865842328832655,1.3087216449619719,0.6437949837831363,1.709669963963731,1.8268670906292206,0.3093942059068025,1,1
prime,100343,-2.210960167489585,-2.4567150350819738,3.3051162802272778,-1.9072676020689427,0.17005385264039785,1.9148336791219378,-0.688044967379609,1.8775650935109303,1.9996641111714526,-0.8375998890969188,-1.8446247230859134,2.0258859650125802,-2.6749883562293353,1.3958817205913059,3.017291580845886,5.411476257019783,-0.5334067088026001,5.437701536245297,0.25260045931984765,-0.07644770308249904,0.263915220014284,-1.6053911729354475,-0.47745088353339327,1.6748851197398196,0.26367305280284525,0,1
prime,100357,-2.0804826466072712,-1.8309169344950065,2.771401245553337,0.3453159921408972,2.189435624904797,2.2164998285654143,-3.8099218610670698,-1.4019846862655068,4.05968787568204,-1.8585809826954445,-0.04815004088127284,1.8592045868257834,0.6140141754303383,2.2131519270457463,2.2967487585314372,3.0819885074487665,-1.452421850134499,3.4070782777615185,-0.27936306351573936,0.43389581165453006,0.5160516414354696,0.618339934707844,-2.711708375672416,2.781313824354676,0.35580121541599147,1,1
prime,100361,-2.9897797843102114,1.2716569384277028,3.248983614566459,-0.3401669868452811,3.0472848248700632,3.0662123838414668,-0.0019388335593616413,-0.04649002501607247,0.04653043629245218,-1.4351139340913486,-0.5554246064368078,1.5388464826806572,-2.9043093144158805,0.5292027349476206,2.9521294227182664,1.65735279719356,-3.821845422020612,4.165731715339483,0.6453003581333723,0.6283576171233576,0.9006918713988723,2.723556879317613,-1.5750559061850835,3.1461982109343984,0.04581164304742212,0,1
prime,100363,-2.390580868602548,-0.07162621089964197,2.391653654569648,1.6992160425183997,-0.5818037931322968,1.7960598021377294,-1.1454915501122347,0.29219918651009524,1.1821722615489214,0.9441940046128369,0.49780819275232024,1.0673871439726812,-2.693563264701716,-0.6499677601502108,2.770873716029882,0.9922132703164872,-2.2657238461421274,2.4734574426840688,-2.757683671732444,-4.004505656990437,4.862189300120693,-0.2769025404536072,1.740410100175317,1.762300296119228,0.12870133157518476,0,1
prime,100379,-3.1783015239463013,-2.033231239527739,3.7730133647405606,-0.6532048964226059,-4.012343652561098,4.065166444680685,-2.8607242263180988,3.43079056252806,4.466997535590868,1.2362478919913829,1.8974796363975157,2.2646716806187133,0.8407793200116168,-1.1374148532141906,1.414433601577485,0.8571012183544326,0.568401887884498,1.0284469867986947,-0.10626603501399634,-1.0998830336109688,1.105004596290379,0.3807283181266582,0.5397318939334436,0.6605032699029854,0.34544551247478444,1,1
prime,100391,-4.139501545440043,3.1459436432132803,5.19927249247186,0.06055526445072712,-3.355185738093674,3.355732152177806,0.6465856623351791,-2.5543234078203523,2.634889198899339,1.0675557732197885,1.62168002422443,1.9415255419137418,-4.155702321324573,1.9347892813631944,4.584023488894919,-0.12558842209899657,-3.9319739297301664,3.933979084316921,1.825010225740676,4.327631875854191,4.696707354835651,-0.32050017245610274,0.2843926028080448,0.4284851375209249,0.28950583988227363,1,1
prime,100393,-1.7087865027620415,1.4634679263390113,2.24981992244818,-4.06511948452534,0.5280374249153864,4.09927066020028,-1.9378217067417216,-0.17530090577019275,1.9457346619421798,3.403745988494376,-2.5048135557235742,4.226059358684888,1.0025589616307091,1.717760075887453,1.9889253756385414,0.37870590721852243,0.2412973591445966,0.44904630016554037,-1.7111081393288505,-0.06487037708335719,1.7123373587877997,-1.4831506295082435,0.5325788315422907,1.575873091850245,0.24465455662707605,0,1
prime,100403,0.6364099538812251,-0.1834362798664796,0.6623190305059613,-0.6789993371800315,-1.643873664593259,1.7785839100346637,-2.402007439820217,2.48164096483555,3.453719968280809,-1.3470441841421918,-0.39790412056858815,1.4045838256212282,-0.9836324258291462,-3.056306736052424,3.2106920771045537,1.9818895766573537,-2.2235231488859584,2.978580448417466,1.333839314250854,-1.574845707451358,2.0637990014822556,0.6602050468102001,-0.6430745171837482,0.921637422463286,0.24140209381746366,0,1
prime,100411,-4.900941307792315,-0.960688205519252,4.994211402278526,-1.8669953395392387,1.3804089924679719,2.3218959029955837,2.9135317528676845,-0.9217947878527954,3.0558751456629936,1.2491208782524763,0.41586276158371,1.3165275557155147,-3.5374852050044314,-1.1299425621078503,3.713565910184993,1.4686113322801766,2.272603903101052,2.7058358682100234,0.6080834552920602,-1.4691369370789786,1.5900090655369654,0.3385681709718159,-1.1086114669882714,1.1591582252363515,0.3259053390080765,1,1
prime,100417,0.13613066521687278,1.769428523886238,1.77465739204913,-1.6655077114800738,3.536575893679969,3.909128418043831,-2.4761140402529156,-0.8650325698374267,2.6228652438158466,-2.4944317904207245,-0.33020785339829284,2.5161929940899705,-0.7055440332876101,0.4990157776062686,0.864181190033512,3.8426877183404478,-1.066520146526555,3.98794610340104,-0.5826465260940633,1.1681843728433383,1.3054239553971971,-1.0490271861988103,-0.8914224380407993,1.3766234054478357,0.1811540520882056,0,1
prime,100447,-3.533768756324987,1.690936414179872,3.9174976170992277,-0.9806738640003947,1.3309569913498507,1.6532294881100178,-1.5078275965286763,-0.0013570738016952522,1.507828207224798,2.2776877168063754,-1.5484430380250265,2.7541853926885196,-3.283451542962068,-1.5085113913479489,3.61340015121582,4.164197270572033,0.8447357695517912,4.249013700683939,-1.174877152121058,1.0794726113358708,1.5954928521307676,0.5456236245826389,0.3834947650906876,0.6669133186214369,0.30846858257067067,1,1
prime,100459,-2.631134182295687,0.7671587823380328,2.7406932850217234,1.915833453953726,2.791810785319128,3.385945257134626,-1.7131265652062129,2.349251604733463,2.907539463319112,0.7564504440528653,-3.0418224237279676,3.134469800748137,-1.928669413503566,0.631149742724011,2.029314097010311,4.148235187580422,2.109250409271688,4.653685900497923,-0.775471124063205,-0.6619311054557183,1.0195627752255767,-0.7368544703176232,3.4319662777562194,3.5101776368273647,0.29543206797558463,1,1
prime,100469,-2.15232611168619,-1.1756394526276814,2.452475446079106,-0.8077112044466557,-2.6332260020604124,2.754319619745633,1.7292261549503989,0.20491172585450512,1.7413247572917616,0.5550519938616736,0.7496244869251545,0.932748405138074,-1.614090667523654,-3.1422618107689786,3.5325766757997052,-0.20301244398538426,0.596911549251109,0.6304898492777484,2.1694127371094525,1.8471947706287495,2.8492946749276262,0.8157771890188701,-3.760124949897215,3.8476008188172357,0.11042519604629371,0,1
prime,100483,-1.8028305001902687,-2.590287052736726,3.155912677497876,-0.7607539250811958,-0.7224485440671664,1.0491322287258238,-0.8201724609634191,2.768029073357563,2.8869824759903757,-1.7661774343165615,1.103556401432379,2.0825992078725597,-0.01466760552278984,2.029019527283885,2.0290725420129987,1.433286188105141,-2.0408728155281874,2.493886754881808,-3.6119180400339426,-0.6169438901796491,3.6642286625636014,1.1410923673825248,0.07084442456746923,1.1432894311550996,0.36455577988637405,1,1
prime,100493,-4.508028619320197,-0.44798883517725085,4.530233551270114,0.4885918420462167,-2.894142520787032,2.935095044243309,-0.4958808005534703,0.5268347323023413,0.7235002443106915,-2.0579226757314086,2.964077822485063,3.6084349899973684,0.9989692779106961,-0.43319933891269136,1.088853197379615,3.7148332544555203,-0.5426684019616691,3.7542609263204154,-3.0248486372131023,0.3709704859773828,3.0475118341880574,0.7298687232506088,-2.678162658094182,2.7758356537067477,0.2627333896825763,0,1
prime,100501,-1.5953181045685216,0.8923981790563581,1.8279536002719556,-0.7044617300072983,3.355662245377142,3.428809623483701,-1.9241560434735336,0.1904069239118738,1.9335540531128954,1.6105025755845623,-0.23197559257932954,1.6271236036383465,-1.5100481092999427,1.3705938463733554,2.0393069372011756,-0.06157308187085142,-2.1467342789759787,2.1476171234513823,-2.4863475521167553,1.084656341339019,2.712637743732828,1.8967895913633663,-0.18665319433985406,1.9059512503895992,0.1092519606783372,0,1
prime,100511,-2.5408931912471133,-1.9148998752994295,3.1816630465446387,0.02579710894060097,-3.794508458024459,3.79459614832051,-0.8911377656091941,0.4479679576012967,0.997397517709175,-3.533643846137649,0.38688302865949364,3.554759810340386,0.049631442463395126,1.7597070945505522,1.760406867372581,1.3870864714564615,2.090590224516126,2.508899433245566,1.5580800869453288,-0.4229283347351681,1.6144602607860703,0.43981580619039895,-1.2921600825382256,1.36495993431313,0.18888591349046488,0,1
prime,100517,-3.0689985386652068,2.225241928592563,3.7908381225126884,0.04151526949500284,-2.0760779519639434,2.076493000284866,0.09397772594680062,-0.9590843752670217,0.9636776701031655,2.774172194725719,0.07068362519917964,2.775072528936967,-2.223079191398288,-3.4215264552829208,4.080309348006469,1.4848200934629343,0.12956457873394922,1.4904622403851036,-1.9732549346962438,1.8727983603662968,2.720497883824534,-1.1203195402025314,-2.548844046653771,2.784191416968665,0.2481855179469797,0,1
prime,100519,-5.217451687181957,0.8900951790273026,5.292832090271285,1.8751059090822362,-1.8083456811322012,2.6050213574450027,-2.577765899610587,3.658291171735214,4.475262152141591,0.0406398398413953,-3.18276144277566,3.1830208918889826,1.7757458574555358,0.5434720989123186,1.8570501534871524,1.3255404395574806,0.19458945143800843,1.3397471819388849,-1.6009461457199459,-1.8282964744066161,2.4301638956710745,-0.6532041044709618,4.290029964821466,4.33947378159654,0.5256974027709306,1,1
prime,100523,-1.1214856406790212,0.7115865402475544,1.3281887842135691,-2.337173010265386,-1.297175287595777,2.6730210262289655,-2.055406330811926,1.1823341767647502,2.3712041857013757,3.0980135519275263,2.2757509065169756,3.8440512687059005,-2.343248811027058,2.0866449415118544,3.1376586975508873,1.1718590197926988,-1.4033303137726716,1.8282750153690799,-2.3014125656089686,-1.636572118170435,2.8239808949629452,-0.4876694293580739,-3.6046132851484276,3.637452186324787,0.29212054924471703,1,1
prime,100537,-4.867679569429997,-2.7697719587612415,5.600530429717018,-1.0550992951988856,4.170053257942709,4.3014623904909115,2.0877116226568835,-1.2056538009604805,2.4108382167095104,-1.063687850272123,-1.9130742467355775,2.1889003897709522,-0.017010247068665496,-0.5052040385431205,0.505490325392698,1.5567769169041603,3.256074991464912,3.6090966624695504,-0.877992767896308,-0.8915399810917488,1.251285274573027,-0.9797579073339562,-1.8180543689955586,2.065247502263894,0.2545311459510312,0,1
prime,100547,-4.174964434883021,2.794007510123437,5.023624786861005,-0.4292503648919842,0.12635715213633375,0.44746173652716514,-1.3663566060496695,-0.2838008285097142,1.3955190020771382,1.4631802380707415,-1.5560455072108361,2.13592463106538,-0.9757423637280868,-1.0310246892397665,1.4195369210399675,2.6058266053141086,0.664322531037169,2.6891739851126184,0.41834206307305,4.0470436598794155,4.06860817316025,-3.9602718235917456,-2.9205050521860656,4.920681119172326,0.36253090002929245,1,1
prime,100549,-4.178884913445921,2.1110924453551734,4.681857583551811,1.3657144332999618,1.233656568427779,1.8404033368120256,-1.1397641330465096,-0.4779979542441605,1.235938640564678,0.9992881432921458,-0.1601372534360933,1.0120379109807693,-0.4163121641784312,1.9473667515797335,1.9913696500652842,-2.8758238331946044,1.735226704037536,3.358775734397145,-0.4621351983817808,-5.410364483454515,5.430065633618935,0.603204227314488,1.821434910191015,1.9187184451900752,0.2025912074500758,0,1
prime,100559,-3.438185085819235,0.20414920845982676,3.4442406396279273,-1.5217942565025733,0.579219569188301,1.628297598246371,1.5337453044032223,-1.7223524758891062,2.306268134883771,-3.5649889656051377,-0.19182593991754304,3.570146147724437,0.4567524861591683,2.5722638950651384,2.612501555878629,4.216744802033074,-2.2053506216289818,4.7586246006374875,-1.92401079142408,1.0032602351897935,2.16987295135669,2.164130580277908,2.4588416729358817,3.2755707198990716,0.3950651635201564,1,1
prime,100591,-2.6430823444446383,-2.8643965588649607,3.897518688339081,-0.23467769739914945,5.149842833985085,5.1551871776303235,-0.8351812862550851,-1.4115940567050038,1.6401602244401576,-2.5944753122565514,0.4048709316240581,2.625875590576001,0.6121610281247347,0.6535439783666367,0.8954668369147029,1.4919184790210638,-0.7573572968626541,1.673143993550953,0.004339426268723745,-0.7132858365027712,0.7132990362924934,-1.386469100601413,-2.463905197816707,2.827211592850927,0.12992719896649774,0,1
prime,100609,-1.8326013793626257,-1.6867531512000657,2.49069548695242,-1.638694648469474,-1.8171242548811808,2.4468879640473893,1.245448604240224,0.4070626342493191,1.3102832571646166,-0.7112735516545768,-3.300833533154168,3.37659770758649,-1.8242316767264577,0.6970484246442648,1.952869098703565,0.280658075220966,3.578979031240721,3.5899665543355006,-2.018501908172916,-2.7390310874506447,3.402446362739428,2.1323165992581896,0.1290472749955044,2.13621798481704,0.24474641716029213,0,1
prime,100613,-0.30469377708517825,1.6180126803591726,1.6464517398325123,-2.923362756416055,-2.5858554474561406,3.9029089408720608,-1.9831584453707771,0.9715642126280071,2.2083601243241366,-1.11468907618154,1.8180290712713694,2.1325481097846994,-0.6071575780375049,-3.651478963796939,3.7016130197009973,3.457137115693647,-0.8120291488386302,3.551223503987066,-1.9510248330306212,3.081236114209808,3.6469869605762124,0.8841227501999908,2.0432510405398383,2.2263305801449,0.12716250072509522,0,1
prime,100621,-3.641117023956677,-2.802075011131061,4.594492088376284,-0.7677993783828688,1.2622687660819785,1.477443170910895,-1.8478641502659925,2.503541851496686,3.1116432507653755,1.344134554205522,-3.1774279395407694,3.4500356535525216,-0.11694169181492836,1.2062149729086502,1.211870422179514,1.2075394722487043,-0.9401059167661234,1.5303433313401777,1.3893726412905543,2.1906159704424324,2.5940614230052708,-1.7793643726079589,-2.2283217249354497,2.851588203146768,0.48659264757652176,1,1
prime,100649,-6.275277234296085,0.36494055616696,6.285879888831011,1.1688944585826866,-1.9632186932047833,2.284850518667252,1.1653110127648656,2.8857557593144483,3.112159388413065,0.07661356672711783,-0.5126266684207438,0.5183201132338989,-1.3551650644843436,-3.9437239564734154,4.170063668202344,0.5340785418238271,6.1374213966086515,6.160615333583681,0.33236151172099715,-4.20436311258341,4.217479502845927,1.1424953461067915,1.232794949664138,1.6807971334438556,0.3267475385351466,1,1
prime,100669,-1.0071531904749746,-0.6221379493285037,1.1838129823070012,1.1756560275122707,1.9829198491601114,2.305241467443073,1.2333725978189274,-2.5279840905645696,2.81281203197053,-2.120113663495175,-4.626081694260833,5.088763483216145,1.076527173700847,-0.17337352714316523,1.0903986131825352,0.5360732602399565,-2.8102241000319523,2.8608974173753055,-4.023265519673785,-1.9986558431994443,4.4923591376192595,1.2285270904629946,1.017465367915276,1.5951534681366677,0.4092726940704682,1,1
prime,100673,-5.346429358870745,-1.3713393134969742,5.519499832605976,1.4871300747669367,-1.7476594335288196,2.2947482116516813,-2.130180863702813,2.1886084010950944,3.054124628339467,0.6635330235883696,0.47379674792723814,0.8153278063078375,1.9604098686161653,1.796984625289852,2.659391019856945,0.3139027437404686,-5.4628812772664155,5.4718924315117645,-1.9042160811398667,3.466390706724387,3.954984628963413,-1.6155396450013395,-1.174579634191659,1.9973997250497622,0.31472538348665796,1,1
prime,100693,-1.265746757650599,-5.017213968550901,5.174413093359022,-0.04883325760140883,1.3023552880982763,1.3032704951334968,-1.4553504743997792,-0.004094111458848637,1.455356233052341,-0.5013889847069687,2.7654649718431172,2.8105493100952237,-0.21643073055949646,3.0305244461831276,3.0382430251782147,3.3123531873281045,1.381142041404936,3.588765383267461,-0.978792860169034,-2.448768013756442,2.6371386479126477,-2.358467487604958,0.40709234955722684,2.3933434920958723,0.3679337183562389,1,1
prime,100699,-3.8350140379613693,2.1419063458370724,4.392618292738157,0.38516160545054023,-1.4742202151637285,1.5237042708841593,1.9383937760314356,-2.4784004042179606,3.146400958966476,2.227899055900859,-0.03127082243920287,2.2281185039445193,-2.400811066125124,1.5811276773862466,2.87469276748415,-0.528197339325345,-3.96440946354649,3.999441814044473,2.31421706639548,-1.6213336501641764,2.82565451454186,-1.2092903437418623,2.0119490085272105,2.347407495170137,0.4070026766165658,1,1
prime,100703,-1.746096289843133,1.455918386236011,2.2734446553158105,0.6969419734802996,-0.9939632992654175,1.2139568174713664,-0.5143841995394414,-2.125009037192821,2.1863793158752194,1.9446770124390946,4.389017523658806,4.800546167436901,-3.258014694611296,-2.2825802545424265,3.9780437866783345,0.21706465522208773,-2.165017855951855,2.175872096686074,-2.275762281311157,-1.8350940911189437,2.9234678524482227,-2.0570100705330505,-0.1442812549274184,2.0620638959057054,0.44287275240321755,1,1
prime,100733,-0.5405189251638539,0.11848509899387372,0.5533528956677429,-4.119501317559552,-1.435177195345422,4.36234165184416,-0.20028449132007262,-0.049988663581356785,0.20642854441668262,2.0544314728116078,0.5204996313901686,2.1193415351840232,-4.2395069368499865,-1.7577625611381458,4.589460566225413,0.8148668384586937,-0.34351355727093336,0.8843130262800597,1.7276504857726331,1.7535450817827338,2.461645091160549,0.8031466912156451,0.9846764706479121,1.270681848244582,-0.06469114157894432,0,1
prime,100741,-4.326841687451758,0.5551232390208868,4.362306820796929,-0.9260385334168366,-0.7901548902123092,1.217329912513133,1.6006373959740627,-2.5088120694271367,2.9759331432500127,-1.967559610485869,2.172762152696985,2.931243113937795,0.6286769174539741,1.6677209109563929,1.7822816004718929,-0.16979406268141595,-0.031085014919216225,0.17261605335074867,0.9526947083920813,-1.822564220181015,2.0565426190775393,2.7463169360480726,-0.2602298580875758,2.758618547799741,0.45236484336340405,1,1
prime,100747,-0.21104585174080437,-2.61820600939902,2.6266981286760274,-1.8051849490423204,4.123950164352774,4.50173940364324,0.21213551314509896,2.9708550958733504,2.9784192916065377,1.4088380497958664,-0.04074428050526596,1.4094270988406998,-1.1377311764061426,0.8734626454013685,1.4343532419449758,-0.8300270835954365,0.9090694530699602,1.2309964378530354,-3.694996016763982,1.1507493078382143,3.8700412831637627,-0.31864586074169166,-1.571293480178356,1.6032773887942235,0.1365014805187792,0,1
prime,100769,-0.46160187843832956,3.792035517477962,3.820027442308779,-0.10094942126293477,-0.9129633612643073,0.9185275633666873,1.342817880008841,3.999043195093256,4.218472037965063,-0.9681308040557941,4.0647821084399665,4.178484275769789,-2.7934359893523704,-1.5009094127803433,3.1711218349318737,-0.5604806602954162,-0.8584662414538958,1.0252330751010545,-2.743109005096086,0.06130368054015367,2.7437939345160394,1.2687004601270366,0.028743087872882156,1.2690260133768034,0.605504644315924,1,1
prime,100787,-3.784776648161607,2.5493573107230874,4.563305487714652,0.9763934775851002,1.4235847115397955,1.726249592034874,-0.09659782367611691,-1.732395942895413,1.7350869841306082,-0.09141898148023342,2.476253823331702,2.477940763565537,-0.37265087116668827,-0.4596321738321155,0.5917181820790433,-0.10321090409633982,1.6112392637722155,1.6145415621301344,-2.6600844336130804,-0.8096928449925225,2.780584776118633,0.177557146936015,0.41008455169708946,0.446873449612595,0.32459797084622455,1,1
prime,100799,-4.631060568512137,0.022310436269689038,4.631114309191093,1.3088061983842798,-0.06210450871978124,1.3102788386188782,1.0973335127580524,3.8614329592104095,4.0143250163257065,-0.5814769632926731,-1.8513231575006794,1.9404929508602584,-2.045234595524527,1.2971453865366762,2.4218940324761853,-0.4752585641285658,-0.44248238291784425,0.6493545733805222,-0.5082231534721128,0.7519633805377312,0.9076010684187582,-0.020053390982831987,-2.6288408239031305,2.628917308686144,0.4656218362118266,1,1
prime,100801,-5.413259563904853,-2.81636454522232,6.102072464154509,2.203005676219956,2.8540565536091074,3.605394960424786,-0.7369372796115463,-4.910478885183061,4.965468702540572,-0.6787732360779808,2.883481722883045,2.962296398440971,-2.0526350656064305,0.32380517413940735,2.078018407848344,1.6686383616181866,0.7496917552184222,1.8293145464097487,0.35525691031366735,-0.6608929151783812,0.7503245415542478,1.0004649103705643,2.4543629305753027,2.650439101708426,0.5204278453348302,1,1
prime,100811,-2.2773986367475314,1.5365475071103267,2.7472755217244726,-2.559251743646926,0.21294339951227104,2.5680954769547943,-1.2368544703176205,1.0067994439277528,1.594821024766702,0.4493829695794238,0.19081730621641035,0.48821746967894203,0.9460175544819323,-3.039606966723873,3.1834195019733547,0.4978451670917629,-1.7693595303276282,1.838065003735676,0.8474293110616574,3.5712640177165045,3.6704309176829724,0.19477487301910595,1.7775691227154014,1.7882083875183032,0.09361028587866091,0,1
prime,100823,-2.9247939200289275,-1.0291818366452066,3.1005861909514114,-1.6125829687064237,-0.5335084511402677,1.6985449945173987,-0.6452969475198134,2.441118012704709,2.5249683765207394,-0.37975773994732476,0.9527714411270131,1.025665325570259,-1.015673427921,-1.381351357497866,1.714562359625917,5.2549692709336915,-2.8732609418623203,5.9891844585459975,-4.246459946459777,0.5731136629860751,4.284959900347784,0.6888924917436637,-0.06235869895825952,0.6917090952969758,0.2428065695149309,0,1
prime,100829,-4.331680444793982,1.1477169724987906,4.481150491198926,0.3190514534937219,-4.840506082500066,4.851009478932873,-0.8486029589408793,1.175108777517872,1.4494852951730015,-1.614088102929967,3.61258781291989,3.9567753423813907,0.7263882370509047,-0.6938884240339603,1.004550156007282,3.5104958571283746,-0.3066590373674236,3.523864487762632,-0.48872943932748486,-0.3794727932920985,0.618753638950322,-2.217592957575623,-3.1466243842319477,3.8495406922036928,0.23161431959951745,0,1
prime,100847,0.15751251495285234,-0.5885054940006789,0.6092199182854706,-1.466956238833913,-2.735162427819051,3.1037193998824613,-4.170521188694695,-3.3510892372327796,5.350051033518166,0.27123169728917107,1.0221853838771569,1.0575583164187472,-1.41407429523949,0.17282497526905627,1.424596288263384,0.7176385154866542,4.300826943636143,4.360288687462849,-1.4729073068492646,1.9254525347250269,2.424216037825215,2.476551182960578,-0.7632346348380845,2.5914924020031127,0.2756872022283462,0,1
prime,100853,-3.476441323506638,2.133608414811064,4.078961772747713,-2.504503089351295,-1.61703700553106,2.9811649403927714,-0.4388736780519955,-0.9134906401280781,1.0134472136665493,3.5684211501382554,1.4207655036086178,3.8408598153275886,-1.7498476746312603,0.33863881191048384,1.7823139816947444,0.3231994506183053,0.08437537939997242,0.3340315696590124,0.5403767437802365,-2.077217324549781,2.1463547793010087,-1.8188864237415576,1.4813739129321513,2.3458082812513186,0.27829383920594936,0,1
prime,100907,-0.22027994277856455,3.2214917765664786,3.229014171488873,-0.29850875622663225,-1.2239682248184853,1.2598435192154958,-2.995695244341345,0.3301817719900034,3.0138364254756445,-1.0269264679364634,-1.4524474182830969,1.7788146259309017,-0.3322922044636336,-3.294190934127933,3.3109080355150255,5.091899019188058,-1.9672574041760313,5.458712056510558,-2.3090830802315905,1.9428797279525951,3.0177220396684916,-1.861721485276844,-2.054977085627948,2.7728933825874647,0.3464347777811498,1,1
prime,100913,-4.51770033944022,-1.139540620268166,4.659202633736746,-0.8224699836647014,0.5796258717783973,1.0061923400942194,-0.14849854360867032,-0.23789088139386927,0.2804351777224964,1.405609130274775,0.46323284760292693,1.4799735464561947,-0.3884477575218399,-0.8413387539192905,0.9266836348885258,0.783454987471847,2.8216187718527452,2.928367157831529,0.024934818035925232,-3.6684463759673682,3.6685311172864004,-3.474017444471748,-0.05133903854156047,3.47439676798324,0.20964999000970924,0,1
prime,100927,-1.578973585437624,-0.51740857002749,1.6615863540146318,-0.6509897280571181,4.441286399984428,4.488742865516192,-2.3446351321439045,-3.4043120942309457,4.133600698883547,-0.9580660201673652,-3.578925694986657,3.7049425945937484,0.403757580653879,-1.9769672918518277,2.0177759679873835,1.9256481129386347,3.2852897057726964,3.808050565016196,-0.15427136737246142,1.9540432901506362,1.9601236783870788,-4.6264525160364816,1.0166583864980812,4.736840419306647,0.31775660969771347,1,1
prime,100931,-2.5038672512760174,-2.6289760046834836,3.630546246119728,-2.0672227733609643,-0.9698862392506353,2.2834380464093913,-1.4590792081871424,-0.944997578739434,1.7383706623121005,1.8344039562613328,3.1867657848529993,3.677025162037511,-1.7295526745474268,-0.9346552604594913,1.9659432621362083,0.4159359304862418,1.5037167092498986,1.5601816047969543,1.8700887627783556,0.4199984272819284,1.9166717662628556,2.2866597004062923,-3.005332555439842,3.7763522550536472,0.3368771538024101,1,1
prime,100937,-1.9013598986231908,4.520767959057181,4.9043360818494515,-2.3868689268222383,-2.030381703817964,3.1336230049302807,0.038553031421970696,-0.018893296232898482,0.04293358678665825,2.384464681275017,3.3291769113288834,4.095008024799621,-3.468592683090472,0.5758152513846595,3.516062912536682,1.5312490368311347,-3.965162022059185,4.2505568428121,-1.1551375993447075,2.7519856489054737,2.984588394603439,-3.4965501529058134,-0.22378702214527924,3.5037042687798747,0.24933314502975978,0,1
prime,100943,-1.339271267621391,0.6328363829120146,1.4812594019324803,-2.2744833775824915,-1.0915028694792497,2.522826420699707,-0.6872088464178123,3.659980148104078,3.723937524061171,1.7172375414852237,1.3406026284193135,2.178559198463743,-1.2818964409411362,-1.6606527681065448,2.0978622694346454,1.1200198587861183,-0.9679049422632512,1.4802987743468896,-1.8165055119649132,3.0659601934619927,3.5636784623324833,-3.477579982335237,-0.9892904626110604,3.615557792782734,0.29438001718746987,1,1
prime,100957,-3.2270069386185334,-1.1448782227127663,3.4240794276322073,1.0297872121360467,2.8423622255156786,3.0231580711761286,-3.1846397953526524,-3.4846508451605134,4.720669670589298,3.125263309194946,-1.8467382689258676,3.6301119797763066,-2.4719172894023176,-2.364414867821251,3.420648001887988,1.4371909666685845,5.936429177913977,6.107921844544363,-2.8088008852969666,-2.3467241295105543,3.6601197457558805,-2.185310226679689,2.0162998281086484,2.9733896118170926,0.48512553996525076,1,1
prime,100981,-6.5047817566165325,0.9831493932925176,6.5786600786742815,1.3870425027665603,-0.7746566521002262,1.5887038217125475,1.8922050789149276,0.10808786140217874,1.8952896998754423,-1.568822701554378,-0.745833041331989,1.737087100422688,-0.07105647859980313,2.8515291242310092,2.8524143053716218,0.05932685985043268,-4.264855089251867,4.265267706559257,1.5368746679143785,2.9562199371215465,3.331849345560488,-2.0385921767998076,0.32401202294716186,2.0641806738567463,0.36480298096397246,1,1
prime,100987,-0.19131218570732167,-1.4518777312815265,1.464427976716952,-1.710168659381867,-0.7273231366799712,1.8584067877302763,-2.7274927415948986,-1.7128262710758067,3.220712730179503,-3.6411744912409,-2.6914488385999764,4.527918785321197,0.33121456257461557,3.3290905244741253,3.3455263870734755,4.945729098197364,3.975486221246222,6.345449314908651,-1.4882691560232602,-0.34088546347732207,1.526809739286574,1.2937847565072234,0.5866056587719171,1.420558057621613,0.43474782292433245,1,1
prime,100999,-1.6427440935652737,-3.1660469211061057,3.566855935356662,-0.35823072647905513,-2.19398821274427,2.223041504573072,1.472545772331093,-0.2626887304719412,1.4957929070319647,-2.928473085156242,-2.3354247436099715,3.745685964352887,-2.0496594026183628,0.5192724665173795,2.1144142359587224,1.5225453295696858,1.307831699353641,2.0071293018708825,-3.028940084180061,-0.8967822923927101,3.158907487328782,0.5794258805241691,1.3775677112970004,1.4944655065371246,0.32602630278469513,1,1
prime,101009,-2.1121423412654474,3.8086505419544885,4.355107831098618,1.656910546266733,-1.2189026829530643,2.0569580231108513,-1.3740087171907616,0.02265516101242293,1.3741954778111813,0.06992387573122638,-1.113515348778086,1.115708644925573,-0.9847654579984021,-1.744010292792154,2.0028317224948724,-0.9453231587013311,-0.24489102307102445,0.9765282830301615,-0.685492607113803,-2.4988204190142342,2.591139440649644,-0.9876552711994548,1.2343316051114497,1.5808344145118667,0.19594421990155697,0,1
prime,101021,-0.05206827393245006,0.8558157248222431,0.8573981922090378,0.8787903742872163,0.8644078814923365,1.232669261207537,0.9878542127568534,-2.6450785433983808,2.8235255349311013,-2.1998146867517456,1.0815671774968612,2.4513205044398436,-2.1353402386077978,-0.2814392018158285,2.1538073170403003,1.0168471055084265,-2.5935720907636375,2.785784310740681,-1.2214185436636331,2.4266138945593827,2.716674115913435,0.9524514068958831,-0.4237795824995887,1.0424743723667613,0.29678602764303696,1,1
prime,101027,-2.839509599998707,1.5994245391023754,3.258983526311181,-3.433561439995433,-2.6263837737664932,4.322873568510585,2.417493398540399,0.6617285686999812,2.506423553715559,-1.0048373937012336,0.5869243776564966,1.163691717280721,-2.6429085124247567,-1.8727856965126626,3.2391807097026337,5.3755815634219575,3.7003627338090803,6.526067844174245,-1.4379884116606942,0.652540143347129,1.5791197898671074,-1.0275819643764148,-4.294255871040482,4.415490706532779,0.12098847602543786,0,1
prime,101051,-2.463970440464328,0.3212951486835737,2.484830155976374,-1.5970795722444717,-1.4626267235868422,2.1656269514002093,0.5259225965245058,-1.584987256030168,1.6699638257498632,1.6379871180367962,-0.4186519569416841,1.6906422625456845,-0.8790120288168173,0.7150634660436704,1.1331274894181347,-1.808519857119498,-1.59900134177878,2.414031765450875,-1.2271140867832606,-0.17769101492753714,1.2399125286760733,-1.0049454176344457,0.0332330657955659,1.0054947683039643,0.18205515335075131,0,1
prime,101063,-2.30978537208616,0.8284757794963207,2.453870530878766,-2.0848968582182463,-3.1675251974539393,3.792098467328338,-2.0278922930408916,1.9182495337248284,2.791420503222359,0.9736692125927372,0.6107858968524308,1.1493872921451627,-0.46302279718099104,-0.22696714519998196,0.5156589916888281,2.8537811557188073,-0.6600326998184937,2.9291142090341,0.4659396742066324,1.1954425374604158,1.2830364922205373,-0.7209711403552228,-0.8872768432012631,1.1432670649092929,0.13926190451562553,0,1
prime,101081,-4.895097837632421,-1.3410769591732787,5.075477342124487,2.55221964892714,-0.9549242158489251,2.725014751223277,-0.7356142630772144,-1.0376783888420418,1.2719688607479542,-1.3735151110202168,1.0222872973828983,1.712195981361745,1.913739351507291,-1.6117170440826913,2.5020052229550194,-4.163035277853999,-1.5147236669976398,4.4300395609993934,1.053388958527665,3.8547470982735383,3.9960860212958704,-1.6078324728037923,-0.5280954348259832,1.6923386330419814,0.2145324096703158,0,1
prime,101089,-3.548678880700762,-1.5803225610099343,3.8846545786168183,2.2085533703784908,0.224968840028949,2.219981749653398,-3.6101191758198565,0.2877591005733341,3.6215695166025754,-0.730773457470456,-0.14996053609710547,0.7460013461984204,-0.6637755155699581,-0.8498602323226115,1.0783600277985117,0.6607410232170307,0.3993954320995349,0.7720721539751727,0.7672630273537787,-1.273233111418752,1.486544687911252,-0.03686796603904252,3.5604950779624382,3.560685951767525,0.2974474016077849,1,1
prime,101107,-3.840385883947677,-0.39715385483081433,3.8608671204836305,-2.3453024517060834,0.17046349796106464,2.3514891864764524,1.0174866619762977,1.2844227485700044,1.6386033395376056,0.8553713697713833,-1.4097685061912264,1.6489716253693434,0.5635861604309352,-0.3144967432843758,0.6453972123938579,-0.23424983115460618,-0.23350411007507077,0.3307524040999737,-1.231518144881698,1.808486366545003,2.1879807766870365,0.7992296459957188,0.3679575549460964,0.8798640743207734,0.21363752005120593,0,1
prime,101111,-1.9011871412807169,-0.7901999543521769,2.0588658319641246,1.8213074440612278,2.809751505235468,3.348412209834061,0.8477113768821813,-1.942121936263808,2.1190687090824984,-0.23817976250723877,0.8523320007764293,0.8849855585350282,-0.3315168728482444,-2.5210845271834352,2.542787964063619,0.43012957266854124,0.8295007296167086,0.9343890569343553,-1.4542155739684248,3.030842002888611,3.3616582488477564,-1.8210667894682304,-1.577697610404324,2.4094426744746684,0.08896292470064385,0,1
prime,101113,-0.6536018385993825,-4.436240170135479,4.484130039432861,1.3121034221565073,-2.4453391398930195,2.775121420681904,-3.1061626159001605,-0.438255218471982,3.1369274510153486,1.4045914021345944,-0.5703242230848947,1.5159639594620364,-1.5566075938456896,0.18610572640513823,1.5676933828459096,1.3149875174956809,-0.9547146230047349,1.6250145176423891,-1.7931588951402384,-0.684546736652339,1.9193809048445616,0.014283939724241246,1.545138070838655,1.5452040929563469,0.3030421690585594,1,1
prime,101117,-4.1786956231831365,4.1661756234133875,5.90072168775429,0.5851095795563279,-0.36595371218513134,0.6901270459492663,-1.6340283900588146,-0.639801049193659,1.754820264889686,-0.3715508146080708,0.41975035095002644,0.560571462847148,0.4539758058479244,-2.43398590448436,2.47596070556942,0.6362599153778692,1.4276717745337184,1.563033389188123,0.28577748822013405,-1.187812471516461,1.2217066915849533,1.124464322172198,1.816362944691479,2.1362570909622467,0.30891040150493476,1,1
prime,101119,-3.5928128062860827,4.955278490180721,6.120709826177108,-2.707059587909751,-1.7107928402868193,3.2023403558758012,1.3566469172744657,-1.0620557952596585,1.7229200127675506,1.0269274672698352,-0.9670226465516459,1.4105718067425665,-1.2864642333606886,1.893162016107327,2.28889769167341,1.0012669498298856,-1.195533354133171,1.5594343543947442,1.2605026513728506,-0.3961573445117872,1.321290117925892,-2.1994226865324373,3.7734874102632285,4.367684442521992,0.23641266130121885,0,1
prime,101141,-2.061993007118941,0.1718246951483383,2.0691396490498732,-0.25034231749765146,-1.2774638679672123,1.3017623477009335,-0.6833718497564629,-2.3502150976457563,2.4475514479253797,-0.9977572656301599,-0.8435020072421618,1.3065279167852977,-3.0155304405635173,0.7645737546346214,3.110947904456338,2.6669859433936693,-0.5033766409760093,2.7140748082799244,0.18948526219772954,3.822541580632434,3.8272351378317544,-1.8054666163762891,-1.3473243487117794,2.2527744235677187,0.24054037404008838,0,1
prime,101149,-1.1679887092255048,0.1370595356490863,1.1760029511827783,2.512339444965294,1.3413640274325693,2.848000516295361,-0.5221690698175298,3.019300915851594,3.0641211722019706,-1.3194476262829435,0.5532629270033688,1.4307487217887107,2.138628911929879,2.8102157441118285,3.531436839502637,0.5638127585054656,0.8782301017045702,1.043634484958006,0.27900591517886175,0.009500286521758161,0.2791676130012034,-2.6607252302801,3.293033619328499,4.233618921097746,0.17979115369513304,0,1
prime,101159,-1.613176294402789,1.7636449174779727,2.390142496122145,-1.5089196298665606,-2.2290374915050686,2.6917367233687335,1.5617443198412844,1.8340567289828118,2.4089021162520585,0.567597824969676,-0.8675368992931469,1.0367196161670111,-0.9202536855075171,-3.8206294560582674,3.9298952004080543,0.6259292672067216,-0.42541887899441955,0.7568148189291829,-0.7544459520548638,-1.8443100776798662,1.9926535968912118,2.4516506266982905,0.148431235815769,2.456139781680985,0.16155435142519298,0,1
prime,101161,-3.2905326572992575,-0.9912831190170119,3.436604049174273,-1.6126838248042468,3.2313968635841293,3.6114643579532393,1.1849212875588253,-0.8093715706139171,1.4349636918849562,2.098715473932269,0.9313695398602175,2.296095786395285,-4.950646971226727,0.39010164186403196,4.965992823665916,-0.2670884329000589,-0.9376384024067143,0.9749369234247027,1.322157976123982,-2.3491184886156535,2.695637102316289,1.5246051781267074,1.1991968787351426,1.9397149540947702,0.16040042067519408,0,1
prime,101173,-1.9425076048512104,0.3869540805308994,1.980673939684243,-1.2486427714017654,1.5979119809925653,2.0279130823517724,-3.820633787621341,2.629572419356036,4.638091595446531,1.628242617187146,-3.7613049396164415,4.098608162438499,-0.7064010326777155,0.6748339628852749,0.976935666475325,2.144979620890081,-2.1649664710538987,3.0476248776418213,0.26212059695724954,0.2695426301574113,0.37597930371418037,0.31695563517146963,0.6400432431046502,0.7142242138928561,0.5106199963577769,1,1
prime,101183,-2.2459223247786695,0.32623662181475555,2.2694927676360477,-1.8173563908550752,-4.689169491556007,5.0290252307899,-0.4211865104940402,-1.1067708389155126,1.1842042756618867,-2.363916319353761,5.048428896780588,5.574471696112224,0.15433298651582042,-0.33871595679055544,0.3722192500549022,3.2800338799450017,0.84498326202057,3.387125472533013,-0.6399835713818187,-0.1309744975516981,0.6532482611132978,1.7260347654221333,-3.408757712763361,3.8208408964218252,0.228190491824447,0,1
prime,101197,-1.8021077688745795,0.3891828002583735,1.8436528042598108,-3.2590681303653315,-1.1378085989287596,3.4519753020783916,0.20399546671584667,-2.499024931565316,2.507337184948536,-1.1701876730865899,1.1211706904954553,1.6206057223982222,-0.9049216603515031,3.162144761671368,3.2890793096456328,4.73843900932867,-0.07177638303261413,4.738982601180227,-1.9330141497671294,-0.8060247768851182,2.09433035697634,0.6439520973573999,-0.6356733722243277,0.9048507831935844,0.14584883455908698,0,1
prime,101203,-0.031619767224952744,-0.5983596003917586,0.599194476827303,-2.8430246635201133,-0.7794758909197336,2.947943673462701,-1.8746775967756713,2.122610240771547,2.8319410880314675,0.056814491456012306,2.94034259382212,2.940891438915078,0.6333146990683368,0.6715600159520304,0.9230819915270307,3.3437794272743,-1.8650661568716895,3.828750792069259,-3.9300887163022944,-2.156103556099312,4.482675525021939,-2.4664189947581723,2.2454042006661026,3.3354254124583407,0.23031804174559645,0,1
prime,101207,-2.828657651323666,1.1787823431795528,3.064446429778761,1.1152803453383155,-0.11341744685893104,1.1210324553508477,-3.3967290955739093,-0.8556909518170288,3.502852488150176,2.5806430490676546,-2.592646012388491,3.6580776225027187,-1.3985632336571743,-2.2601401461143107,2.6578586491036784,1.353835054271186,0.35233672880940287,1.3989319228045285,-2.637567027068163,5.448431950475663,6.053277669266562,-1.7258163329124026,-3.427557572382023,3.837524322651331,0.4921432133869813,1,1
prime,101209,-2.788264009530304,0.2059212086197857,2.795857602060849,-0.5957231675756881,-0.6688909231175031,0.8957126544910464,0.5868649979501923,1.0865975736590656,1.234951340296794,0.1286797402181008,1.5945618284472731,1.5997455736096626,-4.878083302856404,0.7832972760598188,4.94057196408363,2.4583871357857854,0.8665928549700601,2.6066550377221374,0.6408896805131525,-2.5238826273615795,2.6039821618601464,-0.5642129996501282,0.38093154732070134,0.6807680608829554,0.22328711826736813,0,1
prime,101221,-5.299546783172769,1.2042378808553893,5.434646720875601,0.4115332626585002,1.7324114605613055,1.780620424166393,-0.06150272958608893,-3.0233329604311483,3.0239584612517265,-0.4584006635351343,0.4395210515722745,0.6350668650659153,2.7137369076841233,-0.7927699294803342,2.827163271764693,-1.1465168483528825,4.20902952232696,4.362388153681071,-2.6029672132878,-3.169748394942759,4.101553754456164,1.7552271637370807,-1.2945059872720228,2.180955787585716,0.32545806698485436,1,1
prime,101267,-1.7088819021950779,1.5315232222429123,2.2947419758916645,-2.075954956532186,0.5599129003758934,2.1501375392188047,-3.110949784149478,-1.120222427837089,3.3064946464993565,0.70722871689556,-2.3388247811157514,2.4434143763927727,1.2123531505377847,0.4935621020558928,1.3089704772089874,2.1537059369448244,1.5875002955399202,2.6755572225558395,-1.5996762968661509,4.995192899578145,5.245084971547297,0.415749059493782,-4.541564203945834,4.56055399036478,0.32878232332495283,1,1
prime,101273,-3.3490249581076212,2.2628176291466136,4.041820356325162,-2.3217810662234775,-0.5965866777680512,2.397203158592143,0.26612268497460617,-1.9256977753686289,1.9439992812544402,0.34660783314069643,2.165712371897002,2.1932731402591488,0.4763786631234532,-0.4138833696185402,0.6310594855685839,1.6569685815170274,-0.9688824606935479,1.9194473430584478,-1.2790443739044324,-0.9576674165486474,1.5978364719631175,-0.36138195715593013,2.8163528445235504,2.839443653924787,0.26977446714549314,0,1
prime,101279,0.7166941601390215,-0.054062779995061594,0.7187303411977067,-0.35828210158016116,-1.7259123687755498,1.7627080214843087,-1.5289084808353377,1.5184545899326432,2.154823771090743,-2.1016039383089513,-1.718517460502452,2.714782012532036,-3.061536356796047,-3.823883295769769,4.898478164047594,-0.4525031578732909,-0.4425209378112507,0.6329169679244262,-1.2767219522477369,0.7067716965775871,1.4592961229423016,0.760615094981108,2.5894260988946165,2.6988261975069294,0.23693244010934406,0,1
prime,101281,-0.46434510825349357,-4.719777460834795,4.742564249365852,0.3804183542484151,1.863365093123337,1.901801144841283,0.6583901028327936,-1.100290878482523,1.2822314708273301,-2.397542518479988,-0.05893158206614846,2.398266678099869,-1.3471789272822052,3.0562242758486438,3.339969743335978,1.787700411381635,-0.9868111978096836,2.0419767630844015,-2.3513774050418625,-1.9254267277761676,3.0391189158991865,-1.2298640850406473,-2.069168948519084,2.4070782715126735,0.2871102818334992,0,1
prime,101287,-1.1452838567240957,1.588638014254366,1.9584294352380618,0.17512511918134233,1.1657454770649676,1.1788262487176422,-2.0228695446083385,-0.4735172425484151,2.07755138889381,0.2795598907906125,-0.10835170356723989,0.29982298811929387,-0.041333296322591195,1.6737220630492673,1.6742323571484294,2.7242389764506414,2.287392035840468,3.5571955704514253,1.185123858726207,-0.769817327728335,1.4132010750749127,-1.9987846396804736,3.7915887931199346,4.286173772951265,0.15888371856943517,0,1
prime,101293,-2.7427273241624857,-3.4236920745968398,4.38682352008429,-2.4304993547463485,0.18400585456192697,2.437454669924239,1.6012002102693537,0.05156833383914261,1.6020304012163962,-0.6799452350228788,-1.4955789888836342,1.6428883207998382,-1.937147175782791,2.385197195822305,3.072735726287217,1.0158276366402572,0.72611382771993,1.2486581110008532,-0.19938691903364136,-2.131340974621926,2.1406469801403665,1.3979971795441406,2.18046378795183,2.59013869215195,0.22392004581708158,0,1
prime,101323,-0.3240554103322004,-0.25789508848744624,0.4141518871519464,-0.9591639743504808,-1.6253485517541606,1.8872608310408916,-2.704368487797622,-0.8282344385166728,2.828353090216606,-0.3195409228458952,-0.56064241089636,0.6453110213446609,-3.047034512158173,2.0964830071178064,3.698602481670166,2.2359298895938973,-1.9470659885784003,2.9648690418057524,-1.3460707927568918,-0.05355311900095472,1.3471356708468147,0.5331179833337021,0.1582909100341413,0.5561212065307616,0.1413441056570305,0,1
prime,101333,-2.792067473922939,1.1307602854134604,3.012351175080149,3.2503647432211595,-0.5071783491035227,3.2896961625315075,-0.830310360604695,1.9774460259911653,2.1446930038203025,1.046294597775917,4.845924173561713,4.957591500037577,-1.1488929836954844,-0.7472867854165612,1.3705446463515627,1.512506132751605,1.240852336328656,1.9563714683524445,-3.584091935306964,1.1587935958393158,3.7667648716757762,-2.498813823591292,-1.239789255609879,2.7894709038268584,0.36794244362125994,1,1
prime,101341,-0.07716606868142539,-1.6483919518188712,1.650197148518011,-0.5738885690516893,4.271721433572312,4.310098849879116,-1.548780740128249,-0.005516734549695618,1.5487905653613399,-3.0439610696765493,-1.4362916222447382,3.3658034134269967,-1.3254889615604135,-0.22066101515195302,1.343730728541397,1.1311137186409295,-1.9826469116591032,2.2826096952411925,-2.4564509198450453,1.7843232592696836,3.0361094537546496,2.0752319278861613,2.8933805079136588,3.5606513895764658,0.13669619381482825,0,1
prime,101347,-3.7786294579737985,-0.48432389866153325,3.8095419960255152,2.147201904125241,2.37298020542398,3.2002360963549386,-4.341966933473893,-0.5479026354329947,4.37639967887933,0.4819968490861226,0.7582114410737644,0.8984461875394123,-0.22664946939025032,-0.8534888984271589,0.8830703718918936,1.792367189302852,1.4414240428797367,2.3000616106272394,-0.5159198770306066,-4.297603121041145,4.328459992364244,-1.80882802742462,1.7600075611067647,2.523783954293597,0.3034876596798026,1,1
prime,101359,-2.3172777358431706,3.115108545700509,3.8824834006767874,1.808693426766176,0.4217859783615957,1.8572224755181113,-0.38796796386899646,2.5632020986022175,2.592397372947957,1.5190727295357156,-1.3023960087904987,2.0009541027551108,-1.376406837408959,5.283862622728919,5.460192304116941,-1.726354504076456,0.5405792742448098,1.8090123895341654,-2.5632697966388243,-1.2909995613865557,2.870022982113753,-1.2307776346044794,0.7141554789975656,1.422965788072517,0.32316359951824336,1,1
prime,101363,0.789946800006003,-2.0877846318733218,2.2322322047506944,-2.3956299644323633,0.11052561218768597,2.3981782330418375,-1.031338058831095,3.0219894294811063,3.1931298601041944,0.8740511026153059,-0.044067468469663584,0.8751612832846051,-2.992040797684642,-3.3540329780927087,4.494646299003159,0.8592672583710403,-0.7684030402707602,1.1527286990466716,-2.203892752981872,0.1509439370240185,2.2090557572796405,-2.1758199099918696,-0.38363081239695607,2.2093811081244845,0.21314641322295738,0,1
prime,101377,-3.2269059327148986,1.5610761716229067,3.5846730272368554,0.48273114357356006,0.47114910104708974,0.6745449076179568,-0.37213614428490527,2.157294223881028,2.189155928268629,2.8243916835187877,-3.1823596687399185,4.25495022804645,-1.6779212745450343,3.6941025769097866,4.057316065122651,0.7164079647209269,1.4933881747352376,1.6563358996153603,-1.7390863923822604,0.5060399366207174,1.8112144813975635,-0.2337286238200038,-0.9879169962228769,1.0151891749909592,0.4815717835378772,1,1
prime,101383,-0.306726256539828,-0.770911579913668,0.8296900990706856,-0.051590460923355896,4.0864888030117585,4.08681444560415,-2.8171966052825628,-1.8003809039079433,3.343346842906368,-2.2094158266669846,-1.6833564865223019,2.777626208805509,1.7176640858022711,-2.9484937846565327,3.4123284586647222,2.4935400928212146,-3.10736288336131,3.9841493801561136,-0.5385181143886849,0.7966700333656324,0.9616053772663412,-1.502185013966356,1.8597741767166327,2.390673504384723,0.2036008198474037,0,1
prime,101399,-5.164088100490025,2.472343305372975,5.72540717584743,1.8217059293708573,-3.699034318285496,4.123283567856907,-1.1509758706161062,-1.2203676264675143,1.6775108340843756,0.9636961929288481,2.7798702902486054,2.9421742271443443,-3.9566773029188784,-0.8343311927782129,4.04368690908138,2.385018791876327,0.8757794386754738,2.540729080954902,1.171210589247387,0.3590505815476973,1.2250108425948527,-0.35414521716079306,1.8005685078810028,1.8350656082033379,0.2645454404231242,0,1
prime,101411,-2.5362836068469177,1.5052263271916293,2.9493119249125233,3.1024218473023506,0.3463207003159776,3.1216917442448224,-1.0096862700496325,-0.31590139151227825,1.0579508746090873,-2.5350462828119142,1.687761301115234,3.0454881161384773,-2.0261460962675817,-2.3865976839515373,3.13067349119374,-0.2004494313438192,-0.14324359472116932,0.24637106557934738,-2.0070050109271635,2.549597309125034,3.2447674111689975,0.5890808649168892,-2.1651519485673925,2.2438581117789975,0.1891872418340331,0,1
prime,101419,-3.6956848198704653,-5.462189086033794,6.5949674676534755,-2.9666858519133803,1.262110796565116,3.223995751664268,0.7492830768610776,4.362964526241921,4.426836860165032,3.697089330296507,-1.8038288618465452,4.113668445441718,-1.921861974357321,-3.055433612021584,3.6096021949727204,-1.1919893639805337,2.726812396676557,2.975961103662423,0.10278792416759042,-1.1592435159286814,1.163791599289741,1.1106381983161346,2.0819692892563206,2.3596850063017687,0.5895230347718574,1,1
prime,101429,-2.208128209400413,1.4619748137135686,2.6482448045984532,3.053323371403201,-3.3128530825935383,4.505305667455485,0.9166245283508185,1.215720812306417,1.5225562779251658,-3.812039393751174,-0.935002544532815,3.925031732074743,0.07957366004328725,-0.46754009549104836,0.47426333219474526,-2.276122459774352,0.03626762252625715,2.276411384687081,-1.5002342558267516,-0.6186887796779161,1.622799626711627,1.386740935269004,-0.851725109336931,1.6274169973997936,0.19141400943311376,0,1
prime,101449,-2.8741068835959624,0.9942583473196609,3.04122344452829,0.7444141639382915,-0.04318685722998494,0.7456658448053985,-1.1317538395646587,1.766947216531237,2.0983253368762513,-4.360819334428009,-2.4197573556459506,4.987180659222585,1.1609846846520593,1.2893222478168984,1.7350035437174935,1.497232659636755,0.3517279879711267,1.537991617209004,-0.15872083902304523,-0.9935581487483274,1.0061561010521096,2.246073373341056,0.30248533611363704,2.2663501443941643,0.4975956083773785,1,1
prime,101467,-1.3647397160779917,0.7856066593642235,1.5747038819657657,2.578742006275156,0.09316544282461309,2.580424409794777,-1.9686759283035071,-1.5711671211110194,2.5187796714166892,0.432864074723442,-3.719537917369324,3.744640653778986,-2.5165419416815626,-2.8451709379535477,3.79841822479014,3.1035760661517253,0.08809536531596251,3.1048261129699313,-4.767076669228223,-1.2012367048813362,4.916094953461967,0.0800752381318448,0.8144550396007928,0.8183819739540947,0.3087830501295594,1,1
prime,101477,-1.5285792573224382,0.9255311511767512,1.7869422088346838,0.2974307086514223,-0.7995620048389855,0.8530911006633614,-2.194635484988968,-1.9833749490358132,2.958073883532252,-2.623457869602408,-1.244470245250478,2.9036593093702625,-0.7359476606614397,-1.3513091519307794,1.5387187473105433,3.2016963396809315,2.825904209861884,4.270432537207606,-2.1054160517170617,0.6496457820156796,2.2033647888896257,0.8632652356908612,2.311779294661266,2.46770143542061,0.38277873402257623,1,1
prime,101483,-2.1538984813661664,-0.17058298419677342,2.160642779945115,-3.6765106069205267,0.30662912451008073,3.6892752218826073,2.0878209843421867,0.9023905644923094,2.2744900952838476,0.4909153450660795,2.2272579734571254,2.280718298332718,-4.0210661714336755,-0.7545710255590252,4.091252936162891,2.6682420379705065,-3.607812130362077,4.487295838384266,-0.549156340609819,0.40627823533503915,0.6831066468267755,0.13930411762199812,0.7604132164911946,0.7730678476051943,0.16829236692144733,0,1
prime,101489,-2.051254880665662,2.6619075433905266,3.3605651838662625,0.3601276772316099,0.7089601458451964,0.7951832696335335,1.2410413837930987,2.5324483725392057,2.8201912126420723,-1.631991853544918,1.490978110578959,2.2105232720472725,-0.7729864334720812,-1.1845595871519212,1.4144572958719601,-1.6433031239479658,3.388329150210271,3.7657960097888736,-3.1444814735520663,-0.39887704403842217,3.169679263549075,-0.33099918181740584,-4.913520167314186,4.924656423849994,0.38755540451682896,1,1
prime,101501,-4.40517802955018,-1.894647353713128,4.795339619564372,-0.07291763296010056,0.902067880782721,0.9050101892997301,-1.4863441371683885,-3.1460982733354417,3.479533480163553,0.7225847181093553,5.387106751556591,5.435351674685989,1.700288703857375,-1.0443207474137144,1.9953915655689565,0.008047775910331845,-2.152603597116769,2.1526186408691057,-1.4053035089268944,0.0994512485449752,1.4088181227679448,0.6471776340062624,-0.38980572990711715,0.7555047299827872,0.6649414953226294,1,1
prime,101503,-3.2574660237690245,-3.0073180883062363,4.433401287980082,-0.6296471699512778,2.19699020653936,2.2854368348868257,-0.3227257351050101,1.9508801425976015,1.9773935447656108,1.0438917754952493,1.5855910035856982,1.8983700560213557,-2.844462395098534,-3.306838137350945,4.3618969249362545,0.8381880616191809,2.3413895216384693,2.4868984938431526,-0.4498619390968466,-2.9885104590664797,3.0221797643749975,-0.4687272345092873,-1.3642294274878477,1.4425072447632785,0.273084258361365,0,1
prime,101513,-4.041556435442796,3.3973474279493048,5.279786734998189,0.21848289195316373,-2.94912080071825,2.9572027781850316,-2.408675928289866,1.4925306169262424,2.833613835720259,2.1900878213735475,0.5229770664372652,2.2516637576130365,-2.668653930121419,0.6320045575090142,2.7424703388486558,3.556075426572007,-4.845624970133603,6.010470346873992,-0.1871652609367171,2.9505183082027173,2.956448734874484,-1.1080620752283799,0.00977047210006321,1.1081051505540807,0.3440564596244156,1,1
prime,101527,-2.194652221691957,0.7953802901105604,2.334336775204855,-0.715332796878078,2.7946224504060777,2.8847210698095376,0.10938893275189188,-3.4048675415839886,3.4066242696165943,0.5955466946360062,-4.9207200876673465,4.956628092429853,3.0193724510436426,3.262990726528168,4.44564039026214,0.46781935786523626,-0.80212757416886,0.9285814971425299,-4.546990406984954,-0.637174911083424,4.591417387749383,0.2773568666598323,-1.6183973272906904,1.6419916992679986,0.4488981556487627,1,1
prime,101531,-3.9245092387910923,-1.599714544993347,4.238025411771373,2.935428818908808,-2.1817868089484316,3.6574493886562176,-2.3924060484203986,-0.8625444450136042,2.543145615206163,0.28992512087291833,-1.2007496484574773,1.2352555581675928,-4.510178323054991,0.6848673504964172,4.561880291451224,0.6782924951716288,0.8329978620344669,1.0742281634551138,0.13144737582152755,4.794200680883451,4.796002354168908,1.5165158646887562,-2.396482286449056,2.836009117953745,0.19411678756570744,0,1
prime,101533,-2.661986633598109,-2.196190384013236,3.451003483088245,-3.165605816185985,-2.6192792678368035,4.108732659396354,1.5382462261929337,2.641038156074611,3.056351418642625,-0.427375054038216,0.32055307130472466,0.5342318862975702,-1.7970043656744217,-0.7690913449998963,1.9546677945898325,2.6661765681810192,2.2592195551425536,3.494648836586594,-0.4611413242865333,-1.4637986792502744,1.534717529169321,1.3104769374798462,-0.4177673219266552,1.3754560476206887,0.1368682882175103,0,1
prime,101537,-0.8310967548761979,5.044382928039384,5.112388966096079,-1.952297725016926,-1.104907891294209,2.2432761433560695,-2.9499021297068055,-0.6439120978339837,3.019361747884097,-1.5914091925664653,-2.226633980234425,2.736874513038485,0.9915258923508304,-1.12316183812315,1.4982042950873835,2.981353207764373,2.861173650571649,4.132164276522948,-1.3825790342560957,2.159143438364404,2.56386918024235,0.6544186520990338,-1.6424666345000527,1.7680385792343576,0.4160830917211072,1,1
prime,101561,-2.161213904031657,2.8008740843697923,3.537759343917288,-0.7744414787701867,-0.27110512463237046,0.8205227557122877,-0.7984914143734908,-3.2766991094677613,3.372587373636893,0.9402201101812288,4.158920661306298,4.2638755754160576,-3.2193785530170436,1.253019703752015,3.454628293408265,0.20256430148779714,0.054527358734141884,0.20977494866585233,-0.8220440161403113,-0.7173595607186752,1.0910367105769554,2.1581639494423284,-2.534130607812822,3.328586722638647,0.5507402684917099,1,1
prime,101573,-1.2757502745468612,-2.0152563202666562,2.3851198710717028,0.07539570980094434,-0.2987025866818428,0.30807101185735086,-2.194329045825147,-1.5366184789826665,2.678857277143167,0.8841176840705796,1.6740675562867355,1.8931894417353399,0.308858413749289,-3.564014154703447,3.5773719983628003,2.707505760435542,1.0065834970887104,2.8885632725289194,0.6950600332731419,-0.7179422925254728,0.9992745294714526,-3.170041011491449,-2.5163890042237544,4.047390966427131,0.351920146209682,1,1
prime,101581,-2.269801186192204,0.570067585819191,2.340293673290012,2.3203211947123634,2.5161017668856087,3.4226683374169182,-1.1470083165237686,-1.9908087600400495,2.2975960474432595,1.1480367981882544,-0.48937226158665725,1.247987860680054,-2.5167455054708125,0.024085906880819852,2.5168607570181165,0.9836092698424512,-1.9764667400269829,2.2076929066681554,-1.9394170160452444,-0.3228425315327407,1.9661041839872853,-1.849686804152577,-0.3072968922529359,1.8750393738384499,0.1278445517491811,0,1
prime,101599,-2.861581092454904,-0.8868124517980877,2.9958442338278433,1.905430258717124,-0.9014032525088485,2.1078881124168656,-2.3010119024663993,-0.3654229187098844,2.329847566861508,-3.424060186440699,0.7602690169640055,3.507448807683974,-1.4447375343542852,-0.8589908407462588,1.6808128413532735,2.067626357480719,3.215932192561333,3.8232575928521126,0.6334423820837152,-3.1037316343002184,3.1677119990895313,3.0107133434520152,1.4502871926918444,3.3418150424172195,0.3535083244381083,1,1
prime,101603,-1.5790503025210574,-1.0488570163057018,1.8956531588203422,-2.657622222954199,0.4584106678866061,2.696867853709607,-2.4571021130475197,-0.40567999513780173,2.490366850967462,1.3756830568502743,-0.8741195790801303,1.6299045712667166,-1.4997125592661535,-0.5295737537499633,1.5904672650141098,5.165049123831418,3.974032652286211,6.516952353134759,-1.460738236173227,-1.0829892896909497,1.8184119434835933,-2.842600350251905,-1.3360949816123553,3.140943576561345,0.18559202276459263,0,1
prime,101611,-3.5167519551453856,-3.525432156867587,4.979579922713857,0.26581594217201554,-1.4910286528688999,1.5145377376575477,-2.3611705576572666,0.4519194925279397,2.4040294569897096,-2.6550326109266136,2.3171976058662977,3.524003818062105,4.060901930178836,2.514093426899287,4.7761480552541915,1.6856909968606826,-1.0937374132437234,2.0094316773720458,0.553638883275708,-3.489925366828345,3.533566905989857,-2.4691988195485677,-1.3614007760673101,2.819637367381968,0.4554423169650921,1,1
prime,101627,-1.5276548162770593,2.892919563887425,3.2715000902975846,-0.012532175058435235,0.4309056784172123,0.43108787863252807,-0.5586144658478032,2.0308279963729334,2.106255557216771,-0.4448029518398783,3.1259067048060083,3.157394874436301,-1.1321512483321987,-1.905412832308346,2.2163854607503337,-1.4844741316369217,-0.12654480363883844,1.489858058617392,-2.5036053628343367,1.0258004179301867,2.7056064588625217,-2.379139859465296,-2.1995618404084505,3.2401201768881287,0.41278446147393355,1,1
prime,101641,-4.274929614224655,0.8529095031931658,4.3591831605487945,0.5032632672717241,4.302388833975021,4.331722936072661,-2.9181038440498317,-3.966985447416644,4.924662788930206,0.9743758650095035,-1.4789907589532374,1.7711075606473172,2.694130906969063,0.6601178362467301,2.7738235166673832,-0.526629855494124,1.5083138067048343,1.5976074437089325,-0.4552543973858596,1.2220724450432032,1.3041156495008543,-2.4213463671605178,-2.623156104750118,3.5698552042974026,0.351877735313026,1,1
prime,101653,-0.5419745020573089,-0.24859896667191772,0.596269911290695,-2.1258328869161343,-0.9575660537000741,2.3315441686343665,-1.6821507898329204,0.35744083893736434,1.7197078917873712,1.7428527814910946,-0.40267744380334536,1.7887663183600144,-1.854730597578146,1.8747425494138978,2.6371737174815593,-2.3703036380971083,-3.602504482868183,4.312351781320923,-1.2596369248612675,-2.655153411501863,2.93879649194767,1.7917961895277803,4.4730546995069815,4.8185840170726255,0.1200791975792899,0,1
prime,101663,-2.7095248317601834,3.689869570017687,4.577844717513642,-0.18358389534289576,-1.336212493826415,1.3487649444165868,-3.940604536806399,1.978357532425956,4.409338118312735,0.7392544486781185,-1.6834647796756896,1.8386274240038156,0.4716301807930584,-0.4158038083790312,0.6287510115279331,3.095235380658468,-1.8286307421868568,3.595048324146815,-2.0490809163951655,1.349696091218211,2.4536528158206425,0.7538512128487252,-0.7994430365942636,1.0988179193444887,0.4817378409348503,1,1
prime,101681,-3.672812864891171,-0.47287559682338465,3.703129172818734,0.13994742760815648,2.9305831758731373,2.933922806279133,2.715945684314913,-0.39309133046022415,2.7442452066518745,-1.2926727270605862,-1.0834265482605479,1.6866581944075147,0.4320714159720458,3.5766563576628028,3.6026596299553244,1.275927777852432,0.07602148425643951,1.2781905023759164,-3.2333518498543428,1.6916383547877314,3.649137501978439,-0.7236179669169593,-0.7084311125923686,1.0126685555174975,0.253443065289502,0,1
prime,101693,0.3416290517184015,1.9914430910016425,2.0205335913258633,-0.6142237860530437,0.2379316033396217,0.6586974322259791,-1.0601163963863858,-1.2168706498105495,1.613883810024007,-0.39568662175899894,3.3469345321649953,3.3702431166367757,-2.7634974702895803,-0.2516625882459671,2.774932850830731,-2.272448278712939,-2.327901106471009,3.253174563550863,-2.831670195447426,-0.8324329861371643,2.95149127936955,-0.16738246399403922,-1.9728487464012394,1.9799366316702305,0.34006034653490547,1,1
prime,101701,-0.22682110397055888,-3.9294910346784375,3.9360319618652286,2.087572839245709,-0.4999469966187384,2.146603679905652,-0.8555554246373568,-1.0592510041212877,1.3616121967573456,-0.45710476904510305,-1.2300904846192888,1.312275645676126,-3.4499351103754243,2.6633212446040346,4.35836349077957,0.39371301079813503,1.8328080743431028,1.8746187271680088,-0.6115079712672964,3.6181851343827893,3.6694966501677104,1.7006884554946882,-0.9045606388342536,1.9262842915782552,0.18835867000079845,0,1
prime,101719,0.8028366767453363,2.7617684500314517,2.8760931315095872,0.42995766739240726,1.1952462368188312,1.270227208958735,0.12884306313513066,0.6212421746528765,0.6344622719165248,-0.8648470497669405,-0.4266336912876606,0.9643530090336815,-3.096712907501298,2.011083901324348,3.6924367685379664,-1.1936439255277937,0.5346814861704926,1.307925881922553,-2.114875120667225,-1.2585773714318582,2.4610391658601323,0.04126870493483281,3.0974546767334354,3.097729584780574,0.12954917479269148,0,1
prime,101723,-1.0755981243304027,-2.351041695434579,2.5854029432053682,-0.6591874177525912,-0.697765847056841,0.9598985514325353,1.15855489519112,3.2694942373540905,3.468694569036443,1.3355190166667654,-0.7149921566981806,1.5148679242820082,-2.0234825083473518,-1.0567510380671872,2.28280621561353,-0.8454434079380483,-1.2315288010494658,1.4937997669835927,-2.659185558082423,0.49189853019890817,2.704298799379605,-1.5334581746814326,-1.235989208793665,1.9695591633032254,0.3545382590553462,1,1
prime,101737,-2.490031576601512,-0.14647358477150962,2.4943359363783433,0.6143049515722673,4.56701976608173,4.608149315865038,-1.169925378862993,1.4044123188124298,1.827867433196353,-1.0316088204580143,-2.409200922745543,2.6207758096801705,-2.203313322474652,0.8310202678439994,2.3548214969635812,1.110301692770072,0.2753989171076169,1.1439468573811178,-0.9359231653205562,-2.431576823129814,2.605478462425995,-0.4008056949239587,0.45379770449546364,0.6054564903350442,0.12336894156028584,0,1
prime,101741,-3.7780048168743927,0.19732371191181997,3.783154377448636,-1.2826560326725094,-2.4498876273441867,2.765349143375084,4.090965580343031,0.22006353720347854,4.0968801959488514,-2.04067021203686,0.22084650316877175,2.052585708869775,-3.252897153643261,-3.3818797920230397,4.692382211614292,1.642578675359927,2.551259608775428,3.034302275007571,-1.2553830959373167,2.0601290712262483,2.4124921777441446,-0.12819700133310552,-2.7956241898187093,2.798561966769776,0.3752664454977265,1,1
prime,101747,1.3013146102663176,1.2036146956264546,1.7725992357046025,-1.1783683101328226,1.42731884135635,1.8508892320223047,-3.1264554067402206,0.2947642254710048,3.1403199453165085,-2.290835119279751,1.1216647055378401,2.550697405686288,1.0013811767149559,0.6981498025584149,1.220728228514186,6.043424892629059,-0.24400356136311685,6.04834871438531,-0.8365246856475201,1.532580418096241,1.7460172644134226,-0.2332137827465386,0.15532375507118235,0.2802037425737963,0.3222502940384192,1,1
prime,101749,-3.14983989959363,-1.7219973964454725,3.5898142607155865,-0.21025847777782847,1.7252894925564934,1.7380542168192832,1.2857862676123828,0.5058087856847294,1.3816978156081894,-0.8923931599297724,0.5919133306658527,1.0708533713396002,-2.396446702871293,3.1757278928721093,3.978467600630753,2.3462721299342775,0.5127147441651901,2.4016388813871887,-1.280541409539695,-5.0982634511598794,5.256622158666015,-2.1332096600283417,3.31330668568467,3.9406325186498883,0.18468506639048435,0,1
prime,101771,-2.7695405357522893,-0.6807390362506985,2.851974827141819,1.078284292709192,-0.9285568320183984,1.4229950127078475,-0.6503400313432206,-2.2969159849495306,2.3872086624935354,0.7138666059304033,-0.5296291079797136,0.8888827386567819,-0.9022584329235039,-0.35038386001076793,0.9679045041416133,-0.16149113485464361,1.295863235611221,1.3058870211643208,0.6940292043321108,-0.5828415392189653,0.9063006103412904,-1.12708352460252,-3.803945665308055,3.967407200684898,0.23145249034190496,0,1
prime,101789,-4.036822180433949,1.6517727348385234,4.361683904640436,2.513462000969086,0.954938595330129,2.688754163393634,-3.3243672977878673,2.351920516615839,4.0722166011989,0.8599192315439651,0.405077741283263,0.9505519771492317,-4.035196553003921,-4.162787262230371,5.797551984412227,2.2359870650628184,0.6989170890883487,2.3426743803926247,0.23816981647016677,-1.5310658941528668,1.5494797945489804,3.1313396764693753,0.6125202236594525,3.190684753124814,0.3310705031280825,1,1
prime,101797,-2.784615910308969,0.13969315464283638,2.7881176347851455,-1.4285626620067444,0.25170914798902644,1.4505684314988927,0.45175942581388817,-1.0082535638166579,1.1048356564488155,-1.0408498408188174,-3.6574675482210215,3.802688162000987,0.4915391051800815,1.141126562830935,1.2424896475703846,-0.48353466817505864,3.6012426175515904,3.6335594347412283,-2.428833557776915,0.09746225197647207,2.430788214128,1.833618662500097,-0.9921562868819022,2.0848336857092287,0.31741948368384554,1,1
prime,101807,-1.8671521302889713,1.1816375216247472,2.2096434803275664,2.5161579373360894,-1.3042811687164184,2.83411364145612,-4.313918445918633,-0.8510543723476796,4.397065601367477,-0.1029208511370987,0.5166410459130693,0.5267928168843373,-3.0801737219868466,-0.9669173659468084,3.228374103196192,1.7850211058806842,2.1539038510228616,2.7974277734895345,-2.011344360326331,-1.0305429708025278,2.259983396064457,-0.13248246497846367,0.02363856725841995,0.13457483192930503,0.2483614371222601,0,1
prime,101833,-0.2845480421305507,-2.2767865922914616,2.2944988069551258,-3.493627603926317,0.6201229013627199,3.548237061938006,0.38665057565647,0.8711948860165349,0.9531417507783629,2.906663310491547,0.618418947833777,2.971722328145333,-2.5628198573244885,3.5647828761037688,4.390412574560547,1.5252438294751607,1.6245790258558388,2.2283684054937507,-0.17967050067686974,-2.1710222915503197,2.1784442336727095,-1.0532623705653414,-0.0697516416495188,1.0555694732047367,0.1344135865506586,0,1
prime,101837,-2.817862575800848,-0.506161986027496,2.862961657479592,-1.4775632978318884,0.7400485715619176,1.6525329610542356,-0.9546357728091704,-2.6614406158080164,2.827471593172868,2.048209183040391,0.5681677050633225,2.1255529630117214,-2.5765590263941562,-1.8454429055047044,3.169276878717107,-0.23655000785357316,4.237117509550999,4.243715435318347,1.1272143169882125,0.5656393460439079,1.2611740507226519,-0.25975627030144466,-1.1046475815948957,1.1347773347597179,0.32267071686173054,1,1
prime,101839,-4.429761104047635,-2.802534430126017,5.2418491652254815,1.4209887664983358,2.6841032744246185,3.0370412348684734,2.1846935239865353,2.073600822141799,3.0120933191612522,0.26305397191433977,-1.9974632159095176,2.014710076177588,-0.6482042577573879,2.067808135767652,2.16702543734994,-0.4907930109511768,1.7958730156742553,1.8617297516088271,1.4132369792683162,0.9332850430966431,1.6935937326405464,-1.0395051779933306,-1.0950899834431969,1.5098983697297532,0.3363104147703073,1,1
prime,101863,-5.2705413564033305,-2.606269248979355,5.879731761546037,-0.125342851591146,0.06976112313386218,0.14344840447316914,1.398377619146085,2.8393033690021205,3.1649808193661246,-1.005916628156791,-2.7971091518446825,2.9724884978979493,0.08102651336359573,1.9801315004377695,1.9817885999505078,1.4219840052136639,0.14705085638248994,1.4295672301246682,0.24696647045097397,-2.5844349299477454,2.5962080703712904,-3.5903843863834064,0.446673509655495,3.6180626398963445,0.5723980923978043,1,1
prime,101869,-0.4338017475132976,0.07144269222732258,0.43964532798413625,0.8296909635824407,0.13619174545560542,0.8407944377674029,-2.2910009979359214,3.1465261509917033,3.892211760865286,0.024987811312876862,-0.19775754618812558,0.1993299721280183,-0.5100451384383076,3.8246432778351616,3.8585025911529773,-0.044577079897951954,0.9475161019891242,0.9485641146390121,-3.5525714444836756,-0.7529292180814184,3.6314826552802817,-0.517323866783663,-0.6239422866027386,0.8105109253767375,0.2388816202248904,0,1
prime,101873,-0.142047360768229,0.33210733233508594,0.3612100952242983,-1.8042449242602896,-3.4368664226711965,3.8816685270645825,0.333386105018034,-0.40515653436614496,0.524688586076237,-1.8357226133517979,0.8801347406397655,2.0358081134655546,-4.690532541448163,-3.3788252338216007,5.780791942553698,2.810484761734427,-0.02309727081179369,2.810579669723022,-1.463131399162491,2.890717508405631,3.2399075919874702,-0.651014313419734,0.7927936004445076,1.0258368920950023,-0.03059882800356141,0,1
prime,101879,-3.7480055781703787,1.1577502769221808,3.9227454056705824,1.0268589357303042,1.3694935635067962,1.711710225001801,0.8371532328954013,1.7606155859813017,1.9495109071117056,-2.3175381906607275,-0.9502313079924244,2.504779991108998,0.3278575472702505,0.0015814854822236712,0.3278613615514872,0.1406632970312549,1.4358849546518624,1.4427583879940824,-0.4007790522829662,-0.10241547714459998,0.4136578038760886,-2.4439190977282075,0.3924205163122397,2.4752241146739458,0.31977328797755344,1,1
prime,101891,-4.14030675450377,2.059020228077678,4.624035501704393,3.210000103707452,0.8974911189032801,3.3331053050139468,-0.5097973809780785,2.352558810593634,2.407161466739164,-3.268384371495576,0.645083697817553,3.3314365335432248,-0.5151285661101062,0.60175678420752,0.7921291984029055,-1.3274788769989248,-3.22044001936176,3.4833079231077315,-1.224648108853999,1.0192898545202052,1.593334490321319,2.511700173616247,-3.4375487627351,4.25739113288003,0.339474444777174,1,1
prime,101917,-2.6717078518566915,-0.9614214391680825,2.8394284687881686,-0.0471675040583297,0.19865605443824585,0.2041788466126299,-1.1602093413855696,-2.9443489538306706,3.1646921616109998,-0.9368965832273737,-0.5079632619699592,1.0657400636057033,0.513208648484504,1.882922896038176,1.9516100402754857,-0.05720216494118091,-0.5719033938724788,0.5747569743785783,-0.3174797268510525,-0.17770475110905182,0.3638301190502911,-2.3065813943430236,1.8513914322104932,2.957696394830245,0.354859150677011,1,1
prime,101921,-3.834521965045558,0.6226488295653942,3.884745843086263,2.4681851514528828,2.2896993487191297,3.3666988355624112,-2.2742235258375705,1.7200636589768026,2.8514402740379707,-0.25337042879108884,0.7311989852037517,0.7738530417002808,-3.051652081025947,-1.6521374739322368,3.4701784761595746,-0.2723971187638975,-3.000832102629213,3.013170008227371,1.268984276463526,2.7960888117639335,3.0705754732921164,1.570992057365377,-5.658717780637647,5.8727423717723015,0.18999261080932886,0,1
prime,101929,-2.734658537034431,2.2488539544002215,3.540579249557452,-0.9382654689167903,0.19047596435810177,0.9574043989661806,-1.6713208863482836,2.6235856856834308,3.1107097831953094,-0.23345955791442097,-2.2522587719393536,2.264326156047172,-0.7529920687192977,-1.2284218364130672,1.4408390832187403,1.89486356702624,-1.5111371378509042,2.4236425864874604,-0.8092849768873966,-0.8081859693442992,1.1437249384623116,4.2332108182281605,3.274860786932664,5.352082492390523,0.4075036830892033,1,1
prime,101939,0.07364155086912999,-1.56295426984401,1.5646881886299369,-1.1307242782828455,-3.3839978645149484,3.5679096037511933,-1.7363749395582522,-0.14711682918972477,1.7425961357000548,-2.379822627896663,-1.701497444643016,2.925516927719902,-2.161086904557102,-0.7242703227013866,2.2792244534916186,1.5848638923703209,2.8340617603806386,3.2471063455007148,-0.6996746317714484,2.238688233182377,2.3454785430128635,1.0286563399887774,2.2729291386112,2.49486286896634,0.15825957386447784,0,1
prime,101957,1.0064300322262956,6.541771615908802,6.61873683450831,-2.301847909236016,2.1366779586261972,3.140684080918237,-1.3239499380487487,-0.6314369997922386,1.4668183674763242,0.9726912461805343,1.6608777616930048,1.9247449700369677,-2.9607737755322754,0.7230086936230455,3.047773436614695,-0.12001299872097909,-0.402612505939981,0.42011897100853823,-2.4460851042558462,-0.1533460437365204,2.4508870529651046,-0.45808931930811453,-1.9103621029512352,1.9645175460800646,0.2699093459364773,0,1
prime,101963,-1.6879295686957863,-4.6150662449570525,4.914055623842645,-1.8748865211757733,-2.291605937224065,2.960854140076336,-4.247796893240618,0.41056286439166334,4.267591863316141,1.106848448136376,6.641030846023346,6.732637238480585,2.9369006501535373,-2.222255173660961,3.682906934166974,1.4262499130505444,-1.485019134147401,2.0589974850058903,-1.191954459429177,-0.8126785965902215,1.4426371458925331,-2.702314609105153,-0.5332630003436482,2.7544280121503713,0.6928572140870879,1,1
prime,101977,-2.452892984557193,0.6660695381184891,2.5417184390288536,0.020711387692504357,3.944818581554131,3.944872951433911,-0.3274216271028806,-1.780065622754037,1.8099277729250456,1.6812125118801313,-0.2742702066383784,1.703437599782205,-1.2848508572692743,-0.03874830698757914,1.2854350068050866,3.9840028578431217,3.609641980209907,5.376038876030926,-1.246324201019356,0.5456001692893017,1.3605159163990148,-4.611193919372216,2.342703293089617,5.172172472134725,0.10298513408135779,0,1
prime,101987,0.4790604081634893,-0.34456149279021886,0.5901029545626704,-0.7751721875455082,-1.7805337724636896,1.9419558273111843,1.563754448711021,-3.4605445706243767,3.7974592428545386,0.6495295928173593,-2.6691214645005,2.747016214768813,-3.494977280905591,-1.6697692183684596,3.873370036112875,0.45417844127756574,-0.44307798798389786,0.6345046571595659,-2.8391373362970085,2.104341190891332,3.53397123107102,-0.44862747171638356,0.189967795598318,0.48719028289069854,0.3332114573492374,1,1
prime,101999,-2.722134213084233,1.7164882730945434,3.218127819977759,1.717090605128525,0.6720838951969368,1.8439351692518182,-0.6978217903795529,-0.3363670689025265,0.7746599616416237,-1.9170963937623875,-2.770919878385285,3.3694592378314177,0.5457781823996701,-1.806735280739754,1.8873701807152847,2.246013900779879,-2.2652210813251026,3.189953759817862,-1.0682451195535048,1.4370698465954328,1.7906192726103733,-0.8312717926492699,-0.24511003939278986,0.8666554821066246,0.2640976710575818,0,1
prime,102001,-3.9607380937654506,0.6803137185855754,4.018740225879312,0.6928175675184328,-0.8018253464517584,1.0596792288587338,0.4383638803581273,2.753636318098392,2.7883105752324475,-1.4352586355090604,0.0615057228345095,1.4365758959222188,0.8633486929724463,2.0413459430844805,2.216407955455109,-2.1868995248489553,-2.3533523981464564,3.2125997325602618,-0.4848837254471574,-2.1742281672991774,2.2276400855346123,-0.33640711296278714,2.378564148758076,2.402235865898515,0.34765072614876774,1,1
prime,102013,-0.014663486765781886,-1.0900194532009237,1.090118079017393,0.13417952314135906,0.0908948145983901,0.16206792326465536,-3.0739102806701206,0.10094556319020154,3.0755673330846207,-2.5493264009597945,0.7517525505165071,2.65785571388642,-1.8522729959114905,-2.6051504118852624,3.196517467483774,3.7075323125083006,-0.963071196000906,3.8305746275016963,-1.203956984540147,-3.0741741320523888,3.301523741365956,0.2371776230194278,2.0325633579352873,2.0463545706651907,0.3880435818232508,1,1
prime,102019,-4.9291347494787185,-0.6805914229996917,4.975899322090368,0.002206379944289405,-0.9862080200872438,0.9862104881803174,0.2763232072807702,0.7275831011550484,0.7782876614519396,0.02464739582694009,-0.3241145171194092,0.32505032583985766,-0.9920669648739399,1.5468762696682994,1.8376678308271885,2.063729010272321,0.9662259184234809,2.2787211223124415,-0.1455504399207873,-3.8354182797505096,3.838179035845709,-0.0918135342494254,0.3144976615445767,0.3276255548463482,0.1850140703792846,0,1
prime,102023,0.22857994100334067,0.21270831636757642,0.31223967922258006,3.345365253671069,-0.28182840432250267,3.3572155024592423,-2.221527283110277,2.575034902233061,3.4008805061809744,1.2658115813510222,5.013288940140205,5.17062326579828,-2.518376763412305,2.2293046305226207,3.3633347526175017,2.0693510206333827,1.5600300879200486,2.5915068052799435,-3.129165221933657,1.169592179004459,3.3406018696258184,-1.5463326316900645,-0.8176937234030105,1.7492191495413603,0.37009603162946103,1,1
prime,102031,-3.55890437430737,-0.648941049597817,3.617585497444014,-1.5106332584832094,1.3523525556719083,2.027528119772434,-1.199622095202752,1.8207306356390187,2.18040207733645,1.3910688227335202,-3.7553246357599055,4.004689200116095,1.9541258230362,0.7033046348483284,2.0768353670081905,-1.9870184961782729,-0.02402674081600753,1.987163754809554,0.4483983974090724,1.4149511174834015,1.484300437130755,0.17754394109607652,0.6567442640043847,0.6803196890599212,0.39805114934409735,1,1
prime,102043,-1.4550233965803079,-2.453297903811511,2.8523260138774544,-2.808430721042356,-0.43514575307676095,2.8419421073123976,-2.415801177863505,0.9777925480260089,2.6061798859522134,2.419840902750199,-1.0314450298069173,2.630495931214548,-2.228585581764594,1.3052287454197384,2.582676087533824,3.0219113757171097,-0.9108144835473604,3.156189377418301,-0.8146463715214483,1.2732490545481232,1.5115594151540162,-0.31719801710526374,1.4962407266172253,1.5294936724431236,0.2771207554775091,0,1
prime,102059,-2.94703844887333,5.65447269131983,6.376370208513574,0.12122214172155386,-1.2573539779675411,1.2631840062138058,-2.2532904360622013,2.142718057125168,3.1094305687021926,-0.8626330956378434,-2.3476122502888734,2.5010835922447927,-0.5121245362573834,-0.3956022595227042,0.6471264856087325,1.2463003521461562,-2.2788768717204735,2.5974110888001776,1.910418363578181,1.2955763613200244,2.308292969254113,-0.6676887009018304,0.9079148231542796,1.1269949101106185,0.49991922878207895,1,1
prime,102061,-0.44014500710165927,-0.18841048598063953,0.47877566615689693,3.1997306112823964,3.1541374971426652,4.492978893302195,0.9243573818836397,0.24488019942889783,0.9562441537155214,-3.1598037236462577,2.249616450962169,3.878805711608714,-2.0596137160178456,-0.09056417551421664,2.061603872982249,-1.931557027462893,1.0851604790456957,2.21551028334873,-3.128672303219225,0.035631455025885383,3.128875194301996,-0.28109022284048113,-0.6657116783558976,0.7226228283661799,0.08020783183226868,0,1
prime,102071,-1.575135230820496,0.881944454432104,1.8052360001051049,-2.9710623338981885,-1.3931769291951634,3.281486454025099,0.6567845346459921,-4.053045528616227,4.1059157300151865,1.3235586127278567,1.3929024152289835,1.9214537568405918,-2.604807584600737,2.067214025067493,3.3254167224919753,-0.1897397548029186,-0.677308743056009,0.703383471495302,-0.13000945804337777,-0.8644201646848974,0.8741422540379786,0.22567754063190548,-0.7822191055873137,0.8141235050601858,0.27610271392649655,0,1
prime,102077,-2.6074189561528343,-0.7176205928787069,2.7043692292711667,-2.7732158839484145,1.5481965203134846,3.1761043440816876,-1.02174300829755,1.5897809761841837,1.8898048384005326,1.6988854710783232,-2.971836752925187,3.42316016713766,-0.6947614567076928,-0.6945458561614418,0.9823886339110532,3.595054055014602,0.29259001346977476,3.606940888683813,-1.9984063486798571,3.181499918230841,3.7570692919011766,-1.8249306342792573,-2.0742699497876695,2.7627825908896693,0.25537392665271536,0,1
prime,102079,-4.090868298263659,-1.8679517322073533,4.497159893487783,3.2525985619836497,-0.6737848721766125,3.3216537235829025,-0.057271343856184154,-1.2870737711281452,1.2883473519020865,-1.5528000151524397,-0.7283947509289423,1.715152121602703,0.16838978821940717,-0.5535261346584612,0.5785726423937738,1.940534511720654,2.222548675552047,2.950490943279961,-1.6181892331152703,-5.089869330374096,5.340908742382052,2.124507366990691,2.759186936498874,3.482333140718125,0.16612816698929267,0,1
prime,102101,-6.1187085811565955,-1.3479702959327198,6.265430441704409,4.532993340854071,0.9651626092358899,4.63460542986071,-1.9611820990584314,-4.248769261777283,4.67955932385633,-1.098408969548603,3.531237208576984,3.6981263482503404,0.0327460402756945,-3.093563900191554,3.0937372072821754,-2.1677299823093463,2.1439236617516073,3.0488460019524273,1.9643155467283344,1.3152244161231867,2.3639692958846172,-1.818818272501264,0.04674182207113753,1.8194187825553008,0.49834958216254016,1,1
prime,102103,-5.531863467884837,-1.3830998751870336,5.702146849394642,1.1656798061710052,-1.6181219787325123,1.9942738399156954,-1.1342382764957295,3.2666607860970864,3.4579718274289677,1.137447134768634,-1.164285588714511,1.6276814542414832,0.08910446792962437,0.45683117622430613,0.46543993143638257,0.3782425221106762,-1.3204222322674868,1.3735291321988399,-0.40431952728008136,1.0104021378378578,1.0882953460744478,-1.50051795088826,-1.3023100572795063,1.9868481588257452,0.4110384569629071,1,1
prime,102107,-0.15699504633778338,3.2776932313667015,3.2814509540021612,-0.4935195370426315,-3.2493793317743576,3.286643816297279,-0.11419822668275642,-1.5019451436371256,1.5062803356190482,-0.016269047745503307,1.1451932747900342,1.1453088310752118,-2.750057267508804,1.8029736844803397,3.2883930850046807,0.2660289232012413,0.9237438446110583,0.9612877188627923,-0.5798098995460164,2.568974342513689,2.633592354960274,-2.236188280420989,0.7750398717056624,2.366690691287247,0.10795546684151536,0,1
prime,102121,-2.951519605787027,-3.332402607371206,4.451558729362067,-1.6032207902330755,-0.9201654401445429,1.8485186878882147,0.31760595200904496,-0.2436295631686518,0.40028602873610253,-2.5574764472885056,1.898643249161179,3.185205168591304,1.083411279138697,1.855552924879597,2.148687193798617,2.6263094890004273,-1.5371929092861691,3.0431009796543655,-1.6294752941712434,0.005883648046697276,1.629485916364053,1.6877997798823343,0.5365712994905648,1.7710383554310307,0.2692107065559676,0,1
prime,102139,-0.4204585865068764,0.8386050611169217,0.9381065352604022,0.44476560388004727,-0.5593556211903805,0.7146293818141398,-2.4411461937826884,1.72404363864315,2.9885650749758854,-1.7221495227600074,-1.7977145390428733,2.4894932300829122,-0.7103360591912282,3.04250406733722,3.124325257835818,-0.6184254751708324,0.13569674588086378,0.6331379590444135,-1.026536355828173,-2.5778549893645852,2.7747275967252842,0.01977420375487149,1.9536956711776055,1.953795740273853,0.3390321615233212,1,1
prime,102149,-3.08516726260176,2.721912338258077,4.114251306786107,-0.6673866411280345,-4.053394915253861,4.107969725760162,2.6284517770561173,3.0693485306761774,4.040997296098262,-4.554344333277051,1.6346150735934013,4.838803441437928,-2.2403830956845976,-2.71941135843588,3.523423697459529,3.7140993173582695,3.5597882790175084,5.144572511942232,-2.565174979170076,-1.6041814205896059,3.0254785908885697,2.4989610385903793,-4.188170709000409,4.877046253637717,0.4800132826151,1,1
prime,102161,-0.7593837796759048,1.4551780106460521,1.6414039013913257,-2.1152475807349047,0.9114060553747201,2.3032440872774584,0.05360969261322668,-0.6007738087588022,0.6031609805289484,1.2861358167456534,2.244402042530359,2.5867906501358893,-0.5256821878305482,0.25714888000682823,0.5852070651411156,2.0310480441280774,0.18685962436538006,2.0396256217194515,0.3049245345603322,2.0818531209534985,2.104065443136372,-1.0668264704311576,-1.2851546416991484,1.6702518286454497,0.13046695491368587,0,1
prime,102181,-2.9951091847828235,-2.3638372019086877,3.8155478434817094,3.2985450732358457,1.6183940401222698,3.6741800267912503,-3.1912852318782314,-2.9979761610278044,4.378602801499024,-1.95015430296013,-0.5652217114595701,2.030413107832787,-2.4267932437111024,-0.05087886951287368,2.427326534911354,0.6383495795510743,-0.041751082699007735,0.6397134816615738,0.8012665968600274,1.7159473370302893,1.8938065959080908,1.3134911461032095,0.7418190636177208,1.508494121313767,0.34707172054103097,1,1
prime,102191,-1.9132572766633271,-2.503637182992758,3.1509923120771153,-0.07453370280305671,-0.5200765909435411,0.525390267611601,-1.447765591553675,1.554970330536023,2.1246077136577637,-0.7698915707065419,2.9546489221886674,3.0533069423226413,0.27915848530974485,1.9132973655740466,1.933555344186718,1.0227661113617914,-3.1690006061898495,3.329957261074345,-3.706530159172176,2.275220792145533,4.349137325247877,0.004935831876202709,-1.209180247942019,1.209190321847406,0.3989729295523292,1,1
prime,102197,0.5898424559380262,5.198962896302017,5.23231586584297,-2.872707108792298,0.36628847587176994,2.895965017133713,-2.548490668939806,-0.7862592534878786,2.667022366491998,-1.5145571814032621,1.4142689480441772,2.072206580711049,-2.7455498638669042,-1.7994230569492826,3.282676863911566,4.532139151279947,-1.5736298499321437,4.797561483833425,0.9797674404687867,1.5335619504628897,1.8198232038608313,-0.46146600834099916,-1.445898546462546,1.5177527741752537,0.32398664615894884,1,1
prime,102199,0.08564414288240729,-0.3400836069769223,0.35070183766911733,1.6743585221083508,-0.8423537993056565,1.8743095752200423,-1.0192890258880474,2.1225846427784525,2.354637059942516,-1.4626361709006699,-3.7566938018393112,4.031383495675507,-1.213327229461346,-1.223021421758156,1.7227722901857014,-2.065492924777904,-1.7775037492959331,2.7250285505052383,-2.4311424047790964,-1.1908403420546878,2.7071302356148315,-1.0666340223967468,3.839223980518801,3.984639119208274,0.31059699335666047,1,1
prime,102203,-2.614716078564809,-3.491154492432567,4.361754218377902,0.3329260494512213,-1.2272568446728327,1.2716128016025612,-1.571081529503217,-1.2051162497436074,1.9800510972553873,-0.6187925585961359,1.5329737154628273,1.653152335047759,-1.0727593900229846,0.12232801637853508,1.079711467232609,1.4177954849969865,-1.2192983028473305,1.8699819219993066,-1.367013510860573,2.84545879249893,3.1567961097740884,0.3154259612353729,-3.5743651484184644,3.5882558090595786,0.30806726388751876,1,1
prime,102217,-0.39265944670523334,0.09628377737013805,0.40429198220039225,-2.007018978089026,1.1121307013191863,2.2945500376383654,2.2109353605048208,0.8769290767674299,2.3784952751709976,2.4748205857244914,-1.80940886713633,3.0657295020920046,-2.910311402155851,-1.039577693370457,3.0904100436789608,0.25198626169680344,1.5615247859034127,1.5817258716587488,-2.2096098327022595,-0.9795415592748209,2.416997575323785,-0.2064351204424265,-2.776524320631323,2.7841879897035167,0.23492522682901096,0,1
prime,102229,-4.705669273767912,-3.1896125065081975,5.6848000189766505,-1.4710199962325685,1.911123167101207,2.4116989010129384,2.094620453094399,-0.14499177055627804,2.0996326955090097,-0.4442509897316033,0.3210339282284226,0.548107402751761,0.24868682221874194,0.6498863368083431,0.6958429322163323,0.14465693527227275,-1.6695002962582772,1.675755611098719,-0.6754347353402106,-0.5431788738784278,0.8667498893752091,0.40804511714809805,2.701717655181353,2.732357792447218,0.23567841740674128,0,1
prime,102233,-2.3483610557526,-0.12684247575670682,2.3517841443958156,1.9627864875689687,-2.952814945851913,3.545651830091297,-4.123773061938609,-1.1749111942669477,4.287880663076377,2.4554898982839237,-0.003169064604831684,2.4554919432864906,-1.3159658164234636,0.3475795267376043,1.3610942500070338,2.5201625477880087,-0.8650352494681719,2.6644896791122705,-3.0156638075366566,0.6144915449169716,3.0776335160088393,-1.5007228394118395,-3.390156855237579,3.707469830470193,0.32448885854451326,1,1
prime,102241,-2.1639699070734593,1.6882265353317694,2.7446082768434965,-1.296506961261995,1.0517315236939315,1.6694518557096432,-2.1410457367489197,-0.875168958963727,2.3130061724051623,-1.9428841477014633,-1.9005419749834722,2.7178775929139483,1.7082614444978954,0.9814019828026611,1.9701033004913804,2.966743206724539,0.42496423611925077,2.997025167833366,-0.1785472467334437,0.5257468763117552,0.5552376943865224,-0.07102258208567738,-1.0260701667892098,1.02852525216494,0.3194231939167882,1,1
prime,102251,-1.4323651585774666,1.1979267836564684,1.8672703410347902,-1.8191471573339335,0.6185963376670242,1.92144680098388,1.151734653011296,1.5467995176296783,1.92849201675466,0.8749093349660273,2.709638471521205,2.8473859925831038,-1.1345075193504601,-2.4765755173837105,2.72406563885071,-0.16879648357033572,-0.08592193819164912,0.18940652662545762,-1.2984298545434505,3.0524336058633335,3.317117876315757,2.836670565083268,-1.0215305153549972,3.0149999151925813,0.2599506645767484,0,1
prime,102253,-0.22517340804845742,-1.9821724751150238,1.9949212477678855,-1.603541193413731,1.8455014238724827,2.444835345067249,0.8390669848499327,-0.6386507557808894,1.0544705747078287,-0.09952120067292775,-0.9574666537682412,0.962624985371528,-2.0003920454560236,2.9188398368605943,3.53852996719939,3.2569240645656095,0.0820017881129822,3.257956208361355,-2.025635819438242,0.9395176262913926,2.232911517078868,-1.5411755126481679,4.9106322555770845,5.146798141592541,0.06778072090654697,0,1
prime,102259,-6.415160157992764,0.0509152850509168,6.415362204813502,1.1279304949554292,-1.9601169100898888,2.2614786098194104,2.335207502556944,4.459879519681462,5.034254603223043,-2.2460792812875976,-4.61750002697581,5.13480073975135,0.504167414264434,1.797676029825454,1.867036124400139,0.6803810566290301,1.458315944813912,1.609224588775019,-1.1353375703321642,-2.612223359034741,2.8482805824030897,1.524154633576739,1.7282201140630582,2.304298615567343,0.7334488114107747,1,1
prime,102293,-0.604107038055856,-2.1267104019092757,2.210846545334554,-3.5767391334982985,1.4578921022156872,3.862448991352641,-1.6080435322262496,2.6704597623266273,3.117235849874093,-0.6837213409482229,-0.12031875516219215,0.6942272501939228,-1.0608437320958284,-2.076893873872498,2.3321401302786495,4.9788165584634125,-2.048115020469658,5.3836223362995,-0.3193476053378297,-0.32427712217737203,0.4551247576243732,-0.20681592220791112,1.0971171370518427,1.116440252808694,0.1218658247076446,0,1
prime,102299,-1.6646759511425282,2.213548095884414,2.7696464025405474,2.802151536403083,0.033130050000114486,2.802347379105447,-0.12242399929114922,-1.2128769187199335,1.2190398088520322,-0.04781862262401998,2.6241180217665194,2.6245536787860693,-1.81579233191561,-1.9323757349141728,2.651636810260526,-2.0446216726199333,1.3320705019840628,2.440264249298261,-0.08870290832124894,-1.5454162910764535,1.5479598569307764,-0.3503909389579717,2.1399605455011694,2.1684568122066694,0.18503237216488522,0,1
prime,102301,-0.7412883786827069,-3.604904049210824,3.6803317329266165,0.8025108545077595,0.2540433283384754,0.8417610612733668,-1.6399387700504073,0.5039855606358523,1.715634172789723,-1.1407079315995863,-0.884106832212852,1.4432115146365936,-2.000218176176525,2.0190877114704358,2.842109768977593,1.3946043383914497,-1.9414935190582694,2.3904640439056,0.3805475648807169,-1.972160807744873,2.0085404404048113,-1.1595642255372502,-4.460421413549971,4.6086818483814795,0.277577713732119,0,1
prime,102317,-0.17087689879926848,0.536805823785016,0.5633466135451292,-1.4711308768892684,-0.39876628461032526,1.5242180312143372,-3.55399658881501,-0.7404112227084751,3.6303030909307537,1.1198047084369773,1.5698780844376086,1.9283360145563635,-2.083677371914338,0.74592092844214,2.2131672828134406,1.9300049655581637,4.235456342821777,4.65446125765683,-1.4765079810950001,-0.8757974848968225,1.7167111151235765,0.9727619690367462,-4.911369238623574,5.006776772186089,0.29391347854536154,1,1
prime,102329,-1.9859628123089288,-1.0137414174038701,2.2297353998252794,-1.4570080098591145,-2.595807292868054,2.976757941536495,-2.2101839469208198,2.813800413839916,3.578042180879395,1.599702304096527,-1.4474966732187267,2.1573813016504566,-0.7262271235755777,-2.220505958725691,2.336247535633405,0.49478202830866785,0.3385310208883615,0.5995102231329801,-2.428736873650147,3.66248977288675,4.394609668437907,0.7660419377563811,1.0539206942220039,1.3029079323232866,0.28516753514554083,0,1
prime,102337,-1.1049223254680787,-0.1290909396982226,1.1124377807454926,-2.488659935924919,-1.436775155938343,2.873630304231822,-1.9899508305977764,-1.43000491163532,2.450473088099096,3.159865853681673,-0.9994416192429069,3.3141568706894806,-1.7874885924956665,2.3977751484967667,2.9907258535430543,0.32790944053269,-2.423433994258476,2.445517721407484,-2.162192921354149,0.3165859740689293,2.1852471045927877,-0.6523659745421739,2.266588542601967,2.3586023374436964,0.24834327697043002,0,1
prime,102359,-3.549931821347944,-2.0967000107184726,4.122883320100821,1.3582718993978462,-2.758571519436152,3.0748364802925887,-3.7630382528066537,-0.7146774969413698,3.8303029667012685,-0.953345594105897,4.0368833026759425,4.14792654482031,0.29020467941857775,0.42115028654411624,0.5114551004854978,4.463094984017866,1.1007204509729787,4.596825246575684,-1.5740101182454351,-2.8683137076667595,3.2718085790473808,1.2138032374147247,-0.11240277737816795,1.2189965888060528,0.4780883366579428,1,1
prime,102367,-2.454580629682327,0.9781766891015681,2.6423087826204936,0.41008982657698784,0.4368105303870178,0.5991469813984978,-0.8423554103077784,0.29061619166799296,0.8910782278421987,-1.5157103879189986,-3.6322187730644013,3.9357834284227358,-2.894587706337582,3.034193860439782,4.193443736645471,1.7372728777790645,-2.041318213132115,2.6805031429065034,-0.8795895258431541,1.1573958215615565,1.4536997013624013,-1.1529120130691966,1.6506988803005096,2.0134579467435176,0.349990555241542,1,1
prime,102397,-3.4276792877561792,1.6650149286043034,3.8106771067866534,2.4570284176007626,3.064664091920082,3.927996262880357,-3.414420433235544,0.6047939299368552,3.4675701279981155,-0.205937296586163,-1.2074111125874418,1.2248476496792822,-1.0324654121576555,-0.8342858504901394,1.3274101504922782,1.7500173702953425,1.397457606445431,2.2395197159542084,-1.8220225307567746,-1.5208830064752143,2.3733628508869873,-0.21145703047252395,0.5517458985139427,0.5908786781253965,0.22616205515947152,0,1
prime,102407,-3.2155040866442666,0.46279565004390266,3.2486376136660025,-3.6395767563073003,0.4670518242935989,3.669421803449196,1.4932947044230211,-1.5211591699218445,2.131631838403422,1.905108466646421,2.3321928309175286,3.0114052650334187,-0.8773982494543423,-1.7586751771444866,1.9653920898512174,0.35101851209016505,-2.1923133926638503,2.2202369259795844,-1.048510497598774,4.640363957346311,4.757347151534513,0.47604656904988174,-0.2928953265620893,0.5589347083748483,0.23954471735419589,0,1
prime,102409,-5.399355205324014,-0.49103649202553223,5.42163752659289,2.9780011325238878,1.1667892860274764,3.198419607134446,0.2585379527528644,2.6317764786453983,2.644444990270135,-1.5765966182211195,-1.5770894546170005,2.229992835067059,-0.1853654165452946,1.0427811520028278,1.0591283532336178,-2.2442563029424143,2.178884279950592,3.1279742739850924,1.7016116223248505,-4.529781900095717,4.838843475011956,-3.003578598767624,2.051240379644755,3.6371790571897944,0.3227317822478234,1,1
prime,102433,-3.0724938578868772,-1.5640077892541815,3.4476570118850773,-1.2258076329336882,0.412706558569401,1.2934183609508139,-1.9518366258493451,2.761839723854073,3.381926207690715,2.426497579978335,-1.4147666016046294,2.808817374386706,-2.934929167093252,1.3487199227695925,3.229992979238547,3.6056432218676413,-4.498189526768421,5.764926023994512,-1.0408353351138904,0.3277552907766288,1.0912202918997231,-0.9012540817811119,2.377603029242965,2.542686587960152,0.43749813501831436,1,1
prime,102437,-1.764669514845441,3.2219434584802964,3.673551162876164,0.9863654904194197,-1.4997915033211575,1.7950742140994282,1.8693738397933637,-0.8955878157460964,2.0728328655771184,0.02277986961548789,-0.22325691056129893,0.22441606576418377,0.8308262746696156,0.3163707913285858,0.8890234959140658,-0.02680905711842732,-0.004541232012445162,0.027190960478989248,-2.886938847693408,1.7880674475111284,3.395821124142187,-0.5229510037204219,-0.2664971876594374,0.5869399486511258,0.1794567942126002,0,1
prime,102451,-4.326318852150186,-1.4123611185322396,4.551021724801118,0.9845955529070114,3.4796900891398,3.6163063364795316,1.1155693763611512,-0.2181662596099076,1.1367020499264464,0.40033921303536363,-0.6507642499447472,0.7640455447811496,-2.369985748351741,3.321547404360239,4.0803810614699465,-0.37016491522608364,-0.4413625749408878,0.5760407859021655,-1.218677731253707,-1.887930032395536,2.2470992901682587,0.6473618218809019,0.9304514896334527,1.1334978178144286,0.0862330754056683,0,1
prime,102461,-3.082551315688497,0.702519775401016,3.1615908414408054,0.20886032684227446,0.6252785965245389,0.6592389243668481,-2.86331528455014,1.2677756709972035,3.131426124102381,-0.7845289143356997,-1.6126592377270272,1.7933642782365964,-0.3304168352251085,0.15502630358775682,0.36497731409535555,3.9275001838685073,-1.8354881401870013,4.33523637268538,0.8882571249909581,2.173755417583948,2.348236218009757,-2.0933455894320443,-2.352499324778117,3.149023472423807,0.38346714439733304,1,1
prime,102481,-0.8134743494613603,-0.6178984026692826,1.0215375437314258,1.0348870276754596,1.062325708423526,1.4830802644592416,0.8699466978520093,-4.828019420911868,4.905769948316553,0.13082261306199627,1.0918958898750177,1.0997050470077536,-2.8747855859034246,2.245501993002274,3.647831049472451,-3.53291592315915,-0.013626703709542276,3.5329422026358506,-0.7934027336907308,0.41883739682431675,0.8971692498110347,-0.006653145711622344,2.5943397480815245,2.5943482790141283,0.34551575286212455,1,1
prime,102497,-4.998203954279729,-0.17447009330786023,5.001248102427671,-0.5105681258138975,2.2613686541769087,2.318289887220966,0.8494695364869986,-2.400281984945524,2.546164193580897,0.9862994549050506,0.8640354713511773,1.3112375492255592,-2.650720296720445,-1.3272335388389709,2.9644336656543255,4.17929351645665,1.1805620591564985,4.34283560271586,-2.7646644076471856,0.8423905088261164,2.8901541578731553,-0.30571984449426454,0.6740746493452224,0.740162993000516,0.2925633196241877,1,1
prime,102499,-4.828697501132999,1.5049748271956167,5.0577928771293665,1.55938595622433,-2.6783132575784747,3.0992009399505362,-2.476688976904917,0.8207017147254314,2.6091262125231864,1.8224906160474021,-2.70310635301155,3.2601006121394844,-2.5673731795397434,5.051333112597971,5.666336669970177,2.3763987726695297,-1.5772970368995893,2.8522161680625593,-0.5168840123006563,1.0378623511401526,1.1594513107872146,0.7662533541181705,-2.110216355024494,2.245029458094082,0.37480562192314243,1,1
prime,102503,2.1441582021753494,2.931371141512977,3.631852304988588,-1.300635633768941,0.976207298916698,1.6262329913907694,-3.538741399506556,1.4362697433884852,3.8191047993417055,-2.2562438450848,2.4430474973427336,3.3255251258644307,-3.3073043867763716,-1.1009436191774447,3.4857336615693635,2.182314509543534,-2.556762933525027,3.361477847139817,0.650592990749596,-0.2630829588811655,0.7017719593045684,1.7941872435944244,1.115646723752282,2.1127648892615003,0.48607701918936325,1,1
prime,102523,-4.918405494272027,-1.180390930033127,5.0580663651033415,-1.0787789016146725,-0.08644368674596581,1.082236771481728,2.3994839186316526,-0.42698389126162317,2.4371783519407906,-1.3009167802704895,2.7975218574821215,3.0852087469536893,-0.5413140797421021,-2.538533978214143,2.5956069986565304,2.6042405377546944,1.2956508046129058,2.908741959332063,-1.0550479360228955,-1.134946324281545,1.5495900445944928,-2.488428664226921,-1.3106865280830922,2.8125035807701098,0.4561577827021701,1,1
prime,102533,-1.1999932843444974,-1.5322058822770708,1.9461856921055478,0.029948388706169837,-3.4784152279845437,3.4785441501094767,-1.2747390201583935,-1.8023056910064372,2.2075473660487046,0.7917869490835016,1.4700195099701518,1.6696957604401603,-1.8028726970188438,-0.6338823505165413,1.911061693392543,-0.057460042432594394,-4.592285213295261,4.5926446778219905,-4.263086252585775,3.0682052122164225,5.252407792742091,-1.0492374367466462,1.5388350468935026,1.8625016779102241,0.1311454489777295,0,1
prime,102539,-2.047309457219893,-0.9271481838337043,2.247460737901365,-0.06663070983046149,-1.659257585195427,1.6605948890446067,4.733325095413892,-0.2937283714865453,4.742430053790047,-0.054729434153255374,-2.6650676636062878,2.6656295621414863,-2.9061764005525443,-2.567818607152115,3.878086341272609,2.0702052910542146,-0.9338336741470445,2.271077999118444,-1.5220224932681914,-1.1255752406197632,1.8930060993854616,-2.089206949377747,-1.753885647610785,2.7278014118009715,0.45968539507281575,1,1
prime,102547,-1.7593371866689287,3.3124479244896756,3.750677084054572,-3.2491317892150264,1.5528441329119496,3.6011362491311965,1.401864405480714,-1.095722268998967,1.7792782531504283,1.576031073455976,-1.2747815506269,2.02705252677811,-2.521320273129884,3.3604473194508913,4.2011500933078345,0.025267867061244287,1.1598734989152906,1.1601486967590935,-1.9552287885292072,-4.152402649178594,4.5897023189308035,0.18710111197078083,1.1761612555874406,1.1909500935159825,0.17789993150073433,0,1
prime,102551,-2.763148625710819,0.6227644779441978,2.8324593417658614,0.5517893936295015,0.9657525074379448,1.1122721971463148,0.7389994954677461,-2.3247805150290723,2.439410727483263,-3.0459883304144046,2.0695220987073695,3.6825217753679187,-0.6394498159964386,0.14379399028796858,0.6554180183827841,-0.5917476824477504,1.6391305473011615,1.7426744592086296,-2.9453011846768415,0.41902449595629887,2.9749589235265477,2.415543519088095,-3.048144682306986,3.8892205513296436,0.416579541973446,1,1
prime,102559,-0.3757709817794548,-2.031458572282567,2.0659205603429722,-2.311139407752136,0.9128562183336281,2.4848886971885213,-1.3701681149282066,2.9044840178023743,3.2114464144424613,0.6313701783584689,-3.9190406034348793,3.969572716740635,-0.9341595189585341,-3.6368276613294883,3.754886076177566,-0.09321087786064125,0.21731581699658709,0.23646232695388394,-0.6721407186704468,0.931941865317343,1.1490382004206796,0.9700920213665546,3.2622922848121023,3.4034731498079456,0.38880161203196056,1,1
prime,102563,-3.9413238844314646,-0.5278348096401825,3.9765114797090444,-0.20578156753890525,-4.511761613038491,4.516452026361672,-2.1436387071275274,3.192110614785724,3.8450951982653265,0.4362973936442779,2.8936494361398677,2.9263565187743894,2.009146723568992,-1.606759641945323,2.572614837827901,1.3177528705763002,-1.064493778205033,1.6939951687502848,-1.521238429885697,-0.8903017412752544,1.7626127059223333,-2.620824543794205,0.9645846879869849,2.792694918828953,0.32776005681120535,1,1
prime,102587,-2.287188137489133,-0.06642690914869476,2.2881525540335064,-0.9399751226079265,0.20832898172712414,0.9627846050645216,-3.2727972345818954,1.5393647351835944,3.616745156437451,1.7727485438240551,-1.316171538564412,2.2079277430562168,-2.7394333754549143,-1.7201573505957888,3.234723563052186,3.3976531996938952,1.8754285083937559,3.8808864136284886,0.982695886762663,1.5095897049478166,1.8012640792356605,0.2774190091018799,-2.768638533437529,2.782502584984636,0.39555014246444786,1,1
prime,102593,-0.17907260667301983,1.4670411960806233,1.47792992711371,0.42671966454212756,3.3765944332157076,3.403451136498106,-1.9272335101407327,0.1592266470120678,1.933799919259507,-1.1316184203268331,2.866048570445004,3.0813624677036695,1.5894176305860115,-1.0024845924579404,1.8791550661223286,1.4347876309762408,0.22930014133856416,1.4529948729504516,-3.166661222557577,3.3034479787004627,4.576080402094135,-3.3485933093457536,-0.8349958720161986,3.4511295625750185,0.18561813296503876,0,1
prime,102607,-1.2049106518892239,-1.2502042366425794,1.7363237924866344,3.9344936568818336,3.042194429836086,4.973448228841745,-0.9080550802932548,-4.000344556466905,4.102111724380601,0.9168176196174196,0.0350285570983323,0.9174865380229524,-0.6635130823989073,-3.08880021690557,3.159262000922113,-1.4852498809634225,1.5313747519719887,2.133325066622321,-2.4291252188067034,-2.9591406558415443,3.828467415258623,-5.466490141320461,-0.8588802314619802,5.533551275370093,0.12729900931964516,0,1
prime,102611,-2.2998774649449905,-0.7438850379379335,2.417188719034928,1.307162565816047,0.18671444610657129,1.3204303305573055,0.4755359177143127,-2.815867256713815,2.8557385763527763,-5.1037656087526875,1.7316666972537762,5.389535503126822,-0.1528766037136411,-1.8048972261330034,1.8113600561085659,0.7249144035691547,-1.267871310195713,1.4604788775327828,-1.407463226104929,2.4047241141738906,2.7863328584587843,3.1603211198700594,-2.8437609645735575,4.251423997242462,0.5212160483278377,1,1
prime,102643,0.22388398876714444,-3.70939885436838,3.7161490687559526,-1.937000888214551,2.73457039680166,3.351096491599123,-0.6792858022746908,2.104372920243704,2.211292515391617,-1.3489887397239966,-1.8912099601609715,2.3230251254160383,-3.2618210859877124,-0.21340851339652267,3.2687948835288165,1.8679992665414513,-2.4099115996140346,3.0491138348303224,-2.998238264946096,-2.1180133031889694,3.670887228705402,0.6906292401802581,3.801761169204624,3.8639819791329346,0.23551323925623713,0,1
prime,102647,-3.6064841647629917,1.557944537649012,3.92860270491642,-1.110510837412904,-1.2863254996206845,1.6993727110277819,-2.526327197777795,1.5481401909608086,2.9629490648845067,2.622681004942792,-1.4693026895503358,3.006211244608001,1.8467330565223918,-1.2188335913381962,2.212685767438951,-0.5267079845445899,2.395057172558667,2.4522887596707976,-1.5852651135068045,0.027285716410923255,1.5854999181399534,-1.892776564407752,-0.11461246899110789,1.8962434286819432,0.4169742482069446,1,1
prime,102653,-2.4614888733611147,0.19356279771035922,2.469087691909307,-0.34125521261497815,-4.633124166645166,4.645674834046003,-1.4710875774190562,-1.6200497031183407,2.188300642281698,-0.6897950387911446,4.144546282321338,4.201556983053366,-3.105403438860614,0.022007837428683286,3.1054814220979674,3.098022933311439,-1.0033294667925223,3.2564422479537054,1.3286038956232424,3.6056227988774934,3.8426168270139067,-2.355904763922255,-1.5160251172165027,2.8015387580226134,0.23846357429273213,0,1
prime,102667,0.5742266276002298,-2.1579614295937697,2.233054802609985,-2.456057816434682,1.4411744914986082,2.8476663977046486,-2.0863399219371437,-0.17104980446533014,2.0933399880278203,0.8079853739764029,-0.40436698977483676,0.90352256583848,1.928338959822593,3.8581280007102485,4.313194038509529,3.613436739277416,1.8496821416174212,4.059340967913167,-4.504056596076952,0.3181670594509006,4.515280290124183,-0.6095928103908621,0.8340198357865879,1.0330500863780596,0.11973739511030418,0,1
prime,102673,-3.4632204495780146,-1.0550031340608097,3.620349084722836,-0.17391323467975714,1.030965080767217,1.0455308751816612,-1.485982786139896,1.0423842488513377,1.8151335386019003,1.46161939647802,2.0601274149925413,2.5259564972826873,-2.186883866253016,-2.3369308023537974,3.20057910689108,0.3349008390072564,0.3876375303767393,0.5122708530888145,0.15137879941657628,-4.411817107812586,4.4144134076568555,0.8631623327003566,3.8748859706997236,3.9698602618377214,0.3362282242987772,1,1
prime,102677,-3.319611460039247,2.0124868591421032,3.8819999489752117,0.711089112450829,-3.019438931117447,3.102041131995799,0.7040911589053157,1.0284856907763156,1.2464057028834012,-0.353096888139373,-0.5101031866453076,0.6203891306586589,2.862695718739373,-4.2822467199984775,5.150986677232475,-0.4359626000651418,1.5408929711040213,1.6013789486106458,-2.6148118618815532,-0.23188130749317026,2.6250733349377535,0.00177071968707887,-1.3711623792970808,1.3711635226506873,0.08896489579131647,0,1
prime,102679,-4.029496548213698,0.14415318183133852,4.03207422698271,-3.3312644889755783,0.27073276169519145,3.342247645487214,2.7745876945455077,-0.6275175231871508,2.8446643240688863,2.582362913239488,0.15062747833662,2.586752182352377,-2.830874226693362,0.5608463130826453,2.885896303448053,-1.8979920679412419,-0.277316096781001,1.918144443857584,2.9643573870115327,-0.8103244878551576,3.073115763121781,1.400866179865257,1.1239047870212753,1.7959922116144091,0.30371282189324056,1,1
prime,102701,-5.810470845927442,2.336663245291753,6.262712397457682,0.17128581796880477,-0.7510441652333567,0.7703286114174341,1.6153268266101235,-2.546789623944116,3.0158610951759273,0.8870031700084976,2.672167584245246,2.8155379986596163,-3.063690114417355,0.5209656488041635,3.107668309908985,2.574514497868342,-2.628116828275205,3.6790111392597886,-1.5310726183808905,1.5680282220966748,2.1915510188100518,1.5419860423479756,0.017941214383392134,1.5420904130334006,0.5339302559139966,1,1
prime,102761,-3.4984982006680174,-0.6736605356348315,3.5627669271717957,0.18933837862888292,0.0877767258994272,0.20869541257880445,-2.2748017792104256,-1.2092861125871137,2.57625620558107,-1.5027822532786157,4.981107468631171,5.202863261207465,1.8223503882233312,-4.219984883453066,4.59665458284937,2.6525021841987106,-0.2214888638549567,2.6617334866568987,-0.6559903570039487,0.4122439366224152,0.7747699089175534,-1.35794428679828,-1.1129851197708451,1.7557757723808047,0.5865316732391416,1,1
prime,102763,-2.4947953940962773,-2.517202667020341,3.5440532339763635,-0.28242555151398413,3.768152747016819,3.778721915806768,-0.45361879876252637,1.4322277343042025,1.5023469298071288,-0.6839186727872351,-1.3994352662337337,1.557614784009748,-0.042920091655905934,2.5183533705616163,2.5187190858225548,1.5745167991495759,-2.1517628744693003,2.6663057999315476,-2.7199916039069607,1.685856013512696,3.2000726278666365,-1.1567561612579547,-0.8196938208960347,1.4177386136461754,0.11583235110001255,0,1
prime,102769,0.2051833763078006,0.35959194026218955,0.4140127792889908,-0.24390857074774286,2.0686451511323973,2.0829748323462254,-1.8937225953477395,-0.06359100590082412,1.8947899841834865,-3.1682451183459803,-4.364434470787458,5.393149856968647,0.7804791387869293,-0.6095846290815549,0.9903237380241291,5.157766111524798,-1.1847461227179685,5.292086038273461,0.0234459792963968,-1.8037813774881422,1.8039337492597076,0.38002919106388156,2.9627149766423004,2.9869888213519076,0.35301076202658677,1,1
prime,102793,-0.4830164125530295,-0.893190888935249,1.01542839179951,0.06317314523241951,-1.355653477441391,1.357124606356208,-1.373578381536338,-1.0750215767018694,1.744244524313767,-0.1923026262984182,1.9691312404744075,1.9784989619136895,-3.503097130138816,0.5796505447511687,3.550730101995523,1.422756014309668,0.24852659339731742,1.4442991878000928,-3.5787456792014214,-3.3708355977327136,4.916294668075227,0.5085121029517387,0.9761431912711122,1.100654391129818,0.19667484306360805,0,1
prime,102797,2.6402720113438454,1.1164435831089117,2.866615176153008,-0.44049382200714404,-1.1563406027640213,1.2373998532516162,-2.711172942519362,-2.2272914776400716,3.5087442270158693,-0.46621440686571236,-3.558137056061352,3.588550568528482,-1.3747308905968056,-5.014350965200813,5.199384638952133,0.7645939331631354,-0.6305300789438734,0.9910459439818319,-4.073112979358171,3.7637810986199094,5.545836050673016,-1.324347783165414,2.1335718261248333,2.511180158413331,0.47588282719617536,1,1
prime,102811,-1.0035962537118122,0.7432309422464766,1.24883852998575,-0.8031692250015936,0.18103988172361007,0.8233202552859727,-0.6116996574631646,-2.5336936784509465,2.606488083065572,-0.9855008174608665,-1.2946176006658412,1.627036137634876,0.12542286324608565,1.2076087834600036,1.2141045541939937,0.17760360857391488,-1.1185915159390665,1.1326032055884951,-0.22755926066288834,-3.2570460079432317,3.264985744987623,2.032987254029155,0.3339504528730538,2.0602330159521087,0.26731682346407654,0,1
prime,102829,-7.539740342409114,1.8704261903430246,7.768280283593827,4.115054665987068,-3.4726083261040523,5.384485443437389,-0.8018621499367051,4.3186984259030705,4.39250941961412,-0.8682131423454764,-3.9023966306878384,3.997811091553127,0.9680439831337564,2.2090258402449825,2.4118259299028026,-0.7548276971818132,0.03480205443179829,0.7556295623025033,1.2707301169967224,-1.7713119790541525,2.179977329557177,-2.323646656400798,2.4069595959426437,3.345562475922843,0.5088849163816515,1,1
prime,102841,-1.3822995201030177,1.3024558084247637,1.8992480344010991,0.9188855788119197,1.4430871886096712,1.7108042964868546,-0.005447486474523644,-1.2966608728294937,1.296672315674178,-0.4507998943674342,0.8276419288763597,0.9424498433316603,-5.345907583112506,1.7838027797806695,5.635661473539113,-0.11930018873345219,-3.853649685585168,3.855495873975551,-0.43158934769851065,1.3588960653841788,1.4257867587979025,0.30143861208358735,1.3150093158091694,1.3491162802070766,0.11680038821059689,0,1
prime,102859,-1.9850237882575807,0.7423986295211078,2.1193100681739083,1.330701541042802,2.5713382597912395,2.895262861572318,0.8075170981832729,3.163629384700756,3.265062747881029,-1.8009962489562426,-0.8304727813629424,1.9832479747472724,-0.33354644804012323,-0.01679768297396189,0.33396915299691426,-0.37059350077625397,3.856256951361146,3.874023388899292,-0.7418019557815998,-2.1542814049509453,2.278420179273091,-1.6066303644376618,1.1671180212077785,1.985806033670221,0.25475769290082995,0,1
prime,102871,-2.414963794002865,-2.681023124713243,3.6083147204189205,2.7454051595000695,1.6864645290951086,3.2220198785397933,-0.692762479224376,-1.8011433364237726,1.9297764562158133,-3.1911046353443395,-1.1928704317487184,3.40677100208636,-2.2381090506399275,1.6430222651554782,2.7764463413422913,-0.5580591593291127,-0.7014986804540111,0.8963985854461367,-0.9576428506589896,-1.2460352793440586,1.5715227477794593,0.4602804456029346,1.5559249011374194,1.6225783144686496,0.28464215679447025,0,1
prime,102877,-0.7992295704345853,0.2750606498939516,0.8452374029686186,-3.1470639376313443,3.250992604442405,4.524705995054145,-0.7992892727200315,-2.0997431931406347,2.2467275799762074,-0.4169429203089383,-2.5469472743467847,2.580849049653672,-1.7971730583883445,3.66633682002868,4.083118499345192,2.4826536939173454,0.8111573033092772,2.6118088625765514,-1.3241200562789168,-2.197247382255463,2.565383008883579,1.5689930607999392,-0.8674859660821238,1.7928388455708442,0.09806439364710896,0,1
prime,102881,-1.9211865292481214,0.3023518498057405,1.9448327232040796,-0.6900988737413755,1.1164396737548943,1.3125067621437423,-1.3873035304581574,1.2636220734411094,1.8765265332814445,0.23566417765920605,4.687322480679191,4.693242977144089,-1.61593478549684,-4.384931636237821,4.673207751155303,0.5795602756203655,-2.7415462151897128,2.8021359287333283,-2.073142154589762,1.972207613943138,2.8613845015363397,0.6199922713711795,0.4167141857492862,0.7470215051554305,0.4002185329356461,1,1
prime,102911,-2.7282233018906874,1.139298805379278,2.9565527482049045,0.9134179893208441,-0.40851070910106874,1.0006065273948554,0.9430887762044426,-0.43782247834355087,1.0397619738890638,0.30171631489228923,1.1896188587144527,1.2272838969371593,-2.8788813481008706,-3.8067190112749874,4.772742130813847,-0.03380882082549863,-1.0187103529843522,1.019271219864033,-0.5125578978004799,-1.0251506001888804,1.1461454321617603,2.4004306150027093,-1.2363666720303619,2.7001240129204653,0.18825317374468284,0,1
prime,102913,-2.258339390141125,-1.5923125226385406,2.7632509786145922,-1.4925289036508524,-1.9576235283456094,2.4616929960832907,1.3180478188504117,-0.12167415574244567,1.32365201354131,0.5902122976978204,0.6415959072353296,0.8717774168529867,-0.7505686969732156,0.8954814558456704,1.1684350245689967,2.1663789420851036,-5.800043055350187,6.191421255626668,-2.854470517171991,-0.30928502222174714,2.8711773122492525,-3.6415539727145494,3.798075775622369,5.261776784847736,0.10463996079324966,0,1
prime,102929,-5.609882921080797,-1.2024753411252007,5.737310636025226,3.6602536753881103,0.13501732494466923,3.6627430494408677,-1.2349332513085352,-2.493610143757086,2.7826519157515386,0.39404503123117185,1.7902867407482392,1.833138865644643,-2.626796159455686,-4.111900135162074,4.879321754596331,0.11556113403385637,4.489803128088766,4.49129007131524,0.009779879783548884,-2.2996611450350044,2.2996819406240268,-1.8581406286590276,2.23062094412465,2.9031631701027263,0.29489439261764827,1,1
prime,102931,-4.72123019362034,-1.6507821908902325,5.001509410459278,-1.317397874932838,-0.4127460993573614,1.3805421049038218,3.2256085954989,0.534774807154482,3.2696383447903687,-3.4110735780523043,1.4911801696926523,3.722773328228722,0.8967147948030081,-1.3930637695818624,1.6567208845608934,3.2940245263653583,1.0741654593696226,3.464740829326095,-3.4675608833367364,0.13642912794098483,3.4702437070900056,2.1074707229871295,-4.005361601819827,4.525964472858861,0.531656225815494,1,1
prime,102953,-1.4421336663317144,-1.491532588734264,2.0747093711707403,-1.6182099987980127,-3.3009223822201093,3.676233422084559,0.06433695890509661,0.6733880686785313,0.6764545330765094,1.0467170815627813,2.20296098050897,2.4389862095715813,1.6912258122393218,-0.4951606563375801,1.7622226940909644,1.3735088191709204,-4.913067421486686,5.10144665407903,-2.675187026976157,-1.188467804876491,2.9272993274568755,-0.8274922257009143,1.707494289109147,1.8974404156483555,0.07068710901050286,0,1
prime,102967,-2.3353864954557917,4.091269685065683,4.710893516000413,-1.810052665108667,2.406872887807969,3.011532458488877,-3.696951516234639,-2.3038015230221602,4.35602478997409,2.622883089573234,-3.83507675120996,4.646216674805467,0.5301417949860103,1.0607178554227206,1.18582152603314,2.8829479419010995,1.7472122799333403,3.371073951556335,-1.5463523586611896,0.3982162529452049,1.5968036201257636,-2.5183837498397206,2.343915832534522,3.4403776161146573,0.5650046521196364,1,1
prime,102983,-4.125146193493093,-0.9739480801997051,4.2385617820925106,-1.4687826732207534,-1.5008302456737215,2.099955706076332,-0.2920920139301717,2.007488200203817,2.0286267814852845,2.1127147401520903,-0.12130527545969594,2.1161943538130585,-0.08001202567411259,1.5271273770045146,1.5292220080319154,-0.358497448048241,-3.4242722774911085,3.442987227779279,-0.6213402034537576,1.3529031742714883,1.4887614474393895,-0.36845244545782774,-0.17532189228245515,0.4080379522512022,0.2924429874114744,1,1
prime,103001,-1.3764985360890396,-2.8568324631858903,3.17115750831901,-1.6612179721381581,0.7041629773369775,1.804297827302048,0.12841861928618778,-1.0718347457957647,1.0795003770608154,-0.9876523275232695,-1.040668129574666,1.434728990428006,-1.0844498108811718,-1.6999561056143193,2.0164032715048874,1.3740134368440926,0.3225372254853355,1.411362174089944,-0.7799438900747204,3.6075368232163303,3.690885314193149,0.600861768423251,-2.577982636729746,2.6470793981353804,0.16927619112684225,0,1
prime,103007,-2.002455628212644,2.876937367644791,3.50522426676403,-1.3185408125889109,1.2231153456182438,1.7984885385093399,1.6700940216431253,2.1021022920174923,2.684780826665987,-3.3441669281338346,-0.7747588484710514,3.432739972166298,-1.556042522300197,-1.9543008591544475,2.4981113224390485,3.9097950142918787,2.0613788682718335,4.419929851517929,-4.338603362853128,-0.9416906218378234,4.439623899320502,1.2414605081950711,-1.8237327553204987,2.2061789039506436,0.40503956672532826,1,1
prime,103043,-3.4196930302526622,-0.20772407794984193,3.425996163704616,-1.61638043507284,-0.6208893223307405,1.7315280134813267,-1.605032986833543,1.7288436788152877,2.3590318680771105,3.5875668237662515,0.4855746411782921,3.6202787803073537,-3.624134484060112,-2.9635170292148225,4.681536493609753,3.9553038744512916,0.16843706241176726,3.958888705589399,-0.3716011164850235,2.6670012390412934,2.6927649356787,-1.5250221768557584,-1.3187303607704015,2.0161206323827723,0.39563572161897476,1,1
prime,103049,-0.871960615408839,2.8093890213514197,2.9415951434747183,4.486881053945824,-0.349497119259578,4.500472178408476,-1.0508007148239003,2.6770008009262436,2.875850383875032,0.042997514832586736,0.3629906993850379,0.3655284313453845,-2.7453001466495097,-0.7843383103367144,2.8551461399122235,0.3794392339708871,-0.09595994411596465,0.3913852873463088,-2.850688839519413,-0.022392926658371115,2.850776789390019,-1.373246499041938,0.6280734560066015,1.5100603343148298,0.07806955520094705,0,1
prime,103067,-5.692450865154306,1.822230969844557,5.976999461239448,0.6190054571400601,-0.29736425206514283,0.6867264771183914,1.7645134778608331,-0.5257462602939411,1.8411727088368428,-3.2487595831189204,-0.22150090403435807,3.256301810243494,2.523642395830673,-0.6857380144405394,2.615149626021967,1.6776413660889093,0.8779403465417536,1.8934782294229096,-3.522644418574557,1.19042710992958,3.718351839695885,0.9175933476478596,-0.7211933987066022,1.1670893153420547,0.477918402589408,1,1
prime,103069,-5.641386992675448,1.8178875698807078,5.927053434705521,1.5335525740441525,0.10537536512884349,1.5371686520787116,-0.5824382114160451,-0.682349495907163,0.8971260249721223,-0.25582000645416014,0.478507714021042,0.5425988463679681,-0.9962819216103506,-2.080583687016046,2.3068173195996464,3.0496038382538235,1.2321657053573625,3.2891208393355296,-0.43414161258709394,0.40617854325588487,0.5945249774241577,-2.1190300604349983,0.95621122885957,2.3247856484468157,0.20915984148603697,0,1
prime,103079,-1.5484291979365878,3.5483772993788696,3.8715131976747577,-1.6266567671861254,-2.0911924310367427,2.649358039574451,2.7990108101896425,-1.1617426605142018,3.0305292483025297,0.6310834841479787,1.0491805351342318,1.2243554056191794,-5.306299052749381,0.788426066906232,5.364552665431313,-0.99777515201758,-1.6881134344699122,1.9609391172653747,-0.1787628027201032,-2.097508840731987,2.1051126992598737,-1.038906061261191,2.215456008648797,2.446951395182033,0.2647994160242776,0,1
prime,103087,-2.1384299749441102,-1.9203892194256609,2.87415683493886,0.06784065653514584,2.2836160911969756,2.2846235590689496,0.37277545277256874,-0.20570334157930392,0.4257644923272553,-1.4960006088662303,-0.3155069307567414,1.5289089067317487,1.3208845290314444,1.9154729693182377,2.3267515198713093,-0.03830767120584733,3.1026150322809687,3.1028515137223454,-0.8288834163560116,1.6091676937781638,1.810101760843668,1.144760248078913,-1.6329887842319537,1.994273901701832,0.09760776100312367,0,1
prime,103091,-2.6433556822179973,0.7470076535374661,2.7468799932209866,1.198290620362891,0.9646368281662373,1.5383187644647323,-1.3409477153564886,-1.3330610348026692,1.89081794412602,2.111848406291825,-0.4672513073740109,2.162921051587423,-0.971941715095941,-2.8954526381440937,3.054229309871679,-0.005238650834921643,-1.367793380253706,1.3678034122374565,-0.04559740279564839,0.9970471276865791,0.9980892234513736,1.374510279748037,-3.3193953552893816,3.592723762530282,0.2654265087369689,0,1
prime,103093,-3.1367515965337693,-1.0096732888560007,3.295246687060992,0.047075480115894464,-0.04196450817391564,0.0630644176570323,0.29429184362649885,2.2623500961030745,2.2814108894635075,1.5304702139676576,1.3596256671297478,2.047173913120285,-0.47722977336917805,1.2303594211034714,1.319671383977112,-0.916630906184629,-0.6197767202652792,1.1064969051721927,-0.6925417247134056,0.25982194707657214,0.7396766081549959,-1.1067779033864849,1.0661538230562733,1.5367632549752388,0.37770835535765973,1,1
prime,103099,-0.8874713543392349,1.4294949424829126,1.6825757621447368,0.5366052597610269,4.258145594175375,4.291823517573661,-2.318082968554105,3.0774810391775587,3.8528428719061463,-1.293497935061301,-1.92197330897258,2.316704190959834,-2.9453858961033617,-1.6654187546014758,3.383624935648591,1.472942468267594,1.661903541471832,2.220694237391282,-0.5797954444939889,-2.9520353866603997,3.0084340912759244,0.05187667247419514,1.3329022147509537,1.3339113550888575,0.22736578774050403,0,1
prime,103123,-2.725579255066114,1.7821505885045494,3.2565077914468232,0.28812789497746627,-0.043656340808990335,0.2914164716637969,-3.030682167314975,2.2759297191379715,3.7901042842824837,1.6158242784162102,-2.7536380529388156,3.192712111248357,0.8346397553759822,4.069602388705405,4.154309464087963,-0.6829548972506416,-0.5540521074682054,0.8794322767948618,-3.5364211847882854,-2.564814049027323,4.368586258998134,-0.9995293308133504,-0.76694381446471,1.2598657459038496,0.5320123150116107,1,1
prime,103141,-3.944256687149594,-3.678962997055999,5.393693497764917,-0.6851799217267053,1.4297884252392052,1.5854861923351524,-1.9780549117506305,-1.2209073487789899,2.324503385285411,2.8514956596429677,2.6221291208600315,3.8738338404511987,-1.5013196206733612,-0.02921677354847041,1.5016038836109167,1.9665840451294243,-0.0028882352825355673,1.9665861660401909,-0.6999660585928303,-3.4256172386291297,3.4963989973650094,-0.14454133627342297,2.0619155955274873,2.0669755975751576,0.4811748671936247,1,1
prime,103171,-2.0947622166507514,0.2556191558229316,2.1103009020353465,0.07607532938268136,-1.23550276163333,1.2378426918410388,-1.028298397173219,-1.7180269438922073,2.002252275206251,-2.5482295410259574,-2.447223849687084,3.5330409513950776,0.3967119325284868,1.9772755782429996,2.016680210079594,-0.4707254286770727,1.209041015762598,1.2974446450617723,0.29770201228222953,-0.3110860671324861,0.4305821980538053,1.5025686808047605,2.369422042531851,2.8056859154529694,0.34863136477066103,1,1
prime,103177,-1.9328286121785359,-0.6266113245790421,2.031863232638139,-0.9879720552162423,4.271461619691178,4.384230052173698,1.6242699481468261,-3.757235250780618,4.093295688581682,-1.7974398756462024,-3.0775369916642323,3.563989904815216,0.10758912669354492,1.485778718603847,1.4896690306369296,3.1480002695264937,-3.804665426597012,4.938156002525791,-3.1115510270105857,0.5464109180940916,3.159163605308066,0.6790700325439764,2.474897689267326,2.5663699424362076,0.32432777165837195,1,1
prime,103183,-0.4673437467077064,-1.932489967180655,1.9881970855125721,1.1082690518909226,-0.9492306601101544,1.4592118206320714,-0.02329222379680318,1.4606773341572241,1.4608630333505106,0.3846413830202797,-2.6684324690767833,2.6960120243713623,-3.058107297374352,-1.910405328814988,3.6057826837760154,1.736012010680136,-2.1024731636722542,2.7265603065378374,-3.530288466462918,-2.4178784354496043,4.278910233348362,0.16248225075906542,-1.5462472404566452,1.5547607566540655,0.24787182540362018,0,1
prime,103217,0.01566305206125694,1.7281228958500758,1.7281938763810978,-2.8437533198007436,1.3172671945953787,3.1340270907946746,-3.17787428411308,-0.14049577195608698,3.180978470151088,-0.6783161834404752,2.0009350217763258,2.1127834262148775,0.7649091183281261,-0.744460036430125,1.0673831107634477,2.1457018049724397,-3.663243252339612,4.245396019416054,-1.8864946295858567,-0.548637643156785,1.964653977407958,1.6256320688203911,-0.3443192919907667,1.6616965420961458,0.23179465221336532,0,1
prime,103231,-0.11558507465809847,-1.8847617457027508,1.888302610162947,-1.0759990849942662,4.246899655983674,4.381087846517432,-0.8842695485126244,0.6995698696857968,1.1275329871001216,-1.8095407454016321,-2.217059871785288,2.8617812956879303,-2.6943486484032992,0.07369796618344782,2.695356382627771,1.2830507407077927,1.38477919269139,1.8878115943445821,-0.15295078067589163,1.6491851339222015,1.6562625236535888,0.5250334049962266,0.3216625749904135,0.6157328061029355,0.08328776893084328,0,1
prime,103237,-0.1853633386571002,0.5745241332989047,0.603686629851088,-0.3177887701042752,0.793000868771637,0.8543067834665478,-1.957846339616648,-2.168663745938226,2.921688678229959,-1.6968247214198016,-0.4285453463859564,1.750104353783067,-0.5945921918419658,0.5225366213289451,0.7915708403101408,0.9997548042232627,3.665509471854906,3.799403815972386,-3.823467396458075,-0.26995758541014436,3.8329857852199725,-1.5226007013427767,-2.9117285599716407,3.2857991573868355,0.2723606866451876,0,1
prime,103289,-2.958768587860363,1.3409017717645288,3.2484348720623073,0.3397623029367237,-2.590526300582329,2.612712180188555,-1.7035337820337015,1.9940196871320173,2.6226211810324638,-0.03386686285221678,2.4723465775889775,2.4725785253688874,-1.5033049358154114,-0.60112689568319,1.619036526691318,-0.5916067390110852,-0.8258420638411792,1.0158807253082365,1.3875913385262653,-1.3881567744783627,1.9627503542945253,0.3474431360354723,0.7956955394290186,0.8682442768284746,0.2936325711430989,1,1
prime,103291,-3.7498860366128897,-1.6029507786156914,4.078124138160703,1.6204860753062964,0.9346456243800407,1.870705097933493,-0.8604333650983612,-0.9352333346416472,1.2708292434467445,1.094737104304034,-2.6002958899217505,2.8213450768532247,2.253551998795107,0.9764522530813255,2.4560039930384923,-2.320359585229564,-2.831875013884537,3.6610906433780444,-1.4530373412356759,1.459590849983186,2.059544358439478,-1.4001270153848886,-2.0193548872541665,2.4572647028531303,0.29113442079819124,1,1
prime,103307,-2.6128449799823636,1.3319172187710053,2.9327397373578394,-1.3166239738304366,2.9842844972992735,3.2618173844171334,-2.541431892244137,0.12558553640213466,2.5445329217498887,1.1774159140807776,-2.7918607622401974,3.0299826320405026,-1.3270103765215038,-2.9629756409882155,3.2465645209182687,4.042809300199874,1.920585072321888,4.47581881422922,0.17876608859870935,3.302478448942396,3.3073132933185896,-2.050547570421328,-2.001475981695201,2.8654234318619607,0.2780957696195277,0,1
prime,103319,-2.0326811268385363,2.427306516905837,3.166008447622831,-1.4416379519369942,0.7972574896336483,1.647403863429377,-1.335375982817421,3.740225887802638,3.97146304367479,-0.9253515565034882,-3.7624289501757846,3.874551213785189,-0.5755578999000756,-2.558560528294993,2.622498593533758,1.509112963354222,1.3014447175454635,1.9927820475382534,1.4309094297844496,1.00289373806633,1.7473687779340443,-1.0764852164716943,0.21696530963138005,1.0981322173880297,0.5122650656757799,1,1
prime,103333,-2.9983330769307703,-3.0683363192399318,4.290068648423238,0.47593085509243266,1.915176967995405,1.9734267145169302,-1.5079173193376767,-0.6357474567193337,1.6364563760405058,-2.491645368541644,-1.6228195149807063,2.973523132712648,-0.26979974713107224,2.026593980603905,2.0444742761335912,2.9774312154676754,-1.3870005583775145,3.2846411054757345,-1.3590926526552491,-0.9260098848417924,1.644575065275584,0.3374355681904057,5.301178066720931,5.311906593471224,0.32597151911304234,1,1
prime,103349,-4.571347933464686,0.27086873577154846,4.579365873219821,2.973060009604774,-3.571988217518257,4.647384818024046,-1.7508267010648602,-0.2622853909095575,1.7703637376105061,-0.9298207281703195,1.7399024250721218,1.9727714097956288,-0.3627593321149115,-2.4797826523108113,2.5061756394431134,0.9523422476901474,1.6841406717330205,1.9347572351385254,-2.141609195625976,-0.9505952340278839,2.3431007758409086,-0.702843745191523,-0.0737416641437516,0.7067016083082991,0.14810033801454808,0,1
prime,103357,-0.433843195786732,0.4187821277735507,0.6029912014888669,-1.7761412114662696,2.6278424375903127,3.1717871113726193,-2.065075842977808,2.3288936918842102,3.112600852237333,3.5472736739637574,-2.700893411210614,4.458472354598292,-0.04927208132225358,0.8720502690493943,0.8734411312429406,0.24374790948852085,0.7897102495372882,0.8264716096783181,-2.0326788199719257,2.5457138132833594,3.25767432446894,1.1791459247718372,0.3577910176793567,1.232233551011358,0.3278561575462002,1,1
prime,103387,0.5783889775505752,2.4956584808292743,2.561805039866828,-1.1340283900588153,2.353291371649657,2.6122788268751314,-0.5974797996318822,2.8421134141988285,2.904236693201344,-0.8637400846221155,1.734695451803534,1.937837775535116,-2.557822162748696,0.36158176680891074,2.5832529087058185,-0.20699584572417923,-1.0009745877928198,1.022153318027229,-4.359240887212603,-2.508249425429651,5.029343525045221,0.38768354296469765,-0.0880484026492423,0.39755634908116316,0.25750386139008546,0,1
prime,103391,-1.021871024743907,-1.0150723912048698,1.4403445249653066,1.8872743535082286,-1.377550993515149,2.3365468591801184,1.3009203577988195,-1.8397258518635975,2.253216586871011,-1.1387571234783174,2.6997026276715843,2.9300447204999225,-1.2895973229873376,-3.4889596688736275,3.719664074413559,-2.037913809154003,0.7974404931921055,2.188379316691475,-4.01391306650678,4.744289386521076,6.214481465780583,-0.9197862809050376,-0.42746261007411357,1.0142638145731584,0.25082169270995214,0,1
prime,103393,0.19145233703710485,-4.934434604798489,4.9381473111268965,-1.596470053712513,-0.0552101318238829,1.597424424208183,-3.20110033945086,0.13161406869035597,3.2038048701988147,-1.9311131238327761,1.1420469153113615,2.243539403222368,-1.0697480509291588,0.9518743873036725,1.4319307740500153,2.3564069606460234,-0.47915594435091613,2.4046297393128633,0.9449731692998191,-1.7576590833838603,1.995580052039591,-0.1342917662922991,-0.6504210807976774,0.6641399407052132,0.42600736287480845,1,1
prime,103399,-4.331218382140278,0.5320918242143131,4.363779827533186,3.7971606361960286,1.9899788854517664,4.287008847858899,-1.2328001519428542,2.096355689372784,2.4319752036145363,-1.2205203273446967,-1.1783698359478358,1.6965333299800904,-0.23961351795649244,1.5731255219539784,1.591269476176321,0.411110285604672,-0.23665435825865466,0.4743595178899341,-0.6112530958095704,-0.7729950860655901,0.985470319298523,0.46291245436316586,2.9215280149454586,2.9579746250628456,0.1863148478180262,0,1
prime,103409,-1.7309914859833322,2.995856190170519,3.45998350237827,-0.45078871280449306,-0.827544540014749,0.9423589705097278,-0.8226391513996465,0.6619009642692592,1.0558636559310608,-3.156626165549709,-0.5216710303797775,3.199442047134243,1.134925201851232,1.1072929945913956,1.5856080819888123,0.7077464801284942,1.9598181294181525,2.083696758295299,-2.449802292849264,-1.0298905449641858,2.6574811022199456,2.6364099538812433,-0.9276380813717447,2.794847018163096,0.32649710935612075,1,1
prime,103421,-2.1787613245762594,-1.693622924602407,2.759594086130804,-0.34658833255362187,3.439583310166851,3.457001131015241,0.19798136720256904,2.130427100179501,2.1396065645203644,-0.026888921132195764,2.050469258827509,2.050645555788783,-3.62212114788609,-2.764798130670601,4.55673899991247,-0.3975719414876324,0.23006186395010966,0.45933855695167175,-0.6085661885814057,-0.9250789186545787,1.1073047510164595,0.11093138703514449,-2.352184390038709,2.354798755174487,0.17745560386446363,0,1
prime,103423,-1.2529269952030662,-4.508869309137617,4.679714574863698,1.1777886018854398,-1.9208708635370768,2.2532045768453726,-2.6888372567038124,-0.627824369145238,2.7611608485437964,0.3347227425531112,-1.6287808323334219,1.6628187857247196,-3.3634024734683496,2.189510761299243,4.01328214462654,3.5060262394873853,0.682170728850192,3.571775034247546,-0.7230303904780178,-2.289784066113028,2.4012255235566493,-1.0859000690828373,0.19276791193279197,1.102877340371557,0.3202866185489946,1,1
prime,103451,-2.9432264142911486,-0.045444367793089246,2.9435772312520094,-0.2693176576075929,-1.0553738210895105,1.0891950711145892,-1.878465940476125,-2.1517573353788544,2.856342752522106,-2.0016925583993324,2.402338389080044,3.1269798262858948,0.20463338016098542,1.085890661506844,1.1050037778324024,4.498917605793148,-1.9795019702560972,4.9151487946921115,-0.5126242208195162,4.694061426075767,4.72196953225487,-0.3113343863714886,-4.573320728651723,4.583905713172211,0.4156941285661889,1,1
prime,103457,0.6187242703366502,2.603968746999308,2.676466506058457,-0.9134009985673371,-3.3869638373532656,3.50796599466451,-1.2910861777208624,-2.7323788414798162,3.0220518942712498,-1.1131885794710803,-1.500536056425221,1.868367541490966,-0.8206301755763435,-1.9018587350636857,2.071352344050742,2.078498092430782,0.9893564167216337,2.3019514416135434,-2.176103228643352,1.1129831998610564,2.444208842321985,-1.629660476811992,0.426415803532433,1.6845247719120369,0.21913489255373592,0,1
prime,103471,-3.0387106775326798,-3.087425197097737,4.33196917457005,-3.577507785487813,1.7997370567121131,4.004699168293255,2.324391683518777,-1.5085365199764216,2.771006880271831,1.0230598989166015,-0.14359589821333318,1.033088253129877,-3.3882038592939088,2.946513516073229,4.490196798864874,1.266271376179958,-0.9016419474881077,1.5544778543301387,2.0979356388806796,-0.8428091547595631,2.2608983206310307,1.5124096397456865,0.37367406863995156,1.557888066572696,0.18239390127704372,0,1
prime,103483,-2.392148261564034,-2.3123968214608257,3.3270936814592345,-2.8585105751399946,0.08580907443410057,2.8597982280997414,0.49160184258209905,3.398563868301203,3.433934876865395,-1.300620426433953,-0.18698684863877435,1.31399298903042,0.4779175455508792,-1.656009316895614,1.7235927703464224,3.4338901515406883,-1.1928183683413036,3.6351639897947576,-3.708914053178364,-1.7981290995577868,4.121809276584793,1.862842790315076,2.622585845561973,3.216852464563904,0.26780983569473416,0,1
prime,103511,-3.7682400607741835,3.6382972539236507,5.238018715462155,-0.15215892388253116,0.8602913102128601,0.8736437927123671,-0.5724896224292935,-1.9260643357257787,2.0093452150250393,-1.14593657069257,2.036035566867459,2.3363671487161306,-1.298314109074953,-2.5145225438053673,2.829919283147225,2.646398679674432,-3.5444710044695937,4.423426349936016,2.513135498490617,5.600967391105585,6.138948260899564,-2.63800576399848,-1.3625750056277797,2.9691219336448187,0.4000850225607835,1,1
prime,103529,-5.493306644115806,1.5965263709950372,5.720604368383592,1.119891957168309,0.2522926093226613,1.1479588653122998,1.5646386833893464,0.0010169302704250427,1.5646390138640678,-4.517600218081217,-0.045723392310540345,4.517831599231188,2.5340761436943056,-1.038149455235175,2.738484287602486,1.1680878102451928,-1.6796117618508393,2.045855518601226,-0.8941427411704534,2.818027133198578,2.956479014813264,1.4819713624651039,-0.34949274080835613,1.522624147662322,0.5028842586868502,1,1
semiprime,100489,-1.8909222058038275,-1.489340799727073,2.4070153315119724,-1.7828979443572206,-1.0905862444101864,2.0900008221266124,-3.3215116507534024,0.9531489335354983,3.455565443685078,0.4718312974624894,2.09776383094352,2.1501715893574556,0.924593586794181,0.09024514534397077,0.9289873449079289,3.4736621436892263,-1.5632766607575448,3.8092207348181977,-0.3220382408196244,-4.044967050567694,4.057766265906466,-1.7286406948049655,4.913114617425267,5.208348480631227,0.3278835857323697,1,0
semiprime,104927,-0.4421431041193488,3.1670886385051165,3.19780252183722,-2.8081665741557793,-2.0087901008432407,3.452685502250618,-1.7896633721822164,0.04267252873556171,1.7901720393412779,0.5913444001386235,2.1931963247814936,2.2715189452457487,0.11454772356337051,1.1429668172659413,1.1486924420159585,0.5029823091405291,0.5059367821968039,0.7134165900005375,-2.7356600558136885,-1.7269426770726048,3.23514558418462,0.4665505494371465,-1.4884994125874456,1.5599038164108945,0.18243780581259844,0,0
semiprime,106829,-4.7991718429742605,-0.4813853193009441,4.823254316748748,-0.2760501278925222,1.8544722159943916,1.8749055637563794,2.979083841164408,1.420747302449195,3.3005247204200043,-4.413649386122956,-3.023784780452072,5.3501004945811195,0.13313023578163552,1.504071257316044,1.5099516570948683,2.9148843592201863,-1.5859290577946563,3.31839144827489,-1.6400873679996597,-1.2224317620186622,2.0455380679576955,2.17842877632006,3.4337969482065906,4.066511209256924,0.599489070645992,1,0
semiprime,109999,-4.145467312787876,-1.69308310401326,4.477882271619912,0.8300870681680206,1.4158584113984087,1.6412493966083903,0.5369374526832011,2.440972397971251,2.499329525243009,-0.3479701594171912,0.9818736154393197,1.041709666145374,-0.8039965327503075,-2.351126292691013,2.4847948142366816,-1.2537435481539225,3.1773355681883104,3.4157479704176246,-1.2467915533008629,-3.531868260743589,3.7454749483383707,-0.17044486759119842,0.8969540026062107,0.9130048935682017,0.2906683486600529,1,0
semiprime,110633,-1.3076808176692243,-0.38563700985648275,1.3633579956383797,-3.6074292151149536,-3.2422184209945986,4.850311931360868,-1.0450377969520934,2.387476899294973,2.606175347463333,0.2933731136387088,1.8865744145289778,1.9092487541861658,-0.24310789445971037,-3.2135168866708983,3.2226995251291513,2.8248818362604347,0.6506926788025467,2.8988546619451894,-0.9760614847720757,2.6303663071640386,2.8056234479914175,0.5922801692523926,-0.36479145957887904,0.695606647374313,0.08217006405152547,0,0
semiprime,111901,-2.7094289953706965,-0.02973424244133316,2.709592147561884,0.8463734855767084,1.475543601687356,1.7010517327723342,0.19524704821931005,-1.073235394922397,1.0908508709959335,-3.369076711968505,-0.6479308767850086,3.430815109011254,0.07681054650380595,2.2477754780291535,2.2490874726616132,-0.5259066539323087,0.23957629527805901,0.5779053641466195,-2.6582828757445136,1.7224567523239283,3.1675424403001795,1.3854221316564805,-2.6393077354681034,2.9808287111783787,0.2789412721885499,0,0
semiprime,113803,-1.9367283105521313,-1.3037347268986903,2.3346607434519724,1.2647607647722452,2.636447126230116,2.9241192249144548,1.3599671437739724,0.7728801618248387,1.5642424290010566,0.46162111444900156,2.1256817043242524,2.1752279791791933,-0.7334837901396708,5.372764288278434,5.422600351104415,1.0414373705287137,-2.931504637004692,3.1109984303296865,-3.7437144084541405,2.080455617603632,4.28295378785315,-1.2247829902143206,1.9632240896044788,2.313945159056642,0.16026491944741023,0,0
semiprime,116339,-1.7431881151712942,2.033583191258228,2.6784632535546287,1.4607635488554451,-6.373508149890056,6.538764124999442,1.4834870305417276,-0.0952098263709027,1.4865391622231452,-1.6171139671063393,-0.6069694629080202,1.7272722748638252,-0.7436375328009533,-1.4828828788381345,1.6588967455937584,0.704330521097728,-0.8444856320390142,1.0996533388619025,-0.7346846700358224,-1.3226799736859298,1.5130247444028988,-1.2611033928338495,-0.3741404663233884,1.3154325737025554,-0.04480256018899545,0,0
semiprime,118241,-2.750960226528994,-0.033121349036025816,2.751159608548079,-1.3094993216784758,-0.724916951916691,1.4967608562000059,-0.045493145226021325,-1.753531458887092,1.7541214905385685,1.8840508141586916,-0.45650036469690825,1.9385664944232472,-2.4200860778250144,0.2566904829507811,2.43366115721149,0.16045760288515876,-1.2827929224202188,1.2927893579911063,-2.61321793670906,3.092212880811892,4.048541525660436,0.049910611572403105,-0.8581570553280155,0.859607236333421,0.2453529897203047,0,0
semiprime,120143,-4.855178811370228,-0.5110348999067775,4.881999381329452,2.065323823731599,0.9899136539678519,2.2903038093635737,-2.6609946727990788,0.515646730492656,2.7104951944862106,0.14586410026164565,0.2810784496719674,0.31667243425207714,-1.3401042494432525,0.5046895079063831,1.4319884422601497,4.404097289479593,-4.225090812991695,6.10307015470315,-3.209555714867365,1.8403354380707153,3.6997408573380777,1.6963569798402445,0.2597969234700577,1.7161356136672947,0.24155571978284868,0,0
semiprime,121411,-2.911943882456285,-5.498111105775308,6.221627030449862,-1.872322048247738,0.48154476819721287,1.9332550830484614,-0.3912530430034802,1.5618052237492064,1.6100666137119273,-0.8212872649136522,-0.5927471386322177,1.0128484298581053,0.7274577969923537,2.682209546745675,2.7791082920711467,1.713012595567255,-0.8993856887160334,1.9347627166242578,-0.021870514429180088,-1.2945968331846598,1.2947815568246046,0.01272312570709816,0.05410318636995215,0.055579067130893785,0.27349092157954036,0,0
semiprime,123313,-1.3971052060367797,-2.314473450744224,2.7034589530701125,-0.36364012741151996,-0.9928026020098091,1.0573037164511028,1.3181530597057878,-2.2440109968749216,2.6025204788641547,0.20894504610852604,-1.13902189266487,1.1580280239541516,-2.024606718795939,-1.0305758161145522,2.271809604380137,-0.08126644741648292,0.07764511284952871,0.11239661482941572,-2.7794254895699164,-3.2910377756258193,4.30768333244995,-1.868386349330709,1.6126945522081062,2.4681270771755326,0.2753780707581491,0,0
semiprime,125849,0.20109353534358448,4.060038956994625,4.065015983027741,-0.8353218205873121,1.7375133479515674,1.9278784137645109,-0.4133187879744955,2.6363579776953086,2.668560624578427,-0.15415889021608042,-0.13359302093908154,0.2039903396641209,-1.9183752016842477,-0.7457356886796935,2.0582237807895565,0.5079906269533836,1.6948713385850993,1.7693624081656472,-0.08533588834837708,0.4675153537446092,0.47523974983912465,-0.3105535799888808,0.6349541384958803,0.7068311566682356,0.22352086144196834,0,0
semiprime,127117,-3.3665647112438637,3.0403415035891417,4.536235709642871,0.37328086769456414,-2.3849036144394438,2.4139394889584804,0.6787542834417442,-0.3594844943028582,0.7680732249822912,1.499961421362178,-3.2561038410284504,3.584982076543071,-1.26331508794757,1.9000576559514477,2.281706402536419,0.5044379792087051,-2.6212720423583336,2.6693678642925165,-0.030098923289187396,-0.4083098721518098,0.40941775349854537,-2.773736970245394,1.4203781447027441,3.116262321123706,0.2910853957417176,1,0
semiprime,129653,-1.9705685458980309,-1.723917342437857,2.61821148833334,-1.666093189007854,-2.2874736402544444,2.8299120426821185,-4.143384690075475,2.30160293941773,4.739727078713307,2.0630497761141875,1.5952873629776185,2.607894965139678,0.9353693584594778,-1.8655003686446885,2.0868654633584702,2.3661426773559957,0.04927349635998757,2.366655667191351,-1.2832765849809835,0.8148459055150731,1.5201225750889744,-1.2357757001415224,0.82385750316488,1.4852214537170343,0.4086182078408802,1,0
semiprime,132823,0.822049420144521,-2.274480370527794,2.418476008786565,-0.12208686478230135,-1.3343552378676775,1.3399287680236132,-4.170891193300609,-0.006258901198984201,4.17089588939796,0.0966131680276564,-0.04357485049787546,0.10598524346460862,-1.5143779056004945,3.3885667189219957,3.7115663606564713,2.1466127805489927,-0.9464204772869345,2.3459876703521494,-4.2349325569722875,-2.186372064879817,4.766012648765283,-1.2493268409141127,-2.1482208080384866,2.48508957494855,0.2917069864287279,1,0
semiprime,133457,-2.156094305622472,4.093931851650336,4.626988292690483,-0.7420696494112432,-1.5843102229914208,1.7494874241481277,-1.8738761747516883,-2.0476728510792417,2.7756757777789915,0.13615389475063538,0.7242710749316769,0.7369575788594984,-2.7837491273136905,-1.015741757826633,2.9632736158533306,1.5982234868000376,0.3155301680606366,1.6290726198410073,1.7268819594074132,1.221760750951756,2.1153771848757814,-0.2867377102836731,2.6680357311375613,2.683399555997106,0.290053637151218,1,0
semiprime,136627,-1.5006035081623867,0.6323177109339299,1.6283846524301273,-2.2148672532747216,5.834057790028799,6.240341917477314,-3.188844545248595,-1.7075004270628944,3.6172209280304797,-0.5147878696307456,-3.560006110494099,3.59703350797213,2.4998141525335984,-2.577080555800145,3.5903224072902504,2.855774941860728,1.425508117011605,3.191790079285543,-0.4644628130998938,4.14442964046145,4.170374413585438,-1.3623998868940785,0.6647985030206908,1.51594541505542,0.1868540572424243,0,0
semiprime,137261,-0.8783773396153309,1.9669287880585735,2.1541484647171547,-1.8409285299386868,-1.3042226865190174,2.2561060853543875,-1.7713475885002077,-1.6892013480640142,2.4476669449879784,-1.565903944211748,2.76167042896089,3.1747249834741487,0.4028890213692222,1.4836590442889586,1.537388605148443,0.9167956523070165,1.2877123648180195,1.5807331851372843,-2.38074469620962,-1.9014591029718442,3.0468823457437155,3.3520708604346345,-6.1044881521319985,6.964277037345293,0.30593506787103647,1,0
semiprime,139163,1.2632251294205346,-0.4145600263962652,1.3295103395931895,1.468437800359761,-1.7280658320625741,2.267712744918882,0.36366875368689694,2.5287406342006644,2.5547571621321974,-0.5107882961074575,0.264069505733597,0.575010771463236,-3.176291007261433,-1.155460778475863,3.3799281313965683,-2.219293200995131,-0.3232708409190196,2.2427140585843097,-3.648803490855804,-1.2458334370870427,3.855628076960434,-2.9103798682252426,-1.3828519520167002,3.222202740140226,0.13011207798829505,0,0
semiprime,140431,-3.5327250085732227,1.4227077137827004,3.8084436749222736,-2.259864736598017,-0.2523553436843286,2.273911134412526,0.600255408809054,-4.777354007001889,4.814916184527154,2.3009076535130184,3.7161573480064094,4.370812449091909,-3.71880018068319,2.9299870137466293,4.7343741597568325,1.3560103804263048,-2.3199849340086773,2.6872093788633475,2.1938778309926943,-2.096549413316104,3.034570707661515,0.8950776745319569,2.557578092636956,2.7096807456565846,0.5864698757782832,1,0
semiprime,142333,-1.2500578047946584,-3.13566418599655,3.3756531816330666,-2.105584969326635,2.9643875767124612,3.636080550265825,-2.8728057959020656,2.1427112355440174,3.5838840075949823,0.2348009548788279,-1.394317677292992,1.4139495300836356,-2.398888862464628,-0.8998606341453987,2.5621118116392574,6.223178366796417,-0.3974691349997428,6.235858457200609,0.03540158743524113,-4.126520751051013,4.1266726040779576,-1.6534143879261962,3.201081037204441,3.6028737064947505,0.2455544932975564,0,0
semiprime,144869,-3.6108775808965716,0.5564003129919753,3.653493973242469,2.486422085115654,-2.7136798496852896,3.680537068409834,-0.3637358771148337,-2.4598122490648193,2.4865598904811885,-0.3503310741170085,0.7352390537136049,0.8144374301305498,-2.1854525643351863,-0.36637177399329435,2.215949274631131,0.6193118811487803,-0.988437078554276,1.1664283365869301,-0.5276660355017988,0.8492782486333162,0.9998524834313602,1.0425210269312437,-0.07196112790989195,1.045001672498106,0.14476906139460868,0,0
semiprime,146137,2.059933020922432,-0.6936627052892559,2.173589657547124,1.040121173922899,-1.1690703934695181,1.5647931624753872,-0.9058105095851229,-0.010594129255663498,0.9058724605867792,-1.9293512618521378,0.572388887902658,2.01246747317935,-1.0847360462125215,3.655672885815501,3.8132134136498843,2.433078285669275,5.244429990058483,5.7813420470354595,-3.1429922017741077,1.0055319427776421,3.299923403407878,-0.32114153063233153,0.16954117842911864,0.363147482271337,0.17147591331208906,0,0
semiprime,146771,-0.7953488413247372,4.160333050282892,4.23567596360637,1.234111473546613,2.7625468828157373,3.0256728853090413,-1.9153061453548892,2.2401770253457403,2.947336210092275,-3.3530202406840535,1.9968599871469537,3.902588185128618,-4.34299000366434,-2.443553965364282,4.983223670835566,1.694450046501522,-5.1991806092448005,5.468330638104845,0.8203361881487763,1.6086942443722163,1.8057820005368201,1.844615284267307,-3.216127607488762,3.7075709480202734,0.4117844665172295,1,0
semiprime,148039,-3.84276155455518,1.0009436148354114,3.970982810998698,-2.6373672304622016,0.4999434339196319,2.6843340599551344,1.0665769307902702,0.7362272412798212,1.2960003472594013,2.533300901320405,-4.357307064764871,5.040212129789841,-2.113355872160911,2.7449748822988767,3.4642690638645166,0.921480536655827,2.0310070259686626,2.2302726109087163,-0.11394604245533557,-1.6330204633400776,1.6369910000603776,-1.61920429989047,-1.3439791111994297,2.10430568504773,0.37988857447564217,1,0
semiprime,151843,-3.400967183915149,-3.030338173532064,4.555164896250561,1.3908065413727562,-1.8468662552132362,2.3119813580932287,-2.418446926771412,-0.1453933978401016,2.422813401346785,-1.7860187437622281,1.0447502877578667,2.0691462289650175,1.495295058458961,0.7275011606994549,1.662878603708293,0.2137910171948968,0.8220750508531462,0.8494197950768699,-0.3883212836145959,-2.607262845145979,2.636022185602161,-1.48181669322353,2.352420032356202,2.780226739125187,0.3151673545685214,1,0
semiprime,154379,-2.280127984964772,0.2637130933388867,2.2953274762913196,-1.7381875945432181,-1.497322660735068,2.2941820468687055,-1.4968725480251361,-0.8005367176037423,1.6974941712014913,-1.1299170913865817,1.4799117674175095,1.861948300235087,0.13125405740159157,0.5194086346053478,0.5357359025555147,3.205139455579105,1.2534104067590774,3.4415049872812733,2.0769364125160736,-2.076445456562127,2.936884505000603,-2.1682899101070046,-0.16267913362093622,2.1743839667334517,0.18121933688562017,0,0
semiprime,155647,-0.8605797559753944,0.5556170264544732,1.0243572601786841,0.8452894432987099,3.462753788530474,3.564432359147021,0.5778806484611503,-1.3237844697371801,1.4444207718608961,-2.491188090078584,-1.0465548786670822,2.702090896733723,-0.6083815631658848,-1.1098549798550854,1.2656643325579249,1.6424034565740162,-0.6149299842039152,1.753746845938519,-4.061062980949926,-0.039154862764529785,4.061251732966083,-1.0495830661131655,-0.9609677229972129,1.4230543128475321,0.10764535220526514,0,0
semiprime,158183,-3.6057293189728923,2.094956989647188,4.170147324756323,-1.9277699474534509,-1.9802719864320073,2.7636523136154536,0.5678024064028622,0.6335190739477564,0.8507326194360388,-0.015489711071830586,1.9273146847083047,1.9273769286367832,-1.044887612636323,-3.651485375519662,3.798043650443581,4.2604705079521725,2.1948835915044302,4.792611285028823,-2.252625536258601,-1.207250460467668,2.5557338439093664,-0.8665004780770458,0.8943947897461282,1.2452972008451517,0.1677281205861465,0,0
semiprime,159451,-1.38099454285994,-2.990598282622563,3.2940588967767344,-3.248759583118926,-0.804124621896973,3.3467977585220186,-0.3223586339110843,-1.814475871284717,1.8428884329582877,0.9175933476478719,1.435755351869737,1.7039281035507985,-2.7706657676221766,2.1787126132004317,3.5246811837089664,-0.1726480533231179,-0.20592433536076293,0.2687232446403439,2.2355995711083017,1.3324537261671068,2.602563808000916,3.5654097163316623,0.18892244437326133,3.570411479829768,0.1606747783133245,0,0
semiprime,161353,-1.8156089730946054,-0.9365128538369166,2.042912692354574,-0.9392268524560506,3.0289275768088686,3.171206291922325,-1.2296712838701742,1.7102943073707961,2.1064657804483495,0.1716677316166516,-0.2507587879198835,0.3038910656756066,-3.3360498380913435,1.4690671550539642,3.6451868029344707,1.0489432366342193,-4.276865710863509,4.403619218601979,-0.32419127958425653,-1.6137780307164025,1.6460192945957188,2.3714669152573737,-0.639312316194725,2.456130201719483,0.06203297577508421,0,0
semiprime,165157,-2.9868739737128283,-0.4718527816368824,3.023914876841199,-2.393340778717323,-1.3126686247113293,2.7296847805878195,-0.002165753808713866,1.1127369626338388,1.1127390702681115,-0.7548863555946332,-0.34966422421260807,0.8319365838554957,1.1845467429912118,1.8455741702427972,2.193010488848258,4.095840174684075,-1.2735892025908284,4.28928154747529,-3.5117494667031792,-1.2957186988617333,3.7431632696784694,-2.388130694202122,1.7792239889015042,2.978054098782104,0.08337681418982065,0,0
semiprime,165791,-2.0173877179088966,-4.1110923954188205,4.57940322400639,-0.5674124839408868,-0.45840113372784186,0.7294439843709303,0.24448960635789693,-0.7672163559380158,0.8052304666589856,1.30104436280768,-0.1316508319002921,1.3076881797789872,-3.878586626900377,-4.284455328920234,5.779272591588273,-2.2151426268145684,2.9738225635388966,3.7081636286097193,0.7062417415809219,3.7669805770325735,3.8326126944020724,1.7591567216494914,-2.1456925962043143,2.774640353042282,0.24531109011290747,0,0
semiprime,171497,-3.8925131712438055,5.32780749869127,6.598271859465736,-0.5570962308478274,-1.2110585987777973,1.3330488138468515,-2.4729883692031662,-1.3602938128516753,2.8224228477491966,3.055858714559415,-1.0697387458573944,3.237686437525609,-1.1592547080668074,0.6081608090790879,1.30909550754511,1.8683925658333957,-0.03730136347150825,1.8687648786774471,-0.6215183991646924,1.108508957136364,1.270856887517942,-0.8700932319328336,1.3317571445258045,1.5907983292205359,0.5287690252278441,1,0
semiprime,173399,-2.040067531112626,1.2895334014794182,2.413456427000712,-1.3474951199550729,0.24261835815102073,1.3691627974841538,-0.17718822217689523,2.566858122093924,2.5729664368269085,-1.0477508935579398,2.3012250536123062,2.5285210464468006,-1.5477931547795494,-3.881438761111417,4.178663722560187,-0.2674574632109635,-2.1230148723234583,2.1397957011672477,0.8840788996493135,1.0918713705746406,1.4049123071158873,1.0820227464951282,-0.6047770883330226,1.2395678886230592,0.3295598195480962,1,0
semiprime,176569,-3.1239442559980324,-1.3365288409497507,3.397843000680518,0.18409027152059254,-0.8191934753636544,0.839623235830755,-0.6698619219159133,-1.5211100580200143,1.6620742471509908,-3.4396742474628086,-1.1787925364456302,3.6360570364941696,1.674048596471513,2.5445191234792777,3.0458194748047682,0.6880989031395954,3.2758392732372608,3.3473277468132,-1.2608879471454548,-2.3255816763544157,2.645405176651035,2.4164081555242696,0.7555505744513277,2.5317750778135752,0.39547988856445043,1,0
semiprime,178471,-3.133943310305101,0.46404894112155826,3.168113333194085,0.8313488778050658,3.169938459416053,3.2771406428642575,-0.7532575042666829,0.42538644676581894,0.8650725384764683,1.075711677586114,-3.228146944345545,3.4026590054812442,-0.396039950561905,3.9990609152264502,4.018623625836698,1.2518159386185184,0.8634884599781432,1.520741748192239,-2.263220562773133,0.7857316860993231,2.3957340416456123,-1.9926494657662526,-0.7319397927504212,2.1228254176050516,0.19712749077795383,0,0
semiprime,180373,-1.6326981095055357,-1.5337814609111688,2.2401313994089165,-2.6292558931803036,1.5936884712269952,3.0745454127635186,-0.5992562274849226,1.2496056907494424,1.3858652201902075,4.603685468170877,1.2444122955540404,4.768907825820686,-3.3707631780389726,0.42446068535166703,3.397383003994781,-0.7597867700653264,0.831080541150995,1.12604209594763,-1.9829703022709047,-1.9783908384417974,2.8011071970416985,0.9742801454074791,0.632104586920763,1.161369024273287,0.29229993910057916,1,0
semiprime,181007,-2.405262483482479,0.14607613587220203,2.409694140740616,-0.49970314382929026,-1.411019531230137,1.4968898922318208,-1.4195475209734978,-2.1493930358246756,2.575850458926841,0.9521712597306414,0.3646498520030035,1.0196075825644142,-2.7846465172727966,-0.039964386038502275,2.7849332807647205,2.618753704522716,0.386959252433156,2.6471887783071075,-0.6615801637850314,1.6845072696973897,1.8097660221081573,-3.4561029579196254,-1.9396596005862032,3.963196566142918,0.23318203060106907,0,0
semiprime,182909,-5.670669773108293,3.549218082255406,6.689801541978118,3.8744720502278382,-2.883911406417364,4.8299563836603,-1.2895177290913844,3.218012807453638,3.466765409221779,0.5316910810352692,0.3565228522198416,0.6401593159576952,-2.772749612548281,0.6910822019685532,2.857575025045598,0.5124288988412433,-1.4887537077489204,1.5744748263163202,-0.45892010600352406,1.1320299735318726,1.221515257648818,-2.3303900506257085,-1.4044081687351126,2.7208601751036756,0.24063609421684382,0,0
semiprime,186079,-3.041499019504997,-1.774646074033133,3.5213754377701716,1.3338025994609612,-0.35681162644529024,1.38070413597387,0.17344027257977124,1.6354207603286361,1.6445919224739125,-1.1080435322262534,1.3513471863315496,1.7475410402375757,0.16579782429857992,0.8663777499810495,0.8820993845391621,1.3059235162792198,2.464409615485445,2.7890412301126353,-3.3616773964019058,-0.4470269892926225,3.391269385736781,3.478816558463416,2.0674147031981875,4.046772566186454,0.25824691175374426,0,0
semiprime,187981,-0.736157461072753,-4.684602187985921,4.74209083286851,1.2762022679836242,-1.1648865076332653,1.7279041653033225,-0.49095618120201745,-1.4898905424669304,1.568697485302017,0.1230245717451165,-3.3796506792618843,3.3818890814289557,-3.1206716174877682,-0.2313896524166278,3.129238328321959,-1.4852900418663904,-1.3283878960931763,1.9926617653165124,-2.6487894865532833,2.4398085401886043,3.6012152749943254,-0.41469101982330914,0.6459319041394648,0.7675914712314948,0.37338968412320556,1,0
semiprime,189883,-1.786702875088383,-1.087308937873391,2.0915419886362443,0.36754205275093166,1.536220874874816,1.579576442259606,-0.4755386426431273,2.4021371999188386,2.448754811711615,1.5453569334237167,1.8899711704503284,2.441335510906712,-2.038223401170568,0.3715782970596899,2.0718168509607935,0.6124188802871463,-1.8181875658973643,1.9185575075342265,0.3322696670860893,1.1630693141975328,1.2096004965662916,-1.6908559969628447,0.3450085210262559,1.7256954777845193,0.29479201806850275,1,0
semiprime,190517,0.38969816228383136,0.5250036201916628,0.6538298394091135,-1.4539466412430562,1.4450794194574017,2.049930575439399,-1.5610627978785545,-1.7829807872495222,2.3697969420651526,-2.7529780157652546,-2.962472958195726,4.04414811589879,-1.7727618252262418,-0.6593062981088096,1.8913934767005565,4.3020487436628745,0.580310630315576,4.3410118429357665,-2.0472785342648803,1.4816088375261585,2.5271553462930156,-0.466445559640676,-0.07105513853343459,0.47182654950787695,0.3134292575508707,1,0
semiprime,192419,-4.36029346556045,1.6603164464771138,4.665705713849895,-0.8421441602176243,-2.48297453254579,2.621901850920364,0.13147245150566766,3.1593511761596176,3.1620855237969243,0.07932606702503986,-0.28644581509245115,0.2972268996804291,0.3862534868452402,-4.664788684376443,4.680752634564938,1.7704816095570672,3.768063338608601,4.163280732012432,-2.5347195297709764,-0.16177959041797307,2.5398771093260013,1.5688448196713023,1.0198925619263701,1.8712174929927883,0.24591562774097764,0,0
semiprime,194321,-6.337746442146271,-2.073583187901194,6.668341413131469,1.1085637746355583,2.4482221212175443,2.6875091064502774,1.9718164811662635,-2.0213525203608538,2.8238141310943394,-1.684289889812637,2.334615704691958,2.878760657213342,0.23015620194515796,-2.5763982249151827,2.5866580157879246,0.8261917641986524,1.011811425752867,1.3062753126786601,-1.7746824026204442,1.456564854164457,2.295883011949389,2.450460779344217,-1.9752020318228003,3.1474086321323425,0.44059506897034395,1,0
semiprime,195589,-0.5013578570743187,-0.4680696701379381,0.6858927882352979,-1.189398429211698,0.8447737122218654,1.4588732804025049,-1.5179367587179726,0.9409707499758817,1.785933357036986,-2.852636850593712,0.2717060658467353,2.865547275405367,-1.188351149286485,3.8078823897702967,3.989003227415748,2.5628883128844495,-1.4304954228139168,2.9350832456697487,-0.19295664242597294,-5.037554750239025,5.041248865857752,1.869896212684249,1.4946711462873292,2.3938574898591556,0.23614647347214138,0,0
semiprime,196223,-2.378966627611601,1.0659804055064104,2.6068748416856007,-1.029189989682461,-2.8676035299180844,3.0467001886731886,-1.371148731270249,0.25650679114345976,1.3949353308188621,2.411820531765065,-1.989488703168321,3.12649061688627,-1.840342978617814,1.3491207572651334,2.2818827964274444,-0.10727285926278718,-1.0049133854670322,1.0106227677156427,-1.176827145991231,1.1647490765540494,1.6557664517906432,-2.4883854095211997,-0.6412702915217681,2.569686660491197,0.20860390548246946,0,0
semiprime,200027,0.15011224631485065,4.323076886139262,4.325682310337321,0.6385898939330207,-0.3846580250765568,0.7454923533405179,-2.13051082791967,1.5477058553870693,2.6333381481842353,-2.6554034004209424,-1.378186938960191,2.9917497317936816,-0.9865284964427659,-1.7289887335628888,1.9906382180298425,2.1777503361793986,1.516787050765199,2.6539102253276154,-1.3529331361903736,3.4296146983203464,3.6868258773553273,-0.15044786702749058,0.9371715282089036,0.9491707085548591,0.4563834446277007,1,0
semiprime,203197,-2.711093096331776,0.9651350417011285,2.877761530373435,-2.0404467324658495,1.2303153266343854,2.3826662945074863,-0.02482635427559765,-4.291420393342798,4.291492204381254,-0.5140587662656415,-0.2682321407930722,0.5798317829586336,0.09923001011544941,2.321329556542244,2.3234494840611712,1.1926270617702646,1.9756928046888045,2.3077524492384116,-2.2243016560587723,-0.30272276629925166,2.2448071031564534,2.1279667822806565,-0.9092560514721438,2.3140849581699903,0.2898092240583534,1,0
semiprime,203831,-2.8437290189878603,-1.2641546413450315,3.112054255739743,2.9202506246527324,-2.9431346229400925,4.1460710461270915,-1.5255122676891903,-1.600192626335771,2.2108378774233057,-2.087346620747648,0.8710559390531947,2.2618033433759157,1.1807696598790924,0.8593776901915211,1.4603927567917823,0.5200371784124027,-0.9803767007548506,1.1097644535279092,2.459834579780366,0.9707336468296084,2.6444488977800953,-0.6294421412689997,-4.938240011510672,4.978193630272956,0.171192522729345,0,0
semiprime,205099,-3.195896083490238,0.42241580105713405,3.2236914997330284,3.155757866759871,0.2345826627336547,3.1644646844722444,-3.2578624105810454,3.7810290339022377,4.990976662086152,-0.49099417306637827,-0.5805846018317454,0.7603642271104442,-1.640363943601041,1.9723571523313486,2.5653433695743315,1.3564683800793524,-1.0685109145828977,1.7267663538353657,-1.125178671502964,-3.6118552928012724,3.783057718161559,-0.49928446136118265,1.6022411256276345,1.6782316878218084,0.31798951458344166,1,0
semiprime,207001,-3.7520123420528044,0.3971792862236957,3.772976013748529,-0.9902446593723302,-1.617982962290649,1.8969589746956168,4.039188205972631,-0.9480746625614089,4.148962150834753,-1.5536773443744765,-0.44667224306254616,1.6166104611640528,-2.6335941666142313,-1.2023391927039653,2.8950712890594823,0.7176638139894055,0.306094523208456,0.7802148467236648,-1.0117024934851397,-0.34689594948152136,1.0695226669363933,-0.22720395148461092,0.7806027871734652,0.8129959083004068,0.39673267361174636,1,0
semiprime,208903,1.1035737625483966,-3.2220991875596834,3.4058476512988656,-1.7313714101160655,0.9665204765105667,1.9828789149318993,-2.8329842400273795,0.06364438405796397,2.833699051040111,-2.2973225438336358,-2.190440401733052,3.1742274688419387,-1.7869232227931164,-0.6589182650039054,1.9045387588896938,2.7510767306231187,-1.996735876229863,3.3993201286727066,-2.3947209128238383,1.0760364907166002,2.625365265952442,1.7935716129264156,6.385357693195646,6.632472540519733,0.38669074714385376,1,0
semiprime,209537,-0.34583876343131037,2.710031412205522,2.732009279894992,0.8442329590661154,-0.7112772413145132,1.1039223719018987,-0.3582890756971733,3.1996420906462624,3.2196398199176133,-0.8635945953480982,-1.3331086690408165,1.5883873421134476,-1.545451051748353,-2.335865692091131,2.8008369257845893,-2.1031772436949616,0.03511641491446882,2.1034703898540577,-2.791214058833588,-0.8720865984443988,2.9242795621172393,-0.048450211912408725,-3.0855251329110347,3.0859055022569977,0.34007991132855137,1,0
semiprime,213341,-0.481076070157065,3.4245209477823106,3.458146599997985,-2.2206767597679336,1.5001462599297941,2.6798962801859996,-1.1657248082390974,-0.7232522805767195,1.3718630361313429,0.2486982136535909,2.967248258538432,2.9776522680249022,-1.0018136194504592,-0.9171605044503259,1.3582392716454659,0.7772622353744298,-2.980380012165262,3.080065194026494,-0.8980636975916167,1.876349555177013,2.0801937549528655,-0.42540758203761597,0.8167339649598022,0.9208832609913433,0.24518253765728365,0,0
semiprime,214609,-6.014759650876333,-0.5908244517612585,6.043708066295806,0.4518008385020611,-0.6639045591384138,0.803052464858889,1.8663080769345455,2.7751098199836997,3.3442996802022815,0.09696810552473596,-3.12557175856982,3.1270755717536303,-2.001162007672718,0.92807883612499,2.205896576681649,0.4246680991347277,1.896425026641754,1.9433915910325126,2.739908445817221,-3.277029187969295,4.271535858477983,-3.2900167304638117,3.099806129089419,4.520288500159268,0.5651127445270634,1,0
semiprime,216511,-3.9721256340183584,-2.1573573871221177,4.520173995345325,2.1091612289657995,6.294512345473353,6.638482263069547,-0.9595465824773928,-1.6489449416051642,1.9078126387015322,-1.5449475243778805,1.2224605290909096,1.9700945658182425,-1.4509617797581837,-1.5875813237042824,2.150745114069465,0.24001728593103655,0.6409449367882215,0.6844112137744078,1.0594789218692022,-1.178908937086408,1.5850305573796777,-1.0591188359821695,-0.9068538864908557,1.394315846634397,0.05327142109033253,0,0
semiprime,219047,-0.7396394562792118,-0.44019383924052075,0.8607189677184519,-2.1698067194258446,-0.6215543005485384,2.257075751541345,0.06844186583582557,0.24268093401334395,0.25214742658349326,0.42307284272108686,3.208569865771619,3.2363422584432886,0.3887318696487546,0.8822871848891878,0.9641281777338033,4.226515031643329,0.4725417586496531,4.252849048152863,-1.8030624852576702,2.314932468644508,2.9342710611203118,-3.01883363753979,-3.0492511572915677,4.290837814621486,0.12261961752655062,0,0
semiprime,222217,-0.3702727161971787,0.07658667235987807,0.37811030499471415,-0.3952154939093572,4.713743901168645,4.7302829569097256,-1.3820126033845352,3.254038449612376,3.5353535986474416,0.9867701315624332,-3.1507495170303375,3.301656828262236,-4.056831257234005,0.47590385599128027,4.084649841763453,2.852905537513176,0.9710701932791568,3.0136435300560285,-0.7079222527766715,0.0969473123984731,0.7145297036216793,0.2720095189886623,-0.862055517234507,0.9039518201845145,0.1995804350451792,0,0
semiprime,224753,-1.400553606990388,1.0675787530215277,1.7610436678165553,-1.9753759533286492,-4.187887832802961,4.630390335287959,-2.8559047639222404,1.1338327334689504,3.0727461151353554,-0.7629672584618524,3.2305757446216306,3.319448550470755,-0.4024400360976579,0.269472957038404,0.48432804712230504,5.477380694067637,-2.65193070070754,6.085592469850414,0.001477467045292391,0.2430480363348687,0.24305252698769786,-1.4784142624214542,-1.589188668254097,2.170536651300411,0.22123815402623281,0,0
semiprime,227923,-3.4981787942217437,-1.319847234935873,3.738883737148103,-3.0406432959626883,1.6244435853552588,3.4473654600701513,1.3544703502570743,-1.3616689373454638,1.920607254140483,1.0694745752376194,-0.2206530502249312,1.0919998331745533,0.12904014851936585,1.669275920930179,1.6742560915604272,0.5888366375619114,0.6891239062699455,0.9064327575324971,-2.5941115364126843,-3.1456011381734243,4.077281101889753,1.5006565399283665,-0.20571860873682857,1.5146914526762187,0.13891821775881105,0,0
semiprime,230459,-1.9128624918370696,-0.2914559289204133,1.934939138882664,0.4665453522930023,-2.2324897602854823,2.2807181096149804,0.7977602246007467,0.9000276581093385,1.2026932947833435,-4.63085562055941,0.8544107531761415,4.709017043249015,-1.9933074152562535,0.5890131852982167,2.078511723366197,0.8181867555543082,3.025124059914452,3.133816386586455,-0.7797568016338162,-0.2468798852500913,0.8179060749470546,2.8800927548580133,-2.6202312434214883,3.8936545873494914,0.30715130176880034,1,0
semiprime,232361,-2.2968296199387894,-1.0919470314833122,2.543181987706224,0.44248206650195254,2.1254337330460644,2.1710041300619323,0.017995074340128148,-1.8446370731676467,1.844724845174751,-0.4284248478501502,1.507964829789854,1.567643383597994,-1.2446848124293979,0.7782016151550514,1.4679366594381162,1.0226557961269864,3.243905346602106,3.4012860472277024,-2.012098333570033,2.3167163060165286,3.068503567949396,0.6513934692182057,-2.3181733521159025,2.4079537250953162,0.1878522040861763,0,0
semiprime,234263,-0.7044088643140907,3.105109411744878,3.1840063296153933,-0.4819262498583474,0.8866925263440968,1.009195990170892,-1.925392277868673,0.6605374285786461,2.035545410505402,-0.3394888247718669,2.034864676748864,2.062989799980902,1.6366780485324588,-1.5784429844005499,2.2738067836892677,0.8462402249312192,1.4216056848134957,1.6544138664148365,-2.2314335231492395,-0.24883191595504695,2.2452645480281577,-0.46157035687666514,0.10638035882323993,0.4736707454452019,0.3104925687702672,1,0
semiprime,235531,-3.3852279211514227,-0.20125570849672803,3.3912050864472505,1.2880525021250329,2.1182332236265187,2.4791109773275077,1.6550919313316523,-3.0914149795363244,3.5065903491655126,-2.1667883022377117,0.9729397536529018,2.3752017411058692,-0.9603766786217753,-2.762486096632504,2.9246628521811675,2.114931612466827,-2.444774436975869,3.2326239764473397,-1.1078744077567269,0.2892769312632173,1.1450182733578458,0.3121553910062086,0.015117177721923225,0.31252122679350147,0.35738972693544435,1,0
semiprime,238067,-2.1798395555182646,1.9065678972916595,2.895980254557204,-2.4769166489578573,1.8311462221973311,3.080294234801633,1.651095634692907,-1.582670537529721,2.2871298225650833,1.4866267566392843,2.0146872438478503,2.5038018699727593,-2.341805958632073,0.707384344276509,2.4463130949271785,-0.5473339372966181,-0.7676913807682723,0.9428279243968724,-1.069959505132141,1.7863152063965508,2.0822428674931674,-0.14570013112351404,-0.8293276749615486,0.8420290497759192,0.23790655704670674,0,0
semiprime,239969,-0.3174421410578214,-1.1299785482208864,1.17372101981636,0.5237401693741771,-2.655355706102096,2.7065139369574758,-1.8553929157957383,-0.35846368086829417,1.8897034377083242,-1.7528091049566608,0.3592067114016907,1.7892370496764778,-0.31211058562879035,-3.871212250642445,3.8837735911334597,-1.1424798622797612,-1.1996736354190585,1.6566463313677913,-1.7367683467073838,0.9182677507068764,1.964581368157849,-0.5486491921279569,2.1284853514703466,2.198059559576697,0.13124799242237906,0,0
semiprime,241237,0.17704283851610358,0.8532019582466743,0.8713769266085711,-0.7213008443700923,3.1459117851367946,3.2275433177498303,-3.666312784507171,0.8272282725690635,3.758477889888182,-0.22883170261309493,-4.2328498401651355,4.239030752130352,-2.883888663676721,0.5593491365099865,2.937632598028142,3.0958048409170518,1.9903945897028694,3.6804453855157133,-1.297544166575861,2.35615313611682,2.68981011691312,-0.5274161173162971,-0.9726658516213745,1.1064567861942607,0.3632073350227458,1,0
semiprime,243773,-0.7355321488633649,-0.001944844175666649,0.7355347200713416,-0.20712603579482314,-2.2453580677790215,2.2548911386682104,-1.9762647152289445,-0.8880259111399412,2.1666130811741313,-1.8231526962467435,1.2453119669611654,2.2078694818508766,-1.5884054045690141,1.5691195057797789,2.2327489228936224,-0.31043909640634026,-2.8913697002070573,2.9079874786272786,-0.36287881411603373,0.5064729700710797,0.6230536920257193,1.7885407876281243,-0.14583566852406696,1.794476578622104,0.1829102411717049,0,0
semiprime,245041,-2.9207307269381824,0.3487233692594319,2.9414751346133277,-1.0628035757075884,1.897108570238673,2.1745280793335042,-1.2689899997492002,-2.8101925350498784,3.083426292862137,-1.1008157873980324,-0.7479690749914432,1.3308843431824964,1.243306878433918,3.591875131277527,3.800970790817925,0.03952921328668724,-1.9279325930582587,1.9283377925247966,1.6539900125117701,-0.10646862238869614,1.6574132040749625,1.782982534696767,-0.1421713670546919,1.7886417798552923,0.2680444647419166,0,0
semiprime,249479,-3.7551072253465296,1.6406122987094536,4.0978578536262615,-0.15119260076169305,-0.23897700242462128,0.2827882780684909,-1.8607961552889916,0.9670628698858444,2.097086771178088,-0.4853494978890087,-0.8702800724690849,0.9964695377370593,1.9942166495511955,-0.8761055801696312,2.1781783749159667,1.3547052846799923,-0.04901943152229937,1.3555918681545225,-1.850132316092919,-1.0144506930149784,2.1099999515663312,-0.6504754094584986,3.0806411489001877,3.1485660460926126,0.3183849919907264,1,0
semiprime,252649,-3.1550528819886297,-1.128436352498834,3.3507801016756726,1.8067543225740839,-0.7680194301836291,1.9632154816218528,-1.072235602597452,-1.3030013467027284,1.6874542058931983,0.196582754532988,-3.406891492289038,3.412558339371095,-1.3159580005609053,2.9538778390854334,3.2337501059111364,1.722380147329063,0.5624832520671975,1.8118997711709595,-2.6932026026823195,-3.411179162344509,4.3462033473720725,0.8116792095291607,1.22125183316871,1.466383026088279,0.3248619576389312,1,0
semiprime,256453,-1.7341012866888887,-0.17831026056782018,1.7432446246926514,-0.5825801220048435,1.5442137086920984,1.6504531428270794,-2.494820582462655,-3.6811873117575806,4.446939370277528,1.3051130881059787,0.15031066833534446,1.313740259625525,-0.12193849935025558,-1.7911371560621858,1.7952830722341053,1.2673977721120022,0.5039800882844409,1.3639255999289916,-1.714976859744846,-0.6192066429936633,1.8233382835304521,-4.393398696130363,2.952130994505681,5.2931115151563795,0.34353958818995517,1,0
semiprime,257087,-1.8046787510871534,2.4389658061763813,3.034043440414638,-2.2716192370539283,-0.6889313004025855,2.3737902802960225,-1.8935146583923117,-1.2284074855107685,2.257073927013788,0.7527849860273117,0.6917006984061305,1.022318488223542,-1.729112320511025,-2.604736828757824,3.126417016974925,3.165797599959572,3.4319415318111584,4.669100247550925,-0.08099433384477633,0.9118196115383191,0.9154097913507645,1.5928613482938472,-1.589252739527034,2.250095896841438,0.18832493609860426,0,0
semiprime,260257,-2.9652491608516076,-2.7134040699912427,4.019361172248172,-2.035652813931031,3.6259705544978864,4.158310334853693,2.6089872963439786,-3.4906724609165454,4.357936316868964,-2.0241628686903583,-3.0591309737621724,3.668176336221567,-1.9848767192230579,3.970759725972319,4.439219344875567,2.6690985697040714,-0.9186061484976522,2.8227512166065947,-3.0061141569695637,1.0205076589468605,3.174611504846228,1.2706468425466644,2.6630143888569706,2.950625193706085,0.4253331645209606,1,0
semiprime,260891,-2.1972929879171783,-2.8506429179997275,3.5992029007395514,-2.362419617025695,-0.4373135687118982,2.4025548077593086,-2.051634508535333,-1.2531971679446894,2.4041021813470422,0.6626131864181222,3.5252334216920946,3.5869662546823786,1.6497398734244673,-0.018165404815896236,1.6498398806850023,1.0859629113756752,0.3467530509911759,1.1399794398388163,-0.3508817993050376,-0.6751499098227136,0.7608846415963192,-1.236836495627076,-4.152615033028608,4.332894659399217,0.3680671737083061,1,0
semiprime,262159,-0.9149776992883769,-0.5090055649006173,1.047029538883621,0.08251481689106877,0.027916614946665308,0.08710931291570943,-2.354890064637508,2.18864417628985,3.214913769751208,0.34798333554019356,-3.9512587474033065,3.9665524187567245,0.304897217452646,-0.9356888538583974,0.9841117540428055,2.76101908540349,-1.529077329158611,3.1561533341251273,0.0915757417717652,-0.9353802242519429,0.9398522652005813,-0.5193480128714508,-0.011985051873827701,0.5194862846523891,0.47757355480586583,1,0
semiprime,262793,-0.5611258019040587,0.24965317386028313,0.6141570424419032,1.0096289083256935,-2.1429060301186817,2.368838699963748,0.9559880332952841,3.353581062230515,3.4871792412715084,-1.3330892076634928,1.7664540150037693,2.213026575238494,-1.7358408071939413,1.6507603851666455,2.39544425047949,1.2997564280080063,2.337714529282402,2.6747478371925406,-2.8831075546691243,0.6252158778975384,2.9501193307670395,-1.7478124737305378,0.29468626140750576,1.7724808704159247,0.26001993846652566,0,0
semiprime,265963,-1.5661646367747273,0.7211692387153444,1.7242264179489257,-0.9384049798973203,-0.3523500969851728,1.0023744296127826,-4.248276413363225,0.6948212471443033,4.3047217157235,0.17985190095404702,-2.000749909020218,2.008817290029433,-0.5044068517336578,2.1755990295916128,2.233306385079268,3.7917661571618773,-1.9238866685968627,4.2519208017321874,0.8790978431585336,-0.04172370138796677,0.8800874303746747,-0.21700916888314947,2.9485908982095816,2.9565657889490207,0.4081079681351894,1,0
semiprime,270401,-2.6659424730392547,-0.22815696716717426,2.6756877379884187,4.008149521807129,1.5832820681878084,4.309529521491618,-1.4243492514227967,-0.6384661003681309,1.5609003015400982,-1.1603355738975911,4.558729910885359,4.704083018448237,-1.2867590768455468,1.0878412258676313,1.6849769893210989,-0.5826598209073397,0.7870159577007069,0.9792275448410007,-0.3690152574773241,2.6784904088167747,2.7037905115549368,-1.0649751782037387,-4.206319243133283,4.33904294808699,0.25126591536422177,0,0
semiprime,271669,-2.119425378224835,-1.608869815702383,2.6609069915616566,0.047648488694908564,-1.337319131001025,1.3381677161762071,2.319050336194265,0.2583312363415039,2.333394413611309,0.5882791482439105,-5.771963802848428,5.801865087853308,-3.2073770465090226,1.3673669049941872,3.4866832049020915,-1.3280524558558342,0.9401776957037711,1.627162384337705,0.43747670267055655,-3.8691670068816726,3.89382064205854,-1.8328975122660394,2.247090766508626,2.89981554644418,0.5186873396714495,1,0
semiprime,272303,-0.6221267470478989,-0.37727896052578636,0.7275858048696513,-2.6154488221606873,-2.868828285720339,3.8821061647372326,0.8451728674864585,2.2105640922724583,2.366624343232284,0.17546993003716815,3.3000911035400007,3.304752787730288,-3.940269019933844,-2.9857297206129862,4.943713372961879,1.021988530726445,-0.3519693290171694,1.0808991467779008,-2.998238264946079,2.53847725316455,3.928523826861779,-0.15538149563483453,-1.4718958070404367,1.480074550814565,0.17799915368916655,0,0
semiprime,273571,-4.468164261046686,-2.2157284100233507,4.98737849482867,1.8104695805615285,0.10539573737512248,1.8135347704401708,-2.6679921953931527,-2.100955489103077,3.3959087623007664,1.7163470302018502,1.589944111996599,2.33960881502771,-2.5779997779516286,0.9253590914441302,2.7390458746134487,1.272994721324995,-0.8637486178128932,1.5383683678803934,-0.7723345821088626,-0.08444695816892012,0.7769375750118248,0.567872281913381,3.234063679246851,3.2835418087774046,0.4349279290926391,1,0
semiprime,278009,-2.5763716179333063,2.784542260972164,3.7935954339955984,-1.7775611251563626,-3.270179216990469,3.7220687345753767,0.2576982728534355,1.7935181585802504,1.81193702566859,-0.5394274227688931,1.0257767903489445,1.1589650417737685,-2.705805833994766,-0.21419002742726645,2.7142701743064204,0.508420432489879,-1.3060827677494062,1.4015504030840793,4.268435428510841,-0.4921552201518973,4.296714764571799,0.8054488330186471,0.9611560643503507,1.2540210535108876,0.12355755116865218,0,0
semiprime,279277,-0.4275758178354976,2.6930300311932878,2.726762151143113,-0.5553126751518509,-0.05047654121097789,0.5576020520020785,0.16074098541510762,1.1123120816238625,1.123866465074312,-1.583175463314248,1.4852189894863912,2.170787874107293,-3.36821212358036,2.534936155102349,4.215537239768948,1.2683044526367615,0.3721226929338495,1.3217683167539518,-1.2677719981662068,-0.24676480356286445,1.291564441912116,-2.753588373940847,-0.9609032883594508,2.9164334490404893,0.2650104499251113,0,0
semiprime,279911,-4.023710653692684,2.926298788304807,4.975286124744404,-0.9719407223127019,-0.06357121805830146,0.9740174882696679,0.5642525542699552,-0.5171644851479544,0.7654018877024785,0.5194192082249885,-0.17953840397122284,0.54957288176693,-2.3897362590120825,0.5981057054538325,2.463446736289115,0.7172611027248358,-1.8565232346027924,1.9902617943632597,1.4233780286229503,-0.4195523675499184,1.4839235834379405,2.4409420038878777,-0.015619605871861841,2.4409919783628458,0.19815057249718843,0,0
semiprime,281179,-3.5214229157359784,-2.56130758453288,4.354390415897056,1.0603941092726363,3.0574627848823606,3.2361264418932563,0.6653244532097684,-1.5738622009236076,1.708712631057364,-2.347783674542906,-2.3924288522741204,3.3519850828492443,-0.09604184879533917,-1.539876148748277,1.5428682996950365,-0.3999318814431262,0.5364044621370315,0.6690853882690585,0.3696489172992845,-0.2779221137714253,0.46247272717827403,-0.6676894365020505,1.9445096843317877,2.055949195888978,0.2908860258535931,1,0
semiprime,287519,-4.432777327593308,2.324223116372726,5.005150140675764,2.839164237163082,0.310858366835282,2.8561313852512673,-0.9765401957298132,1.8688857441782267,2.108640481132008,-1.7989945092113946,-0.8455366916393994,1.9877911210892474,0.9786863284886014,1.0564432668876242,1.4401039218482445,-0.4209960921359541,-0.9680833302615631,1.055662372126649,-0.5707979144445643,2.326763559045416,2.3957543527740808,-2.390409195709162,-0.780426578023597,2.5145818273853298,0.27682250337417863,0,0
semiprime,288787,-2.5424186619861895,1.0583899508756751,2.7539211936673604,-1.635853291423997,1.787217729673335,2.4228419684992732,-1.4644226064933397,-2.3744203834632542,2.7896963504680095,0.2039375321220539,1.6393417506727923,1.6519781755540746,-1.5495466025130296,-0.08975497692886603,1.5521438816176722,4.40436127126686,-2.169937240565084,4.909890613427823,-0.4207326945304118,-0.0019406187566181066,0.4207371700337152,-1.2905579895765213,2.0542362703475887,2.425989814255485,0.24900140217065533,0,0
semiprime,291323,-2.6742114699296122,0.07768240641309071,2.6753395190459894,-0.23006408454713978,-2.4804354365478405,2.491081981364883,-0.41683956431438396,-1.5967471582045685,1.6502595885533193,3.8498724443682835,4.755663488196749,6.118647975727472,-2.2538713339776786,-4.497995680441088,5.031093432981841,2.362306925782512,-2.3160038353620007,3.3082272861778286,-2.0051698446464647,-0.9029554849740817,2.1990986139153255,-2.0891071815996654,2.2895908939416785,3.0994508026151912,0.43431696621732396,1,0
semiprime,294493,-1.1890878596919554,-3.2726370191379717,3.4819653928634997,-0.3333753304189455,-1.9264217718043872,1.9550549746270296,-1.787289647717867,3.794851859308679,4.194675782338606,0.15402225662774438,0.5895151121948653,0.6093036378053452,0.19659983317576235,3.8151553461420615,3.820217508153311,2.7837337304350847,0.870274679527851,2.9165993039478937,-0.6614015812469409,-2.266580867578587,2.361110095050473,-2.112999725738654,-0.5892245101193477,2.1936165034702424,0.327090521478403,1,0
semiprime,297029,-0.21353909239474766,1.043033830382901,1.0646682653784694,-1.4702478751663983,-2.805293950060206,3.167223225583524,-1.0031557560623072,1.4803698370490548,1.7882439222224649,-0.8538599451099674,2.1766726386378012,2.3381575185726144,-1.2152663336534624,0.3179110136475567,1.256160688092867,2.6497623908620636,2.6083914726536,3.718191334861488,0.6337553142307653,2.5278788638539496,2.606111538026581,-0.7090610354166119,-1.5081710740538377,1.6665375905027717,0.1301480519394247,0,0
semiprime,298297,-2.804808249717331,-0.6231385211877515,2.8731952481985026,0.9122514639173542,1.7520697622668406,1.9753357145733836,-3.2406394363554276,-1.243747593773475,3.4711168279790487,1.6654497496653575,-3.1628889764011987,3.574575435726686,-0.9533277323948487,-2.2648508584617346,2.4573121853822237,0.44858250061614113,3.4730588014771135,3.5019085793859146,-0.909560074236366,0.28340757793904603,0.9526906023878582,-2.6154077217693423,3.2573700799557335,4.177417550219456,0.43509797263859146,1,0
semiprime,300199,-3.4608384935257748,3.110406289031797,4.6531742242385805,0.14060466566521246,0.09031899772834395,0.16711431224607537,1.217463642587254,1.210520865685944,1.7168513294059193,-2.898121916441123,0.34439930387141493,2.918513581099715,0.08895619621460915,-1.2238643255631936,1.2270929435993114,0.36992911217744495,1.3742280310389474,1.4231479997981848,-1.034148471543482,-2.0203146624156783,2.2696110672023733,0.32238274124495436,1.267112304722119,1.3074801048699793,0.4322913108687718,1,0
semiprime,302101,-4.99950939860202,0.25557909120165934,5.006037844300559,1.6352129354647311,2.814386162076406,3.2549486652785085,-1.3729793211117753,-0.5804165850704824,1.4906225640400832,-1.0149517310356428,-2.698326071693761,2.8828962183045252,0.9075297365250363,2.3277940566625848,2.4984465959693543,0.16504283398395592,-1.5166453151259547,1.5255989476081064,-0.2639151884343278,-1.3130873301090824,1.3393466926749493,1.2661259175972495,2.28208205758368,2.6097841590363062,0.26926510623300065,0,0
semiprime,306539,1.0259912813417063,1.688940230976343,1.9761521229904389,4.269935930237273,-0.82696181212998,4.349277950080053,0.1924621971457653,0.40483530647657306,0.4482558674464354,-0.4989629651562277,0.7731420119604759,0.9201698817369472,-2.1894051171051387,-2.0438591779769286,2.995138578798432,-0.0970559602722986,2.19582006932929,2.1979639752037943,-2.5876853788412864,0.8295622576601315,2.7174048574334937,-1.503540102087383,3.90086804777606,4.180598565366585,-0.07244619703782926,0,0
semiprime,307807,0.6464633865582963,0.12284205277656102,0.6580312151340395,-2.529482528206317,1.824530194868621,3.118844704772642,0.2912891252271913,-0.5395426024114458,0.6131521624299614,4.179523344540817,-2.2980514669706924,4.769638972963028,-0.9895877861144851,0.8497324733290595,1.30435013039325,-0.6560850949009194,1.3316170186259606,1.4844701196202774,-3.7344588631065743,-0.5012167075987873,3.767943893984014,-1.4787474328532837,-0.2539385438527221,1.500392866626677,0.1869287848136345,0,0
semiprime,309709,-4.196013696878813,-2.1223779847528887,4.702235559237578,-0.0013468209988699575,0.37176502332359124,0.37176746293024804,-2.17308802966798,-0.3928233475923337,2.2083074439714934,0.6890452080426808,0.7065952243133599,0.9869448362239039,2.466043667115879,2.2911096772921873,3.366088965179655,0.526419445527978,-1.654976363138435,1.7366819499197041,-2.853578992837743,-2.017529043825627,3.4947584338613185,0.6313897088101206,-0.00906508331702982,0.6314547807459165,0.34060569722898143,1,0
semiprime,311611,-6.431529534368727,-1.23182219530385,6.548431726169283,1.5481210478814775,-0.1817063255652885,1.5587482053378867,1.2641037269910504,2.58824042287075,2.8804421048121798,-1.5490448076487846,-3.026827961443995,3.40018048407476,1.3288407031738823,1.9293883559142266,2.342724277918565,-0.8287330830687032,-1.491995528430082,1.7067071160067033,-0.7103390952389184,1.4861443975602397,1.6471814716735171,1.921270428436224,-0.3598632711920964,1.9546819774931645,0.5290756339167869,1,0
semiprime,314147,-0.9929312980823365,1.6566299421661315,1.9314076027583702,2.0313027729983277,1.6027838437495927,2.587490484113017,-0.27166561578185194,0.06741099931863992,0.2799043579997826,-2.2515624430666348,0.08539453481798809,2.2531812314159225,-1.620316352572615,-0.020899008820874643,1.6204511257621805,-1.7604249967864223,-0.1105648487397711,1.7638936348565135,-3.7476866944339986,-0.20216018533706082,3.7531352627067873,-2.667234276741948,-1.5257668989252267,3.0728005657515496,0.08446892239086146,0,0
semiprime,316049,-3.9578312277779877,1.0576270414042093,4.0967063583181105,-1.6046254114186307,-3.753280364634036,4.081903502842493,0.7985743810119691,1.8045058767410413,1.9733125705781138,-0.7091319153684088,1.403915911216036,1.5728470870239168,1.3760406407947958,0.5942544092555267,1.49887496077511,0.8643362852977585,-1.7364582496092087,1.939681537448404,-2.176981511330377,-0.5746754621398119,2.251555104246818,1.4597457927542763,0.9912359971075163,1.764484792064115,0.1504742824853838,0,0
semiprime,319853,0.3933588812301686,-0.214077549763807,0.4478397110077724,-0.4873114166400835,-1.4757376136973879,1.554115157016695,-3.254817829712478,0.9424197046001953,3.388509112313698,0.29850295706723795,-1.7754857624031313,1.8004037624583307,-1.6522373053107038,-2.5149968912779013,3.0091689012413187,3.1324155603477504,-1.5452948712925554,3.492844611767289,-0.07782058890434018,2.591184058702927,2.592352381551087,-0.39149066614519445,-1.5603689083806,1.608731199398978,0.2650680333995056,0,0
semiprime,321121,-0.808686827144473,-2.4286580574212326,2.5597566963041762,-0.8225407645327909,2.9010987732954945,3.0154514424435375,2.1108487406502006,1.1778653104484131,2.4172399747361193,0.008670575675767733,1.2217414867267737,1.22177225343838,-3.865435258433447,3.0854237572341026,4.945849724652485,1.546877032584653,1.255028031041769,1.9919648371993117,1.1089541337905795,-0.8044124521209023,1.369984913777658,-1.788654899247146,-1.6706935035770245,2.4475504349237203,0.16221324532412962,0,0
semiprime,323023,-5.437302561406669,-3.0357937845586305,6.227383322603831,0.5370933619379097,2.2580105480446178,2.3210085985447195,0.01122436684632322,-1.2593584535391613,1.2594084726218293,1.054953418336255,0.9100142847738546,1.3932166785363358,-2.2884944058039873,1.1966076452065775,2.582455517905967,3.6389437226337815,-1.6029316955018498,3.9763427212628737,-1.4935976474467325,-1.4415256318219027,2.0757721646794356,-2.5346414619335755,2.062845480932321,3.2679869673478916,0.25352944170141223,0,0
semiprime,323657,-2.0199794060473373,0.6602168239870507,2.125136008713537,-0.4876546523344236,-0.69515932383113,0.8491487181011119,-3.2414322419199815,-0.7533804274456812,3.3278318838872605,-2.147341147659378,0.786251373766575,2.28675867270268,1.1465000882211265,-0.5738130684197928,1.2820779577624712,4.7737598755205415,1.4702569276899728,4.995041419502971,-1.7872549616382865,-0.5548346330865337,1.8713956738148512,1.1961552585072073,0.5266037884895169,1.3069425972497628,0.38169216726306954,1,0
semiprime,326827,-1.2067602757173865,0.015521857825353202,1.206860095918269,-4.402314957284381,-1.070596475208995,4.53062399630114,-1.3092356028806935,-0.46087210248889343,1.3879844951233808,1.5643124490722942,0.028066728461444423,1.5645642139487557,0.4807453634452199,1.934508564103528,1.9933488126928438,2.8239995821952237,1.7333626653034993,3.313535841017394,-1.8000235884054225,-2.8514876492915997,3.3721012340792007,-0.22816935333166943,-1.9616673739824613,1.9748924375638888,-0.0071558404212275495,0,0
semiprime,327461,-0.6089346856008502,-1.796774538001781,1.8971558164102702,1.3683687477617315,-3.5971289484317284,3.848606202444797,-0.7518204033240212,-5.275507000320934,5.328809250600876,-3.5771421777187435,2.331976734324946,4.27013602231208,-3.3623686799420067,-1.284796889001777,3.599475820983327,-0.25923123695067185,1.076333795289698,1.107111228871653,-0.04487516170419947,4.603759824010522,4.6039785291974775,-0.5024987177147713,-1.114945093389014,1.2229503352864441,0.47037383787792736,1,0
semiprime,329363,-1.466564308926566,1.7818623036149144,2.3077790494891635,0.1678487625966899,0.29327856555231524,0.3379134861435152,-2.3322515302858458,3.7067771434118657,4.379451334521403,0.20255492934241087,-1.7424375180517115,1.754171315383739,-0.3353912135532363,0.4065325978074409,0.5270256342994893,3.139897927599584,-0.8086633021674023,3.242359531578269,-0.1831578479224785,2.4846172442021697,2.4913589960987914,-4.6770521495093345,0.9720003041330797,4.776986644367418,0.45113051543993554,1,0
semiprime,332533,-1.691022675143566,-3.283156132026902,3.6930572531597106,-1.4695160739092643,-2.8779666882881716,3.23143462727843,-0.23249537400620418,0.18714169444563966,0.29845621577422365,-2.812891009930318,1.7142564402000064,3.294090310922577,0.329783169185095,-0.4530053601391797,0.5603309691535824,2.084458084544553,0.669733964595853,2.1894083880255018,-4.150815574681464,1.1055822253362662,4.295530466892035,3.3990307441637726,0.16548944467625926,3.403056972204519,0.17321803963163016,0,0
semiprime,333167,-2.913645515330093,1.727308266442999,3.38717050594231,-0.3014160748256046,-0.9352289696366646,0.9826010766383945,-1.836455388884437,1.2640563144142238,2.2294409078002406,-1.7239388729040006,-0.8899759248507445,1.9401088588848447,0.20789202393243533,-1.828689348668232,1.8404683717867492,2.858496250665792,3.4903969238170873,4.511526515588951,0.9624957014200957,-2.409581902577391,2.594702857839533,-0.7283855378581526,0.11533363310909034,0.7374600590452697,0.3239864857609902,1,0
semiprime,336337,-4.492970262627939,-0.5347414774096234,4.52468012444208,1.6696709749963272,3.591545559375997,3.960681844053954,-2.554191129403733,0.16435816308670004,2.559473760619153,0.6233328052389214,-2.6903264829421816,2.7615938099052637,-1.14394283585948,0.3940994823660712,1.209925457916906,0.695633037567775,-0.41634538167283475,0.8107088255323659,1.9596435745337364,1.0679745709426385,2.231764464138515,-2.5364504039223874,-3.1103537714616167,4.013462499538714,0.28015426195189896,0,0
semiprime,336971,-2.145568831695078,-0.9758624121799984,2.357068742961721,0.057878809387781005,1.462259549337844,1.4634045736589254,-1.3599787238344274,-1.26396384164494,1.8566493266818462,-0.11991784091498536,2.7855964956371273,2.788176487433239,-0.43274048042824,0.5703539099999568,0.715938479237918,0.620797413281492,0.7767251366126238,0.9943296064097109,-4.116433803734143,1.6055760641624603,4.418472785741309,2.4415015718905604,-2.075968102937499,3.204773547375539,0.29134794410206266,1,0
semiprime,338873,-0.8481281891839849,-0.104401307799566,0.8545297293592338,0.32256500960462997,-3.027238116308992,3.044374943770108,-0.7068159222079013,0.21262581500186795,0.7381046572755211,0.8959135315249347,-2.2403107830045013,2.4128102827233895,-1.8106522058964352,-3.6715767957076966,4.093768139196067,2.282211769803978,-0.2342563765643434,2.2942028271695727,-4.72864485912526,1.321967594756483,4.909957283451455,-1.816632470368959,-1.7046470540151728,2.4911794618536485,0.06500228031560137,0,0
semiprime,344579,-3.349139736407603,2.3256278115092153,4.077411150675086,0.32591518868926694,-4.938246986817899,4.948990201347586,-1.823953472881893,-0.2543450025506685,1.841601925379211,1.5626751693036267,0.347062944420663,1.6007518146633657,-2.838195774066718,2.9483881351539614,4.092474538399332,0.7814977674005952,-2.4783328219711382,2.5986289340557147,-0.10893846145627267,0.9883812374835134,0.9943666622498468,0.7660341218938592,0.20422647716858044,0.7927904703529077,0.09855568555223915,0,0
semiprime,345847,-2.0286260279012382,-1.8196159562586516,2.725128582168086,-1.6860916626589377,1.5861349105300038,2.314892880737682,-2.703915634572084,-0.1564277197107743,2.7084367059943024,-0.23765892316692383,-2.7282135605887783,2.7385454160815663,1.4861452902849601,1.7415722458087224,2.2894762962755055,2.5005613399353868,1.2850907269631224,2.8114525056109456,-0.16770218475132448,0.6674952490181703,0.6882397331106338,-3.2820063443181726,-0.3710601058436789,3.3029155675393,0.3129791359382994,1,0
semiprime,346481,-4.3708927413919545,0.8200690816165139,4.447158267408101,-0.6014365321527612,0.8032319291813985,1.0034477735609415,1.3955040999966404,-0.23149762185984163,1.4145751454179432,-1.0989226451190341,1.9628206658522385,2.249510156956852,-2.363186094274572,-3.54102807029441,4.257173746840228,3.3400408764496694,-0.7498808916309747,3.423184834038025,-1.5951164961847262,2.194780296567348,2.7132005430120523,2.9977624145428683,-0.16773979371185632,3.002451686945251,0.32303312472491996,1,0
semiprime,347749,-4.564687408364036,-5.156024178929261,6.886287568042765,-2.0072525573494056,2.5392312750082096,3.2367820898178405,1.9693079849352932,2.8465942163954763,3.4613974883486125,1.8733580261003813,-2.7357361018828183,3.3156782583808875,-2.4084339210276227,-1.180454316369079,2.682168217131595,0.2894714071211324,2.7032244025123164,2.718679066362699,-0.028748036905569374,-1.7260213206828554,1.7262607129508893,1.414921043793839,1.4675322782336526,2.0385417699493678,0.48762865162077984,1,0
semiprime,349651,-3.191783235372319,-0.7011941421361818,3.267897404535504,3.1327960663422845,-0.19350709127854232,3.138766666648665,1.3187935679403648,-3.1626844205339615,3.426629425357974,0.6802476936647032,-1.499819193529195,1.6468741718828164,-0.3934034550785358,-0.8299654965551091,0.9184819018030232,-0.8433803748867075,-2.6074873195770554,2.740489113005045,-1.2911265323899737,-1.943545705971409,2.333319016731587,-0.10524876953036633,-1.1146793609963366,1.1196371650310906,0.2709519344710094,0,0
semiprime,351553,-1.0152306746499349,1.2684317557654414,1.6246884137533457,-2.8135542575554475,-0.36161388557461305,2.8366974041037145,-2.5791335057818143,0.5657773436954486,2.6404608770601903,0.9466379458609802,0.08469951671116571,0.9504195961126859,0.6575365990314802,2.528685963722706,2.6127776564786593,1.6813888182859793,-1.8962358483711685,2.53432017529456,-2.49930468393836,-3.1686844307106106,4.035726071549462,-1.723545576523755,-0.7405270531990067,1.87589703098923,0.138822513862023,0,0
semiprime,354089,-5.254789151422715,0.8170069675561799,5.317923411534356,2.1796252211811327,0.9069236251294583,2.3607788051037013,0.5129885447069524,0.019856272526229568,0.5133726897286149,-1.7935195353748041,3.1701395100352245,3.6423202545709006,-1.4237947600488994,-4.446576648823988,4.668965132940004,0.0017801010710559728,3.403533976484095,3.4035344419943008,0.6898615962995471,-2.900278720105983,2.9811953435406675,-1.7157538570361641,-1.7009151352539633,2.4159725982035645,0.30642105653027774,1,0
semiprime,355991,-2.916764967124358,-0.3828851616460638,2.941788388115755,3.878310251574644,-0.3923861420719843,3.8981094509978957,-2.09828444966926,-0.8768618125168107,2.2741337405645465,0.03128087664509471,2.704172483969047,2.704353400777903,-1.1932688974312526,-1.8012433631691884,2.1606407186151624,0.45801806283477464,-0.6010994806104568,0.7557123338103465,-1.4727956079601987,-2.6080101699009735,2.9951367162675155,-2.1517882812909006,-1.5493045412255881,2.6515160510476035,0.2087410373232914,0,0
semiprime,357893,-1.9906335200825453,-0.614372075519073,2.083284632126354,-2.5013898695002803,-0.9522118391689338,2.676501198559812,1.2172760192763774,2.495385141772717,2.7764559987302855,-0.08192180302274699,2.8368382613365495,2.838020877793797,-1.0544649887360418,-0.09728073853112545,1.0589428476359155,1.1663092543325961,-2.037617146953952,2.347799163962416,-3.4527152197347766,-1.5319677351459307,3.7773227993006264,-0.14403804305009338,0.8775469274452353,0.889289361071116,0.2836166013760127,0,0
semiprime,364867,-1.5729797226322564,2.623363407544268,3.058807083791739,-0.4811642545641184,2.630522558074925,2.67416678021609,-0.22348241192887563,0.44217122651344964,0.4954389790861798,-0.9647116012430219,-3.1597141443264287,3.303704276630911,1.9009831093324687,1.872829388100902,2.6685626653503456,3.297106323511263,1.8107665156230501,3.7616200609098738,-3.6872679575938285,1.7588206076094297,4.085265587553613,-0.7808330401821699,1.2515068571634962,1.475116825938672,0.19415982824229006,0,0
semiprime,365501,-1.6163020694625825,-0.5045940247244237,1.6932358103750993,-1.7419539071399044,0.5421284174769969,1.8243647211114593,-2.0513952990671904,2.838940476601543,3.5025427481647626,-1.2129881591776233,0.4566160004839773,1.2960858174531122,0.6096268060901937,-3.0073806841026642,3.0685474449350685,1.227505011398177,-1.9366548548774856,2.2929022176988214,1.3007602390940827,0.9113162554471079,1.588229995010242,0.8017427853387,-0.02255161587269311,0.8020598912931168,0.2699785784178821,0,0
semiprime,368671,-1.6615110662394903,-4.4592239270922,4.7587074983852355,-0.6497803056085627,2.4265940076335824,2.5120853734377673,-1.145044797554941,-1.0311950512379526,1.5409382927636264,-1.6192208864119177,-0.9630839650259198,1.8839869964207938,-2.766114353001748,-0.7789833545917737,2.8737090459218955,0.6843435963249055,2.213402042931776,2.316781120754713,3.3485367241391772,0.5264948135849971,3.389674760451308,0.9220860651977391,-1.3025578976092365,1.5959009330957994,0.24279464653001523,0,0
semiprime,371207,-1.3424055909405255,2.2121596889106154,2.5876057002235666,-0.5954506942912225,-2.741744317681716,2.8056591797422357,1.3683812833042024,-2.646722923790932,2.9795317705669255,1.401467181366987,-2.0294113136112903,2.4662969286487444,-4.584573566385792,-0.5659152270554764,4.619369527307443,1.7080658958573198,-1.8843145691555665,2.5432519537243645,-1.7059801739351577,2.321682032834457,2.881071990673987,-4.4615544949601915,-0.07221065937878257,4.462138824692415,0.2849108636955444,0,0
semiprime,374377,-4.180761135555805,2.8176268952664976,5.041605398432427,-2.002668574027796,-1.6905138033492926,2.6207858242735167,1.8304660388495115,1.862226534515678,2.6112245374987753,-0.7428624807599017,-3.2024235585098952,3.2874551424194274,1.0665386225609401,-0.43050626787721347,1.150147938352173,1.1651471517921494,4.652054189148952,4.795745621288485,-3.197143551216059,-2.2193045576574844,3.8919197842095503,1.4603549888006637,-1.6896612267574491,2.2332916859475556,0.4004790587479191,1,0
semiprime,376279,-3.9567034210972265,0.6318728775909058,4.006839814112552,0.5398130572359612,-0.05418975506311641,0.542526189521055,0.3873952194380469,-2.8102603884996906,2.8368360028760713,-0.8749713328074166,-1.7742721585224372,1.9782862598073756,1.225755667074604,2.1722569943678494,2.4942288196846634,-3.857116757068225,0.8573564382613438,3.9512541983381277,-0.37663982576305427,-2.2376483566846708,2.269124881209589,1.5318286974733848,2.3952381485336756,2.8431786694814023,0.40914234438761554,1,0
semiprime,378181,-2.662546293353224,-0.9165266025399625,2.8158788641226096,3.4648065053486934,2.1844882741534697,4.095958146688101,-1.5329663491654055,1.0612810503729597,1.8644847265542952,-2.943522135993975,0.18234745307068276,2.9491648239337005,-1.3979051806988738,3.5919346229167477,3.8543654769018505,-2.2800411762337034,-1.7125641098107593,2.8515721270087293,0.7643391662456078,0.9520425442529704,1.220901047228931,-0.2591209002457502,-3.1388084985805693,3.149486058344405,0.1821682777475946,0,0
semiprime,380717,-1.2091437997260708,1.5232225956665868,1.9447971113628422,-0.7292923515522021,0.3550476740007634,0.8111264912736441,-4.70089049656864,-4.056562081405425,6.209192168150834,0.5416623708165818,0.4781015095414578,0.7224812643830018,1.2172054660118066,-1.7656397624307476,2.144544920761868,2.2901493851667425,4.235033113571199,4.81459133046868,-2.311792084438224,1.3156068914751944,2.659925588163747,-2.8955951139062384,-1.3578800494729777,3.1981728052802927,0.4734985120548095,1,0
semiprime,384521,-3.055293895143841,2.657245508780228,4.049169603713324,-3.068759088861179,1.3800808354782998,3.3648039256281446,0.13122049008941658,-3.7787861599440338,3.781063826438782,2.328741238590938,1.995710696281991,3.0669034773804675,-0.29449504067048304,-1.0835775028740398,1.122883579768735,-1.4060097859514697,-0.7311027342736142,1.5847317521440822,1.3999104179301511,2.8216373082852573,3.149823213727501,0.896896517342814,-1.4843815762680868,1.734304479261297,0.39318070546174433,1,0
semiprime,385789,-3.7169346328158666,-0.9696692606085743,3.8413359055926364,1.8853023915007188,-2.2738776053397936,2.953791541640026,-0.7079163362179148,-0.5557624018372413,0.9000096590482212,-0.9432155461026523,-2.6606626540394935,2.8229029960326666,-3.239176780812052,4.206673892649676,5.3092722153278515,1.9989550722903835,-2.2294581401533655,2.9943788971557286,-1.2748737849372356,1.3654624480281512,1.8680981945538153,1.2271266806128924,1.411752895841485,1.8705309752016497,0.20371095133556058,0,0
semiprime,387691,-3.3953312889776264,1.4033177326552018,3.673904628687986,-1.8168130199801107,2.0635968914607794,2.7494075143593832,-0.03661599179292119,-0.8501147181359006,0.8509029115276672,0.6142446090431672,-1.6765562745015796,1.7855356006837864,-2.33021239686439,-0.7565809471112172,2.449960110702252,4.575576503751806,-1.1347796214364392,4.714194006499206,0.4100454129541693,4.808146417079784,4.825599362645217,-3.0137429652657546,-1.0681516258132224,3.1974356219345923,0.14356303592083605,0,0
semiprime,389593,-2.6390997448318845,-1.9802528943558957,3.2994316160176167,-0.9924303246796341,3.4235834390366016,3.5645254261106634,-1.9758334189247746,1.5074188459651179,2.4852020594935076,-0.9165022756413392,-2.403629293744875,2.57243274022942,0.38698463250403253,-0.750045398377838,0.8439936050836232,2.5477582863973467,-1.8556294320443847,3.1518935380142064,1.186777261169738,0.25181329945259123,1.2131983372106743,-1.3015611047522562,3.1309182291608675,3.390679912214619,0.24362856146963627,0,0
semiprime,390227,-0.08091141739183416,-0.9818788335214887,0.9852069331779364,-0.728879093996447,-0.6364865233421495,0.9676672093551885,-2.786803396530951,0.11459368984981916,2.7891584545647174,0.5593274272969975,0.1581942760138043,0.5812680963980473,-3.858994854630698,-1.9752459667610562,4.335139895928622,1.3220430055043082,2.3423441272638486,2.68967911077331,-2.4391759146742045,0.6978868364676761,2.5370504881144176,1.1446012754159673,-1.1701353179107508,1.6368655234642684,0.20087016666101903,0,0
semiprime,392129,-2.351259478142935,-1.8799865580378425,3.0104435872409168,0.8340359069132678,-2.9394781031505226,3.0555109904763933,0.21334400864785152,0.8474398946914569,0.8738821666223667,-0.2959884662648329,-1.5962214815207907,1.6234322253270188,-0.7362047571779644,-0.8351008091420421,1.1132793027453438,-0.5386956805431307,-1.2583331256930999,1.368793370619683,-1.35240204155122,2.0552231553073947,2.4602710216770003,0.8018474169597494,-1.227406503728526,1.4661125487083544,0.0977767547595859,0,0
semiprime,395933,-4.325942558517931,2.204407500191556,4.855223109857821,-1.4340481437167862,-1.808877912832957,2.3083616228902426,0.5689542872474531,-1.753381887821641,1.843381953236561,1.2720146927301208,3.197742708564776,3.4414502478897604,-0.9877662859779722,0.28283209303644663,1.027461059391593,1.6891314240727586,-2.548956000889784,3.057832837527602,-1.125092479009019,0.6003581520660642,1.275250170388085,-2.0681735562328467,1.2001137416717969,2.3911534563156547,0.36905706771624425,1,0
semiprime,399103,-4.003994010226229,-2.0997525637993744,4.521164547227801,0.2894592226509295,-2.7292136299667815,2.7445206648109126,-1.6544024627720764,2.7994995909174625,3.2518064930701756,0.06808622321410207,-0.06153934524351895,0.09177594894394472,-0.3699458370042109,-0.21139304185816243,0.42608325531847996,2.209599612329754,2.038934414117986,3.006590093757786,-1.941278571963033,-2.0290827212153166,2.80815583319327,2.4375731049021425,0.5324035283533074,2.495038308071706,0.22850319059334906,0,0
semiprime,404809,-0.7523495110285596,-0.15757646256133995,0.7686742667074644,4.363398247675968,-0.8061223166536295,4.437237593055923,-0.8084504679812161,1.5040858711136227,1.7075908370750508,-1.4737895365158031,-1.5686345032964846,2.1523637710377104,-3.6202495041060825,1.7617990739806073,4.0261821182181095,-2.2377837181042426,1.8974303942774753,2.9339253688770652,-3.32626236031319,-1.6274690672726901,3.703063171830277,-0.958737363802141,3.833068090038477,3.9511502522204207,0.03908627943632337,0,0
semiprime,405443,-2.016514810642037,-1.1040120260411856,2.2989507465759798,-1.3899938623756927,0.22210863556528693,1.4076275016618456,-1.6475538297362635,-0.45760050023768994,1.7099215887567514,0.26435910298093523,3.7167496392967423,3.7261392374066413,-2.052248850131257,-0.766410937014172,2.190687350408544,1.6476459362423115,-1.1932653713480943,2.0343596972203093,0.8194096705198052,-1.7668167749158936,1.9475815064498778,1.0617182247787966,-1.4971819491057823,1.835428935577629,0.3385369551458801,1,0
semiprime,406711,-2.8527169549776246,-3.2072755967413586,4.292389867972089,-4.091754233818886,2.083646976806482,4.591735775709396,0.8142976169761805,-0.5139680577564295,0.9629349788054242,2.801278473846144,0.7314767750646725,2.895206272529264,0.48097322750067695,0.8463632870274357,0.9734814118411832,-1.4292041626075775,-3.0753491842739913,3.391223546690712,-2.945359151703801,1.2052022276714667,3.182397357670723,3.4557213532333546,1.963281895874658,3.974479321101339,0.14341889321940673,0,0
semiprime,408613,-1.667362538523839,-0.4684595595005279,1.7319215322179262,0.7812439364242351,3.463213649069006,3.550238142336017,-1.409171931951089,0.6469382162414459,1.5505787917524307,-1.7494735525278902,-0.0937170864230108,1.7519819072359666,2.929257376381438,0.5412928873705608,2.978849906759826,1.3815786255710183,-0.7812505467051707,1.5871710416214857,-0.4559901729404414,1.0642917761663435,1.1578618322725576,-1.2871890242902133,3.09572314885274,3.3526642239562126,0.08217616668032172,0,0
semiprime,409247,-3.9130571870853994,4.7494149994634265,6.153776026678975,1.0112632095247682,-0.8494508393453031,1.320689216811728,-3.0502914601831397,0.6743399488258728,3.1239417982172255,1.0499225930380711,-1.4385992199480047,1.780984325311931,-0.7496269685280844,-0.9255186271806072,1.1910186065729123,2.271094918254926,1.0528465299980576,2.5032694508287157,-2.8379597263391347,0.03542380747702212,2.8381808001709588,1.500003551236876,-2.1400887395073083,2.6134250451637633,0.44764290896419007,1,0
semiprime,411149,-2.8604558685562864,2.9216155505658543,4.088770622236752,0.7387415637137849,-3.3514567261741837,3.431909276973455,3.092406414747633,1.3129687309491254,3.3595928804577597,-3.4487825541418227,0.4790996398483002,3.481901430347471,-1.5068387847544695,-0.1619806363920106,1.515519993205727,-0.5541586371251986,1.2465800765428763,1.3642044136910352,-3.7474748212514477,-1.2259628824881634,3.942911681125036,1.7697792146700828,2.687957594761164,3.218265759677481,0.3881405208323553,1,0
semiprime,412417,-1.9719352165966257,0.8304865414744275,2.139681376753122,-3.5263229099848323,-0.0834806150063031,3.5273109132263527,-0.7721719387245467,-3.345859703693648,3.4338064388888565,2.679885397299367,1.8337614151739707,3.247224456430326,-1.8442155164729424,1.4901120429305783,2.3709839248055444,0.3403086313790188,-0.21713705307308495,0.4036811420023539,1.0075320942783663,-0.30484312519321854,1.0526396591324683,0.2964094836403791,1.7970980359059636,1.821378580265242,0.3095343564100691,1,0
semiprime,413051,-1.6450206196750365,0.13434810033148725,1.6504975768593906,0.17882634022425242,0.31652542921894755,0.3635480811395365,-1.8236133111792863,-1.5759032409349873,2.410194293723989,-1.651601858972108,-1.331150100496316,2.12126124996698,0.0032372251559347337,0.48180934971565736,0.48182022487659737,2.4055284402629504,-2.4829949641449374,3.457142037707306,-2.5578140554940854,1.7364889038611422,3.0915702249368318,-1.0193212332126091,-1.590998755575122,1.889521848701322,0.32069405022950637,1,0
semiprime,414319,0.6336196079336789,-1.9747303650345143,2.073893397006552,-0.693603412268705,0.006854024220337984,0.6936372763619356,-1.944571009719616,2.410712904288451,3.09723959659966,-1.6984377828747643,-1.4864692160439295,2.257051535198698,-1.0166498050720738,-0.4155106611510099,1.098283176454613,2.3781727094959106,-1.2461887341355333,2.6849007052919935,-0.1771822863944515,-4.844280933483085,4.847520121167081,-1.464196465206445,-0.09887361525073168,1.4675310151801897,0.37103806857424304,1,0
semiprime,418123,-1.2874914190112832,-1.9374275940673549,2.3262114771192466,-1.689287565663959,-4.29288004704924,4.6132972566116255,-1.1201499510878812,0.6654010964894048,1.3028793237025003,-0.5999001985031952,1.3808939981590687,1.5055724766067926,-0.8208647628483722,1.2202144829304333,1.4706265138502361,2.1981195970487026,-2.111219245793788,3.047782221015741,-2.0495220781708356,-0.5677360880137625,2.126702850551264,-2.0326380682748977,2.6195134292303455,3.3156399265478798,0.016630136320228195,0,0
semiprime,418757,-3.1456175075332817,1.8219443137607394,3.6351603246823907,-0.4865859738784283,-0.9275146062338587,1.0474011909256016,-0.23327467458640821,4.119893184542576,4.12649208479112,1.3730685016258886,-1.7300329620360237,2.208694446927483,-2.564428756017995,-1.1067826279228807,2.79307404666684,0.33136364236923843,1.1700980898950921,1.2161132362820297,-1.3164487022785714,2.981482723056885,3.2591833967449015,-0.7842647345104898,-5.726785607773574,5.780237414777991,0.46937599907852695,1,0
semiprime,420659,-6.416777946326566,-0.4027642476819503,6.42940574638697,1.2453903066116614,1.1209444348043127,1.6755636191207566,1.7348285422475662,-2.032668091234648,2.6723341183542755,-0.8297247160701121,2.574529263549709,2.704929580105817,-1.2362170755846564,-2.2536038460591694,2.5704013213776093,1.1929359875606385,1.2366962302000097,1.7182880539095275,0.772296162338818,-0.34827682802190485,0.8471942583022299,-1.7238646717902617,0.292713030912016,1.7485394834295978,0.4640764091839848,1,0
semiprime,431437,-3.0383335181511573,-1.6752530904199652,3.4695739629646796,-1.9374516478930124,2.6283315360334907,3.2652481607423836,-1.8658136424372125,1.8938915551603588,2.6585871757406303,2.634755578480348,-4.1330772491521905,4.901455345689967,-0.7628614297224922,-0.9837823525167266,1.2449037224145447,2.202472796876897,2.388972468492813,3.24931929428294,-1.0409956995935354,-0.02661849722543419,1.041335964502703,-1.8963103371881718,2.4168924720504856,3.0720289901596023,0.4147231545230211,1,0
semiprime,433339,-5.599599109755904,0.29536740072268874,5.607383711802573,-0.1527549176969728,0.31235713343226346,0.3477082738253862,1.4406421098098998,-0.42338165469275413,1.5015664201386145,1.351420974697182,-1.1706420397216655,1.787943353693059,-2.370563209772973,2.4887936792126912,3.437101090922143,-0.1774983224377673,-0.8760957666975102,0.8938956577215932,1.7893597322627426,-2.429924716534952,3.0176716818552114,0.5395320037989825,3.5444683433274946,3.585296447990612,0.37320225378307315,1,0
semiprime,435241,-2.514206263516451,-2.222528159768088,3.355721167866526,0.05106907541310646,0.21030636088774207,0.2164181505636594,-1.2590303177494353,0.7634618733494866,1.4724236391305836,-2.550114343853501,-1.543525329840393,2.9808645743452127,-1.5298272118111846,1.1921868854547089,1.9395053152410238,3.2081505553701852,-0.08385529879965348,3.2092462817706604,0.036056584145684134,-0.22370152123229892,0.2265887196263298,1.0794871051761834,-0.881807322433309,1.393871071562452,0.37443621524262344,1,0
semiprime,437777,0.7613334751482325,3.826212996442333,3.9012221872799686,0.7443247566417948,1.4366245139379468,1.617995468905061,-1.6262940427695205,-1.4246274013737084,2.1620350474246335,0.2931272886145398,1.0073269481722364,1.0491097120151462,-2.693070089882993,-2.6018341059229693,3.7446184350032743,1.5771512429831913,0.43777803851975894,1.636782103474263,-0.9645445457971804,1.4448046684633615,1.7371835570372558,-1.6616968486304733,2.3923022085299377,2.9127901183720164,0.2510483584187692,0,0
semiprime,443483,-1.6672850314915633,-2.319590707674343,2.856630957503083,-1.8285675204360343,-1.2571325051127258,2.2190180964121464,-2.530386058994301,0.6349160666880898,2.6088257932049403,-0.9338780584425196,-0.14259538234262847,0.9447018953647816,-0.3405245366921925,2.7057954672374174,2.7271388066271918,6.38536372328503,-0.9505727925835701,6.455730672251172,-1.864826751883362,0.12853659603273349,1.8692513129752062,-2.315959291503871,-1.284685382494192,2.648411594125309,0.20880536381354037,0,0
semiprime,446653,-1.55843615934304,0.5715456413107359,1.6599360478190675,0.38615630568448134,-0.4283171912326308,0.5766908259416796,-0.5097377556037569,-0.7450103325661396,0.9027031489466875,1.9992010311776898,0.8038853034335636,2.1547706012794983,-2.5344688214061097,1.2412734486936725,2.8221077196151745,-1.2586674742280017,-2.576021018627533,2.8670765771235223,-1.2876759043627524,-4.941285955013637,5.1063114009910775,-1.8342929204101739,3.445491711955196,3.9033375020639496,0.21320137635325548,0,0
semiprime,451091,-1.5925981670053546,1.5778145043411884,2.2418446716171587,-0.14163649288365351,-3.618972010846885,3.6217425793959364,1.506527608461175,-0.8642426454715227,1.7368191573411904,-2.988948508926936,4.8124964315401035,5.665150932905741,-1.432008482769127,0.4687554237987327,1.5067780002586535,2.8101026159442,2.380195060907906,3.6826627920713606,-1.0708552203494597,2.5096835697195936,2.728597171271379,2.0774681654229896,-3.0645163689264168,3.702314756171322,0.3408353231565231,1,0
semiprime,452359,-0.01662457577176235,-1.4563230840282464,1.4564179694006574,2.7710999768825246,-0.4111130307988309,2.8014298145716467,0.32328398534121083,2.8396152955231146,2.8579586354156565,0.7212222256038643,-1.380762182913052,1.5577758839023694,-2.6076503848716523,2.528843221808722,3.632476919432413,0.16447077387134343,1.5514141245827768,1.5601078236496293,-1.6064954640887068,-0.3473941122930432,1.6436271917297613,-0.2644746527936317,-1.1922158923054336,1.2211984178813666,0.18550929596532445,0,0
semiprime,452993,0.40787599495347304,-0.8459829564118156,0.9391751645984692,0.24508163968000252,-0.3358819115704501,0.415790414305643,-2.994468525984457,-0.31454682363348485,3.010943615773872,-1.7574267072395946,-0.3036786659770194,1.7834711557770107,-4.818631986893731,-3.3337627385300466,5.859452894419988,2.512991366553789,0.023631538317790857,2.513102476616731,-0.8976359125870004,-0.2738192402490237,0.9384706750327628,0.8033499567180005,3.356794534283995,3.451585244254836,0.3137315922252393,1,0
semiprime,454261,-2.480425502360782,-2.7287968695223195,3.6876609155230837,-2.4122281323938015,1.0010395422717626,2.6116900137466064,2.578068551815983,-2.2166676088291597,3.4000077567404086,0.7013084887178775,-0.16462865612232014,0.7203722584639101,-2.7569406948911976,1.059636638774444,2.9535659466787534,0.459154129776861,-3.16608793380806,3.199208545796309,-1.607452550087915,0.16619781552352486,1.6160214771682129,-0.6197680451324423,2.7221333367591245,2.791795539229665,0.2548392559670133,0,0
semiprime,456163,-2.7047546976249213,-6.182594820524157,6.748346218822521,-1.3139905825204838,0.9944096253227359,1.647853680970196,-2.874347991446792,-0.5431179773544151,2.925209994728542,0.0013705409590894918,4.309403460699863,4.3094036786398275,3.278830194495302,0.4248277763850543,3.3062374512309867,1.903037336973346,-2.4204902406744315,3.0790134964164695,-2.0241306852147414,-2.570092994132052,3.2714649668481175,-2.4964999292260073,1.223278883242667,2.780094085244758,0.5882692074617615,1,0
semiprime,458699,-2.463076338946082,1.507464170340508,2.8877661394815943,1.5243819549518918,-1.654597752237231,2.249763113372483,0.21795777218536577,0.9362011968947155,0.961237884981187,0.7292364588343496,-0.7956915510357768,1.079310361889935,-1.3769527416256773,-0.28910945287303474,1.4069765912804002,-2.502045400593905,3.9852465506918264,4.7055734248265875,-1.204189925527671,-0.8249651281072977,1.459671483360358,-1.4954342102760942,0.9046032593980384,1.7477501349385272,0.10818292094659415,0,0
semiprime,459967,-0.6447298885061746,3.0891544395700503,3.1557173163400645,-0.7289659938961117,0.5957502845705542,0.9414402911618146,-1.1817510503085331,-1.2070957362313588,1.6892648286557226,0.4127881513602877,-1.762255135015176,1.8099550322565474,-3.7727428640507306,1.2019508819086295,3.9595801091487774,1.9784665598238635,-1.1239854087420456,2.275450093367529,-2.281298492165218,2.8042647948686734,3.614999840953681,-3.199915704950423,0.727549913347152,3.2815833670958003,0.27521700262567217,0,0
semiprime,460601,-1.0135222520708527,3.7299242895778555,3.865173031240082,-0.13002816923477234,3.435603276773203,3.4380630011925777,-0.9541455465669273,-2.0108466707063863,2.2257353969249034,0.0024063096149170016,3.1407012661971114,3.1407021880175305,-0.8579178455846271,0.3770989825617682,0.937137488537135,-2.40719425290622,0.12396313526854913,2.4103840005547545,-1.6690160222006039,0.1659170635773487,1.6772426641212226,-0.23033932405920643,-3.332304745949717,3.3402561464784495,0.2856839291691821,0,0
semiprime,462503,-2.8396445096582186,0.6674258456220836,2.9170255742170683,2.113999702077643,-2.7254035522515228,3.4491766065264886,-0.7140543926054168,2.883131897989547,2.970239589124739,-2.2779526011888187,-1.6943333950627788,2.838984626039364,0.19657003042231175,1.2468477101060949,1.262247594197367,-1.5834446399657294,-3.7169502522374107,4.040175256773392,-1.6201049263193814,-0.6011949928752185,1.7280553786677562,-1.8346438556032765,1.620232877328544,2.447666777500399,0.28455336387317814,0,0
semiprime,466307,-0.15764765625881338,-1.2889619109654955,1.298566745086181,-2.37852166803434,0.79184833074028,2.5068683858960417,-0.9948975210234844,0.8994602058537674,1.3412120411229451,1.717845267135593,-0.5097170787490333,1.7918716087344555,1.1030859682813934,-4.330926566518839,4.469197196141378,0.9220022806792394,-2.5307270595785787,2.693449026000113,-2.746243900539236,2.6206294310986236,3.795991856733791,1.3759770165916954,-1.273835263716026,1.8750917388957429,0.10975501469204998,0,0
semiprime,469477,-3.931017859218078,-1.2118834234140423,4.113582725731576,1.3119293930133273,3.907897263835583,4.122234801287519,0.7215012724543253,-0.3315296931657752,0.7940252033807262,-0.288262665586294,-0.9050496396987974,0.9498474691706235,-0.42006427691546344,1.189446542301155,1.2614424575590775,1.7591610858338669,3.7504457245050413,4.142522282181513,-3.0206001950055605,-2.206501393512413,3.740678272404599,-1.3946086161966686,2.029667313576466,2.4626170218226577,0.03447041621373442,0,0
semiprime,470111,-2.8627553987752568,0.49624979937837066,2.9054487323991713,1.1841274668139783,-1.907531096332834,2.24517989059675,-3.0653085105799556,0.10443483954851313,3.067087038338728,-0.5711772060363444,2.9201775662649285,2.975513471522595,-3.155419216610961,1.2506073536872566,3.3942140748123673,4.179629398315114,-3.699406538887184,5.581658413699392,-0.29787048815850115,2.4878242724027477,2.5055930312147754,1.140094759469427,-4.859857445630342,4.991796315197399,0.3601724242635333,1,0
semiprime,471379,-4.927206200978842,1.7404481126502862,5.225564139860145,0.26267003061440014,0.4830360983480054,0.5498358093924348,-0.14311285469484658,0.3637195117545537,0.3908620887344783,-0.9353883845762002,-3.4233111644784553,3.5488041308084206,1.5345825481816933,1.2278654083945177,1.9653490932441633,1.5014921067667992,2.6634996835097864,3.0575658800326337,-2.6120808527341755,-3.49233506246026,4.361120334238647,0.48223243778951225,3.4484034335550766,3.4819584093740774,0.3822695415332494,1,0
semiprime,472013,-2.24390075488521,1.398704616192716,2.6441378937440514,-4.2250902409848825,-2.2007215406091034,4.763881069439769,1.5730666948628458,2.1302621913347286,2.648123076882371,1.050579372100111,2.27581134941692,2.50659815591114,-3.06234363770661,-4.436708809693873,5.390949231574842,3.3515646664279686,-0.7427655799410627,3.432883106077689,0.2549688119400675,2.6797579172231636,2.691860247112089,-0.30432425048022826,-0.6872613200672189,0.7516258188027398,0.16739544050664676,0,0
semiprime,473281,-3.1726757588179773,0.17066695124602627,3.177262765154755,-0.9045785245854479,-0.6348792530149481,1.1051397979667568,1.2627309304396,-0.7379306410836441,1.4625426604851484,-0.44758227748280066,-2.7285187493203056,2.7649854358584123,-0.20929540659495538,0.3669764420495735,0.42246452660680484,-2.0972419405116236,1.4445533124849046,2.546597343447148,-0.7273980367228764,-0.18735742175887649,0.7511396057434521,0.8771290721776909,1.4333012149969373,1.6803891758074954,0.30960223180480717,1,0
semiprime,475183,-0.03360621808210795,1.6334324030971274,1.63377807347921,-1.8037741763137318,3.537097068175084,3.9704731391647847,-2.0006451647686285,-1.1177135937586535,2.2916947338127254,0.9427289235475067,0.5522215899057389,1.092559612859208,0.7231291059802544,1.3743377943918786,1.5529713703123236,1.1073840771282262,-0.8236943348811159,1.3801347222616989,-0.9510908510672746,-0.2690704897712981,0.9884193115523588,-0.6308954647661665,2.4674999621961495,2.546877529623385,0.06678512372925899,0,0
semiprime,478987,0.17811535970263787,-2.7058610489594663,2.711717001760697,-1.1288516967598732,-1.2119356729192599,1.6562289179252678,0.797447598272986,-0.8799161234327982,1.1875079184023816,-0.16450811996794926,-4.335999599988065,4.339119202399497,-2.721661029886918,-1.4732336583606747,3.0948111693174263,1.354936641954971,2.9690197139893613,3.263576468503486,-2.8601676198040273,-0.7407586929387935,2.9545358780254856,-0.7038282996491287,-1.5774728105433533,1.7273664183926147,0.34176996521030745,1,0
semiprime,482791,-5.8676703122889,0.1477726272983817,5.869530785599065,1.1738167302075464,2.0857839078964426,2.3933951254556556,0.07944932283793793,-2.4872997636666843,2.488568325209447,-0.3604686584132011,-0.7250745699552263,0.8097350095518714,1.5272178034976513,2.85628471578278,3.238943747108694,-1.435878143703533,-2.2968070421981865,2.708702389089042,0.7574306454029478,1.8300548984368619,1.9806065015263075,-1.2095152031892136,-1.203315229263459,1.706134393218546,0.28384803751123056,0,0
semiprime,485327,-1.767331814974824,2.603758833572575,3.146906704627486,-0.5612302280749717,3.302402051375862,3.3497520322908363,-2.8868618054017268,-1.2993944482371202,3.1658169586374965,2.1533017328962702,-0.08746985959969522,2.1550775691915294,-0.5049784401898132,-2.5386302785947032,2.5883676161732434,1.544255495423577,5.2287766389079335,5.452048254989611,-2.7193806562012925,1.1372886096212045,2.9476187906335354,-3.5396546613428743,-2.8663344691143444,4.55467105402787,0.26933250915088214,0,0
semiprime,489131,-0.8491951891317878,-0.05908794790839467,0.851248409591817,0.29989088952837584,-2.295097814918292,2.314607639679961,-0.9252662880189264,-0.6668661415271866,1.1405385370340102,-1.2439555428521207,1.6415197155512735,2.059614616654302,-2.7170959259931706,0.9379996301485773,2.8744483952938786,-3.0549878521278906,-0.8791583192553215,3.178973124605621,-0.5107925013651807,3.200223600900465,3.2407314105323874,2.0360686615613854,0.6055649026169775,2.1242138418421725,0.10753582955192478,0,0
semiprime,491033,-1.4733871129334264,-0.5012307877332772,1.556310344092726,-2.326541914320381,-1.754705783642195,2.9140675466153687,1.0771857108656002,1.3990627892236314,1.7657026204554478,0.5816244509938665,5.130173160132513,5.163038219395429,-0.41786013750776196,-0.378394127840299,0.5637279578857397,1.9454557231680314,-1.6080929182652368,2.5240366092000435,-3.0264169988033913,1.985434683282561,3.6195511782854304,-0.595951453527452,-1.4593152507507834,1.5763118777815843,0.3262375743505812,1,0
semiprime,492301,-1.924276594668704,-2.125721277498397,2.867321286915577,-0.1452662550729723,2.727285831010551,2.7311518245776525,-3.6334305563609837,-3.10235179689417,4.777698638423123,-2.5064163376500836,-0.7778914794326532,2.6243547800198774,0.7495150637688539,1.8254042628986284,1.97329003287021,5.401693225731996,1.3220875842008541,5.561133453282432,-0.8117275321031451,1.2648410586695435,1.5029053496712805,1.1492156465766799,0.16117793824906168,1.1604632394500374,0.4253948095543833,1,0
semiprime,494203,-3.295963591626536,-4.733319786949108,5.7678152018638436,-3.163046633939868,-0.02794709653199423,3.1631700948072488,0.5916620022218976,4.3981308543934405,4.437749309868776,3.0157735262056073,-1.587094647045177,3.407896621090795,-2.7573652268897275,-0.8638864610571588,2.8895263992665825,2.950777536376641,0.4968730793997901,2.992318653856442,-2.275053185185784,-0.5004642109470743,2.329448737762404,-0.46408330320280833,-1.5369597038508618,1.605496323126577,0.5238673412220827,1,0
semiprime,496739,-2.327198757382846,2.9776838907514085,3.779213596716215,0.46427934521643544,-0.669396936766731,0.814645671041886,-2.655711868999123,0.1781915179111072,2.661683254671427,-2.1905849381615194,0.125919284402914,2.194201002069922,-0.7902026093377865,-0.15642315636228954,0.8055360747046577,0.8986231570259408,-1.7237088777001697,1.943886795419334,3.2502645129196397,0.6062692702361299,3.3063245200641442,2.3765775492158085,-0.5376572295396611,2.4366362354510125,0.3890672494379781,1,0
semiprime,498007,-2.4866420528173254,1.0900072717230795,2.7150514822464697,-2.247475097293176,-0.2653617296370713,2.2630866444988245,-0.815899136850176,1.8105653665162882,1.9859099546407242,-0.5548477980772883,-2.6933071690139,2.7498653759216807,0.1220258017636976,0.43445809881215625,0.451269471512916,3.392847411156257,0.6946976910953859,3.4632381433281445,0.5982291623286174,-1.2192708252776923,1.3581235128049818,-2.8864480935956665,1.4920828613845294,3.2492912861514127,0.2685583580484894,0,0
semiprime,109561,-4.231238656966472,-1.3292160093377172,4.435109443033747,0.6096045681789267,0.8903158260680598,1.079018071995028,3.179550601092824,-1.7564631523425436,3.632451628094563,-0.6423296324765765,-1.5887771908351935,1.7137095199816283,-1.6388246125678831,0.8983017366212367,1.868874559935739,1.268920876651766,-2.8417433136467842,3.112180144506241,-1.1078744077567084,0.6468689934159959,1.2828971891797492,-0.5338553448088619,-2.100087720965268,2.166880237791208,0.43236852602737275,1,0
semiprime,111547,1.7144806025651276,3.392180367938023,3.800832985701453,-3.043447867007134,4.5183414168402125,5.447750368576362,-5.603765608752712,-0.27187184604450776,5.610356788878164,-1.3439449696281742,-3.3152237438595793,3.577275017836789,0.7646188402358903,-0.5915559244979179,0.9667369769757772,4.660321119870112,-0.18333337401105143,4.663925821272642,-0.7615077025937724,-1.211576034199549,1.4310172842269768,-0.002773826171950655,0.5230752074012801,0.5230825620392295,0.4289704056582806,1,0
semiprime,114857,1.0935269887270318,-0.2774744738810147,1.1281814387455396,1.1147774777146202,0.23984628895078353,1.1402872739547842,-0.35365603948158075,-0.18438537786537723,0.3988365101546689,0.9481965317759786,2.0335830449006336,2.243777320363883,-1.1046031701363257,-0.15641912205304398,1.1156231914132413,0.05718576705790221,4.021759631154883,4.022166175426006,-1.8346615174739997,3.0882475101265623,3.5921101830961297,-3.1853143647177355,-2.1300688144878706,3.831895191224692,0.1390212459269744,0,0
semiprime,115519,-3.939018726926809,-2.3308862143085753,4.576996730950751,2.0629874535800634,2.152016584982344,2.9811227106021354,0.28244138169996874,0.2794972279595008,0.3973560551113228,-3.4300069716581434,-0.9183322829062773,3.5508142738604795,-0.6975132406427106,4.4655241074578145,4.519671478676167,1.1123861685225782,-1.1779918371541265,1.6202060845219954,-1.8428064476719093,-1.032778482078043,2.112478874835104,1.352732614002111,-0.14194652905512983,1.360159675220444,0.2370987930255836,0,0
semiprime,116843,-2.1707660293596946,0.708690915412711,2.2835209584784986,1.651007916870451,-1.6783944055369089,2.3543226036604454,-3.8616202980454415,2.5400894275706087,4.6221386420500785,1.2069187050494297,1.7444708654302294,2.1212805945779745,0.9655527915099075,0.9100554502542014,1.3268357531096122,2.879964060553739,-0.5577243915706593,2.933470553292472,-1.1546225002274877,0.9142370948088688,1.4727466121353447,-4.724853660905677,0.9155134304425739,4.812733834141933,0.3851073834966614,1,0
semiprime,118829,-2.81573426197115,5.573767681755048,6.244617330486734,-2.4177517328458844,-0.4607190854092009,2.4612568978754674,0.1942452563437167,-2.3579102509965475,2.3658977094047486,-0.029714160586581106,1.5089283180055304,1.509220858661304,-0.8990877961008868,-1.5471263448488972,1.7894017972560157,1.2927898169938827,-1.8588071437335514,2.2641708214085705,2.52066840031664,1.9368786310761257,3.1788784210589394,-0.6541940151216992,2.3851886149951227,2.4732760740611632,0.3264496628839216,1,0
semiprime,121477,-1.8438699770592957,1.288624347807591,2.249535330254492,-0.26644622127062856,-1.2144380807526711,1.2433235463111072,-2.2543293936472013,-1.0283340674949248,2.4777957884846793,2.058353824532887,-3.1619641208754152,3.7729083700339983,-0.10975552181200732,1.9431438097784257,1.9462410282512395,2.8147055674019352,-1.3787206047233678,3.1342364200953665,-3.2965258471643075,0.010054592934601425,3.2965411806712557,-4.065024139923611,-1.3177010648183236,4.2732607402761,0.3984635219877367,1,0
semiprime,123463,-3.4163889195256454,-2.705575931244763,4.357964475439029,0.09951945273041668,0.23036313623349491,0.25094082172315724,0.3966433632732849,-1.160109760377014,1.2260426639194721,0.6201485518111608,-0.5710571805160413,0.8430246317471456,-1.5227097572865032,0.3472250088103829,1.5617971096396905,-0.497533861334972,-1.1613089578797267,1.2633995562871565,-0.054496741058837214,-1.812399353345198,1.8132184950502037,-2.532272475233949,3.0544815199685824,3.9676518552737274,0.2623385121841092,0,0
semiprime,125449,-4.527280932889862,-0.2955460534776577,4.53691746839573,0.37166605035304057,1.8443968907892059,1.881471643086315,-0.782668221977272,0.7034891396874006,1.0523623498354469,0.9148973184507158,-1.6321567169295297,1.8710886274910903,-2.122552645371953,0.40475360669540805,2.160799670147239,1.0541612952056911,-1.4232493978798946,1.7711281390332048,0.07773550391406192,-1.0247733570209712,1.0277174912537026,3.3858219279035042,3.2529429834617782,4.695255922857179,0.234833813781217,0,0
semiprime,126773,-0.6741902441730045,-2.254130598470682,2.3527934971645617,-1.2788919940663173,1.9966699685949365,2.371129624456627,-0.21968642534327099,2.227152620311962,2.2379613311320963,-2.257866254244731,2.922091828531926,3.692774116626982,-1.6865456165844648,1.0085221362755972,1.9650834629038447,1.7970428327042944,-2.872093729116929,3.3879618255533317,-3.1805790474663884,-1.7019112786824286,3.607296089550823,0.42857848224319606,-3.280803808831987,3.308678459368386,0.32375510732571966,1,0
semiprime,128759,-2.9630294420549372,2.2754125140782797,3.735912951837667,0.4295804335596213,-3.702155499741888,3.726995397524175,0.4930369441441783,-0.736956338918434,0.8866736004658599,-0.013545685071765678,1.0889483808350102,1.089032626557742,1.7892625726715736,-1.3780220174354583,2.2584076767714434,0.12068191873051431,-0.28398113186841945,0.308560219026606,-0.4321937998789712,-2.3845315124584783,2.4233823500556704,-2.3200847160004994,-1.4733078894602558,2.748350273630519,0.05651576875377429,0,0
semiprime,131407,-2.429265504157344,0.7866446964008749,2.55345663132634,-2.285772465642155,1.0036693647340655,2.496419027005182,-1.0762119733660378,2.3962929919830205,2.6268712025988936,1.7645835168781767,-3.1980865758941186,3.652603555678103,-1.1904650715138092,0.1608800767936015,1.2012865959476506,0.06334146121932135,-0.1102844143152859,0.12718015863437357,-0.4494739421259202,-0.8623575998405866,0.9724646289984188,2.1901240773415482,0.5699909644928531,2.263080461175577,0.3471307645245777,1,0
semiprime,132731,-2.59144568704594,2.1035630983307803,3.3377490105710454,-1.3305525091762762,-1.2060083190116102,1.7957800659324887,0.7139545818669183,-2.7221302543030683,2.8142004666265072,3.444429831428714,-0.09797051967097903,3.445822846050075,-2.231373499068816,-0.09939086741964998,2.2335859591412732,-1.38284998177789,-2.6909805250508994,3.0255000013727193,-0.5231477161820542,2.4437176430109764,2.499087723892385,0.385231182725786,-2.6631692549254598,2.6908871296515833,0.40889711637469167,1,0
semiprime,135379,-4.568312783046757,-0.3709796272269822,4.583351128548398,0.644415795188167,-1.5535780561217525,1.6819264233464675,2.657137165528953,0.6520681646628865,2.7359771212131987,-2.7113927709038457,-3.444994769823282,4.384020953670204,-0.8500767096451329,2.220747641151428,2.377887822829481,-0.7193551761895622,-0.06393374326398871,0.7221906902186304,-0.09073332343239203,-1.7321434719826563,1.7345182453676349,-0.2552534827108468,4.4695117108734275,4.476794531142872,0.5067836596953426,1,0
semiprime,138689,-4.360349556040103,2.98909811577784,5.2865258721211,-0.1828575870248978,-3.829524195465583,3.8338873823821285,0.6141859752359154,-0.42729896939744977,0.7482037298922101,-1.6451345445239736,0.9969547832928868,1.9236388719083082,0.1198262115911094,1.187201870240315,1.1932336743850214,1.0588107452379765,0.23567396279216235,1.0847222736578983,-0.7578540468424507,1.3712888976107025,1.566772477747122,2.1740835470022923,-2.9424653571533814,3.6585163177706126,0.14311010883483077,0,0
semiprime,139351,-1.1141246366722841,-1.8371339368241113,2.148565756003527,-0.6024524263066177,1.980816108472986,2.0704060909755833,-1.143391395111414,0.613878449305032,1.29776370458415,-4.846837616045974,1.0394164163565747,4.957037559158673,-0.5021640402458172,1.4809441929025136,1.5637661032928423,4.224953908463974,-1.6118110942579689,4.521965339563991,-1.1725422411008437,-3.0521443755224267,3.269623922746922,2.294484044765687,-1.2210638750539204,2.599164099984071,0.3459960402616574,1,0
semiprime,142661,-2.319367157049488,-3.631570475881235,4.309033317403346,0.8026885706337138,-1.2354119083761814,1.473279174081977,-2.530985378427996,-2.512466919078805,3.566283360205923,-0.12959947405491667,3.83054765334404,3.832739405205478,-0.3757327834360188,-3.267498553328635,3.2890305441806564,-1.2782826237858562,0.5766073495628796,1.402313268083413,-1.4598835945504443,2.733129207370777,3.0985892554226573,0.7113591810722373,0.9935442245137741,1.2219500851345937,0.529978054999067,1,0
semiprime,143323,-0.0011987003467155422,-2.9299835388943,2.9299837840974625,0.5138853738143079,-2.1544648615209754,2.214903387723462,-2.564186090803346,0.315968448073942,2.583580145543699,-1.2266285472913823,2.7674275187512056,3.027089801207031,-2.13200266296413,0.9148576148482723,2.319999959123278,3.0980896409455836,1.1764785840101863,3.3139494990070304,-4.582653465115595,-2.78388362675779,5.361969864580187,-1.0371866835554286,0.7436218552297449,1.27621694085294,0.33388116424056913,1,0
semiprime,145309,-2.2262889298921738,-2.5230089414037153,3.3648085410263002,-0.03888262826032385,3.2325288189144423,3.232762661237727,1.4885060819218063,3.9401150539503957,4.211906574733673,1.2733336804888775,-1.5717837502742262,2.0228402852161764,-3.5626820709317135,-0.7814855147765807,3.6473857964772387,0.17283282548340537,3.8873089913037076,3.8911492363356133,1.4503036558359803,-2.665433672301502,3.0344550343628227,0.10562592573317309,1.2001034320980746,1.20474274595059,0.3432918208434117,1,0
semiprime,146633,-1.293452352983953,3.314999373317587,3.558404113438455,-4.121175818277482,-2.169647502012692,4.657409194836223,-0.41286249183707224,0.5032792199718222,0.6509573030709175,1.3604704161350432,3.26719929542911,3.539134214639384,-1.0313252882675212,-2.473278431904229,2.6796899171252497,1.9665453522930292,-2.657708862333955,3.306163489537951,-2.2164903856124263,0.6658825593237767,2.314352871176715,0.8363675775466637,1.1310714809101126,1.4067101406115865,0.13363191842256694,0,0
semiprime,148619,-1.6080283430229334,5.274263442656103,5.5139468635908795,1.4177188829825882,-1.2248683703535121,1.873560609069764,0.40041305828723683,4.110409259866708,4.129866208588956,-2.182298191490575,0.710547943238095,2.2950607347569085,-0.6159599747642709,0.49435534681270266,0.7898062417035642,-2.005832294460694,0.6942590028217304,2.122583038776216,-0.6447834829107122,-2.4619494542800884,2.5449834685640873,1.3698127168504883,1.780821703666681,2.2467115568082203,0.49482164993323613,1,0
semiprime,151267,-4.971470604141515,1.4913790819207824,5.190349846959651,-0.23831065671579443,-0.8562011027953025,0.8887476005774674,0.027906329003294095,1.4291004134567262,1.4293728537161414,1.1845867226493634,-2.38399879536356,2.6620848896629994,-0.47094906363229144,0.021103732189317936,0.4714216669272325,0.03897310348116745,2.246648891995494,2.2469869039893253,0.4752256720735438,-1.6101544736610145,1.6788200822149852,-0.7892594967796891,2.0518451340690675,2.198408289526729,0.37908820939541604,1,0
semiprime,152591,-4.687485837945334,-2.948211836294414,5.537551490740701,2.555246491976515,0.8926396277395661,2.7066751079080986,-2.4900521061864866,-4.522403552082626,5.162605289910639,-2.19100947016001,5.089967142825371,5.541505933712669,0.42286667926434895,-0.4391251060136866,0.609628646934828,1.9629503674033848,1.1206373450373142,2.260310200831152,0.8212962248364786,1.0849792053568996,1.3607745459801712,1.7669247901282958,-3.3784119180142214,3.812570038930492,0.7142593905251344,1,0
semiprime,153253,-2.309868127585064,0.09028079359527225,2.3116317588503414,0.5819773824192196,4.013563158724499,4.055537806841172,-4.736220470975924,-0.10586070289020444,4.737403385622531,-1.168648436786407,-0.9699908275293676,1.5187565223874497,1.2439153723738976,-2.287583515353136,2.603913169317192,2.846047618910817,-2.030508411893954,3.496133787468671,1.9928569327919299,0.9711813856640243,2.216905960666161,-2.7380358995978495,2.1271430413967427,3.4672147476107087,0.27078221311141454,0,0
semiprime,154577,-1.66877981439282,3.130431127351238,3.5474533276724696,-2.9598227461645745,0.7078746867073946,3.043293817690677,2.317620608317707,-0.7219906345717468,2.427475182264126,1.778773415424837,0.0737995349237337,1.7803036917270882,-1.5463182544902336,1.2773433832480818,2.005668532658719,1.8748574754164302,2.9032425326296782,3.4559959138278593,-3.7937401825299357,0.771119519024029,3.871316298775149,0.2216624490245342,-1.7822222494335276,1.7959538935294126,0.2274899807090937,0,0
semiprime,158549,-3.716175499612283,0.10850361419984011,3.717759187765263,2.856620487167469,-4.990222881652058,5.750009131842199,-1.796950475701003,2.1790004786385815,2.8243714518506997,0.10726743882867318,-3.675244567555796,3.676809613616301,-3.3306858279898943,0.9588277307190074,3.4659513415465732,-0.9617106939532863,0.17776802743770795,0.978002520673237,0.03913884788065114,3.8903431413790837,3.8905400148422453,0.811936356806023,-0.9916310640450376,1.2816289691960505,0.23390479521729424,0,0
semiprime,161197,-3.428109342840554,1.735039808874161,3.8421734480432788,0.31673474563550646,2.4729978287184773,2.4931985801253562,-0.04670439767799367,-0.8126285938879674,0.8139696139087744,-1.3898422479853871,-0.781150886600532,1.5943206019875273,1.7420284041813252,1.5470621918966474,2.329820676912838,-1.3584061327367805,1.5852269315822112,2.0876330247604455,-3.0556435404150606,-1.3787611064589318,3.3523036310519587,0.2435714296309237,-2.0412402322172087,2.0557209749755962,0.14841341434021268,0,0
semiprime,162521,-1.22572865515893,1.834792055219159,2.2065522024128645,-0.7023319008952882,1.4312375930036418,1.5942744891147345,-1.9661018327147726,-0.3903879614315173,2.0044847659772933,-3.04875202005207,-3.1788289414557496,4.404525209237456,-0.22354514933090341,-2.347278176944517,2.3578989108418855,2.526453703084317,1.18327814823548,2.789823558922687,1.0946524876338046,3.285892433109306,3.4634308352626118,-1.0003541174609172,1.4372465207037068,1.751109911340782,0.385690679156775,1,0
semiprime,165169,-1.4855219731273603,-2.051858862105436,2.533160145479322,-2.820965631023155,-4.251464435258384,5.102234504183511,-1.295035000933866,1.2786697504301112,1.8199208730900311,-1.0968734118863974,2.7090184476991723,2.922654997032277,0.18380277473674392,1.909827039849373,1.9186512924814516,3.645191140670632,-0.1452090489384329,3.6480822523508523,-0.17854724673341316,-2.6894209295674565,2.6953411761243817,0.6074253518604437,0.21559546427946785,0.6445517530041037,0.11688080520709807,0,0
semiprime,166493,-0.7233324088124576,-1.1344025910626234,1.3453917690576325,0.6384924689401706,-4.4021565108692675,4.448219259330862,0.3084803361153125,-1.6570500168196793,1.6855191710603339,-1.4646031335581922,0.03739840719140464,1.4650805369292603,-1.7486883726729534,-0.1944759722964039,1.7594692178387816,1.7877745741222073,-3.361490577765198,3.8073293569485216,-2.8812661466565235,1.5120532468399963,3.253920655017314,-2.552804756979103,-0.06848561726462152,2.5537232440159316,0.015241147409961797,0,0
semiprime,168479,-6.334576074682856,-0.5295046693379987,6.3566680927035355,1.4293425630421264,-0.326328854439044,1.4661209649150149,0.5499051347369539,0.8658934864686371,1.0257520105361135,1.0896810324087274,1.317843282284165,1.7100045815882634,-2.540348375521574,-4.951916027834001,5.565504668557414,1.3679189918072736,5.929042632810485,6.084796538080079,0.46375479311497125,-2.9062843074494307,2.943052324350338,-0.27469038906748455,-0.4603049848784486,0.5360368354413667,0.30503827364486047,1,0
semiprime,172451,-1.1758835301250734,-1.4070674901550755,1.8337232610922258,-0.9638086675400444,-2.9392986964826657,3.0932836880522316,-1.9450025782243887,-0.42220527692555765,1.9902995566404837,1.0546813634228456,1.5450463478121297,1.8707006695992472,2.578520234943926,0.2628777928720436,2.5918856718614256,0.09376164934789222,-2.8845704020412146,2.886093839642199,-2.158268787021816,-1.0224420891962414,2.3882026678639723,-1.3995562251010907,-2.6226778529194474,2.9727422941475057,0.1448234977182951,0,0
semiprime,173113,-1.1838275905549702,-5.388587613745177,5.517093821493987,-4.266148205432631,-0.7292282965874786,4.328024308995957,0.3024766974512031,1.6918866007664528,1.7187124315469557,1.0473687277394323,-0.14332451405247318,1.0571296837072048,-3.743916575374456,1.4036893557191328,3.9984065739645325,3.924768825057922,1.1886922385321115,4.1008291317845735,1.292474536337981,-1.535736464926618,2.0072311567897168,-1.960725884539988,-0.8230679309255137,2.126472857391583,0.13755203497915908,0,0
semiprime,179071,-0.8531485695658981,2.3905980440351255,2.5382713586015395,-1.606840905766893,1.5324260448186013,2.2204205185694335,0.3658887589083383,-2.9891601059633337,3.011470192942014,-1.1915338324410232,0.5348498803612638,1.3060693964617847,-4.304495660368676,-0.03465092183307861,4.304635126990052,0.49269134152627947,-3.720143225385353,3.7526271298112603,1.1909011667313123,0.49185561509062203,1.2884748872283753,1.3652482329488271,2.866174809217642,3.1747221570656667,0.24613254476859509,0,0
semiprime,181057,-2.124880934342767,-1.088798143074806,2.3875930100200358,-0.4032529698140318,1.529125551079435,1.5814037778593493,-2.2453805663433277,-0.14560548986004318,2.250096630456049,-1.277032713281718,-2.035912938967957,2.4032798517544336,-0.3036225942308288,-0.5013428978893112,0.586115501408648,2.2960159069999353,1.2124323946775806,2.5964747941892963,-3.041220198401659,-0.3516637409002791,3.061484555216669,3.5843019468099646,4.485174213713834,5.741429105481424,0.28921091360886186,0,0
semiprime,184367,-2.731966125738716,1.975294870862324,3.3712651540688423,-0.7335842753414028,1.451631986725717,1.6264628227885887,-3.939731283695366,-2.621182674333863,4.732027176586791,0.3683198354213887,-0.3998482533469534,0.5436341847873883,3.257881893916467,0.01471042298560088,3.257915104979435,2.643050901376191,0.7512451325793318,2.7477422216229885,-2.2931305096970154,3.6028701552321576,4.270728379324291,-3.093443140098333,-4.71401953484896,5.638383690026695,0.3715530353101059,1,0
semiprime,186353,-2.1631756153438553,-0.7752185578358017,2.297888716894551,1.299953135079467,-2.128126805817031,2.4937525649189682,-0.8401710593056082,2.545535001085376,2.680603635498063,-0.46438233425359543,0.6338678056971032,0.7857730890442092,-0.19778079329708997,-0.39209369553335804,0.43915226092351156,-3.408932369160096,-0.8138350525347534,3.504732142438521,-0.7899283490938145,2.0315554544028958,2.179725753625037,-2.1973366058731196,-0.26334331126935584,2.2130607445572545,0.17148447257840552,0,0
semiprime,188339,-4.138366614105423,0.06943010354804735,4.138948993648155,-1.4072622088809492,-1.5609314784321104,2.101640788742154,3.6051178028143966,-0.790751602413291,3.6908213813307857,-3.3517478710440476,0.2836344247133854,3.3637274381154607,-1.8939594768557635,1.3752081899531379,2.3405725935518307,3.139892248815886,0.20958867603930664,3.146879525386695,-1.5904386788522695,0.5529984393261794,1.6838356407578927,2.8112806606487344,0.521023584553167,2.859154512893316,0.47245907784074614,1,0
semiprime,189001,-2.9393320933114397,-1.3218197834872982,3.2228683955118336,2.4193131211182863,0.8207045292351685,2.554727363599142,0.243666891239046,-4.895369593372575,4.901430098410348,-0.7014401557304506,-0.5065128950241284,0.865201482255366,-0.0946864231384873,-2.280036865952465,2.282002109733709,-1.9486465439964746,1.806592274702188,2.6572540338558204,-3.0294809184348286,-1.8590151526729541,3.5543905206136794,-0.550783330895821,-0.15233720807009066,0.5714620744680137,0.34948561354662394,1,0
semiprime,190987,-1.8564214190003727,-0.4822238374373132,1.9180303215319945,-0.44847462623394585,1.3384129652573584,1.4115518962987768,-0.24808201778845473,-0.3538578848347125,0.4321574831119876,1.183346813933432,-0.6797511028626486,1.3646872329912783,-0.40121082906612204,3.5774371918808523,3.5998648573539924,0.6763080608763451,2.3841439106334192,2.4782120126851,1.9611024230434544,-0.3778854158550419,1.9971780344232823,-2.530630699140028,-0.08772423307694066,2.532150721520914,0.10114872699931794,0,0
semiprime,194297,-1.8764764034067403,1.0825388128864595,2.1663457650956643,-2.551652876134472,-0.8831300621884327,2.7001576078122307,-2.0365758544651844,-3.7127851126182025,4.234668169227661,1.392315428249232,2.2297220118657677,2.6287264030209707,-0.8801789655282953,2.5682955082364907,2.7149321960200394,2.836620873828875,0.6369119288757761,2.907245223056691,-1.3067550562232453,-2.43752087438356,2.765703669958264,1.0896732165462106,0.44660150137917604,1.1776419744100068,0.36836923545110484,1,0
semiprime,196283,-4.417221896301464,0.8034069818438371,4.489689528201312,0.8716743940410874,-1.7432167050604186,1.9490050615708003,-2.1384700978995967,3.2127496124282944,3.859380057958644,0.3687056325761501,-0.5288712550908724,0.6447081882175637,-0.2046390807939773,-2.4552706531777293,2.4637839056508177,1.8169319841222529,0.712522598288321,1.9516480953281425,0.2609251234831655,-0.9222597580008248,0.9584596920541026,-0.4114863417338519,1.2185517262901486,1.2861529143450283,0.34091771420864514,1,0
semiprime,198269,-4.178407035208088,0.8602628003459902,4.266044706462365,-0.8149269154640687,0.24723925036985567,0.8516062026965454,-0.8070609731107434,-0.2559382870139117,0.8466710229351632,1.693348699155201,0.8197058670291,1.8813153710562565,-0.8794823100456519,-2.5439273727274117,2.6916640970587373,1.2908085376256468,1.3090871019699224,1.8384492708125701,-0.3371666964757116,-0.7531852543802676,0.8252087061030156,-0.4849855151956008,2.962675206201806,3.0021084802838915,0.2655829318794818,0,0
semiprime,198931,-3.3291337598055075,-1.3091817736092108,3.577301847346309,-0.5703472200405728,0.644700892210267,0.8607759242826927,-1.3571107692041589,-1.1152467702372326,1.756566252213244,-0.7692296289086077,0.6016681285653369,0.9765852543030685,0.8427346843528829,-0.10783896284467176,0.8496063736335596,0.6115013572093727,-0.14823562709453275,0.6292119762123208,1.5408667955020234,2.1013574072038526,2.6057577466624124,-1.4268865952482561,0.9274385313736794,1.701807152757247,0.24806985271392293,0,0
semiprime,200917,-1.6819286645776086,-3.7569951397789954,4.116296455923798,-0.15232450931671382,2.1439926374661775,2.1493969353397135,0.5860374276790941,-2.409545011335027,2.479787698229477,0.3791448021164153,-4.759662253903796,4.77473931772285,-4.155345013981194,-0.3373976503367926,4.169020191804203,1.3073501500265974,2.782049564848956,3.073916751646152,-3.4054031438062227,-0.49988912726402246,3.4418976904321394,-1.3014892151171769,1.878288895085366,2.2851353024421397,0.47388984523676314,1,0
semiprime,202903,-2.984404219117316,-4.009256951331051,4.998080616084698,-0.7709788876337493,0.2554408653418475,0.8121936227671117,-2.176833475889574,-2.2930297204167718,3.1617383320679946,-0.37135499448485954,4.174358457891776,4.190843956400841,0.1293654584936491,1.9427954220195347,1.9470977052195748,3.9450027082414194,-1.3749273766815062,4.177735230861384,-0.22290453588069786,-3.3968421075183794,3.404147872159213,-2.18426248904472,1.6659287670479408,2.7470568392237005,0.5813923306955856,1,0
semiprime,204227,-2.805746045342298,2.7974621955844508,3.962070873505183,1.1455079802650012,-0.8360949779303424,1.4181831140480916,-1.7694241568851627,-1.0170718802321863,2.040905940147121,-0.5677294283181713,-1.683312226345551,1.7764731225500974,-2.3786994356675994,-0.4627399576446211,2.4232910006118336,2.6797799900544557,-3.1288220056876956,4.119556764795435,-2.0520956620513124,5.860772747555041,6.209650054930123,-0.6839044569186903,-2.1105197644638296,2.2185623683786098,0.29867014865763136,1,0
semiprime,204889,-0.4555750910387022,2.150521392108317,2.198247238481244,3.3181559020814024,-0.15334338787347834,3.321697274756109,1.6320474329413879,3.7074347155595886,4.050759310735085,-1.4417227657816065,-1.7328794458261023,2.254204007435783,0.5066551726241607,0.7248420652970564,0.8843616248859514,0.5183127019808353,1.314932121230427,1.4133982243084307,-2.127398273112649,-1.3141961534455433,2.500586919539839,-1.5692888334462012,2.5457607336828323,2.9905794013769795,0.30328727038760517,1,0
semiprime,208861,-3.6517453537651314,-0.30124199563689613,3.6641494058895203,0.5265163027003994,2.0124162958057155,2.0801535435235774,-2.347265814268897,-0.7492130307108883,2.463935260558285,-1.454183501740913,-0.5086495627037009,1.540575877512734,2.113798686853179,0.8610813315358317,2.2824561218261663,1.5302168995400274,-1.053896383490951,1.8580261964711908,-1.3412751844094872,-0.38650425085027473,1.3958526627972008,1.2620499319763656,-2.049103693143037,2.406573492759775,0.26867264749175634,0,0
semiprime,212171,-4.332626813636365,2.1166472090646353,4.822017266029013,3.0715866526615905,1.2462040475555565,3.3147653149133625,-1.1231717777981776,0.18778861259885848,1.1387622251656064,-1.852150856758055,2.585790331568482,3.180687729882114,-0.10669004481777028,-2.773898498183358,2.7759495031226895,0.35033164007124273,0.9344220242915093,0.9979362592450728,-0.6430229899935138,1.2182175396245283,1.377509542438468,-0.980206020912747,-1.3262438164955894,1.6491593325771734,0.25476677733875125,0,0
semiprime,212833,-0.9208553096299866,-2.0765650388543535,2.2715846587494646,-0.0698230877385414,-0.2291743042345445,0.2395748845407874,-2.6480474650820227,-1.298069357601825,2.949091289613148,-1.229667604466239,0.4870895081155143,1.3226256486209362,-3.1042153720851338,3.33067643409372,4.552972499907824,1.6546497567666967,-2.8169285476445842,3.2669484630313828,-1.0358896603969836,-0.14104413618507272,1.0454476729466529,3.5548292713968754,0.7049275905926236,3.6240494004302373,0.33538676615601865,1,0
semiprime,214157,-3.4734590909420993,3.155738697967048,4.692931363901998,-0.2688662656687326,-0.2794976719705794,0.387824725167985,0.9048730734947428,0.839943420738334,1.234625542088546,-0.5566933542621753,0.7605083263899988,0.9424862891247748,-1.7829048930121485,-1.1044478790357546,2.097273223743925,0.5786624554888894,1.6631781202001816,1.7609689653440916,-0.3798972160434231,-0.5094252821779585,0.6354809303823648,-2.9707458586916307,-1.9119129141485232,3.532809356336876,0.2729401625204532,0,0
semiprime,216143,-1.634574947595138,-0.14168560196673197,1.6407041382011331,-2.103111559755082,-1.16461656155438,2.4040403424697767,0.9580142743732007,0.0411259030059285,0.9588966001612808,1.304757586078688,5.513867133794378,5.666138290543897,-2.0058655792093303,0.35296306808054434,2.036683492662916,2.3668834379301487,-1.4391120758629035,2.7700506810602716,-0.10511383672739538,0.23169824330857125,0.2544267961984968,-5.039438692186929,-0.2961046145667759,5.0481303742156305,0.33213478667834523,1,0
semiprime,218129,-0.6082752598290175,-1.2632623660370235,1.4020808097843425,-0.0629743697196512,-3.2154315696635782,3.2160481884497267,-3.7772165445634145,0.6921218845463871,3.8401038433343992,-1.2107701804386197,2.560225208597683,2.8320871364734557,0.7540327817392527,-2.4140652773680094,2.5290861193979377,2.5140263230642885,-1.0711633829330791,2.7327128180613465,-1.437146740936004,-2.8947602978357483,3.2318768443288626,-1.998488536969711,2.0439880470255005,2.8586436589373037,0.30290431052435507,1,0
semiprime,218791,-6.294445949231599,-0.8678770875118653,6.353995628486548,4.482529538830575,-1.5382461432287262,4.739121465382238,-2.8797921041453622,1.3314424674136416,3.1726868120144633,-0.35223824161741324,-3.0334217904162917,3.0538041092103647,-0.6949195877933422,4.015182219343277,4.074874413773911,0.03566705119584196,-1.004199223627598,1.0048324334312053,1.5367015847463192,0.9174869616971006,1.789758108082214,-0.16667771009875398,0.3195159475222964,0.3603774406991025,0.35867828475928715,1,0
semiprime,222763,2.479998056345972,-2.46601266886629,3.4973717049362714,0.5952733497519069,0.7164191394143775,0.931454102059835,-0.7498694517028971,-0.6046711037186719,0.9632919278544592,-1.2792080266496686,-4.1986121663897595,4.389159065151438,-3.585878382656168,-2.9266994301411837,4.628616783617925,1.740204521370731,-3.3210462176457196,3.7493545785825693,-2.068892284397962,-3.3027849712022297,3.8972687680529208,-1.6983134117581373,2.596247776441691,3.102381498338976,0.3931153830887485,1,0
semiprime,224087,-1.3722909185325274,0.9883508162847365,1.6911592772821706,-3.41841543723764,0.7550292680582255,3.5008046642406576,-1.3866113705233376,3.016326295491972,3.3197764102030924,2.457100973599845,-2.4056400135072065,3.4386696655904965,-0.6944220769032798,-2.2712780833021724,2.3750633996968284,-0.9117793273434625,1.8344520332557384,2.0485496830897243,-0.8154045582740355,1.3015447221172833,1.5358721487563447,0.6388900758156865,-3.1385732224241636,3.202939649992452,0.29994525983138104,1,0
semiprime,226073,-4.314908571833019,-0.16650929785529456,4.318120115229581,0.9510724223902649,-3.1467394705697167,3.287325363920138,0.03108924481954556,0.049157611545682656,0.058163664914840714,-2.7140764377965696,1.9258060088481073,3.3279031977985767,0.49511959826679086,-0.756828744465954,0.9043965750918015,1.7373703027719176,-0.059968649104199745,1.738404960827358,-2.5991535653509685,2.0223676783994375,3.2932613444595282,1.1023549135881763,-1.2962932452105211,1.7016352526585772,0.1773332305738629,0,0
semiprime,228721,-4.439117550705654,-1.7437932809289756,4.769337441992966,1.7358115109139516,4.916033593831559,5.213485196785525,-1.2317724272605584,-2.1993374762127256,2.5207833399229553,1.612873029567536,1.5927774167912538,2.266781707387498,-2.2558991540909457,-0.5712793868377909,2.3271100384928096,-1.0245195176041406,2.5199816945822073,2.720284540812088,-0.9588047761084868,-2.9537149870276145,3.1054369778309763,0.6113687184288945,-1.6362985598053479,1.7467812360723494,0.1922345483726745,0,0
semiprime,232031,-1.924934649266636,2.1911099488749834,2.9165623963848604,-3.1064424810990134,3.058685416956782,4.359534535736662,-0.6393348272293093,-2.1668955333921915,2.2592444033223495,0.351048728737699,-0.6334517570509994,0.7242211944284377,0.2633927061734421,-0.8085206938284198,0.8503419488736039,0.6171642490069726,-1.3324307088779084,1.4684220456712116,-0.7997051720937474,2.4821447351151216,2.6077904149553905,3.6351678540092935,-0.6965325605180147,3.701297466387201,0.06535668610132381,0,0
semiprime,234679,-3.3054317227722603,2.615698658898912,4.215181887899353,-0.4178446509576339,-1.8440524417459025,1.8907997144708197,0.32024543524666976,-2.177247938374764,2.2006739249496934,0.894061276117124,-1.3510947480672528,1.6201242494657913,-1.74440227237858,0.7192166972907019,1.8868523910315027,-0.6685304850512087,1.8200384418998268,1.9389360328375853,-1.7400699440156338,-3.4588820887866203,3.871912797855275,1.2430604217131127,5.188586771418501,5.335413001499383,0.28408146984727806,0,0
semiprime,237989,-0.7419463367450194,0.33434668998936223,0.8138010049859832,0.9309674424388783,-1.648937052358581,1.8935928235822481,-1.934073348212495,3.2490762102510313,3.781155370556081,-1.3135976978542039,0.13543666781042696,1.32056124537844,-3.473902345139174,0.049496257344985084,3.474254939271817,0.8106865842773167,0.12286454294203464,0.819944165074414,-0.8060625923222959,0.1246579674648548,0.8156448440306655,0.4806261435665843,-1.7235229416288456,1.789282766976935,0.25702575001881706,0,0
semiprime,240637,-0.7486425953975167,-0.21242778651660232,0.778197468595133,-2.441267564662779,-2.1673209075343,3.264516386619898,-3.8343664818053336,-1.7013646822407806,4.19487879428816,0.46143061648243294,-0.08091970683204341,0.468472211322232,-0.3029625671732893,5.160687884230481,5.16957307285152,4.380035718625442,0.4817617997382002,4.406450649686398,-0.07815071746583768,-0.9108417390848158,0.9141882783647343,-1.6223309624377547,-3.206940337261767,3.5939426927040485,0.16217445336009514,0,0
semiprime,242623,-1.2516353753827576,-2.508693306626983,2.8035929126077774,-0.30201947487358594,1.3113972620449648,1.3457260278756393,-1.8116250781420211,1.6322617377178332,2.4384962177888907,0.11628964718618458,-0.25375042956841454,0.27912821883292666,0.8707792668472751,2.4074377665311895,2.560080688433816,1.6528258038617523,1.1301712498984564,2.0022787498268784,0.4587688259477457,0.7505039392369854,0.8796163927938733,-3.5143169090053528,-0.5818051744009718,3.5621511194614808,0.20082591135666292,0,0
semiprime,244609,-4.942099430229279,0.38275158666310694,4.9568987840549745,2.1559066846326265,-1.0731390666164002,2.4082277901274125,0.03874857834841333,-1.9009897013978128,1.9013845737105812,-0.590976222939037,-0.20881578287042335,0.626782998537036,-1.039970086256837,-0.23036846088196317,1.065179519178893,-1.4651182803267733,1.1395288690889451,1.8560974163105803,-0.19841471352868223,-0.9918372032302295,1.0114887227528702,-0.3446786797066841,1.020886152395911,1.0775026349842816,0.20340446329183323,0,0
semiprime,245933,-3.3229826267367697,-2.52964064004485,4.176277685374971,-0.9943435624618839,1.7356701635768317,2.000317484036026,-1.6848959586875716,1.4413496604286773,2.2172873596400566,2.226481274251721,1.3834494595159135,2.621288093977547,-2.8045590293410383,-4.247840917750685,5.090157542903296,2.818866751660251,0.8670971840458407,2.9492146904211367,-0.991152914743495,-0.6968881599070604,1.2116258530681716,1.460147815355505,1.8895811295946205,2.3880009396998854,0.3379461952012775,1,0
semiprime,248581,-2.743625019020245,-3.135503600930237,4.166396653757336,-2.144470994249179,-0.02048076131044152,2.1445687927319836,2.0117130140031256,-1.0646751182431093,2.2760760879451105,-1.9249155432025886,-0.44545807498495815,1.9757866142456328,-3.0036334160440177,2.3628083320275968,3.821606587794627,3.4303366380738987,1.47614428147927,3.734462664193617,0.31226862346158585,-2.073006372490962,2.096393835515343,-0.37279258887904165,0.0046886300697924765,0.37282207227452285,0.2956404982875759,1,0
semiprime,250567,1.0685786023872588,0.6604929439928245,1.2562289435227225,-0.03839176188528004,2.1480893325705144,2.148432383875251,0.24648527307258516,-1.6366542004580809,1.6551108608545673,-1.8959017764224066,-2.392771985061634,3.0528349641501142,-3.3435926558836457,0.1147590630499491,3.3455614612544715,2.5345635015805934,-1.8711318910718915,3.1504200826763964,-2.7962450389163007,-0.3404318068812716,2.8168919277814815,-0.38277765643140826,1.2249257329737584,1.283340089596059,0.22240148229356393,0,0
semiprime,251891,-1.7074210721725849,-0.4638485294295622,1.7693055631950483,0.613205242424629,-2.6584437880757683,2.7282492634830287,1.8469772576226924,1.1927355849699612,2.1986230158508477,-2.111288999631208,1.691219386823008,2.7051366424507544,0.01440727253199392,-1.2307516187208403,1.2308359421489852,0.7640795141921889,3.20971882835891,3.299410926382142,-2.3225336305270377,1.1083946045351634,2.5734609117474005,0.8485570316546784,-1.3716269574083313,1.6128885721772088,0.22473091299438291,0,0
semiprime,254539,-3.3684630393805572,1.208900850603466,3.5788244598279317,0.11607810939257601,0.40609937126017626,0.42236338243042015,-2.60915953574203,-2.2271183354491333,3.4304182781473287,0.09980470512993533,0.016611829844539683,0.10117772510220459,-0.5054860887114689,-0.7139434552482816,0.8747750814767611,3.1794277760956655,4.041436926355802,5.142175941478555,-0.3079634118000253,-1.890454996394039,1.9153750432744752,-1.4817796772511203,2.090185058057369,2.5621367232918546,0.3281816378366081,1,0
semiprime,255863,-4.187352117053302,1.2123574261800385,4.359326585724526,-1.6361533825171735,-4.301615686863764,4.602270679631393,1.4873904135561855,1.8577517428610741,2.3798259979339247,-1.4437516951764642,3.705884957848974,3.977185220496552,1.4717604956414094,-1.9857030392231465,2.4716584546637277,2.5853528619113675,-2.621098570506117,3.681603881041863,-3.9098961148999636,1.681514729149977,4.256146075225585,-0.35644467417486936,-0.4307092767275462,0.5590735969501643,0.30254352602735884,1,0
semiprime,260497,-3.795644608659547,-0.5798218277260313,3.8396759429870957,1.4005852659779903,-0.0353674348422367,1.4010317422249783,0.10873789152573837,0.9211389873499649,0.9275348850957478,0.5240908786797446,-4.816661133744233,4.845089857416226,0.6317883990628654,0.4986136452850318,0.8048429340280289,-0.13405488550660805,-0.4199679168032605,0.4408443755706317,-1.8415553236488091,0.5511549249684201,1.9222637075532103,-0.013767072146817605,-1.9353024663114446,1.935351432785957,0.4052956707659616,1,0
semiprime,263807,-0.8917856860106002,1.3926180853381112,1.6536828116008777,-1.136487467025276,-1.4274654459803866,1.8246263623475114,-1.2833112461967855,-0.42090399996485484,1.3505731863921928,-1.5291787796917675,1.8041587913057104,2.3650320683883517,0.03608111467275443,3.4570188497202645,3.4572071349800906,1.5321339196670258,0.1610065694166679,1.5405704992597933,-1.375714099903013,-0.502978163958052,1.4647785901256785,-0.12217996676131848,-1.333695633379746,1.3392803988612687,0.19115294672732874,0,0
semiprime,267779,-0.9741967119417073,1.4481634708167952,1.7453471493563053,1.712717538796296,-0.5882382515654445,1.8109184433058305,2.3118111996080537,1.3607093835220803,2.6825363089878707,0.19132580924449816,2.495872102970979,2.503194582862435,-2.775766386562462,-2.20976218521416,3.547947004673617,-1.791797856560025,0.9360241501492449,2.0215540478640968,-1.0848747241224672,0.8567973743083054,1.3824090956230741,-2.8448051410130497,-1.669232004572089,3.298371079096776,0.29052109831656714,1,0
semiprime,268441,-1.827257649054792,-4.236689398270634,4.613936234219978,0.07433239993601025,1.7799222494339078,1.7814736932411066,-3.0248501561821226,-1.3245170450340416,3.3021302018455785,-2.6227184547562086,1.9117291618378034,3.2455139009315404,-0.4200669574926097,1.8036075959234776,1.8518792101133281,3.6819588694956913,-1.3313678824691446,3.9152728583239713,-0.6706248425146815,-1.7439636861805927,1.8684611363671557,3.0477872314783268,0.8623736224859034,3.1674430181333624,0.4720154100117707,1,0
semiprime,271751,-5.6330794579569154,3.088798395848503,6.424348971674286,1.6820532771144547,-0.75658193771948,1.8443750853703378,-1.5422705251402211,-1.4055668867739661,2.086675980096515,1.4926608518542919,1.411984150547482,2.0546862680359923,-2.2624788434834446,-1.3717263560450585,2.645835163625814,3.7773582032006967,-1.2421092925028123,3.976338829854598,-1.8053308798734662,4.090194547536602,4.470895997730528,-0.18639194058168676,-2.5696237382876004,2.576374994422386,0.37810839820251085,1,0
semiprime,272413,0.0370041107976532,0.7161282067547545,0.7170836162719836,1.3609437462836282,2.9632464442094824,3.2608277123559684,-0.8247942644672592,2.6427122551739464,2.7684316213958855,-0.7009643444889224,2.510891449918469,2.6068998610453864,0.05055761904950318,2.045777477619114,2.0464021014398854,-1.7842809685344632,2.0519819435659197,2.7192440992663482,-4.839640398243298,-2.7555179107511316,5.569111072763662,-2.802926829839952,-0.6342050277227363,2.8737805815032993,0.19417123013723464,0,0
semiprime,273737,-0.4582879354299785,3.097383949721901,3.1311044638841916,-1.1680651863337488,1.3717486653534428,1.8016855109657308,-3.0682995678536047,-1.1431323748901816,3.2743264749582752,0.2089889328346558,-3.8151971934525633,3.820916905531405,-2.7709239134498795,-1.1131961181875587,2.9861722876746826,3.4799463651578257,0.39604332991367075,3.502410173515414,-2.012251174020364,1.723835802265808,2.6496725572265976,0.5054073010149469,-0.0864351293980743,0.5127451330956492,0.4542874459311599,1,0
semiprime,274399,-4.573597077784296,-2.2443871978285754,5.094611282884481,0.9363661232082602,-2.324876445477951,2.506358315051992,-1.970304634204331,3.454373078339173,3.9767818290574493,-0.37425509652779265,-1.865989733922653,1.9031512195255955,0.7462396531765083,3.0846337800057895,3.173616104182389,2.3279964865052527,0.6412442694232072,2.4146970522715483,0.6961721818818789,-5.767290766364342,5.809156435371453,-3.0898203341922224,2.8270944042663224,4.18801294986318,0.41519132217764243,1,0
semiprime,277709,-2.2757322191375753,0.7116611734080308,2.3844116169313825,-1.1634556561787721,-3.85272275102139,4.0245622942293,0.34546400436245883,4.737480518037049,4.750059687739801,-2.124504887772237,1.3219330712306043,2.5022046405083067,-0.2971524550984026,-3.2674714627555232,3.2809555531114296,-0.5694270754176693,2.3505099890962,2.418500445122915,-1.7302298104024922,-0.6124619593615785,1.8354304259411383,5.2995928346076635,-1.4557728000205816,5.4959038071917385,0.33421204248117886,1,0
semiprime,282343,1.4776035637876737,-2.1730653580177615,2.6278366277101197,-1.8853093283812294,-0.1206837777033336,1.8891680279641696,-1.940108672721335,0.2662676438755529,1.9582952076087963,0.4237000908804733,0.34398654572237497,0.5457549914111028,-2.3053015349762402,2.5137844447286897,3.410795713865569,1.9417229332983656,1.6053483878096573,2.519410922406243,1.0754994658374524,0.5518110686337783,1.208798807280764,1.9953569174268635,2.5474803242396336,3.235908717858293,0.15161493198874326,0,0
semiprime,283667,-1.3984621397359693,3.057435113912385,3.362083555187073,-0.1308102766578133,1.5558438509009918,1.5613332177551726,-2.1254909971061626,1.192028344470137,2.436933226988291,1.9347667542013394,-0.0801821433876907,1.9364275275054912,-0.7027990265233102,-1.021949073796372,1.240284798389215,-0.7614298345049232,2.4649974099343575,2.579920080905082,-1.0909623026048598,0.7250706935860223,1.3099336839711442,-0.5276971524312024,-1.247827632214834,1.3548203144339395,0.3069823070150558,1,0
semiprime,284329,-4.499425123741264,-1.7096817995275393,4.813298068870222,-0.12616622860865717,1.0229922118422634,1.0307429275679063,-1.0146462925926052,3.4021928935565278,3.550270916991893,1.21938760763466,-4.763456759541545,4.917054650669953,-0.8776790283883223,1.599601363344202,1.8245670715228037,2.32651084791525,-1.3312962863994962,2.6804855022268677,-1.7052912520784942,1.466780630036536,2.249325159034553,0.415212625417419,1.4662392691789388,1.5238960328015865,0.632869027130002,1,0
semiprime,285653,0.33555915298901173,0.8345403842891777,0.8994762910517604,-3.3282637959536,-4.652839783787457,5.720686842421178,-0.9736229254492478,-2.9754949379459226,3.1307366108796444,2.459989365310286,4.064899026634505,4.751310532281999,-1.6137429620150363,1.9356888565441397,2.5201304920186614,1.93065685537245,-3.8924269134758864,4.3449307439760245,0.2927443896781238,-3.3464671433779603,3.359247180455208,-0.8708577174636449,0.13081527606731702,0.8806280716162517,0.22610174506762307,0,0
semiprime,290287,-2.012473984402457,-0.5043432512462404,2.074708088617367,0.4352835272847873,4.028997819509237,4.052443112337997,0.9329544059987005,-3.6548923049285897,3.772087178777633,-1.3533757999147225,-0.599785344232854,1.4803271648359824,-0.9000570849909786,0.6599588584443519,1.1160862202722646,0.0916786876685477,-2.7711728275539294,2.772688915465611,-2.59299404888616,-0.8543047790061659,2.7301016085471645,-0.23153925744467896,0.17200306391028053,0.28843626979379233,0.1974572069763897,0,0
semiprime,291611,-3.7167702092739514,-1.7760966592210012,4.11933248614898,0.9835757504934697,2.0077466177904753,2.2357253270936224,-0.08365327632333663,-0.6328315458981559,0.6383366166243938,-2.8344139840614524,0.45378842588750345,2.870509809861756,-1.9650966293535352,1.1950635081893801,2.2999525106624557,1.8346178270133264,-1.2896063487392757,2.2425224872682428,1.2668410500797134,0.9348651375437813,1.5744392879885285,0.26535091569363173,-3.711860130367404,3.7213326559003796,0.2352808194645396,0,0
semiprime,292273,-2.1120552843523184,-0.27510522779582924,2.129896807481796,-3.9480045820903777,0.9244584826107007,4.054795144798008,1.3159083469790627,1.4958736906575019,1.99229839031468,0.40062620186808473,-1.4095061278398913,1.4653357560782618,-2.5921739711499825,-0.7190808996156467,2.69006379792367,3.940884967655344,1.1092733368398526,4.094027560253555,-1.1565098563967633,-2.521343235685087,2.7739298405110766,-0.7824161542413193,-0.4889954522114946,0.92265464324486,0.08149383106225899,0,0
semiprime,293597,-0.16474339620792475,0.06462224866948962,0.17696446427806523,-4.317774037642398,-1.621812155439287,4.612314745078588,-2.1161606705973677,0.2022670776936989,2.12580524848864,1.6572568398728982,0.520277761962464,1.7370058096903922,-0.5806376419797925,-2.397716881007916,2.4670197228141855,2.8046923922655815,0.6666216080862403,2.8828256595916297,-2.4145759795795714,4.13335131402209,4.786937460035465,-1.9994383279850845,0.3669934149030091,2.0328398348118726,0.013214422023193173,0,0
semiprime,300217,-1.7461990682049282,0.5264689622384902,1.823836822196611,-3.6954107401441325,3.7474571386290516,5.26303102254152,-1.5673715052658665,-1.6981716473419284,2.310939285086345,2.4860300745024038,-2.3995402733043463,3.4551612197609427,0.043330497951215685,-0.26572044730074607,0.26923017692377815,1.0819726330584925,1.5433038369889398,1.8847948195897375,-0.7038787878317844,-0.36580154396753706,0.7932566529998825,-1.1773255083178324,1.1872841109040255,1.6720463248788908,0.1490999145392755,0,0
semiprime,301541,-0.8034259338220839,0.45329892257607696,0.922482056381868,-0.0883124629616292,1.4220762607935629,1.4248157714690521,1.0004266708761334,-0.6212950466914131,1.1776506522919217,-1.6700275014562342,2.0591549844639307,2.6512470849890253,-1.8313499388256633,-2.6430304390250248,3.2155019048430957,0.20938497419088115,-4.969774661464674,4.9741835765433144,-2.6414922314589195,2.404806198403991,3.5721945720719184,0.90388954520285,-0.6627369723645002,1.1208196128128198,0.1930477528673494,0,0
semiprime,304189,-3.932219428266242,-0.1358119540028506,3.934564082447326,0.17626820932980303,-1.0192286164523352,1.0343584747154522,1.2076767597337739,-1.1857308917234004,1.6924659239075504,1.699583788942506,-0.8562835657752069,1.9031044639359314,-3.7738842310107423,0.08166165975989725,3.7747676505642414,-0.868880280423358,-1.4326843001150633,1.6755707223226246,0.9809378587702292,0.46578559006576675,1.0859075921466046,-0.5664508450244112,1.7199085933524507,1.8107877096215543,0.3020513018333343,1,0
semiprime,307499,-3.7475541129556644,1.8556392747181127,4.181812878095728,-3.675953860677688,-0.021978991843510154,3.676019567672846,2.7422284575819287,-1.41136982156172,3.084117651255757,2.266530007046534,-0.7392611338977072,2.384043895764943,-2.1170165911072574,1.8676668706023918,2.823108001222965,-1.3106293985240254,0.8103173356772839,1.5408970130331812,0.9225323051254017,-2.056675357101804,2.2541027879202447,2.4983052241853274,-0.9028719971634831,2.6564462796099746,0.29525662624032323,1,0
semiprime,310147,0.4721185039500204,-2.5180179227271124,2.5618958099319666,-1.5890425415500407,-0.2966230005453908,1.6164904587743052,-3.567630090460064,-3.4390202218997565,4.955284507371049,-0.9077290061126929,-1.5772071851585576,1.81976769216681,0.1876599881504607,1.5166645892591233,1.5282302665060579,0.3624066423445205,3.1434169602362356,3.1642390491737893,-2.1053214581268875,2.4985062650657883,3.2672483833682615,1.0277815885643637,-0.8381817641863704,1.3262291142960418,0.435924068358929,1,0
semiprime,311471,-2.130745731661371,-3.2819856912721814,3.912992135273018,-0.6874263311865081,-1.3176936129801593,1.4862272432226669,0.8856766508416853,1.2498768750530003,1.531866617117299,0.871162777991985,-0.9218634605416343,1.2683677801176243,-0.6411136342085627,-1.2455346075729288,1.400850866662815,0.39129038973266467,-0.7110844643902157,0.8116337133179353,0.8436977914499338,0.7793556047135082,1.1485735161041517,-0.38003288856720174,-3.264218709497774,3.286266693350989,0.22988826800119558,0,0
semiprime,313457,-2.683351916362935,3.034679772919594,4.050883709910216,2.1547464504833296,-1.437761261458694,2.590384085579164,-2.909053648379857,-0.3952812225073159,2.9357861594501453,1.6988413998660339,-0.021097347670914757,1.6989723952959135,-4.4040958345056715,1.257674472746264,4.580153403425239,0.842488740515152,-0.5116811589336622,0.9857002010259016,-1.9050189273665836,2.759822431037302,3.3534634282308153,-1.2366666439043459,-1.2790088284960195,1.7791031368406942,0.2958250757710643,1,0
semiprime,315443,1.4523113672657275,4.6262779809004115,4.848881960210337,-2.1402768656396587,1.941219889261053,2.889484334627031,-2.7883089851837326,1.1577530986647382,3.019115637786029,-0.3400538510545863,1.9686677018805225,1.9978210986083296,-1.744693147836353,-1.1797325976097768,2.106115662059003,1.882925687305449,-1.7421286818693391,2.565233222946112,-2.5630667121785855,0.2572364531695823,2.575942849505247,-1.5174598059233122,-0.9146167905961039,1.7717810632900257,0.3302756570522048,1,0
semiprime,320077,-2.882403857887937,1.14899617903144,3.1029734480649545,0.37740505717900297,1.244402032550146,1.3003734062949845,-3.915245868550068,-1.5210339313072583,4.200320753393291,0.7725544011711851,-0.6319448136419628,0.9980954614955142,-0.9892335779272932,0.5399119723358886,1.1269818142146144,2.495754275941897,2.06240773680945,3.2376403566075314,0.7011307975083363,-3.9804273338097946,4.041705847158452,0.7556913108493097,3.2870359084810787,3.3727843721378306,0.3715124888963325,1,0
semiprime,321401,-4.009450408529706,-2.5597659585894417,4.756899656416178,-0.0033688996431486262,0.7449515131718069,0.7449591307325325,2.6921158936554463,-1.5355122192276736,3.0992395454804322,-1.573653749357307,0.8904143356866967,1.808099502810255,-0.24037051097246975,-3.8798820181825175,3.8873207299580024,-2.0261919057606756,0.5326869731664085,2.095043925637663,-0.9037031346871686,4.2831959186253155,4.377493190511206,1.8772695076216168,-4.976402311616836,5.318714202823018,0.4307422293455683,1,0
semiprime,323387,-1.9466999661656343,1.1601723230150944,2.2661951763604833,1.1401354194268558,0.43807479160810336,1.221400138232404,-0.23948711419622284,-0.732855105227229,0.7709933093896778,0.8578857119634886,1.755865365700021,1.9542341408480124,-1.5157986569783573,-5.235720163516991,5.450725749765418,-0.010805975824427883,2.252239979507088,2.2522659022423634,-3.043530681643387,0.0412630331704692,3.043810383057901,-1.2862215784766242,-3.833194228817525,4.043234342055737,0.17976990605667786,0,0
semiprime,325373,0.8600381047673143,1.042230654776942,1.351262476134273,-1.0726622920583693,-1.142536736454229,1.5671613149103043,-5.326679949858208,2.415285258838215,5.848685507854104,-2.9552701433717385,0.7530450477776041,3.0497046519764486,-0.09613195575846001,-1.2151245137651265,1.2189212184841487,4.010367949638106,-2.6977452696072604,4.833309490522296,1.5234224627243895,-0.008224746975176611,1.5234446646977533,-0.2361319843566836,1.2321659605447213,1.254588087127134,0.5302210764252082,1,0
semiprime,328021,-3.7549990258741093,0.39681340599564,3.775907647638296,3.557626701985403,2.5228924766388454,4.361386728938449,-0.25226806503737464,0.5380834276440565,0.5942835617303223,0.32401396867126225,1.4699016072262923,1.5051896182277298,-2.375306780569958,2.4472064235916213,3.410410764334659,0.41597841696661064,-2.599925253787154,2.632992474099052,0.10137480639258378,2.72514904604387,2.727033951846759,-1.655218229427965,-2.051279523242104,2.6358101353289847,0.03104447075722458,0,0
semiprime,330007,-0.6404428623308858,3.763216396291491,3.8173242860972256,-2.009258173154854,0.8697403822233716,2.1894215534838506,-2.189025916098218,-2.3099905325238836,3.1824347160153375,0.6045896068638479,-5.023765612127064,5.0600147745158015,0.4650503343075122,0.13247334459594595,0.48355041150635486,2.1802005028922293,1.0005141516903249,2.3988127898075207,-2.5759667862601106,2.1013640810179357,3.324354957718504,-3.9410532609494413,1.4497768160905573,4.199256317744119,0.5250366444322043,1,0
semiprime,333979,-2.679845467244831,-1.02309195694,2.8684994127013494,-1.1972049247651575,2.0647435924235094,2.3867269919988514,-1.0846972732245996,3.9571019334756294,4.103074930641341,-1.1079425263226554,-3.7936761824847833,3.9521532889282702,0.3175387281555951,-1.1150307867486755,1.159363833865816,0.609941668498348,-2.249974111740161,2.331182605990246,0.6422108555046828,0.834354285505451,1.0528921391431167,2.9317604899009404,4.327912674154375,5.227432226748643,0.47788966779755065,1,0
semiprime,335303,-2.065188462431716,0.6864743569028751,2.1762928176250296,-0.5172216935102697,-1.2492035495798461,1.352045779003255,-2.3437473308586947,-0.8389382254450837,2.489371185062646,4.227013757020992,-1.6524214343088521,4.538517588222838,-1.0787759985204044,-0.7553179534216169,1.3169141451684372,1.1930096353413302,0.6265758422510987,1.347541938534726,-4.05537149079137,-0.6540579770013359,4.107776742424361,-1.5429374021511348,-3.0435391299909424,3.4122992633623026,0.43686314271370535,1,0
semiprime,337289,-3.9563231659377665,-0.1962730967259666,3.9611887258541763,-0.21510741453229926,-0.5829904992090659,0.6214089812312068,-0.22459187152579108,0.8555637484805316,0.8845512062450177,-2.1540318743565208,-1.515555282302492,2.6337731735020107,0.8232050112930678,0.23234313445362298,0.8553653153745212,1.977050156814094,2.338588616888227,3.062306980300607,1.5132363513544302,-0.6442750679116478,1.6446807040252607,-2.007368361838939,-0.14303817278825437,2.0124581135980315,0.31456175112143503,1,0
semiprime,337951,-1.6543788519767761,-0.17514746353201904,1.6636243626040392,-0.9051760974111608,1.7795062372580004,1.996493480020565,0.4408650532948324,0.4383479490314769,0.6217000238352559,-2.8638756164452905,-0.1475672093080993,2.8676749515474853,-2.5247314404970282,1.0084786017374152,2.718694160216711,1.9985255857218571,0.41478148892221267,2.0411144505728775,1.2037172554065252,-1.3611162899302809,1.8170230559013252,0.5732227002566077,0.004239765624784841,0.5732383794740455,0.16483000055581087,0,0
semiprime,341261,-0.8073067144911197,0.6011254093603701,1.0065266459667717,-0.5908054516753278,-0.1559563460731168,0.6110429310693037,0.5660303024806965,-3.4049089447648306,3.451636601014936,-1.3211147175095013,2.446438175864469,2.7803603804448227,-1.9600520616597352,2.6067754563766186,3.261454026103098,-0.4821505728207556,-1.2457312143629395,1.335782704375808,-2.7106232143528888,1.0783568169896263,2.917247270105293,1.0007888046560653,-1.692655063217361,1.966382311393256,0.3943096787865711,1,0
semiprime,341923,-3.2707737033952258,-4.836728329828531,5.838827070173222,2.074995946859956,2.112986626460494,2.9614727186125056,-1.501333217482987,-3.5095470396054815,3.8171876890089407,-0.1843241209994141,3.198620435760116,3.203926976952571,2.598236428908345,-1.3605055052462216,2.9328838658071112,0.788996913793687,-1.6566834230790335,1.834970325177175,-0.5450008794226603,-3.0417220379552354,3.090161632464235,-3.083569600039668,-0.7681726472910494,3.1778122496986723,0.4836540173446767,1,0
semiprime,343909,-2.9820762643376555,1.1619254248233295,3.2004452095258404,-0.47159835250565607,0.39782162918774433,0.6169822158989999,-0.5059494391491242,0.8189946940056805,0.9626718775287723,0.5628048297814595,0.09933267570631787,0.5715035055783246,0.9977719842441629,2.939050280954763,3.1037985576584712,-3.1695957355863227,-1.2552260628579792,3.4090951286118356,-1.1213038978514542,-3.1428322867362013,3.336872370032807,-0.11871014069050245,1.3493005500214528,1.3545124849151275,0.17180186925607713,0,0
semiprime,347219,-2.688870169118727,0.22073000079358296,2.697914846622648,1.6022782536050697,-4.9652890198529205,5.217412256343914,-2.306179649276263,-0.7638722599547453,2.4293960986764507,0.02469985207648978,1.805496108444249,1.80566505207913,-2.9003803033375744,-0.21203929809115016,2.9081207966526335,3.1375360745190264,-0.24022815229250505,3.146719273157702,-1.2970449328307918,-0.1507532423437079,1.3057764348689918,-0.8549543804533076,0.10932473164397832,0.8619158251275626,0.0898868012894401,0,0
semiprime,347881,-2.3909697659689617,1.037580851394074,2.606397982840941,-0.6096258914568271,3.1384398642723736,3.197100015512265,-1.2420465293538767,1.3876719641818482,1.862340747891298,-1.012403814980932,-2.0980775900786908,2.3295688568012647,-1.7046288623377823,-1.1290373029294423,2.0446233857904472,1.7783258227959218,-1.0522332346350094,2.0663101200190757,-0.6870270416701851,1.2862131928362812,1.4582011292727033,2.2275497399970163,-3.40394694860716,4.068025648037727,0.18408374040173958,0,0
semiprime,351191,-1.9798345165241984,1.0057895838002384,2.220665981119552,1.7854564831567563,1.9552776228080826,2.6478227726757924,-0.7598674250529751,-3.559171716962749,3.639382064923138,-1.2942429487790408,3.823712279922052,4.036810673055025,-1.210793507574906,-1.646281170945067,2.043590617465691,-1.5350180692788427,0.790454822706517,1.7265860244287097,1.5658473590052047,2.994384159394767,3.3790848532905886,-0.9827110678680292,0.5361245572382624,1.1194420859447107,0.41769286826744434,1,0
semiprime,351853,-2.562310576516386,-4.789126732157944,5.431497983723971,-2.0876957329394292,3.65967869576701,4.21327920147531,0.3976549662932409,-1.5264474689019427,1.577393846677115,-2.8675197721832304,-1.7562411276625576,3.3625961015791384,0.7499245863823475,3.6423255885127985,3.7187259347787167,4.74963915804261,-1.2656661530742057,4.9153822783837855,-2.8139563501721567,0.002893564321408526,2.813957837883981,0.45814675713908903,1.2034228624443815,1.2876820403076574,0.2686877224864919,0,0
semiprime,353839,-2.416400673514473,-2.1671957230196828,3.2458788512259673,-1.3716906236094504,-2.8986719959023457,3.206841827519183,0.9850110527268203,2.088567058535107,2.3091901463482793,-0.5368501668633744,-2.3307729265652686,2.391800689202773,-2.488325554568796,0.29947445354555824,2.506281910289925,-0.377333314703314,1.9283119322895734,1.964883543265437,1.7104354715090193,-0.6383716177655214,1.8256800991862867,-0.028583526278619265,1.5169483141969908,1.5172175868739501,0.23781448203586528,0,0
semiprime,359797,-0.5816568102751776,2.3571886194278346,2.4278926731838033,-1.1218180437116656,4.063976617862496,4.215967465924062,-2.214959972905789,1.6402513524176716,2.7561698388674842,0.2733282332538761,-2.58816617463908,2.6025588313503256,-4.476860154686121,0.32393732549149423,4.488564607473398,2.8551316430957043,-1.5908435144216755,3.2684185452270156,0.3067745066308323,-0.5343188433699999,0.6161227347686864,0.052452051760137786,-0.24156522617166198,0.2471942075154966,0.20102716231373224,0,0
semiprime,361121,1.1645451925442178,-0.07083429950252862,1.166697477268149,-0.004833176651297344,-2.771758929876529,2.7717631437312287,-1.721238399215038,-5.761931538532249,6.013527806675957,-1.0343250398938988,-1.2167640992375763,1.5969793866374562,-1.1923262374951007,0.6995854373557218,1.3824115309051135,-0.9037689411977825,2.127214683894408,2.311242222366524,-2.816583649626965,1.9329815677787558,3.4160739448551714,1.8430127695247192,-3.5444503226008113,3.9949748632521045,0.38680648963391395,1,0
semiprime,361783,-1.4844524482106503,-2.6719463467120823,3.0566151787077542,-2.8928357679603147,0.496418420421717,2.935120104616596,-2.725027603910757,2.110465335336592,3.446714286640683,2.2705361729485816,-0.29479137817836387,2.289593079417452,-1.130190654150686,1.8249799856006939,2.146597974137837,3.3429171445612322,-3.616003142971215,4.924487157601199,-1.7679550460195048,-2.6759692808859605,3.207253753133848,-0.11662895879245472,2.4653378116182747,2.4680949818481044,0.31396946579610935,1,0
