family,n,seed,max_mono_clique_present,max_mono_independent_present,first_absent_mono_clique_size,first_absent_mono_independent_size,delay_score,force_index,red_density,spectral_radius,spectral_gap,adjacency_energy,signature_name,signature_value,signature_phi_distance
fibonacci_block_growth,8,0,3,3,4,4,2.6666666666666665,0.375,0.6071428571428571,4.319105983760848,3.3191059837608483,12.501745304992482,fib_block_ratio,1.6666666666666667,0.04863267791677184
fibonacci_block_growth,8,1,4,4,5,5,2.0,0.5,0.5714285714285714,4.132637493579839,2.992202124092012,11.508534334319366,fib_block_ratio,1.6666666666666667,0.04863267791677184
fibonacci_block_growth,8,2,3,3,4,4,2.6666666666666665,0.375,0.5357142857142857,3.846447631875522,2.654975013610371,12.597300209597206,fib_block_ratio,1.6666666666666667,0.04863267791677184
fibonacci_block_growth,8,3,3,3,4,4,2.6666666666666665,0.375,0.5714285714285714,4.12814697150289,2.923488998106145,12.379728416848742,fib_block_ratio,1.6666666666666667,0.04863267791677184
fibonacci_block_growth,8,4,3,3,4,4,2.6666666666666665,0.375,0.5357142857142857,3.9223385839068845,2.394475809663634,12.927358490404279,fib_block_ratio,1.6666666666666667,0.04863267791677184
fibonacci_block_growth,8,5,3,3,4,4,2.6666666666666665,0.375,0.5357142857142857,3.8586133485013105,2.3628306650974795,12.821830217970145,fib_block_ratio,1.6666666666666667,0.04863267791677184
fibonacci_block_growth,8,6,3,3,4,4,2.6666666666666665,0.375,0.6071428571428571,4.319105983760848,3.3191059837608483,12.501745304992482,fib_block_ratio,1.6666666666666667,0.04863267791677184
fibonacci_block_growth,8,7,3,3,4,4,2.6666666666666665,0.375,0.6071428571428571,4.319105983760848,3.3191059837608483,12.501745304992482,fib_block_ratio,1.6666666666666667,0.04863267791677184
fibonacci_block_growth,8,8,3,3,4,4,2.6666666666666665,0.375,0.5357142857142857,3.9223385839068845,2.394475809663634,12.927358490404279,fib_block_ratio,1.6666666666666667,0.04863267791677184
fibonacci_block_growth,8,9,3,3,4,4,2.6666666666666665,0.375,0.5357142857142857,3.846447631875522,2.654975013610371,12.597300209597206,fib_block_ratio,1.6666666666666667,0.04863267791677184
fibonacci_block_growth,8,10,4,4,5,5,2.0,0.5,0.5714285714285714,4.132637493579839,2.992202124092012,11.508534334319366,fib_block_ratio,1.6666666666666667,0.04863267791677184
fibonacci_block_growth,8,11,3,3,4,4,2.6666666666666665,0.375,0.5357142857142857,3.846447631875522,2.654975013610371,12.597300209597206,fib_block_ratio,1.6666666666666667,0.04863267791677184
fibonacci_block_growth,8,12,3,3,4,4,2.6666666666666665,0.375,0.5714285714285714,4.1047829368499205,2.9371329966588258,11.70965385275711,fib_block_ratio,1.6666666666666667,0.04863267791677184
fibonacci_block_growth,8,13,3,3,4,4,2.6666666666666665,0.375,0.5714285714285714,4.12814697150289,2.923488998106145,12.379728416848742,fib_block_ratio,1.6666666666666667,0.04863267791677184
fibonacci_block_growth,8,14,3,3,4,4,2.6666666666666665,0.375,0.5357142857142857,3.8586133485013105,2.3628306650974795,12.821830217970145,fib_block_ratio,1.6666666666666667,0.04863267791677184
fibonacci_block_growth,8,15,3,3,4,4,2.6666666666666665,0.375,0.5714285714285714,4.1047829368499205,2.9371329966588258,11.70965385275711,fib_block_ratio,1.6666666666666667,0.04863267791677184
fibonacci_block_growth,10,0,4,4,5,5,2.5,0.4,0.5777777777777777,5.262871214174547,3.8356889579219198,15.930206031648385,fib_block_ratio,1.6,0.018033988749894814
fibonacci_block_growth,10,1,4,4,5,5,2.5,0.4,0.5555555555555556,5.139522106181211,3.8612834954754094,15.486831456257134,fib_block_ratio,1.6,0.018033988749894814
fibonacci_block_growth,10,2,4,4,5,5,2.5,0.4,0.5333333333333333,4.935453974434633,3.15545562036513,16.643808444534216,fib_block_ratio,1.6,0.018033988749894814
fibonacci_block_growth,10,3,4,4,5,5,2.5,0.4,0.5555555555555556,5.069239401662898,3.382809041143097,15.710291587785969,fib_block_ratio,1.6,0.018033988749894814
fibonacci_block_growth,10,4,4,4,5,5,2.5,0.4,0.5333333333333333,4.921639037971731,2.7678302191104027,17.887456615416735,fib_block_ratio,1.6,0.018033988749894814
fibonacci_block_growth,10,5,4,4,5,5,2.5,0.4,0.5333333333333333,4.899782563072286,2.753476537631476,17.771044256163528,fib_block_ratio,1.6,0.018033988749894814
fibonacci_block_growth,10,6,4,4,5,5,2.5,0.4,0.5555555555555556,5.061368735310008,3.891282248683975,15.371855153002466,fib_block_ratio,1.6,0.018033988749894814
fibonacci_block_growth,10,7,4,4,5,5,2.5,0.4,0.5777777777777777,5.262871214174547,3.8356889579219198,15.930206031648385,fib_block_ratio,1.6,0.018033988749894814
fibonacci_block_growth,10,8,4,4,5,5,2.5,0.4,0.5333333333333333,4.921639037971731,2.7678302191104027,17.887456615416735,fib_block_ratio,1.6,0.018033988749894814
fibonacci_block_growth,10,9,4,4,5,5,2.5,0.4,0.5333333333333333,4.935453974434633,3.15545562036513,16.643808444534216,fib_block_ratio,1.6,0.018033988749894814
fibonacci_block_growth,10,10,4,4,5,5,2.5,0.4,0.5555555555555556,5.139522106181211,3.8612834954754094,15.486831456257134,fib_block_ratio,1.6,0.018033988749894814
fibonacci_block_growth,10,11,4,4,5,5,2.5,0.4,0.5333333333333333,4.935453974434633,3.15545562036513,16.643808444534216,fib_block_ratio,1.6,0.018033988749894814
fibonacci_block_growth,10,12,4,4,5,5,2.5,0.4,0.5555555555555556,5.125653984116124,3.7594719222372577,16.36218090017153,fib_block_ratio,1.6,0.018033988749894814
fibonacci_block_growth,10,13,4,4,5,5,2.5,0.4,0.5555555555555556,5.069239401662898,3.382809041143097,15.710291587785969,fib_block_ratio,1.6,0.018033988749894814
fibonacci_block_growth,10,14,4,4,5,5,2.5,0.4,0.5333333333333333,4.899782563072286,2.753476537631476,17.771044256163528,fib_block_ratio,1.6,0.018033988749894814
fibonacci_block_growth,10,15,4,4,5,5,2.5,0.4,0.5555555555555556,5.125653984116124,3.7594719222372577,16.36218090017153,fib_block_ratio,1.6,0.018033988749894814
fibonacci_block_growth,12,0,4,4,5,5,3.0,0.3333333333333333,0.5606060606060606,6.214048919788268,4.169843282276188,22.11699923372771,fib_block_ratio,1.6,0.018033988749894814
fibonacci_block_growth,12,1,4,4,5,5,3.0,0.3333333333333333,0.5454545454545454,6.101940140363328,4.45277489563002,21.741665987525593,fib_block_ratio,1.6,0.018033988749894814
fibonacci_block_growth,12,2,4,4,5,5,3.0,0.3333333333333333,0.5303030303030303,5.890336927275471,3.7593975658043117,22.480635581806734,fib_block_ratio,1.6,0.018033988749894814
fibonacci_block_growth,12,3,4,4,5,5,3.0,0.3333333333333333,0.5454545454545454,6.087689746436004,4.250380770740762,21.602651383070683,fib_block_ratio,1.6,0.018033988749894814
fibonacci_block_growth,12,4,4,4,5,5,3.0,0.3333333333333333,0.5151515151515151,5.8762742944029505,3.698895884801349,22.517989779191364,fib_block_ratio,1.6,0.018033988749894814
fibonacci_block_growth,12,5,4,4,5,5,3.0,0.3333333333333333,0.5151515151515151,5.7774919880386415,3.581791706160848,22.954302433497713,fib_block_ratio,1.6,0.018033988749894814
fibonacci_block_growth,12,6,4,4,5,5,3.0,0.3333333333333333,0.5151515151515151,5.708435326436055,3.784855466816336,20.552990018613247,fib_block_ratio,1.6,0.018033988749894814
fibonacci_block_growth,12,7,4,4,5,5,3.0,0.3333333333333333,0.5606060606060606,6.214048919788268,4.169843282276188,22.11699923372771,fib_block_ratio,1.6,0.018033988749894814
fibonacci_block_growth,12,8,4,4,5,5,3.0,0.3333333333333333,0.5151515151515151,5.8762742944029505,3.698895884801349,22.517989779191364,fib_block_ratio,1.6,0.018033988749894814
fibonacci_block_growth,12,9,4,4,5,5,3.0,0.3333333333333333,0.5303030303030303,5.890336927275471,3.7593975658043117,22.480635581806734,fib_block_ratio,1.6,0.018033988749894814
fibonacci_block_growth,12,10,4,4,5,5,3.0,0.3333333333333333,0.5303030303030303,5.924465544109759,4.23744873040664,21.49660160706685,fib_block_ratio,1.6,0.018033988749894814
fibonacci_block_growth,12,11,4,4,5,5,3.0,0.3333333333333333,0.5303030303030303,5.890336927275471,3.7593975658043117,22.480635581806734,fib_block_ratio,1.6,0.018033988749894814
fibonacci_block_growth,12,12,4,4,5,5,3.0,0.3333333333333333,0.5303030303030303,5.932127924959662,3.949404326001476,21.82865577909859,fib_block_ratio,1.6,0.018033988749894814
fibonacci_block_growth,12,13,4,4,5,5,3.0,0.3333333333333333,0.5454545454545454,6.087689746436004,4.250380770740762,21.602651383070683,fib_block_ratio,1.6,0.018033988749894814
fibonacci_block_growth,12,14,4,4,5,5,3.0,0.3333333333333333,0.5151515151515151,5.7774919880386415,3.581791706160848,22.954302433497713,fib_block_ratio,1.6,0.018033988749894814
fibonacci_block_growth,12,15,4,4,5,5,3.0,0.3333333333333333,0.5303030303030303,5.932127924959662,3.949404326001476,21.82865577909859,fib_block_ratio,1.6,0.018033988749894814
fibonacci_block_growth,14,0,5,5,6,6,2.8,0.35714285714285715,0.5384615384615384,7.14869050417748,5.097209451038998,25.878052570900827,fib_block_ratio,1.625,0.0069660112501050975
fibonacci_block_growth,14,1,4,4,5,5,3.5,0.2857142857142857,0.5384615384615384,7.08636675363558,5.14979904440813,26.05749185856197,fib_block_ratio,1.625,0.0069660112501050975
fibonacci_block_growth,14,2,5,5,6,6,2.8,0.35714285714285715,0.5274725274725275,6.978328755194759,4.565325321592399,27.644329530289134,fib_block_ratio,1.625,0.0069660112501050975
fibonacci_block_growth,14,3,5,5,6,6,2.8,0.35714285714285715,0.5384615384615384,7.071070614649942,5.1710106728382845,26.637797500558086,fib_block_ratio,1.625,0.0069660112501050975
fibonacci_block_growth,14,4,5,5,6,6,2.8,0.35714285714285715,0.5164835164835165,6.805086894231931,3.539889679664649,27.423801498645865,fib_block_ratio,1.625,0.0069660112501050975
fibonacci_block_growth,14,5,4,4,5,5,3.5,0.2857142857142857,0.5164835164835165,6.784076020059615,3.691063178124182,28.87011652640643,fib_block_ratio,1.625,0.0069660112501050975
fibonacci_block_growth,14,6,5,5,6,6,2.8,0.35714285714285715,0.5054945054945055,6.7091213922862725,4.754133700510176,25.40115867137291,fib_block_ratio,1.625,0.0069660112501050975
fibonacci_block_growth,14,7,5,5,6,6,2.8,0.35714285714285715,0.5384615384615384,7.14869050417748,5.097209451038998,25.878052570900827,fib_block_ratio,1.625,0.0069660112501050975
fibonacci_block_growth,14,8,5,5,6,6,2.8,0.35714285714285715,0.5164835164835165,6.805086894231931,3.539889679664649,27.423801498645865,fib_block_ratio,1.625,0.0069660112501050975
fibonacci_block_growth,14,9,5,5,6,6,2.8,0.35714285714285715,0.5274725274725275,6.978328755194759,4.565325321592399,27.644329530289134,fib_block_ratio,1.625,0.0069660112501050975
fibonacci_block_growth,14,10,4,4,5,5,3.5,0.2857142857142857,0.5274725274725275,6.941583157298422,4.960287524038413,26.46420282231136,fib_block_ratio,1.625,0.0069660112501050975
fibonacci_block_growth,14,11,5,5,6,6,2.8,0.35714285714285715,0.5274725274725275,6.978328755194759,4.565325321592399,27.644329530289134,fib_block_ratio,1.625,0.0069660112501050975
fibonacci_block_growth,14,12,5,5,6,6,2.8,0.35714285714285715,0.5274725274725275,6.966319679858846,4.794882846052728,25.63166820987006,fib_block_ratio,1.625,0.0069660112501050975
fibonacci_block_growth,14,13,5,5,6,6,2.8,0.35714285714285715,0.5384615384615384,7.071070614649942,5.1710106728382845,26.637797500558086,fib_block_ratio,1.625,0.0069660112501050975
fibonacci_block_growth,14,14,4,4,5,5,3.5,0.2857142857142857,0.5164835164835165,6.784076020059615,3.691063178124182,28.87011652640643,fib_block_ratio,1.625,0.0069660112501050975
fibonacci_block_growth,14,15,5,5,6,6,2.8,0.35714285714285715,0.5274725274725275,6.97937970719357,4.531796292655137,25.95168864413944,fib_block_ratio,1.625,0.0069660112501050975
fibonacci_block_growth,16,0,5,5,6,6,3.2,0.3125,0.525,7.971273227457091,4.954883775002411,31.76365154523127,fib_block_ratio,1.625,0.0069660112501050975
fibonacci_block_growth,16,1,5,5,6,6,3.2,0.3125,0.5333333333333333,8.091588682708645,5.244275955710949,31.24337735211555,fib_block_ratio,1.625,0.0069660112501050975
fibonacci_block_growth,16,2,5,5,6,6,3.2,0.3125,0.5333333333333333,8.071615418344516,4.828878810121487,33.541211349453626,fib_block_ratio,1.625,0.0069660112501050975
fibonacci_block_growth,16,3,5,5,6,6,3.2,0.3125,0.5333333333333333,8.074874201029466,5.363739878071547,32.4007450823672,fib_block_ratio,1.625,0.0069660112501050975
fibonacci_block_growth,16,4,5,5,6,6,3.2,0.3125,0.5166666666666667,7.858279791809201,4.528886429526452,32.33636894451921,fib_block_ratio,1.625,0.0069660112501050975
fibonacci_block_growth,16,5,5,5,6,6,3.2,0.3125,0.5166666666666667,7.801099545964487,4.307696383855772,33.456149573130595,fib_block_ratio,1.625,0.0069660112501050975
fibonacci_block_growth,16,6,5,5,6,6,3.2,0.3125,0.5166666666666667,7.876853519765864,5.331461455962652,31.293331582675016,fib_block_ratio,1.625,0.0069660112501050975
fibonacci_block_growth,16,7,5,5,6,6,3.2,0.3125,0.525,7.971273227457091,4.954883775002411,31.76365154523127,fib_block_ratio,1.625,0.0069660112501050975
fibonacci_block_growth,16,8,5,5,6,6,3.2,0.3125,0.5,7.599217027831234,4.245219610263031,32.50336302256804,fib_block_ratio,1.625,0.0069660112501050975
fibonacci_block_growth,16,9,5,5,6,6,3.2,0.3125,0.5333333333333333,8.071615418344516,4.828878810121487,33.541211349453626,fib_block_ratio,1.625,0.0069660112501050975
fibonacci_block_growth,16,10,5,5,6,6,3.2,0.3125,0.5333333333333333,8.087864210442623,5.294192541392988,31.990765885792335,fib_block_ratio,1.625,0.0069660112501050975
fibonacci_block_growth,16,11,5,5,6,6,3.2,0.3125,0.5333333333333333,8.071615418344516,4.828878810121487,33.541211349453626,fib_block_ratio,1.625,0.0069660112501050975
fibonacci_block_growth,16,12,5,5,6,6,3.2,0.3125,0.5333333333333333,8.071532193180897,5.262478965454885,31.011709505094963,fib_block_ratio,1.625,0.0069660112501050975
fibonacci_block_growth,16,13,5,5,6,6,3.2,0.3125,0.5333333333333333,8.074874201029466,5.363739878071547,32.4007450823672,fib_block_ratio,1.625,0.0069660112501050975
fibonacci_block_growth,16,14,5,5,6,6,3.2,0.3125,0.525,7.916445160017425,4.465968164895738,33.79076892992634,fib_block_ratio,1.625,0.0069660112501050975
fibonacci_block_growth,16,15,5,5,6,6,3.2,0.3125,0.5166666666666667,7.847281825484297,5.100919364734036,31.458036605108266,fib_block_ratio,1.625,0.0069660112501050975
fibonacci_block_growth,18,0,5,5,6,6,3.6,0.2777777777777778,0.5163398692810458,8.829123234538189,5.592071014570321,37.337070772873595,fib_block_ratio,1.625,0.0069660112501050975
fibonacci_block_growth,18,1,5,5,6,6,3.6,0.2777777777777778,0.5424836601307189,9.263481740485329,6.043312455620422,36.58039156689496,fib_block_ratio,1.625,0.0069660112501050975
fibonacci_block_growth,18,2,5,5,6,6,3.6,0.2777777777777778,0.5424836601307189,9.281343212721332,5.738895028106651,38.9437900776025,fib_block_ratio,1.625,0.0069660112501050975
fibonacci_block_growth,18,3,6,6,7,7,3.0,0.3333333333333333,0.5163398692810458,8.825813854988155,5.8985903847088235,37.71329241151639,fib_block_ratio,1.625,0.0069660112501050975
fibonacci_block_growth,18,4,6,6,7,7,3.0,0.3333333333333333,0.5294117647058824,9.072660973349981,4.975181649221137,38.471435499297186,fib_block_ratio,1.625,0.0069660112501050975
fibonacci_block_growth,18,5,5,5,6,6,3.6,0.2777777777777778,0.5032679738562091,8.598153533616006,4.330522497775524,39.61060854950176,fib_block_ratio,1.625,0.0069660112501050975
fibonacci_block_growth,18,6,5,5,6,6,3.6,0.2777777777777778,0.5228758169934641,8.988147813940877,6.242546966454537,37.39903894545496,fib_block_ratio,1.625,0.0069660112501050975
fibonacci_block_growth,18,7,5,5,6,6,3.6,0.2777777777777778,0.5163398692810458,8.829123234538189,5.592071014570321,37.337070772873595,fib_block_ratio,1.625,0.0069660112501050975
fibonacci_block_growth,18,8,5,5,6,6,3.6,0.2777777777777778,0.5032679738562091,8.638201913941764,4.687424499003535,38.55441959422673,fib_block_ratio,1.625,0.0069660112501050975
fibonacci_block_growth,18,9,5,5,6,6,3.6,0.2777777777777778,0.5424836601307189,9.281343212721332,5.738895028106651,38.9437900776025,fib_block_ratio,1.625,0.0069660112501050975
fibonacci_block_growth,18,10,5,5,6,6,3.6,0.2777777777777778,0.5424836601307189,9.286022362109637,6.1097939997384785,38.11463333010937,fib_block_ratio,1.625,0.0069660112501050975
fibonacci_block_growth,18,11,5,5,6,6,3.6,0.2777777777777778,0.5424836601307189,9.281343212721332,5.738895028106651,38.9437900776025,fib_block_ratio,1.625,0.0069660112501050975
fibonacci_block_growth,18,12,5,5,6,6,3.6,0.2777777777777778,0.5294117647058824,9.044402194066867,5.470974184346629,36.587049929549615,fib_block_ratio,1.625,0.0069660112501050975
fibonacci_block_growth,18,13,6,6,7,7,3.0,0.3333333333333333,0.5163398692810458,8.825813854988155,5.8985903847088235,37.71329241151639,fib_block_ratio,1.625,0.0069660112501050975
fibonacci_block_growth,18,14,5,5,6,6,3.6,0.2777777777777778,0.5228758169934641,8.911451731816495,4.8682366620367,40.16723930709557,fib_block_ratio,1.625,0.0069660112501050975
fibonacci_block_growth,18,15,5,5,6,6,3.6,0.2777777777777778,0.5032679738562091,8.647330251093436,5.079340257044528,36.49712789957284,fib_block_ratio,1.625,0.0069660112501050975
fibonacci_block_growth,20,0,5,5,6,6,4.0,0.25,0.5157894736842106,9.860791352996076,6.351399421010851,43.39765359158424,fib_block_ratio,1.625,0.0069660112501050975
fibonacci_block_growth,20,1,5,5,6,6,4.0,0.25,0.5368421052631579,10.242542910103166,6.640310608578301,42.8183701817836,fib_block_ratio,1.625,0.0069660112501050975
fibonacci_block_growth,20,2,5,5,6,6,4.0,0.25,0.5368421052631579,10.244592831801853,6.412221677425472,45.37688293010285,fib_block_ratio,1.625,0.0069660112501050975
fibonacci_block_growth,20,3,6,6,7,7,3.3333333333333335,0.3,0.5105263157894737,9.776355268511988,6.488956811376637,42.984212677112026,fib_block_ratio,1.625,0.0069660112501050975
fibonacci_block_growth,20,4,6,6,7,7,3.3333333333333335,0.3,0.531578947368421,10.187943468076366,6.082600441664317,44.66645486346569,fib_block_ratio,1.625,0.0069660112501050975
fibonacci_block_growth,20,5,5,5,6,6,4.0,0.25,0.5052631578947369,9.647244866801781,5.31133907164093,45.99873411166152,fib_block_ratio,1.625,0.0069660112501050975
fibonacci_block_growth,20,6,5,5,6,6,4.0,0.25,0.531578947368421,10.216710955697758,7.163423229044099,43.17250421510957,fib_block_ratio,1.625,0.0069660112501050975
fibonacci_block_growth,20,7,5,5,6,6,4.0,0.25,0.5157894736842106,9.860791352996076,6.351399421010851,43.39765359158424,fib_block_ratio,1.625,0.0069660112501050975
fibonacci_block_growth,20,8,5,5,6,6,4.0,0.25,0.5,9.581929155296514,5.503175326762766,44.75948055395591,fib_block_ratio,1.625,0.0069660112501050975
fibonacci_block_growth,20,9,5,5,6,6,4.0,0.25,0.5368421052631579,10.244592831801853,6.412221677425472,45.37688293010285,fib_block_ratio,1.625,0.0069660112501050975
fibonacci_block_growth,20,10,5,5,6,6,4.0,0.25,0.5368421052631579,10.253299214717877,6.955314443956903,43.93608947038005,fib_block_ratio,1.625,0.0069660112501050975
fibonacci_block_growth,20,11,5,5,6,6,4.0,0.25,0.5368421052631579,10.244592831801853,6.412221677425472,45.37688293010285,fib_block_ratio,1.625,0.0069660112501050975
fibonacci_block_growth,20,12,5,5,6,6,4.0,0.25,0.5368421052631579,10.255419338774164,6.5717454754047555,43.017246863305814,fib_block_ratio,1.625,0.0069660112501050975
fibonacci_block_growth,20,13,6,6,7,7,3.3333333333333335,0.3,0.5210526315789473,9.964707361142054,6.587746206338626,43.13241668494286,fib_block_ratio,1.625,0.0069660112501050975
fibonacci_block_growth,20,14,5,5,6,6,4.0,0.25,0.531578947368421,10.139879676656975,5.961632419787274,46.401731827025955,fib_block_ratio,1.625,0.0069660112501050975
fibonacci_block_growth,20,15,5,5,6,6,4.0,0.25,0.5052631578947369,9.661219964330938,6.068799733648243,42.525931622938245,fib_block_ratio,1.625,0.0069660112501050975
fibonacci_block_growth,22,0,5,5,6,6,4.4,0.22727272727272727,0.5151515151515151,10.831601268376467,7.203904247417943,49.55578625399938,fib_block_ratio,1.6153846153846154,0.0026493733652794837
fibonacci_block_growth,22,1,6,6,7,7,3.6666666666666665,0.2727272727272727,0.5324675324675324,11.272717312402655,7.548948750278619,49.562713494577224,fib_block_ratio,1.6153846153846154,0.0026493733652794837
fibonacci_block_growth,22,2,5,5,6,6,4.4,0.22727272727272727,0.5281385281385281,11.128143181207495,7.218087572584777,51.184238220745414,fib_block_ratio,1.6153846153846154,0.0026493733652794837
fibonacci_block_growth,22,3,6,6,7,7,3.6666666666666665,0.2727272727272727,0.5108225108225108,10.801748701100575,7.422771534731183,49.41876631113696,fib_block_ratio,1.6153846153846154,0.0026493733652794837
fibonacci_block_growth,22,4,6,6,7,7,3.6666666666666665,0.2727272727272727,0.5238095238095238,11.122217146828039,6.654608262203402,50.71162209895623,fib_block_ratio,1.6153846153846154,0.0026493733652794837
fibonacci_block_growth,22,5,6,6,7,7,3.6666666666666665,0.2727272727272727,0.5021645021645021,10.647192331764645,6.110953941008823,51.55237725050166,fib_block_ratio,1.6153846153846154,0.0026493733652794837
fibonacci_block_growth,22,6,5,5,6,6,4.4,0.22727272727272727,0.5281385281385281,11.157598192320005,7.740693472115305,49.15202512243012,fib_block_ratio,1.6153846153846154,0.0026493733652794837
fibonacci_block_growth,22,7,5,5,6,6,4.4,0.22727272727272727,0.5151515151515151,10.831601268376467,7.203904247417943,49.55578625399938,fib_block_ratio,1.6153846153846154,0.0026493733652794837
fibonacci_block_growth,22,8,5,5,6,6,4.4,0.22727272727272727,0.49783549783549785,10.582724059327317,6.169855653614222,50.40654246587566,fib_block_ratio,1.6153846153846154,0.0026493733652794837
fibonacci_block_growth,22,9,5,5,6,6,4.4,0.22727272727272727,0.5281385281385281,11.128143181207495,7.218087572584777,51.184238220745414,fib_block_ratio,1.6153846153846154,0.0026493733652794837
fibonacci_block_growth,22,10,6,6,7,7,3.6666666666666665,0.2727272727272727,0.5324675324675324,11.264237806003365,7.465426770895442,50.19553214818108,fib_block_ratio,1.6153846153846154,0.0026493733652794837
fibonacci_block_growth,22,11,5,5,6,6,4.4,0.22727272727272727,0.5281385281385281,11.128143181207495,7.218087572584777,51.184238220745414,fib_block_ratio,1.6153846153846154,0.0026493733652794837
fibonacci_block_growth,22,12,5,5,6,6,4.4,0.22727272727272727,0.5324675324675324,11.239380323543113,7.281446580864362,49.955735370160355,fib_block_ratio,1.6153846153846154,0.0026493733652794837
fibonacci_block_growth,22,13,6,6,7,7,3.6666666666666665,0.2727272727272727,0.5194805194805194,11.002049736656524,7.606535163256335,48.95870469468897,fib_block_ratio,1.6153846153846154,0.0026493733652794837
fibonacci_block_growth,22,14,5,5,6,6,4.4,0.22727272727272727,0.5238095238095238,11.059830578091095,6.683852293987528,52.41745335949297,fib_block_ratio,1.6153846153846154,0.0026493733652794837
fibonacci_block_growth,22,15,5,5,6,6,4.4,0.22727272727272727,0.5064935064935064,10.69259835030714,6.578185770007865,49.73415763548617,fib_block_ratio,1.6153846153846154,0.0026493733652794837
fibonacci_block_growth,24,0,6,6,7,7,4.0,0.25,0.5181159420289855,11.951315727449071,7.4088726784610754,55.134141546690785,fib_block_ratio,1.6153846153846154,0.0026493733652794837
fibonacci_block_growth,24,1,6,6,7,7,4.0,0.25,0.5253623188405797,12.150013142757036,8.269005367942233,55.85886230236265,fib_block_ratio,1.6153846153846154,0.0026493733652794837
fibonacci_block_growth,24,2,6,6,7,7,4.0,0.25,0.5217391304347826,12.045578374160815,7.246379270149597,57.53952835179402,fib_block_ratio,1.6153846153846154,0.0026493733652794837
fibonacci_block_growth,24,3,6,6,7,7,4.0,0.25,0.5181159420289855,11.977115174232793,8.233467305022652,55.59409194357085,fib_block_ratio,1.6153846153846154,0.0026493733652794837
fibonacci_block_growth,24,4,6,6,7,7,4.0,0.25,0.5144927536231884,11.920188652321201,7.262654593336604,57.38648174565479,fib_block_ratio,1.6153846153846154,0.0026493733652794837
fibonacci_block_growth,24,5,6,6,7,7,4.0,0.25,0.5072463768115942,11.741271159653328,6.949934154447607,58.58882946004549,fib_block_ratio,1.6153846153846154,0.0026493733652794837
fibonacci_block_growth,24,6,6,6,7,7,4.0,0.25,0.5217391304347826,12.061882591421089,7.655812979176029,54.41726970097359,fib_block_ratio,1.6153846153846154,0.0026493733652794837
fibonacci_block_growth,24,7,6,6,7,7,4.0,0.25,0.5181159420289855,11.951315727449071,7.4088726784610754,55.134141546690785,fib_block_ratio,1.6153846153846154,0.0026493733652794837
fibonacci_block_growth,24,8,5,5,6,6,4.8,0.20833333333333334,0.5,11.57950915945155,6.526615877064888,57.310358921276034,fib_block_ratio,1.6153846153846154,0.0026493733652794837
fibonacci_block_growth,24,9,6,6,7,7,4.0,0.25,0.5217391304347826,12.045578374160815,7.246379270149597,57.53952835179402,fib_block_ratio,1.6153846153846154,0.0026493733652794837
fibonacci_block_growth,24,10,6,6,7,7,4.0,0.25,0.5253623188405797,12.140317528090872,8.175105390691602,56.31098159078762,fib_block_ratio,1.6153846153846154,0.0026493733652794837
fibonacci_block_growth,24,11,6,6,7,7,4.0,0.25,0.5217391304347826,12.045578374160815,7.246379270149597,57.53952835179402,fib_block_ratio,1.6153846153846154,0.0026493733652794837
fibonacci_block_growth,24,12,5,5,6,6,4.8,0.20833333333333334,0.5253623188405797,12.154742365041184,8.114319832726242,55.90751009811355,fib_block_ratio,1.6153846153846154,0.0026493733652794837
fibonacci_block_growth,24,13,6,6,7,7,4.0,0.25,0.5181159420289855,11.995000777575974,8.17764938554393,55.40749265508992,fib_block_ratio,1.6153846153846154,0.0026493733652794837
fibonacci_block_growth,24,14,6,6,7,7,4.0,0.25,0.5181159420289855,11.96376007445076,7.184289596001767,59.30602345714039,fib_block_ratio,1.6153846153846154,0.0026493733652794837
fibonacci_block_growth,24,15,6,6,7,7,4.0,0.25,0.5108695652173914,11.807768868038778,7.604353913169808,55.8642513189584,fib_block_ratio,1.6153846153846154,0.0026493733652794837
fibonacci_block_growth,26,0,6,6,7,7,4.333333333333333,0.23076923076923078,0.52,13.053057493795233,8.215559877943774,62.461419341216384,fib_block_ratio,1.6153846153846154,0.0026493733652794837
fibonacci_block_growth,26,1,6,6,7,7,4.333333333333333,0.23076923076923078,0.5230769230769231,13.14077979375857,9.108220487880274,62.52069879814111,fib_block_ratio,1.6153846153846154,0.0026493733652794837
fibonacci_block_growth,26,2,6,6,7,7,4.333333333333333,0.23076923076923078,0.52,13.033932447552942,8.171167830435378,64.5507409650863,fib_block_ratio,1.6153846153846154,0.0026493733652794837
fibonacci_block_growth,26,3,6,6,7,7,4.333333333333333,0.23076923076923078,0.5169230769230769,12.980873873551001,8.76422417952447,62.99185281906885,fib_block_ratio,1.6153846153846154,0.0026493733652794837
fibonacci_block_growth,26,4,6,6,7,7,4.333333333333333,0.23076923076923078,0.5138461538461538,12.923255268472248,7.961640492177896,63.691801173854245,fib_block_ratio,1.6153846153846154,0.0026493733652794837
fibonacci_block_growth,26,5,6,6,7,7,4.333333333333333,0.23076923076923078,0.5076923076923077,12.742721843299215,7.740565041605535,65.79186489048001,fib_block_ratio,1.6153846153846154,0.0026493733652794837
fibonacci_block_growth,26,6,6,6,7,7,4.333333333333333,0.23076923076923078,0.5169230769230769,12.989565996435086,8.176341721054753,61.71700138306065,fib_block_ratio,1.6153846153846154,0.0026493733652794837
fibonacci_block_growth,26,7,6,6,7,7,4.333333333333333,0.23076923076923078,0.52,13.053057493795233,8.215559877943774,62.461419341216384,fib_block_ratio,1.6153846153846154,0.0026493733652794837
fibonacci_block_growth,26,8,6,6,7,7,4.333333333333333,0.23076923076923078,0.5076923076923077,12.7717683683769,7.4581869734719355,64.05201250676399,fib_block_ratio,1.6153846153846154,0.0026493733652794837
fibonacci_block_growth,26,9,6,6,7,7,4.333333333333333,0.23076923076923078,0.52,13.033932447552942,8.171167830435378,64.5507409650863,fib_block_ratio,1.6153846153846154,0.0026493733652794837
fibonacci_block_growth,26,10,6,6,7,7,4.333333333333333,0.23076923076923078,0.5230769230769231,13.130539462600552,8.48949516202569,62.685154245276564,fib_block_ratio,1.6153846153846154,0.0026493733652794837
fibonacci_block_growth,26,11,6,6,7,7,4.333333333333333,0.23076923076923078,0.52,13.033932447552942,8.171167830435378,64.5507409650863,fib_block_ratio,1.6153846153846154,0.0026493733652794837
fibonacci_block_growth,26,12,6,6,7,7,4.333333333333333,0.23076923076923078,0.5169230769230769,13.008193577967987,8.539389452616263,62.202509009488715,fib_block_ratio,1.6153846153846154,0.0026493733652794837
fibonacci_block_growth,26,13,6,6,7,7,4.333333333333333,0.23076923076923078,0.5107692307692308,12.840973314176999,8.718935477169374,62.713070396548794,fib_block_ratio,1.6153846153846154,0.0026493733652794837
fibonacci_block_growth,26,14,6,6,7,7,4.333333333333333,0.23076923076923078,0.5107692307692308,12.81232499258392,7.87341713552604,65.83463404621413,fib_block_ratio,1.6153846153846154,0.0026493733652794837
fibonacci_block_growth,26,15,6,6,7,7,4.333333333333333,0.23076923076923078,0.5107692307692308,12.824506459326344,7.9300571731915435,62.08440998469723,fib_block_ratio,1.6153846153846154,0.0026493733652794837
fibonacci_block_growth,28,0,7,7,8,8,4.0,0.25,0.5238095238095238,14.198242800335027,8.86452588160125,67.8901499390718,fib_block_ratio,1.6153846153846154,0.0026493733652794837
fibonacci_block_growth,28,1,6,6,7,7,4.666666666666667,0.21428571428571427,0.5158730158730159,14.006644595117638,9.716754923838948,68.44730185570027,fib_block_ratio,1.6153846153846154,0.0026493733652794837
fibonacci_block_growth,28,2,6,6,7,7,4.666666666666667,0.21428571428571427,0.5132275132275133,13.893229644961796,8.22292125888669,70.44922318283004,fib_block_ratio,1.6153846153846154,0.0026493733652794837
fibonacci_block_growth,28,3,6,6,7,7,4.666666666666667,0.21428571428571427,0.5185185185185185,14.06408260708546,9.47367642559569,68.44957629571377,fib_block_ratio,1.6153846153846154,0.0026493733652794837
fibonacci_block_growth,28,4,6,6,7,7,4.666666666666667,0.21428571428571427,0.5105820105820106,13.867425030194546,8.059446872488572,70.31186708766239,fib_block_ratio,1.6153846153846154,0.0026493733652794837
fibonacci_block_growth,28,5,6,6,7,7,4.666666666666667,0.21428571428571427,0.5132275132275133,13.923801921718507,8.553873576302385,72.53200824269123,fib_block_ratio,1.6153846153846154,0.0026493733652794837
fibonacci_block_growth,28,6,7,7,8,8,4.0,0.25,0.5211640211640212,14.15068385007974,8.973802662483369,67.16413283054989,fib_block_ratio,1.6153846153846154,0.0026493733652794837
fibonacci_block_growth,28,7,7,7,8,8,4.0,0.25,0.5238095238095238,14.198242800335027,8.86452588160125,67.8901499390718,fib_block_ratio,1.6153846153846154,0.0026493733652794837
fibonacci_block_growth,28,8,6,6,7,7,4.666666666666667,0.21428571428571427,0.5105820105820106,13.873000966622634,7.647756673833986,70.75680360577232,fib_block_ratio,1.6153846153846154,0.0026493733652794837
fibonacci_block_growth,28,9,6,6,7,7,4.666666666666667,0.21428571428571427,0.5132275132275133,13.893229644961796,8.22292125888669,70.44922318283004,fib_block_ratio,1.6153846153846154,0.0026493733652794837
fibonacci_block_growth,28,10,7,7,8,8,4.0,0.25,0.5158730158730159,13.99329899772529,9.122663330667624,68.419568046952,fib_block_ratio,1.6153846153846154,0.0026493733652794837
fibonacci_block_growth,28,11,6,6,7,7,4.666666666666667,0.21428571428571427,0.5132275132275133,13.893229644961796,8.22292125888669,70.44922318283004,fib_block_ratio,1.6153846153846154,0.0026493733652794837
fibonacci_block_growth,28,12,6,6,7,7,4.666666666666667,0.21428571428571427,0.5158730158730159,13.984566724648317,9.126528790309443,68.42884919931345,fib_block_ratio,1.6153846153846154,0.0026493733652794837
fibonacci_block_growth,28,13,6,6,7,7,4.666666666666667,0.21428571428571427,0.5079365079365079,13.803423179828254,9.387188685616989,67.89796751290163,fib_block_ratio,1.6153846153846154,0.0026493733652794837
fibonacci_block_growth,28,14,7,7,8,8,4.0,0.25,0.5105820105820106,13.824999975437123,8.083342066898123,72.6205127601298,fib_block_ratio,1.6153846153846154,0.0026493733652794837
fibonacci_block_growth,28,15,6,6,7,7,4.666666666666667,0.21428571428571427,0.5158730158730159,13.982627484626384,8.638134006624101,67.97855746312753,fib_block_ratio,1.6153846153846154,0.0026493733652794837
fibonacci_mirrored_growth,8,0,3,3,4,4,2.6666666666666665,0.375,0.5357142857142857,3.8729889932692716,2.626009389551804,12.804802782541781,fib_mirrored_ratio,1.6666666666666667,0.04863267791677184
fibonacci_mirrored_growth,8,1,3,3,4,4,2.6666666666666665,0.375,0.5357142857142857,3.8729889932692703,2.626009389551805,12.804802782541776,fib_mirrored_ratio,1.6666666666666667,0.04863267791677184
fibonacci_mirrored_growth,8,2,3,3,4,4,2.6666666666666665,0.375,0.5357142857142857,3.945473603140678,2.9454736031406776,12.554165034315254,fib_mirrored_ratio,1.6666666666666667,0.04863267791677184
fibonacci_mirrored_growth,8,3,3,3,4,4,2.6666666666666665,0.375,0.5357142857142857,3.945473603140678,2.9454736031406776,12.554165034315254,fib_mirrored_ratio,1.6666666666666667,0.04863267791677184
fibonacci_mirrored_growth,8,4,3,3,4,4,2.6666666666666665,0.375,0.5357142857142857,3.945473603140678,2.9454736031406776,12.554165034315254,fib_mirrored_ratio,1.6666666666666667,0.04863267791677184
fibonacci_mirrored_growth,8,5,3,3,4,4,2.6666666666666665,0.375,0.5714285714285714,4.0680982393239375,2.834744074063893,11.905636849472485,fib_mirrored_ratio,1.6666666666666667,0.04863267791677184
fibonacci_mirrored_growth,8,6,3,3,4,4,2.6666666666666665,0.375,0.5714285714285714,4.0680982393239375,2.834744074063893,11.905636849472485,fib_mirrored_ratio,1.6666666666666667,0.04863267791677184
fibonacci_mirrored_growth,8,7,3,3,4,4,2.6666666666666665,0.375,0.5714285714285714,4.14688239494514,3.2325849159152877,12.640017840384143,fib_mirrored_ratio,1.6666666666666667,0.04863267791677184
fibonacci_mirrored_growth,8,8,3,3,4,4,2.6666666666666665,0.375,0.5,3.5615528128088307,1.7193171334845243,11.821460816566649,fib_mirrored_ratio,1.6666666666666667,0.04863267791677184
fibonacci_mirrored_growth,8,9,3,3,4,4,2.6666666666666665,0.375,0.6071428571428571,4.2899450829374794,2.8757315205643845,11.996878011179234,fib_mirrored_ratio,1.6666666666666667,0.04863267791677184
fibonacci_mirrored_growth,8,10,3,3,4,4,2.6666666666666665,0.375,0.5357142857142857,3.8729889932692703,2.626009389551805,12.804802782541776,fib_mirrored_ratio,1.6666666666666667,0.04863267791677184
fibonacci_mirrored_growth,8,11,3,3,4,4,2.6666666666666665,0.375,0.5714285714285714,4.146882394945138,3.2325849159152864,12.640017840384136,fib_mirrored_ratio,1.6666666666666667,0.04863267791677184
fibonacci_mirrored_growth,8,12,4,4,5,5,2.0,0.5,0.5714285714285714,4.179757191777543,2.9640990405465,12.80437092236036,fib_mirrored_ratio,1.6666666666666667,0.04863267791677184
fibonacci_mirrored_growth,8,13,3,3,4,4,2.6666666666666665,0.375,0.5357142857142857,3.8729889932692716,2.626009389551804,12.804802782541781,fib_mirrored_ratio,1.6666666666666667,0.04863267791677184
fibonacci_mirrored_growth,8,14,3,3,4,4,2.6666666666666665,0.375,0.5,3.5520811335717912,2.5520811335717917,11.744431237067118,fib_mirrored_ratio,1.6666666666666667,0.04863267791677184
fibonacci_mirrored_growth,8,15,3,3,4,4,2.6666666666666665,0.375,0.5714285714285714,4.146882394945138,3.2325849159152864,12.640017840384136,fib_mirrored_ratio,1.6666666666666667,0.04863267791677184
fibonacci_mirrored_growth,10,0,4,4,5,5,2.5,0.4,0.5555555555555556,5.154737630378911,3.694621646151966,16.902799574228787,fib_mirrored_ratio,1.6,0.018033988749894814
fibonacci_mirrored_growth,10,1,4,4,5,5,2.5,0.4,0.4666666666666667,4.309515186131833,2.6725355164946576,16.71597730820939,fib_mirrored_ratio,1.6,0.018033988749894814
fibonacci_mirrored_growth,10,2,4,4,5,5,2.5,0.4,0.6,5.47582481031721,3.688636882310589,18.19521123275524,fib_mirrored_ratio,1.6,0.018033988749894814
fibonacci_mirrored_growth,10,3,4,4,5,5,2.5,0.4,0.5555555555555556,5.113124817846382,3.5098208560169057,16.76278282682078,fib_mirrored_ratio,1.6,0.018033988749894814
fibonacci_mirrored_growth,10,4,4,4,5,5,2.5,0.4,0.5555555555555556,5.113124817846382,3.5098208560169057,16.76278282682078,fib_mirrored_ratio,1.6,0.018033988749894814
fibonacci_mirrored_growth,10,5,4,4,5,5,2.5,0.4,0.6222222222222222,5.676750418422603,4.192091199739774,17.19839916211209,fib_mirrored_ratio,1.6,0.018033988749894814
fibonacci_mirrored_growth,10,6,4,4,5,5,2.5,0.4,0.6222222222222222,5.676750418422603,4.192091199739774,17.19839916211209,fib_mirrored_ratio,1.6,0.018033988749894814
fibonacci_mirrored_growth,10,7,4,4,5,5,2.5,0.4,0.5333333333333333,4.957087040889105,3.3438340480442426,16.963169674077413,fib_mirrored_ratio,1.6,0.018033988749894814
fibonacci_mirrored_growth,10,8,4,4,5,5,2.5,0.4,0.6,5.439628994389517,3.5528359527298,17.88301272368679,fib_mirrored_ratio,1.6,0.018033988749894814
fibonacci_mirrored_growth,10,9,3,3,4,4,3.3333333333333335,0.3,0.5111111111111111,4.714674819740235,3.179926323986491,16.70930134111144,fib_mirrored_ratio,1.6,0.018033988749894814
fibonacci_mirrored_growth,10,10,4,4,5,5,2.5,0.4,0.4666666666666667,4.309515186131833,2.6725355164946576,16.71597730820939,fib_mirrored_ratio,1.6,0.018033988749894814
fibonacci_mirrored_growth,10,11,4,4,5,5,2.5,0.4,0.5333333333333333,4.957671567543292,3.3207073281708244,16.61089589113264,fib_mirrored_ratio,1.6,0.018033988749894814
fibonacci_mirrored_growth,10,12,3,3,4,4,3.3333333333333335,0.3,0.4888888888888889,4.505925827308889,2.9311147337035584,16.59519053073656,fib_mirrored_ratio,1.6,0.018033988749894814
fibonacci_mirrored_growth,10,13,4,4,5,5,2.5,0.4,0.5555555555555556,5.154737630378911,3.694621646151966,16.902799574228787,fib_mirrored_ratio,1.6,0.018033988749894814
fibonacci_mirrored_growth,10,14,3,3,4,4,3.3333333333333335,0.3,0.5777777777777777,5.289240179212705,3.6712061904628106,17.080757364800625,fib_mirrored_ratio,1.6,0.018033988749894814
fibonacci_mirrored_growth,10,15,4,4,5,5,2.5,0.4,0.5333333333333333,4.957671567543292,3.3207073281708244,16.61089589113264,fib_mirrored_ratio,1.6,0.018033988749894814
fibonacci_mirrored_growth,12,0,4,4,5,5,3.0,0.3333333333333333,0.5303030303030303,5.9561450396834354,3.3655351850040622,22.409870733513248,fib_mirrored_ratio,1.6,0.018033988749894814
fibonacci_mirrored_growth,12,1,4,4,5,5,3.0,0.3333333333333333,0.48484848484848486,5.453277898639168,3.174050076379673,22.229596139224107,fib_mirrored_ratio,1.6,0.018033988749894814
fibonacci_mirrored_growth,12,2,4,4,5,5,3.0,0.3333333333333333,0.5606060606060606,6.28882803649336,4.198732927835245,22.615815030124192,fib_mirrored_ratio,1.6,0.018033988749894814
fibonacci_mirrored_growth,12,3,4,4,5,5,3.0,0.3333333333333333,0.5,5.661414224028542,3.366615981491418,21.128707153022894,fib_mirrored_ratio,1.6,0.018033988749894814
fibonacci_mirrored_growth,12,4,4,4,5,5,3.0,0.3333333333333333,0.5,5.661414224028542,3.366615981491418,21.128707153022894,fib_mirrored_ratio,1.6,0.018033988749894814
fibonacci_mirrored_growth,12,5,4,4,5,5,3.0,0.3333333333333333,0.5757575757575758,6.44190968905818,4.759647579164794,22.400249332679344,fib_mirrored_ratio,1.6,0.018033988749894814
fibonacci_mirrored_growth,12,6,4,4,5,5,3.0,0.3333333333333333,0.5757575757575758,6.44190968905818,4.759647579164794,22.400249332679344,fib_mirrored_ratio,1.6,0.018033988749894814
fibonacci_mirrored_growth,12,7,4,4,5,5,3.0,0.3333333333333333,0.5606060606060606,6.254358889329878,4.4066910179114815,22.144172573803388,fib_mirrored_ratio,1.6,0.018033988749894814
fibonacci_mirrored_growth,12,8,4,4,5,5,3.0,0.3333333333333333,0.5303030303030303,5.979018083359369,4.091338878036283,22.559870577832235,fib_mirrored_ratio,1.6,0.018033988749894814
fibonacci_mirrored_growth,12,9,4,4,5,5,3.0,0.3333333333333333,0.5303030303030303,5.8996129936668,4.281579004916905,22.492061216750926,fib_mirrored_ratio,1.6,0.018033988749894814
fibonacci_mirrored_growth,12,10,4,4,5,5,3.0,0.3333333333333333,0.5151515151515151,5.776098395147845,3.4794337032749896,22.913400578362765,fib_mirrored_ratio,1.6,0.018033988749894814
fibonacci_mirrored_growth,12,11,4,4,5,5,3.0,0.3333333333333333,0.5454545454545454,6.130533017677163,4.361949417096294,21.466685264536554,fib_mirrored_ratio,1.6,0.018033988749894814
fibonacci_mirrored_growth,12,12,4,4,5,5,3.0,0.3333333333333333,0.45454545454545453,5.147856362548039,2.490042967196884,21.466535144736383,fib_mirrored_ratio,1.6,0.018033988749894814
fibonacci_mirrored_growth,12,13,4,4,5,5,3.0,0.3333333333333333,0.5151515151515151,5.846799479060789,3.3934435348174303,21.78927062316425,fib_mirrored_ratio,1.6,0.018033988749894814
fibonacci_mirrored_growth,12,14,4,4,5,5,3.0,0.3333333333333333,0.5303030303030303,5.9380064172359734,4.031287082641475,21.797413638218472,fib_mirrored_ratio,1.6,0.018033988749894814
fibonacci_mirrored_growth,12,15,4,4,5,5,3.0,0.3333333333333333,0.5454545454545454,6.130533017677163,4.361949417096294,21.466685264536554,fib_mirrored_ratio,1.6,0.018033988749894814
fibonacci_mirrored_growth,14,0,4,4,5,5,3.5,0.2857142857142857,0.4725274725274725,6.287104366159246,3.6007027919315733,26.859547439169987,fib_mirrored_ratio,1.625,0.0069660112501050975
fibonacci_mirrored_growth,14,1,5,5,6,6,2.8,0.35714285714285715,0.5714285714285714,7.5243932661339255,5.133237750375636,28.54889068279258,fib_mirrored_ratio,1.625,0.0069660112501050975
fibonacci_mirrored_growth,14,2,4,4,5,5,3.5,0.2857142857142857,0.4945054945054945,6.58028842458722,3.7352223538988016,27.37508443291967,fib_mirrored_ratio,1.625,0.0069660112501050975
fibonacci_mirrored_growth,14,3,5,5,6,6,2.8,0.35714285714285715,0.5384615384615384,7.124970011436202,4.748384079891451,28.102752288854354,fib_mirrored_ratio,1.625,0.0069660112501050975
fibonacci_mirrored_growth,14,4,5,5,6,6,2.8,0.35714285714285715,0.5604395604395604,7.470736913740964,4.827163854180769,28.17701091509645,fib_mirrored_ratio,1.625,0.0069660112501050975
fibonacci_mirrored_growth,14,5,5,5,6,6,2.8,0.35714285714285715,0.4835164835164835,6.377460624789016,4.180395091544872,26.617090961719313,fib_mirrored_ratio,1.625,0.0069660112501050975
fibonacci_mirrored_growth,14,6,5,5,6,6,2.8,0.35714285714285715,0.4835164835164835,6.377460624789016,4.180395091544872,26.617090961719313,fib_mirrored_ratio,1.625,0.0069660112501050975
fibonacci_mirrored_growth,14,7,5,5,6,6,2.8,0.35714285714285715,0.4945054945054945,6.60240659037384,4.707993957962105,25.968118794083193,fib_mirrored_ratio,1.625,0.0069660112501050975
fibonacci_mirrored_growth,14,8,4,4,5,5,3.5,0.2857142857142857,0.5054945054945055,6.6723538632480555,4.085896118714411,27.229851492266608,fib_mirrored_ratio,1.625,0.0069660112501050975
fibonacci_mirrored_growth,14,9,4,4,5,5,3.5,0.2857142857142857,0.5384615384615384,7.073679291896807,4.613335706495366,27.666088147411713,fib_mirrored_ratio,1.625,0.0069660112501050975
fibonacci_mirrored_growth,14,10,4,4,5,5,3.5,0.2857142857142857,0.5274725274725275,6.966284810860541,4.432296322470783,27.40852081723264,fib_mirrored_ratio,1.625,0.0069660112501050975
fibonacci_mirrored_growth,14,11,4,4,5,5,3.5,0.2857142857142857,0.5494505494505495,7.221885619108644,5.208053691682347,26.655390905954782,fib_mirrored_ratio,1.625,0.0069660112501050975
fibonacci_mirrored_growth,14,12,5,5,6,6,2.8,0.35714285714285715,0.5494505494505495,7.277533231334413,4.342525085997689,28.040303711328697,fib_mirrored_ratio,1.625,0.0069660112501050975
fibonacci_mirrored_growth,14,13,4,4,5,5,3.5,0.2857142857142857,0.5054945054945055,6.646556693534613,4.185561719258544,28.042687738869805,fib_mirrored_ratio,1.625,0.0069660112501050975
fibonacci_mirrored_growth,14,14,4,4,5,5,3.5,0.2857142857142857,0.5164835164835165,6.78309381281888,4.605788457987582,26.8793064543776,fib_mirrored_ratio,1.625,0.0069660112501050975
fibonacci_mirrored_growth,14,15,4,4,5,5,3.5,0.2857142857142857,0.5494505494505495,7.221885619108644,5.208053691682347,26.655390905954782,fib_mirrored_ratio,1.625,0.0069660112501050975
fibonacci_mirrored_growth,16,0,5,5,6,6,3.2,0.3125,0.475,7.268525157913432,4.497728713917729,32.587444772930695,fib_mirrored_ratio,1.625,0.0069660112501050975
fibonacci_mirrored_growth,16,1,5,5,6,6,3.2,0.3125,0.5416666666666666,8.220962214687493,5.450284145068204,33.42174480378772,fib_mirrored_ratio,1.625,0.0069660112501050975
fibonacci_mirrored_growth,16,2,5,5,6,6,3.2,0.3125,0.5083333333333333,7.762282817265065,4.659484952875559,32.13458729441864,fib_mirrored_ratio,1.625,0.0069660112501050975
fibonacci_mirrored_growth,16,3,5,5,6,6,3.2,0.3125,0.5416666666666666,8.205281185170982,5.637845844624054,33.746567295593906,fib_mirrored_ratio,1.625,0.0069660112501050975
fibonacci_mirrored_growth,16,4,5,5,6,6,3.2,0.3125,0.575,8.743090041579235,5.922633275057885,33.29523347462342,fib_mirrored_ratio,1.625,0.0069660112501050975
fibonacci_mirrored_growth,16,5,5,5,6,6,3.2,0.3125,0.5083333333333333,7.710369610409307,4.925741092500733,31.878879737906956,fib_mirrored_ratio,1.625,0.0069660112501050975
fibonacci_mirrored_growth,16,6,5,5,6,6,3.2,0.3125,0.5083333333333333,7.710369610409307,4.925741092500733,31.878879737906956,fib_mirrored_ratio,1.625,0.0069660112501050975
fibonacci_mirrored_growth,16,7,5,5,6,6,3.2,0.3125,0.475,7.253127937168125,5.006535068202508,31.681121249642658,fib_mirrored_ratio,1.625,0.0069660112501050975
fibonacci_mirrored_growth,16,8,5,5,6,6,3.2,0.3125,0.5166666666666667,7.829715760857146,4.487204168798828,32.3077300583078,fib_mirrored_ratio,1.625,0.0069660112501050975
fibonacci_mirrored_growth,16,9,4,4,5,5,4.0,0.25,0.525,7.932016393395665,5.067515198834302,32.31278774126586,fib_mirrored_ratio,1.625,0.0069660112501050975
fibonacci_mirrored_growth,16,10,5,5,6,6,3.2,0.3125,0.5083333333333333,7.709669235262583,4.848462681572012,33.527410113746036,fib_mirrored_ratio,1.625,0.0069660112501050975
fibonacci_mirrored_growth,16,11,5,5,6,6,3.2,0.3125,0.5333333333333333,8.105288567446115,5.985845244911745,32.30967632645886,fib_mirrored_ratio,1.625,0.0069660112501050975
fibonacci_mirrored_growth,16,12,5,5,6,6,3.2,0.3125,0.5333333333333333,8.116394160115977,5.114213480499968,33.868451306761386,fib_mirrored_ratio,1.625,0.0069660112501050975
fibonacci_mirrored_growth,16,13,4,4,5,5,4.0,0.25,0.5166666666666667,7.868030233140567,5.113047500612124,33.99591099596866,fib_mirrored_ratio,1.625,0.0069660112501050975
fibonacci_mirrored_growth,16,14,4,4,5,5,4.0,0.25,0.525,7.933788554549482,5.309186937700128,32.99045862419429,fib_mirrored_ratio,1.625,0.0069660112501050975
fibonacci_mirrored_growth,16,15,5,5,6,6,3.2,0.3125,0.5416666666666666,8.20153580792092,6.093437027077941,32.61989611606241,fib_mirrored_ratio,1.625,0.0069660112501050975
fibonacci_mirrored_growth,18,0,5,5,6,6,3.6,0.2777777777777778,0.49673202614379086,8.548271454837172,5.251672944095244,38.91948744351082,fib_mirrored_ratio,1.625,0.0069660112501050975
fibonacci_mirrored_growth,18,1,5,5,6,6,3.6,0.2777777777777778,0.5228758169934641,8.979861448002204,5.699437979895358,39.42851573972562,fib_mirrored_ratio,1.625,0.0069660112501050975
fibonacci_mirrored_growth,18,2,5,5,6,6,3.6,0.2777777777777778,0.5098039215686274,8.760203167973147,5.309600173591936,38.95552811746286,fib_mirrored_ratio,1.625,0.0069660112501050975
fibonacci_mirrored_growth,18,3,5,5,6,6,3.6,0.2777777777777778,0.5228758169934641,8.969173243039009,5.89046243719211,39.52049805727944,fib_mirrored_ratio,1.625,0.0069660112501050975
fibonacci_mirrored_growth,18,4,5,5,6,6,3.6,0.2777777777777778,0.5490196078431373,9.4378450428928,6.1420065090845855,39.58628281572882,fib_mirrored_ratio,1.625,0.0069660112501050975
fibonacci_mirrored_growth,18,5,5,5,6,6,3.6,0.2777777777777778,0.5228758169934641,8.960941950393224,6.098205929159571,38.111975108878845,fib_mirrored_ratio,1.625,0.0069660112501050975
fibonacci_mirrored_growth,18,6,5,5,6,6,3.6,0.2777777777777778,0.5228758169934641,8.960941950393224,6.098205929159571,38.111975108878845,fib_mirrored_ratio,1.625,0.0069660112501050975
fibonacci_mirrored_growth,18,7,5,5,6,6,3.6,0.2777777777777778,0.49673202614379086,8.55677760398026,6.287315544471834,37.739735559787604,fib_mirrored_ratio,1.625,0.0069660112501050975
fibonacci_mirrored_growth,18,8,5,5,6,6,3.6,0.2777777777777778,0.5228758169934641,8.936919402741996,5.451396829563448,38.31874532226422,fib_mirrored_ratio,1.625,0.0069660112501050975
fibonacci_mirrored_growth,18,9,5,5,6,6,3.6,0.2777777777777778,0.5294117647058824,9.086156661863743,5.908636801023265,38.66383089333995,fib_mirrored_ratio,1.625,0.0069660112501050975
fibonacci_mirrored_growth,18,10,5,5,6,6,3.6,0.2777777777777778,0.49673202614379086,8.561457472765223,5.200903317366516,39.67362866708136,fib_mirrored_ratio,1.625,0.0069660112501050975
fibonacci_mirrored_growth,18,11,5,5,6,6,3.6,0.2777777777777778,0.5032679738562091,8.676389531180472,6.261064967160062,38.03286051722351,fib_mirrored_ratio,1.625,0.0069660112501050975
fibonacci_mirrored_growth,18,12,5,5,6,6,3.6,0.2777777777777778,0.5294117647058824,9.065782656984378,5.67024963032826,39.309178368696266,fib_mirrored_ratio,1.625,0.0069660112501050975
fibonacci_mirrored_growth,18,13,5,5,6,6,3.6,0.2777777777777778,0.5424836601307189,9.325138569446018,6.286498065467439,40.31257590812277,fib_mirrored_ratio,1.625,0.0069660112501050975
fibonacci_mirrored_growth,18,14,5,5,6,6,3.6,0.2777777777777778,0.5163398692810458,8.85169729285488,6.007536381989256,38.496691044366585,fib_mirrored_ratio,1.625,0.0069660112501050975
fibonacci_mirrored_growth,18,15,5,5,6,6,3.6,0.2777777777777778,0.5228758169934641,8.972455549831555,6.338730109015017,38.35761911528617,fib_mirrored_ratio,1.625,0.0069660112501050975
fibonacci_mirrored_growth,20,0,5,5,6,6,4.0,0.25,0.49473684210526314,9.484851040438077,5.766154738987733,44.77820099620432,fib_mirrored_ratio,1.625,0.0069660112501050975
fibonacci_mirrored_growth,20,1,5,5,6,6,4.0,0.25,0.5210526315789473,9.975118587581274,6.610511258465284,45.81158488323803,fib_mirrored_ratio,1.625,0.0069660112501050975
fibonacci_mirrored_growth,20,2,5,5,6,6,4.0,0.25,0.5052631578947369,9.678914488241631,5.745753630828894,45.22908292823335,fib_mirrored_ratio,1.625,0.0069660112501050975
fibonacci_mirrored_growth,20,3,5,5,6,6,4.0,0.25,0.5052631578947369,9.708922910809203,6.207502260199135,45.16103052569393,fib_mirrored_ratio,1.625,0.0069660112501050975
fibonacci_mirrored_growth,20,4,5,5,6,6,4.0,0.25,0.5263157894736842,10.123605430247189,6.34542421919787,45.894528236880724,fib_mirrored_ratio,1.625,0.0069660112501050975
fibonacci_mirrored_growth,20,5,5,5,6,6,4.0,0.25,0.5157894736842106,9.854262538877032,6.4458276902890175,44.324077011156184,fib_mirrored_ratio,1.625,0.0069660112501050975
fibonacci_mirrored_growth,20,6,5,5,6,6,4.0,0.25,0.5157894736842106,9.854262538877032,6.4458276902890175,44.324077011156184,fib_mirrored_ratio,1.625,0.0069660112501050975
fibonacci_mirrored_growth,20,7,5,5,6,6,4.0,0.25,0.5105263157894737,9.786120897044952,6.863054068133971,43.85111834532936,fib_mirrored_ratio,1.625,0.0069660112501050975
fibonacci_mirrored_growth,20,8,6,6,7,7,3.3333333333333335,0.3,0.5052631578947369,9.661225263345361,5.858652892046829,44.623935655525514,fib_mirrored_ratio,1.625,0.0069660112501050975
fibonacci_mirrored_growth,20,9,5,5,6,6,4.0,0.25,0.5421052631578948,10.360774075173719,6.734290582228042,46.002434212004616,fib_mirrored_ratio,1.625,0.0069660112501050975
fibonacci_mirrored_growth,20,10,6,6,7,7,3.3333333333333335,0.3,0.5210526315789473,10.032954886226545,6.498862238331976,46.56883726669378,fib_mirrored_ratio,1.625,0.0069660112501050975
fibonacci_mirrored_growth,20,11,5,5,6,6,4.0,0.25,0.5052631578947369,9.71183624811925,7.060378607102865,43.16115860135225,fib_mirrored_ratio,1.625,0.0069660112501050975
fibonacci_mirrored_growth,20,12,5,5,6,6,4.0,0.25,0.5105263157894737,9.803653228852244,5.929548677995845,44.79781771753474,fib_mirrored_ratio,1.625,0.0069660112501050975
fibonacci_mirrored_growth,20,13,5,5,6,6,4.0,0.25,0.531578947368421,10.226564626772923,6.391346610138319,46.210003257956316,fib_mirrored_ratio,1.625,0.0069660112501050975
fibonacci_mirrored_growth,20,14,5,5,6,6,4.0,0.25,0.49473684210526314,9.490578933735538,6.163848120248808,44.43423442609213,fib_mirrored_ratio,1.625,0.0069660112501050975
fibonacci_mirrored_growth,20,15,5,5,6,6,4.0,0.25,0.5263157894736842,10.084036748325774,7.414094679535223,43.56688734410765,fib_mirrored_ratio,1.625,0.0069660112501050975
fibonacci_mirrored_growth,22,0,6,6,7,7,3.6666666666666665,0.2727272727272727,0.5367965367965368,11.332767649929238,7.459471674528095,52.52874459923462,fib_mirrored_ratio,1.6153846153846154,0.0026493733652794837
fibonacci_mirrored_growth,22,1,6,6,7,7,3.6666666666666665,0.2727272727272727,0.4805194805194805,10.194653144752825,6.2265861546475305,50.06825577077168,fib_mirrored_ratio,1.6153846153846154,0.0026493733652794837
fibonacci_mirrored_growth,22,2,5,5,6,6,4.4,0.22727272727272727,0.5454545454545454,11.574745866043948,7.515490284657026,50.84262600154233,fib_mirrored_ratio,1.6153846153846154,0.0026493733652794837
fibonacci_mirrored_growth,22,3,6,6,7,7,3.6666666666666665,0.2727272727272727,0.5194805194805194,11.009339772995553,7.363314792898855,51.08607362243092,fib_mirrored_ratio,1.6153846153846154,0.0026493733652794837
fibonacci_mirrored_growth,22,4,5,5,6,6,4.4,0.22727272727272727,0.4935064935064935,10.45091535571546,6.615247573869677,51.08903358379714,fib_mirrored_ratio,1.6153846153846154,0.0026493733652794837
fibonacci_mirrored_growth,22,5,6,6,7,7,3.6666666666666665,0.2727272727272727,0.5541125541125541,11.720970452511086,8.178045043170833,50.65294172311539,fib_mirrored_ratio,1.6153846153846154,0.0026493733652794837
fibonacci_mirrored_growth,22,6,6,6,7,7,3.6666666666666665,0.2727272727272727,0.5541125541125541,11.720970452511086,8.178045043170833,50.65294172311539,fib_mirrored_ratio,1.6153846153846154,0.0026493733652794837
fibonacci_mirrored_growth,22,7,5,5,6,6,4.4,0.22727272727272727,0.5411255411255411,11.454932196070036,8.232017802997476,51.11684242421522,fib_mirrored_ratio,1.6153846153846154,0.0026493733652794837
fibonacci_mirrored_growth,22,8,6,6,7,7,3.6666666666666665,0.2727272727272727,0.5064935064935064,10.72703369580129,6.800081500140459,50.43304100717824,fib_mirrored_ratio,1.6153846153846154,0.0026493733652794837
fibonacci_mirrored_growth,22,9,6,6,7,7,3.6666666666666665,0.2727272727272727,0.5108225108225108,10.770378493760987,6.980339686297816,51.49912289081051,fib_mirrored_ratio,1.6153846153846154,0.0026493733652794837
fibonacci_mirrored_growth,22,10,5,5,6,6,4.4,0.22727272727272727,0.49783549783549785,10.504056139751171,6.600106598018828,52.0255155550232,fib_mirrored_ratio,1.6153846153846154,0.0026493733652794837
fibonacci_mirrored_growth,22,11,6,6,7,7,3.6666666666666665,0.2727272727272727,0.5454545454545454,11.529145534129736,8.228966955149073,50.309980957271605,fib_mirrored_ratio,1.6153846153846154,0.0026493733652794837
fibonacci_mirrored_growth,22,12,6,6,7,7,3.6666666666666665,0.2727272727272727,0.49783549783549785,10.580282189896142,6.463443067311032,50.31435448777323,fib_mirrored_ratio,1.6153846153846154,0.0026493733652794837
fibonacci_mirrored_growth,22,13,6,6,7,7,3.6666666666666665,0.2727272727272727,0.48917748917748916,10.32139075119607,6.369123932868527,51.88499322710867,fib_mirrored_ratio,1.6153846153846154,0.0026493733652794837
fibonacci_mirrored_growth,22,14,6,6,7,7,3.6666666666666665,0.2727272727272727,0.5238095238095238,11.044956322374752,7.534268487076991,52.05436649206002,fib_mirrored_ratio,1.6153846153846154,0.0026493733652794837
fibonacci_mirrored_growth,22,15,6,6,7,7,3.6666666666666665,0.2727272727272727,0.5281385281385281,11.188074025808966,7.424772778885407,49.506576623955254,fib_mirrored_ratio,1.6153846153846154,0.0026493733652794837
fibonacci_mirrored_growth,24,0,6,6,7,7,4.0,0.25,0.5362318840579711,12.3838571804029,7.520541260985112,58.48277777263888,fib_mirrored_ratio,1.6153846153846154,0.0026493733652794837
fibonacci_mirrored_growth,24,1,6,6,7,7,4.0,0.25,0.4927536231884058,11.441390296183002,6.98700992086495,56.786268762400596,fib_mirrored_ratio,1.6153846153846154,0.0026493733652794837
fibonacci_mirrored_growth,24,2,5,5,6,6,4.8,0.20833333333333334,0.5289855072463768,12.301306508748327,8.232478934823167,57.34242919286395,fib_mirrored_ratio,1.6153846153846154,0.0026493733652794837
fibonacci_mirrored_growth,24,3,6,6,7,7,4.0,0.25,0.5217391304347826,12.089735282680923,7.70726510605038,57.312293077018765,fib_mirrored_ratio,1.6153846153846154,0.0026493733652794837
fibonacci_mirrored_growth,24,4,5,5,6,6,4.8,0.20833333333333334,0.4927536231884058,11.411941492493229,7.199882026289169,57.49219481677873,fib_mirrored_ratio,1.6153846153846154,0.0026493733652794837
fibonacci_mirrored_growth,24,5,6,6,7,7,4.0,0.25,0.5398550724637681,12.509044080389081,8.844269233686694,56.37342771805872,fib_mirrored_ratio,1.6153846153846154,0.0026493733652794837
fibonacci_mirrored_growth,24,6,6,6,7,7,4.0,0.25,0.5398550724637681,12.509044080389081,8.844269233686694,56.37342771805872,fib_mirrored_ratio,1.6153846153846154,0.0026493733652794837
fibonacci_mirrored_growth,24,7,6,6,7,7,4.0,0.25,0.5398550724637681,12.484437782365642,8.580607074208789,57.643272889567896,fib_mirrored_ratio,1.6153846153846154,0.0026493733652794837
fibonacci_mirrored_growth,24,8,6,6,7,7,4.0,0.25,0.5036231884057971,11.644575112103055,7.553777195997143,56.44169331074856,fib_mirrored_ratio,1.6153846153846154,0.0026493733652794837
fibonacci_mirrored_growth,24,9,6,6,7,7,4.0,0.25,0.5072463768115942,11.706040356882571,7.831400488057437,57.510448541527204,fib_mirrored_ratio,1.6153846153846154,0.0026493733652794837
fibonacci_mirrored_growth,24,10,5,5,6,6,4.8,0.20833333333333334,0.5,11.552602540147994,6.900242279674668,58.02201815331574,fib_mirrored_ratio,1.6153846153846154,0.0026493733652794837
fibonacci_mirrored_growth,24,11,6,6,7,7,4.0,0.25,0.5434782608695652,12.56344257148333,8.849683869753104,56.29240777610319,fib_mirrored_ratio,1.6153846153846154,0.0026493733652794837
fibonacci_mirrored_growth,24,12,6,6,7,7,4.0,0.25,0.5108695652173914,11.865772752083071,7.2184308408584235,56.852219055647595,fib_mirrored_ratio,1.6153846153846154,0.0026493733652794837
fibonacci_mirrored_growth,24,13,6,6,7,7,4.0,0.25,0.4891304347826087,11.295412841172572,6.3051454097649575,57.2277588288117,fib_mirrored_ratio,1.6153846153846154,0.0026493733652794837
fibonacci_mirrored_growth,24,14,6,6,7,7,4.0,0.25,0.5253623188405797,12.12124766711355,7.7715820333434555,58.479379312725655,fib_mirrored_ratio,1.6153846153846154,0.0026493733652794837
fibonacci_mirrored_growth,24,15,6,6,7,7,4.0,0.25,0.5289855072463768,12.25183489874836,8.238853374795639,55.03995079005476,fib_mirrored_ratio,1.6153846153846154,0.0026493733652794837
fibonacci_mirrored_growth,26,0,6,6,7,7,4.333333333333333,0.23076923076923078,0.52,13.0804729698582,7.940891112292232,65.06247208228841,fib_mirrored_ratio,1.6153846153846154,0.0026493733652794837
fibonacci_mirrored_growth,26,1,6,6,7,7,4.333333333333333,0.23076923076923078,0.5015384615384615,12.615256811846216,7.855585624353393,63.75279897652857,fib_mirrored_ratio,1.6153846153846154,0.0026493733652794837
fibonacci_mirrored_growth,26,2,6,6,7,7,4.333333333333333,0.23076923076923078,0.5230769230769231,13.189484409939325,8.352778473500354,64.20251953583093,fib_mirrored_ratio,1.6153846153846154,0.0026493733652794837
fibonacci_mirrored_growth,26,3,6,6,7,7,4.333333333333333,0.23076923076923078,0.5261538461538462,13.243487065624258,8.064573220470907,63.94166842143344,fib_mirrored_ratio,1.6153846153846154,0.0026493733652794837
fibonacci_mirrored_growth,26,4,6,6,7,7,4.333333333333333,0.23076923076923078,0.5015384615384615,12.652521997656446,7.755229502131555,64.17772075635328,fib_mirrored_ratio,1.6153846153846154,0.0026493733652794837
fibonacci_mirrored_growth,26,5,6,6,7,7,4.333333333333333,0.23076923076923078,0.5292307692307693,13.305797626272831,9.555168405131415,62.50553602959309,fib_mirrored_ratio,1.6153846153846154,0.0026493733652794837
fibonacci_mirrored_growth,26,6,6,6,7,7,4.333333333333333,0.23076923076923078,0.5292307692307693,13.305797626272831,9.555168405131415,62.50553602959309,fib_mirrored_ratio,1.6153846153846154,0.0026493733652794837
fibonacci_mirrored_growth,26,7,6,6,7,7,4.333333333333333,0.23076923076923078,0.5292307692307693,13.327390722707696,8.916541036084997,63.27548074909982,fib_mirrored_ratio,1.6153846153846154,0.0026493733652794837
fibonacci_mirrored_growth,26,8,6,6,7,7,4.333333333333333,0.23076923076923078,0.5015384615384615,12.594399057023994,8.291213111346853,62.98031453928377,fib_mirrored_ratio,1.6153846153846154,0.0026493733652794837
fibonacci_mirrored_growth,26,9,6,6,7,7,4.333333333333333,0.23076923076923078,0.5046153846153846,12.642543787148817,8.195580702749613,63.995452855644636,fib_mirrored_ratio,1.6153846153846154,0.0026493733652794837
fibonacci_mirrored_growth,26,10,6,6,7,7,4.333333333333333,0.23076923076923078,0.49538461538461537,12.420374674762183,7.461764354459787,64.27185071922219,fib_mirrored_ratio,1.6153846153846154,0.0026493733652794837
fibonacci_mirrored_growth,26,11,6,6,7,7,4.333333333333333,0.23076923076923078,0.5446153846153846,13.683308439853228,9.436346714025209,62.406515076712175,fib_mirrored_ratio,1.6153846153846154,0.0026493733652794837
fibonacci_mirrored_growth,26,12,6,6,7,7,4.333333333333333,0.23076923076923078,0.5046153846153846,12.7257947958824,7.558855452081853,63.453005053176135,fib_mirrored_ratio,1.6153846153846154,0.0026493733652794837
fibonacci_mirrored_growth,26,13,6,6,7,7,4.333333333333333,0.23076923076923078,0.48615384615384616,12.200420084896209,6.913558864127337,64.36747715866804,fib_mirrored_ratio,1.6153846153846154,0.0026493733652794837
fibonacci_mirrored_growth,26,14,6,6,7,7,4.333333333333333,0.23076923076923078,0.5261538461538462,13.189983057870208,8.578823634137695,64.87751951553395,fib_mirrored_ratio,1.6153846153846154,0.0026493733652794837
fibonacci_mirrored_growth,26,15,6,6,7,7,4.333333333333333,0.23076923076923078,0.5323076923076923,13.392581431350555,8.740816417318673,61.75848802221841,fib_mirrored_ratio,1.6153846153846154,0.0026493733652794837
fibonacci_mirrored_growth,28,0,6,6,7,7,4.666666666666667,0.21428571428571427,0.5052910052910053,13.752484665262681,8.13057631045203,71.10398123003864,fib_mirrored_ratio,1.6153846153846154,0.0026493733652794837
fibonacci_mirrored_growth,28,1,6,6,7,7,4.666666666666667,0.21428571428571427,0.5026455026455027,13.669649430077534,8.317720567495883,70.46923349572948,fib_mirrored_ratio,1.6153846153846154,0.0026493733652794837
fibonacci_mirrored_growth,28,2,6,6,7,7,4.666666666666667,0.21428571428571427,0.5185185185185185,14.109240727611226,9.170079416456254,71.00119742637501,fib_mirrored_ratio,1.6153846153846154,0.0026493733652794837
fibonacci_mirrored_growth,28,3,6,6,7,7,4.666666666666667,0.21428571428571427,0.5264550264550265,14.287930401210769,8.793116506396714,70.97998549706084,fib_mirrored_ratio,1.6153846153846154,0.0026493733652794837
fibonacci_mirrored_growth,28,4,6,6,7,7,4.666666666666667,0.21428571428571427,0.5105820105820106,13.878304384883686,8.735179873255973,71.47596167042784,fib_mirrored_ratio,1.6153846153846154,0.0026493733652794837
fibonacci_mirrored_growth,28,5,6,6,7,7,4.666666666666667,0.21428571428571427,0.5238095238095238,14.239747466880448,10.083624286251014,69.44224937510651,fib_mirrored_ratio,1.6153846153846154,0.0026493733652794837
fibonacci_mirrored_growth,28,6,6,6,7,7,4.666666666666667,0.21428571428571427,0.5211640211640212,14.164796102896897,9.914841213997903,69.46995987060828,fib_mirrored_ratio,1.6153846153846154,0.0026493733652794837
fibonacci_mirrored_growth,28,7,6,6,7,7,4.666666666666667,0.21428571428571427,0.5158730158730159,14.042095365305666,9.33283539225173,69.65750854970993,fib_mirrored_ratio,1.6153846153846154,0.0026493733652794837
fibonacci_mirrored_growth,28,8,6,6,7,7,4.666666666666667,0.21428571428571427,0.5,13.557677743882532,8.727551605381333,69.81007969437783,fib_mirrored_ratio,1.6153846153846154,0.0026493733652794837
fibonacci_mirrored_growth,28,9,6,6,7,7,4.666666666666667,0.21428571428571427,0.4973544973544973,13.473523512064212,8.875460756996691,70.84332561870423,fib_mirrored_ratio,1.6153846153846154,0.0026493733652794837
fibonacci_mirrored_growth,28,10,6,6,7,7,4.666666666666667,0.21428571428571427,0.49206349206349204,13.338321871641249,7.81308042779933,71.23774734565885,fib_mirrored_ratio,1.6153846153846154,0.0026493733652794837
fibonacci_mirrored_growth,28,11,6,6,7,7,4.666666666666667,0.21428571428571427,0.544973544973545,14.784182917630467,10.35371994513283,69.23892220546917,fib_mirrored_ratio,1.6153846153846154,0.0026493733652794837
fibonacci_mirrored_growth,28,12,6,6,7,7,4.666666666666667,0.21428571428571427,0.4973544973544973,13.542198693436301,8.10219127801717,70.16332127340105,fib_mirrored_ratio,1.6153846153846154,0.0026493733652794837
fibonacci_mirrored_growth,28,13,6,6,7,7,4.666666666666667,0.21428571428571427,0.48148148148148145,13.050097197398586,7.203717613935532,70.88717174735586,fib_mirrored_ratio,1.6153846153846154,0.0026493733652794837
fibonacci_mirrored_growth,28,14,6,6,7,7,4.666666666666667,0.21428571428571427,0.5291005291005291,14.333157517883453,9.256032992711292,71.64658463621852,fib_mirrored_ratio,1.6153846153846154,0.0026493733652794837
fibonacci_mirrored_growth,28,15,6,6,7,7,4.666666666666667,0.21428571428571427,0.5343915343915344,14.507058094410276,9.72167154784855,68.4463272971586,fib_mirrored_ratio,1.6153846153846154,0.0026493733652794837
fibonacci_phi_partition,8,0,3,3,4,4,2.6666666666666665,0.375,0.5357142857142857,3.838469252397142,2.50841051282916,11.455440560920483,phi_partition_ratio,1.6666666666666667,0.04863267791677184
fibonacci_phi_partition,8,1,3,3,4,4,2.6666666666666665,0.375,0.5357142857142857,3.7942242678660074,2.2017747397369694,12.223152722202173,phi_partition_ratio,1.6666666666666667,0.04863267791677184
fibonacci_phi_partition,8,2,4,4,5,5,2.0,0.5,0.4642857142857143,3.6141165077975907,2.6141165077975903,11.3718124020382,phi_partition_ratio,1.6666666666666667,0.04863267791677184
fibonacci_phi_partition,8,3,4,4,5,5,2.0,0.5,0.4642857142857143,3.5096918230129517,2.255194545392598,11.885368488835997,phi_partition_ratio,1.6666666666666667,0.04863267791677184
fibonacci_phi_partition,8,4,4,4,5,5,2.0,0.5,0.42857142857142855,3.2794295548277668,2.0179315138773113,11.815876398706045,phi_partition_ratio,1.6666666666666667,0.04863267791677184
fibonacci_phi_partition,8,5,3,3,4,4,2.6666666666666665,0.375,0.4642857142857143,3.47597485616129,2.200973879195801,12.21838940360903,phi_partition_ratio,1.6666666666666667,0.04863267791677184
fibonacci_phi_partition,8,6,4,4,5,5,2.0,0.5,0.6071428571428571,4.411763145041189,2.906898121393846,13.17470074158793,phi_partition_ratio,1.6666666666666667,0.04863267791677184
fibonacci_phi_partition,8,7,4,4,5,5,2.0,0.5,0.39285714285714285,2.9542196068433846,1.6013673930708916,10.968990550533249,phi_partition_ratio,1.6666666666666667,0.04863267791677184
fibonacci_phi_partition,8,8,3,3,4,4,2.6666666666666665,0.375,0.5357142857142857,3.9040958626658306,2.57361186010373,12.620592714664468,phi_partition_ratio,1.6666666666666667,0.04863267791677184
fibonacci_phi_partition,8,9,4,4,5,5,2.0,0.5,0.4642857142857143,3.6141165077975907,2.6141165077975903,11.3718124020382,phi_partition_ratio,1.6666666666666667,0.04863267791677184
fibonacci_phi_partition,8,10,3,3,4,4,2.6666666666666665,0.375,0.5357142857142857,3.7942242678660074,2.2017747397369694,12.223152722202173,phi_partition_ratio,1.6666666666666667,0.04863267791677184
fibonacci_phi_partition,8,11,3,3,4,4,2.6666666666666665,0.375,0.5,3.5991022869373475,1.794029468479941,12.587089661585235,phi_partition_ratio,1.6666666666666667,0.04863267791677184
fibonacci_phi_partition,8,12,4,4,5,5,2.0,0.5,0.4642857142857143,3.64521902403148,2.3824268868813694,11.694153738404948,phi_partition_ratio,1.6666666666666667,0.04863267791677184
fibonacci_phi_partition,8,13,4,4,5,5,2.0,0.5,0.5357142857142857,3.971165241515711,2.4854060371929387,12.200440179797187,phi_partition_ratio,1.6666666666666667,0.04863267791677184
fibonacci_phi_partition,8,14,3,3,4,4,2.6666666666666665,0.375,0.5357142857142857,3.7942242678660074,2.2017747397369694,12.223152722202173,phi_partition_ratio,1.6666666666666667,0.04863267791677184
fibonacci_phi_partition,8,15,4,4,5,5,2.0,0.5,0.4642857142857143,3.6141165077975907,2.6141165077975903,11.3718124020382,phi_partition_ratio,1.6666666666666667,0.04863267791677184
fibonacci_phi_partition,10,0,4,4,5,5,2.5,0.4,0.5555555555555556,5.23847676965066,3.6007732437910573,18.13336091058245,phi_partition_ratio,1.5,0.1180339887498949
fibonacci_phi_partition,10,1,4,4,5,5,2.5,0.4,0.5777777777777777,5.354075033552508,3.724510198761399,17.983006916764126,phi_partition_ratio,1.5,0.1180339887498949
fibonacci_phi_partition,10,2,4,4,5,5,2.5,0.4,0.4444444444444444,4.219416969459404,2.3905204291657633,16.327174392725638,phi_partition_ratio,1.5,0.1180339887498949
fibonacci_phi_partition,10,3,4,4,5,5,2.5,0.4,0.4666666666666667,4.4587025081273985,2.4128320404926193,16.317448798661893,phi_partition_ratio,1.5,0.1180339887498949
fibonacci_phi_partition,10,4,4,4,5,5,2.5,0.4,0.4222222222222222,3.956696875013064,1.76185919065375,15.558605037746638,phi_partition_ratio,1.5,0.1180339887498949
fibonacci_phi_partition,10,5,4,4,5,5,2.5,0.4,0.4888888888888889,4.499594724024442,2.8293557704801,16.791216969852876,phi_partition_ratio,1.5,0.1180339887498949
fibonacci_phi_partition,10,6,5,5,6,6,2.0,0.5,0.4222222222222222,4.236310381744797,2.5163008766495523,14.953154189597415,phi_partition_ratio,1.5,0.1180339887498949
fibonacci_phi_partition,10,7,5,5,6,6,2.0,0.5,0.5777777777777777,5.473542129307341,3.3270848523812786,17.413040459378884,phi_partition_ratio,1.5,0.1180339887498949
fibonacci_phi_partition,10,8,4,4,5,5,2.5,0.4,0.5111111111111111,4.697302127486199,2.917994290102074,17.665794401013425,phi_partition_ratio,1.5,0.1180339887498949
fibonacci_phi_partition,10,9,4,4,5,5,2.5,0.4,0.4444444444444444,4.219416969459404,2.3905204291657633,16.327174392725638,phi_partition_ratio,1.5,0.1180339887498949
fibonacci_phi_partition,10,10,4,4,5,5,2.5,0.4,0.5333333333333333,5.001252831467154,3.4655440482073887,17.78941895138874,phi_partition_ratio,1.5,0.1180339887498949
fibonacci_phi_partition,10,11,4,4,5,5,2.5,0.4,0.4444444444444444,4.220344959981778,2.1325650910720118,15.310091796217662,phi_partition_ratio,1.5,0.1180339887498949
fibonacci_phi_partition,10,12,4,4,5,5,2.5,0.4,0.4444444444444444,4.08218839198352,2.0532927773972,15.824503040138755,phi_partition_ratio,1.5,0.1180339887498949
fibonacci_phi_partition,10,13,4,4,5,5,2.5,0.4,0.5333333333333333,5.004530235833542,3.1808543787457717,16.960358746175267,phi_partition_ratio,1.5,0.1180339887498949
fibonacci_phi_partition,10,14,4,4,5,5,2.5,0.4,0.5777777777777777,5.354075033552508,3.724510198761399,17.983006916764126,phi_partition_ratio,1.5,0.1180339887498949
fibonacci_phi_partition,10,15,4,4,5,5,2.5,0.4,0.4444444444444444,4.092046469107543,1.93009112873678,16.052990405490352,phi_partition_ratio,1.5,0.1180339887498949
fibonacci_phi_partition,12,0,4,4,5,5,3.0,0.3333333333333333,0.45454545454545453,5.148266219821084,2.766606734175976,20.64606621581779,phi_partition_ratio,1.4,0.218033988749895
fibonacci_phi_partition,12,1,4,4,5,5,3.0,0.3333333333333333,0.5757575757575758,6.465652401057309,4.342161139841075,22.808274200243893,phi_partition_ratio,1.4,0.218033988749895
fibonacci_phi_partition,12,2,4,4,5,5,3.0,0.3333333333333333,0.4393939393939394,4.896709946144812,2.8812380595623184,20.81082146167094,phi_partition_ratio,1.4,0.218033988749895
fibonacci_phi_partition,12,3,4,4,5,5,3.0,0.3333333333333333,0.48484848484848486,5.389586454577787,3.173365766670028,22.680432785475876,phi_partition_ratio,1.4,0.218033988749895
fibonacci_phi_partition,12,4,4,4,5,5,3.0,0.3333333333333333,0.5151515151515151,5.88185252753627,3.6721826187177578,21.768075440512224,phi_partition_ratio,1.4,0.218033988749895
fibonacci_phi_partition,12,5,4,4,5,5,3.0,0.3333333333333333,0.5606060606060606,6.282219687912457,4.181717257712472,22.524412852484694,phi_partition_ratio,1.4,0.218033988749895
fibonacci_phi_partition,12,6,5,5,6,6,2.4,0.4166666666666667,0.42424242424242425,4.899987140769342,2.52607241933534,20.330122750208105,phi_partition_ratio,1.4,0.218033988749895
fibonacci_phi_partition,12,7,5,5,6,6,2.4,0.4166666666666667,0.5757575757575758,6.5086560840579315,3.810028991444798,22.271534836871872,phi_partition_ratio,1.4,0.218033988749895
fibonacci_phi_partition,12,8,4,4,5,5,3.0,0.3333333333333333,0.4393939393939394,5.002737565135951,2.5125362758487415,20.866691985906318,phi_partition_ratio,1.4,0.218033988749895
fibonacci_phi_partition,12,9,4,4,5,5,3.0,0.3333333333333333,0.4393939393939394,4.896709946144812,2.8812380595623184,20.81082146167094,phi_partition_ratio,1.4,0.218033988749895
fibonacci_phi_partition,12,10,5,5,6,6,2.4,0.4166666666666667,0.6363636363636364,7.11572306550033,4.840591470191412,22.48346767939207,phi_partition_ratio,1.4,0.218033988749895
fibonacci_phi_partition,12,11,4,4,5,5,3.0,0.3333333333333333,0.4393939393939394,4.947221100840087,2.307493132392292,21.358635147474537,phi_partition_ratio,1.4,0.218033988749895
fibonacci_phi_partition,12,12,4,4,5,5,3.0,0.3333333333333333,0.5,5.65431945768931,3.362327421672518,22.264916751728798,phi_partition_ratio,1.4,0.218033988749895
fibonacci_phi_partition,12,13,4,4,5,5,3.0,0.3333333333333333,0.5151515151515151,5.761743562918579,3.598428833984083,22.744955357758922,phi_partition_ratio,1.4,0.218033988749895
fibonacci_phi_partition,12,14,4,4,5,5,3.0,0.3333333333333333,0.6060606060606061,6.72329863731157,4.6068882133076645,23.361368282368645,phi_partition_ratio,1.4,0.218033988749895
fibonacci_phi_partition,12,15,4,4,5,5,3.0,0.3333333333333333,0.5303030303030303,5.982968337678113,3.7546534063638357,21.728028509785055,phi_partition_ratio,1.4,0.218033988749895
fibonacci_phi_partition,14,0,5,5,6,6,2.8,0.35714285714285715,0.5164835164835165,6.938479677680558,4.04240729407603,27.487631769116756,phi_partition_ratio,1.8,0.18196601125010514
fibonacci_phi_partition,14,1,5,5,6,6,2.8,0.35714285714285715,0.43956043956043955,5.832296030549746,3.2715224565626735,27.605383596226858,phi_partition_ratio,1.8,0.18196601125010514
fibonacci_phi_partition,14,2,5,5,6,6,2.8,0.35714285714285715,0.4945054945054945,6.541767087384855,3.7378150952017783,27.84500892486946,phi_partition_ratio,1.8,0.18196601125010514
fibonacci_phi_partition,14,3,5,5,6,6,2.8,0.35714285714285715,0.5164835164835165,6.86845594330511,4.309085735784093,27.425217771900783,phi_partition_ratio,1.8,0.18196601125010514
fibonacci_phi_partition,14,4,5,5,6,6,2.8,0.35714285714285715,0.5054945054945055,6.789108339463748,3.8298722210783094,26.778394434511387,phi_partition_ratio,1.8,0.18196601125010514
fibonacci_phi_partition,14,5,5,5,6,6,2.8,0.35714285714285715,0.4725274725274725,6.284044051525813,3.246506453358452,26.265620840680363,phi_partition_ratio,1.8,0.18196601125010514
fibonacci_phi_partition,14,6,4,4,5,5,3.5,0.2857142857142857,0.4945054945054945,6.602364721935825,3.971871382736559,26.931463823773907,phi_partition_ratio,1.8,0.18196601125010514
fibonacci_phi_partition,14,7,4,4,5,5,3.5,0.2857142857142857,0.5054945054945055,6.755409747354039,4.093656000255267,27.508590461800175,phi_partition_ratio,1.8,0.18196601125010514
fibonacci_phi_partition,14,8,5,5,6,6,2.8,0.35714285714285715,0.5274725274725275,7.027744518633206,4.065888447868026,26.854832376887657,phi_partition_ratio,1.8,0.18196601125010514
fibonacci_phi_partition,14,9,5,5,6,6,2.8,0.35714285714285715,0.4945054945054945,6.541767087384855,3.7378150952017783,27.84500892486946,phi_partition_ratio,1.8,0.18196601125010514
fibonacci_phi_partition,14,10,5,5,6,6,2.8,0.35714285714285715,0.4835164835164835,6.44522768915361,3.599168636148154,26.88569970172366,phi_partition_ratio,1.8,0.18196601125010514
fibonacci_phi_partition,14,11,5,5,6,6,2.8,0.35714285714285715,0.5274725274725275,6.968603691874026,4.6094770075823694,27.75756523813486,phi_partition_ratio,1.8,0.18196601125010514
fibonacci_phi_partition,14,12,5,5,6,6,2.8,0.35714285714285715,0.5384615384615384,7.117307749234302,4.303517340372556,27.670953497133816,phi_partition_ratio,1.8,0.18196601125010514
fibonacci_phi_partition,14,13,5,5,6,6,2.8,0.35714285714285715,0.4835164835164835,6.4106875599294995,3.748371876991173,27.37576024037853,phi_partition_ratio,1.8,0.18196601125010514
fibonacci_phi_partition,14,14,5,5,6,6,2.8,0.35714285714285715,0.4175824175824176,5.636307319486174,2.6576363394157645,25.88666377070138,phi_partition_ratio,1.8,0.18196601125010514
fibonacci_phi_partition,14,15,5,5,6,6,2.8,0.35714285714285715,0.5164835164835165,6.861436930511408,4.010704267929954,27.10378984735535,phi_partition_ratio,1.8,0.18196601125010514
fibonacci_phi_partition,16,0,5,5,6,6,3.2,0.3125,0.4666666666666667,7.1737730416416,4.1601693525629875,31.61870574123907,phi_partition_ratio,1.6666666666666667,0.04863267791677184
fibonacci_phi_partition,16,1,5,5,6,6,3.2,0.3125,0.5083333333333333,7.889861522456882,4.3914521955033585,32.98117403776623,phi_partition_ratio,1.6666666666666667,0.04863267791677184
fibonacci_phi_partition,16,2,5,5,6,6,3.2,0.3125,0.5,7.662668562650944,4.076264237540631,33.120274942032275,phi_partition_ratio,1.6666666666666667,0.04863267791677184
fibonacci_phi_partition,16,3,5,5,6,6,3.2,0.3125,0.5083333333333333,7.7433467562667335,4.924735029884754,33.514144024502265,phi_partition_ratio,1.6666666666666667,0.04863267791677184
fibonacci_phi_partition,16,4,5,5,6,6,3.2,0.3125,0.5333333333333333,8.138408558856952,4.76030138982286,33.81213343160307,phi_partition_ratio,1.6666666666666667,0.04863267791677184
fibonacci_phi_partition,16,5,5,5,6,6,3.2,0.3125,0.5083333333333333,7.770694474144564,4.568234039790123,33.2073430018991,phi_partition_ratio,1.6666666666666667,0.04863267791677184
fibonacci_phi_partition,16,6,5,5,6,6,3.2,0.3125,0.525,8.087542405703157,5.1542760110261305,32.92661641294968,phi_partition_ratio,1.6666666666666667,0.04863267791677184
fibonacci_phi_partition,16,7,5,5,6,6,3.2,0.3125,0.475,7.403679118291529,4.168689350454102,31.885104486035218,phi_partition_ratio,1.6666666666666667,0.04863267791677184
fibonacci_phi_partition,16,8,5,5,6,6,3.2,0.3125,0.49166666666666664,7.499180807350672,4.370991486871252,32.30677561256495,phi_partition_ratio,1.6666666666666667,0.04863267791677184
fibonacci_phi_partition,16,9,5,5,6,6,3.2,0.3125,0.5,7.662668562650944,4.076264237540631,33.120274942032275,phi_partition_ratio,1.6666666666666667,0.04863267791677184
fibonacci_phi_partition,16,10,5,5,6,6,3.2,0.3125,0.525,8.08595048887424,4.942542402136521,33.83219484912121,phi_partition_ratio,1.6666666666666667,0.04863267791677184
fibonacci_phi_partition,16,11,5,5,6,6,3.2,0.3125,0.5166666666666667,7.869075300685498,5.060700086518471,33.366065641487886,phi_partition_ratio,1.6666666666666667,0.04863267791677184
fibonacci_phi_partition,16,12,5,5,6,6,3.2,0.3125,0.5333333333333333,8.107006983531033,4.565332634049213,33.214019480883316,phi_partition_ratio,1.6666666666666667,0.04863267791677184
fibonacci_phi_partition,16,13,5,5,6,6,3.2,0.3125,0.49166666666666664,7.507853422440556,3.9389611047502373,32.532718799855296,phi_partition_ratio,1.6666666666666667,0.04863267791677184
fibonacci_phi_partition,16,14,5,5,6,6,3.2,0.3125,0.4583333333333333,7.128189921595899,3.5608375707681184,32.33915914669992,phi_partition_ratio,1.6666666666666667,0.04863267791677184
fibonacci_phi_partition,16,15,5,5,6,6,3.2,0.3125,0.49166666666666664,7.516368111796964,3.8484476052831806,32.58589240420177,phi_partition_ratio,1.6666666666666667,0.04863267791677184
fibonacci_phi_partition,18,0,5,5,6,6,3.6,0.2777777777777778,0.5359477124183006,9.245487953973388,5.810052184592871,39.158803645020384,phi_partition_ratio,1.5714285714285714,0.046605417321323506
fibonacci_phi_partition,18,1,5,5,6,6,3.6,0.2777777777777778,0.49019607843137253,8.514789014188075,4.777295682795992,40.04723798801594,phi_partition_ratio,1.5714285714285714,0.046605417321323506
fibonacci_phi_partition,18,2,5,5,6,6,3.6,0.2777777777777778,0.5098039215686274,8.787008524783694,5.557144160877858,39.64915108004071,phi_partition_ratio,1.5714285714285714,0.046605417321323506
fibonacci_phi_partition,18,3,5,5,6,6,3.6,0.2777777777777778,0.5098039215686274,8.784387445495518,5.391503787638767,39.8074059430716,phi_partition_ratio,1.5714285714285714,0.046605417321323506
fibonacci_phi_partition,18,4,5,5,6,6,3.6,0.2777777777777778,0.5228758169934641,9.024943998243128,5.736020129705208,39.20628718846545,phi_partition_ratio,1.5714285714285714,0.046605417321323506
fibonacci_phi_partition,18,5,5,5,6,6,3.6,0.2777777777777778,0.5032679738562091,8.704564765017244,5.4299960734902655,39.11842042018134,phi_partition_ratio,1.5714285714285714,0.046605417321323506
fibonacci_phi_partition,18,6,5,5,6,6,3.6,0.2777777777777778,0.47058823529411764,8.228962312658197,4.745904217422281,38.45123535714785,phi_partition_ratio,1.5714285714285714,0.046605417321323506
fibonacci_phi_partition,18,7,5,5,6,6,3.6,0.2777777777777778,0.5359477124183006,9.330366448678102,5.8511673643603475,39.24837108475721,phi_partition_ratio,1.5714285714285714,0.046605417321323506
fibonacci_phi_partition,18,8,5,5,6,6,3.6,0.2777777777777778,0.49673202614379086,8.57964855778679,4.558086914512516,38.76395473618142,phi_partition_ratio,1.5714285714285714,0.046605417321323506
fibonacci_phi_partition,18,9,5,5,6,6,3.6,0.2777777777777778,0.5228758169934641,8.979824110923863,5.997597325806925,39.96082043886744,phi_partition_ratio,1.5714285714285714,0.046605417321323506
fibonacci_phi_partition,18,10,5,5,6,6,3.6,0.2777777777777778,0.45751633986928103,7.953061981109538,4.514454970949206,38.5616372183607,phi_partition_ratio,1.5714285714285714,0.046605417321323506
fibonacci_phi_partition,18,11,5,5,6,6,3.6,0.2777777777777778,0.5294117647058824,9.130095878542754,5.870055307904122,39.99517447405353,phi_partition_ratio,1.5714285714285714,0.046605417321323506
fibonacci_phi_partition,18,12,5,5,6,6,3.6,0.2777777777777778,0.477124183006536,8.230713884040473,4.311976056219516,39.20636910793881,phi_partition_ratio,1.5714285714285714,0.046605417321323506
fibonacci_phi_partition,18,13,5,5,6,6,3.6,0.2777777777777778,0.49019607843137253,8.45513515424517,5.259897966127864,38.806061028722944,phi_partition_ratio,1.5714285714285714,0.046605417321323506
fibonacci_phi_partition,18,14,5,5,6,6,3.6,0.2777777777777778,0.45098039215686275,7.879531658863427,4.140191669645054,37.628482138154666,phi_partition_ratio,1.5714285714285714,0.046605417321323506
fibonacci_phi_partition,18,15,5,5,6,6,3.6,0.2777777777777778,0.477124183006536,8.280185454252253,4.911595725116369,38.070518579728464,phi_partition_ratio,1.5714285714285714,0.046605417321323506
fibonacci_phi_partition,20,0,5,5,6,6,4.0,0.25,0.4842105263157895,9.358272793102971,4.946800109236445,44.83414457732704,phi_partition_ratio,1.5,0.1180339887498949
fibonacci_phi_partition,20,1,6,6,7,7,3.3333333333333335,0.3,0.4789473684210526,9.20047478727117,4.794179563509526,44.470111418750385,phi_partition_ratio,1.5,0.1180339887498949
fibonacci_phi_partition,20,2,6,6,7,7,3.3333333333333335,0.3,0.5052631578947369,9.740130446275275,5.5590133670504525,45.717091162974995,phi_partition_ratio,1.5,0.1180339887498949
fibonacci_phi_partition,20,3,6,6,7,7,3.3333333333333335,0.3,0.5421052631578948,10.382478379310683,6.503924940385193,46.183007470208494,phi_partition_ratio,1.5,0.1180339887498949
fibonacci_phi_partition,20,4,5,5,6,6,4.0,0.25,0.5105263157894737,9.778633814145088,5.254349316715309,45.21631417400487,phi_partition_ratio,1.5,0.1180339887498949
fibonacci_phi_partition,20,5,5,5,6,6,4.0,0.25,0.49473684210526314,9.48893761619054,5.141762612750453,45.62885171744282,phi_partition_ratio,1.5,0.1180339887498949
fibonacci_phi_partition,20,6,5,5,6,6,4.0,0.25,0.5157894736842106,9.968558236847361,6.185890946361942,44.27434371373185,phi_partition_ratio,1.5,0.1180339887498949
fibonacci_phi_partition,20,7,6,6,7,7,3.3333333333333335,0.3,0.46842105263157896,9.069214771487328,4.816452494684336,43.940094126243395,phi_partition_ratio,1.5,0.1180339887498949
fibonacci_phi_partition,20,8,5,5,6,6,4.0,0.25,0.5052631578947369,9.685946249217197,5.939881884000846,44.6351773290678,phi_partition_ratio,1.5,0.1180339887498949
fibonacci_phi_partition,20,9,5,5,6,6,4.0,0.25,0.5263157894736842,10.091918001196223,6.19373330750339,45.7531886201339,phi_partition_ratio,1.5,0.1180339887498949
fibonacci_phi_partition,20,10,5,5,6,6,4.0,0.25,0.45789473684210524,8.90050230396457,4.787403446727418,42.750718884552306,phi_partition_ratio,1.5,0.1180339887498949
fibonacci_phi_partition,20,11,6,6,7,7,3.3333333333333335,0.3,0.5578947368421052,10.66098018111871,6.735433512101058,46.02664859305473,phi_partition_ratio,1.5,0.1180339887498949
fibonacci_phi_partition,20,12,5,5,6,6,4.0,0.25,0.4789473684210526,9.281967361585007,5.449164781957537,44.93238451374212,phi_partition_ratio,1.5,0.1180339887498949
fibonacci_phi_partition,20,13,6,6,7,7,3.3333333333333335,0.3,0.45789473684210524,8.788025597418343,4.775845107147049,44.79153725744057,phi_partition_ratio,1.5,0.1180339887498949
fibonacci_phi_partition,20,14,6,6,7,7,3.3333333333333335,0.3,0.43157894736842106,8.322587369619846,4.117064181099036,42.96422613866513,phi_partition_ratio,1.5,0.1180339887498949
fibonacci_phi_partition,20,15,5,5,6,6,4.0,0.25,0.4631578947368421,8.886776911949369,4.267214516350619,44.36765942124826,phi_partition_ratio,1.5,0.1180339887498949
fibonacci_phi_partition,22,0,5,5,6,6,4.4,0.22727272727272727,0.48917748917748916,10.399607405079635,5.98135852512933,50.73907683929224,phi_partition_ratio,1.75,0.1319660112501051
fibonacci_phi_partition,22,1,6,6,7,7,3.6666666666666665,0.2727272727272727,0.5497835497835498,11.628233489653274,7.547006935516255,52.2502366488678,phi_partition_ratio,1.75,0.1319660112501051
fibonacci_phi_partition,22,2,6,6,7,7,3.6666666666666665,0.2727272727272727,0.5324675324675324,11.26573325871938,7.057981902723695,52.7648040096576,phi_partition_ratio,1.75,0.1319660112501051
fibonacci_phi_partition,22,3,6,6,7,7,3.6666666666666665,0.2727272727272727,0.49783549783549785,10.50982794296197,5.9538665236449475,50.71057420922416,phi_partition_ratio,1.75,0.1319660112501051
fibonacci_phi_partition,22,4,5,5,6,6,4.4,0.22727272727272727,0.5194805194805194,11.061908020706657,7.071318353037997,50.66167105822899,phi_partition_ratio,1.75,0.1319660112501051
fibonacci_phi_partition,22,5,6,6,7,7,3.6666666666666665,0.2727272727272727,0.5324675324675324,11.287173779565267,7.008056236980224,50.5093851292211,phi_partition_ratio,1.75,0.1319660112501051
fibonacci_phi_partition,22,6,6,6,7,7,3.6666666666666665,0.2727272727272727,0.5194805194805194,11.04596178941283,6.675850198524726,52.54064679622904,phi_partition_ratio,1.75,0.1319660112501051
fibonacci_phi_partition,22,7,6,6,7,7,3.6666666666666665,0.2727272727272727,0.4935064935064935,10.462030071104373,5.949630783868113,51.202667022181025,phi_partition_ratio,1.75,0.1319660112501051
fibonacci_phi_partition,22,8,6,6,7,7,3.6666666666666665,0.2727272727272727,0.4675324675324675,9.925713963864618,5.175842401248321,50.02505065740306,phi_partition_ratio,1.75,0.1319660112501051
fibonacci_phi_partition,22,9,6,6,7,7,3.6666666666666665,0.2727272727272727,0.5151515151515151,10.910483020887455,6.9304827027314415,51.90745355577028,phi_partition_ratio,1.75,0.1319660112501051
fibonacci_phi_partition,22,10,5,5,6,6,4.4,0.22727272727272727,0.4805194805194805,10.22697925865521,5.651998951442064,50.557784135165036,phi_partition_ratio,1.75,0.1319660112501051
fibonacci_phi_partition,22,11,6,6,7,7,3.6666666666666665,0.2727272727272727,0.4935064935064935,10.432380728652607,5.891013436834351,50.98144596720515,phi_partition_ratio,1.75,0.1319660112501051
fibonacci_phi_partition,22,12,6,6,7,7,3.6666666666666665,0.2727272727272727,0.47186147186147187,10.036967172121152,5.585564579231258,50.38728363772315,phi_partition_ratio,1.75,0.1319660112501051
fibonacci_phi_partition,22,13,6,6,7,7,3.6666666666666665,0.2727272727272727,0.5021645021645021,10.605746636831762,6.3516540215968575,50.68456775291875,phi_partition_ratio,1.75,0.1319660112501051
fibonacci_phi_partition,22,14,5,5,6,6,4.4,0.22727272727272727,0.5194805194805194,11.078073240352712,6.47016464197346,50.563891103825725,phi_partition_ratio,1.75,0.1319660112501051
fibonacci_phi_partition,22,15,5,5,6,6,4.4,0.22727272727272727,0.47186147186147187,10.07589652380124,6.032297875722298,50.094346194183416,phi_partition_ratio,1.75,0.1319660112501051
fibonacci_phi_partition,24,0,6,6,7,7,4.0,0.25,0.45652173913043476,10.624299430991645,5.208066562503614,57.0609148612198,phi_partition_ratio,1.6666666666666667,0.04863267791677184
fibonacci_phi_partition,24,1,6,6,7,7,4.0,0.25,0.5471014492753623,12.681717218808032,8.175838052609013,57.88829682424425,phi_partition_ratio,1.6666666666666667,0.04863267791677184
fibonacci_phi_partition,24,2,6,6,7,7,4.0,0.25,0.5072463768115942,11.810835535707525,7.188174435121457,57.59379501711002,phi_partition_ratio,1.6666666666666667,0.04863267791677184
fibonacci_phi_partition,24,3,6,6,7,7,4.0,0.25,0.5144927536231884,11.92892905013412,6.469385464092486,57.01040524070305,phi_partition_ratio,1.6666666666666667,0.04863267791677184
fibonacci_phi_partition,24,4,6,6,7,7,4.0,0.25,0.5144927536231884,11.969908132068664,7.027930490976797,56.72562840711273,phi_partition_ratio,1.6666666666666667,0.04863267791677184
fibonacci_phi_partition,24,5,6,6,7,7,4.0,0.25,0.5253623188405797,12.18451953718776,7.023638543942749,56.863757370489964,phi_partition_ratio,1.6666666666666667,0.04863267791677184
fibonacci_phi_partition,24,6,6,6,7,7,4.0,0.25,0.5108695652173914,11.863443364486162,7.594040820395745,58.38998810246663,phi_partition_ratio,1.6666666666666667,0.04863267791677184
fibonacci_phi_partition,24,7,6,6,7,7,4.0,0.25,0.5,11.611517783409662,6.567681090623018,58.27075892194664,phi_partition_ratio,1.6666666666666667,0.04863267791677184
fibonacci_phi_partition,24,8,6,6,7,7,4.0,0.25,0.4746376811594203,11.028977653196916,6.16175450037499,55.97077837956336,phi_partition_ratio,1.6666666666666667,0.04863267791677184
fibonacci_phi_partition,24,9,6,6,7,7,4.0,0.25,0.4782608695652174,11.161115487439385,6.4030991147019005,57.733958118182706,phi_partition_ratio,1.6666666666666667,0.04863267791677184
fibonacci_phi_partition,24,10,7,7,8,8,3.4285714285714284,0.2916666666666667,0.5108695652173914,11.902216026165458,7.489693980347196,56.916438150143264,phi_partition_ratio,1.6666666666666667,0.04863267791677184
fibonacci_phi_partition,24,11,6,6,7,7,4.0,0.25,0.5108695652173914,11.839231457419213,6.374507532927438,57.41838737695489,phi_partition_ratio,1.6666666666666667,0.04863267791677184
fibonacci_phi_partition,24,12,6,6,7,7,4.0,0.25,0.463768115942029,10.777158743485668,6.697571530399598,55.93595301293703,phi_partition_ratio,1.6666666666666667,0.04863267791677184
fibonacci_phi_partition,24,13,6,6,7,7,4.0,0.25,0.4855072463768116,11.307733521336306,6.799334244683218,55.76911979367291,phi_partition_ratio,1.6666666666666667,0.04863267791677184
fibonacci_phi_partition,24,14,7,7,8,8,3.4285714285714284,0.2916666666666667,0.5507246376811594,12.79244360461302,8.187001734550865,56.766847823607385,phi_partition_ratio,1.6666666666666667,0.04863267791677184
fibonacci_phi_partition,24,15,6,6,7,7,4.0,0.25,0.4782608695652174,11.136650300923428,6.01703118852295,55.81652752110935,phi_partition_ratio,1.6666666666666667,0.04863267791677184
fibonacci_phi_partition,26,0,6,6,7,7,4.333333333333333,0.23076923076923078,0.49230769230769234,12.43012641197419,7.152281337255539,65.1464036374253,phi_partition_ratio,1.6,0.018033988749894814
fibonacci_phi_partition,26,1,6,6,7,7,4.333333333333333,0.23076923076923078,0.5138461538461538,13.024882785399154,8.091843328319769,64.9070866098468,phi_partition_ratio,1.6,0.018033988749894814
fibonacci_phi_partition,26,2,6,6,7,7,4.333333333333333,0.23076923076923078,0.5292307692307693,13.38048153375527,8.397530991951932,64.7118519799247,phi_partition_ratio,1.6,0.018033988749894814
fibonacci_phi_partition,26,3,6,6,7,7,4.333333333333333,0.23076923076923078,0.5076923076923077,12.802663428386964,7.871239183897641,64.29224144540244,phi_partition_ratio,1.6,0.018033988749894814
fibonacci_phi_partition,26,4,6,6,7,7,4.333333333333333,0.23076923076923078,0.5076923076923077,12.838612462722331,7.767616653609623,64.59908332717987,phi_partition_ratio,1.6,0.018033988749894814
fibonacci_phi_partition,26,5,6,6,7,7,4.333333333333333,0.23076923076923078,0.5169230769230769,13.061209915840758,7.80657632180208,64.27181910891731,phi_partition_ratio,1.6,0.018033988749894814
fibonacci_phi_partition,26,6,7,7,8,8,3.7142857142857144,0.2692307692307692,0.49538461538461537,12.51993945774624,7.382999962017557,64.13865693304035,phi_partition_ratio,1.6,0.018033988749894814
fibonacci_phi_partition,26,7,7,7,8,8,3.7142857142857144,0.2692307692307692,0.5323076923076923,13.435980195014267,8.237588041316094,64.94796709014702,phi_partition_ratio,1.6,0.018033988749894814
fibonacci_phi_partition,26,8,6,6,7,7,4.333333333333333,0.23076923076923078,0.48307692307692307,12.23237758595188,6.945354638674999,62.85441116239146,phi_partition_ratio,1.6,0.018033988749894814
fibonacci_phi_partition,26,9,6,6,7,7,4.333333333333333,0.23076923076923078,0.5015384615384615,12.67271653646796,7.764155131521319,65.0320198813818,phi_partition_ratio,1.6,0.018033988749894814
fibonacci_phi_partition,26,10,6,6,7,7,4.333333333333333,0.23076923076923078,0.48307692307692307,12.205038389147644,7.493715579023263,63.49960091402181,phi_partition_ratio,1.6,0.018033988749894814
fibonacci_phi_partition,26,11,6,6,7,7,4.333333333333333,0.23076923076923078,0.5046153846153846,12.732122371688561,7.74489330954618,64.32242119835121,phi_partition_ratio,1.6,0.018033988749894814
fibonacci_phi_partition,26,12,7,7,8,8,3.7142857142857144,0.2692307692307692,0.46153846153846156,11.624036463317342,6.431612303933365,62.202198804754815,phi_partition_ratio,1.6,0.018033988749894814
fibonacci_phi_partition,26,13,6,6,7,7,4.333333333333333,0.23076923076923078,0.49230769230769234,12.412441180924437,7.317474613277702,63.75631488078644,phi_partition_ratio,1.6,0.018033988749894814
fibonacci_phi_partition,26,14,6,6,7,7,4.333333333333333,0.23076923076923078,0.5353846153846153,13.465618002447464,8.733787622874855,65.86061345837642,phi_partition_ratio,1.6,0.018033988749894814
fibonacci_phi_partition,26,15,6,6,7,7,4.333333333333333,0.23076923076923078,0.5076923076923077,12.903450450141325,8.110539270072813,64.56699628767926,phi_partition_ratio,1.6,0.018033988749894814
fibonacci_phi_partition,28,0,6,6,7,7,4.666666666666667,0.21428571428571427,0.5052910052910053,13.789028859620522,8.121799235317896,71.5444458380062,phi_partition_ratio,1.5454545454545454,0.07257944329534949
fibonacci_phi_partition,28,1,6,6,7,7,4.666666666666667,0.21428571428571427,0.48677248677248675,13.345599857827036,7.932467158697303,70.67139248639589,phi_partition_ratio,1.5454545454545454,0.07257944329534949
fibonacci_phi_partition,28,2,7,7,8,8,4.0,0.25,0.5211640211640212,14.155551024542262,8.187752543532849,72.07933560817523,phi_partition_ratio,1.5454545454545454,0.07257944329534949
fibonacci_phi_partition,28,3,6,6,7,7,4.666666666666667,0.21428571428571427,0.5158730158730159,14.018168272827996,8.44110795734776,71.58458200991066,phi_partition_ratio,1.5454545454545454,0.07257944329534949
fibonacci_phi_partition,28,4,6,6,7,7,4.666666666666667,0.21428571428571427,0.5,13.615619978523146,8.090633241908092,71.41987606082243,phi_partition_ratio,1.5454545454545454,0.07257944329534949
fibonacci_phi_partition,28,5,6,6,7,7,4.666666666666667,0.21428571428571427,0.5079365079365079,13.838426795271099,8.208301265144687,70.90998014823464,phi_partition_ratio,1.5454545454545454,0.07257944329534949
fibonacci_phi_partition,28,6,6,6,7,7,4.666666666666667,0.21428571428571427,0.5264550264550265,14.347566435399223,9.197605125262102,72.54311696498353,phi_partition_ratio,1.5454545454545454,0.07257944329534949
fibonacci_phi_partition,28,7,6,6,7,7,4.666666666666667,0.21428571428571427,0.5026455026455027,13.694209075155477,8.161938767104036,72.13658203196556,phi_partition_ratio,1.5454545454545454,0.07257944329534949
fibonacci_phi_partition,28,8,6,6,7,7,4.666666666666667,0.21428571428571427,0.49206349206349204,13.432476385983382,7.9316576584167935,70.65247926090663,phi_partition_ratio,1.5454545454545454,0.07257944329534949
fibonacci_phi_partition,28,9,7,7,8,8,4.0,0.25,0.48677248677248675,13.240325073690364,7.056334098990763,70.20900171219745,phi_partition_ratio,1.5454545454545454,0.07257944329534949
fibonacci_phi_partition,28,10,6,6,7,7,4.666666666666667,0.21428571428571427,0.47883597883597884,13.091854788785756,7.679811613934399,71.25503881603494,phi_partition_ratio,1.5454545454545454,0.07257944329534949
fibonacci_phi_partition,28,11,6,6,7,7,4.666666666666667,0.21428571428571427,0.5079365079365079,13.82330374931881,8.133398970008463,71.38991197442573,phi_partition_ratio,1.5454545454545454,0.07257944329534949
fibonacci_phi_partition,28,12,6,6,7,7,4.666666666666667,0.21428571428571427,0.48677248677248675,13.254694442882013,7.970051634368971,70.47140319104128,phi_partition_ratio,1.5454545454545454,0.07257944329534949
fibonacci_phi_partition,28,13,6,6,7,7,4.666666666666667,0.21428571428571427,0.48412698412698413,13.153094807562308,7.635368913462935,71.01447415284777,phi_partition_ratio,1.5454545454545454,0.07257944329534949
fibonacci_phi_partition,28,14,6,6,7,7,4.666666666666667,0.21428571428571427,0.5132275132275133,14.008036380034113,8.623337395365787,72.87314611785402,phi_partition_ratio,1.5454545454545454,0.07257944329534949
fibonacci_phi_partition,28,15,6,6,7,7,4.666666666666667,0.21428571428571427,0.5211640211640212,14.217417023729109,8.611750146641906,71.16271387496576,phi_partition_ratio,1.5454545454545454,0.07257944329534949
fibonacci_offbyone_growth,8,0,5,5,6,6,1.6,0.625,0.42857142857142855,3.2804208830308013,2.2804208830308017,9.92169772909994,fib_offbyone_ratio,1.75,0.1319660112501051
fibonacci_offbyone_growth,8,1,3,3,4,4,2.6666666666666665,0.375,0.5714285714285714,4.103698775273669,3.103698775273669,12.115904450715258,fib_offbyone_ratio,1.75,0.1319660112501051
fibonacci_offbyone_growth,8,2,4,4,5,5,2.0,0.5,0.5357142857142857,4.066575284534789,2.7763905569138156,12.34444264726004,fib_offbyone_ratio,1.75,0.1319660112501051
fibonacci_offbyone_growth,8,3,3,3,4,4,2.6666666666666665,0.375,0.5357142857142857,3.84644763187552,2.654975013610369,12.5973002095972,fib_offbyone_ratio,1.75,0.1319660112501051
fibonacci_offbyone_growth,8,4,4,4,5,5,2.0,0.5,0.5357142857142857,4.066575284534789,2.7763905569138156,12.34444264726004,fib_offbyone_ratio,1.75,0.1319660112501051
fibonacci_offbyone_growth,8,5,3,3,4,4,2.6666666666666665,0.375,0.5,3.631381260403637,1.8054262455151608,11.996529138875687,fib_offbyone_ratio,1.75,0.1319660112501051
fibonacci_offbyone_growth,8,6,4,4,5,5,2.0,0.5,0.4642857142857143,3.5971528339859087,2.070008670583099,10.248593994777437,fib_offbyone_ratio,1.75,0.1319660112501051
fibonacci_offbyone_growth,8,7,3,3,4,4,2.6666666666666665,0.375,0.5714285714285714,4.103698775273669,3.103698775273669,12.115904450715258,fib_offbyone_ratio,1.75,0.1319660112501051
fibonacci_offbyone_growth,8,8,4,4,5,5,2.0,0.5,0.5,3.7402774282736,2.6641114912625015,11.174431067568735,fib_offbyone_ratio,1.75,0.1319660112501051
fibonacci_offbyone_growth,8,9,3,3,4,4,2.6666666666666665,0.375,0.5,3.631381260403637,1.8054262455151608,11.996529138875687,fib_offbyone_ratio,1.75,0.1319660112501051
fibonacci_offbyone_growth,8,10,5,5,6,6,1.6,0.625,0.42857142857142855,3.2804208830308013,2.2804208830308017,9.92169772909994,fib_offbyone_ratio,1.75,0.1319660112501051
fibonacci_offbyone_growth,8,11,4,4,5,5,2.0,0.5,0.4642857142857143,3.6547963737949694,2.3815763521287554,11.651464035474191,fib_offbyone_ratio,1.75,0.1319660112501051
fibonacci_offbyone_growth,8,12,5,5,6,6,1.6,0.625,0.6428571428571429,4.769497879324524,3.4254293178742787,13.347638675273572,fib_offbyone_ratio,1.75,0.1319660112501051
fibonacci_offbyone_growth,8,13,3,3,4,4,2.6666666666666665,0.375,0.5357142857142857,3.9794728650409077,2.8741932186417616,11.973894173724876,fib_offbyone_ratio,1.75,0.1319660112501051
fibonacci_offbyone_growth,8,14,4,4,5,5,2.0,0.5,0.5357142857142857,3.9734065455025886,2.572723838671883,12.585232152953967,fib_offbyone_ratio,1.75,0.1319660112501051
fibonacci_offbyone_growth,8,15,4,4,5,5,2.0,0.5,0.4642857142857143,3.3571227371928707,2.3571227371928707,11.325484330225278,fib_offbyone_ratio,1.75,0.1319660112501051
fibonacci_offbyone_growth,10,0,5,5,6,6,2.0,0.5,0.4666666666666667,4.417968897459375,2.7642018678250095,15.453510114317886,fib_offbyone_ratio,1.75,0.1319660112501051
fibonacci_offbyone_growth,10,1,4,4,5,5,2.5,0.4,0.6,5.496736742897118,4.240676228731042,16.749517842144947,fib_offbyone_ratio,1.75,0.1319660112501051
fibonacci_offbyone_growth,10,2,4,4,5,5,2.5,0.4,0.5333333333333333,5.017926234811071,3.1887346422431153,16.668834563556988,fib_offbyone_ratio,1.75,0.1319660112501051
fibonacci_offbyone_growth,10,3,4,4,5,5,2.5,0.4,0.5333333333333333,4.938621298098313,3.582198169042946,17.030397917871092,fib_offbyone_ratio,1.75,0.1319660112501051
fibonacci_offbyone_growth,10,4,4,4,5,5,2.5,0.4,0.5111111111111111,4.824489775887856,2.8390684888746525,17.032553179189467,fib_offbyone_ratio,1.75,0.1319660112501051
fibonacci_offbyone_growth,10,5,4,4,5,5,2.5,0.4,0.5111111111111111,4.769563455533447,2.8926728709409018,17.229047303616127,fib_offbyone_ratio,1.75,0.1319660112501051
fibonacci_offbyone_growth,10,6,4,4,5,5,2.5,0.4,0.4888888888888889,4.641712887900473,2.7335409911269055,14.621349249271125,fib_offbyone_ratio,1.75,0.1319660112501051
fibonacci_offbyone_growth,10,7,4,4,5,5,2.5,0.4,0.6,5.496736742897118,4.240676228731042,16.749517842144947,fib_offbyone_ratio,1.75,0.1319660112501051
fibonacci_offbyone_growth,10,8,4,4,5,5,2.5,0.4,0.4666666666666667,4.357335482998138,2.2817858675471223,15.617460758329027,fib_offbyone_ratio,1.75,0.1319660112501051
fibonacci_offbyone_growth,10,9,4,4,5,5,2.5,0.4,0.5111111111111111,4.769563455533447,2.8926728709409018,17.229047303616127,fib_offbyone_ratio,1.75,0.1319660112501051
fibonacci_offbyone_growth,10,10,5,5,6,6,2.0,0.5,0.4666666666666667,4.417968897459375,2.7642018678250095,15.453510114317886,fib_offbyone_ratio,1.75,0.1319660112501051
fibonacci_offbyone_growth,10,11,4,4,5,5,2.5,0.4,0.4444444444444444,4.256352275003271,2.397578721993609,16.221139067611446,fib_offbyone_ratio,1.75,0.1319660112501051
fibonacci_offbyone_growth,10,12,5,5,6,6,2.0,0.5,0.6,5.565615319002823,3.979137951360988,17.96804233091264,fib_offbyone_ratio,1.75,0.1319660112501051
fibonacci_offbyone_growth,10,13,4,4,5,5,2.5,0.4,0.5333333333333333,5.014300763517264,3.296613374745588,17.09858033065367,fib_offbyone_ratio,1.75,0.1319660112501051
fibonacci_offbyone_growth,10,14,4,4,5,5,2.5,0.4,0.5333333333333333,4.972082186696797,3.421258531286203,16.336935194678546,fib_offbyone_ratio,1.75,0.1319660112501051
fibonacci_offbyone_growth,10,15,5,5,6,6,2.0,0.5,0.4666666666666667,4.309842997800013,3.039718172209199,14.333056177445675,fib_offbyone_ratio,1.75,0.1319660112501051
fibonacci_offbyone_growth,12,0,5,5,6,6,2.4,0.4166666666666667,0.45454545454545453,5.364704689550729,3.430097534693223,20.152672038849502,fib_offbyone_ratio,1.75,0.1319660112501051
fibonacci_offbyone_growth,12,1,4,4,5,5,3.0,0.3333333333333333,0.6060606060606061,6.742746894067635,5.43781820322906,21.02427514778756,fib_offbyone_ratio,1.75,0.1319660112501051
fibonacci_offbyone_growth,12,2,5,5,6,6,2.4,0.4166666666666667,0.5,5.908910841631606,4.051526195271656,20.975132317869374,fib_offbyone_ratio,1.75,0.1319660112501051
fibonacci_offbyone_growth,12,3,5,5,6,6,2.4,0.4166666666666667,0.5303030303030303,5.93445340064029,4.28132586683566,20.359154524116683,fib_offbyone_ratio,1.75,0.1319660112501051
fibonacci_offbyone_growth,12,4,5,5,6,6,2.4,0.4166666666666667,0.48484848484848486,5.7312348965124045,3.67825325586901,21.15749724667219,fib_offbyone_ratio,1.75,0.1319660112501051
fibonacci_offbyone_growth,12,5,5,5,6,6,2.4,0.4166666666666667,0.48484848484848486,5.498973762790965,2.490284971285934,21.5911525975568,fib_offbyone_ratio,1.75,0.1319660112501051
fibonacci_offbyone_growth,12,6,5,5,6,6,2.4,0.4166666666666667,0.48484848484848486,5.689145570650322,3.4496599928709832,20.141463951979798,fib_offbyone_ratio,1.75,0.1319660112501051
fibonacci_offbyone_growth,12,7,4,4,5,5,3.0,0.3333333333333333,0.6060606060606061,6.742746894067635,5.43781820322906,21.02427514778756,fib_offbyone_ratio,1.75,0.1319660112501051
fibonacci_offbyone_growth,12,8,4,4,5,5,3.0,0.3333333333333333,0.48484848484848486,5.592647885317179,3.4148604749893794,20.923513050206616,fib_offbyone_ratio,1.75,0.1319660112501051
fibonacci_offbyone_growth,12,9,5,5,6,6,2.4,0.4166666666666667,0.48484848484848486,5.498973762790965,2.490284971285934,21.5911525975568,fib_offbyone_ratio,1.75,0.1319660112501051
fibonacci_offbyone_growth,12,10,5,5,6,6,2.4,0.4166666666666667,0.45454545454545453,5.364704689550729,3.430097534693223,20.152672038849502,fib_offbyone_ratio,1.75,0.1319660112501051
fibonacci_offbyone_growth,12,11,5,5,6,6,2.4,0.4166666666666667,0.4393939393939394,5.122268892277389,3.088534196222465,19.60096670957427,fib_offbyone_ratio,1.75,0.1319660112501051
fibonacci_offbyone_growth,12,12,5,5,6,6,2.4,0.4166666666666667,0.5909090909090909,6.802520739121347,5.074005248676049,22.559328310264462,fib_offbyone_ratio,1.75,0.1319660112501051
fibonacci_offbyone_growth,12,13,5,5,6,6,2.4,0.4166666666666667,0.5151515151515151,5.849061403447221,2.9815135364144494,21.70100214579403,fib_offbyone_ratio,1.75,0.1319660112501051
fibonacci_offbyone_growth,12,14,5,5,6,6,2.4,0.4166666666666667,0.5151515151515151,6.0192011598390405,3.8737839189909695,21.495084852051374,fib_offbyone_ratio,1.75,0.1319660112501051
fibonacci_offbyone_growth,12,15,5,5,6,6,2.4,0.4166666666666667,0.4696969696969697,5.252241009909919,3.7990004018348467,18.648328049062016,fib_offbyone_ratio,1.75,0.1319660112501051
fibonacci_offbyone_growth,14,0,5,5,6,6,2.8,0.35714285714285715,0.46153846153846156,6.2075131254301255,3.8961322201839845,25.903765170657657,fib_offbyone_ratio,1.7142857142857142,0.09625172553581929
fibonacci_offbyone_growth,14,1,5,5,6,6,2.8,0.35714285714285715,0.5714285714285714,7.5549393491335755,5.510505203030975,26.744844928958297,fib_offbyone_ratio,1.7142857142857142,0.09625172553581929
fibonacci_offbyone_growth,14,2,5,5,6,6,2.8,0.35714285714285715,0.5164835164835165,7.0231851750897345,4.749540714909492,26.10957027613481,fib_offbyone_ratio,1.7142857142857142,0.09625172553581929
fibonacci_offbyone_growth,14,3,5,5,6,6,2.8,0.35714285714285715,0.5384615384615384,7.110700047035924,4.605665005092883,26.422248077940555,fib_offbyone_ratio,1.7142857142857142,0.09625172553581929
fibonacci_offbyone_growth,14,4,5,5,6,6,2.8,0.35714285714285715,0.5164835164835165,6.971707570572486,4.3301498127833975,27.09660267325286,fib_offbyone_ratio,1.7142857142857142,0.09625172553581929
fibonacci_offbyone_growth,14,5,5,5,6,6,2.8,0.35714285714285715,0.4835164835164835,6.529422976642524,3.428904014683038,25.826971111299713,fib_offbyone_ratio,1.7142857142857142,0.09625172553581929
fibonacci_offbyone_growth,14,6,5,5,6,6,2.8,0.35714285714285715,0.4835164835164835,6.559277854616832,4.118368086679654,25.760648191071276,fib_offbyone_ratio,1.7142857142857142,0.09625172553581929
fibonacci_offbyone_growth,14,7,5,5,6,6,2.8,0.35714285714285715,0.5714285714285714,7.5549393491335755,5.510505203030975,26.744844928958297,fib_offbyone_ratio,1.7142857142857142,0.09625172553581929
fibonacci_offbyone_growth,14,8,4,4,5,5,3.5,0.2857142857142857,0.5054945054945055,6.764013496673016,4.246698852060533,26.906521731908846,fib_offbyone_ratio,1.7142857142857142,0.09625172553581929
fibonacci_offbyone_growth,14,9,5,5,6,6,2.8,0.35714285714285715,0.4835164835164835,6.529422976642524,3.428904014683038,25.826971111299713,fib_offbyone_ratio,1.7142857142857142,0.09625172553581929
fibonacci_offbyone_growth,14,10,5,5,6,6,2.8,0.35714285714285715,0.4835164835164835,6.4828443733500265,3.924662694792393,25.80278272543232,fib_offbyone_ratio,1.7142857142857142,0.09625172553581929
fibonacci_offbyone_growth,14,11,5,5,6,6,2.8,0.35714285714285715,0.4725274725274725,6.544379157548708,3.9259622343667395,24.94079697779221,fib_offbyone_ratio,1.7142857142857142,0.09625172553581929
fibonacci_offbyone_growth,14,12,5,5,6,6,2.8,0.35714285714285715,0.5824175824175825,7.728578599639102,5.390834633673755,28.473636261977546,fib_offbyone_ratio,1.7142857142857142,0.09625172553581929
fibonacci_offbyone_growth,14,13,5,5,6,6,2.8,0.35714285714285715,0.5054945054945055,6.768020798227252,3.8520431908470796,26.260850571954432,fib_offbyone_ratio,1.7142857142857142,0.09625172553581929
fibonacci_offbyone_growth,14,14,5,5,6,6,2.8,0.35714285714285715,0.5054945054945055,6.755825472489283,4.379103279433286,27.46348816031893,fib_offbyone_ratio,1.7142857142857142,0.09625172553581929
fibonacci_offbyone_growth,14,15,6,6,7,7,2.3333333333333335,0.42857142857142855,0.4835164835164835,6.412408568951733,4.563931721771163,24.108620051275555,fib_offbyone_ratio,1.7142857142857142,0.09625172553581929
fibonacci_offbyone_growth,16,0,5,5,6,6,3.2,0.3125,0.475,7.276792829753603,4.797127446160545,31.17396911115589,fib_offbyone_ratio,1.7142857142857142,0.09625172553581929
fibonacci_offbyone_growth,16,1,5,5,6,6,3.2,0.3125,0.5583333333333333,8.518591215804477,6.422691136559335,31.351328675840982,fib_offbyone_ratio,1.7142857142857142,0.09625172553581929
fibonacci_offbyone_growth,16,2,5,5,6,6,3.2,0.3125,0.5166666666666667,7.898440519951839,5.251122323975261,31.27269516990962,fib_offbyone_ratio,1.7142857142857142,0.09625172553581929
fibonacci_offbyone_growth,16,3,6,6,7,7,2.6666666666666665,0.375,0.55,8.374181941714191,5.851580185206463,30.64952674779752,fib_offbyone_ratio,1.7142857142857142,0.09625172553581929
fibonacci_offbyone_growth,16,4,5,5,6,6,3.2,0.3125,0.5166666666666667,7.9160079205996094,5.004561319849976,32.50865086736762,fib_offbyone_ratio,1.7142857142857142,0.09625172553581929
fibonacci_offbyone_growth,16,5,6,6,7,7,2.6666666666666665,0.375,0.475,7.3867554819144114,3.4864749053981328,31.369180383325055,fib_offbyone_ratio,1.7142857142857142,0.09625172553581929
fibonacci_offbyone_growth,16,6,5,5,6,6,3.2,0.3125,0.475,7.3123961386402865,4.366295296744518,31.334867251670346,fib_offbyone_ratio,1.7142857142857142,0.09625172553581929
fibonacci_offbyone_growth,16,7,5,5,6,6,3.2,0.3125,0.5583333333333333,8.518591215804477,6.422691136559335,31.351328675840982,fib_offbyone_ratio,1.7142857142857142,0.09625172553581929
fibonacci_offbyone_growth,16,8,5,5,6,6,3.2,0.3125,0.5083333333333333,7.800612154365966,5.055821886126199,32.87648052925647,fib_offbyone_ratio,1.7142857142857142,0.09625172553581929
fibonacci_offbyone_growth,16,9,6,6,7,7,2.6666666666666665,0.375,0.475,7.3867554819144114,3.4864749053981328,31.369180383325055,fib_offbyone_ratio,1.7142857142857142,0.09625172553581929
fibonacci_offbyone_growth,16,10,5,5,6,6,3.2,0.3125,0.5,7.662230027006377,4.795528266636558,31.868733685089794,fib_offbyone_ratio,1.7142857142857142,0.09625172553581929
fibonacci_offbyone_growth,16,11,5,5,6,6,3.2,0.3125,0.475,7.526334786632683,4.8055459877653846,31.186690439844867,fib_offbyone_ratio,1.7142857142857142,0.09625172553581929
fibonacci_offbyone_growth,16,12,5,5,6,6,3.2,0.3125,0.5666666666666667,8.623930859575289,5.791772286119079,33.58835575433971,fib_offbyone_ratio,1.7142857142857142,0.09625172553581929
fibonacci_offbyone_growth,16,13,6,6,7,7,2.6666666666666665,0.375,0.48333333333333334,7.473584333566985,3.532813556902379,31.797250067938116,fib_offbyone_ratio,1.7142857142857142,0.09625172553581929
fibonacci_offbyone_growth,16,14,5,5,6,6,3.2,0.3125,0.5,7.63594987594454,4.4132542206751015,32.793878784167084,fib_offbyone_ratio,1.7142857142857142,0.09625172553581929
fibonacci_offbyone_growth,16,15,6,6,7,7,2.6666666666666665,0.375,0.49166666666666664,7.515369488134807,5.35361025111318,30.186765402740953,fib_offbyone_ratio,1.7142857142857142,0.09625172553581929
fibonacci_offbyone_growth,18,0,5,5,6,6,3.6,0.2777777777777778,0.48366013071895425,8.397419376392477,5.299936456176656,36.30045052502874,fib_offbyone_ratio,1.7142857142857142,0.09625172553581929
fibonacci_offbyone_growth,18,1,5,5,6,6,3.6,0.2777777777777778,0.5359477124183006,9.271775493783485,6.461027200306804,36.97233920216173,fib_offbyone_ratio,1.7142857142857142,0.09625172553581929
fibonacci_offbyone_growth,18,2,5,5,6,6,3.6,0.2777777777777778,0.5163398692810458,8.90278805106771,5.412866542719671,37.0138558663652,fib_offbyone_ratio,1.7142857142857142,0.09625172553581929
fibonacci_offbyone_growth,18,3,6,6,7,7,3.0,0.3333333333333333,0.5424836601307189,9.327838115980667,6.276038846666834,36.829635258171244,fib_offbyone_ratio,1.7142857142857142,0.09625172553581929
fibonacci_offbyone_growth,18,4,6,6,7,7,3.0,0.3333333333333333,0.5228758169934641,9.064882561789686,5.427398503878802,38.612428344224995,fib_offbyone_ratio,1.7142857142857142,0.09625172553581929
fibonacci_offbyone_growth,18,5,6,6,7,7,3.0,0.3333333333333333,0.47058823529411764,8.172107253900277,3.8307015636322,37.12938651541118,fib_offbyone_ratio,1.7142857142857142,0.09625172553581929
fibonacci_offbyone_growth,18,6,5,5,6,6,3.6,0.2777777777777778,0.48366013071895425,8.407352885921718,5.288854112186432,35.62119960818916,fib_offbyone_ratio,1.7142857142857142,0.09625172553581929
fibonacci_offbyone_growth,18,7,5,5,6,6,3.6,0.2777777777777778,0.5359477124183006,9.271775493783485,6.461027200306804,36.97233920216173,fib_offbyone_ratio,1.7142857142857142,0.09625172553581929
fibonacci_offbyone_growth,18,8,5,5,6,6,3.6,0.2777777777777778,0.5228758169934641,9.072386957514748,5.819145867052405,38.99107546822519,fib_offbyone_ratio,1.7142857142857142,0.09625172553581929
fibonacci_offbyone_growth,18,9,6,6,7,7,3.0,0.3333333333333333,0.48366013071895425,8.359681251488137,4.142194821068827,37.30843517896484,fib_offbyone_ratio,1.7142857142857142,0.09625172553581929
fibonacci_offbyone_growth,18,10,6,6,7,7,3.0,0.3333333333333333,0.5032679738562091,8.714945007612553,5.508757246160227,37.391798809821516,fib_offbyone_ratio,1.7142857142857142,0.09625172553581929
fibonacci_offbyone_growth,18,11,5,5,6,6,3.6,0.2777777777777778,0.49673202614379086,8.742253236620922,5.068852748744506,38.07084216225192,fib_offbyone_ratio,1.7142857142857142,0.09625172553581929
fibonacci_offbyone_growth,18,12,6,6,7,7,3.0,0.3333333333333333,0.5686274509803921,9.821220349183942,6.271144075895356,39.12490208111062,fib_offbyone_ratio,1.7142857142857142,0.09625172553581929
fibonacci_offbyone_growth,18,13,6,6,7,7,3.0,0.3333333333333333,0.49019607843137253,8.470523668132998,4.189051910793501,38.03861791324439,fib_offbyone_ratio,1.7142857142857142,0.09625172553581929
fibonacci_offbyone_growth,18,14,5,5,6,6,3.6,0.2777777777777778,0.49019607843137253,8.520782424815732,5.005239371540483,37.43970956744834,fib_offbyone_ratio,1.7142857142857142,0.09625172553581929
fibonacci_offbyone_growth,18,15,6,6,7,7,3.0,0.3333333333333333,0.5032679738562091,8.642469539818212,6.25692907950979,35.269489681012146,fib_offbyone_ratio,1.7142857142857142,0.09625172553581929
fibonacci_offbyone_growth,20,0,6,6,7,7,3.3333333333333335,0.3,0.4789473684210526,9.259864969202107,5.458235019345248,41.05636969336673,fib_offbyone_ratio,1.7142857142857142,0.09625172553581929
fibonacci_offbyone_growth,20,1,5,5,6,6,4.0,0.25,0.5368421052631579,10.383343118526877,7.3332042437595755,42.40636954068394,fib_offbyone_ratio,1.7142857142857142,0.09625172553581929
fibonacci_offbyone_growth,20,2,6,6,7,7,3.3333333333333335,0.3,0.5105263157894737,9.847375234847455,6.264067046412422,40.706251796172225,fib_offbyone_ratio,1.7142857142857142,0.09625172553581929
fibonacci_offbyone_growth,20,3,6,6,7,7,3.3333333333333335,0.3,0.5421052631578948,10.447196788994843,7.232922107613742,42.36611184322691,fib_offbyone_ratio,1.7142857142857142,0.09625172553581929
fibonacci_offbyone_growth,20,4,6,6,7,7,3.3333333333333335,0.3,0.5263157894736842,10.218568548905782,6.494993265028315,42.689788282666186,fib_offbyone_ratio,1.7142857142857142,0.09625172553581929
fibonacci_offbyone_growth,20,5,6,6,7,7,3.3333333333333335,0.3,0.4789473684210526,9.394202076901376,4.931754504138451,43.33592732386022,fib_offbyone_ratio,1.7142857142857142,0.09625172553581929
fibonacci_offbyone_growth,20,6,6,6,7,7,3.3333333333333335,0.3,0.4789473684210526,9.337769991737197,5.077139847629103,41.504610160453446,fib_offbyone_ratio,1.7142857142857142,0.09625172553581929
fibonacci_offbyone_growth,20,7,5,5,6,6,4.0,0.25,0.5368421052631579,10.383343118526877,7.3332042437595755,42.40636954068394,fib_offbyone_ratio,1.7142857142857142,0.09625172553581929
fibonacci_offbyone_growth,20,8,5,5,6,6,4.0,0.25,0.5210526315789473,10.040561238858942,6.274798701060821,43.68919485636407,fib_offbyone_ratio,1.7142857142857142,0.09625172553581929
fibonacci_offbyone_growth,20,9,7,7,8,8,2.857142857142857,0.35,0.48947368421052634,9.584595300328983,5.107701228235593,43.217196490643765,fib_offbyone_ratio,1.7142857142857142,0.09625172553581929
fibonacci_offbyone_growth,20,10,6,6,7,7,3.3333333333333335,0.3,0.49473684210526314,9.570538548744333,5.542356901606751,43.22704488714913,fib_offbyone_ratio,1.7142857142857142,0.09625172553581929
fibonacci_offbyone_growth,20,11,6,6,7,7,3.3333333333333335,0.3,0.49473684210526314,9.747696219231692,6.003210286160607,43.21580152421841,fib_offbyone_ratio,1.7142857142857142,0.09625172553581929
fibonacci_offbyone_growth,20,12,7,7,8,8,2.857142857142857,0.35,0.5736842105263158,11.009154379820561,6.86736870040486,45.1757151171944,fib_offbyone_ratio,1.7142857142857142,0.09625172553581929
fibonacci_offbyone_growth,20,13,6,6,7,7,3.3333333333333335,0.3,0.4842105263157895,9.430085258668848,4.915375797686545,43.79422805526515,fib_offbyone_ratio,1.7142857142857142,0.09625172553581929
fibonacci_offbyone_growth,20,14,6,6,7,7,3.3333333333333335,0.3,0.4842105263157895,9.369988228233048,5.214702798715896,42.964430153354876,fib_offbyone_ratio,1.7142857142857142,0.09625172553581929
fibonacci_offbyone_growth,20,15,6,6,7,7,3.3333333333333335,0.3,0.48947368421052634,9.44098718378783,6.618990612460683,41.53455242731454,fib_offbyone_ratio,1.7142857142857142,0.09625172553581929
fibonacci_offbyone_growth,22,0,7,7,8,8,3.142857142857143,0.3181818181818182,0.4805194805194805,10.321053786928065,6.173147674385811,45.33756721717745,fib_offbyone_ratio,1.6666666666666667,0.04863267791677184
fibonacci_offbyone_growth,22,1,5,5,6,6,4.4,0.22727272727272727,0.5367965367965368,11.41014392984427,8.11376817171968,48.429105914573455,fib_offbyone_ratio,1.6666666666666667,0.04863267791677184
fibonacci_offbyone_growth,22,2,6,6,7,7,3.6666666666666665,0.2727272727272727,0.5108225108225108,10.887432267057843,6.308496457934024,47.16150818834866,fib_offbyone_ratio,1.6666666666666667,0.04863267791677184
fibonacci_offbyone_growth,22,3,6,6,7,7,3.6666666666666665,0.2727272727272727,0.5324675324675324,11.306797356488744,7.810240428623484,48.544901876112064,fib_offbyone_ratio,1.6666666666666667,0.04863267791677184
fibonacci_offbyone_growth,22,4,7,7,8,8,3.142857142857143,0.3181818181818182,0.5151515151515151,11.046134538068218,6.4795871886418315,48.551318640479856,fib_offbyone_ratio,1.6666666666666667,0.04863267791677184
fibonacci_offbyone_growth,22,5,6,6,7,7,3.6666666666666665,0.2727272727272727,0.48917748917748916,10.442548042934728,5.578392620801767,50.37286745433997,fib_offbyone_ratio,1.6666666666666667,0.04863267791677184
fibonacci_offbyone_growth,22,6,6,6,7,7,3.6666666666666665,0.2727272727272727,0.48917748917748916,10.562758099937561,6.153862559243086,45.51501116623411,fib_offbyone_ratio,1.6666666666666667,0.04863267791677184
fibonacci_offbyone_growth,22,7,5,5,6,6,4.4,0.22727272727272727,0.5367965367965368,11.41014392984427,8.11376817171968,48.429105914573455,fib_offbyone_ratio,1.6666666666666667,0.04863267791677184
fibonacci_offbyone_growth,22,8,6,6,7,7,3.6666666666666665,0.2727272727272727,0.5151515151515151,10.987999440592738,6.658830865237656,48.59599672102012,fib_offbyone_ratio,1.6666666666666667,0.04863267791677184
fibonacci_offbyone_growth,22,9,7,7,8,8,3.142857142857143,0.3181818181818182,0.49783549783549785,10.668522446576892,5.837612441788032,49.643880920891455,fib_offbyone_ratio,1.6666666666666667,0.04863267791677184
fibonacci_offbyone_growth,22,10,7,7,8,8,3.142857142857143,0.3181818181818182,0.4935064935064935,10.602702110406202,6.353620890600553,47.46424838722683,fib_offbyone_ratio,1.6666666666666667,0.04863267791677184
fibonacci_offbyone_growth,22,11,6,6,7,7,3.6666666666666665,0.2727272727272727,0.4935064935064935,10.61924645358884,6.344149981425156,50.072985641569346,fib_offbyone_ratio,1.6666666666666667,0.04863267791677184
fibonacci_offbyone_growth,22,12,7,7,8,8,3.142857142857143,0.3181818181818182,0.5584415584415584,11.89487016263476,7.055777786852194,51.12662488003459,fib_offbyone_ratio,1.6666666666666667,0.04863267791677184
fibonacci_offbyone_growth,22,13,6,6,7,7,3.6666666666666665,0.2727272727272727,0.4935064935064935,10.537781349755699,5.859001275825913,50.0178207338528,fib_offbyone_ratio,1.6666666666666667,0.04863267791677184
fibonacci_offbyone_growth,22,14,7,7,8,8,3.142857142857143,0.3181818181818182,0.4935064935064935,10.59884396798767,5.9733679103688075,49.31066362838857,fib_offbyone_ratio,1.6666666666666667,0.04863267791677184
fibonacci_offbyone_growth,22,15,7,7,8,8,3.142857142857143,0.3181818181818182,0.4935064935064935,10.495216709971354,7.540657363132981,46.71635249331706,fib_offbyone_ratio,1.6666666666666667,0.04863267791677184
fibonacci_offbyone_growth,24,0,7,7,8,8,3.4285714285714284,0.2916666666666667,0.4746376811594203,11.146876356180499,6.050926786897674,52.258023734121885,fib_offbyone_ratio,1.6666666666666667,0.04863267791677184
fibonacci_offbyone_growth,24,1,6,6,7,7,4.0,0.25,0.532608695652174,12.357459417149734,8.471475541307925,54.58965696112471,fib_offbyone_ratio,1.6666666666666667,0.04863267791677184
fibonacci_offbyone_growth,24,2,7,7,8,8,3.4285714285714284,0.2916666666666667,0.5108695652173914,11.952400561564824,7.137674412900455,52.59902983608528,fib_offbyone_ratio,1.6666666666666667,0.04863267791677184
fibonacci_offbyone_growth,24,3,7,7,8,8,3.4285714285714284,0.2916666666666667,0.5217391304347826,12.114344433891006,8.167025495900289,54.46880460859623,fib_offbyone_ratio,1.6666666666666667,0.04863267791677184
fibonacci_offbyone_growth,24,4,8,8,9,9,3.0,0.3333333333333333,0.5072463768115942,11.919655158687622,6.966036036675638,54.03476307321112,fib_offbyone_ratio,1.6666666666666667,0.04863267791677184
fibonacci_offbyone_growth,24,5,7,7,8,8,3.4285714285714284,0.2916666666666667,0.4927536231884058,11.488400740107782,6.276544338604049,57.353714480398715,fib_offbyone_ratio,1.6666666666666667,0.04863267791677184
fibonacci_offbyone_growth,24,6,7,7,8,8,3.4285714285714284,0.2916666666666667,0.4927536231884058,11.657733893462096,6.225159937301168,51.88482516707951,fib_offbyone_ratio,1.6666666666666667,0.04863267791677184
fibonacci_offbyone_growth,24,7,6,6,7,7,4.0,0.25,0.532608695652174,12.357459417149734,8.471475541307925,54.58965696112471,fib_offbyone_ratio,1.6666666666666667,0.04863267791677184
fibonacci_offbyone_growth,24,8,7,7,8,8,3.4285714285714284,0.2916666666666667,0.5108695652173914,11.917132858906598,6.664325808389833,55.30626436748416,fib_offbyone_ratio,1.6666666666666667,0.04863267791677184
fibonacci_offbyone_growth,24,9,7,7,8,8,3.4285714285714284,0.2916666666666667,0.5,11.690078814968441,6.3222779263354765,56.53614574768955,fib_offbyone_ratio,1.6666666666666667,0.04863267791677184
fibonacci_offbyone_growth,24,10,7,7,8,8,3.4285714285714284,0.2916666666666667,0.4855072463768116,11.40816218865612,6.096004327588841,53.311714838575014,fib_offbyone_ratio,1.6666666666666667,0.04863267791677184
fibonacci_offbyone_growth,24,11,6,6,7,7,4.0,0.25,0.4891304347826087,11.458640353229665,6.577246555852302,55.64068418061812,fib_offbyone_ratio,1.6666666666666667,0.04863267791677184
fibonacci_offbyone_growth,24,12,7,7,8,8,3.4285714285714284,0.2916666666666667,0.5507246376811594,12.859821499986758,7.852243410153883,56.31038207665552,fib_offbyone_ratio,1.6666666666666667,0.04863267791677184
fibonacci_offbyone_growth,24,13,7,7,8,8,3.4285714285714284,0.2916666666666667,0.5,11.649323465922244,6.4576071578851915,57.51407337770601,fib_offbyone_ratio,1.6666666666666667,0.04863267791677184
fibonacci_offbyone_growth,24,14,8,8,9,9,3.0,0.3333333333333333,0.5,11.794432333851283,6.722407710420411,54.855753879695754,fib_offbyone_ratio,1.6666666666666667,0.04863267791677184
fibonacci_offbyone_growth,24,15,7,7,8,8,3.4285714285714284,0.2916666666666667,0.4963768115942029,11.526975218817404,8.056114275876473,52.79233482836519,fib_offbyone_ratio,1.6666666666666667,0.04863267791677184
fibonacci_offbyone_growth,26,0,8,8,9,9,3.25,0.3076923076923077,0.47384615384615386,11.97910068631118,6.450713037651908,57.46082461275914,fib_offbyone_ratio,1.6666666666666667,0.04863267791677184
fibonacci_offbyone_growth,26,1,6,6,7,7,4.333333333333333,0.23076923076923078,0.5292307692307693,13.337117418167605,8.992023550271053,61.12718417281236,fib_offbyone_ratio,1.6666666666666667,0.04863267791677184
fibonacci_offbyone_growth,26,2,7,7,8,8,3.7142857142857144,0.2692307692307692,0.52,13.178844563463873,7.38681016600822,58.80666737700486,fib_offbyone_ratio,1.6666666666666667,0.04863267791677184
fibonacci_offbyone_growth,26,3,7,7,8,8,3.7142857142857144,0.2692307692307692,0.5138461538461538,12.967116984680926,8.567165187810161,60.50464199850734,fib_offbyone_ratio,1.6666666666666667,0.04863267791677184
fibonacci_offbyone_growth,26,4,8,8,9,9,3.25,0.3076923076923077,0.5107692307692308,12.963828436558735,7.119425420867156,60.47462715081581,fib_offbyone_ratio,1.6666666666666667,0.04863267791677184
fibonacci_offbyone_growth,26,5,7,7,8,8,3.7142857142857144,0.2692307692307692,0.49538461538461537,12.543292695290056,6.600501725753769,63.99144791845661,fib_offbyone_ratio,1.6666666666666667,0.04863267791677184
fibonacci_offbyone_growth,26,6,7,7,8,8,3.7142857142857144,0.2692307692307692,0.49230769230769234,12.520101073603879,6.668080134189193,56.30885385668361,fib_offbyone_ratio,1.6666666666666667,0.04863267791677184
fibonacci_offbyone_growth,26,7,6,6,7,7,4.333333333333333,0.23076923076923078,0.5230769230769231,13.189374112294686,8.992818814120135,60.18038859270236,fib_offbyone_ratio,1.6666666666666667,0.04863267791677184
fibonacci_offbyone_growth,26,8,7,7,8,8,3.7142857142857144,0.2692307692307692,0.5169230769230769,13.033242685614837,7.300979044354066,61.85350190320153,fib_offbyone_ratio,1.6666666666666667,0.04863267791677184
fibonacci_offbyone_growth,26,9,7,7,8,8,3.7142857142857144,0.2692307692307692,0.5015384615384615,12.714831689605973,6.7811240115226745,62.702630365632075,fib_offbyone_ratio,1.6666666666666667,0.04863267791677184
fibonacci_offbyone_growth,26,10,7,7,8,8,3.7142857142857144,0.2692307692307692,0.48307692307692307,12.21753194973282,6.528713483730585,58.58822019879074,fib_offbyone_ratio,1.6666666666666667,0.04863267791677184
fibonacci_offbyone_growth,26,11,6,6,7,7,4.333333333333333,0.23076923076923078,0.49846153846153846,12.696243255703758,7.240779063871386,62.41125497038104,fib_offbyone_ratio,1.6666666666666667,0.04863267791677184
fibonacci_offbyone_growth,26,12,8,8,9,9,3.25,0.3076923076923077,0.5446153846153846,13.736716865469674,7.7513855852713025,63.30175280763734,fib_offbyone_ratio,1.6666666666666667,0.04863267791677184
fibonacci_offbyone_growth,26,13,7,7,8,8,3.7142857142857144,0.2692307692307692,0.5076923076923077,12.850520992144535,7.1880915590274945,63.62757790474798,fib_offbyone_ratio,1.6666666666666667,0.04863267791677184
fibonacci_offbyone_growth,26,14,8,8,9,9,3.25,0.3076923076923077,0.5015384615384615,12.71673484822239,6.854102569768512,60.97347607470469,fib_offbyone_ratio,1.6666666666666667,0.04863267791677184
fibonacci_offbyone_growth,26,15,8,8,9,9,3.25,0.3076923076923077,0.5015384615384615,12.66116097871419,8.851028078714613,58.02318168455675,fib_offbyone_ratio,1.6666666666666667,0.04863267791677184
fibonacci_offbyone_growth,28,0,8,8,9,9,3.5,0.2857142857142857,0.47354497354497355,12.931284339343097,6.4886745644530155,64.96452095676894,fib_offbyone_ratio,1.6666666666666667,0.04863267791677184
fibonacci_offbyone_growth,28,1,6,6,7,7,4.666666666666667,0.21428571428571427,0.5317460317460317,14.464846117853504,9.541800082524642,67.6495066684937,fib_offbyone_ratio,1.6666666666666667,0.04863267791677184
fibonacci_offbyone_growth,28,2,7,7,8,8,4.0,0.25,0.5185185185185185,14.143781857930495,8.049135253089684,65.62883568644251,fib_offbyone_ratio,1.6666666666666667,0.04863267791677184
fibonacci_offbyone_growth,28,3,7,7,8,8,4.0,0.25,0.5132275132275133,13.965717138711227,8.870440500109883,67.41151721333887,fib_offbyone_ratio,1.6666666666666667,0.04863267791677184
fibonacci_offbyone_growth,28,4,8,8,9,9,3.5,0.2857142857142857,0.5052910052910053,13.82305302543389,7.579225441948535,66.30461492448812,fib_offbyone_ratio,1.6666666666666667,0.04863267791677184
fibonacci_offbyone_growth,28,5,8,8,9,9,3.5,0.2857142857142857,0.5,13.639074163016915,7.604082378711575,70.19328756617475,fib_offbyone_ratio,1.6666666666666667,0.04863267791677184
fibonacci_offbyone_growth,28,6,8,8,9,9,3.5,0.2857142857142857,0.4947089947089947,13.532537302574013,7.075471041678697,64.11055762667164,fib_offbyone_ratio,1.6666666666666667,0.04863267791677184
fibonacci_offbyone_growth,28,7,6,6,7,7,4.666666666666667,0.21428571428571427,0.5211640211640212,14.20242416102403,9.497698349163453,67.01100045778914,fib_offbyone_ratio,1.6666666666666667,0.04863267791677184
fibonacci_offbyone_growth,28,8,7,7,8,8,4.0,0.25,0.5158730158730159,14.050616667290235,7.55666858161193,68.64318152846673,fib_offbyone_ratio,1.6666666666666667,0.04863267791677184
fibonacci_offbyone_growth,28,9,8,8,9,9,3.5,0.2857142857142857,0.5052910052910053,13.803958520081128,7.763448729215468,69.34506777333314,fib_offbyone_ratio,1.6666666666666667,0.04863267791677184
fibonacci_offbyone_growth,28,10,7,7,8,8,4.0,0.25,0.48148148148148145,13.152535325614094,6.501537548355729,65.76685790613222,fib_offbyone_ratio,1.6666666666666667,0.04863267791677184
fibonacci_offbyone_growth,28,11,6,6,7,7,4.666666666666667,0.21428571428571427,0.5,13.731177352288118,7.7898984100069475,68.7048117439266,fib_offbyone_ratio,1.6666666666666667,0.04863267791677184
fibonacci_offbyone_growth,28,12,8,8,9,9,3.5,0.2857142857142857,0.5370370370370371,14.629604773320006,8.627743250843476,69.3085357837392,fib_offbyone_ratio,1.6666666666666667,0.04863267791677184
fibonacci_offbyone_growth,28,13,7,7,8,8,4.0,0.25,0.5052910052910053,13.790675297953111,8.030820252611647,70.23837149956239,fib_offbyone_ratio,1.6666666666666667,0.04863267791677184
fibonacci_offbyone_growth,28,14,8,8,9,9,3.5,0.2857142857142857,0.5052910052910053,13.795948706894698,7.675498852790562,67.09766067936019,fib_offbyone_ratio,1.6666666666666667,0.04863267791677184
fibonacci_offbyone_growth,28,15,8,8,9,9,3.5,0.2857142857142857,0.5,13.619234606221905,9.689455112631922,64.13960755467498,fib_offbyone_ratio,1.6666666666666667,0.04863267791677184
balanced_binary_partitions,8,0,4,4,5,5,2.0,0.5,0.7142857142857143,5.0,3.999999999999999,14.000000000000002,binary_partition_ratio,1.0,0.6180339887498949
balanced_binary_partitions,8,1,4,4,5,5,2.0,0.5,0.2857142857142857,2.0,0.0,7.999999999999999,binary_partition_ratio,1.0,0.6180339887498949
balanced_binary_partitions,8,2,4,4,5,5,2.0,0.5,0.7142857142857143,5.0,3.999999999999999,14.000000000000002,binary_partition_ratio,1.0,0.6180339887498949
balanced_binary_partitions,8,3,4,4,5,5,2.0,0.5,0.2857142857142857,2.0,0.0,7.999999999999999,binary_partition_ratio,1.0,0.6180339887498949
balanced_binary_partitions,8,4,4,4,5,5,2.0,0.5,0.7142857142857143,5.0,3.999999999999999,14.000000000000002,binary_partition_ratio,1.0,0.6180339887498949
balanced_binary_partitions,8,5,4,4,5,5,2.0,0.5,0.2857142857142857,2.0,0.0,7.999999999999999,binary_partition_ratio,1.0,0.6180339887498949
balanced_binary_partitions,8,6,4,4,5,5,2.0,0.5,0.7142857142857143,5.0,3.999999999999999,14.000000000000002,binary_partition_ratio,1.0,0.6180339887498949
balanced_binary_partitions,8,7,4,4,5,5,2.0,0.5,0.2857142857142857,2.0,0.0,7.999999999999999,binary_partition_ratio,1.0,0.6180339887498949
balanced_binary_partitions,8,8,4,4,5,5,2.0,0.5,0.7142857142857143,5.0,3.999999999999999,14.000000000000002,binary_partition_ratio,1.0,0.6180339887498949
balanced_binary_partitions,8,9,4,4,5,5,2.0,0.5,0.2857142857142857,2.0,0.0,7.999999999999999,binary_partition_ratio,1.0,0.6180339887498949
balanced_binary_partitions,8,10,4,4,5,5,2.0,0.5,0.7142857142857143,5.0,3.999999999999999,14.000000000000002,binary_partition_ratio,1.0,0.6180339887498949
balanced_binary_partitions,8,11,4,4,5,5,2.0,0.5,0.2857142857142857,2.0,0.0,7.999999999999999,binary_partition_ratio,1.0,0.6180339887498949
balanced_binary_partitions,8,12,4,4,5,5,2.0,0.5,0.7142857142857143,5.0,3.999999999999999,14.000000000000002,binary_partition_ratio,1.0,0.6180339887498949
balanced_binary_partitions,8,13,4,4,5,5,2.0,0.5,0.2857142857142857,2.0,0.0,7.999999999999999,binary_partition_ratio,1.0,0.6180339887498949
balanced_binary_partitions,8,14,4,4,5,5,2.0,0.5,0.7142857142857143,5.0,3.999999999999999,14.000000000000002,binary_partition_ratio,1.0,0.6180339887498949
balanced_binary_partitions,8,15,4,4,5,5,2.0,0.5,0.2857142857142857,2.0,0.0,7.999999999999999,binary_partition_ratio,1.0,0.6180339887498949
balanced_binary_partitions,10,0,4,4,5,5,2.5,0.4,0.6888888888888889,6.22386109133656,5.046451410437275,17.123674056914776,binary_partition_ratio,1.0,0.6180339887498949
balanced_binary_partitions,10,1,4,4,5,5,2.5,0.4,0.3111111111111111,2.8557725066359887,0.0,12.709638723597136,binary_partition_ratio,1.0,0.6180339887498949
balanced_binary_partitions,10,2,4,4,5,5,2.5,0.4,0.6888888888888889,6.22386109133656,5.046451410437275,17.123674056914776,binary_partition_ratio,1.0,0.6180339887498949
balanced_binary_partitions,10,3,4,4,5,5,2.5,0.4,0.3111111111111111,2.8557725066359887,0.0,12.709638723597136,binary_partition_ratio,1.0,0.6180339887498949
balanced_binary_partitions,10,4,4,4,5,5,2.5,0.4,0.6888888888888889,6.22386109133656,5.046451410437275,17.123674056914776,binary_partition_ratio,1.0,0.6180339887498949
balanced_binary_partitions,10,5,4,4,5,5,2.5,0.4,0.3111111111111111,2.8557725066359887,0.0,12.709638723597136,binary_partition_ratio,1.0,0.6180339887498949
balanced_binary_partitions,10,6,4,4,5,5,2.5,0.4,0.6888888888888889,6.22386109133656,5.046451410437275,17.123674056914776,binary_partition_ratio,1.0,0.6180339887498949
balanced_binary_partitions,10,7,4,4,5,5,2.5,0.4,0.3111111111111111,2.8557725066359887,0.0,12.709638723597136,binary_partition_ratio,1.0,0.6180339887498949
balanced_binary_partitions,10,8,4,4,5,5,2.5,0.4,0.6888888888888889,6.22386109133656,5.046451410437275,17.123674056914776,binary_partition_ratio,1.0,0.6180339887498949
balanced_binary_partitions,10,9,4,4,5,5,2.5,0.4,0.3111111111111111,2.8557725066359887,0.0,12.709638723597136,binary_partition_ratio,1.0,0.6180339887498949
balanced_binary_partitions,10,10,4,4,5,5,2.5,0.4,0.6888888888888889,6.22386109133656,5.046451410437275,17.123674056914776,binary_partition_ratio,1.0,0.6180339887498949
balanced_binary_partitions,10,11,4,4,5,5,2.5,0.4,0.3111111111111111,2.8557725066359887,0.0,12.709638723597136,binary_partition_ratio,1.0,0.6180339887498949
balanced_binary_partitions,10,12,4,4,5,5,2.5,0.4,0.6888888888888889,6.22386109133656,5.046451410437275,17.123674056914776,binary_partition_ratio,1.0,0.6180339887498949
balanced_binary_partitions,10,13,4,4,5,5,2.5,0.4,0.3111111111111111,2.8557725066359887,0.0,12.709638723597136,binary_partition_ratio,1.0,0.6180339887498949
balanced_binary_partitions,10,14,4,4,5,5,2.5,0.4,0.6888888888888889,6.22386109133656,5.046451410437275,17.123674056914776,binary_partition_ratio,1.0,0.6180339887498949
balanced_binary_partitions,10,15,4,4,5,5,2.5,0.4,0.3111111111111111,2.8557725066359887,0.0,12.709638723597136,binary_partition_ratio,1.0,0.6180339887498949
balanced_binary_partitions,12,0,4,4,5,5,3.0,0.3333333333333333,0.6666666666666666,7.358898943540675,5.944685381167579,20.374652136573733,binary_partition_ratio,1.0,0.6180339887498949
balanced_binary_partitions,12,1,4,4,5,5,3.0,0.3333333333333333,0.3333333333333333,3.7320508075688763,0.0,17.656854249492373,binary_partition_ratio,1.0,0.6180339887498949
balanced_binary_partitions,12,2,4,4,5,5,3.0,0.3333333333333333,0.6666666666666666,7.358898943540675,5.944685381167579,20.374652136573733,binary_partition_ratio,1.0,0.6180339887498949
balanced_binary_partitions,12,3,4,4,5,5,3.0,0.3333333333333333,0.3333333333333333,3.7320508075688763,0.0,17.656854249492373,binary_partition_ratio,1.0,0.6180339887498949
balanced_binary_partitions,12,4,4,4,5,5,3.0,0.3333333333333333,0.6666666666666666,7.358898943540675,5.944685381167579,20.374652136573733,binary_partition_ratio,1.0,0.6180339887498949
balanced_binary_partitions,12,5,4,4,5,5,3.0,0.3333333333333333,0.3333333333333333,3.7320508075688763,0.0,17.656854249492373,binary_partition_ratio,1.0,0.6180339887498949
balanced_binary_partitions,12,6,4,4,5,5,3.0,0.3333333333333333,0.6666666666666666,7.358898943540675,5.944685381167579,20.374652136573733,binary_partition_ratio,1.0,0.6180339887498949
balanced_binary_partitions,12,7,4,4,5,5,3.0,0.3333333333333333,0.3333333333333333,3.7320508075688763,0.0,17.656854249492373,binary_partition_ratio,1.0,0.6180339887498949
balanced_binary_partitions,12,8,4,4,5,5,3.0,0.3333333333333333,0.6666666666666666,7.358898943540675,5.944685381167579,20.374652136573733,binary_partition_ratio,1.0,0.6180339887498949
balanced_binary_partitions,12,9,4,4,5,5,3.0,0.3333333333333333,0.3333333333333333,3.7320508075688763,0.0,17.656854249492373,binary_partition_ratio,1.0,0.6180339887498949
balanced_binary_partitions,12,10,4,4,5,5,3.0,0.3333333333333333,0.6666666666666666,7.358898943540675,5.944685381167579,20.374652136573733,binary_partition_ratio,1.0,0.6180339887498949
balanced_binary_partitions,12,11,4,4,5,5,3.0,0.3333333333333333,0.3333333333333333,3.7320508075688763,0.0,17.656854249492373,binary_partition_ratio,1.0,0.6180339887498949
balanced_binary_partitions,12,12,4,4,5,5,3.0,0.3333333333333333,0.6666666666666666,7.358898943540675,5.944685381167579,20.374652136573733,binary_partition_ratio,1.0,0.6180339887498949
balanced_binary_partitions,12,13,4,4,5,5,3.0,0.3333333333333333,0.3333333333333333,3.7320508075688763,0.0,17.656854249492373,binary_partition_ratio,1.0,0.6180339887498949
balanced_binary_partitions,12,14,4,4,5,5,3.0,0.3333333333333333,0.6666666666666666,7.358898943540675,5.944685381167579,20.374652136573733,binary_partition_ratio,1.0,0.6180339887498949
balanced_binary_partitions,12,15,4,4,5,5,3.0,0.3333333333333333,0.3333333333333333,3.7320508075688763,0.0,17.656854249492373,binary_partition_ratio,1.0,0.6180339887498949
balanced_binary_partitions,14,0,4,4,5,5,3.5,0.2857142857142857,0.6703296703296703,8.738061201377722,7.064363418775778,24.12255422101586,binary_partition_ratio,1.0,0.6180339887498949
balanced_binary_partitions,14,1,4,4,5,5,3.5,0.2857142857142857,0.32967032967032966,4.32803128949561,1.7763568394002505e-15,22.694791130407772,binary_partition_ratio,1.0,0.6180339887498949
balanced_binary_partitions,14,2,4,4,5,5,3.5,0.2857142857142857,0.6703296703296703,8.738061201377722,7.064363418775778,24.12255422101586,binary_partition_ratio,1.0,0.6180339887498949
balanced_binary_partitions,14,3,4,4,5,5,3.5,0.2857142857142857,0.32967032967032966,4.32803128949561,1.7763568394002505e-15,22.694791130407772,binary_partition_ratio,1.0,0.6180339887498949
balanced_binary_partitions,14,4,4,4,5,5,3.5,0.2857142857142857,0.6703296703296703,8.738061201377722,7.064363418775778,24.12255422101586,binary_partition_ratio,1.0,0.6180339887498949
balanced_binary_partitions,14,5,4,4,5,5,3.5,0.2857142857142857,0.32967032967032966,4.32803128949561,1.7763568394002505e-15,22.694791130407772,binary_partition_ratio,1.0,0.6180339887498949
balanced_binary_partitions,14,6,4,4,5,5,3.5,0.2857142857142857,0.6703296703296703,8.738061201377722,7.064363418775778,24.12255422101586,binary_partition_ratio,1.0,0.6180339887498949
balanced_binary_partitions,14,7,4,4,5,5,3.5,0.2857142857142857,0.32967032967032966,4.32803128949561,1.7763568394002505e-15,22.694791130407772,binary_partition_ratio,1.0,0.6180339887498949
balanced_binary_partitions,14,8,4,4,5,5,3.5,0.2857142857142857,0.6703296703296703,8.738061201377722,7.064363418775778,24.12255422101586,binary_partition_ratio,1.0,0.6180339887498949
balanced_binary_partitions,14,9,4,4,5,5,3.5,0.2857142857142857,0.32967032967032966,4.32803128949561,1.7763568394002505e-15,22.694791130407772,binary_partition_ratio,1.0,0.6180339887498949
balanced_binary_partitions,14,10,4,4,5,5,3.5,0.2857142857142857,0.6703296703296703,8.738061201377722,7.064363418775778,24.12255422101586,binary_partition_ratio,1.0,0.6180339887498949
balanced_binary_partitions,14,11,4,4,5,5,3.5,0.2857142857142857,0.32967032967032966,4.32803128949561,1.7763568394002505e-15,22.694791130407772,binary_partition_ratio,1.0,0.6180339887498949
balanced_binary_partitions,14,12,4,4,5,5,3.5,0.2857142857142857,0.6703296703296703,8.738061201377722,7.064363418775778,24.12255422101586,binary_partition_ratio,1.0,0.6180339887498949
balanced_binary_partitions,14,13,4,4,5,5,3.5,0.2857142857142857,0.32967032967032966,4.32803128949561,1.7763568394002505e-15,22.694791130407772,binary_partition_ratio,1.0,0.6180339887498949
balanced_binary_partitions,14,14,4,4,5,5,3.5,0.2857142857142857,0.6703296703296703,8.738061201377722,7.064363418775778,24.12255422101586,binary_partition_ratio,1.0,0.6180339887498949
balanced_binary_partitions,14,15,4,4,5,5,3.5,0.2857142857142857,0.32967032967032966,4.32803128949561,1.7763568394002505e-15,22.694791130407772,binary_partition_ratio,1.0,0.6180339887498949
balanced_binary_partitions,16,0,4,4,5,5,4.0,0.25,0.6666666666666666,10.0,7.999999999999999,28.0,binary_partition_ratio,1.0,0.6180339887498949
balanced_binary_partitions,16,1,4,4,5,5,4.0,0.25,0.3333333333333333,5.0,0.0,28.000000000000007,binary_partition_ratio,1.0,0.6180339887498949
balanced_binary_partitions,16,2,4,4,5,5,4.0,0.25,0.6666666666666666,10.0,7.999999999999999,28.0,binary_partition_ratio,1.0,0.6180339887498949
balanced_binary_partitions,16,3,4,4,5,5,4.0,0.25,0.3333333333333333,5.0,0.0,28.000000000000007,binary_partition_ratio,1.0,0.6180339887498949
balanced_binary_partitions,16,4,4,4,5,5,4.0,0.25,0.6666666666666666,10.0,7.999999999999999,28.0,binary_partition_ratio,1.0,0.6180339887498949
balanced_binary_partitions,16,5,4,4,5,5,4.0,0.25,0.3333333333333333,5.0,0.0,28.000000000000007,binary_partition_ratio,1.0,0.6180339887498949
balanced_binary_partitions,16,6,4,4,5,5,4.0,0.25,0.6666666666666666,10.0,7.999999999999999,28.0,binary_partition_ratio,1.0,0.6180339887498949
balanced_binary_partitions,16,7,4,4,5,5,4.0,0.25,0.3333333333333333,5.0,0.0,28.000000000000007,binary_partition_ratio,1.0,0.6180339887498949
balanced_binary_partitions,16,8,4,4,5,5,4.0,0.25,0.6666666666666666,10.0,7.999999999999999,28.0,binary_partition_ratio,1.0,0.6180339887498949
balanced_binary_partitions,16,9,4,4,5,5,4.0,0.25,0.3333333333333333,5.0,0.0,28.000000000000007,binary_partition_ratio,1.0,0.6180339887498949
balanced_binary_partitions,16,10,4,4,5,5,4.0,0.25,0.6666666666666666,10.0,7.999999999999999,28.0,binary_partition_ratio,1.0,0.6180339887498949
balanced_binary_partitions,16,11,4,4,5,5,4.0,0.25,0.3333333333333333,5.0,0.0,28.000000000000007,binary_partition_ratio,1.0,0.6180339887498949
balanced_binary_partitions,16,12,4,4,5,5,4.0,0.25,0.6666666666666666,10.0,7.999999999999999,28.0,binary_partition_ratio,1.0,0.6180339887498949
balanced_binary_partitions,16,13,4,4,5,5,4.0,0.25,0.3333333333333333,5.0,0.0,28.000000000000007,binary_partition_ratio,1.0,0.6180339887498949
balanced_binary_partitions,16,14,4,4,5,5,4.0,0.25,0.6666666666666666,10.0,7.999999999999999,28.0,binary_partition_ratio,1.0,0.6180339887498949
balanced_binary_partitions,16,15,4,4,5,5,4.0,0.25,0.3333333333333333,5.0,0.0,28.000000000000007,binary_partition_ratio,1.0,0.6180339887498949
balanced_binary_partitions,18,0,6,6,7,7,3.0,0.3333333333333333,0.673202614379085,11.470007931349505,9.063851156736298,33.85961847328109,binary_partition_ratio,1.0,0.6180339887498949
balanced_binary_partitions,18,1,6,6,7,7,3.0,0.3333333333333333,0.32679738562091504,5.586812149175038,0.0,31.02125937010728,binary_partition_ratio,1.0,0.6180339887498949
balanced_binary_partitions,18,2,6,6,7,7,3.0,0.3333333333333333,0.673202614379085,11.470007931349505,9.063851156736298,33.85961847328109,binary_partition_ratio,1.0,0.6180339887498949
balanced_binary_partitions,18,3,6,6,7,7,3.0,0.3333333333333333,0.32679738562091504,5.586812149175038,0.0,31.02125937010728,binary_partition_ratio,1.0,0.6180339887498949
balanced_binary_partitions,18,4,6,6,7,7,3.0,0.3333333333333333,0.673202614379085,11.470007931349505,9.063851156736298,33.85961847328109,binary_partition_ratio,1.0,0.6180339887498949
balanced_binary_partitions,18,5,6,6,7,7,3.0,0.3333333333333333,0.32679738562091504,5.586812149175038,0.0,31.02125937010728,binary_partition_ratio,1.0,0.6180339887498949
balanced_binary_partitions,18,6,6,6,7,7,3.0,0.3333333333333333,0.673202614379085,11.470007931349505,9.063851156736298,33.85961847328109,binary_partition_ratio,1.0,0.6180339887498949
balanced_binary_partitions,18,7,6,6,7,7,3.0,0.3333333333333333,0.32679738562091504,5.586812149175038,0.0,31.02125937010728,binary_partition_ratio,1.0,0.6180339887498949
balanced_binary_partitions,18,8,6,6,7,7,3.0,0.3333333333333333,0.673202614379085,11.470007931349505,9.063851156736298,33.85961847328109,binary_partition_ratio,1.0,0.6180339887498949
balanced_binary_partitions,18,9,6,6,7,7,3.0,0.3333333333333333,0.32679738562091504,5.586812149175038,0.0,31.02125937010728,binary_partition_ratio,1.0,0.6180339887498949
balanced_binary_partitions,18,10,6,6,7,7,3.0,0.3333333333333333,0.673202614379085,11.470007931349505,9.063851156736298,33.85961847328109,binary_partition_ratio,1.0,0.6180339887498949
balanced_binary_partitions,18,11,6,6,7,7,3.0,0.3333333333333333,0.32679738562091504,5.586812149175038,0.0,31.02125937010728,binary_partition_ratio,1.0,0.6180339887498949
balanced_binary_partitions,18,12,6,6,7,7,3.0,0.3333333333333333,0.673202614379085,11.470007931349505,9.063851156736298,33.85961847328109,binary_partition_ratio,1.0,0.6180339887498949
balanced_binary_partitions,18,13,6,6,7,7,3.0,0.3333333333333333,0.32679738562091504,5.586812149175038,0.0,31.02125937010728,binary_partition_ratio,1.0,0.6180339887498949
balanced_binary_partitions,18,14,6,6,7,7,3.0,0.3333333333333333,0.673202614379085,11.470007931349505,9.063851156736298,33.85961847328109,binary_partition_ratio,1.0,0.6180339887498949
balanced_binary_partitions,18,15,6,6,7,7,3.0,0.3333333333333333,0.32679738562091504,5.586812149175038,0.0,31.02125937010728,binary_partition_ratio,1.0,0.6180339887498949
balanced_binary_partitions,20,0,6,6,7,7,3.3333333333333335,0.3,0.6736842105263158,12.812284119500394,9.956511612864404,39.821859826999045,binary_partition_ratio,1.0,0.6180339887498949
balanced_binary_partitions,20,1,6,6,7,7,3.3333333333333335,0.3,0.3263157894736842,6.223861091336563,2.6645352591003757e-15,34.24734811382956,binary_partition_ratio,1.0,0.6180339887498949
balanced_binary_partitions,20,2,6,6,7,7,3.3333333333333335,0.3,0.6736842105263158,12.812284119500394,9.956511612864404,39.821859826999045,binary_partition_ratio,1.0,0.6180339887498949
balanced_binary_partitions,20,3,6,6,7,7,3.3333333333333335,0.3,0.3263157894736842,6.223861091336563,2.6645352591003757e-15,34.24734811382956,binary_partition_ratio,1.0,0.6180339887498949
balanced_binary_partitions,20,4,6,6,7,7,3.3333333333333335,0.3,0.6736842105263158,12.812284119500394,9.956511612864404,39.821859826999045,binary_partition_ratio,1.0,0.6180339887498949
balanced_binary_partitions,20,5,6,6,7,7,3.3333333333333335,0.3,0.3263157894736842,6.223861091336563,2.6645352591003757e-15,34.24734811382956,binary_partition_ratio,1.0,0.6180339887498949
balanced_binary_partitions,20,6,6,6,7,7,3.3333333333333335,0.3,0.6736842105263158,12.812284119500394,9.956511612864404,39.821859826999045,binary_partition_ratio,1.0,0.6180339887498949
balanced_binary_partitions,20,7,6,6,7,7,3.3333333333333335,0.3,0.3263157894736842,6.223861091336563,2.6645352591003757e-15,34.24734811382956,binary_partition_ratio,1.0,0.6180339887498949
balanced_binary_partitions,20,8,6,6,7,7,3.3333333333333335,0.3,0.6736842105263158,12.812284119500394,9.956511612864404,39.821859826999045,binary_partition_ratio,1.0,0.6180339887498949
balanced_binary_partitions,20,9,6,6,7,7,3.3333333333333335,0.3,0.3263157894736842,6.223861091336563,2.6645352591003757e-15,34.24734811382956,binary_partition_ratio,1.0,0.6180339887498949
balanced_binary_partitions,20,10,6,6,7,7,3.3333333333333335,0.3,0.6736842105263158,12.812284119500394,9.956511612864404,39.821859826999045,binary_partition_ratio,1.0,0.6180339887498949
balanced_binary_partitions,20,11,6,6,7,7,3.3333333333333335,0.3,0.3263157894736842,6.223861091336563,2.6645352591003757e-15,34.24734811382956,binary_partition_ratio,1.0,0.6180339887498949
balanced_binary_partitions,20,12,6,6,7,7,3.3333333333333335,0.3,0.6736842105263158,12.812284119500394,9.956511612864404,39.821859826999045,binary_partition_ratio,1.0,0.6180339887498949
balanced_binary_partitions,20,13,6,6,7,7,3.3333333333333335,0.3,0.3263157894736842,6.223861091336563,2.6645352591003757e-15,34.24734811382956,binary_partition_ratio,1.0,0.6180339887498949
balanced_binary_partitions,20,14,6,6,7,7,3.3333333333333335,0.3,0.6736842105263158,12.812284119500394,9.956511612864404,39.821859826999045,binary_partition_ratio,1.0,0.6180339887498949
balanced_binary_partitions,20,15,6,6,7,7,3.3333333333333335,0.3,0.3263157894736842,6.223861091336563,2.6645352591003757e-15,34.24734811382956,binary_partition_ratio,1.0,0.6180339887498949
balanced_binary_partitions,22,0,8,8,9,9,2.75,0.36363636363636365,0.6796536796536796,14.303383936476079,11.030605508342997,45.8825311570237,binary_partition_ratio,1.0,0.6180339887498949
balanced_binary_partitions,22,1,8,8,9,9,2.75,0.36363636363636365,0.3203463203463203,6.769049616044937,8.881784197001252e-16,37.40990675478676,binary_partition_ratio,1.0,0.6180339887498949
balanced_binary_partitions,22,2,8,8,9,9,2.75,0.36363636363636365,0.6796536796536796,14.303383936476079,11.030605508342997,45.8825311570237,binary_partition_ratio,1.0,0.6180339887498949
balanced_binary_partitions,22,3,8,8,9,9,2.75,0.36363636363636365,0.3203463203463203,6.769049616044937,8.881784197001252e-16,37.40990675478676,binary_partition_ratio,1.0,0.6180339887498949
balanced_binary_partitions,22,4,8,8,9,9,2.75,0.36363636363636365,0.6796536796536796,14.303383936476079,11.030605508342997,45.8825311570237,binary_partition_ratio,1.0,0.6180339887498949
balanced_binary_partitions,22,5,8,8,9,9,2.75,0.36363636363636365,0.3203463203463203,6.769049616044937,8.881784197001252e-16,37.40990675478676,binary_partition_ratio,1.0,0.6180339887498949
balanced_binary_partitions,22,6,8,8,9,9,2.75,0.36363636363636365,0.6796536796536796,14.303383936476079,11.030605508342997,45.8825311570237,binary_partition_ratio,1.0,0.6180339887498949
balanced_binary_partitions,22,7,8,8,9,9,2.75,0.36363636363636365,0.3203463203463203,6.769049616044937,8.881784197001252e-16,37.40990675478676,binary_partition_ratio,1.0,0.6180339887498949
balanced_binary_partitions,22,8,8,8,9,9,2.75,0.36363636363636365,0.6796536796536796,14.303383936476079,11.030605508342997,45.8825311570237,binary_partition_ratio,1.0,0.6180339887498949
balanced_binary_partitions,22,9,8,8,9,9,2.75,0.36363636363636365,0.3203463203463203,6.769049616044937,8.881784197001252e-16,37.40990675478676,binary_partition_ratio,1.0,0.6180339887498949
balanced_binary_partitions,22,10,8,8,9,9,2.75,0.36363636363636365,0.6796536796536796,14.303383936476079,11.030605508342997,45.8825311570237,binary_partition_ratio,1.0,0.6180339887498949
balanced_binary_partitions,22,11,8,8,9,9,2.75,0.36363636363636365,0.3203463203463203,6.769049616044937,8.881784197001252e-16,37.40990675478676,binary_partition_ratio,1.0,0.6180339887498949
balanced_binary_partitions,22,12,8,8,9,9,2.75,0.36363636363636365,0.6796536796536796,14.303383936476079,11.030605508342997,45.8825311570237,binary_partition_ratio,1.0,0.6180339887498949
balanced_binary_partitions,22,13,8,8,9,9,2.75,0.36363636363636365,0.3203463203463203,6.769049616044937,8.881784197001252e-16,37.40990675478676,binary_partition_ratio,1.0,0.6180339887498949
balanced_binary_partitions,22,14,8,8,9,9,2.75,0.36363636363636365,0.6796536796536796,14.303383936476079,11.030605508342997,45.8825311570237,binary_partition_ratio,1.0,0.6180339887498949
balanced_binary_partitions,22,15,8,8,9,9,2.75,0.36363636363636365,0.3203463203463203,6.769049616044937,8.881784197001252e-16,37.40990675478676,binary_partition_ratio,1.0,0.6180339887498949
balanced_binary_partitions,24,0,8,8,9,9,3.0,0.3333333333333333,0.6811594202898551,15.681145747868594,11.949094940299716,52.03150638606606,binary_partition_ratio,1.0,0.6180339887498949
balanced_binary_partitions,24,1,8,8,9,9,3.0,0.3333333333333333,0.3188405797101449,7.358898943540675,5.329070518200751e-15,40.74930427314746,binary_partition_ratio,1.0,0.6180339887498949
balanced_binary_partitions,24,2,8,8,9,9,3.0,0.3333333333333333,0.6811594202898551,15.681145747868594,11.949094940299716,52.03150638606606,binary_partition_ratio,1.0,0.6180339887498949
balanced_binary_partitions,24,3,8,8,9,9,3.0,0.3333333333333333,0.3188405797101449,7.358898943540675,5.329070518200751e-15,40.74930427314746,binary_partition_ratio,1.0,0.6180339887498949
balanced_binary_partitions,24,4,8,8,9,9,3.0,0.3333333333333333,0.6811594202898551,15.681145747868594,11.949094940299716,52.03150638606606,binary_partition_ratio,1.0,0.6180339887498949
balanced_binary_partitions,24,5,8,8,9,9,3.0,0.3333333333333333,0.3188405797101449,7.358898943540675,5.329070518200751e-15,40.74930427314746,binary_partition_ratio,1.0,0.6180339887498949
balanced_binary_partitions,24,6,8,8,9,9,3.0,0.3333333333333333,0.6811594202898551,15.681145747868594,11.949094940299716,52.03150638606606,binary_partition_ratio,1.0,0.6180339887498949
balanced_binary_partitions,24,7,8,8,9,9,3.0,0.3333333333333333,0.3188405797101449,7.358898943540675,5.329070518200751e-15,40.74930427314746,binary_partition_ratio,1.0,0.6180339887498949
balanced_binary_partitions,24,8,8,8,9,9,3.0,0.3333333333333333,0.6811594202898551,15.681145747868594,11.949094940299716,52.03150638606606,binary_partition_ratio,1.0,0.6180339887498949
balanced_binary_partitions,24,9,8,8,9,9,3.0,0.3333333333333333,0.3188405797101449,7.358898943540675,5.329070518200751e-15,40.74930427314746,binary_partition_ratio,1.0,0.6180339887498949
balanced_binary_partitions,24,10,8,8,9,9,3.0,0.3333333333333333,0.6811594202898551,15.681145747868594,11.949094940299716,52.03150638606606,binary_partition_ratio,1.0,0.6180339887498949
balanced_binary_partitions,24,11,8,8,9,9,3.0,0.3333333333333333,0.3188405797101449,7.358898943540675,5.329070518200751e-15,40.74930427314746,binary_partition_ratio,1.0,0.6180339887498949
balanced_binary_partitions,24,12,8,8,9,9,3.0,0.3333333333333333,0.6811594202898551,15.681145747868594,11.949094940299716,52.03150638606606,binary_partition_ratio,1.0,0.6180339887498949
balanced_binary_partitions,24,13,8,8,9,9,3.0,0.3333333333333333,0.3188405797101449,7.358898943540675,5.329070518200751e-15,40.74930427314746,binary_partition_ratio,1.0,0.6180339887498949
balanced_binary_partitions,24,14,8,8,9,9,3.0,0.3333333333333333,0.6811594202898551,15.681145747868594,11.949094940299716,52.03150638606606,binary_partition_ratio,1.0,0.6180339887498949
balanced_binary_partitions,24,15,8,8,9,9,3.0,0.3333333333333333,0.3188405797101449,7.358898943540675,5.329070518200751e-15,40.74930427314746,binary_partition_ratio,1.0,0.6180339887498949
balanced_binary_partitions,26,0,8,8,9,9,3.25,0.3076923076923077,0.68,17.01957783862206,13.006675733346936,58.38226819175266,binary_partition_ratio,1.0,0.6180339887498949
balanced_binary_partitions,26,1,8,8,9,9,3.25,0.3076923076923077,0.32,8.032239658781407,3.552713678800501e-15,44.42956612564559,binary_partition_ratio,1.0,0.6180339887498949
balanced_binary_partitions,26,2,8,8,9,9,3.25,0.3076923076923077,0.68,17.01957783862206,13.006675733346936,58.38226819175266,binary_partition_ratio,1.0,0.6180339887498949
balanced_binary_partitions,26,3,8,8,9,9,3.25,0.3076923076923077,0.32,8.032239658781407,3.552713678800501e-15,44.42956612564559,binary_partition_ratio,1.0,0.6180339887498949
balanced_binary_partitions,26,4,8,8,9,9,3.25,0.3076923076923077,0.68,17.01957783862206,13.006675733346936,58.38226819175266,binary_partition_ratio,1.0,0.6180339887498949
balanced_binary_partitions,26,5,8,8,9,9,3.25,0.3076923076923077,0.32,8.032239658781407,3.552713678800501e-15,44.42956612564559,binary_partition_ratio,1.0,0.6180339887498949
balanced_binary_partitions,26,6,8,8,9,9,3.25,0.3076923076923077,0.68,17.01957783862206,13.006675733346936,58.38226819175266,binary_partition_ratio,1.0,0.6180339887498949
balanced_binary_partitions,26,7,8,8,9,9,3.25,0.3076923076923077,0.32,8.032239658781407,3.552713678800501e-15,44.42956612564559,binary_partition_ratio,1.0,0.6180339887498949
balanced_binary_partitions,26,8,8,8,9,9,3.25,0.3076923076923077,0.68,17.01957783862206,13.006675733346936,58.38226819175266,binary_partition_ratio,1.0,0.6180339887498949
balanced_binary_partitions,26,9,8,8,9,9,3.25,0.3076923076923077,0.32,8.032239658781407,3.552713678800501e-15,44.42956612564559,binary_partition_ratio,1.0,0.6180339887498949
balanced_binary_partitions,26,10,8,8,9,9,3.25,0.3076923076923077,0.68,17.01957783862206,13.006675733346936,58.38226819175266,binary_partition_ratio,1.0,0.6180339887498949
balanced_binary_partitions,26,11,8,8,9,9,3.25,0.3076923076923077,0.32,8.032239658781407,3.552713678800501e-15,44.42956612564559,binary_partition_ratio,1.0,0.6180339887498949
balanced_binary_partitions,26,12,8,8,9,9,3.25,0.3076923076923077,0.68,17.01957783862206,13.006675733346936,58.38226819175266,binary_partition_ratio,1.0,0.6180339887498949
balanced_binary_partitions,26,13,8,8,9,9,3.25,0.3076923076923077,0.32,8.032239658781407,3.552713678800501e-15,44.42956612564559,binary_partition_ratio,1.0,0.6180339887498949
balanced_binary_partitions,26,14,8,8,9,9,3.25,0.3076923076923077,0.68,17.01957783862206,13.006675733346936,58.38226819175266,binary_partition_ratio,1.0,0.6180339887498949
balanced_binary_partitions,26,15,8,8,9,9,3.25,0.3076923076923077,0.32,8.032239658781407,3.552713678800501e-15,44.42956612564559,binary_partition_ratio,1.0,0.6180339887498949
balanced_binary_partitions,28,0,8,8,9,9,3.5,0.2857142857142857,0.6772486772486772,18.296416892126597,13.968385602630985,64.80095516388515,binary_partition_ratio,1.0,0.6180339887498949
balanced_binary_partitions,28,1,8,8,9,9,3.5,0.2857142857142857,0.32275132275132273,8.738061201377722,0.0,48.24510844203172,binary_partition_ratio,1.0,0.6180339887498949
balanced_binary_partitions,28,2,8,8,9,9,3.5,0.2857142857142857,0.6772486772486772,18.296416892126597,13.968385602630985,64.80095516388515,binary_partition_ratio,1.0,0.6180339887498949
balanced_binary_partitions,28,3,8,8,9,9,3.5,0.2857142857142857,0.32275132275132273,8.738061201377722,0.0,48.24510844203172,binary_partition_ratio,1.0,0.6180339887498949
balanced_binary_partitions,28,4,8,8,9,9,3.5,0.2857142857142857,0.6772486772486772,18.296416892126597,13.968385602630985,64.80095516388515,binary_partition_ratio,1.0,0.6180339887498949
balanced_binary_partitions,28,5,8,8,9,9,3.5,0.2857142857142857,0.32275132275132273,8.738061201377722,0.0,48.24510844203172,binary_partition_ratio,1.0,0.6180339887498949
balanced_binary_partitions,28,6,8,8,9,9,3.5,0.2857142857142857,0.6772486772486772,18.296416892126597,13.968385602630985,64.80095516388515,binary_partition_ratio,1.0,0.6180339887498949
balanced_binary_partitions,28,7,8,8,9,9,3.5,0.2857142857142857,0.32275132275132273,8.738061201377722,0.0,48.24510844203172,binary_partition_ratio,1.0,0.6180339887498949
balanced_binary_partitions,28,8,8,8,9,9,3.5,0.2857142857142857,0.6772486772486772,18.296416892126597,13.968385602630985,64.80095516388515,binary_partition_ratio,1.0,0.6180339887498949
balanced_binary_partitions,28,9,8,8,9,9,3.5,0.2857142857142857,0.32275132275132273,8.738061201377722,0.0,48.24510844203172,binary_partition_ratio,1.0,0.6180339887498949
balanced_binary_partitions,28,10,8,8,9,9,3.5,0.2857142857142857,0.6772486772486772,18.296416892126597,13.968385602630985,64.80095516388515,binary_partition_ratio,1.0,0.6180339887498949
balanced_binary_partitions,28,11,8,8,9,9,3.5,0.2857142857142857,0.32275132275132273,8.738061201377722,0.0,48.24510844203172,binary_partition_ratio,1.0,0.6180339887498949
balanced_binary_partitions,28,12,8,8,9,9,3.5,0.2857142857142857,0.6772486772486772,18.296416892126597,13.968385602630985,64.80095516388515,binary_partition_ratio,1.0,0.6180339887498949
balanced_binary_partitions,28,13,8,8,9,9,3.5,0.2857142857142857,0.32275132275132273,8.738061201377722,0.0,48.24510844203172,binary_partition_ratio,1.0,0.6180339887498949
balanced_binary_partitions,28,14,8,8,9,9,3.5,0.2857142857142857,0.6772486772486772,18.296416892126597,13.968385602630985,64.80095516388515,binary_partition_ratio,1.0,0.6180339887498949
balanced_binary_partitions,28,15,8,8,9,9,3.5,0.2857142857142857,0.32275132275132273,8.738061201377722,0.0,48.24510844203172,binary_partition_ratio,1.0,0.6180339887498949
random_baseline,8,0,4,4,5,5,2.0,0.5,0.35714285714285715,3.092870930690666,1.792916675536664,10.54311969813703,random_none,nan,nan
random_baseline,8,1,4,4,5,5,2.0,0.5,0.5714285714285714,4.230237802871039,3.0378600150696577,13.128087001874482,random_none,nan,nan
random_baseline,8,2,5,5,6,6,1.6,0.625,0.6071428571428571,4.787766487115067,3.4978333089746885,12.616304660463065,random_none,nan,nan
random_baseline,8,3,3,3,4,4,2.6666666666666665,0.375,0.5,3.868210655777257,2.5734799221305336,12.325882778847962,random_none,nan,nan
random_baseline,8,4,4,4,5,5,2.0,0.5,0.5357142857142857,4.200316724505944,2.6868311962238183,12.338340633956555,random_none,nan,nan
random_baseline,8,5,4,4,5,5,2.0,0.5,0.35714285714285715,2.862790728424839,1.6764624711202851,10.53531918003743,random_none,nan,nan
random_baseline,8,6,4,4,5,5,2.0,0.5,0.5,3.8686650524629105,2.5426595395478326,12.309812558430028,random_none,nan,nan
random_baseline,8,7,5,5,6,6,1.6,0.625,0.42857142857142855,3.603875471609678,2.7137917357844197,8.98791841486987,random_none,nan,nan
random_baseline,8,8,3,3,4,4,2.6666666666666665,0.375,0.4642857142857143,3.825573121065191,2.554667625702016,11.42902521035652,random_none,nan,nan
random_baseline,8,9,4,4,5,5,2.0,0.5,0.35714285714285715,3.0447758840343764,1.929822598631291,10.350318629994167,random_none,nan,nan
random_baseline,8,10,4,4,5,5,2.0,0.5,0.39285714285714285,3.2511789075463753,2.1414675940779793,10.85724667283733,random_none,nan,nan
random_baseline,8,11,4,4,5,5,2.0,0.5,0.6785714285714286,4.962455881486072,3.68951944101912,13.26972600789232,random_none,nan,nan
random_baseline,8,12,4,4,5,5,2.0,0.5,0.6071428571428571,4.3923647060353685,2.85447159683218,13.458242246906977,random_none,nan,nan
random_baseline,8,13,4,4,5,5,2.0,0.5,0.39285714285714285,3.0895996358516524,1.891674223248617,11.072727951068291,random_none,nan,nan
random_baseline,8,14,4,4,5,5,2.0,0.5,0.6428571428571429,4.747049223520332,3.4230534278847613,12.87322153803164,random_none,nan,nan
random_baseline,8,15,3,3,4,4,2.6666666666666665,0.375,0.5357142857142857,4.06657789190206,2.5695644306278638,12.306742673740938,random_none,nan,nan
random_baseline,10,0,4,4,5,5,2.5,0.4,0.4222222222222222,4.135735952939921,2.2369932169269564,16.19574858974439,random_none,nan,nan
random_baseline,10,1,4,4,5,5,2.5,0.4,0.5111111111111111,5.021159094070422,3.302465139097423,17.342602580145623,random_none,nan,nan
random_baseline,10,2,5,5,6,6,2.0,0.5,0.5333333333333333,5.381606807913806,3.531697346451871,16.426781699558113,random_none,nan,nan
random_baseline,10,3,4,4,5,5,2.5,0.4,0.5333333333333333,5.191957489968186,3.455462792474888,16.849163272637384,random_none,nan,nan
random_baseline,10,4,4,4,5,5,2.5,0.4,0.5333333333333333,5.048908995582582,3.3360356549418473,17.426202573914203,random_none,nan,nan
random_baseline,10,5,5,5,6,6,2.0,0.5,0.35555555555555557,3.890095981440381,2.33630830539503,14.011950593783293,random_none,nan,nan
random_baseline,10,6,4,4,5,5,2.5,0.4,0.5555555555555556,5.264686287858793,3.501702198234554,16.56736935414467,random_none,nan,nan
random_baseline,10,7,4,4,5,5,2.5,0.4,0.4,3.9763747029484593,2.1386376219621006,15.149928648473036,random_none,nan,nan
random_baseline,10,8,4,4,5,5,2.5,0.4,0.5333333333333333,5.006491434325448,3.189960633400691,17.14005778554966,random_none,nan,nan
random_baseline,10,9,4,4,5,5,2.5,0.4,0.4222222222222222,4.155354610834818,2.0752550753491246,15.24378199985538,random_none,nan,nan
random_baseline,10,10,4,4,5,5,2.5,0.4,0.4,3.9981175430332776,1.813227290739758,15.557609451380358,random_none,nan,nan
random_baseline,10,11,5,5,6,6,2.0,0.5,0.6444444444444445,6.177943035390915,4.949432166621518,17.33149841467264,random_none,nan,nan
random_baseline,10,12,4,4,5,5,2.5,0.4,0.5555555555555556,5.210401609249073,3.751919699536151,18.238271326165982,random_none,nan,nan
random_baseline,10,13,4,4,5,5,2.5,0.4,0.4666666666666667,4.810439096004395,3.619579054804948,15.1096586873119,random_none,nan,nan
random_baseline,10,14,4,4,5,5,2.5,0.4,0.5555555555555556,5.329047913909203,3.787942217952245,16.935775558842657,random_none,nan,nan
random_baseline,10,15,4,4,5,5,2.5,0.4,0.5555555555555556,5.181346909007411,3.6694376810806784,17.08562462329017,random_none,nan,nan
random_baseline,12,0,5,5,6,6,2.4,0.4166666666666667,0.4090909090909091,4.846296381868877,2.8047735179856197,20.319587318822727,random_none,nan,nan
random_baseline,12,1,4,4,5,5,3.0,0.3333333333333333,0.5,5.885280741109398,3.7140876795187427,21.654335537362577,random_none,nan,nan
random_baseline,12,2,5,5,6,6,2.4,0.4166666666666667,0.5757575757575758,6.685026265392768,4.80452792297622,22.369334448510962,random_none,nan,nan
random_baseline,12,3,4,4,5,5,3.0,0.3333333333333333,0.5,5.679013052097991,3.2591737234671205,21.599906240982392,random_none,nan,nan
random_baseline,12,4,4,4,5,5,3.0,0.3333333333333333,0.5454545454545454,6.114335521128735,4.420317205108895,23.14588879613421,random_none,nan,nan
random_baseline,12,5,4,4,5,5,3.0,0.3333333333333333,0.3787878787878788,4.5423196396188334,2.697973384261918,20.601101126386553,random_none,nan,nan
random_baseline,12,6,5,5,6,6,2.4,0.4166666666666667,0.5151515151515151,6.3668045046297355,4.773697892246542,21.776027556378402,random_none,nan,nan
random_baseline,12,7,4,4,5,5,3.0,0.3333333333333333,0.42424242424242425,4.851857861086241,2.7321548345763436,20.86975857063717,random_none,nan,nan
random_baseline,12,8,4,4,5,5,3.0,0.3333333333333333,0.5757575757575758,6.845344779195642,5.3837127100636675,21.968986280788755,random_none,nan,nan
random_baseline,12,9,4,4,5,5,3.0,0.3333333333333333,0.45454545454545453,5.441223291620097,3.4069519748399095,21.4631237846205,random_none,nan,nan
random_baseline,12,10,5,5,6,6,2.4,0.4166666666666667,0.5,6.041747077632432,3.675778470539549,20.532305237638173,random_none,nan,nan
random_baseline,12,11,5,5,6,6,2.4,0.4166666666666667,0.5909090909090909,6.838840551284427,4.798154283259372,22.58201005936055,random_none,nan,nan
random_baseline,12,12,5,5,6,6,2.4,0.4166666666666667,0.5151515151515151,6.447825491855766,4.752034293632656,20.000695971123506,random_none,nan,nan
random_baseline,12,13,5,5,6,6,2.4,0.4166666666666667,0.4393939393939394,5.56288071632607,3.690625792150581,20.382219923631368,random_none,nan,nan
random_baseline,12,14,4,4,5,5,3.0,0.3333333333333333,0.5151515151515151,5.978269005756804,4.125318150468803,21.865345885219714,random_none,nan,nan
random_baseline,12,15,5,5,6,6,2.4,0.4166666666666667,0.5757575757575758,6.676817621618698,5.00208484903219,22.570977229349563,random_none,nan,nan
random_baseline,14,0,5,5,6,6,2.8,0.35714285714285715,0.45054945054945056,6.274249657506799,3.4950278051299777,26.232704192644366,random_none,nan,nan
random_baseline,14,1,5,5,6,6,2.8,0.35714285714285715,0.5054945054945055,7.184991004786827,4.624405407184701,26.560948877363177,random_none,nan,nan
random_baseline,14,2,5,5,6,6,2.8,0.35714285714285715,0.5824175824175825,7.883981697418772,5.633074499402105,28.046354649845366,random_none,nan,nan
random_baseline,14,3,5,5,6,6,2.8,0.35714285714285715,0.5274725274725275,7.06846757592879,4.731322265880953,27.58345518007545,random_none,nan,nan
random_baseline,14,4,5,5,6,6,2.8,0.35714285714285715,0.5054945054945055,7.007543999109389,4.714122702301713,26.64745345110783,random_none,nan,nan
random_baseline,14,5,6,6,7,7,2.3333333333333335,0.42857142857142855,0.4175824175824176,5.817569503556195,3.232285984214905,25.763317982282864,random_none,nan,nan
random_baseline,14,6,5,5,6,6,2.8,0.35714285714285715,0.5054945054945055,7.119435805974697,4.8346012279416115,27.29255456292509,random_none,nan,nan
random_baseline,14,7,5,5,6,6,2.8,0.35714285714285715,0.4835164835164835,6.683993147938734,4.131135553876428,27.629497707194965,random_none,nan,nan
random_baseline,14,8,4,4,5,5,3.5,0.2857142857142857,0.5604395604395604,7.44292422471943,4.896906906283993,27.957189666679522,random_none,nan,nan
random_baseline,14,9,5,5,6,6,2.8,0.35714285714285715,0.46153846153846156,6.312933315091525,3.6018532486338035,25.41955866260514,random_none,nan,nan
random_baseline,14,10,5,5,6,6,2.8,0.35714285714285715,0.4835164835164835,6.667957659719175,4.019667583971072,26.35707007303542,random_none,nan,nan
random_baseline,14,11,5,5,6,6,2.8,0.35714285714285715,0.5934065934065934,7.986948480180233,5.862053741052126,27.60355112126743,random_none,nan,nan
random_baseline,14,12,5,5,6,6,2.8,0.35714285714285715,0.5274725274725275,7.194676014676092,4.821250041302371,27.043424129023098,random_none,nan,nan
random_baseline,14,13,5,5,6,6,2.8,0.35714285714285715,0.43956043956043955,6.043763483565119,3.6761018916657844,26.55024904539453,random_none,nan,nan
random_baseline,14,14,5,5,6,6,2.8,0.35714285714285715,0.5164835164835165,7.3077411733175435,5.163055355231441,26.585960785609863,random_none,nan,nan
random_baseline,14,15,5,5,6,6,2.8,0.35714285714285715,0.5164835164835165,7.199682050381273,5.1194955678870535,26.95817704027458,random_none,nan,nan
random_baseline,16,0,5,5,6,6,3.2,0.3125,0.4583333333333333,7.1499843345236584,4.026774742992606,32.22482603110303,random_none,nan,nan
random_baseline,16,1,5,5,6,6,3.2,0.3125,0.475,7.6720419432175575,5.122781512583664,32.16841171944321,random_none,nan,nan
random_baseline,16,2,5,5,6,6,3.2,0.3125,0.5333333333333333,8.292554239050355,5.217094893215103,33.680455436441896,random_none,nan,nan
random_baseline,16,3,6,6,7,7,2.6666666666666665,0.375,0.5583333333333333,8.921273505234605,6.341138483448832,32.85715031399474,random_none,nan,nan
random_baseline,16,4,7,7,8,8,2.2857142857142856,0.4375,0.525,8.65585191845458,6.594119026975359,32.48617611028622,random_none,nan,nan
random_baseline,16,5,5,5,6,6,3.2,0.3125,0.4583333333333333,7.3133428189229726,4.730447984570118,31.787665917961974,random_none,nan,nan
random_baseline,16,6,5,5,6,6,3.2,0.3125,0.48333333333333334,7.675721086957763,5.005437285018548,32.031409765421266,random_none,nan,nan
random_baseline,16,7,5,5,6,6,3.2,0.3125,0.49166666666666664,7.782544387967224,5.097658372371672,33.33098222260867,random_none,nan,nan
random_baseline,16,8,5,5,6,6,3.2,0.3125,0.55,8.323272739874113,4.975635924275618,34.43314692015032,random_none,nan,nan
random_baseline,16,9,5,5,6,6,3.2,0.3125,0.475,7.465945915616485,4.99944452332875,32.27206395378225,random_none,nan,nan
random_baseline,16,10,5,5,6,6,3.2,0.3125,0.5166666666666667,8.173729498971639,5.112132474399585,33.828787806104955,random_none,nan,nan
random_baseline,16,11,5,5,6,6,3.2,0.3125,0.5416666666666666,8.489282574800063,6.019241703456566,33.94823780059096,random_none,nan,nan
random_baseline,16,12,6,6,7,7,2.6666666666666665,0.375,0.525,8.38779541428114,5.449893738345053,32.0042474771798,random_none,nan,nan
random_baseline,16,13,6,6,7,7,2.6666666666666665,0.375,0.4583333333333333,7.364169920665752,4.890001724224564,32.02623119210413,random_none,nan,nan
random_baseline,16,14,5,5,6,6,3.2,0.3125,0.5333333333333333,8.345208365754452,5.760145236174542,33.71293629422838,random_none,nan,nan
random_baseline,16,15,5,5,6,6,3.2,0.3125,0.525,8.260020165804434,5.749418654891908,33.0765053434074,random_none,nan,nan
random_baseline,18,0,6,6,7,7,3.0,0.3333333333333333,0.45751633986928103,8.256362256667984,4.6330053312096435,36.89147430064664,random_none,nan,nan
random_baseline,18,1,6,6,7,7,3.0,0.3333333333333333,0.48366013071895425,8.673365387209529,6.024246047853154,38.807198911039535,random_none,nan,nan
random_baseline,18,2,5,5,6,6,3.6,0.2777777777777778,0.5424836601307189,9.531509466506924,7.02606716732597,40.07359912057292,random_none,nan,nan
random_baseline,18,3,5,5,6,6,3.6,0.2777777777777778,0.5359477124183006,9.595648816126385,6.804171292907066,39.26574753036668,random_none,nan,nan
random_baseline,18,4,5,5,6,6,3.6,0.2777777777777778,0.5032679738562091,8.885051592908399,5.964304925995177,38.97211870336617,random_none,nan,nan
random_baseline,18,5,5,5,6,6,3.6,0.2777777777777778,0.48366013071895425,8.513151676003393,5.2193963566128865,39.41227072555718,random_none,nan,nan
random_baseline,18,6,5,5,6,6,3.6,0.2777777777777778,0.477124183006536,8.377850111006499,5.442635021840818,38.347556173051444,random_none,nan,nan
random_baseline,18,7,6,6,7,7,3.0,0.3333333333333333,0.49673202614379086,8.948760254446121,6.241649632029039,37.92256134294838,random_none,nan,nan
random_baseline,18,8,5,5,6,6,3.6,0.2777777777777778,0.5751633986928104,10.030300874253513,7.490848336747322,40.46836775113988,random_none,nan,nan
random_baseline,18,9,5,5,6,6,3.6,0.2777777777777778,0.5098039215686274,9.123878757195573,5.707009005086697,39.455909825998795,random_none,nan,nan
random_baseline,18,10,5,5,6,6,3.6,0.2777777777777778,0.49019607843137253,8.784284576211213,6.323548740010318,39.17802825940397,random_none,nan,nan
random_baseline,18,11,5,5,6,6,3.6,0.2777777777777778,0.5620915032679739,9.94152414621616,7.144635499642694,40.343777971565295,random_none,nan,nan
random_baseline,18,12,6,6,7,7,3.0,0.3333333333333333,0.5359477124183006,9.695541651270489,6.109685753641404,38.261203795745615,random_none,nan,nan
random_baseline,18,13,5,5,6,6,3.6,0.2777777777777778,0.477124183006536,8.504458555780143,5.991293382681807,39.4122147067449,random_none,nan,nan
random_baseline,18,14,5,5,6,6,3.6,0.2777777777777778,0.5228758169934641,9.341256137893232,6.481160132101133,39.49673930995813,random_none,nan,nan
random_baseline,18,15,5,5,6,6,3.6,0.2777777777777778,0.5032679738562091,9.063168407796574,6.238891542081408,38.393012212277306,random_none,nan,nan
random_baseline,20,0,5,5,6,6,4.0,0.25,0.45263157894736844,8.92219553008526,6.110624883778069,44.49114195134785,random_none,nan,nan
random_baseline,20,1,5,5,6,6,4.0,0.25,0.46842105263157896,9.260658750421275,5.492159763532074,45.28982320391509,random_none,nan,nan
random_baseline,20,2,5,5,6,6,4.0,0.25,0.5421052631578948,10.69053804927377,7.238691303572342,46.30803155062121,random_none,nan,nan
random_baseline,20,3,6,6,7,7,3.3333333333333335,0.3,0.5526315789473685,10.891397815456573,7.595632547063759,45.56666362706562,random_none,nan,nan
random_baseline,20,4,6,6,7,7,3.3333333333333335,0.3,0.5052631578947369,10.075358439836481,6.523388457019829,45.31992004518165,random_none,nan,nan
random_baseline,20,5,5,5,6,6,4.0,0.25,0.4842105263157895,9.574587886800757,6.095628454417046,43.541925276177786,random_none,nan,nan
random_baseline,20,6,6,6,7,7,3.3333333333333335,0.3,0.5105263157894737,10.057566729769727,6.825071329866922,45.73376908508852,random_none,nan,nan
random_baseline,20,7,6,6,7,7,3.3333333333333335,0.3,0.49473684210526314,9.746885574972062,6.185132985595272,46.2307419165924,random_none,nan,nan
random_baseline,20,8,6,6,7,7,3.3333333333333335,0.3,0.5421052631578948,10.902318572190204,7.42738674718217,45.165225652512284,random_none,nan,nan
random_baseline,20,9,5,5,6,6,4.0,0.25,0.5157894736842106,10.341700916485554,7.147578011293579,45.86880914782655,random_none,nan,nan
random_baseline,20,10,5,5,6,6,4.0,0.25,0.4631578947368421,9.237752206124519,5.676222224571173,43.904130826455436,random_none,nan,nan
random_baseline,20,11,6,6,7,7,3.3333333333333335,0.3,0.5578947368421052,10.903032993649646,8.002979729573457,47.12783370674987,random_none,nan,nan
random_baseline,20,12,6,6,7,7,3.3333333333333335,0.3,0.5210526315789473,10.559236997963705,7.493659965689123,46.241044788539455,random_none,nan,nan
random_baseline,20,13,6,6,7,7,3.3333333333333335,0.3,0.5052631578947369,10.022641787804154,6.840899829712047,45.47275096995527,random_none,nan,nan
random_baseline,20,14,5,5,6,6,4.0,0.25,0.5473684210526316,10.66588932205011,7.618222164920922,46.670404788725335,random_none,nan,nan
random_baseline,20,15,5,5,6,6,4.0,0.25,0.5210526315789473,10.163140718412626,6.848876514476567,46.4397605826752,random_none,nan,nan
random_baseline,22,0,5,5,6,6,4.4,0.22727272727272727,0.47619047619047616,10.310814210218432,6.873583847634692,51.72938404310331,random_none,nan,nan
random_baseline,22,1,5,5,6,6,4.4,0.22727272727272727,0.4805194805194805,10.470171382633016,6.5339938749679245,50.87029577844214,random_none,nan,nan
random_baseline,22,2,6,6,7,7,3.6666666666666665,0.2727272727272727,0.5497835497835498,12.029527419227037,8.947125439097583,52.25001289883094,random_none,nan,nan
random_baseline,22,3,6,6,7,7,3.6666666666666665,0.2727272727272727,0.5367965367965368,11.696679092692015,8.426396896537074,53.16298916053165,random_none,nan,nan
random_baseline,22,4,6,6,7,7,3.6666666666666665,0.2727272727272727,0.5108225108225108,11.242769362122164,7.973149351633008,52.59835749635964,random_none,nan,nan
random_baseline,22,5,5,5,6,6,4.4,0.22727272727272727,0.48484848484848486,10.541162551529919,6.9008904260142,53.17093378172636,random_none,nan,nan
random_baseline,22,6,6,6,7,7,3.6666666666666665,0.2727272727272727,0.49783549783549785,11.009044395364839,7.28762042238596,50.39599107491859,random_none,nan,nan
random_baseline,22,7,6,6,7,7,3.6666666666666665,0.2727272727272727,0.4935064935064935,10.838206664454528,7.4418319843286636,51.998198917381146,random_none,nan,nan
random_baseline,22,8,6,6,7,7,3.6666666666666665,0.2727272727272727,0.5584415584415584,12.143041008723497,8.610003433367359,53.275220435274434,random_none,nan,nan
random_baseline,22,9,6,6,7,7,3.6666666666666665,0.2727272727272727,0.5238095238095238,11.546473402370896,8.509470048155343,51.9529382038269,random_none,nan,nan
random_baseline,22,10,6,6,7,7,3.6666666666666665,0.2727272727272727,0.4675324675324675,10.377901922961623,6.620809904417399,50.885690412317444,random_none,nan,nan
random_baseline,22,11,6,6,7,7,3.6666666666666665,0.2727272727272727,0.5497835497835498,11.959132644723653,8.445842333443872,51.99851883150873,random_none,nan,nan
random_baseline,22,12,6,6,7,7,3.6666666666666665,0.2727272727272727,0.5151515151515151,11.336785940591536,7.875963028276191,51.987560616462446,random_none,nan,nan
random_baseline,22,13,5,5,6,6,4.4,0.22727272727272727,0.5064935064935064,10.838210486874488,6.890862813022012,53.12429702365493,random_none,nan,nan
random_baseline,22,14,5,5,6,6,4.4,0.22727272727272727,0.5497835497835498,11.754729370413965,8.610460636836546,54.2146512920734,random_none,nan,nan
random_baseline,22,15,6,6,7,7,3.6666666666666665,0.2727272727272727,0.4935064935064935,10.942787645571265,7.669903755042926,50.23729580656253,random_none,nan,nan
random_baseline,24,0,6,6,7,7,4.0,0.25,0.4891304347826087,11.732733893366895,8.043458156444423,59.23026269928866,random_none,nan,nan
random_baseline,24,1,6,6,7,7,4.0,0.25,0.4891304347826087,11.600554640995465,8.174633946833874,57.58080627270802,random_none,nan,nan
random_baseline,24,2,6,6,7,7,4.0,0.25,0.5543478260869565,13.028750444021458,9.351314595772639,60.36982141431513,random_none,nan,nan
random_baseline,24,3,6,6,7,7,4.0,0.25,0.5362318840579711,12.845136975139617,9.043708575965828,58.72612883881338,random_none,nan,nan
random_baseline,24,4,5,5,6,6,4.8,0.20833333333333334,0.5072463768115942,11.958419240297278,8.518598605709181,59.71754031933905,random_none,nan,nan
random_baseline,24,5,6,6,7,7,4.0,0.25,0.5,11.98444788098074,8.199042009751519,57.559975576311864,random_none,nan,nan
random_baseline,24,6,6,6,7,7,4.0,0.25,0.5,12.070889831643093,8.260597404934305,57.92186614401739,random_none,nan,nan
random_baseline,24,7,6,6,7,7,4.0,0.25,0.48188405797101447,11.475750422759845,8.262661370696472,58.74477029067083,random_none,nan,nan
random_baseline,24,8,6,6,7,7,4.0,0.25,0.5579710144927537,13.319807657416593,9.76460582700727,59.39015189385994,random_none,nan,nan
random_baseline,24,9,6,6,7,7,4.0,0.25,0.5072463768115942,12.238347563206446,8.843967603510864,58.24049810265167,random_none,nan,nan
random_baseline,24,10,6,6,7,7,4.0,0.25,0.4927536231884058,12.102610054104666,8.17599907603397,57.59198909487534,random_none,nan,nan
random_baseline,24,11,6,6,7,7,4.0,0.25,0.5434782608695652,12.820676076243682,9.147746707770333,60.89419059649269,random_none,nan,nan
random_baseline,24,12,6,6,7,7,4.0,0.25,0.5108695652173914,12.292351749035944,9.270568840202383,59.31486140225215,random_none,nan,nan
random_baseline,24,13,6,6,7,7,4.0,0.25,0.4891304347826087,11.54874202822225,8.096663115966589,58.96573759822763,random_none,nan,nan
random_baseline,24,14,7,7,8,8,3.4285714285714284,0.2916666666666667,0.5471014492753623,12.876756229554879,9.004990588467795,59.731077259175066,random_none,nan,nan
random_baseline,24,15,6,6,7,7,4.0,0.25,0.5,12.011947331852447,8.376068090344411,59.65525846374417,random_none,nan,nan
random_baseline,26,0,6,6,7,7,4.333333333333333,0.23076923076923078,0.5046153846153846,13.16797126419194,9.454516403401389,66.41236269681426,random_none,nan,nan
random_baseline,26,1,6,6,7,7,4.333333333333333,0.23076923076923078,0.48615384615384616,12.62776131844847,8.909269381097975,67.48814588271117,random_none,nan,nan
random_baseline,26,2,6,6,7,7,4.333333333333333,0.23076923076923078,0.5384615384615384,13.81334072330317,9.86685464641846,68.2913009617917,random_none,nan,nan
random_baseline,26,3,7,7,8,8,3.7142857142857144,0.2692307692307692,0.5138461538461538,13.471733708391401,9.6490601364944,65.91649448623622,random_none,nan,nan
random_baseline,26,4,6,6,7,7,4.333333333333333,0.23076923076923078,0.5046153846153846,13.146683783662258,9.443231718791262,67.48315536161064,random_none,nan,nan
random_baseline,26,5,6,6,7,7,4.333333333333333,0.23076923076923078,0.49846153846153846,12.963108428138709,8.852749767074686,65.7867805743492,random_none,nan,nan
random_baseline,26,6,7,7,8,8,3.7142857142857144,0.2692307692307692,0.48307692307692307,12.839713506968353,9.171227965247901,63.4273178252183,random_none,nan,nan
random_baseline,26,7,6,6,7,7,4.333333333333333,0.23076923076923078,0.47384615384615386,12.300057750264214,7.848131605642834,64.61016201745285,random_none,nan,nan
random_baseline,26,8,6,6,7,7,4.333333333333333,0.23076923076923078,0.5384615384615384,13.844875371143345,10.246469877466415,68.09205299485157,random_none,nan,nan
random_baseline,26,9,7,7,8,8,3.7142857142857144,0.2692307692307692,0.5169230769230769,13.520858679679693,9.852266474674487,65.27478681759753,random_none,nan,nan
random_baseline,26,10,6,6,7,7,4.333333333333333,0.23076923076923078,0.48615384615384616,12.640166104634444,8.321826483486852,66.17585545911987,random_none,nan,nan
random_baseline,26,11,7,7,8,8,3.7142857142857144,0.2692307692307692,0.5138461538461538,13.365041546979356,9.21956513040847,66.5920963477724,random_none,nan,nan
random_baseline,26,12,6,6,7,7,4.333333333333333,0.23076923076923078,0.52,13.374623868707364,9.621787632145347,67.63177446015328,random_none,nan,nan
random_baseline,26,13,7,7,8,8,3.7142857142857144,0.2692307692307692,0.5230769230769231,13.539700823997306,9.630062000137134,66.54025138468528,random_none,nan,nan
random_baseline,26,14,6,6,7,7,4.333333333333333,0.23076923076923078,0.5261538461538462,13.528445356889296,9.686655934645888,67.56246350936661,random_none,nan,nan
random_baseline,26,15,7,7,8,8,3.7142857142857144,0.2692307692307692,0.52,13.375203340914547,9.701424103287312,67.92070294355945,random_none,nan,nan
random_baseline,28,0,7,7,8,8,4.0,0.25,0.5158730158730159,14.472747109910909,9.926356272890766,73.63707252262253,random_none,nan,nan
random_baseline,28,1,7,7,8,8,4.0,0.25,0.48148148148148145,13.311358357400138,9.629272010661547,73.55236730795554,random_none,nan,nan
random_baseline,28,2,7,7,8,8,4.0,0.25,0.5396825396825397,14.952510027161047,11.201542263452609,74.34187766485059,random_none,nan,nan
random_baseline,28,3,6,6,7,7,4.666666666666667,0.21428571428571427,0.5185185185185185,14.373164783232145,9.934724967969245,75.0969064702736,random_none,nan,nan
random_baseline,28,4,6,6,7,7,4.666666666666667,0.21428571428571427,0.5,13.87493788944671,9.636321283597239,75.06421260321288,random_none,nan,nan
random_baseline,28,5,6,6,7,7,4.666666666666667,0.21428571428571427,0.5026455026455027,14.101621569086195,9.988586945168343,72.51721306532738,random_none,nan,nan
random_baseline,28,6,7,7,8,8,4.0,0.25,0.4603174603174603,12.873622697220185,8.974838722847288,73.00208132496138,random_none,nan,nan
random_baseline,28,7,7,7,8,8,4.0,0.25,0.4576719576719577,12.771107304548405,9.277694019524862,72.40393123504283,random_none,nan,nan
random_baseline,28,8,7,7,8,8,4.0,0.25,0.5132275132275133,14.40830697033715,9.819458618015625,72.60382111170122,random_none,nan,nan
random_baseline,28,9,7,7,8,8,4.0,0.25,0.5105820105820106,14.579542896351345,10.756906298126085,73.40208120167004,random_none,nan,nan
random_baseline,28,10,7,7,8,8,4.0,0.25,0.48148148148148145,13.427508752976216,9.942176181289208,73.99201858178837,random_none,nan,nan
random_baseline,28,11,7,7,8,8,4.0,0.25,0.5158730158730159,14.499215261886079,10.387203660885143,73.62501573435648,random_none,nan,nan
random_baseline,28,12,6,6,7,7,4.666666666666667,0.21428571428571427,0.5264550264550265,14.594679504337611,10.260877243196799,74.37409609477969,random_none,nan,nan
random_baseline,28,13,7,7,8,8,4.0,0.25,0.5343915343915344,14.85859672971679,11.280483877365022,75.02759585298364,random_none,nan,nan
random_baseline,28,14,7,7,8,8,4.0,0.25,0.5317460317460317,15.014479546191726,11.328625893139174,74.01683504688995,random_none,nan,nan
random_baseline,28,15,7,7,8,8,4.0,0.25,0.5238095238095238,14.731099726192461,10.656292319973742,74.4873357475137,random_none,nan,nan
