timestamp,parsed,parse_error,schema_version,log_file,seed,mode,retrieval_backend,query_repeats,sector_mode,phase_dims,phase4_dims,complex_dims,time_pressure_lambda,scale_mode,radial_bins,learn_so8,learn_scale,fast_dev,extra_budget,max_slots_per_bucket,chart_beta,chart_iters,test_mse_before,test_mse_after,test_top1_after,train_label_sse_per,test_label_sse_per,test_unseen_rate,buckets,slots_used,new_slots,accepted_splits,retrieval_candidate_count_mean,retrieval_candidate_fraction_mean,retrieval_probe_bucket_mean,retrieval_query_repeats,retrieval_offline_total_sec,retrieval_online_total_sec,retrieval_online_total_per_repeat_sec,retrieval_total_amortized_per_repeat_sec,poincare_alignment_pairs_used,poincare_alignment_radial_mae,poincare_alignment_radial_rel_mean,poincare_alignment_radial_corr,poincare_alignment_pair_mae,poincare_alignment_pair_rel_mean,poincare_alignment_pair_corr,dataset_sec,chart_opt_sec,routing_eval_sec,route_index_build_sec,query_route_sec,retrieval_search_sec,offline_total_sec,online_total_sec,training_route_sec,training_update_sec,training_ema_sec,growth_sec,total_sec,chart_cache_file,route_cache_file,run_tag,git_branch,git_commit,notes
2026-03-06T11:59:32,False,summary line missing,,PASTED_results_snapshot.log,,,,,,,,,,,,,,,,,,,,,,,,,,,,,,,,,,,,,,,,,,,,,,,,,,,,,,,,,,,,,,
2026-03-06T11:59:32,True,,1.0,ctrl0001_seedmajor_lead_D30_FIXED_SG16_seed0_20260305_192004.log,0,,,,phase4d_adaptive,"0,1","0,2,4,6","0,1",0.0,radial,10,0,1,0,32,4,0.0,120,0.004003261849122039,0.003927101349773632,,0.9730781751406535,0.9637998030967214,0.0016,55,93,12,12,,,,,,,,,,,,,,,,0.22630666597979143,42.966710833017714,0.027175916999112815,,,,,,,,2.315380790969357,0.7928481249837205,46.45010758301942,,,ctrl0001_seedmajor_lead_D30_FIXED_SG16_seed0_20260305_192004,master,,
2026-03-06T11:59:32,True,,1.0,ctrl0001_seedmajor_lead_D30_FIXED_SG16_seed1_20260305_192223.log,1,,,,phase4d_adaptive,"0,1","0,2,4,6","0,1",0.0,radial,10,0,1,0,32,4,0.0,120,0.00403451693309422,0.003911560669616506,,0.9791464167876629,0.9757494575642788,0.0,23,36,7,7,,,,,,,,,,,,,,,,0.23698016698472202,39.312795874953736,0.03156779200071469,,,,,,,,2.3919410000089556,0.6158930839737877,42.73259683296783,,,ctrl0001_seedmajor_lead_D30_FIXED_SG16_seed1_20260305_192223,master,,
2026-03-06T11:59:32,True,,1.0,ctrl0001_seedmajor_lead_D30_FIXED_SG16_seed2_20260305_192431.log,2,,,,phase4d_adaptive,"0,1","0,2,4,6","0,1",0.0,radial,10,0,1,0,32,4,0.0,120,0.003977661800311661,0.0039020050326842508,,0.9789937995480755,0.9751067284685965,0.0004,22,40,10,10,,,,,,,,,,,,,,,,0.22014783299528062,38.855463208048604,0.040702916972804815,,,,,,,,2.4034557919949293,0.7545901670237072,42.40341762499884,,,ctrl0001_seedmajor_lead_D30_FIXED_SG16_seed2_20260305_192431,master,,
2026-03-06T11:59:32,True,,1.0,ctrl0001_seedmajor_lead_D30_FIXED_SG16_seed3_20260305_192640.log,3,,,,phase4d_adaptive,"0,1","0,2,4,6","0,1",0.0,radial,10,0,1,0,32,4,0.0,120,0.004013913463593518,0.003933148558025822,,0.9786040597868452,0.9749788456494684,0.0,23,38,8,8,,,,,,,,,,,,,,,,0.23619262501597404,42.12567991699325,0.04225895903073251,,,,,,,,3.0086556670139544,0.5908562919939868,46.14202241698513,,,ctrl0001_seedmajor_lead_D30_FIXED_SG16_seed3_20260305_192640,master,,
2026-03-06T11:59:32,True,,1.0,ctrl0001_seedmajor_lead_PHI_D32_L120_seed0_20260305_192051.log,0,,,,phase4d_adaptive,"0,1","0,2,4,6","0,1",0.0,radial,10,0,1,0,32,4,0.0,120,0.003988249327925109,0.003959162701846659,,0.9796975434690246,0.9773538504767841,0.0,20,31,4,4,,,,,,,,,,,,,,,,0.23943429195787758,43.10090575000504,0.03121900005498901,,,,,,,,2.7039622500305995,0.4365397910005413,46.631577000021935,,,ctrl0001_seedmajor_lead_PHI_D32_L120_seed0_20260305_192051,master,,
2026-03-06T11:59:32,True,,1.0,ctrl0001_seedmajor_lead_PHI_D32_L120_seed1_20260305_192306.log,1,,,,phase4d_adaptive,"0,1","0,2,4,6","0,1",0.0,radial,10,0,1,0,32,4,0.0,120,0.004013780247964354,0.0039494374937355005,,0.9682617611730977,0.9567328299031668,0.0,68,111,9,9,,,,,,,,,,,,,,,,0.22909200005233288,38.08536583400564,0.026252541050780565,,,,,,,,2.7760586249642074,0.7708264579996467,42.002447916951496,,,ctrl0001_seedmajor_lead_PHI_D32_L120_seed1_20260305_192306,master,,
2026-03-06T11:59:32,True,,1.0,ctrl0001_seedmajor_lead_PHI_D32_L120_seed2_20260305_192514.log,2,,,,phase4d_adaptive,"0,1","0,2,4,6","0,1",0.0,radial,10,0,1,0,32,4,0.0,120,0.0040223386085008386,0.003904701200049179,,0.9794730710540968,0.9761665765804708,0.0,20,33,7,7,,,,,,,,,,,,,,,,0.25554845901206136,40.604290916991886,0.02437700005248189,,,,,,,,2.7571734999655746,0.6046144999563694,44.36267612496158,,,ctrl0001_seedmajor_lead_PHI_D32_L120_seed2_20260305_192514,master,,
2026-03-06T11:59:32,True,,1.0,ctrl0001_seedmajor_lead_PHI_D32_L120_seed3_20260305_192727.log,3,,,,phase4d_adaptive,"0,1","0,2,4,6","0,1",0.0,radial,10,0,1,0,32,4,0.0,120,0.003996666305465432,0.003935156800784895,,0.9680972308904975,0.9565582919538389,0.008,69,113,6,6,,,,,,,,,,,,,,,,0.23701541702030227,39.792083250009455,0.050964416994247586,,,,,,,,2.2858922500163317,0.4817335410043597,42.963194707990624,,,ctrl0001_seedmajor_lead_PHI_D32_L120_seed3_20260305_192727,master,,
2026-03-06T11:59:32,True,,1.0,ctrl0001_seedmajor_lead_R0_seed0_20260305_191917.log,0,,,,kmeans,"0,1","0,2,4,6","0,1",0.0,radial,10,0,1,0,32,4,50.0,120,0.004012129030442227,0.003909330385621023,,0.982054408742315,0.9811308878490524,0.0,8,19,11,11,,,,,,,,,,,,,,,,0.32696633302839473,44.5009673750028,0.02731124998535961,,,,,,,,0.7322402499848977,0.801110583008267,46.65898800001014,,,ctrl0001_seedmajor_lead_R0_seed0_20260305_191917,master,,
2026-03-06T11:59:32,True,,1.0,ctrl0001_seedmajor_lead_R0_seed1_20260305_192138.log,1,,,,kmeans,"0,1","0,2,4,6","0,1",0.0,radial,10,0,1,0,32,4,50.0,120,0.003999402229590503,0.003913185231546915,,0.9822522234769407,0.9809092694287701,0.0,8,18,10,10,,,,,,,,,,,,,,,,0.2428309170063585,41.31941504200222,0.030464167008176446,,,,,,,,2.610181374999229,0.6791362080257386,45.12505858298391,,,ctrl0001_seedmajor_lead_R0_seed1_20260305_192138,master,,
2026-03-06T11:59:32,True,,1.0,ctrl0001_seedmajor_lead_R0_seed2_20260305_192348.log,2,,,,kmeans,"0,1","0,2,4,6","0,1",0.0,radial,10,0,1,0,32,4,50.0,120,0.004017842416056357,0.0039034650868993567,,0.9814376243505974,0.979800795415951,0.0,8,24,16,16,,,,,,,,,,,,,,,,0.2983308330294676,39.91592479200335,0.031727332971058786,,,,,,,,1.3107115830061957,1.0935465000220574,43.123497333028354,,,ctrl0001_seedmajor_lead_R0_seed2_20260305_192348,master,,
2026-03-06T11:59:32,True,,1.0,ctrl0001_seedmajor_lead_R0_seed3_20260305_192559.log,3,,,,kmeans,"0,1","0,2,4,6","0,1",0.0,radial,10,0,1,0,32,4,50.0,120,0.00401956369563352,0.003905572486022944,,0.9812665134594432,0.9803143880370472,0.0,8,20,12,12,,,,,,,,,,,,,,,,0.22131062496919185,38.999366333009675,0.029742958024144173,,,,,,,,0.9573402499663644,0.9873507079901174,41.593212292005774,,,ctrl0001_seedmajor_lead_R0_seed3_20260305_192559,master,,
2026-03-06T11:59:32,True,,1.0,ctrl0002_phi3_vs_r0_seedmajor_PHI3_K25_D36_L065_seed0_20260305_214305.log,0,,,,phase4d_adaptive,"0,1","0,2,4,6","1,3",0.0,radial,10,0,1,0,32,4,0.0,120,0.003991583122930977,0.00389376149018629,,0.980777091202688,0.9782036274558213,0.0,20,38,10,10,,,,,,,,,,,,,,,,0.2677709579584189,41.96168079198105,0.03017004200955853,,,,,,,,3.2212755419895984,0.6708529999596067,46.290658250043634,,,ctrl0002_phi3_vs_r0_seedmajor_PHI3_K25_D36_L065_seed0_20260305_214305,master,,
2026-03-06T11:59:32,True,,1.0,ctrl0002_phi3_vs_r0_seedmajor_PHI3_K25_D36_L065_seed1_20260305_214435.log,1,,,,phase4d_adaptive,"0,1","0,2,4,6","1,3",0.0,radial,10,0,1,0,32,4,0.0,120,0.004011179126561403,0.003911192029051833,,0.979450514172299,0.9747963283214003,0.0,26,42,7,7,,,,,,,,,,,,,,,,0.2560753329889849,54.15964841697132,0.03527783299796283,,,,,,,,4.276061041979119,0.5117906659725122,59.36054562497884,,,ctrl0002_phi3_vs_r0_seedmajor_PHI3_K25_D36_L065_seed1_20260305_214435,master,,
2026-03-06T11:59:32,True,,1.0,ctrl0002_phi3_vs_r0_seedmajor_PHI3_K25_D36_L065_seed2_20260305_214620.log,2,,,,phase4d_adaptive,"0,1","0,2,4,6","1,3",0.0,radial,10,0,1,0,32,4,0.0,120,0.003999428150300841,0.003898729934305543,,0.9795401486331775,0.9753390212074577,0.0,24,43,8,8,,,,,,,,,,,,,,,,0.22143508301815018,48.080426874978,0.13040916697354987,,,,,,,,8.010339916974772,0.6609916670131497,57.60535462497501,,,ctrl0002_phi3_vs_r0_seedmajor_PHI3_K25_D36_L065_seed2_20260305_214620,master,,
2026-03-06T11:59:32,True,,1.0,ctrl0002_phi3_vs_r0_seedmajor_PHI3_K25_D36_L065_seed3_20260305_214807.log,3,,,,phase4d_adaptive,"0,1","0,2,4,6","1,3",0.0,radial,10,0,1,0,32,4,0.0,120,0.003995851201089058,0.0039015536742385633,,0.9783183190607632,0.976264953162997,0.0004,27,45,9,9,,,,,,,,,,,,,,,,0.24279999994905666,41.45571158401435,0.019264957983978093,,,,,,,,2.5852749589830637,0.6116207499871962,45.0521077500307,,,ctrl0002_phi3_vs_r0_seedmajor_PHI3_K25_D36_L065_seed3_20260305_214807,master,,
2026-03-06T11:59:32,True,,1.0,ctrl0002_phi3_vs_r0_seedmajor_R0_seed0_20260305_214351.log,0,,,,kmeans,"0,1","0,2,4,6","1,3",0.0,radial,10,0,1,0,32,4,50.0,120,0.004012129030442227,0.003909330385621023,,0.982054408742315,0.9811308878490524,0.0,8,19,11,11,,,,,,,,,,,,,,,,0.2447528750053607,40.092209915979765,0.05016966600669548,,,,,,,,2.047762375033926,0.8125476249842905,43.60990454204148,,,ctrl0002_phi3_vs_r0_seedmajor_R0_seed0_20260305_214351,master,,
2026-03-06T11:59:32,True,,1.0,ctrl0002_phi3_vs_r0_seedmajor_R0_seed1_20260305_214535.log,1,,,,kmeans,"0,1","0,2,4,6","1,3",0.0,radial,10,0,1,0,32,4,50.0,120,0.003999402229590503,0.003913185231546915,,0.9822522234769407,0.9809092694287701,0.0,8,18,10,10,,,,,,,,,,,,,,,,0.2267822089488618,42.81905520899454,0.049479000037536025,,,,,,,,0.946625332988333,0.6957977910060436,45.02020895801252,,,ctrl0002_phi3_vs_r0_seedmajor_R0_seed1_20260305_214535,master,,
2026-03-06T11:59:32,True,,1.0,ctrl0002_phi3_vs_r0_seedmajor_R0_seed2_20260305_214718.log,2,,,,kmeans,"0,1","0,2,4,6","1,3",0.0,radial,10,0,1,0,32,4,50.0,120,0.004017842416056357,0.0039034650868993567,,0.9814376243505974,0.979800795415951,0.0,8,24,16,16,,,,,,,,,,,,,,,,0.22850812500109896,46.39698291698005,0.037047291989438236,,,,,,,,0.7312209579977207,1.0276202920358628,48.78145745798247,,,ctrl0002_phi3_vs_r0_seedmajor_R0_seed2_20260305_214718,master,,
2026-03-06T11:59:32,True,,1.0,ctrl0002_phi3_vs_r0_seedmajor_R0_seed3_20260305_214852.log,3,,,,kmeans,"0,1","0,2,4,6","1,3",0.0,radial,10,0,1,0,32,4,50.0,120,0.00401956369563352,0.003905572486022944,,0.9812665134594432,0.9803143880370472,0.0,8,20,12,12,,,,,,,,,,,,,,,,0.24618254095548764,40.065578625013586,0.023855875013396144,,,,,,,,0.855793041002471,0.81923658400774,42.2519064170192,,,ctrl0002_phi3_vs_r0_seedmajor_R0_seed3_20260305_214852,master,,
2026-03-06T11:59:32,True,,1.0,ctrl0003_hopf_frontier_confirm_HOPF_K25_BASE_seed0_20260306_084404.log,0,,,,phase4d_hopf,"0,1","0,2,4,6","1,3",0.0,radial,10,0,1,1,32,4,0.0,120,0.004022503444566959,0.003936704647842897,,0.9817460704272202,0.9783897928943193,0.0,8,12,4,4,,,,,,,,,512,0.09097858317132244,0.04548929150143914,0.026638162437924124,0.10656794571997956,0.03645911320072094,0.81227857240935,0.2604722920223139,44.299300082959235,0.11118445900501683,,,,,,,,3.8124624170013703,0.29498179198708385,49.00863454199862,,,ctrl0003_hopf_frontier_confirm_HOPF_K25_BASE_seed0_20260306_084404,master,,
2026-03-06T11:59:32,True,,1.0,ctrl0003_hopf_frontier_confirm_HOPF_K25_BASE_seed1_20260306_084631.log,1,,,,phase4d_hopf,"0,1","0,2,4,6","1,3",0.0,radial,10,0,1,1,32,4,0.0,120,0.003995666918101313,0.003931787947862129,,0.9799700610695065,0.9783783649052838,0.0,8,12,4,4,,,,,,,,,512,0.09160291403649255,0.0458014570609511,-0.009426647294005986,0.1300618626448677,0.04504309451097052,0.8555428876750516,0.22674966702470556,42.79354737501126,0.039392874983605,,,,,,,,4.9699552079546265,0.28825749998213723,48.4174780419562,,,ctrl0003_hopf_frontier_confirm_HOPF_K25_BASE_seed1_20260306_084631,master,,
2026-03-06T11:59:32,True,,1.0,ctrl0003_hopf_frontier_confirm_HOPF_K25_BASE_seed2_20260306_084848.log,2,,,,phase4d_hopf,"0,1","0,2,4,6","1,3",0.0,radial,10,0,1,1,32,4,0.0,120,0.0039845949182691345,0.003950256488924301,,0.9804825415061563,0.9773114805948414,0.0,8,10,2,2,,,,,,,,,512,0.10514106245790172,0.052570531068647404,0.021420299394508846,0.19634720624817667,0.06682619734900162,0.7977780043142483,0.2381615419872105,35.76136624999344,0.06961454096017405,,,,,,,,3.891609000042081,0.1643471249844879,40.230887832993176,,,ctrl0003_hopf_frontier_confirm_HOPF_K25_BASE_seed2_20260306_084848,master,,
2026-03-06T11:59:32,True,,1.0,ctrl0003_hopf_frontier_confirm_HOPF_K25_BASE_seed3_20260306_085059.log,3,,,,phase4d_hopf,"0,1","0,2,4,6","1,3",0.0,radial,10,0,1,1,32,4,0.0,120,0.0040281625140486665,0.003933186848729647,,0.9780002016695049,0.9759278555452497,0.0,11,17,6,6,,,,,,,,,512,0.25276783480486115,0.1263839174272009,-0.011354354371670932,0.4360816113542842,0.1506704437969868,0.43990958374673894,0.311299416993279,36.98186362499837,0.030837375030387193,,,,,,,,3.897777791018598,0.3665225000004284,41.69564533303492,,,ctrl0003_hopf_frontier_confirm_HOPF_K25_BASE_seed3_20260306_085059,master,,
2026-03-06T11:59:32,True,,1.0,ctrl0003_hopf_frontier_confirm_HOPF_PHI2_BAND_seed0_20260306_084453.log,0,,,,phase4d_hopf_fib_band,"0,1","0,2,4,6","1,3",0.0,radial,10,0,1,1,32,4,0.0,120,0.0040293800768787386,0.003909781773311792,,0.9767940901330189,0.9728501589275843,0.0,15,29,7,7,,,,,,,,,512,0.10461588496042726,0.05230794241396592,0.011991233738593319,0.12237850812593219,0.04210194267966462,0.7367058423374679,0.24040637497091666,38.91825841704849,0.050489458022639155,,,,,,,,14.048940417007543,0.41353308397810906,53.79249483399326,,,ctrl0003_hopf_frontier_confirm_HOPF_PHI2_BAND_seed0_20260306_084453,master,,
2026-03-06T11:59:32,True,,1.0,ctrl0003_hopf_frontier_confirm_HOPF_PHI2_BAND_seed1_20260306_084720.log,1,,,,phase4d_hopf_fib_band,"0,1","0,2,4,6","1,3",0.0,radial,10,0,1,1,32,4,0.0,120,0.004022210144836674,0.003910477542812056,,0.9759662348403141,0.9709441546461574,0.0,17,29,7,7,,,,,,,,,512,0.05362540312269905,0.0268127015689703,0.003965894454878597,0.08514512355687864,0.029273879352224468,0.9452108146901089,0.24652433401206508,35.94648120802594,0.03656470903661102,,,,,,,,5.047422666975763,0.3814095000270754,41.737388790992554,,,ctrl0003_hopf_frontier_confirm_HOPF_PHI2_BAND_seed1_20260306_084720,master,,
2026-03-06T11:59:32,True,,1.0,ctrl0003_hopf_frontier_confirm_HOPF_PHI2_BAND_seed2_20260306_084929.log,2,,,,phase4d_hopf_fib_band,"0,1","0,2,4,6","1,3",0.0,radial,10,0,1,1,32,4,0.0,120,0.003980680848414336,0.003931610239607275,,0.9756820107610725,0.9711963779634704,0.0,15,25,3,3,,,,,,,,,512,0.06686008183383689,0.03343004083903629,-0.04358690592163953,0.09405138243653752,0.03203459821077435,0.8740379069467759,0.26209470798494294,42.92452433297876,0.03578275005565956,,,,,,,,5.431473208009265,0.30233124998630956,49.081656542024575,,,ctrl0003_hopf_frontier_confirm_HOPF_PHI2_BAND_seed2_20260306_084929,master,,
2026-03-06T11:59:32,True,,1.0,ctrl0003_hopf_frontier_confirm_HOPF_PHI2_BAND_seed3_20260306_085141.log,3,,,,phase4d_hopf_fib_band,"0,1","0,2,4,6","1,3",0.0,radial,10,0,1,1,32,4,0.0,120,0.003999809791963169,0.003933049631922524,,0.9739018598099694,0.9730316175430429,0.0,15,30,5,5,,,,,,,,,512,0.23960138222078237,0.11980069125685129,-0.05563887839419832,0.41460774139684287,0.14347375587077693,0.43928841236001637,0.24242462497204542,44.84102770796744,0.03663250000681728,,,,,,,,16.00472012499813,0.3003769590286538,61.55317641701549,,,ctrl0003_hopf_frontier_confirm_HOPF_PHI2_BAND_seed3_20260306_085141,master,,
2026-03-06T11:59:32,True,,1.0,ctrl0003_hopf_frontier_confirm_R0_seed0_20260306_084547.log,0,,,,kmeans,"0,1","0,2,4,6","1,3",0.0,radial,10,0,1,1,32,4,50.0,120,0.004006595783210691,0.003953600059924342,,0.9807957009331097,0.9779404640580072,0.0,8,14,6,6,,,,,,,,,512,0.09418285703751318,0.04709142841681197,0.03050386611758068,0.12477011550703122,0.04269348021347473,0.7528707855301896,0.24027237499831244,41.73958066699561,0.0341105000115931,,,,,,,,0.7503174580051564,0.31811333302175626,43.34344220801722,,,ctrl0003_hopf_frontier_confirm_R0_seed0_20260306_084547,master,,
2026-03-06T11:59:32,True,,1.0,ctrl0003_hopf_frontier_confirm_R0_seed1_20260306_084802.log,1,,,,kmeans,"0,1","0,2,4,6","1,3",0.0,radial,10,0,1,1,32,4,50.0,120,0.00400963544172235,0.00393884231852473,,0.9797895966964137,0.977750661338338,0.0,8,16,8,8,,,,,,,,,512,0.09997021855385611,0.049985109366217736,-0.04727735518726627,0.17121216094956188,0.05842215863000057,0.8452859988420183,0.28214404196478426,44.49791108298814,0.04778520896798,,,,,,,,0.7310526669607498,0.3812170830206014,46.08940437500132,,,ctrl0003_hopf_frontier_confirm_R0_seed1_20260306_084802,master,,
2026-03-06T11:59:32,True,,1.0,ctrl0003_hopf_frontier_confirm_R0_seed2_20260306_085018.log,2,,,,kmeans,"0,1","0,2,4,6","1,3",0.0,radial,10,0,1,1,32,4,50.0,120,0.003993477112477444,0.0039488325086038615,,0.9808074701663294,0.9762391646340323,0.0,8,13,5,5,,,,,,,,,512,0.0932074502094445,0.04660372507540052,-0.060097745609570916,0.1126899344264198,0.03830501363261562,0.7706776698262485,0.2416397089837119,38.88368270796491,0.07612204202450812,,,,,,,,0.9826128749991767,0.34086491604102775,40.941885165986605,,,ctrl0003_hopf_frontier_confirm_R0_seed2_20260306_085018,master,,
2026-03-06T11:59:32,True,,1.0,ctrl0003_hopf_frontier_confirm_R0_seed3_20260306_085243.log,3,,,,kmeans,"0,1","0,2,4,6","1,3",0.0,radial,10,0,1,1,32,4,50.0,120,0.004003891929975177,0.003946138364182777,,0.9794518790027605,0.977587774957687,0.0,8,13,5,5,,,,,,,,,512,0.09148792707866553,0.04574396357948924,-0.02775400845558166,0.10214718193938338,0.03507431484948378,0.7993265914698762,0.2433117909822613,37.41636874998221,0.02880775002995506,,,,,,,,0.9598554580006748,0.3529269589926116,39.259633790992666,,,ctrl0003_hopf_frontier_confirm_R0_seed3_20260306_085243,master,,
2026-03-06T11:59:32,True,,1.0,inc0008_proxy_transfer_multiseed_R0_seed0_20260305_141509.log,0,,,,kmeans,"0,1","0,2,4,6","0,1",0.0,radial,10,0,1,0,32,4,50.0,120,0.004024724848505551,0.0039452531106827825,,0.9821714692689185,0.978659464609418,0.0,8,14,6,6,,,,,,,,,,,,,,,,0.23232245800318196,23.77737475000322,0.01421754201874137,,,,,,,,4.199370499991346,0.5875112079665996,28.98213208297966,,,inc0008_proxy_transfer_multiseed_R0_seed0_20260305_141509,master,,
2026-03-06T11:59:32,True,,1.0,inc0008_proxy_transfer_multiseed_R0_seed1_20260305_141538.log,1,,,,kmeans,"0,1","0,2,4,6","0,1",0.0,radial,10,0,1,0,32,4,50.0,120,0.004000403065727412,0.003944766806559406,,0.980845719281152,0.9791091782314787,0.0,8,14,6,6,,,,,,,,,,,,,,,,0.2222124999971129,22.18198495800607,0.022839041019324213,,,,,,,,0.29932354198535904,0.315109291987028,23.242511541990098,,,inc0008_proxy_transfer_multiseed_R0_seed1_20260305_141538,master,,
2026-03-06T11:59:32,True,,1.0,inc0008_proxy_transfer_multiseed_R5B_seed0_20260305_141601.log,0,,,,phase4d,"0,1","0,2,4,6","0,1",0.0,radial,10,0,1,0,32,4,50.0,120,0.004034294750717129,0.0038859823887058944,,0.9849744654610437,0.9835106822899485,0.0,2,5,3,3,,,,,,,,,,,,,,,,0.23470554198138416,21.95920241699787,0.014586124976631254,,,,,,,,0.8114437909680419,0.26505112496670336,23.372674833983183,,,inc0008_proxy_transfer_multiseed_R5B_seed0_20260305_141601,master,,
2026-03-06T11:59:32,True,,1.0,inc0008_proxy_transfer_multiseed_R5B_seed1_20260305_141625.log,1,,,,phase4d,"0,1","0,2,4,6","0,1",0.0,radial,10,0,1,0,32,4,50.0,120,0.003996987986845865,0.0038856203816552124,,0.9838084329543743,0.9838968078110406,0.0,2,4,2,2,,,,,,,,,,,,,,,,0.19374995899852365,22.314282541978173,0.007096917019225657,,,,,,,,0.27734020800562575,0.24928604200249538,23.102199250017293,,,inc0008_proxy_transfer_multiseed_R5B_seed1_20260305_141625,master,,
2026-03-06T11:59:32,True,,1.0,inc0009_proxy_stabilization_confirm_R0_seed0_20260305_145025.log,0,,,,kmeans,"0,1","0,2,4,6","0,1",0.0,radial,10,0,1,0,32,4,50.0,120,0.004024724848505551,0.0039452531106827825,,0.9821714692689185,0.978659464609418,0.0,8,14,6,6,,,,,,,,,,,,,,,,0.25885333301266655,32.13943999999901,0.0394684579805471,,,,,,,,1.348966624995228,0.4561492079519667,34.62665033299709,,,inc0009_proxy_stabilization_confirm_R0_seed0_20260305_145025,master,,
2026-03-06T11:59:32,True,,1.0,inc0009_proxy_stabilization_confirm_R0_seed1_20260305_145100.log,1,,,,kmeans,"0,1","0,2,4,6","0,1",0.0,radial,10,0,1,0,32,4,50.0,120,0.004000403065727412,0.003944766806559406,,0.980845719281152,0.9791091782314787,0.0,8,14,6,6,,,,,,,,,,,,,,,,0.24459854199085385,39.359568666957784,0.0211977920262143,,,,,,,,2.1514512909925543,0.36741708300542086,42.50070933398092,,,inc0009_proxy_stabilization_confirm_R0_seed1_20260305_145100,master,,
2026-03-06T11:59:32,True,,1.0,inc0009_proxy_stabilization_confirm_R5B_K16_seed0_20260305_145241.log,0,,,,phase4d,"0,1","0,2,4,6","0,1",0.0,radial,10,0,1,0,32,4,0.0,120,0.004013152609659858,0.0038941374170809095,,0.9843692776415114,0.9824294524529765,0.0,4,9,5,5,,,,,,,,,,,,,,,,0.23740050004562363,30.6744058750337,0.020547666994389147,,,,,,,,0.6850623749778606,0.3618017919943668,32.06184391700663,,,inc0009_proxy_stabilization_confirm_R5B_K16_seed0_20260305_145241,master,,
2026-03-06T11:59:32,True,,1.0,inc0009_proxy_stabilization_confirm_R5B_K16_seed1_20260305_145313.log,1,,,,phase4d,"0,1","0,2,4,6","0,1",0.0,radial,10,0,1,0,32,4,0.0,120,0.004020299976798812,0.003888722850038926,,0.9831176963211746,0.9826689517820819,0.0,4,9,5,5,,,,,,,,,,,,,,,,0.21002087503438815,28.3249005000107,0.01762170798610896,,,,,,,,0.6527867919648997,0.344330332998652,29.646179375005886,,,inc0009_proxy_stabilization_confirm_R5B_K16_seed1_20260305_145313,master,,
2026-03-06T11:59:32,True,,1.0,inc0009_proxy_stabilization_confirm_R5B_K25_seed0_20260305_145343.log,0,,,,phase4d,"0,1","0,2,4,6","0,1",0.0,radial,10,0,1,0,32,4,0.0,120,0.00401448144106795,0.0038872532696112567,,0.98438205190642,0.9824635575984433,0.0,4,9,5,5,,,,,,,,,,,,,,,,0.24886716599576175,32.373861374973785,0.016983083041850477,,,,,,,,0.959121584019158,0.384512500022538,34.066868041991256,,,inc0009_proxy_stabilization_confirm_R5B_K25_seed0_20260305_145343,master,,
2026-03-06T11:59:32,True,,1.0,inc0009_proxy_stabilization_confirm_R5B_K25_seed1_20260305_145417.log,1,,,,phase4d,"0,1","0,2,4,6","0,1",0.0,radial,10,0,1,0,32,4,0.0,120,0.004013169002770659,0.003889769924579307,,0.9830912568803731,0.9827842432202321,0.0,4,9,5,5,,,,,,,,,,,,,,,,0.2654147499706596,27.1506087090238,0.010044249997008592,,,,,,,,0.6602716250345111,0.36074229096993804,28.528515292040538,,,inc0009_proxy_stabilization_confirm_R5B_K25_seed1_20260305_145417,master,,
2026-03-06T11:59:32,True,,1.0,inc0009_proxy_stabilization_confirm_R5B_K36_seed0_20260305_145446.log,0,,,,phase4d,"0,1","0,2,4,6","0,1",0.0,radial,10,0,1,0,32,4,0.0,120,0.004013170948592292,0.003912630147034057,,0.9843730093736143,0.9824298522324085,0.0,4,7,3,3,,,,,,,,,,,,,,,,0.23545774997910485,27.7210199169931,0.015828542003873736,,,,,,,,1.0973043339909054,0.3324431250221096,29.4766459169914,,,inc0009_proxy_stabilization_confirm_R5B_K36_seed0_20260305_145446,master,,
2026-03-06T11:59:32,True,,1.0,inc0009_proxy_stabilization_confirm_R5B_K36_seed1_20260305_145516.log,1,,,,phase4d,"0,1","0,2,4,6","0,1",0.0,radial,10,0,1,0,32,4,0.0,120,0.0040141199524848245,0.003904521771573407,,0.983093654199217,0.9826749877961252,0.0,4,7,3,3,,,,,,,,,,,,,,,,0.22861212503630668,26.32387004198972,0.013253542012535036,,,,,,,,0.6840819169883616,0.32256950001465157,27.645582583965734,,,inc0009_proxy_stabilization_confirm_R5B_K36_seed1_20260305_145516,master,,
2026-03-06T11:59:32,True,,1.0,inc0009_proxy_stabilization_confirm_R5B_ref_seed0_20260305_145143.log,0,,,,phase4d,"0,1","0,2,4,6","0,1",0.0,radial,10,0,1,0,32,4,50.0,120,0.004034294750717129,0.0038859823887058944,,0.9849744654610437,0.9835106822899485,0.0,2,5,3,3,,,,,,,,,,,,,,,,0.21233224996831268,27.154994959011674,0.012088207993656397,,,,,,,,0.7537029589875601,0.2992352919536643,28.54020283400314,,,inc0009_proxy_stabilization_confirm_R5B_ref_seed0_20260305_145143,master,,
2026-03-06T11:59:32,True,,1.0,inc0009_proxy_stabilization_confirm_R5B_ref_seed1_20260305_145211.log,1,,,,phase4d,"0,1","0,2,4,6","0,1",0.0,radial,10,0,1,0,32,4,50.0,120,0.003996987986845865,0.0038856203816552124,,0.9838084329543743,0.9838968078110406,0.0,2,4,2,2,,,,,,,,,,,,,,,,0.2611396249849349,26.971132916980423,0.02908679097890854,,,,,,,,1.4404511250322685,0.31423266598721966,29.105182832980063,,,inc0009_proxy_stabilization_confirm_R5B_ref_seed1_20260305_145211,master,,
2026-03-06T11:59:32,True,,1.0,inc0009_proxy_stabilization_screen_R0_seed0_20260305_144523.log,0,,,,kmeans,"0,1","0,2,4,6","0,1",0.0,radial,10,0,1,0,32,4,50.0,120,0.004024724848505551,0.0039452531106827825,,0.9821714692689185,0.978659464609418,0.0,8,14,6,6,,,,,,,,,,,,,,,,0.2544040000066161,30.903279416961595,0.041089957987423986,,,,,,,,1.7013070419779979,0.35661208297824487,33.5501178749837,,,inc0009_proxy_stabilization_screen_R0_seed0_20260305_144523,master,,
2026-03-06T11:59:32,True,,1.0,inc0009_proxy_stabilization_screen_R5B_B0_D2_seed0_20260305_144724.log,0,,,,phase4d,"0,1","0,2,4,6","0,1",0.0,radial,10,0,1,0,32,4,0.0,120,0.004034294750717129,0.0038859823887058944,,0.9849744654610437,0.9835106822899485,0.0,2,5,3,3,,,,,,,,,,,,,,,,0.23368566698627546,24.06636791699566,0.01459708297625184,,,,,,,,0.7524476250400767,0.2978793329675682,25.449371416994836,,,inc0009_proxy_stabilization_screen_R5B_B0_D2_seed0_20260305_144724,master,,
2026-03-06T11:59:32,True,,1.0,inc0009_proxy_stabilization_screen_R5B_B0_K16_D2_G64_seed0_20260305_144843.log,0,,,,phase4d,"0,1","0,2,4,6","0,1",0.0,radial,10,0,1,0,64,4,0.0,120,0.004013152609659858,0.0038941374170809095,,0.9843692776415114,0.9824294524529765,0.0,4,9,5,5,,,,,,,,,,,,,,,,0.26102608296787366,24.277658832957968,0.01988970802631229,,,,,,,,0.7610781249823049,0.3509767079958692,25.7461950420402,,,inc0009_proxy_stabilization_screen_R5B_B0_K16_D2_G64_seed0_20260305_144843,master,,
2026-03-06T11:59:32,True,,1.0,inc0009_proxy_stabilization_screen_R5B_B0_K16_D2_seed0_20260305_144816.log,0,,,,phase4d,"0,1","0,2,4,6","0,1",0.0,radial,10,0,1,0,32,4,0.0,120,0.004013152609659858,0.0038941374170809095,,0.9843692776415114,0.9824294524529765,0.0,4,9,5,5,,,,,,,,,,,,,,,,0.23593045899178833,25.705941499967594,0.01306383399059996,,,,,,,,0.6236018339986913,0.3916916250018403,27.037934833031613,,,inc0009_proxy_stabilization_screen_R5B_B0_K16_D2_seed0_20260305_144816,master,,
2026-03-06T11:59:32,True,,1.0,inc0009_proxy_stabilization_screen_R5B_B0_K16_seed0_20260305_144749.log,0,,,,phase4d,"0,1","0,2,4,6","0,1",0.0,radial,10,0,1,0,32,4,0.0,120,0.004013152609659858,0.0038941374170809095,,0.9843692776415114,0.9824294524529765,0.0,4,9,5,5,,,,,,,,,,,,,,,,0.24585575005039573,24.754213874985,0.012915249972138554,,,,,,,,0.7674429999897256,0.36279008304700255,26.220365250017494,,,inc0009_proxy_stabilization_screen_R5B_B0_K16_seed0_20260305_144749,master,,
2026-03-06T11:59:32,True,,1.0,inc0009_proxy_stabilization_screen_R5B_B0_seed0_20260305_144655.log,0,,,,phase4d,"0,1","0,2,4,6","0,1",0.0,radial,10,0,1,0,32,4,0.0,120,0.004034294750717129,0.0038859823887058944,,0.9849744654610437,0.9835106822899485,0.0,2,5,3,3,,,,,,,,,,,,,,,,0.24480329197831452,27.27064624999184,0.009731250000186265,,,,,,,,0.461654584039934,0.28284479200374335,28.34471716597909,,,inc0009_proxy_stabilization_screen_R5B_B0_seed0_20260305_144655,master,,
2026-03-06T11:59:32,True,,1.0,inc0009_proxy_stabilization_screen_R5B_B10_seed0_20260305_144628.log,0,,,,phase4d,"0,1","0,2,4,6","0,1",0.0,radial,10,0,1,0,32,4,10.0,120,0.004034294750717129,0.0038859823887058944,,0.9849744654610437,0.9835106822899485,0.0,2,5,3,3,,,,,,,,,,,,,,,,0.24058083299314603,25.49596495804144,0.07191304198931903,,,,,,,,0.8222941249841824,0.29418383399024606,27.10829033300979,,,inc0009_proxy_stabilization_screen_R5B_B10_seed0_20260305_144628,master,,
2026-03-06T11:59:32,True,,1.0,inc0009_proxy_stabilization_screen_R5B_ref_seed0_20260305_144557.log,0,,,,phase4d,"0,1","0,2,4,6","0,1",0.0,radial,10,0,1,0,32,4,50.0,120,0.004034294750717129,0.0038859823887058944,,0.9849744654610437,0.9835106822899485,0.0,2,5,3,3,,,,,,,,,,,,,,,,0.24100162496324629,28.25856799999019,0.026689334015827626,,,,,,,,1.619621374993585,0.2888357090414502,30.506651457981206,,,inc0009_proxy_stabilization_screen_R5B_ref_seed0_20260305_144557,master,,
2026-03-06T11:59:32,True,,1.0,inc0010_adaptive_phase4d_confirm_R0_seed0_20260305_150646.log,0,,,,kmeans,"0,1","0,2,4,6","0,1",0.0,radial,10,0,1,0,32,4,50.0,120,0.004024724848505551,0.0039452531106827825,,0.9821714692689185,0.978659464609418,0.0,8,14,6,6,,,,,,,,,,,,,,,,0.24088645895244554,37.6099885419826,0.04022537497803569,,,,,,,,0.6508554160245694,0.4003234169795178,39.14574587496463,,,inc0010_adaptive_phase4d_confirm_R0_seed0_20260305_150646,master,,
2026-03-06T11:59:32,True,,1.0,inc0010_adaptive_phase4d_confirm_R0_seed1_20260305_150726.log,1,,,,kmeans,"0,1","0,2,4,6","0,1",0.0,radial,10,0,1,0,32,4,50.0,120,0.004000403065727412,0.003944766806559406,,0.980845719281152,0.9791091782314787,0.0,8,14,6,6,,,,,,,,,,,,,,,,0.24740804196335375,30.746260999992955,0.01579395798034966,,,,,,,,0.41263016703305766,0.35519625002052635,31.927979832980782,,,inc0010_adaptive_phase4d_confirm_R0_seed1_20260305_150726,master,,
2026-03-06T11:59:32,True,,1.0,inc0010_adaptive_phase4d_confirm_R5A_K25_M3_seed0_20260305_151124.log,0,,,,phase4d_adaptive,"0,1","0,2,4,6","0,1",0.0,radial,10,0,1,0,32,4,0.0,120,0.003994982310660646,0.0039036947576271083,,0.981047008070427,0.9781985862752851,0.0,11,22,6,6,,,,,,,,,,,,,,,,0.2771640000282787,27.702823041996453,0.01565229200059548,,,,,,,,1.117731832957361,0.4676044590305537,29.658579917042516,,,inc0010_adaptive_phase4d_confirm_R5A_K25_M3_seed0_20260305_151124,master,,
2026-03-06T11:59:32,True,,1.0,inc0010_adaptive_phase4d_confirm_R5A_K25_M3_seed1_20260305_151154.log,1,,,,phase4d_adaptive,"0,1","0,2,4,6","0,1",0.0,radial,10,0,1,0,32,4,0.0,120,0.0040266187782171045,0.0038980840452077707,,0.9799739351077954,0.9784046532778493,0.0,11,23,7,7,,,,,,,,,,,,,,,,0.23583429103018716,30.84408125001937,0.03188579197740182,,,,,,,,4.020794083015062,0.4356589170056395,35.66965908301063,,,inc0010_adaptive_phase4d_confirm_R5A_K25_M3_seed1_20260305_151154,master,,
2026-03-06T11:59:32,True,,1.0,inc0010_adaptive_phase4d_confirm_R5A_K25_seed0_20260305_151018.log,0,,,,phase4d_adaptive,"0,1","0,2,4,6","0,1",0.0,radial,10,0,1,0,32,4,0.0,120,0.003997145374356608,0.00390859646187917,,0.9811534367957585,0.9769120548075861,0.0,12,21,6,6,,,,,,,,,,,,,,,,0.23323600000003353,33.67124762502499,0.031583292002324015,,,,,,,,1.0393494999734685,0.41080675000557676,35.46125191700412,,,inc0010_adaptive_phase4d_confirm_R5A_K25_seed0_20260305_151018,master,,
2026-03-06T11:59:32,True,,1.0,inc0010_adaptive_phase4d_confirm_R5A_K25_seed1_20260305_151053.log,1,,,,phase4d_adaptive,"0,1","0,2,4,6","0,1",0.0,radial,10,0,1,0,32,4,0.0,120,0.0039976945131594615,0.003907160655982428,,0.9803696279020769,0.9782268681583882,0.0,11,18,4,4,,,,,,,,,,,,,,,,0.23525708395754918,28.252865625021514,0.026212458964437246,,,,,,,,1.2325588749954477,0.30853745801141486,30.14114195801085,,,inc0010_adaptive_phase4d_confirm_R5A_K25_seed1_20260305_151053,master,,
2026-03-06T11:59:32,True,,1.0,inc0010_adaptive_phase4d_confirm_R5B_K25_seed0_20260305_150902.log,0,,,,phase4d,"0,1","0,2,4,6","0,1",0.0,radial,10,0,1,0,32,4,0.0,120,0.00401448144106795,0.0038872532696112567,,0.98438205190642,0.9824635575984433,0.0,4,9,5,5,,,,,,,,,,,,,,,,0.33027966698864475,34.86120287497761,0.026597500022035092,,,,,,,,5.204488916031551,0.3924251670250669,40.896376457996666,,,inc0010_adaptive_phase4d_confirm_R5B_K25_seed0_20260305_150902,master,,
2026-03-06T11:59:32,True,,1.0,inc0010_adaptive_phase4d_confirm_R5B_K25_seed1_20260305_150943.log,1,,,,phase4d,"0,1","0,2,4,6","0,1",0.0,radial,10,0,1,0,32,4,0.0,120,0.004013169002770659,0.003889769924579307,,0.9830912568803731,0.9827842432202321,0.0,4,9,5,5,,,,,,,,,,,,,,,,0.30313687497982755,32.77063891600119,0.017900749982800335,,,,,,,,0.6844067089841701,0.40296804200625047,34.278876665979624,,,inc0010_adaptive_phase4d_confirm_R5B_K25_seed1_20260305_150943,master,,
2026-03-06T11:59:32,True,,1.0,inc0010_adaptive_phase4d_confirm_R5B_ref_seed0_20260305_150758.log,0,,,,phase4d,"0,1","0,2,4,6","0,1",0.0,radial,10,0,1,0,32,4,50.0,120,0.004034294750717129,0.0038859823887058944,,0.9849744654610437,0.9835106822899485,0.0,2,5,3,3,,,,,,,,,,,,,,,,0.22890195896616206,31.525024708011188,0.03042674995958805,,,,,,,,1.935748792020604,0.44530466600554064,34.24534679099452,,,inc0010_adaptive_phase4d_confirm_R5B_ref_seed0_20260305_150758,master,,
2026-03-06T11:59:32,True,,1.0,inc0010_adaptive_phase4d_confirm_R5B_ref_seed1_20260305_150832.log,1,,,,phase4d,"0,1","0,2,4,6","0,1",0.0,radial,10,0,1,0,32,4,50.0,120,0.003996987986845865,0.0038856203816552124,,0.9838084329543743,0.9838968078110406,0.0,2,4,2,2,,,,,,,,,,,,,,,,0.26739583403104916,26.757213917037006,0.024228124995715916,,,,,,,,1.8000490829581395,0.37439945799997076,29.348231124982703,,,inc0010_adaptive_phase4d_confirm_R5B_ref_seed1_20260305_150832,master,,
2026-03-06T11:59:32,True,,1.0,inc0011_shell_activation_confirm_R0_seed0_20260305_153501.log,0,,,,kmeans,"0,1","0,2,4,6","0,1",0.0,radial,10,0,1,0,32,4,50.0,120,0.004024724848505551,0.0039452531106827825,,0.9821714692689185,0.978659464609418,0.0,8,14,6,6,,,,,,,,,,,,,,,,0.2610998749732971,33.089138375013135,0.037155166966840625,,,,,,,,1.9393267090199515,0.44864354201126844,35.953778374998365,,,inc0011_shell_activation_confirm_R0_seed0_20260305_153501,master,,
2026-03-06T11:59:32,True,,1.0,inc0011_shell_activation_confirm_R0_seed1_20260305_153537.log,1,,,,kmeans,"0,1","0,2,4,6","0,1",0.0,radial,10,0,1,0,32,4,50.0,120,0.004000403065727412,0.003944766806559406,,0.980845719281152,0.9791091782314787,0.0,8,14,6,6,,,,,,,,,,,,,,,,0.24197083397302777,30.11595137498807,0.011569582973606884,,,,,,,,1.4724004999734461,0.38262458401732147,32.46163758303737,,,inc0011_shell_activation_confirm_R0_seed1_20260305_153537,master,,
2026-03-06T11:59:32,True,,1.0,inc0011_shell_activation_confirm_R5A_REF_seed0_20260305_153610.log,0,,,,phase4d_adaptive,"0,1","0,2,4,6","0,1",0.0,radial,10,0,1,0,32,4,0.0,120,0.003994982310660646,0.0039036947576271083,,0.981047008070427,0.9781985862752851,0.0,11,22,6,6,,,,,,,,,,,,,,,,0.4029744580038823,30.408038749999832,0.01740520802559331,,,,,,,,3.261485166964121,0.3895097089698538,34.55720537499292,,,inc0011_shell_activation_confirm_R5A_REF_seed0_20260305_153610,master,,
2026-03-06T11:59:32,True,,1.0,inc0011_shell_activation_confirm_R5A_REF_seed1_20260305_153645.log,1,,,,phase4d_adaptive,"0,1","0,2,4,6","0,1",0.0,radial,10,0,1,0,32,4,0.0,120,0.0040266187782171045,0.0038980840452077707,,0.9799739351077954,0.9784046532778493,0.0,11,23,7,7,,,,,,,,,,,,,,,,0.2449989999877289,30.66496858402388,0.021950207999907434,,,,,,,,1.674437833018601,0.47890762495808303,33.21684629103402,,,inc0011_shell_activation_confirm_R5A_REF_seed1_20260305_153645,master,,
2026-03-06T11:59:32,True,,1.0,inc0011_shell_activation_confirm_R5A_SG12_seed0_20260305_153718.log,0,,,,phase4d_adaptive,"0,1","0,2,4,6","0,1",0.0,radial,10,0,1,0,32,4,0.0,120,0.004012655337490973,0.003946269011334517,,0.9736860886842391,0.9635836636744375,0.0006666666666666666,31,47,8,8,,,,,,,,,,,,,,,,0.25043429096695036,30.266480749996845,0.03774429199984297,,,,,,,,1.9330866249511018,0.498091250017751,33.05909483297728,,,inc0011_shell_activation_confirm_R5A_SG12_seed0_20260305_153718,master,,
2026-03-06T11:59:32,True,,1.0,inc0011_shell_activation_confirm_R5A_SG12_seed1_20260305_153752.log,1,,,,phase4d_adaptive,"0,1","0,2,4,6","0,1",0.0,radial,10,0,1,0,32,4,0.0,120,0.003997746069915666,0.003943984066009446,,0.9679133042649387,0.9549377416324882,0.0026666666666666666,46,66,5,5,,,,,,,,,,,,,,,,0.23247250000713393,30.92673912498867,0.010692708019632846,,,,,,,,2.033612416998949,0.3125230410369113,33.59996120905271,,,inc0011_shell_activation_confirm_R5A_SG12_seed1_20260305_153752,master,,
2026-03-06T11:59:32,True,,1.0,inc0011_shell_activation_confirm_R5A_SG16_SB10_seed0_20260305_153825.log,0,,,,phase4d_adaptive,"0,1","0,2,4,6","0,1",0.0,radial,10,0,1,0,32,4,0.0,120,0.003985673905844039,0.003962489931649136,,0.9259078897290651,0.8891020538111258,0.008666666666666666,148,242,4,4,,,,,,,,,,,,,,,,0.21679133403813466,31.856355166994035,0.027837665984407067,,,,,,,,2.2465728339739144,0.26335825002752244,34.707206166989636,,,inc0011_shell_activation_confirm_R5A_SG16_SB10_seed0_20260305_153825,master,,
2026-03-06T11:59:32,True,,1.0,inc0011_shell_activation_confirm_R5A_SG16_SB10_seed1_20260305_153901.log,1,,,,phase4d_adaptive,"0,1","0,2,4,6","0,1",0.0,radial,10,0,1,0,32,4,0.0,120,0.003987071455149699,0.003964745626437669,,0.9112898212168484,0.8617689086610955,0.023333333333333334,187,301,3,3,,,,,,,,,,,,,,,,0.23445150000043213,33.254024041991215,0.03022120799869299,,,,,,,,2.16013141698204,0.2546137919998728,36.06146354100201,,,inc0011_shell_activation_confirm_R5A_SG16_SB10_seed1_20260305_153901,master,,
2026-03-06T11:59:32,True,,1.0,inc0011_shell_activation_screen_R0_seed0_20260305_153047.log,0,,,,kmeans,"0,1","0,2,4,6","0,1",0.0,radial,10,0,1,0,32,4,50.0,120,0.004024724848505551,0.0039452531106827825,,0.9821714692689185,0.978659464609418,0.0,8,14,6,6,,,,,,,,,,,,,,,,0.2503549170214683,38.81056079198606,0.012277957983314991,,,,,,,,0.6299239170039073,0.43765895802062005,40.391605374985375,,,inc0011_shell_activation_screen_R0_seed0_20260305_153047,master,,
2026-03-06T11:59:32,True,,1.0,inc0011_shell_activation_screen_R5A_REF_seed0_20260305_153128.log,0,,,,phase4d_adaptive,"0,1","0,2,4,6","0,1",0.0,radial,10,0,1,0,32,4,0.0,120,0.003994982310660646,0.0039036947576271083,,0.981047008070427,0.9781985862752851,0.0,11,22,6,6,,,,,,,,,,,,,,,,0.26375966699561104,32.44457183399936,0.01670112501597032,,,,,,,,1.8097592500271276,0.42145558301126584,35.02634591702372,,,inc0011_shell_activation_screen_R5A_REF_seed0_20260305_153128,master,,
2026-03-06T11:59:32,True,,1.0,inc0011_shell_activation_screen_R5A_SG08_seed0_20260305_153203.log,0,,,,phase4d_adaptive,"0,1","0,2,4,6","0,1",0.0,radial,10,0,1,0,32,4,0.0,120,0.003994982310660646,0.0039036947576271083,,0.981047008070427,0.9781985862752851,0.0,11,22,6,6,,,,,,,,,,,,,,,,0.23233320895815268,29.321982500026934,0.016836708004120737,,,,,,,,1.3639542079763487,0.39979933301219717,31.409157625050284,,,inc0011_shell_activation_screen_R5A_SG08_seed0_20260305_153203,master,,
2026-03-06T11:59:32,True,,1.0,inc0011_shell_activation_screen_R5A_SG12_SB08_seed0_20260305_153316.log,0,,,,phase4d_adaptive,"0,1","0,2,4,6","0,1",0.0,radial,10,0,1,0,32,4,0.0,120,0.0040108871781353635,0.003967843576210586,,0.9533008405045525,0.9283935922168531,0.005333333333333333,86,145,9,9,,,,,,,,,,,,,,,,0.24504299997352064,30.708923916972708,0.027799208008218557,,,,,,,,2.661416792019736,0.48478333302773535,34.24715254100738,,,inc0011_shell_activation_screen_R5A_SG12_SB08_seed0_20260305_153316,master,,
2026-03-06T11:59:32,True,,1.0,inc0011_shell_activation_screen_R5A_SG12_seed0_20260305_153234.log,0,,,,phase4d_adaptive,"0,1","0,2,4,6","0,1",0.0,radial,10,0,1,0,32,4,0.0,120,0.004012655337490973,0.003946269011334517,,0.9736860886842391,0.9635836636744375,0.0006666666666666666,31,47,8,8,,,,,,,,,,,,,,,,0.2281195410178043,33.430823417031206,0.029344292008318007,,,,,,,,7.201089416979812,0.46782045799773186,41.50565387500683,,,inc0011_shell_activation_screen_R5A_SG12_seed0_20260305_153234,master,,
2026-03-06T11:59:32,True,,1.0,inc0011_shell_activation_screen_R5A_SG16_SB10_seed0_20260305_153351.log,0,,,,phase4d_adaptive,"0,1","0,2,4,6","0,1",0.0,radial,10,0,1,0,32,4,0.0,120,0.003985673905844039,0.003962489931649136,,0.9259078897290651,0.8891020538111258,0.008666666666666666,148,242,4,4,,,,,,,,,,,,,,,,0.22539041697746143,29.03082479198929,0.028701582981739193,,,,,,,,1.386909792025108,0.2645843339851126,31.026465917006135,,,inc0011_shell_activation_screen_R5A_SG16_SB10_seed0_20260305_153351,master,,
2026-03-06T11:59:32,True,,1.0,inc0012_convergence_confirm_R0_seed0_20260305_160442.log,0,,,,kmeans,"0,1","0,2,4,6","0,1",0.0,radial,10,0,1,0,32,4,50.0,120,0.004024724848505551,0.0039452531106827825,,0.9821714692689185,0.978659464609418,0.0,8,14,6,6,,,,,,,,,,,,,,,,0.2171362919616513,28.04358445800608,0.022502208943478763,,,,,,,,0.7905833750264719,0.42052595800487325,29.76493979198858,,,inc0012_convergence_confirm_R0_seed0_20260305_160442,master,,
2026-03-06T11:59:32,True,,1.0,inc0012_convergence_confirm_R0_seed1_20260305_160512.log,1,,,,kmeans,"0,1","0,2,4,6","0,1",0.0,radial,10,0,1,0,32,4,50.0,120,0.004000403065727412,0.003944766806559406,,0.980845719281152,0.9791091782314787,0.0,8,14,6,6,,,,,,,,,,,,,,,,0.24041483300970867,33.21466508298181,0.02960645902203396,,,,,,,,1.5176857500337064,0.32937083300203085,35.566608666966204,,,inc0012_convergence_confirm_R0_seed1_20260305_160512,master,,
2026-03-06T11:59:32,True,,1.0,inc0012_convergence_confirm_R5A_SG12_C10_seed0_20260305_160653.log,0,,,,phase4d_adaptive,"0,1","0,2,4,6","0,1",0.0,radial,10,0,1,0,32,4,0.0,120,0.0039956444277267,0.003926235419760148,,0.97346815681264,0.9633399933062001,0.0013333333333333333,32,51,7,7,,,,,,,,,,,,,,,,0.23509308299981058,27.860104124993086,0.07044837501598522,,,,,,,,2.763777125044726,0.44651708303717896,31.466659708996303,,,inc0012_convergence_confirm_R5A_SG12_C10_seed0_20260305_160653,master,,
2026-03-06T11:59:32,True,,1.0,inc0012_convergence_confirm_R5A_SG12_C10_seed1_20260305_160724.log,1,,,,phase4d_adaptive,"0,1","0,2,4,6","0,1",0.0,radial,10,0,1,0,32,4,0.0,120,0.0040142880842942074,0.003946176188642146,,0.9749878769545463,0.9699041386283369,0.0,23,36,7,7,,,,,,,,,,,,,,,,0.24308916699374095,27.022469541989267,0.02097204199526459,,,,,,,,3.255803667008877,0.37813116697361693,30.995036958018318,,,inc0012_convergence_confirm_R5A_SG12_C10_seed1_20260305_160724,master,,
2026-03-06T11:59:32,True,,1.0,inc0012_convergence_confirm_R5A_SG12_REF_seed0_20260305_160548.log,0,,,,phase4d_adaptive,"0,1","0,2,4,6","0,1",0.0,radial,10,0,1,0,32,4,0.0,120,0.004012655337490973,0.003946269011334517,,0.9736860886842391,0.9635836636744375,0.0006666666666666666,31,47,8,8,,,,,,,,,,,,,,,,0.23812600004021078,30.338587208010722,0.02928416698705405,,,,,,,,1.455399332975503,0.41886629100190476,32.56634162500268,,,inc0012_convergence_confirm_R5A_SG12_REF_seed0_20260305_160548,master,,
2026-03-06T11:59:32,True,,1.0,inc0012_convergence_confirm_R5A_SG12_REF_seed1_20260305_160620.log,1,,,,phase4d_adaptive,"0,1","0,2,4,6","0,1",0.0,radial,10,0,1,0,32,4,0.0,120,0.003997746069915666,0.003943984066009446,,0.9679133042649387,0.9549377416324882,0.0026666666666666666,46,66,5,5,,,,,,,,,,,,,,,,0.24055004102410749,28.484425041999202,0.030138666043058038,,,,,,,,2.8334983329987153,0.3050337499589659,32.01474433299154,,,inc0012_convergence_confirm_R5A_SG12_REF_seed1_20260305_160620,master,,
2026-03-06T11:59:32,True,,1.0,inc0012_convergence_confirm_R5A_SG16_C10_D35_seed0_20260305_160854.log,0,,,,phase4d_adaptive,"0,1","0,2,4,6","0,1",0.0,radial,10,0,1,0,32,4,0.0,120,0.003990795087289436,0.003926429020581777,,0.9761242355994821,0.9688108426166882,0.0,24,34,4,4,,,,,,,,,,,,,,,,0.2477387500111945,27.037198500009254,0.024540958052966744,,,,,,,,1.771561958012171,0.2962905000313185,29.489995457988698,,,inc0012_convergence_confirm_R5A_SG16_C10_D35_seed0_20260305_160854,master,,
2026-03-06T11:59:32,True,,1.0,inc0012_convergence_confirm_R5A_SG16_C10_D35_seed1_20260305_160923.log,1,,,,phase4d_adaptive,"0,1","0,2,4,6","0,1",0.0,radial,10,0,1,0,32,4,0.0,120,0.004013536477324993,0.003929079115252485,,0.9773317619354771,0.97381722509265,0.0006666666666666666,16,31,5,5,,,,,,,,,,,,,,,,0.23303412494715303,25.296020875044633,0.02943141700234264,,,,,,,,1.3332689170492813,0.3813853330211714,27.369346958003007,,,inc0012_convergence_confirm_R5A_SG16_C10_D35_seed1_20260305_160923,master,,
2026-03-06T11:59:32,True,,1.0,inc0012_convergence_confirm_R5A_SG16_C10_seed0_20260305_160756.log,0,,,,phase4d_adaptive,"0,1","0,2,4,6","0,1",0.0,radial,10,0,1,0,32,4,0.0,120,0.0040107080587653415,0.00394599339548586,,0.9710870263511328,0.9580473175346621,0.004,41,68,8,8,,,,,,,,,,,,,,,,0.2351471669971943,28.04324466601247,0.033270624990109354,,,,,,,,1.2178805420408025,0.4108434160007164,30.01001604105113,,,inc0012_convergence_confirm_R5A_SG16_C10_seed0_20260305_160756,master,,
2026-03-06T11:59:32,True,,1.0,inc0012_convergence_confirm_R5A_SG16_C10_seed1_20260305_160826.log,1,,,,phase4d_adaptive,"0,1","0,2,4,6","0,1",0.0,radial,10,0,1,0,32,4,0.0,120,0.004024143500556599,0.0039402853756430834,,0.9758618547658882,0.9720650480930592,0.0,20,33,6,6,,,,,,,,,,,,,,,,0.23486708296695724,25.106298541999422,0.02875283401226625,,,,,,,,1.7967254579998553,0.3465205830289051,27.61922329099616,,,inc0012_convergence_confirm_R5A_SG16_C10_seed1_20260305_160826,master,,
2026-03-06T11:59:32,True,,1.0,inc0012_convergence_screen_R0_seed0_20260305_155848.log,0,,,,kmeans,"0,1","0,2,4,6","0,1",0.0,radial,10,0,1,0,32,4,50.0,120,0.004024724848505551,0.0039452531106827825,,0.9821714692689185,0.978659464609418,0.0,8,14,6,6,,,,,,,,,,,,,,,,0.26068554195808247,35.27266808296554,0.06270858302013949,,,,,,,,0.600195791979786,0.4482084159972146,36.87370991602074,,,inc0012_convergence_screen_R0_seed0_20260305_155848,master,,
2026-03-06T11:59:32,True,,1.0,inc0012_convergence_screen_R5A_SG12_C10_seed0_20260305_160000.log,0,,,,phase4d_adaptive,"0,1","0,2,4,6","0,1",0.0,radial,10,0,1,0,32,4,0.0,120,0.0039956444277267,0.003926235419760148,,0.97346815681264,0.9633399933062001,0.0013333333333333333,32,51,7,7,,,,,,,,,,,,,,,,0.22443149995524436,29.60918870900059,0.02394400001503527,,,,,,,,2.355340374982916,0.47664529201574624,32.76604558399413,,,inc0012_convergence_screen_R5A_SG12_C10_seed0_20260305_160000,master,,
2026-03-06T11:59:32,True,,1.0,inc0012_convergence_screen_R5A_SG12_REF_seed0_20260305_155925.log,0,,,,phase4d_adaptive,"0,1","0,2,4,6","0,1",0.0,radial,10,0,1,0,32,4,0.0,120,0.004012655337490973,0.003946269011334517,,0.9736860886842391,0.9635836636744375,0.0006666666666666666,31,47,8,8,,,,,,,,,,,,,,,,0.23891162499785423,31.556315959023777,0.01886491698678583,,,,,,,,2.5210373750305735,0.4355384160298854,34.85327937500551,,,inc0012_convergence_screen_R5A_SG12_REF_seed0_20260305_155925,master,,
2026-03-06T11:59:32,True,,1.0,inc0012_convergence_screen_R5A_SG16_C10_D35_seed0_20260305_160216.log,0,,,,phase4d_adaptive,"0,1","0,2,4,6","0,1",0.0,radial,10,0,1,0,32,4,0.0,120,0.003990795087289436,0.003926429020581777,,0.9761242355994821,0.9688108426166882,0.0,24,34,4,4,,,,,,,,,,,,,,,,0.3707505419733934,31.76140458305599,0.019126708968542516,,,,,,,,1.7456070000189357,0.3143430419731885,34.31780262500979,,,inc0012_convergence_screen_R5A_SG16_C10_D35_seed0_20260305_160216,master,,
2026-03-06T11:59:32,True,,1.0,inc0012_convergence_screen_R5A_SG16_C10_seed0_20260305_160107.log,0,,,,phase4d_adaptive,"0,1","0,2,4,6","0,1",0.0,radial,10,0,1,0,32,4,0.0,120,0.0040107080587653415,0.00394599339548586,,0.9710870263511328,0.9580473175346621,0.004,41,68,8,8,,,,,,,,,,,,,,,,0.3154700419981964,31.592473666998558,0.014123041997663677,,,,,,,,4.378986291994806,0.3769672500202432,36.75805520801805,,,inc0012_convergence_screen_R5A_SG16_C10_seed0_20260305_160107,master,,
2026-03-06T11:59:32,True,,1.0,inc0012_convergence_screen_R5A_SG16_C15_seed0_20260305_160144.log,0,,,,phase4d_adaptive,"0,1","0,2,4,6","0,1",0.0,radial,10,0,1,0,32,4,0.0,120,0.003994982310660646,0.0039036947576271083,,0.981047008070427,0.9781985862752851,0.0,11,22,6,6,,,,,,,,,,,,,,,,0.2368342080153525,28.96161325002322,0.012088624993339181,,,,,,,,1.5659807089832611,0.48653333296533674,31.33853874995839,,,inc0012_convergence_screen_R5A_SG16_C15_seed0_20260305_160144,master,,
2026-03-06T11:59:32,True,,1.0,inc0012_convergence_screen_R5A_SG16_REF_seed0_20260305_160033.log,0,,,,phase4d_adaptive,"0,1","0,2,4,6","0,1",0.0,radial,10,0,1,0,32,4,0.0,120,0.003985673905844039,0.003962489931649136,,0.9259078897290651,0.8891020538111258,0.008666666666666666,148,242,4,4,,,,,,,,,,,,,,,,0.2351108750444837,31.895469624956604,0.03604145802091807,,,,,,,,1.806057374982629,0.33336187503300607,34.42935245903209,,,inc0012_convergence_screen_R5A_SG16_REF_seed0_20260305_160033,master,,
2026-03-06T11:59:32,True,,1.0,inc0013_phase_diagram_confirm_PD_C06_seed0_20260305_164436.log,0,,,,phase4d_adaptive,"0,1","0,2,4,6","0,1",0.0,radial,10,0,1,0,32,4,0.0,120,0.004014996908027089,0.003969475442558123,,0.9551107014223329,0.9368152493401621,0.0013333333333333333,74,117,4,4,,,,,,,,,,,,,,,,0.234948750003241,27.179924208961893,0.019580708001740277,,,,,,,,2.3916331250220537,0.30028758296975866,30.204053332970943,,,inc0013_phase_diagram_confirm_PD_C06_seed0_20260305_164436,master,,
2026-03-06T11:59:32,True,,1.0,inc0013_phase_diagram_confirm_PD_C06_seed1_20260305_164506.log,1,,,,phase4d_adaptive,"0,1","0,2,4,6","0,1",0.0,radial,10,0,1,0,32,4,0.0,120,0.003993758732890844,0.003938050248666285,,0.9678468341347826,0.9584834565758052,0.0006666666666666666,38,64,5,5,,,,,,,,,,,,,,,,0.23430058400845155,23.23739091603784,0.01813754200702533,,,,,,,,1.8479068329907022,0.2936252090148628,25.69959320803173,,,inc0013_phase_diagram_confirm_PD_C06_seed1_20260305_164506,master,,
2026-03-06T11:59:32,True,,1.0,inc0013_phase_diagram_confirm_PD_C12_seed0_20260305_164532.log,0,,,,phase4d_adaptive,"0,1","0,2,4,6","0,1",0.0,radial,10,0,1,0,32,4,0.0,120,0.003994338427025462,0.003917972798369498,,0.9809844805130874,0.9763941720590328,0.0,13,21,5,5,,,,,,,,,,,,,,,,0.23726666701259091,23.904602791997604,0.01959624997107312,,,,,,,,1.8277043749694712,0.39546049997443333,26.468770749983378,,,inc0013_phase_diagram_confirm_PD_C12_seed0_20260305_164532,master,,
2026-03-06T11:59:32,True,,1.0,inc0013_phase_diagram_confirm_PD_C12_seed1_20260305_164559.log,1,,,,phase4d_adaptive,"0,1","0,2,4,6","0,1",0.0,radial,10,0,1,0,32,4,0.0,120,0.004010573229927269,0.00394228986919419,,0.9716419343357365,0.9661389345870681,0.0006666666666666666,28,63,7,7,,,,,,,,,,,,,,,,0.23477841698331758,26.47168870799942,0.020655790984164923,,,,,,,,1.9845074170152657,0.4355272920220159,29.236306249978952,,,inc0013_phase_diagram_confirm_PD_C12_seed1_20260305_164559,master,,
2026-03-06T11:59:32,True,,1.0,inc0013_phase_diagram_confirm_PD_CENTER_seed0_20260305_163915.log,0,,,,phase4d_adaptive,"0,1","0,2,4,6","0,1",0.0,radial,10,0,1,0,32,4,0.0,120,0.003990795087289436,0.003926429020581777,,0.9761242355994821,0.9688108426166882,0.0,24,34,4,4,,,,,,,,,,,,,,,,0.2884873329894617,31.793111166974995,0.027506374986842275,,,,,,,,1.4118850420345552,0.3511396250105463,33.9622088339529,,,inc0013_phase_diagram_confirm_PD_CENTER_seed0_20260305_163915,master,,
2026-03-06T11:59:32,True,,1.0,inc0013_phase_diagram_confirm_PD_CENTER_seed1_20260305_163949.log,1,,,,phase4d_adaptive,"0,1","0,2,4,6","0,1",0.0,radial,10,0,1,0,32,4,0.0,120,0.004013536477324993,0.003929079115252485,,0.9773317619354771,0.97381722509265,0.0006666666666666666,16,31,5,5,,,,,,,,,,,,,,,,0.24070008302805945,35.961359667009674,0.02066704200115055,,,,,,,,3.665606457972899,0.3811449999921024,40.3563117919839,,,inc0013_phase_diagram_confirm_PD_CENTER_seed1_20260305_163949,master,,
2026-03-06T11:59:32,True,,1.0,inc0013_phase_diagram_confirm_PD_D30_seed0_20260305_164237.log,0,,,,phase4d_adaptive,"0,1","0,2,4,6","0,1",0.0,radial,10,0,1,0,32,4,0.0,120,0.0040107080587653415,0.00394599339548586,,0.9710870263511328,0.9580473175346621,0.004,41,68,8,8,,,,,,,,,,,,,,,,0.2525422499747947,28.090137624996714,0.025156249990686774,,,,,,,,2.072372041991912,0.4309479580260813,30.973020208999515,,,inc0013_phase_diagram_confirm_PD_D30_seed0_20260305_164237,master,,
2026-03-06T11:59:32,True,,1.0,inc0013_phase_diagram_confirm_PD_D30_seed1_20260305_164308.log,1,,,,phase4d_adaptive,"0,1","0,2,4,6","0,1",0.0,radial,10,0,1,0,32,4,0.0,120,0.004024143500556599,0.0039402853756430834,,0.9758618547658882,0.9720650480930592,0.0,20,33,6,6,,,,,,,,,,,,,,,,0.24504595901817083,25.733911708986852,0.02248258300824091,,,,,,,,2.3308831250178628,0.3379834170336835,28.72861670894781,,,inc0013_phase_diagram_confirm_PD_D30_seed1_20260305_164308,master,,
2026-03-06T11:59:32,True,,1.0,inc0013_phase_diagram_confirm_PD_D40_seed0_20260305_164337.log,0,,,,phase4d_adaptive,"0,1","0,2,4,6","0,1",0.0,radial,10,0,1,0,32,4,0.0,120,0.0040062737831057,0.003918422771349391,,0.980508330901512,0.9769517237061782,0.0,12,21,5,5,,,,,,,,,,,,,,,,0.23402600002009422,27.65981754200766,0.012296416040044278,,,,,,,,2.80950508301612,0.352412624983117,31.163637749967165,,,inc0013_phase_diagram_confirm_PD_D40_seed0_20260305_164337,master,,
2026-03-06T11:59:32,True,,1.0,inc0013_phase_diagram_confirm_PD_D40_seed1_20260305_164408.log,1,,,,phase4d_adaptive,"0,1","0,2,4,6","0,1",0.0,radial,10,0,1,0,32,4,0.0,120,0.0040084334985575395,0.003909005386865626,,0.9792941796936444,0.9772934481195402,0.0,11,26,10,10,,,,,,,,,,,,,,,,0.22292600001674145,24.44138820900116,0.029596125008538365,,,,,,,,2.2043918329873122,0.5456288749701343,27.530144459044095,,,inc0013_phase_diagram_confirm_PD_D40_seed1_20260305_164408,master,,
2026-03-06T11:59:32,True,,1.0,inc0013_phase_diagram_confirm_PD_SG18_seed0_20260305_164029.log,0,,,,phase4d_adaptive,"0,1","0,2,4,6","0,1",0.0,radial,10,0,1,0,32,4,0.0,120,0.003990905760034104,0.003926539692802942,,0.9761242355994821,0.9688108426166882,0.0,24,34,4,4,,,,,,,,,,,,,,,,0.2342204590095207,30.794284042029176,0.031523041951004416,,,,,,,,1.7089475409593433,0.3700019999523647,33.21527045802213,,,inc0013_phase_diagram_confirm_PD_SG18_seed0_20260305_164029,master,,
2026-03-06T11:59:32,True,,1.0,inc0013_phase_diagram_confirm_PD_SG18_seed1_20260305_164103.log,1,,,,phase4d_adaptive,"0,1","0,2,4,6","0,1",0.0,radial,10,0,1,0,32,4,0.0,120,0.004013791454954077,0.003929334092881568,,0.9773317619354771,0.97381722509265,0.0006666666666666666,16,31,5,5,,,,,,,,,,,,,,,,0.23668858397286385,27.71664962504292,0.01583020796533674,,,,,,,,2.3102976250229403,0.41292116697877645,30.772335042012855,,,inc0013_phase_diagram_confirm_PD_SG18_seed1_20260305_164103,master,,
2026-03-06T11:59:32,True,,1.0,inc0013_phase_diagram_confirm_PD_T080_seed0_20260305_164134.log,0,,,,phase4d_adaptive,"0,1","0,2,4,6","0,1",0.0,radial,10,0,1,0,32,4,0.0,120,0.003995692808827304,0.003934544935841238,,0.9767294108639424,0.9686562032818711,0.0,25,36,6,6,,,,,,,,,,,,,,,,0.239187375002075,29.888655332964845,0.029802583972923458,,,,,,,,1.46366291702725,0.34840958402492106,32.05546683300054,,,inc0013_phase_diagram_confirm_PD_T080_seed0_20260305_164134,master,,
2026-03-06T11:59:32,True,,1.0,inc0013_phase_diagram_confirm_PD_T080_seed1_20260305_164206.log,1,,,,phase4d_adaptive,"0,1","0,2,4,6","0,1",0.0,radial,10,0,1,0,32,4,0.0,120,0.003988636467249961,0.003964636015287883,,0.9709067538294575,0.9656433742546032,0.0,28,52,2,2,,,,,,,,,,,,,,,,0.22601712500909343,25.880111792008393,0.011041791993193328,,,,,,,,3.7923475420102477,0.32295954099390656,30.316384875040967,,,inc0013_phase_diagram_confirm_PD_T080_seed1_20260305_164206,master,,
2026-03-06T11:59:32,True,,1.0,inc0013_phase_diagram_confirm_R0_seed0_20260305_163811.log,0,,,,kmeans,"0,1","0,2,4,6","0,1",0.0,radial,10,0,1,0,32,4,50.0,120,0.004024724848505551,0.0039452531106827825,,0.9821714692689185,0.978659464609418,0.0,8,14,6,6,,,,,,,,,,,,,,,,0.23140608402900398,28.2792915829923,0.033356749976519495,,,,,,,,1.3452105830074288,0.3982846250291914,30.571587916987482,,,inc0013_phase_diagram_confirm_R0_seed0_20260305_163811,master,,
2026-03-06T11:59:32,True,,1.0,inc0013_phase_diagram_confirm_R0_seed1_20260305_163842.log,1,,,,kmeans,"0,1","0,2,4,6","0,1",0.0,radial,10,0,1,0,32,4,50.0,120,0.004000403065727412,0.003944766806559406,,0.980845719281152,0.9791091782314787,0.0,8,14,6,6,,,,,,,,,,,,,,,,0.22894083301071078,30.862513084022794,0.03415729198604822,,,,,,,,0.8301166669698432,0.32237845804775134,32.45066416700138,,,inc0013_phase_diagram_confirm_R0_seed1_20260305_163842,master,,
2026-03-06T11:59:32,True,,1.0,inc0013_phase_diagram_screen_PD_C06_seed0_20260305_163301.log,0,,,,phase4d_adaptive,"0,1","0,2,4,6","0,1",0.0,radial,10,0,1,0,32,4,0.0,120,0.004014996908027089,0.003969475442558123,,0.9551107014223329,0.9368152493401621,0.0013333333333333333,74,117,4,4,,,,,,,,,,,,,,,,0.22744554094970226,24.58942258299794,0.030270207964349538,,,,,,,,2.301060082972981,0.28866920800646767,27.52057941700332,,,inc0013_phase_diagram_screen_PD_C06_seed0_20260305_163301,master,,
2026-03-06T11:59:32,True,,1.0,inc0013_phase_diagram_screen_PD_C08_seed0_20260305_163328.log,0,,,,phase4d_adaptive,"0,1","0,2,4,6","0,1",0.0,radial,10,0,1,0,32,4,0.0,120,0.004000184450407049,0.003931631771952274,,0.9765574639120077,0.971532366158289,0.0,20,33,4,4,,,,,,,,,,,,,,,,0.2333239170257002,28.665383458021097,0.013866000052075833,,,,,,,,5.299049000022933,0.3054770830203779,34.60897099995054,,,inc0013_phase_diagram_screen_PD_C08_seed0_20260305_163328,master,,
2026-03-06T11:59:32,True,,1.0,inc0013_phase_diagram_screen_PD_C12_seed0_20260305_163403.log,0,,,,phase4d_adaptive,"0,1","0,2,4,6","0,1",0.0,radial,10,0,1,0,32,4,0.0,120,0.003994338427025462,0.003917972798369498,,0.9809844805130874,0.9763941720590328,0.0,13,21,5,5,,,,,,,,,,,,,,,,0.219403000024613,26.681039125018287,0.01862175000132993,,,,,,,,4.774678250018042,0.36725845804903656,32.14325437496882,,,inc0013_phase_diagram_screen_PD_C12_seed0_20260305_163403,master,,
2026-03-06T11:59:32,True,,1.0,inc0013_phase_diagram_screen_PD_C14_seed0_20260305_163435.log,0,,,,phase4d_adaptive,"0,1","0,2,4,6","0,1",0.0,radial,10,0,1,0,32,4,0.0,120,0.003994338427025462,0.003917972798369498,,0.9809844805130874,0.9763941720590328,0.0,13,21,5,5,,,,,,,,,,,,,,,,0.23282037500757724,25.557658500038087,0.021194250031840056,,,,,,,,1.037424749985803,0.348280958016403,27.27490758302156,,,inc0013_phase_diagram_screen_PD_C14_seed0_20260305_163435,master,,
2026-03-06T11:59:32,True,,1.0,inc0013_phase_diagram_screen_PD_CENTER_seed0_20260305_163023.log,0,,,,phase4d_adaptive,"0,1","0,2,4,6","0,1",0.0,radial,10,0,1,0,32,4,0.0,120,0.003990795087289436,0.003926429020581777,,0.9761242355994821,0.9688108426166882,0.0,24,34,4,4,,,,,,,,,,,,,,,,0.23272070800885558,24.82981570798438,0.014130208001006395,,,,,,,,1.1604004169930704,0.29676699999254197,26.60236029198859,,,inc0013_phase_diagram_screen_PD_CENTER_seed0_20260305_163023,master,,
2026-03-06T11:59:32,True,,1.0,inc0013_phase_diagram_screen_PD_D30_seed0_20260305_163050.log,0,,,,phase4d_adaptive,"0,1","0,2,4,6","0,1",0.0,radial,10,0,1,0,32,4,0.0,120,0.0040107080587653415,0.00394599339548586,,0.9710870263511328,0.9580473175346621,0.004,41,68,8,8,,,,,,,,,,,,,,,,0.23801649996312335,35.9043191249948,0.016211749985814095,,,,,,,,1.4617857499979436,0.41526462498586625,38.104288709000684,,,inc0013_phase_diagram_screen_PD_D30_seed0_20260305_163050,master,,
2026-03-06T11:59:32,True,,1.0,inc0013_phase_diagram_screen_PD_D325_seed0_20260305_163128.log,0,,,,phase4d_adaptive,"0,1","0,2,4,6","0,1",0.0,radial,10,0,1,0,32,4,0.0,120,0.003995187899192966,0.003938552042344593,,0.977061043600446,0.9688663684076928,0.002,24,32,3,3,,,,,,,,,,,,,,,,0.2389846250298433,29.226506915991195,0.038856707978993654,,,,,,,,6.963576332957018,0.2880890829837881,36.87715350004146,,,inc0013_phase_diagram_screen_PD_D325_seed0_20260305_163128,master,,
2026-03-06T11:59:32,True,,1.0,inc0013_phase_diagram_screen_PD_D375_seed0_20260305_163206.log,0,,,,phase4d_adaptive,"0,1","0,2,4,6","0,1",0.0,radial,10,0,1,0,32,4,0.0,120,0.003985237718947257,0.00393185245063227,,0.9779874717615213,0.9713128728678859,0.0013333333333333333,20,31,4,4,,,,,,,,,,,,,,,,0.22470929101109505,25.964851166005246,0.01574954198440537,,,,,,,,1.007013124995865,0.27484391699545085,27.568420333962422,,,inc0013_phase_diagram_screen_PD_D375_seed0_20260305_163206,master,,
2026-03-06T11:59:32,True,,1.0,inc0013_phase_diagram_screen_PD_D40_seed0_20260305_163233.log,0,,,,phase4d_adaptive,"0,1","0,2,4,6","0,1",0.0,radial,10,0,1,0,32,4,0.0,120,0.0040062737831057,0.003918422771349391,,0.980508330901512,0.9769517237061782,0.0,12,21,5,5,,,,,,,,,,,,,,,,0.2286522919894196,24.45415000000503,0.026673250016756356,,,,,,,,1.929294832982123,0.32829966698773205,27.0739687079913,,,inc0013_phase_diagram_screen_PD_D40_seed0_20260305_163233,master,,
2026-03-06T11:59:32,True,,1.0,inc0013_phase_diagram_screen_PD_SG14_seed0_20260305_163551.log,0,,,,phase4d_adaptive,"0,1","0,2,4,6","0,1",0.0,radial,10,0,1,0,32,4,0.0,120,0.003991548330121034,0.003927516667052545,,0.9761242355994821,0.9688108426166882,0.0,24,34,4,4,,,,,,,,,,,,,,,,0.2517730830004439,30.696771000046283,0.022494707955047488,,,,,,,,1.1915715000359342,0.33026754204183817,32.567506542021874,,,inc0013_phase_diagram_screen_PD_SG14_seed0_20260305_163551,master,,
2026-03-06T11:59:32,True,,1.0,inc0013_phase_diagram_screen_PD_SG18_seed0_20260305_163624.log,0,,,,phase4d_adaptive,"0,1","0,2,4,6","0,1",0.0,radial,10,0,1,0,32,4,0.0,120,0.003990905760034104,0.003926539692802942,,0.9761242355994821,0.9688108426166882,0.0,24,34,4,4,,,,,,,,,,,,,,,,0.21691841701976955,23.17343620903557,0.013991416955832392,,,,,,,,1.1052638749824837,0.29325479199178517,24.87481658399338,,,inc0013_phase_diagram_screen_PD_SG18_seed0_20260305_163624,master,,
2026-03-06T11:59:32,True,,1.0,inc0013_phase_diagram_screen_PD_T080_seed0_20260305_163503.log,0,,,,phase4d_adaptive,"0,1","0,2,4,6","0,1",0.0,radial,10,0,1,0,32,4,0.0,120,0.003995692808827304,0.003934544935841238,,0.9767294108639424,0.9686562032818711,0.0,25,36,6,6,,,,,,,,,,,,,,,,0.22952237504068762,21.839614083990455,0.02200758404796943,,,,,,,,1.2674680419731885,0.3710991249536164,23.8195383749553,,,inc0013_phase_diagram_screen_PD_T080_seed0_20260305_163503,master,,
2026-03-06T11:59:32,True,,1.0,inc0013_phase_diagram_screen_PD_T090_seed0_20260305_163527.log,0,,,,phase4d_adaptive,"0,1","0,2,4,6","0,1",0.0,radial,10,0,1,0,32,4,0.0,120,0.0040032369680662976,0.003963218272941459,,0.9680507053889243,0.9532068951718491,0.0013333333333333333,48,74,4,4,,,,,,,,,,,,,,,,0.23354833398479968,22.4982935829903,0.01522950001526624,,,,,,,,1.1619247079943307,0.25127666600747034,24.23013629199704,,,inc0013_phase_diagram_screen_PD_T090_seed0_20260305_163527,master,,
2026-03-06T11:59:32,True,,1.0,inc0013_phase_diagram_screen_R0_seed0_20260305_162956.log,0,,,,kmeans,"0,1","0,2,4,6","0,1",0.0,radial,10,0,1,0,32,4,50.0,120,0.004024724848505551,0.0039452531106827825,,0.9821714692689185,0.978659464609418,0.0,8,14,6,6,,,,,,,,,,,,,,,,0.21839341701706871,25.189459790999535,0.011091290973126888,,,,,,,,0.8531584580196068,0.3910557909985073,26.9437871670234,,,inc0013_phase_diagram_screen_R0_seed0_20260305_162956,master,,
2026-03-06T11:59:32,True,,1.0,inc0014_strict_robustness_R0_seed0_20260305_165606.log,0,,,,kmeans,"0,1","0,2,4,6","0,1",0.0,radial,10,0,1,0,32,4,50.0,120,0.004012129030442227,0.003909330385621023,,0.982054408742315,0.9811308878490524,0.0,8,19,11,11,,,,,,,,,,,,,,,,0.7513354169786908,150.6829422910232,0.0218375829863362,,,,,,,,0.8662006669910625,0.8045510000083596,153.8480673749582,,,inc0014_strict_robustness_R0_seed0_20260305_165606,master,,
2026-03-06T11:59:32,True,,1.0,inc0014_strict_robustness_R0_seed1_20260305_165840.log,1,,,,kmeans,"0,1","0,2,4,6","0,1",0.0,radial,10,0,1,0,32,4,50.0,120,0.003999402229590503,0.003913185231546915,,0.9822522234769407,0.9809092694287701,0.0,8,18,10,10,,,,,,,,,,,,,,,,0.206054582959041,46.69018191599753,0.03182799997739494,,,,,,,,0.7633256250410341,0.638158583024051,48.58189470798243,,,inc0014_strict_robustness_R0_seed1_20260305_165840,master,,
2026-03-06T11:59:32,True,,1.0,inc0014_strict_robustness_R0_seed2_20260305_165929.log,2,,,,kmeans,"0,1","0,2,4,6","0,1",0.0,radial,10,0,1,0,32,4,50.0,120,0.004017842416056357,0.0039034650868993567,,0.9814376243505974,0.979800795415951,0.0,8,24,16,16,,,,,,,,,,,,,,,,0.2228048749966547,46.65265820804052,0.02828804199816659,,,,,,,,4.66165387496585,1.000915625016205,52.84287699998822,,,inc0014_strict_robustness_R0_seed2_20260305_165929,master,,
2026-03-06T11:59:32,True,,1.0,inc0014_strict_robustness_R0_seed3_20260305_170023.log,3,,,,kmeans,"0,1","0,2,4,6","0,1",0.0,radial,10,0,1,0,32,4,50.0,120,0.00401956369563352,0.003905572486022944,,0.9812665134594432,0.9803143880370472,0.0,8,20,12,12,,,,,,,,,,,,,,,,0.22653783299028873,44.94251008401625,0.02676637499826029,,,,,,,,1.0209818750154227,0.8725852919742465,47.33893091598293,,,inc0014_strict_robustness_R0_seed3_20260305_170023,master,,
2026-03-06T11:59:32,True,,1.0,inc0014_strict_robustness_R5A_SG16_C06_D35_seed0_20260305_170830.log,0,,,,phase4d_adaptive,"0,1","0,2,4,6","0,1",0.0,radial,10,0,1,0,32,4,0.0,120,0.003983762577745142,0.003922453699892077,,0.9797749606634594,0.9757779666108588,0.0012,23,32,4,4,,,,,,,,,,,,,,,,0.2219822909682989,47.58003466599621,0.06100333295762539,,,,,,,,5.3982045000302605,0.4433962079929188,53.87091141601559,,,inc0014_strict_robustness_R5A_SG16_C06_D35_seed0_20260305_170830,master,,
2026-03-06T11:59:32,True,,1.0,inc0014_strict_robustness_R5A_SG16_C06_D35_seed1_20260305_170924.log,1,,,,phase4d_adaptive,"0,1","0,2,4,6","0,1",0.0,radial,10,0,1,0,32,4,0.0,120,0.004022622474484751,0.0039533284028054625,,0.9662996209337356,0.9546880533533675,0.0004,74,126,11,11,,,,,,,,,,,,,,,,0.2243957500322722,51.05693183303811,0.09515112498775125,,,,,,,,8.98265508399345,0.6952554999734275,61.27643283299403,,,inc0014_strict_robustness_R5A_SG16_C06_D35_seed1_20260305_170924,master,,
2026-03-06T11:59:32,True,,1.0,inc0014_strict_robustness_R5A_SG16_C06_D35_seed2_20260305_171025.log,2,,,,phase4d_adaptive,"0,1","0,2,4,6","0,1",0.0,radial,10,0,1,0,32,4,0.0,120,0.00400290132214428,0.003908517000161183,,0.9773690495457787,0.9727957208704956,0.002,28,46,11,11,,,,,,,,,,,,,,,,0.23720891604898497,41.28321883297758,0.028739542001858354,,,,,,,,2.2516151249874383,0.8445703749894165,44.77236116694985,,,inc0014_strict_robustness_R5A_SG16_C06_D35_seed2_20260305_171025,master,,
2026-03-06T11:59:32,True,,1.0,inc0014_strict_robustness_R5A_SG16_C06_D35_seed3_20260305_171110.log,3,,,,phase4d_adaptive,"0,1","0,2,4,6","0,1",0.0,radial,10,0,1,0,32,4,0.0,120,0.0040027822029033945,0.003946208405327487,,0.9664868187460308,0.958203378120603,0.0,64,113,11,11,,,,,,,,,,,,,,,,0.2544771669781767,45.87236091698287,0.027316042047459632,,,,,,,,3.361170249991119,0.7807431669789366,50.434725250001065,,,inc0014_strict_robustness_R5A_SG16_C06_D35_seed3_20260305_171110,master,,
2026-03-06T11:59:32,True,,1.0,inc0014_strict_robustness_R5A_SG16_C10_D30_seed0_20260305_170110.log,0,,,,phase4d_adaptive,"0,1","0,2,4,6","0,1",0.0,radial,10,0,1,0,32,4,0.0,120,0.004003261849122039,0.003927101349773632,,0.9730781751406535,0.9637998030967214,0.0016,55,93,12,12,,,,,,,,,,,,,,,,0.2474196670227684,45.80835616699187,0.03111283399630338,,,,,,,,3.1217438749736175,0.8301929169683717,50.17725050001172,,,inc0014_strict_robustness_R5A_SG16_C10_D30_seed0_20260305_170110,master,,
2026-03-06T11:59:32,True,,1.0,inc0014_strict_robustness_R5A_SG16_C10_D30_seed1_20260305_170201.log,1,,,,phase4d_adaptive,"0,1","0,2,4,6","0,1",0.0,radial,10,0,1,0,32,4,0.0,120,0.00403451693309422,0.003911560669616506,,0.9791464167876629,0.9757494575642788,0.0,23,36,7,7,,,,,,,,,,,,,,,,0.25969041598727927,45.903539667022415,0.021865416958462447,,,,,,,,2.4063444579951465,0.6197627499932423,49.34216987498803,,,inc0014_strict_robustness_R5A_SG16_C10_D30_seed1_20260305_170201,master,,
2026-03-06T11:59:32,True,,1.0,inc0014_strict_robustness_R5A_SG16_C10_D30_seed2_20260305_170250.log,2,,,,phase4d_adaptive,"0,1","0,2,4,6","0,1",0.0,radial,10,0,1,0,32,4,0.0,120,0.003977661800311661,0.0039020050326842508,,0.9789937995480755,0.9751067284685965,0.0004,22,40,10,10,,,,,,,,,,,,,,,,0.28648416697978973,46.42969841696322,0.05407454201485962,,,,,,,,4.532517499988899,0.753944291966036,52.209649249969516,,,inc0014_strict_robustness_R5A_SG16_C10_D30_seed2_20260305_170250,master,,
2026-03-06T11:59:32,True,,1.0,inc0014_strict_robustness_R5A_SG16_C10_D30_seed3_20260305_170343.log,3,,,,phase4d_adaptive,"0,1","0,2,4,6","0,1",0.0,radial,10,0,1,0,32,4,0.0,120,0.004013913463593518,0.003933148558025822,,0.9786040597868452,0.9749788456494684,0.0,23,38,8,8,,,,,,,,,,,,,,,,0.2500554159632884,45.53435570898,0.043857332959305495,,,,,,,,3.5710952920489945,0.5807272500242107,50.11497545900056,,,inc0014_strict_robustness_R5A_SG16_C10_D30_seed3_20260305_170343,master,,
2026-03-06T11:59:32,True,,1.0,inc0014_strict_robustness_R5A_SG16_C10_T080_D35_seed0_20260305_170433.log,0,,,,phase4d_adaptive,"0,1","0,2,4,6","0,1",0.0,radial,10,0,1,0,32,4,0.0,120,0.003985218632187657,0.003929332156774736,,0.9763850411491745,0.9687026532965676,0.0016,40,66,6,6,,,,,,,,,,,,,,,,0.25442029198165983,48.17899929196574,0.0551160000031814,,,,,,,,9.307165416015778,0.48175970901502296,58.45129537500907,,,inc0014_strict_robustness_R5A_SG16_C10_T080_D35_seed0_20260305_170433,master,,
2026-03-06T11:59:32,True,,1.0,inc0014_strict_robustness_R5A_SG16_C10_T080_D35_seed1_20260305_170532.log,1,,,,phase4d_adaptive,"0,1","0,2,4,6","0,1",0.0,radial,10,0,1,0,32,4,0.0,120,0.004007030234155974,0.003906646769211302,,0.9794210854320672,0.9768264517487923,0.0,19,33,6,6,,,,,,,,,,,,,,,,0.22509412496583536,59.4652960000094,0.03961425001034513,,,,,,,,5.090611416962929,0.6685046250349842,65.60661654104479,,,inc0014_strict_robustness_R5A_SG16_C10_T080_D35_seed1_20260305_170532,master,,
2026-03-06T11:59:32,True,,1.0,inc0014_strict_robustness_R5A_SG16_C10_T080_D35_seed2_20260305_170638.log,2,,,,phase4d_adaptive,"0,1","0,2,4,6","0,1",0.0,radial,10,0,1,0,32,4,0.0,120,0.0040131509799391655,0.0038951287728859222,,0.9791335838477294,0.9758575216194979,0.0,20,30,5,5,,,,,,,,,,,,,,,,0.23689829098293558,50.05237691599177,0.03180383297149092,,,,,,,,3.4939694580389187,0.4944706669775769,54.44198574998882,,,inc0014_strict_robustness_R5A_SG16_C10_T080_D35_seed2_20260305_170638,master,,
2026-03-06T11:59:32,True,,1.0,inc0014_strict_robustness_R5A_SG16_C10_T080_D35_seed3_20260305_170733.log,3,,,,phase4d_adaptive,"0,1","0,2,4,6","0,1",0.0,radial,10,0,1,0,32,4,0.0,120,0.004022871168516652,0.003920038769868889,,0.9783343475220793,0.9744098739122892,0.0004,25,39,9,9,,,,,,,,,,,,,,,,0.23555558297084644,49.577883334015496,0.039800790953449905,,,,,,,,6.173072959005367,0.6716395000112243,56.807109874964226,,,inc0014_strict_robustness_R5A_SG16_C10_T080_D35_seed3_20260305_170733,master,,
2026-03-06T11:59:32,True,,1.0,inc0014_strict_robustness_R5A_SG18_C10_D35_seed0_20260305_171201.log,0,,,,phase4d_adaptive,"0,1","0,2,4,6","0,1",0.0,radial,10,0,1,0,32,4,0.0,120,0.004004164213117014,0.00393049488225178,,0.9738499994549052,0.9658706398437257,0.0008,49,82,10,10,,,,,,,,,,,,,,,,0.24374250002438203,46.65055429103086,0.03419083298649639,,,,,,,,2.621222125017084,0.7694830829859711,50.456303041020874,,,inc0014_strict_robustness_R5A_SG18_C10_D35_seed0_20260305_171201,master,,
2026-03-06T11:59:32,True,,1.0,inc0014_strict_robustness_R5A_SG18_C10_D35_seed1_20260305_171252.log,1,,,,phase4d_adaptive,"0,1","0,2,4,6","0,1",0.0,radial,10,0,1,0,32,4,0.0,120,0.0040345751960651575,0.003912868379395185,,0.9783030096673548,0.9746533343271867,0.0,25,48,8,8,,,,,,,,,,,,,,,,0.24576341704232618,46.929238124983385,0.04217170795891434,,,,,,,,3.275825624994468,0.6683862500358373,51.29683454200858,,,inc0014_strict_robustness_R5A_SG18_C10_D35_seed1_20260305_171252,master,,
2026-03-06T11:59:32,True,,1.0,inc0014_strict_robustness_R5A_SG18_C10_D35_seed2_20260305_171343.log,2,,,,phase4d_adaptive,"0,1","0,2,4,6","0,1",0.0,radial,10,0,1,0,32,4,0.0,120,0.003986800035040802,0.003908969603377329,,0.9787293804218272,0.9754317216683405,0.0008,21,36,8,8,,,,,,,,,,,,,,,,0.2745109579991549,44.24884324998129,0.03153433301486075,,,,,,,,2.9467368749901652,0.7092667079996318,48.34862850001082,,,inc0014_strict_robustness_R5A_SG18_C10_D35_seed2_20260305_171343,master,,
2026-03-06T11:59:32,True,,1.0,inc0014_strict_robustness_R5A_SG18_C10_D35_seed3_20260305_171432.log,3,,,,phase4d_adaptive,"0,1","0,2,4,6","0,1",0.0,radial,10,0,1,0,32,4,0.0,120,0.004020212718995002,0.003920815677244568,,0.9787380705842886,0.9740766507422375,0.0012,25,37,7,7,,,,,,,,,,,,,,,,0.23372158303391188,47.73258449998684,0.1400027500349097,,,,,,,,4.752636083052494,0.5693327080225572,53.76398158399388,,,inc0014_strict_robustness_R5A_SG18_C10_D35_seed3_20260305_171432,master,,
2026-03-06T11:59:32,True,,1.0,inc0015_ridge_discrimination_R0_seed0_20260305_172505.log,0,,,,kmeans,"0,1","0,2,4,6","0,1",0.0,radial,10,0,1,0,32,4,50.0,120,0.004012129030442227,0.003909330385621023,,0.982054408742315,0.9811308878490524,0.0,8,19,11,11,,,,,,,,,,,,,,,,0.25246745796175674,47.78762541699689,0.037487749999854714,,,,,,,,1.3115215419675224,0.7957394999684766,50.5168651669519,,,inc0015_ridge_discrimination_R0_seed0_20260305_172505,master,,
2026-03-06T11:59:32,True,,1.0,inc0015_ridge_discrimination_R0_seed1_20260305_172555.log,1,,,,kmeans,"0,1","0,2,4,6","0,1",0.0,radial,10,0,1,0,32,4,50.0,120,0.003999402229590503,0.003913185231546915,,0.9822522234769407,0.9809092694287701,0.0,8,18,10,10,,,,,,,,,,,,,,,,0.2478837090311572,45.48783291701693,0.02830383396940306,,,,,,,,0.6556971250101924,0.672610874986276,47.34825991600519,,,inc0015_ridge_discrimination_R0_seed1_20260305_172555,master,,
2026-03-06T11:59:32,True,,1.0,inc0015_ridge_discrimination_RIDGE_D28_SG16_seed0_20260305_172643.log,0,,,,phase4d_adaptive,"0,1","0,2,4,6","0,1",0.0,radial,10,0,1,0,32,4,0.0,120,0.004000713440749148,0.003914549887605919,,0.9792021372705824,0.9760973982464936,0.0,22,37,7,7,,,,,,,,,,,,,,,,0.240311625006143,43.1101832499844,0.030413999978918582,,,,,,,,8.39300516602816,0.6056183340260759,52.52369191701291,,,inc0015_ridge_discrimination_RIDGE_D28_SG16_seed0_20260305_172643,master,,
2026-03-06T11:59:32,True,,1.0,inc0015_ridge_discrimination_RIDGE_D28_SG16_seed1_20260305_172736.log,1,,,,phase4d_adaptive,"0,1","0,2,4,6","0,1",0.0,radial,10,0,1,0,32,4,0.0,120,0.004014889981416657,0.0039260622241573525,,0.9792420024883648,0.9761649987436487,0.0,22,38,8,8,,,,,,,,,,,,,,,,0.23575720796361566,41.12164908298291,0.05540858302265406,,,,,,,,5.118203082995024,0.727932333946228,47.43997875001514,,,inc0015_ridge_discrimination_RIDGE_D28_SG16_seed1_20260305_172736,master,,
2026-03-06T11:59:32,True,,1.0,inc0015_ridge_discrimination_RIDGE_D28_SG18_seed0_20260305_172823.log,0,,,,phase4d_adaptive,"0,1","0,2,4,6","0,1",0.0,radial,10,0,1,0,32,4,0.0,120,0.004000700983095574,0.0039145374293754745,,0.9792021372705824,0.9760973982464936,0.0,22,37,7,7,,,,,,,,,,,,,,,,0.22355975001119077,43.312374332977924,0.03032704204088077,,,,,,,,6.19048029195983,0.5944374999962747,50.48157508298755,,,inc0015_ridge_discrimination_RIDGE_D28_SG18_seed0_20260305_172823,master,,
2026-03-06T11:59:32,True,,1.0,inc0015_ridge_discrimination_RIDGE_D28_SG18_seed1_20260305_172914.log,1,,,,phase4d_adaptive,"0,1","0,2,4,6","0,1",0.0,radial,10,0,1,0,32,4,0.0,120,0.004014969044507946,0.003926141371383742,,0.9792420024883648,0.9761649987436487,0.0,22,38,8,8,,,,,,,,,,,,,,,,0.24733545898925513,41.33325337502174,0.038039667007979006,,,,,,,,2.408511375018861,0.6701583330286667,44.81648729200242,,,inc0015_ridge_discrimination_RIDGE_D28_SG18_seed1_20260305_172914,master,,
2026-03-06T11:59:32,True,,1.0,inc0015_ridge_discrimination_RIDGE_D30_SG16_seed0_20260305_172959.log,0,,,,phase4d_adaptive,"0,1","0,2,4,6","0,1",0.0,radial,10,0,1,0,32,4,0.0,120,0.004003261849122039,0.003927101349773632,,0.9730781751406535,0.9637998030967214,0.0016,55,93,12,12,,,,,,,,,,,,,,,,0.24163829104509205,54.21215450001182,0.032488333992660046,,,,,,,,7.862582999980077,0.7767064170329832,63.30592441704357,,,inc0015_ridge_discrimination_RIDGE_D30_SG16_seed0_20260305_172959,master,,
2026-03-06T11:59:32,True,,1.0,inc0015_ridge_discrimination_RIDGE_D30_SG16_seed1_20260305_173103.log,1,,,,phase4d_adaptive,"0,1","0,2,4,6","0,1",0.0,radial,10,0,1,0,32,4,0.0,120,0.00403451693309422,0.003911560669616506,,0.9791464167876629,0.9757494575642788,0.0,23,36,7,7,,,,,,,,,,,,,,,,0.21688095899298787,47.58714787499048,0.047129624988883734,,,,,,,,8.46436220803298,0.6485622090403922,57.090120500011835,,,inc0015_ridge_discrimination_RIDGE_D30_SG16_seed1_20260305_173103,master,,
2026-03-06T11:59:32,True,,1.0,inc0015_ridge_discrimination_RIDGE_D30_SG18_seed0_20260305_173200.log,0,,,,phase4d_adaptive,"0,1","0,2,4,6","0,1",0.0,radial,10,0,1,0,32,4,0.0,120,0.004003260007201274,0.003927181531261811,,0.9730781751406535,0.9637998030967214,0.0016,55,93,12,12,,,,,,,,,,,,,,,,0.25318420899566263,45.93538716703188,0.024336666974704713,,,,,,,,3.6659004999673925,0.8044451249879785,50.819086457951926,,,inc0015_ridge_discrimination_RIDGE_D30_SG18_seed0_20260305_173200,master,,
2026-03-06T11:59:32,True,,1.0,inc0015_ridge_discrimination_RIDGE_D30_SG18_seed1_20260305_173251.log,1,,,,phase4d_adaptive,"0,1","0,2,4,6","0,1",0.0,radial,10,0,1,0,32,4,0.0,120,0.004034530395756385,0.003911574124891571,,0.9791464167876629,0.9757494575642788,0.0,23,36,7,7,,,,,,,,,,,,,,,,0.24452358298003674,51.402278708002996,0.08312899997690693,,,,,,,,4.506475874979515,0.7173886250238866,57.194057666987646,,,inc0015_ridge_discrimination_RIDGE_D30_SG18_seed1_20260305_173251,master,,
2026-03-06T11:59:32,True,,1.0,inc0015_ridge_discrimination_RIDGE_D32_SG16_seed0_20260305_173349.log,0,,,,phase4d_adaptive,"0,1","0,2,4,6","0,1",0.0,radial,10,0,1,0,32,4,0.0,120,0.0040101941696482684,0.003921309174482659,,0.9788057793172021,0.9742472596370957,0.0008,26,42,9,9,,,,,,,,,,,,,,,,0.2298552090069279,46.63489720795769,0.047943040961399674,,,,,,,,1.994395625020843,0.7031892919912934,49.81379829195794,,,inc0015_ridge_discrimination_RIDGE_D32_SG16_seed0_20260305_173349,master,,
2026-03-06T11:59:32,True,,1.0,inc0015_ridge_discrimination_RIDGE_D32_SG16_seed1_20260305_173439.log,1,,,,phase4d_adaptive,"0,1","0,2,4,6","0,1",0.0,radial,10,0,1,0,32,4,0.0,120,0.00404506797694142,0.003908232232802087,,0.9818056643866541,0.9802759306682545,0.0,12,25,9,9,,,,,,,,,,,,,,,,0.21719166601542383,47.700214500015136,0.032713749969843775,,,,,,,,4.371597083983943,0.8710514589911327,53.331503957975656,,,inc0015_ridge_discrimination_RIDGE_D32_SG16_seed1_20260305_173439,master,,
2026-03-06T11:59:32,True,,1.0,inc0015_ridge_discrimination_RIDGE_D32_SG18_seed0_20260305_173532.log,0,,,,phase4d_adaptive,"0,1","0,2,4,6","0,1",0.0,radial,10,0,1,0,32,4,0.0,120,0.004010101558330834,0.003921216562802863,,0.9788057793172021,0.9742472596370957,0.0008,26,42,9,9,,,,,,,,,,,,,,,,0.2352180420421064,48.378180040977895,0.03431462502339855,,,,,,,,5.36885958298808,0.7392869999748655,54.86601233301917,,,inc0015_ridge_discrimination_RIDGE_D32_SG18_seed0_20260305_173532,master,,
2026-03-06T11:59:32,True,,1.0,inc0015_ridge_discrimination_RIDGE_D32_SG18_seed1_20260305_173627.log,1,,,,phase4d_adaptive,"0,1","0,2,4,6","0,1",0.0,radial,10,0,1,0,32,4,0.0,120,0.00404506797694142,0.003908232232802087,,0.9818056643866541,0.9802759306682545,0.0,12,25,9,9,,,,,,,,,,,,,,,,0.22509766602888703,41.23261012497824,0.033226999978069216,,,,,,,,2.9308963749790564,0.7731373329879716,45.33738629199797,,,inc0015_ridge_discrimination_RIDGE_D32_SG18_seed1_20260305_173627,master,,
2026-03-06T11:59:32,True,,1.0,inc0015_ridge_discrimination_RIDGE_D35_SG16_seed0_20260305_173713.log,0,,,,phase4d_adaptive,"0,1","0,2,4,6","0,1",0.0,radial,10,0,1,0,32,4,0.0,120,0.004004100082252286,0.003930430751333883,,0.9738499994549052,0.9658706398437257,0.0008,49,82,10,10,,,,,,,,,,,,,,,,0.25224816700210795,52.79637116700178,0.06191187497461215,,,,,,,,6.41171995800687,0.7228044170187786,60.41504766698927,,,inc0015_ridge_discrimination_RIDGE_D35_SG16_seed0_20260305_173713,master,,
2026-03-06T11:59:32,True,,1.0,inc0015_ridge_discrimination_RIDGE_D35_SG16_seed1_20260305_173814.log,1,,,,phase4d_adaptive,"0,1","0,2,4,6","0,1",0.0,radial,10,0,1,0,32,4,0.0,120,0.00403452149772193,0.0039128146179554886,,0.9783030096673548,0.9746533343271867,0.0,25,47,8,8,,,,,,,,,,,,,,,,0.2465747090172954,45.099290666985326,0.03199816698906943,,,,,,,,2.7185854160343297,0.6277522089658305,48.87017675000243,,,inc0015_ridge_discrimination_RIDGE_D35_SG16_seed1_20260305_173814,master,,
2026-03-06T11:59:32,True,,1.0,inc0015_ridge_discrimination_RIDGE_D35_SG18_seed0_20260305_173903.log,0,,,,phase4d_adaptive,"0,1","0,2,4,6","0,1",0.0,radial,10,0,1,0,32,4,0.0,120,0.004004164213117014,0.00393049488225178,,0.9738499994549052,0.9658706398437257,0.0008,49,82,10,10,,,,,,,,,,,,,,,,0.2357575410278514,47.357754624972586,0.06585379200987518,,,,,,,,3.107234166993294,0.770567583036609,51.675670041004196,,,inc0015_ridge_discrimination_RIDGE_D35_SG18_seed0_20260305_173903,master,,
2026-03-06T11:59:32,True,,1.0,inc0015_ridge_discrimination_RIDGE_D35_SG18_seed1_20260305_173955.log,1,,,,phase4d_adaptive,"0,1","0,2,4,6","0,1",0.0,radial,10,0,1,0,32,4,0.0,120,0.0040345751960651575,0.003912868379395185,,0.9783030096673548,0.9746533343271867,0.0,25,48,8,8,,,,,,,,,,,,,,,,0.2500083339982666,43.097538249974605,0.04672304098494351,,,,,,,,3.866830207989551,0.6471234579803422,48.03585425001802,,,inc0015_ridge_discrimination_RIDGE_D35_SG18_seed1_20260305_173955,master,,
2026-03-06T11:59:32,True,,1.0,inc0016_delta_confirm_D28_SG18_seed0_20260305_174522.log,0,,,,phase4d_adaptive,"0,1","0,2,4,6","0,1",0.0,radial,10,0,1,0,32,4,0.0,120,0.004000700983095574,0.0039145374293754745,,0.9792021372705824,0.9760973982464936,0.0,22,37,7,7,,,,,,,,,,,,,,,,0.24625200004084036,53.78400729200803,0.03766429203096777,,,,,,,,5.865217624988873,0.5751992919831537,60.647168416006025,,,inc0016_delta_confirm_D28_SG18_seed0_20260305_174522,master,,
2026-03-06T11:59:32,True,,1.0,inc0016_delta_confirm_D28_SG18_seed1_20260305_174622.log,1,,,,phase4d_adaptive,"0,1","0,2,4,6","0,1",0.0,radial,10,0,1,0,32,4,0.0,120,0.004014969044507946,0.003926141371383742,,0.9792420024883648,0.9761649987436487,0.0,22,38,8,8,,,,,,,,,,,,,,,,0.23058945802040398,54.63057024998125,0.028141041984781623,,,,,,,,2.4127699160017073,0.6718475419911556,58.114884292008355,,,inc0016_delta_confirm_D28_SG18_seed1_20260305_174622,master,,
2026-03-06T11:59:32,True,,1.0,inc0016_delta_confirm_D28_SG18_seed2_20260305_174721.log,2,,,,phase4d_adaptive,"0,1","0,2,4,6","0,1",0.0,radial,10,0,1,0,32,4,0.0,120,0.003990676380652387,0.003907907398099926,,0.9784352343138094,0.9741257227189357,0.0,23,41,11,11,,,,,,,,,,,,,,,,0.2396465419442393,46.46952141699148,0.0398548329831101,,,,,,,,2.6384709590347484,0.8184588750009425,50.35745491698617,,,inc0016_delta_confirm_D28_SG18_seed2_20260305_174721,master,,
2026-03-06T11:59:32,True,,1.0,inc0016_delta_confirm_D28_SG18_seed3_20260305_174811.log,3,,,,phase4d_adaptive,"0,1","0,2,4,6","0,1",0.0,radial,10,0,1,0,32,4,0.0,120,0.003993449368636981,0.0039145198212834145,,0.9782854447578316,0.974939406278249,0.0,23,38,8,8,,,,,,,,,,,,,,,,0.2552133749704808,43.84949404100189,0.025650708994362503,,,,,,,,3.118154374998994,0.6876130829914473,48.05758312501712,,,inc0016_delta_confirm_D28_SG18_seed3_20260305_174811,master,,
2026-03-06T11:59:32,True,,1.0,inc0016_delta_confirm_D30_SG18_seed0_20260305_174900.log,0,,,,phase4d_adaptive,"0,1","0,2,4,6","0,1",0.0,radial,10,0,1,0,32,4,0.0,120,0.004003260007201274,0.003927181531261811,,0.9730781751406535,0.9637998030967214,0.0016,55,93,12,12,,,,,,,,,,,,,,,,0.24943529203301296,43.088830874999985,0.03647091699531302,,,,,,,,1.9382129579898901,0.818171999999322,46.25286012503784,,,inc0016_delta_confirm_D30_SG18_seed0_20260305_174900,master,,
2026-03-06T11:59:32,True,,1.0,inc0016_delta_confirm_D30_SG18_seed1_20260305_174946.log,1,,,,phase4d_adaptive,"0,1","0,2,4,6","0,1",0.0,radial,10,0,1,0,32,4,0.0,120,0.004034530395756385,0.003911574124891571,,0.9791464167876629,0.9757494575642788,0.0,23,36,7,7,,,,,,,,,,,,,,,,0.21508133399765939,44.589143458986655,0.09912095905747265,,,,,,,,2.267130833992269,0.7273609160329215,48.05954641697463,,,inc0016_delta_confirm_D30_SG18_seed1_20260305_174946,master,,
2026-03-06T11:59:32,True,,1.0,inc0016_delta_confirm_D30_SG18_seed2_20260305_175035.log,2,,,,phase4d_adaptive,"0,1","0,2,4,6","0,1",0.0,radial,10,0,1,0,32,4,0.0,120,0.003977677377837862,0.0039020206177139277,,0.9789937995480755,0.9751067284685965,0.0004,22,40,10,10,,,,,,,,,,,,,,,,0.28342108300421387,44.849505999998655,0.03194504196289927,,,,,,,,3.1964213339961134,0.7813827079953626,49.30669133301126,,,inc0016_delta_confirm_D30_SG18_seed2_20260305_175035,master,,
2026-03-06T11:59:32,True,,1.0,inc0016_delta_confirm_D30_SG18_seed3_20260305_175124.log,3,,,,phase4d_adaptive,"0,1","0,2,4,6","0,1",0.0,radial,10,0,1,0,32,4,0.0,120,0.004013885488224823,0.003919781768789349,,0.9786040597868452,0.9749788456494684,0.0,23,39,9,9,,,,,,,,,,,,,,,,0.3164547499618493,47.38179295900045,0.09471024997765198,,,,,,,,4.891446458990686,0.7318938329699449,53.71785462502157,,,inc0016_delta_confirm_D30_SG18_seed3_20260305_175124,master,,
2026-03-06T11:59:32,True,,1.0,inc0016_delta_confirm_D35_SG18_seed0_20260305_175218.log,0,,,,phase4d_adaptive,"0,1","0,2,4,6","0,1",0.0,radial,10,0,1,0,32,4,0.0,120,0.004004164213117014,0.00393049488225178,,0.9738499994549052,0.9658706398437257,0.0008,49,82,10,10,,,,,,,,,,,,,,,,0.22441125003388152,45.405877084005624,0.03353579097893089,,,,,,,,6.644791000057012,0.771048000024166,53.214263750007376,,,inc0016_delta_confirm_D35_SG18_seed0_20260305_175218,master,,
2026-03-06T11:59:32,True,,1.0,inc0016_delta_confirm_D35_SG18_seed1_20260305_175312.log,1,,,,phase4d_adaptive,"0,1","0,2,4,6","0,1",0.0,radial,10,0,1,0,32,4,0.0,120,0.0040345751960651575,0.003912868379395185,,0.9783030096673548,0.9746533343271867,0.0,25,48,8,8,,,,,,,,,,,,,,,,0.23977158300112933,49.00350333296228,0.04642470896942541,,,,,,,,2.5666204169974662,0.6376861660392024,52.62519762502052,,,inc0016_delta_confirm_D35_SG18_seed1_20260305_175312,master,,
2026-03-06T11:59:32,True,,1.0,inc0016_delta_confirm_D35_SG18_seed2_20260305_175404.log,2,,,,phase4d_adaptive,"0,1","0,2,4,6","0,1",0.0,radial,10,0,1,0,32,4,0.0,120,0.003986800035040802,0.003908969603377329,,0.9787293804218272,0.9754317216683405,0.0008,21,36,8,8,,,,,,,,,,,,,,,,0.24877500004367903,40.341574124991894,0.03774720896035433,,,,,,,,2.6407218750100583,0.6578383750165813,44.0407377089723,,,inc0016_delta_confirm_D35_SG18_seed2_20260305_175404,master,,
2026-03-06T11:59:32,True,,1.0,inc0016_delta_confirm_D35_SG18_seed3_20260305_175449.log,3,,,,phase4d_adaptive,"0,1","0,2,4,6","0,1",0.0,radial,10,0,1,0,32,4,0.0,120,0.004020212718995002,0.003920815677244568,,0.9787380705842886,0.9740766507422375,0.0012,25,37,7,7,,,,,,,,,,,,,,,,0.24797091697109863,41.65268237498822,0.042021666013170034,,,,,,,,5.588047707977239,0.6539731250377372,48.31387079198612,,,inc0016_delta_confirm_D35_SG18_seed3_20260305_175449,master,,
2026-03-06T11:59:32,True,,1.0,inc0016_delta_confirm_R0_seed0_20260305_174205.log,0,,,,kmeans,"0,1","0,2,4,6","0,1",0.0,radial,10,0,1,0,32,4,50.0,120,0.004012129030442227,0.003909330385621023,,0.982054408742315,0.9811308878490524,0.0,8,19,11,11,,,,,,,,,,,,,,,,0.25698954198742285,50.17007962503703,0.02158462500665337,,,,,,,,0.9314122080104426,0.8188714169664308,52.487865832983516,,,inc0016_delta_confirm_R0_seed0_20260305_174205,master,,
2026-03-06T11:59:32,True,,1.0,inc0016_delta_confirm_R0_seed1_20260305_174257.log,1,,,,kmeans,"0,1","0,2,4,6","0,1",0.0,radial,10,0,1,0,32,4,50.0,120,0.003999402229590503,0.003913185231546915,,0.9822522234769407,0.9809092694287701,0.0,8,18,10,10,,,,,,,,,,,,,,,,0.23721679096342996,45.283760332968086,0.02004729100735858,,,,,,,,0.7629287500167266,0.6281685000285506,47.16149804199813,,,inc0016_delta_confirm_R0_seed1_20260305_174257,master,,
2026-03-06T11:59:32,True,,1.0,inc0016_delta_confirm_R0_seed2_20260305_174345.log,2,,,,kmeans,"0,1","0,2,4,6","0,1",0.0,radial,10,0,1,0,32,4,50.0,120,0.004017842416056357,0.0039034650868993567,,0.9814376243505974,0.979800795415951,0.0,8,24,16,16,,,,,,,,,,,,,,,,0.2326487500104122,42.22800104197813,0.033469874993897974,,,,,,,,0.7745515829883516,1.0085569159709848,44.522811124974396,,,inc0016_delta_confirm_R0_seed2_20260305_174345,master,,
2026-03-06T11:59:32,True,,1.0,inc0016_delta_confirm_R0_seed3_20260305_174430.log,3,,,,kmeans,"0,1","0,2,4,6","0,1",0.0,radial,10,0,1,0,32,4,50.0,120,0.00401956369563352,0.003905572486022944,,0.9812665134594432,0.9803143880370472,0.0,8,20,12,12,,,,,,,,,,,,,,,,0.24271766701713204,48.094523791980464,0.07496579200960696,,,,,,,,2.0083737919921987,0.8394094580435194,51.73252262501046,,,inc0016_delta_confirm_R0_seed3_20260305_174430,master,,
2026-03-06T11:59:32,True,,1.0,inc0017_phi_ratio_confirm_D30_FIXED_SG16_seed0_20260305_182144.log,0,,,,phase4d_adaptive,"0,1","0,2,4,6","0,1",0.0,radial,10,0,1,0,32,4,0.0,120,0.004003261849122039,0.003927101349773632,,0.9730781751406535,0.9637998030967214,0.0016,55,93,12,12,,,,,,,,,,,,,,,,0.22143920802045614,38.357812292000744,0.03167687501991168,,,,,,,,2.337333415984176,0.8127251249970868,41.90931095799897,,,inc0017_phi_ratio_confirm_D30_FIXED_SG16_seed0_20260305_182144,master,,
2026-03-06T11:59:32,True,,1.0,inc0017_phi_ratio_confirm_D30_FIXED_SG16_seed1_20260305_182226.log,1,,,,phase4d_adaptive,"0,1","0,2,4,6","0,1",0.0,radial,10,0,1,0,32,4,0.0,120,0.00403451693309422,0.003911560669616506,,0.9791464167876629,0.9757494575642788,0.0,23,36,7,7,,,,,,,,,,,,,,,,0.2513014170108363,39.966782541014254,0.02774900000076741,,,,,,,,2.7141391669865698,0.6093069170019589,43.759895458992105,,,inc0017_phi_ratio_confirm_D30_FIXED_SG16_seed1_20260305_182226,master,,
2026-03-06T11:59:32,True,,1.0,inc0017_phi_ratio_confirm_D30_FIXED_SG16_seed2_20260305_182310.log,2,,,,phase4d_adaptive,"0,1","0,2,4,6","0,1",0.0,radial,10,0,1,0,32,4,0.0,120,0.003977661800311661,0.0039020050326842508,,0.9789937995480755,0.9751067284685965,0.0004,22,40,10,10,,,,,,,,,,,,,,,,0.2388796669547446,40.30304108298151,0.039221375016495585,,,,,,,,3.6900177909992635,0.7124991660239175,45.140805165981874,,,inc0017_phi_ratio_confirm_D30_FIXED_SG16_seed2_20260305_182310,master,,
2026-03-06T11:59:32,True,,1.0,inc0017_phi_ratio_confirm_D30_FIXED_SG16_seed3_20260305_182355.log,3,,,,phase4d_adaptive,"0,1","0,2,4,6","0,1",0.0,radial,10,0,1,0,32,4,0.0,120,0.004013913463593518,0.003933148558025822,,0.9786040597868452,0.9749788456494684,0.0,23,38,8,8,,,,,,,,,,,,,,,,0.24146191700128838,37.28123104199767,0.03191204200265929,,,,,,,,2.1656927919830196,0.5653661250253208,40.411599249986466,,,inc0017_phi_ratio_confirm_D30_FIXED_SG16_seed3_20260305_182355,master,,
2026-03-06T11:59:32,True,,1.0,inc0017_phi_ratio_confirm_D30_PHI_L100_seed0_20260305_182436.log,0,,,,phase4d_adaptive,"0,1","0,2,4,6","0,1",0.0,radial,10,0,1,0,32,4,0.0,120,0.003994749650628573,0.00394796639133287,,0.9657695422172469,0.9503381984067423,0.0044,89,140,7,7,,,,,,,,,,,,,,,,0.23025504196994007,38.562711749982554,0.033430166949983686,,,,,,,,2.224082415981684,0.47913454100489616,41.63178712502122,,,inc0017_phi_ratio_confirm_D30_PHI_L100_seed0_20260305_182436,master,,
2026-03-06T11:59:32,True,,1.0,inc0017_phi_ratio_confirm_D30_PHI_L100_seed1_20260305_182517.log,1,,,,phase4d_adaptive,"0,1","0,2,4,6","0,1",0.0,radial,10,0,1,0,32,4,0.0,120,0.004012923441082001,0.003911043602978235,,0.9786943010280016,0.9759054519061708,0.0,23,43,8,8,,,,,,,,,,,,,,,,0.23722141701728106,39.933976874977816,0.04009720799513161,,,,,,,,6.137809625011869,0.640510082943365,47.12727733299835,,,inc0017_phi_ratio_confirm_D30_PHI_L100_seed1_20260305_182517,master,,
2026-03-06T11:59:32,True,,1.0,inc0017_phi_ratio_confirm_D30_PHI_L100_seed2_20260305_182605.log,2,,,,phase4d_adaptive,"0,1","0,2,4,6","0,1",0.0,radial,10,0,1,0,32,4,0.0,120,0.004018173112402103,0.0039048188775242165,,0.9792518526914968,0.9758830867447148,0.0,20,35,7,7,,,,,,,,,,,,,,,,0.2321294589783065,41.536117082985584,0.03338787495158613,,,,,,,,2.110606208036188,0.5827198750339448,44.60924004204571,,,inc0017_phi_ratio_confirm_D30_PHI_L100_seed2_20260305_182605,master,,
2026-03-06T11:59:32,True,,1.0,inc0017_phi_ratio_confirm_D30_PHI_L100_seed3_20260305_182650.log,3,,,,phase4d_adaptive,"0,1","0,2,4,6","0,1",0.0,radial,10,0,1,0,32,4,0.0,120,0.003995536884456034,0.003965504648147823,,0.9658414889274513,0.948349773943523,0.01,90,136,5,5,,,,,,,,,,,,,,,,0.23576741601573303,44.250932165945414,0.03741175000322983,,,,,,,,2.9422010830021463,0.44412283395649865,48.02586779202102,,,inc0017_phi_ratio_confirm_D30_PHI_L100_seed3_20260305_182650,master,,
2026-03-06T11:59:32,True,,1.0,inc0017_phi_ratio_confirm_D30_PHI_L120_seed0_20260305_182738.log,0,,,,phase4d_adaptive,"0,1","0,2,4,6","0,1",0.0,radial,10,0,1,0,32,4,0.0,120,0.0039905040697348244,0.003937510490969315,,0.9726030062977771,0.9629932479401153,0.0008,56,85,5,5,,,,,,,,,,,,,,,,0.24740783299785107,42.47040929202922,0.030372500012163073,,,,,,,,2.245867374993395,0.437958208960481,45.5494436660083,,,inc0017_phi_ratio_confirm_D30_PHI_L120_seed0_20260305_182738,master,,
2026-03-06T11:59:32,True,,1.0,inc0017_phi_ratio_confirm_D30_PHI_L120_seed1_20260305_182824.log,1,,,,phase4d_adaptive,"0,1","0,2,4,6","0,1",0.0,radial,10,0,1,0,32,4,0.0,120,0.004066995741590255,0.003908355376854501,,0.9794566535411097,0.9778121069711524,0.0,19,37,8,8,,,,,,,,,,,,,,,,0.23627462500007823,39.850603458005935,0.03028770798118785,,,,,,,,2.5749717919970863,0.6742792910081334,43.527172334026545,,,inc0017_phi_ratio_confirm_D30_PHI_L120_seed1_20260305_182824,master,,
2026-03-06T11:59:32,True,,1.0,inc0017_phi_ratio_confirm_D30_PHI_L120_seed2_20260305_182907.log,2,,,,phase4d_adaptive,"0,1","0,2,4,6","0,1",0.0,radial,10,0,1,0,32,4,0.0,120,0.00401681253895681,0.0038994012964245948,,0.978894117808074,0.9756767869029802,0.0,20,37,8,8,,,,,,,,,,,,,,,,0.2377330000163056,39.12286791700171,0.03893941699061543,,,,,,,,4.48953070800053,0.6012189160101116,44.63801729102852,,,inc0017_phi_ratio_confirm_D30_PHI_L120_seed2_20260305_182907,master,,
2026-03-06T11:59:32,True,,1.0,inc0017_phi_ratio_confirm_D30_PHI_L120_seed3_20260305_182952.log,3,,,,phase4d_adaptive,"0,1","0,2,4,6","0,1",0.0,radial,10,0,1,0,32,4,0.0,120,0.004031874470840915,0.003912424019818985,,0.9788318200662618,0.9764824519599841,0.0,21,37,9,9,,,,,,,,,,,,,,,,0.258882750000339,40.61602941696765,0.03809304203605279,,,,,,,,3.045665125013329,0.7293443329981528,44.83170983399032,,,inc0017_phi_ratio_confirm_D30_PHI_L120_seed3_20260305_182952,master,,
2026-03-06T11:59:32,True,,1.0,inc0017_phi_ratio_confirm_R0_seed0_20260305_181857.log,0,,,,kmeans,"0,1","0,2,4,6","0,1",0.0,radial,10,0,1,0,32,4,50.0,120,0.004012129030442227,0.003909330385621023,,0.982054408742315,0.9811308878490524,0.0,8,19,11,11,,,,,,,,,,,,,,,,0.23552370903780684,38.51105658401502,0.02783437498146668,,,,,,,,0.75125162495533,0.7655797919724137,40.564495874976274,,,inc0017_phi_ratio_confirm_R0_seed0_20260305_181857,master,,
2026-03-06T11:59:32,True,,1.0,inc0017_phi_ratio_confirm_R0_seed1_20260305_181938.log,1,,,,kmeans,"0,1","0,2,4,6","0,1",0.0,radial,10,0,1,0,32,4,50.0,120,0.003999402229590503,0.003913185231546915,,0.9822522234769407,0.9809092694287701,0.0,8,18,10,10,,,,,,,,,,,,,,,,0.23902829200960696,37.11161729198648,0.047827749978750944,,,,,,,,0.8262004579883069,0.6536247920012102,39.177847791987006,,,inc0017_phi_ratio_confirm_R0_seed1_20260305_181938,master,,
2026-03-06T11:59:32,True,,1.0,inc0017_phi_ratio_confirm_R0_seed2_20260305_182017.log,2,,,,kmeans,"0,1","0,2,4,6","0,1",0.0,radial,10,0,1,0,32,4,50.0,120,0.004017842416056357,0.0039034650868993567,,0.9814376243505974,0.979800795415951,0.0,8,24,16,16,,,,,,,,,,,,,,,,0.23883366701193154,38.85546274995431,0.039733749988954514,,,,,,,,0.645687917014584,1.005564041028265,41.00875808298588,,,inc0017_phi_ratio_confirm_R0_seed2_20260305_182017,master,,
2026-03-06T11:59:32,True,,1.0,inc0017_phi_ratio_confirm_R0_seed3_20260305_182058.log,3,,,,kmeans,"0,1","0,2,4,6","0,1",0.0,radial,10,0,1,0,32,4,50.0,120,0.00401956369563352,0.003905572486022944,,0.9812665134594432,0.9803143880370472,0.0,8,20,12,12,,,,,,,,,,,,,,,,0.24610795796616003,41.03107962501235,0.08479716698639095,,,,,,,,2.548585375014227,0.7928881669649854,45.017795916006435,,,inc0017_phi_ratio_confirm_R0_seed3_20260305_182058,master,,
2026-03-06T11:59:32,True,,1.0,inc0017_phi_ratio_screen_D30_FIXED_SG16_seed0_20260305_181431.log,0,,,,phase4d_adaptive,"0,1","0,2,4,6","0,1",0.0,radial,10,0,1,0,32,4,0.0,120,0.0040107080587653415,0.00394599339548586,,0.9710870263511328,0.9580473175346621,0.004,41,68,8,8,,,,,,,,,,,,,,,,0.22387912502745166,25.36734529095702,0.035531041969079524,,,,,,,,4.335875249991659,0.36664737499086186,30.408096499973908,,,inc0017_phi_ratio_screen_D30_FIXED_SG16_seed0_20260305_181431,master,,
2026-03-06T11:59:32,True,,1.0,inc0017_phi_ratio_screen_D30_FIXED_SG16_seed1_20260305_181502.log,1,,,,phase4d_adaptive,"0,1","0,2,4,6","0,1",0.0,radial,10,0,1,0,32,4,0.0,120,0.004024143500556599,0.0039402853756430834,,0.9758618547658882,0.9720650480930592,0.0,20,33,6,6,,,,,,,,,,,,,,,,0.23452574998373166,27.794413541967515,0.06819387496216223,,,,,,,,1.9133907089708373,0.33012541598873213,30.449586208967958,,,inc0017_phi_ratio_screen_D30_FIXED_SG16_seed1_20260305_181502,master,,
2026-03-06T11:59:32,True,,1.0,inc0017_phi_ratio_screen_D30_PHI_L100_seed0_20260305_181532.log,0,,,,phase4d_adaptive,"0,1","0,2,4,6","0,1",0.0,radial,10,0,1,0,32,4,0.0,120,0.0039824388991909635,0.003933394028021856,,0.9778181501001058,0.9723869927715905,0.0006666666666666666,19,30,2,2,,,,,,,,,,,,,,,,0.23290924995671958,24.96484445797978,0.019295833015348762,,,,,,,,1.082998541998677,0.20281287503894418,26.583447583019733,,,inc0017_phi_ratio_screen_D30_PHI_L100_seed0_20260305_181532,master,,
2026-03-06T11:59:32,True,,1.0,inc0017_phi_ratio_screen_D30_PHI_L100_seed1_20260305_181559.log,1,,,,phase4d_adaptive,"0,1","0,2,4,6","0,1",0.0,radial,10,0,1,0,32,4,0.0,120,0.004010008132700934,0.003924672495024122,,0.9749312466883154,0.9697478979959937,0.0,24,40,7,7,,,,,,,,,,,,,,,,0.23611970798810944,26.40321987500647,0.024781082989647985,,,,,,,,1.3247033330262639,0.4052599999704398,28.46330191596644,,,inc0017_phi_ratio_screen_D30_PHI_L100_seed1_20260305_181559,master,,
2026-03-06T11:59:32,True,,1.0,inc0017_phi_ratio_screen_D30_PHI_L120_seed0_20260305_181628.log,0,,,,phase4d_adaptive,"0,1","0,2,4,6","0,1",0.0,radial,10,0,1,0,32,4,0.0,120,0.003980107780515096,0.003929303019216644,,0.9778978859278454,0.9741812512995257,0.0,17,27,2,2,,,,,,,,,,,,,,,,0.23090337502071634,24.044294791005086,0.014545416983310133,,,,,,,,1.2419139580451883,0.20657275000121444,25.827555708994623,,,inc0017_phi_ratio_screen_D30_PHI_L120_seed0_20260305_181628,master,,
2026-03-06T11:59:32,True,,1.0,inc0017_phi_ratio_screen_D30_PHI_L120_seed1_20260305_181654.log,1,,,,phase4d_adaptive,"0,1","0,2,4,6","0,1",0.0,radial,10,0,1,0,32,4,0.0,120,0.0040113371075198075,0.0039566783374374425,,0.9631955076112746,0.9464323931986123,0.002,56,91,5,5,,,,,,,,,,,,,,,,0.23556470801122487,23.490714958985336,0.06159466702956706,,,,,,,,4.407003332977183,0.2795188329764642,28.607000791991595,,,inc0017_phi_ratio_screen_D30_PHI_L120_seed1_20260305_181654,master,,
2026-03-06T11:59:32,True,,1.0,inc0017_phi_ratio_screen_D30_PHI_L140_seed0_20260305_181723.log,0,,,,phase4d_adaptive,"0,1","0,2,4,6","0,1",0.0,radial,10,0,1,0,32,4,0.0,120,0.0039793601966692975,0.003950224045996716,,0.97776268857892,0.9718766985896317,0.0,20,28,2,2,,,,,,,,,,,,,,,,0.24104670801898465,23.490378041984513,0.03404025000054389,,,,,,,,1.6502819169545546,0.23308108298806474,25.74718845798634,,,inc0017_phi_ratio_screen_D30_PHI_L140_seed0_20260305_181723,master,,
2026-03-06T11:59:32,True,,1.0,inc0017_phi_ratio_screen_D30_PHI_L140_seed1_20260305_181749.log,1,,,,phase4d_adaptive,"0,1","0,2,4,6","0,1",0.0,radial,10,0,1,0,32,4,0.0,120,0.004005008165179199,0.003928898118736105,,0.9760065171545838,0.9702020715930784,0.0,23,35,6,6,,,,,,,,,,,,,,,,0.26253050001105294,23.832088791998103,0.016303749987855554,,,,,,,,1.1102888750028796,0.3592416659812443,25.655034249997698,,,inc0017_phi_ratio_screen_D30_PHI_L140_seed1_20260305_181749,master,,
2026-03-06T11:59:32,True,,1.0,inc0017_phi_ratio_screen_R0_seed0_20260305_181336.log,0,,,,kmeans,"0,1","0,2,4,6","0,1",0.0,radial,10,0,1,0,32,4,50.0,120,0.004024724848505551,0.0039452531106827825,,0.9821714692689185,0.978659464609418,0.0,8,14,6,6,,,,,,,,,,,,,,,,0.2853452080162242,27.13199041597545,0.013934249989688396,,,,,,,,0.3193771250080317,0.38664716703351587,28.293250417045783,,,inc0017_phi_ratio_screen_R0_seed0_20260305_181336,master,,
2026-03-06T11:59:32,True,,1.0,inc0017_phi_ratio_screen_R0_seed1_20260305_181405.log,1,,,,kmeans,"0,1","0,2,4,6","0,1",0.0,radial,10,0,1,0,32,4,50.0,120,0.004000403065727412,0.003944766806559406,,0.980845719281152,0.9791091782314787,0.0,8,14,6,6,,,,,,,,,,,,,,,,0.22735341597581282,25.203487833030522,0.014722499996423721,,,,,,,,0.32556070800637826,0.35639625001931563,26.262957750004716,,,inc0017_phi_ratio_screen_R0_seed1_20260305_181405,master,,
2026-03-06T11:59:32,True,,1.0,inc0018_phi_delta_confirm_D30_FIXED_SG16_seed0_20260305_184629.log,0,,,,phase4d_adaptive,"0,1","0,2,4,6","0,1",0.0,radial,10,0,1,0,32,4,0.0,120,0.004003261849122039,0.003927101349773632,,0.9730781751406535,0.9637998030967214,0.0016,55,93,12,12,,,,,,,,,,,,,,,,0.2280522920191288,39.55932954204036,0.044184833008330315,,,,,,,,3.0401209170231596,0.7739132919814438,43.756841041962616,,,inc0018_phi_delta_confirm_D30_FIXED_SG16_seed0_20260305_184629,master,,
2026-03-06T11:59:32,True,,1.0,inc0018_phi_delta_confirm_D30_FIXED_SG16_seed1_20260305_184713.log,1,,,,phase4d_adaptive,"0,1","0,2,4,6","0,1",0.0,radial,10,0,1,0,32,4,0.0,120,0.00403451693309422,0.003911560669616506,,0.9791464167876629,0.9757494575642788,0.0,23,36,7,7,,,,,,,,,,,,,,,,0.2282726249541156,52.52758250001352,0.05164791701827198,,,,,,,,3.644146582984831,0.6508351670345291,57.281422708008904,,,inc0018_phi_delta_confirm_D30_FIXED_SG16_seed1_20260305_184713,master,,
2026-03-06T11:59:32,True,,1.0,inc0018_phi_delta_confirm_D30_FIXED_SG16_seed2_20260305_184810.log,2,,,,phase4d_adaptive,"0,1","0,2,4,6","0,1",0.0,radial,10,0,1,0,32,4,0.0,120,0.003977661800311661,0.0039020050326842508,,0.9789937995480755,0.9751067284685965,0.0004,22,40,10,10,,,,,,,,,,,,,,,,0.2348131659673527,43.78804308298277,0.031164999993052334,,,,,,,,1.9468300000298768,0.7889599580084905,46.92138529103249,,,inc0018_phi_delta_confirm_D30_FIXED_SG16_seed2_20260305_184810,master,,
2026-03-06T11:59:32,True,,1.0,inc0018_phi_delta_confirm_D30_FIXED_SG16_seed3_20260305_184858.log,3,,,,phase4d_adaptive,"0,1","0,2,4,6","0,1",0.0,radial,10,0,1,0,32,4,0.0,120,0.004013913463593518,0.003933148558025822,,0.9786040597868452,0.9749788456494684,0.0,23,38,8,8,,,,,,,,,,,,,,,,0.22867845901055261,38.86034033296164,0.032895749958697706,,,,,,,,2.10608208400663,0.5839888750342652,41.94339308299823,,,inc0018_phi_delta_confirm_D30_FIXED_SG16_seed3_20260305_184858,master,,
2026-03-06T11:59:32,True,,1.0,inc0018_phi_delta_confirm_PHI_D30_L120_seed0_20260305_184940.log,0,,,,phase4d_adaptive,"0,1","0,2,4,6","0,1",0.0,radial,10,0,1,0,32,4,0.0,120,0.0039905040697348244,0.003937510490969315,,0.9726030062977771,0.9629932479401153,0.0008,56,85,5,5,,,,,,,,,,,,,,,,0.21848441596375778,39.46596529195085,0.02931316604372114,,,,,,,,2.13541799999075,0.47684750001644716,42.44010791601613,,,inc0018_phi_delta_confirm_PHI_D30_L120_seed0_20260305_184940,master,,
2026-03-06T11:59:32,True,,1.0,inc0018_phi_delta_confirm_PHI_D30_L120_seed1_20260305_185022.log,1,,,,phase4d_adaptive,"0,1","0,2,4,6","0,1",0.0,radial,10,0,1,0,32,4,0.0,120,0.004066995741590255,0.003908355376854501,,0.9794566535411097,0.9778121069711524,0.0,19,37,8,8,,,,,,,,,,,,,,,,0.2566505830036476,53.595849042001646,0.056242500024382025,,,,,,,,9.743332249985542,0.6477862920146435,64.43883333302801,,,inc0018_phi_delta_confirm_PHI_D30_L120_seed1_20260305_185022,master,,
2026-03-06T11:59:32,True,,1.0,inc0018_phi_delta_confirm_PHI_D30_L120_seed2_20260305_185127.log,2,,,,phase4d_adaptive,"0,1","0,2,4,6","0,1",0.0,radial,10,0,1,0,32,4,0.0,120,0.00401681253895681,0.0038994012964245948,,0.978894117808074,0.9756767869029802,0.0,20,37,8,8,,,,,,,,,,,,,,,,0.2318328749970533,48.12984204100212,0.09055758296744898,,,,,,,,4.888699916016776,0.5924199589644559,54.09580604202347,,,inc0018_phi_delta_confirm_PHI_D30_L120_seed2_20260305_185127,master,,
2026-03-06T11:59:32,True,,1.0,inc0018_phi_delta_confirm_PHI_D30_L120_seed3_20260305_185221.log,3,,,,phase4d_adaptive,"0,1","0,2,4,6","0,1",0.0,radial,10,0,1,0,32,4,0.0,120,0.004031874470840915,0.003912424019818985,,0.9788318200662618,0.9764824519599841,0.0,21,37,9,9,,,,,,,,,,,,,,,,0.23388820904074237,36.847803250013385,0.031046541000250727,,,,,,,,2.2613377919769846,0.7498649159679189,40.25749612500658,,,inc0018_phi_delta_confirm_PHI_D30_L120_seed3_20260305_185221,master,,
2026-03-06T11:59:32,True,,1.0,inc0018_phi_delta_confirm_PHI_D32_L120_seed0_20260305_185302.log,0,,,,phase4d_adaptive,"0,1","0,2,4,6","0,1",0.0,radial,10,0,1,0,32,4,0.0,120,0.003988249327925109,0.003959162701846659,,0.9796975434690246,0.9773538504767841,0.0,20,31,4,4,,,,,,,,,,,,,,,,0.2679353749845177,38.872662875044625,0.02277170796878636,,,,,,,,2.1683218749822117,0.39090233301976696,41.841725415957626,,,inc0018_phi_delta_confirm_PHI_D32_L120_seed0_20260305_185302,master,,
2026-03-06T11:59:32,True,,1.0,inc0018_phi_delta_confirm_PHI_D32_L120_seed1_20260305_185344.log,1,,,,phase4d_adaptive,"0,1","0,2,4,6","0,1",0.0,radial,10,0,1,0,32,4,0.0,120,0.004013780247964354,0.0039494374937355005,,0.9682617611730977,0.9567328299031668,0.0,68,111,9,9,,,,,,,,,,,,,,,,0.21448220900492743,37.58609987498494,0.023400124977342784,,,,,,,,1.9096197500475682,0.6176124999765307,40.45780420897063,,,inc0018_phi_delta_confirm_PHI_D32_L120_seed1_20260305_185344,master,,
2026-03-06T11:59:32,True,,1.0,inc0018_phi_delta_confirm_PHI_D32_L120_seed2_20260305_185424.log,2,,,,phase4d_adaptive,"0,1","0,2,4,6","0,1",0.0,radial,10,0,1,0,32,4,0.0,120,0.0040223386085008386,0.003904701200049179,,0.9794730710540968,0.9761665765804708,0.0,20,33,7,7,,,,,,,,,,,,,,,,0.23922829201910645,36.648340333020315,0.01716137502808124,,,,,,,,3.3203468340216205,0.6063262919778936,40.95140741602518,,,inc0018_phi_delta_confirm_PHI_D32_L120_seed2_20260305_185424,master,,
2026-03-06T11:59:32,True,,1.0,inc0018_phi_delta_confirm_PHI_D32_L120_seed3_20260305_185506.log,3,,,,phase4d_adaptive,"0,1","0,2,4,6","0,1",0.0,radial,10,0,1,0,32,4,0.0,120,0.003996666305465432,0.003935156800784895,,0.9680972308904975,0.9565582919538389,0.008,69,113,6,6,,,,,,,,,,,,,,,,0.2661909580347128,36.65857679100009,0.0382277499884367,,,,,,,,2.421688499976881,0.4624565420090221,39.95347883296199,,,inc0018_phi_delta_confirm_PHI_D32_L120_seed3_20260305_185506,master,,
2026-03-06T11:59:32,True,,1.0,inc0018_phi_delta_confirm_R0_seed0_20260305_184324.log,0,,,,kmeans,"0,1","0,2,4,6","0,1",0.0,radial,10,0,1,0,32,4,50.0,120,0.004012129030442227,0.003909330385621023,,0.982054408742315,0.9811308878490524,0.0,8,19,11,11,,,,,,,,,,,,,,,,0.2569425409892574,44.47549704200355,0.027030750003177673,,,,,,,,0.6937680410337634,0.7924163750139996,46.473386458004825,,,inc0018_phi_delta_confirm_R0_seed0_20260305_184324,master,,
2026-03-06T11:59:32,True,,1.0,inc0018_phi_delta_confirm_R0_seed1_20260305_184411.log,1,,,,kmeans,"0,1","0,2,4,6","0,1",0.0,radial,10,0,1,0,32,4,50.0,120,0.003999402229590503,0.003913185231546915,,0.9822522234769407,0.9809092694287701,0.0,8,18,10,10,,,,,,,,,,,,,,,,0.23717120802029967,39.00165620900225,0.039172374992631376,,,,,,,,1.59835970797576,0.6551609160378575,41.85818837501574,,,inc0018_phi_delta_confirm_R0_seed1_20260305_184411,master,,
2026-03-06T11:59:32,True,,1.0,inc0018_phi_delta_confirm_R0_seed2_20260305_184453.log,2,,,,kmeans,"0,1","0,2,4,6","0,1",0.0,radial,10,0,1,0,32,4,50.0,120,0.004017842416056357,0.0039034650868993567,,0.9814376243505974,0.979800795415951,0.0,8,24,16,16,,,,,,,,,,,,,,,,0.2392089170170948,43.38281341700349,0.01955895801074803,,,,,,,,0.5051634170231409,1.0426838750136085,45.44146562501555,,,inc0018_phi_delta_confirm_R0_seed2_20260305_184453,master,,
2026-03-06T11:59:32,True,,1.0,inc0018_phi_delta_confirm_R0_seed3_20260305_184538.log,3,,,,kmeans,"0,1","0,2,4,6","0,1",0.0,radial,10,0,1,0,32,4,50.0,120,0.00401956369563352,0.003905572486022944,,0.9812665134594432,0.9803143880370472,0.0,8,20,12,12,,,,,,,,,,,,,,,,0.2528831659583375,47.85569762502564,0.03905870800372213,,,,,,,,0.8325436669983901,0.8574285840149969,50.16807854198851,,,inc0018_phi_delta_confirm_R0_seed3_20260305_184538,master,,
2026-03-06T11:59:32,True,,1.0,inc0018_phi_delta_screen_D30_FIXED_SG16_seed0_20260305_183845.log,0,,,,phase4d_adaptive,"0,1","0,2,4,6","0,1",0.0,radial,10,0,1,0,32,4,0.0,120,0.0040107080587653415,0.00394599339548586,,0.9710870263511328,0.9580473175346621,0.004,41,68,8,8,,,,,,,,,,,,,,,,0.22940337500767782,25.94970708299661,0.018571167020127177,,,,,,,,1.1536970000015572,0.397440541011747,27.825988000025973,,,inc0018_phi_delta_screen_D30_FIXED_SG16_seed0_20260305_183845,master,,
2026-03-06T11:59:32,True,,1.0,inc0018_phi_delta_screen_D30_FIXED_SG16_seed1_20260305_183913.log,1,,,,phase4d_adaptive,"0,1","0,2,4,6","0,1",0.0,radial,10,0,1,0,32,4,0.0,120,0.004024143500556599,0.0039402853756430834,,0.9758618547658882,0.9720650480930592,0.0,20,33,6,6,,,,,,,,,,,,,,,,0.2423030419740826,22.453812375024427,0.011000791972037405,,,,,,,,1.4826933749718592,0.35328491701511666,24.624941916030366,,,inc0018_phi_delta_screen_D30_FIXED_SG16_seed1_20260305_183913,master,,
2026-03-06T11:59:32,True,,1.0,inc0018_phi_delta_screen_PHI_D30_L120_seed0_20260305_183938.log,0,,,,phase4d_adaptive,"0,1","0,2,4,6","0,1",0.0,radial,10,0,1,0,32,4,0.0,120,0.003980107780515096,0.003929303019216644,,0.9778978859278454,0.9741812512995257,0.0,17,27,2,2,,,,,,,,,,,,,,,,0.22872312500840053,23.08345445798477,0.010596334002912045,,,,,,,,1.2823857910116203,0.20944512501591817,24.92168158298591,,,inc0018_phi_delta_screen_PHI_D30_L120_seed0_20260305_183938,master,,
2026-03-06T11:59:32,True,,1.0,inc0018_phi_delta_screen_PHI_D30_L120_seed1_20260305_184003.log,1,,,,phase4d_adaptive,"0,1","0,2,4,6","0,1",0.0,radial,10,0,1,0,32,4,0.0,120,0.0040113371075198075,0.0039566783374374425,,0.9631955076112746,0.9464323931986123,0.002,56,91,5,5,,,,,,,,,,,,,,,,0.22293054196052253,23.901489832962397,0.009288875036872923,,,,,,,,2.0762466249871068,0.29317895794520155,26.57830350002041,,,inc0018_phi_delta_screen_PHI_D30_L120_seed1_20260305_184003,master,,
2026-03-06T11:59:32,True,,1.0,inc0018_phi_delta_screen_PHI_D32_L120_seed0_20260305_184030.log,0,,,,phase4d_adaptive,"0,1","0,2,4,6","0,1",0.0,radial,10,0,1,0,32,4,0.0,120,0.0040011856959355965,0.003950817043179613,,0.9698587250741696,0.9611779730823146,0.0,34,57,3,3,,,,,,,,,,,,,,,,0.2189921669778414,23.958553208969533,0.025723833008669317,,,,,,,,2.5630517919780686,0.23353204200975597,27.090441041975282,,,inc0018_phi_delta_screen_PHI_D32_L120_seed0_20260305_184030,master,,
2026-03-06T11:59:32,True,,1.0,inc0018_phi_delta_screen_PHI_D32_L120_seed1_20260305_184057.log,1,,,,phase4d_adaptive,"0,1","0,2,4,6","0,1",0.0,radial,10,0,1,0,32,4,0.0,120,0.004002556429629113,0.003924749147513004,,0.9760294383324005,0.9717050770393698,0.0006666666666666666,21,35,6,6,,,,,,,,,,,,,,,,0.23690799996256828,24.379196166992188,0.02457999996840954,,,,,,,,4.117536625009961,0.43601679196581244,29.2636017909972,,,inc0018_phi_delta_screen_PHI_D32_L120_seed1_20260305_184057,master,,
2026-03-06T11:59:32,True,,1.0,inc0018_phi_delta_screen_PHI_D35_L120_seed0_20260305_184127.log,0,,,,phase4d_adaptive,"0,1","0,2,4,6","0,1",0.0,radial,10,0,1,0,32,4,0.0,120,0.003989986473855876,0.003937001091592732,,0.9770748657520386,0.9716958793777778,0.0,19,31,4,4,,,,,,,,,,,,,,,,0.23760854196734726,35.22063175000949,0.025436583964619786,,,,,,,,2.8715961250127293,0.3254151250002906,38.75995491701178,,,inc0018_phi_delta_screen_PHI_D35_L120_seed0_20260305_184127,master,,
2026-03-06T11:59:32,True,,1.0,inc0018_phi_delta_screen_PHI_D35_L120_seed1_20260305_184206.log,1,,,,phase4d_adaptive,"0,1","0,2,4,6","0,1",0.0,radial,10,0,1,0,32,4,0.0,120,0.0039955679031560155,0.003923940127074361,,0.9768613324925212,0.973283020268583,0.0,18,29,4,4,,,,,,,,,,,,,,,,0.25534420798067003,30.918307374988217,0.017649499990511686,,,,,,,,1.9482130410033278,0.3642658750177361,33.59953162499005,,,inc0018_phi_delta_screen_PHI_D35_L120_seed1_20260305_184206,master,,
2026-03-06T11:59:32,True,,1.0,inc0018_phi_delta_screen_R0_seed0_20260305_183752.log,0,,,,kmeans,"0,1","0,2,4,6","0,1",0.0,radial,10,0,1,0,32,4,50.0,120,0.004024724848505551,0.0039452531106827825,,0.9821714692689185,0.978659464609418,0.0,8,14,6,6,,,,,,,,,,,,,,,,0.23911645798943937,24.662419833999593,0.013341834011953324,,,,,,,,0.3261626670137048,0.3546163330320269,25.74915291700745,,,inc0018_phi_delta_screen_R0_seed0_20260305_183752,master,,
2026-03-06T11:59:32,True,,1.0,inc0018_phi_delta_screen_R0_seed1_20260305_183818.log,1,,,,kmeans,"0,1","0,2,4,6","0,1",0.0,radial,10,0,1,0,32,4,50.0,120,0.004000403065727412,0.003944766806559406,,0.980845719281152,0.9791091782314787,0.0,8,14,6,6,,,,,,,,,,,,,,,,0.2456207500072196,26.132517374993768,0.011741499998606741,,,,,,,,0.29216237500077114,0.3366063749999739,27.143428209004924,,,inc0018_phi_delta_screen_R0_seed1_20260305_183818,master,,
2026-03-06T11:59:32,True,,1.0,inc0019_hybrid_screen_HYB_L4_R4_seed0_20260305_191523.log,0,,,,phase4d_complex_local,"0,1","0,2,4,6","1,3",0.0,radial,10,0,1,0,32,4,0.0,120,0.003986688309579009,0.003948074503325318,,0.9709901500103325,0.961908721926821,0.0013333333333333333,35,63,2,2,,,,,,,,,,,,,,,,0.22936808300437406,31.506579041015357,0.019807917007710785,,,,,,,,2.201069583010394,0.19898204202763736,34.246947666979395,,,inc0019_hybrid_screen_HYB_L4_R4_seed0_20260305_191523,master,,
2026-03-06T11:59:32,True,,1.0,inc0019_hybrid_screen_HYB_L4_R4_seed1_20260305_191728.log,1,,,,phase4d_complex_local,"0,1","0,2,4,6","1,3",0.0,radial,10,0,1,0,32,4,0.0,120,0.003983532065364786,0.003967247041132458,,0.9262504065048814,0.884609600977582,0.028,152,299,4,4,,,,,,,,,,,,,,,,0.24961324996547773,27.067368540971074,0.030300416983664036,,,,,,,,1.9685934580047615,0.2685635419911705,29.675826249993406,,,inc0019_hybrid_screen_HYB_L4_R4_seed1_20260305_191728,master,,
2026-03-06T11:59:32,True,,1.0,inc0019_hybrid_screen_HYB_L9_R4_seed0_20260305_191558.log,0,,,,phase4d_complex_local,"0,1","0,2,4,6","1,3",0.0,radial,10,0,1,0,32,4,0.0,120,0.003984404927202542,0.003982636066302023,,0.8969371330991933,0.8436226711220624,0.03866666666666667,216,445,1,1,,,,,,,,,,,,,,,,0.21785183303290978,29.17297262500506,0.0775519169983454,,,,,,,,5.135842333955225,0.1292163750040345,34.84602120902855,,,inc0019_hybrid_screen_HYB_L9_R4_seed0_20260305_191558,master,,
2026-03-06T11:59:32,True,,1.0,inc0019_hybrid_screen_HYB_L9_R4_seed1_20260305_191758.log,1,,,,phase4d_complex_local,"0,1","0,2,4,6","1,3",0.0,radial,10,0,1,0,32,4,0.0,120,0.003989556367544583,0.003974114878566715,,0.9059155594266013,0.8579683517649188,0.028666666666666667,195,392,3,3,,,,,,,,,,,,,,,,0.234725582995452,28.186305749986786,0.026884041959419847,,,,,,,,5.074295500002336,0.2526209580246359,33.865841625025496,,,inc0019_hybrid_screen_HYB_L9_R4_seed1_20260305_191758,master,,
2026-03-06T11:59:32,True,,1.0,inc0019_hybrid_screen_PHI_D32_L120_seed0_20260305_191453.log,0,,,,phase4d_adaptive,"0,1","0,2,4,6","1,3",0.0,radial,10,0,1,0,32,4,0.0,120,0.0040011856959355965,0.003950817043179613,,0.9698587250741696,0.9611779730823146,0.0,34,57,3,3,,,,,,,,,,,,,,,,0.23408804199425504,28.29285345901735,0.01462500001071021,,,,,,,,1.5426523750065826,0.2630349589744583,30.418107000004966,,,inc0019_hybrid_screen_PHI_D32_L120_seed0_20260305_191453,master,,
2026-03-06T11:59:32,True,,1.0,inc0019_hybrid_screen_PHI_D32_L120_seed1_20260305_191700.log,1,,,,phase4d_adaptive,"0,1","0,2,4,6","1,3",0.0,radial,10,0,1,0,32,4,0.0,120,0.004002556429629113,0.003924749147513004,,0.9760294383324005,0.9717050770393698,0.0006666666666666666,21,35,6,6,,,,,,,,,,,,,,,,0.25685387500561774,25.24804375000531,0.013568750000558794,,,,,,,,2.1875214999890886,0.37434608303010464,28.150050124968402,,,inc0019_hybrid_screen_PHI_D32_L120_seed1_20260305_191700,master,,
2026-03-06T11:59:32,True,,1.0,inc0019_hybrid_screen_R0_seed0_20260305_191424.log,0,,,,kmeans,"0,1","0,2,4,6","1,3",0.0,radial,10,0,1,0,32,4,50.0,120,0.004024724848505551,0.0039452531106827825,,0.9821714692689185,0.978659464609418,0.0,8,14,6,6,,,,,,,,,,,,,,,,0.3094099579611793,27.100838917016517,0.009576415992341936,,,,,,,,0.3605915409862064,0.4038635830511339,28.33184529200662,,,inc0019_hybrid_screen_R0_seed0_20260305_191424,master,,
2026-03-06T11:59:32,True,,1.0,inc0019_hybrid_screen_R0_seed1_20260305_191633.log,1,,,,kmeans,"0,1","0,2,4,6","1,3",0.0,radial,10,0,1,0,32,4,50.0,120,0.004000403065727412,0.003944766806559406,,0.980845719281152,0.9791091782314787,0.0,8,14,6,6,,,,,,,,,,,,,,,,0.2518514999537729,26.050583500007633,0.014118999999482185,,,,,,,,0.3408960410160944,0.3670836249948479,27.149052917025983,,,inc0019_hybrid_screen_R0_seed1_20260305_191633,master,,
2026-03-06T11:59:32,True,,1.0,inc0020_hybrid_rescue_confirm_HYB4_M2_T005_C005_seed0_20260305_195639.log,0,,,,phase4d_complex_local,"0,1","0,2,4,6","1,3",0.0,radial,10,0,1,0,32,4,0.0,120,0.004005647189222809,0.0039316479511270624,,0.9734980258413176,0.9683293196149801,0.0024,42,72,8,8,,,,,,,,,,,,,,,,0.23749791702721268,43.87831383297453,0.027808374958112836,,,,,,,,3.909981125034392,0.5590602500014938,48.74744237505365,,,inc0020_hybrid_rescue_confirm_HYB4_M2_T005_C005_seed0_20260305_195639,master,,
2026-03-06T11:59:32,True,,1.0,inc0020_hybrid_rescue_confirm_HYB4_M2_T005_C005_seed1_20260305_195942.log,1,,,,phase4d_complex_local,"0,1","0,2,4,6","1,3",0.0,radial,10,0,1,0,32,4,0.0,120,0.0040159739534284524,0.003921851462023673,,0.9758786400581952,0.9691614010233472,0.004,42,68,10,10,,,,,,,,,,,,,,,,0.23455050005577505,40.61067316698609,0.039198415994178504,,,,,,,,3.656494292023126,0.7282865410088561,45.392342040955555,,,inc0020_hybrid_rescue_confirm_HYB4_M2_T005_C005_seed1_20260305_195942,master,,
2026-03-06T11:59:32,True,,1.0,inc0020_hybrid_rescue_confirm_HYB4_M2_T005_C005_seed2_20260305_200240.log,2,,,,phase4d_complex_local,"0,1","0,2,4,6","1,3",0.0,radial,10,0,1,0,32,4,0.0,120,0.003994416705046137,0.003922255630340309,,0.9760604159340839,0.9698370637717538,0.0008,37,56,7,7,,,,,,,,,,,,,,,,0.23097866598982364,40.445649667002726,0.035401833010837436,,,,,,,,3.790683374973014,0.5436201670090668,45.17449479101924,,,inc0020_hybrid_rescue_confirm_HYB4_M2_T005_C005_seed2_20260305_200240,master,,
2026-03-06T11:59:32,True,,1.0,inc0020_hybrid_rescue_confirm_HYB4_M2_T005_C005_seed3_20260305_200536.log,3,,,,phase4d_complex_local,"0,1","0,2,4,6","1,3",0.0,radial,10,0,1,0,32,4,0.0,120,0.003997362594657301,0.003916576489410903,,0.9746884909470429,0.9691971927258807,0.0008,39,66,11,11,,,,,,,,,,,,,,,,0.2712766660260968,40.37622191599803,0.035201708029489964,,,,,,,,3.260837374953553,0.8451327499933541,44.93482712499099,,,inc0020_hybrid_rescue_confirm_HYB4_M2_T005_C005_seed3_20260305_200536,master,,
2026-03-06T11:59:32,True,,1.0,inc0020_hybrid_rescue_confirm_HYB4_M2_T010_C005_seed0_20260305_195551.log,0,,,,phase4d_complex_local,"0,1","0,2,4,6","1,3",0.0,radial,10,0,1,0,32,4,0.0,120,0.004005647189222809,0.0039316479511270624,,0.9734980258413176,0.9683293196149801,0.0024,42,72,8,8,,,,,,,,,,,,,,,,0.23458095802925527,43.10396833298728,0.05181212502066046,,,,,,,,3.6193965839920565,0.5783273340202868,47.74141875002533,,,inc0020_hybrid_rescue_confirm_HYB4_M2_T010_C005_seed0_20260305_195551,master,,
2026-03-06T11:59:32,True,,1.0,inc0020_hybrid_rescue_confirm_HYB4_M2_T010_C005_seed1_20260305_195854.log,1,,,,phase4d_complex_local,"0,1","0,2,4,6","1,3",0.0,radial,10,0,1,0,32,4,0.0,120,0.003991744414215674,0.003918753446037383,,0.9760305764489107,0.9715916566746778,0.0016,36,62,8,8,,,,,,,,,,,,,,,,0.23300279199611396,42.48537225002656,0.04880166699877009,,,,,,,,4.271775249973871,0.7079421670059673,47.88147579197539,,,inc0020_hybrid_rescue_confirm_HYB4_M2_T010_C005_seed1_20260305_195854,master,,
2026-03-06T11:59:32,True,,1.0,inc0020_hybrid_rescue_confirm_HYB4_M2_T010_C005_seed2_20260305_200155.log,2,,,,phase4d_complex_local,"0,1","0,2,4,6","1,3",0.0,radial,10,0,1,0,32,4,0.0,120,0.004011824336031194,0.003914090019680233,,0.9744904074440194,0.9689624708360025,0.0,38,63,10,10,,,,,,,,,,,,,,,,0.2263502079877071,39.75622587505495,0.03468154201982543,,,,,,,,3.7444969170028344,0.7894796659820713,44.69822329195449,,,inc0020_hybrid_rescue_confirm_HYB4_M2_T010_C005_seed2_20260305_200155,master,,
2026-03-06T11:59:32,True,,1.0,inc0020_hybrid_rescue_confirm_HYB4_M2_T010_C005_seed3_20260305_200451.log,3,,,,phase4d_complex_local,"0,1","0,2,4,6","1,3",0.0,radial,10,0,1,0,32,4,0.0,120,0.003997362594657301,0.003916576489410903,,0.9746884909470429,0.9691971927258807,0.0008,39,66,11,11,,,,,,,,,,,,,,,,0.24876570800552145,39.49229237501277,0.0361087920027785,,,,,,,,3.443030083028134,0.7948591249878518,44.14154270896688,,,inc0020_hybrid_rescue_confirm_HYB4_M2_T010_C005_seed3_20260305_200451,master,,
2026-03-06T11:59:32,True,,1.0,inc0020_hybrid_rescue_confirm_PHI_D32_L120_seed0_20260305_195504.log,0,,,,phase4d_adaptive,"0,1","0,2,4,6","1,3",0.0,radial,10,0,1,0,32,4,0.0,120,0.003988249327925109,0.003959162701846659,,0.9796975434690246,0.9773538504767841,0.0,20,31,4,4,,,,,,,,,,,,,,,,0.25690300000132993,40.5094710830017,0.06403679098002613,,,,,,,,5.367457499960437,0.387040417001117,46.73850645899074,,,inc0020_hybrid_rescue_confirm_PHI_D32_L120_seed0_20260305_195504,master,,
2026-03-06T11:59:32,True,,1.0,inc0020_hybrid_rescue_confirm_PHI_D32_L120_seed1_20260305_195807.log,1,,,,phase4d_adaptive,"0,1","0,2,4,6","1,3",0.0,radial,10,0,1,0,32,4,0.0,120,0.004013780247964354,0.0039494374937355005,,0.9682617611730977,0.9567328299031668,0.0,68,111,9,9,,,,,,,,,,,,,,,,0.23123554198537022,42.74430125002982,0.02420383400749415,,,,,,,,2.693234916019719,0.6399439590168186,46.46047183300834,,,inc0020_hybrid_rescue_confirm_PHI_D32_L120_seed1_20260305_195807,master,,
2026-03-06T11:59:32,True,,1.0,inc0020_hybrid_rescue_confirm_PHI_D32_L120_seed2_20260305_200111.log,2,,,,phase4d_adaptive,"0,1","0,2,4,6","1,3",0.0,radial,10,0,1,0,32,4,0.0,120,0.0040223386085008386,0.003904701200049179,,0.9794730710540968,0.9761665765804708,0.0,20,33,7,7,,,,,,,,,,,,,,,,0.2357301670126617,40.03543933300534,0.0506891249679029,,,,,,,,2.231551250035409,0.6015437500318512,43.282059417048,,,inc0020_hybrid_rescue_confirm_PHI_D32_L120_seed2_20260305_200111,master,,
2026-03-06T11:59:32,True,,1.0,inc0020_hybrid_rescue_confirm_PHI_D32_L120_seed3_20260305_200407.log,3,,,,phase4d_adaptive,"0,1","0,2,4,6","1,3",0.0,radial,10,0,1,0,32,4,0.0,120,0.003996666305465432,0.003935156800784895,,0.9680972308904975,0.9565582919538389,0.008,69,113,6,6,,,,,,,,,,,,,,,,0.2206520409672521,39.89191879204009,0.032799124950543046,,,,,,,,2.920927625033073,0.46183154097525403,43.6690096250386,,,inc0020_hybrid_rescue_confirm_PHI_D32_L120_seed3_20260305_200407,master,,
2026-03-06T11:59:32,True,,1.0,inc0020_hybrid_rescue_confirm_R0_seed0_20260305_195414.log,0,,,,kmeans,"0,1","0,2,4,6","1,3",0.0,radial,10,0,1,0,32,4,50.0,120,0.004012129030442227,0.003909330385621023,,0.982054408742315,0.9811308878490524,0.0,8,19,11,11,,,,,,,,,,,,,,,,0.31780441699083894,45.263641457946505,0.0637437499826774,,,,,,,,1.9529763750033453,0.8531174589879811,48.98552895797184,,,inc0020_hybrid_rescue_confirm_R0_seed0_20260305_195414,master,,
2026-03-06T11:59:32,True,,1.0,inc0020_hybrid_rescue_confirm_R0_seed1_20260305_195728.log,1,,,,kmeans,"0,1","0,2,4,6","1,3",0.0,radial,10,0,1,0,32,4,50.0,120,0.003999402229590503,0.003913185231546915,,0.9822522234769407,0.9809092694287701,0.0,8,18,10,10,,,,,,,,,,,,,,,,0.2376812919974327,37.08842949999962,0.03512150002643466,,,,,,,,0.927842499979306,0.6710825419868343,39.168847332999576,,,inc0020_hybrid_rescue_confirm_R0_seed1_20260305_195728,master,,
2026-03-06T11:59:32,True,,1.0,inc0020_hybrid_rescue_confirm_R0_seed2_20260305_200028.log,2,,,,kmeans,"0,1","0,2,4,6","1,3",0.0,radial,10,0,1,0,32,4,50.0,120,0.004017842416056357,0.0039034650868993567,,0.9814376243505974,0.979800795415951,0.0,8,24,16,16,,,,,,,,,,,,,,,,0.2305314159602858,41.11401650001062,0.02893237501848489,,,,,,,,0.6561879999935627,1.0104449590435252,43.30359650001628,,,inc0020_hybrid_rescue_confirm_R0_seed2_20260305_200028,master,,
2026-03-06T11:59:32,True,,1.0,inc0020_hybrid_rescue_confirm_R0_seed3_20260305_200325.log,3,,,,kmeans,"0,1","0,2,4,6","1,3",0.0,radial,10,0,1,0,32,4,50.0,120,0.00401956369563352,0.003905572486022944,,0.9812665134594432,0.9803143880370472,0.0,8,20,12,12,,,,,,,,,,,,,,,,0.22159716696478426,39.830862542032264,0.03356679197167978,,,,,,,,0.7160132920253091,0.8132446669624187,41.856568832998164,,,inc0020_hybrid_rescue_confirm_R0_seed3_20260305_200325,master,,
2026-03-06T11:59:32,True,,1.0,inc0020_hybrid_rescue_screen_HYB2_M2_T010_C005_seed0_20260305_194928.log,0,,,,phase4d_complex_local,"0,1","0,2,4,6","1,3",0.0,radial,10,0,1,0,32,4,0.0,120,0.00398839050114339,0.003951124427658861,,0.9501239861431726,0.9312134393823738,0.007333333333333333,81,162,5,5,,,,,,,,,,,,,,,,0.24065508402418345,27.279145041015,0.01982487499481067,,,,,,,,2.9770239170175046,0.3354865000001155,30.935810083989054,,,inc0020_hybrid_rescue_screen_HYB2_M2_T010_C005_seed0_20260305_194928,master,,
2026-03-06T11:59:32,True,,1.0,inc0020_hybrid_rescue_screen_HYB2_M2_T010_C005_seed1_20260305_195155.log,1,,,,phase4d_complex_local,"0,1","0,2,4,6","1,3",0.0,radial,10,0,1,0,32,4,0.0,120,0.003990481942209083,0.003964360141255623,,0.9520831852480834,0.9276026916671666,0.008,88,144,3,3,,,,,,,,,,,,,,,,0.3075483330176212,28.667833500017878,0.01625220902496949,,,,,,,,2.244945459009614,0.21483891701791435,31.546323749993462,,,inc0020_hybrid_rescue_screen_HYB2_M2_T010_C005_seed1_20260305_195155,master,,
2026-03-06T11:59:32,True,,1.0,inc0020_hybrid_rescue_screen_HYB4_M2_T005_C005_seed0_20260305_195029.log,0,,,,phase4d_complex_local,"0,1","0,2,4,6","1,3",0.0,radial,10,0,1,0,32,4,0.0,120,0.003985929465854915,0.003959731887617276,,0.9663535043967025,0.9577977862157585,0.0013333333333333333,41,73,2,2,,,,,,,,,,,,,,,,0.23884225002257153,27.337000250001438,0.02054637501714751,,,,,,,,2.1281830420484766,0.1949878329760395,29.98434766603168,,,inc0020_hybrid_rescue_screen_HYB4_M2_T005_C005_seed0_20260305_195029,master,,
2026-03-06T11:59:32,True,,1.0,inc0020_hybrid_rescue_screen_HYB4_M2_T005_C005_seed1_20260305_195257.log,1,,,,phase4d_complex_local,"0,1","0,2,4,6","1,3",0.0,radial,10,0,1,0,32,4,0.0,120,0.004006686476446925,0.003937448938198793,,0.9712399609870389,0.9670354941613186,0.0,29,58,7,7,,,,,,,,,,,,,,,,0.23237316601444036,24.989561667025555,0.021727124985773116,,,,,,,,4.011064874997828,0.40246195800136775,29.72957258304814,,,inc0020_hybrid_rescue_screen_HYB4_M2_T005_C005_seed1_20260305_195257,master,,
2026-03-06T11:59:32,True,,1.0,inc0020_hybrid_rescue_screen_HYB4_M2_T010_C005_seed0_20260305_194959.log,0,,,,phase4d_complex_local,"0,1","0,2,4,6","1,3",0.0,radial,10,0,1,0,32,4,0.0,120,0.003987236779780355,0.003935551230898867,,0.9709727167357188,0.9628284140997864,0.0013333333333333333,34,57,4,4,,,,,,,,,,,,,,,,0.2400659589911811,26.476991541974712,0.014881790964864194,,,,,,,,2.105574249988422,0.29919333301950246,29.21471841604216,,,inc0020_hybrid_rescue_screen_HYB4_M2_T010_C005_seed0_20260305_194959,master,,
2026-03-06T11:59:32,True,,1.0,inc0020_hybrid_rescue_screen_HYB4_M2_T010_C005_seed1_20260305_195227.log,1,,,,phase4d_complex_local,"0,1","0,2,4,6","1,3",0.0,radial,10,0,1,0,32,4,0.0,120,0.004006686476446925,0.003937448938198793,,0.9712399609870389,0.9670354941613186,0.0,29,58,7,7,,,,,,,,,,,,,,,,0.24011158297071233,27.0159996249713,0.05019358400022611,,,,,,,,2.132105666969437,0.3779691669624299,29.90889470797265,,,inc0020_hybrid_rescue_screen_HYB4_M2_T010_C005_seed1_20260305_195227,master,,
2026-03-06T11:59:32,True,,1.0,inc0020_hybrid_rescue_screen_PHI_D32_L120_seed0_20260305_194856.log,0,,,,phase4d_adaptive,"0,1","0,2,4,6","1,3",0.0,radial,10,0,1,0,32,4,0.0,120,0.0040011856959355965,0.003950817043179613,,0.9698587250741696,0.9611779730823146,0.0,34,57,3,3,,,,,,,,,,,,,,,,0.24424541695043445,27.779041791975033,0.012758833006955683,,,,,,,,3.515909083012957,0.2580940829939209,31.930161875032354,,,inc0020_hybrid_rescue_screen_PHI_D32_L120_seed0_20260305_194856,master,,
2026-03-06T11:59:32,True,,1.0,inc0020_hybrid_rescue_screen_PHI_D32_L120_seed1_20260305_195127.log,1,,,,phase4d_adaptive,"0,1","0,2,4,6","1,3",0.0,radial,10,0,1,0,32,4,0.0,120,0.004002556429629113,0.003924749147513004,,0.9760294383324005,0.9717050770393698,0.0006666666666666666,21,35,6,6,,,,,,,,,,,,,,,,0.2372528340201825,26.123271999997087,0.010453249968122691,,,,,,,,1.1919667919864878,0.36170466599287465,27.992918249976356,,,inc0020_hybrid_rescue_screen_PHI_D32_L120_seed1_20260305_195127,master,,
2026-03-06T11:59:32,True,,1.0,inc0020_hybrid_rescue_screen_R0_seed0_20260305_194824.log,0,,,,kmeans,"0,1","0,2,4,6","1,3",0.0,radial,10,0,1,0,32,4,50.0,120,0.004024724848505551,0.0039452531106827825,,0.9821714692689185,0.978659464609418,0.0,8,14,6,6,,,,,,,,,,,,,,,,0.2974331669975072,29.366933707962744,0.047752957965712994,,,,,,,,1.154789833992254,0.3948485830333084,31.540762915974483,,,inc0020_hybrid_rescue_screen_R0_seed0_20260305_194824,master,,
2026-03-06T11:59:32,True,,1.0,inc0020_hybrid_rescue_screen_R0_seed1_20260305_195059.log,1,,,,kmeans,"0,1","0,2,4,6","1,3",0.0,radial,10,0,1,0,32,4,50.0,120,0.004000403065727412,0.003944766806559406,,0.980845719281152,0.9791091782314787,0.0,8,14,6,6,,,,,,,,,,,,,,,,0.24283670802833512,26.408077875035815,0.027805040997918695,,,,,,,,0.4376987499999814,0.3636726249824278,27.603525542013813,,,inc0020_hybrid_rescue_screen_R0_seed1_20260305_195059,master,,
2026-03-06T11:59:32,True,,1.0,inc0021_phi_ladder_screen_LADDER_D32_L045_seed0_20260305_202149.log,0,,,,phase4d_adaptive,"0,1","0,2,4,6","1,3",0.0,radial,10,0,1,0,32,4,0.0,120,0.00400811662045844,0.003924932516977668,,0.9729953547632751,0.9679160719139772,0.0004,44,78,8,8,,,,,,,,,,,,,,,,0.25568275002297014,47.30994641705183,0.046074000012595206,,,,,,,,2.429392750025727,0.593607582966797,50.774051457992755,,,inc0021_phi_ladder_screen_LADDER_D32_L045_seed0_20260305_202149,master,,
2026-03-06T11:59:32,True,,1.0,inc0021_phi_ladder_screen_LADDER_D32_L045_seed1_20260305_202601.log,1,,,,phase4d_adaptive,"0,1","0,2,4,6","1,3",0.0,radial,10,0,1,0,32,4,0.0,120,0.0040130618815864645,0.003951646344273886,,0.9637624433184993,0.9494553532434648,0.0028,85,145,8,8,,,,,,,,,,,,,,,,0.24618916702456772,45.86266300000716,0.04281804198399186,,,,,,,,3.3563547079684213,0.5787587920203805,50.21191491698846,,,inc0021_phi_ladder_screen_LADDER_D32_L045_seed1_20260305_202601,master,,
2026-03-06T11:59:32,True,,1.0,inc0021_phi_ladder_screen_LADDER_D32_L055_seed0_20260305_202240.log,0,,,,phase4d_adaptive,"0,1","0,2,4,6","1,3",0.0,radial,10,0,1,0,32,4,0.0,120,0.004000496395546598,0.003923354441405496,,0.9732499646726306,0.9695752827493479,0.0,39,68,5,5,,,,,,,,,,,,,,,,0.23546162497950718,43.15215362497838,0.03781645797425881,,,,,,,,2.9557640419807285,0.5317854169989005,47.031785542028956,,,inc0021_phi_ladder_screen_LADDER_D32_L055_seed0_20260305_202240,master,,
2026-03-06T11:59:32,True,,1.0,inc0021_phi_ladder_screen_LADDER_D32_L055_seed1_20260305_202651.log,1,,,,phase4d_adaptive,"0,1","0,2,4,6","1,3",0.0,radial,10,0,1,0,32,4,0.0,120,0.003997949439921553,0.003943600723964127,,0.9657449545314782,0.9516276653761153,0.0068,81,133,8,8,,,,,,,,,,,,,,,,0.2741621659952216,47.06261129199993,0.0773376669967547,,,,,,,,5.944401125016157,0.6115995830041356,54.15155195799889,,,inc0021_phi_ladder_screen_LADDER_D32_L055_seed1_20260305_202651,master,,
2026-03-06T11:59:32,True,,1.0,inc0021_phi_ladder_screen_LADDER_D32_L065_seed0_20260305_202327.log,0,,,,phase4d_adaptive,"0,1","0,2,4,6","1,3",0.0,radial,10,0,1,0,32,4,0.0,120,0.003989198207389111,0.0039310813753844955,,0.979837648511971,0.9783312829817192,0.0,18,32,6,6,,,,,,,,,,,,,,,,0.238751458004117,43.60365775000537,0.032926874991972,,,,,,,,3.0021029580384493,0.5186036659870297,47.52519866701914,,,inc0021_phi_ladder_screen_LADDER_D32_L065_seed0_20260305_202327,master,,
2026-03-06T11:59:32,True,,1.0,inc0021_phi_ladder_screen_LADDER_D32_L065_seed1_20260305_202746.log,1,,,,phase4d_adaptive,"0,1","0,2,4,6","1,3",0.0,radial,10,0,1,0,32,4,0.0,120,0.00401047307070148,0.003952764187018145,,0.9674717116224574,0.9569397312519704,0.0016,69,116,8,8,,,,,,,,,,,,,,,,0.24319983302848414,43.24068233300932,0.060391874983906746,,,,,,,,3.0241529580089264,0.582952041993849,47.28885958302999,,,inc0021_phi_ladder_screen_LADDER_D32_L065_seed1_20260305_202746,master,,
2026-03-06T11:59:32,True,,1.0,inc0021_phi_ladder_screen_PHI_D32_L120_seed0_20260305_202034.log,0,,,,phase4d_adaptive,"0,1","0,2,4,6","1,3",0.0,radial,10,0,1,0,32,4,0.0,120,0.003988249327925109,0.003959162701846659,,0.9796975434690246,0.9773538504767841,0.0,20,31,4,4,,,,,,,,,,,,,,,,0.22466979100136086,69.69281512498856,0.04386516602244228,,,,,,,,3.85881333402358,0.39810966700315475,74.33509191597113,,,inc0021_phi_ladder_screen_PHI_D32_L120_seed0_20260305_202034,master,,
2026-03-06T11:59:32,True,,1.0,inc0021_phi_ladder_screen_PHI_D32_L120_seed1_20260305_202457.log,1,,,,phase4d_adaptive,"0,1","0,2,4,6","1,3",0.0,radial,10,0,1,0,32,4,0.0,120,0.004013780247964354,0.0039494374937355005,,0.9682617611730977,0.9567328299031668,0.0,68,111,9,9,,,,,,,,,,,,,,,,0.23732983303489164,57.85552570800064,0.053319625032600015,,,,,,,,4.499228874978144,0.6350102089927532,63.42595129198162,,,inc0021_phi_ladder_screen_PHI_D32_L120_seed1_20260305_202457,master,,
2026-03-06T11:59:32,True,,1.0,inc0021_phi_ladder_screen_R0_seed0_20260305_201951.log,0,,,,kmeans,"0,1","0,2,4,6","1,3",0.0,radial,10,0,1,0,32,4,50.0,120,0.004012129030442227,0.003909330385621023,,0.982054408742315,0.9811308878490524,0.0,8,19,11,11,,,,,,,,,,,,,,,,0.2237311250064522,40.18470849998994,0.03535645897500217,,,,,,,,1.324912166048307,0.8333342910045758,42.86359937500674,,,inc0021_phi_ladder_screen_R0_seed0_20260305_201951,master,,
2026-03-06T11:59:32,True,,1.0,inc0021_phi_ladder_screen_R0_seed1_20260305_202415.log,1,,,,kmeans,"0,1","0,2,4,6","1,3",0.0,radial,10,0,1,0,32,4,50.0,120,0.003999402229590503,0.003913185231546915,,0.9822522234769407,0.9809092694287701,0.0,8,18,10,10,,,,,,,,,,,,,,,,0.23343449999811128,40.03355058300076,0.02526987495366484,,,,,,,,0.9415167500264943,0.6543545000022277,42.22120241599623,,,inc0021_phi_ladder_screen_R0_seed1_20260305_202415,master,,
2026-03-06T11:59:32,True,,1.0,inc0022_phi_log_confirm_LINEAR_D32_L065_seed0_20260305_205654.log,0,,,,phase4d_adaptive,"0,1","0,2,4,6","1,3",0.0,radial,10,0,1,0,32,4,0.0,120,0.003989198207389111,0.0039310813753844955,,0.979837648511971,0.9783312829817192,0.0,18,32,6,6,,,,,,,,,,,,,,,,0.2568132500164211,42.12084058398614,0.03305362502578646,,,,,,,,2.3444590420112945,0.5405712089850567,45.428834291000385,,,inc0022_phi_log_confirm_LINEAR_D32_L065_seed0_20260305_205654,master,,
2026-03-06T11:59:32,True,,1.0,inc0022_phi_log_confirm_LINEAR_D32_L065_seed1_20260305_205929.log,1,,,,phase4d_adaptive,"0,1","0,2,4,6","1,3",0.0,radial,10,0,1,0,32,4,0.0,120,0.00401047307070148,0.003952764187018145,,0.9674717116224574,0.9569397312519704,0.0016,69,116,8,8,,,,,,,,,,,,,,,,0.23223083402263,44.4025592909893,0.03461887501180172,,,,,,,,7.968031958967913,0.6125639170059003,53.398444332997315,,,inc0022_phi_log_confirm_LINEAR_D32_L065_seed1_20260305_205929,master,,
2026-03-06T11:59:32,True,,1.0,inc0022_phi_log_confirm_LINEAR_D32_L065_seed2_20260305_210201.log,2,,,,phase4d_adaptive,"0,1","0,2,4,6","1,3",0.0,radial,10,0,1,0,32,4,0.0,120,0.004008034550522583,0.00391092308699246,,0.9789752432037371,0.9741823603459756,0.0008,24,42,10,10,,,,,,,,,,,,,,,,0.22241179103730246,57.73527358297724,0.043397000001277775,,,,,,,,3.872860958974343,0.7215147499809973,62.73252383299405,,,inc0022_phi_log_confirm_LINEAR_D32_L065_seed2_20260305_210201,master,,
2026-03-06T11:59:32,True,,1.0,inc0022_phi_log_confirm_LINEAR_D32_L065_seed3_20260305_210443.log,3,,,,phase4d_adaptive,"0,1","0,2,4,6","1,3",0.0,radial,10,0,1,0,32,4,0.0,120,0.003979862631901197,0.003904336809780014,,0.9793414004141033,0.9772539193895807,0.0,18,36,10,10,,,,,,,,,,,,,,,,0.23327100003371015,42.870369207987096,0.029908791999332607,,,,,,,,2.566183250048198,0.7177703329944052,46.56872066599317,,,inc0022_phi_log_confirm_LINEAR_D32_L065_seed3_20260305_210443,master,,
2026-03-06T11:59:32,True,,1.0,inc0022_phi_log_confirm_PHILOG_D36_L065_seed0_20260305_205740.log,0,,,,phase4d_adaptive,"0,1","0,2,4,6","1,3",0.0,radial,10,0,1,0,32,4,0.0,120,0.003991583122930977,0.00389376149018629,,0.980777091202688,0.9782036274558213,0.0,20,38,10,10,,,,,,,,,,,,,,,,0.2348270420334302,53.40902279200964,0.04534587496891618,,,,,,,,4.85714525001822,0.7225018750177696,59.42093904101057,,,inc0022_phi_log_confirm_PHILOG_D36_L065_seed0_20260305_205740,master,,
2026-03-06T11:59:32,True,,1.0,inc0022_phi_log_confirm_PHILOG_D36_L065_seed1_20260305_210023.log,1,,,,phase4d_adaptive,"0,1","0,2,4,6","1,3",0.0,radial,10,0,1,0,32,4,0.0,120,0.004011179126561403,0.003911192029051833,,0.979450514172299,0.9747963283214003,0.0,26,42,7,7,,,,,,,,,,,,,,,,0.2788429170032032,43.9506047500181,0.042157000047154725,,,,,,,,2.8909526669885963,0.5788281669956632,47.886833790980745,,,inc0022_phi_log_confirm_PHILOG_D36_L065_seed1_20260305_210023,master,,
2026-03-06T11:59:32,True,,1.0,inc0022_phi_log_confirm_PHILOG_D36_L065_seed2_20260305_210304.log,2,,,,phase4d_adaptive,"0,1","0,2,4,6","1,3",0.0,radial,10,0,1,0,32,4,0.0,120,0.003999428150300841,0.003898729934305543,,0.9795401486331775,0.9753390212074577,0.0,24,43,8,8,,,,,,,,,,,,,,,,0.25137458299286664,46.43099899997469,0.056667583994567394,,,,,,,,3.1234866669983603,0.6307238749577664,50.62200295901857,,,inc0022_phi_log_confirm_PHILOG_D36_L065_seed2_20260305_210304,master,,
2026-03-06T11:59:32,True,,1.0,inc0022_phi_log_confirm_PHILOG_D36_L065_seed3_20260305_210530.log,3,,,,phase4d_adaptive,"0,1","0,2,4,6","1,3",0.0,radial,10,0,1,0,32,4,0.0,120,0.003995851201089058,0.0039015536742385633,,0.9783183190607632,0.976264953162997,0.0004,27,45,9,9,,,,,,,,,,,,,,,,0.25011604197788984,40.388406249985565,0.02985524997347966,,,,,,,,2.8393101659603417,0.6607067079748958,44.33421100000851,,,inc0022_phi_log_confirm_PHILOG_D36_L065_seed3_20260305_210530,master,,
2026-03-06T11:59:32,True,,1.0,inc0022_phi_log_confirm_R0_seed0_20260305_205610.log,0,,,,kmeans,"0,1","0,2,4,6","1,3",0.0,radial,10,0,1,0,32,4,50.0,120,0.004012129030442227,0.003909330385621023,,0.982054408742315,0.9811308878490524,0.0,8,19,11,11,,,,,,,,,,,,,,,,0.23762645799433812,38.84852487500757,0.03013912501046434,,,,,,,,3.8425429579801857,0.7863523329724558,44.00588516704738,,,inc0022_phi_log_confirm_R0_seed0_20260305_205610,master,,
2026-03-06T11:59:32,True,,1.0,inc0022_phi_log_confirm_R0_seed1_20260305_205839.log,1,,,,kmeans,"0,1","0,2,4,6","1,3",0.0,radial,10,0,1,0,32,4,50.0,120,0.003999402229590503,0.003913185231546915,,0.9822522234769407,0.9809092694287701,0.0,8,18,10,10,,,,,,,,,,,,,,,,0.24071270803688094,47.375943000020925,0.026239082973916084,,,,,,,,0.6210387920145877,0.6559390830225311,49.18215291603701,,,inc0022_phi_log_confirm_R0_seed1_20260305_205839,master,,
2026-03-06T11:59:32,True,,1.0,inc0022_phi_log_confirm_R0_seed2_20260305_210111.log,2,,,,kmeans,"0,1","0,2,4,6","1,3",0.0,radial,10,0,1,0,32,4,50.0,120,0.004017842416056357,0.0039034650868993567,,0.9814376243505974,0.979800795415951,0.0,8,24,16,16,,,,,,,,,,,,,,,,0.20429787499597296,47.353416999976616,0.06929712498094887,,,,,,,,0.7003976669511758,1.0226079590502195,49.69061487499857,,,inc0022_phi_log_confirm_R0_seed2_20260305_210111,master,,
2026-03-06T11:59:32,True,,1.0,inc0022_phi_log_confirm_R0_seed3_20260305_210355.log,3,,,,kmeans,"0,1","0,2,4,6","1,3",0.0,radial,10,0,1,0,32,4,50.0,120,0.00401956369563352,0.003905572486022944,,0.9812665134594432,0.9803143880370472,0.0,8,20,12,12,,,,,,,,,,,,,,,,0.23379274999024346,45.551452709012665,0.0515378339914605,,,,,,,,1.1144721659948118,0.8510929580079392,48.12414766702568,,,inc0022_phi_log_confirm_R0_seed3_20260305_210355,master,,
2026-03-06T11:59:32,True,,1.0,inc0022_phi_log_screen_LINEAR_D32_L065_seed0_20260305_204902.log,0,,,,phase4d_adaptive,"0,1","0,2,4,6","1,3",0.0,radial,10,0,1,0,32,4,0.0,120,0.003989198207389111,0.0039310813753844955,,0.979837648511971,0.9783312829817192,0.0,18,32,6,6,,,,,,,,,,,,,,,,0.21034662501187995,57.77022029203363,0.035614042019005865,,,,,,,,3.008078958024271,0.5724704999593087,61.722574208979495,,,inc0022_phi_log_screen_LINEAR_D32_L065_seed0_20260305_204902,master,,
2026-03-06T11:59:32,True,,1.0,inc0022_phi_log_screen_LINEAR_D32_L065_seed1_20260305_205246.log,1,,,,phase4d_adaptive,"0,1","0,2,4,6","1,3",0.0,radial,10,0,1,0,32,4,0.0,120,0.00401047307070148,0.003952764187018145,,0.9674717116224574,0.9569397312519704,0.0016,69,116,8,8,,,,,,,,,,,,,,,,0.22344737499952316,45.81614341697423,0.037623707961756736,,,,,,,,3.0439961250522174,0.6038790000020526,49.861534417024814,,,inc0022_phi_log_screen_LINEAR_D32_L065_seed1_20260305_205246,master,,
2026-03-06T11:59:32,True,,1.0,inc0022_phi_log_screen_PHILOG_D32_L065_seed0_20260305_205004.log,0,,,,phase4d_adaptive,"0,1","0,2,4,6","1,3",0.0,radial,10,0,1,0,32,4,0.0,120,0.004003625997740592,0.00390935633664186,,0.979999212814746,0.9764545492226052,0.0004,24,42,8,8,,,,,,,,,,,,,,,,0.22813512501306832,44.1912930830149,0.03808362502604723,,,,,,,,2.68046725000022,0.5864988749963231,47.94647266698303,,,inc0022_phi_log_screen_PHILOG_D32_L065_seed0_20260305_205004,master,,
2026-03-06T11:59:32,True,,1.0,inc0022_phi_log_screen_PHILOG_D32_L065_seed1_20260305_205336.log,1,,,,phase4d_adaptive,"0,1","0,2,4,6","1,3",0.0,radial,10,0,1,0,32,4,0.0,120,0.003971540351272752,0.0038961011922223534,,0.9801209578928262,0.978210909098073,0.0,14,40,9,9,,,,,,,,,,,,,,,,0.24836712499381974,40.42716316698352,0.0324107080232352,,,,,,,,3.544991791015491,0.6152191250002943,44.992577166995034,,,inc0022_phi_log_screen_PHILOG_D32_L065_seed1_20260305_205336,master,,
2026-03-06T11:59:32,True,,1.0,inc0022_phi_log_screen_PHILOG_D36_L065_seed0_20260305_205052.log,0,,,,phase4d_adaptive,"0,1","0,2,4,6","1,3",0.0,radial,10,0,1,0,32,4,0.0,120,0.003991583122930977,0.00389376149018629,,0.980777091202688,0.9782036274558213,0.0,20,38,10,10,,,,,,,,,,,,,,,,0.23309708398301154,47.65524304099381,0.05090154201025143,,,,,,,,10.14347283396637,0.7117377499816939,58.96591454098234,,,inc0022_phi_log_screen_PHILOG_D36_L065_seed0_20260305_205052,master,,
2026-03-06T11:59:32,True,,1.0,inc0022_phi_log_screen_PHILOG_D36_L065_seed1_20260305_205421.log,1,,,,phase4d_adaptive,"0,1","0,2,4,6","1,3",0.0,radial,10,0,1,0,32,4,0.0,120,0.004011179126561403,0.003911192029051833,,0.979450514172299,0.9747963283214003,0.0,26,42,7,7,,,,,,,,,,,,,,,,0.25015470798825845,46.77209095901344,0.030382458004169166,,,,,,,,2.629051875032019,0.5793505000183359,50.370825082995,,,inc0022_phi_log_screen_PHILOG_D36_L065_seed1_20260305_205421,master,,
2026-03-06T11:59:32,True,,1.0,inc0022_phi_log_screen_R0_seed0_20260305_204808.log,0,,,,kmeans,"0,1","0,2,4,6","1,3",0.0,radial,10,0,1,0,32,4,50.0,120,0.004012129030442227,0.003909330385621023,,0.982054408742315,0.9811308878490524,0.0,8,19,11,11,,,,,,,,,,,,,,,,0.3379137910087593,50.099078292027116,0.022150999982841313,,,,,,,,1.2936825420474634,0.841099374985788,52.92376458301442,,,inc0022_phi_log_screen_R0_seed0_20260305_204808,master,,
2026-03-06T11:59:32,True,,1.0,inc0022_phi_log_screen_R0_seed1_20260305_205151.log,1,,,,kmeans,"0,1","0,2,4,6","1,3",0.0,radial,10,0,1,0,32,4,50.0,120,0.003999402229590503,0.003913185231546915,,0.9822522234769407,0.9809092694287701,0.0,8,18,10,10,,,,,,,,,,,,,,,,0.2411950839450583,51.57654158398509,0.027107125031761825,,,,,,,,1.6893219579942524,0.6712414579815231,54.60260174999712,,,inc0022_phi_log_screen_R0_seed1_20260305_205151,master,,
2026-03-06T11:59:32,True,,1.0,inc0023_phi3_budget_confirm_PHI3_K20_D36_L065_seed0_20260305_212724.log,0,,,,phase4d_adaptive,"0,1","0,2,4,6","1,3",0.0,radial,10,0,1,0,32,4,0.0,120,0.0039878270896819955,0.003883238169115241,,0.9813101674168178,0.9779889106298882,0.0004,18,32,7,7,,,,,,,,,,,,,,,,0.24613354197936133,41.93695437500719,0.06384270801208913,,,,,,,,3.1830996249918826,0.5961461249971762,46.209204874990974,,,inc0023_phi3_budget_confirm_PHI3_K20_D36_L065_seed0_20260305_212724,master,,
2026-03-06T11:59:32,True,,1.0,inc0023_phi3_budget_confirm_PHI3_K20_D36_L065_seed1_20260305_213005.log,1,,,,phase4d_adaptive,"0,1","0,2,4,6","1,3",0.0,radial,10,0,1,0,32,4,0.0,120,0.0039658014376171636,0.0039027270563615282,,0.9820301384669586,0.9801698336085607,0.0,17,22,2,2,,,,,,,,,,,,,,,,0.2902432499686256,56.72252362500876,0.04846374999033287,,,,,,,,4.030323791957926,0.34821187501074746,61.63174591696588,,,inc0023_phi3_budget_confirm_PHI3_K20_D36_L065_seed1_20260305_213005,master,,
2026-03-06T11:59:32,True,,1.0,inc0023_phi3_budget_confirm_PHI3_K20_D36_L065_seed2_20260305_213245.log,2,,,,phase4d_adaptive,"0,1","0,2,4,6","1,3",0.0,radial,10,0,1,0,32,4,0.0,120,0.003998499776983089,0.003890894224824747,,0.9815385234140324,0.9793965672835768,0.0,15,25,5,5,,,,,,,,,,,,,,,,0.23793816601391882,42.45366733404808,0.03809429198736325,,,,,,,,4.995827000006102,0.4897388750105165,48.33466133300681,,,inc0023_phi3_budget_confirm_PHI3_K20_D36_L065_seed2_20260305_213245,master,,
2026-03-06T11:59:32,True,,1.0,inc0023_phi3_budget_confirm_PHI3_K20_D36_L065_seed3_20260305_213508.log,3,,,,phase4d_adaptive,"0,1","0,2,4,6","1,3",0.0,radial,10,0,1,0,32,4,0.0,120,0.00400728425764766,0.003898410698366122,,0.9804403442464807,0.9767165695699134,0.0012,18,32,7,7,,,,,,,,,,,,,,,,0.2506277080392465,43.79864329198608,0.028669874998740852,,,,,,,,2.9498582080123015,0.6157652919646353,47.78504545899341,,,inc0023_phi3_budget_confirm_PHI3_K20_D36_L065_seed3_20260305_213508,master,,
2026-03-06T11:59:32,True,,1.0,inc0023_phi3_budget_confirm_PHI3_K25_D36_L065_seed0_20260305_212636.log,0,,,,phase4d_adaptive,"0,1","0,2,4,6","1,3",0.0,radial,10,0,1,0,32,4,0.0,120,0.003991583122930977,0.00389376149018629,,0.980777091202688,0.9782036274558213,0.0,20,38,10,10,,,,,,,,,,,,,,,,0.24536729202372953,44.46327941596974,0.03250112500973046,,,,,,,,2.5556415829923935,0.7395195419667289,48.169742416997906,,,inc0023_phi3_budget_confirm_PHI3_K25_D36_L065_seed0_20260305_212636,master,,
2026-03-06T11:59:32,True,,1.0,inc0023_phi3_budget_confirm_PHI3_K25_D36_L065_seed1_20260305_212914.log,1,,,,phase4d_adaptive,"0,1","0,2,4,6","1,3",0.0,radial,10,0,1,0,32,4,0.0,120,0.004011179126561403,0.003911192029051833,,0.979450514172299,0.9747963283214003,0.0,26,42,7,7,,,,,,,,,,,,,,,,0.21541124995565042,45.18150983302621,0.030914625036530197,,,,,,,,4.964481375005562,0.5820872089825571,51.111127334006596,,,inc0023_phi3_budget_confirm_PHI3_K25_D36_L065_seed1_20260305_212914,master,,
2026-03-06T11:59:32,True,,1.0,inc0023_phi3_budget_confirm_PHI3_K25_D36_L065_seed2_20260305_213156.log,2,,,,phase4d_adaptive,"0,1","0,2,4,6","1,3",0.0,radial,10,0,1,0,32,4,0.0,120,0.003999428150300841,0.003898729934305543,,0.9795401486331775,0.9753390212074577,0.0,24,43,8,8,,,,,,,,,,,,,,,,0.24941645795479417,43.532830958021805,0.03297804202884436,,,,,,,,3.5161160840070806,0.6110135419876315,48.06065541697899,,,inc0023_phi3_budget_confirm_PHI3_K25_D36_L065_seed2_20260305_213156,master,,
2026-03-06T11:59:32,True,,1.0,inc0023_phi3_budget_confirm_PHI3_K25_D36_L065_seed3_20260305_213422.log,3,,,,phase4d_adaptive,"0,1","0,2,4,6","1,3",0.0,radial,10,0,1,0,32,4,0.0,120,0.003995851201089058,0.0039015536742385633,,0.9783183190607632,0.976264953162997,0.0004,27,45,9,9,,,,,,,,,,,,,,,,0.23343858303269371,42.49431087495759,0.03739712497917935,,,,,,,,2.9506386250141077,0.667153500020504,46.5469122499926,,,inc0023_phi3_budget_confirm_PHI3_K25_D36_L065_seed3_20260305_213422,master,,
2026-03-06T11:59:32,True,,1.0,inc0023_phi3_budget_confirm_R0_seed0_20260305_212543.log,0,,,,kmeans,"0,1","0,2,4,6","1,3",0.0,radial,10,0,1,0,32,4,50.0,120,0.004012129030442227,0.003909330385621023,,0.982054408742315,0.9811308878490524,0.0,8,19,11,11,,,,,,,,,,,,,,,,0.32737262500450015,50.2377697500051,0.02530279103666544,,,,,,,,0.9539141670102254,0.7933817090233788,52.70211420796113,,,inc0023_phi3_budget_confirm_R0_seed0_20260305_212543,master,,
2026-03-06T11:59:32,True,,1.0,inc0023_phi3_budget_confirm_R0_seed1_20260305_212810.log,1,,,,kmeans,"0,1","0,2,4,6","1,3",0.0,radial,10,0,1,0,32,4,50.0,120,0.003999402229590503,0.003913185231546915,,0.9822522234769407,0.9809092694287701,0.0,8,18,10,10,,,,,,,,,,,,,,,,0.23380545899271965,58.109755749988835,0.08620495797367766,,,,,,,,3.2434918750077486,0.7274614579509944,62.86290550004924,,,inc0023_phi3_budget_confirm_R0_seed1_20260305_212810,master,,
2026-03-06T11:59:32,True,,1.0,inc0023_phi3_budget_confirm_R0_seed2_20260305_213107.log,2,,,,kmeans,"0,1","0,2,4,6","1,3",0.0,radial,10,0,1,0,32,4,50.0,120,0.004017842416056357,0.0039034650868993567,,0.9814376243505974,0.979800795415951,0.0,8,24,16,16,,,,,,,,,,,,,,,,0.2610717079951428,46.262414833006915,0.05305908399168402,,,,,,,,0.9143260829732753,0.9924512919969857,48.78870704199653,,,inc0023_phi3_budget_confirm_R0_seed2_20260305_213107,master,,
2026-03-06T11:59:32,True,,1.0,inc0023_phi3_budget_confirm_R0_seed3_20260305_213333.log,3,,,,kmeans,"0,1","0,2,4,6","1,3",0.0,radial,10,0,1,0,32,4,50.0,120,0.00401956369563352,0.003905572486022944,,0.9812665134594432,0.9803143880370472,0.0,8,20,12,12,,,,,,,,,,,,,,,,0.25097416603239253,44.0091632080148,0.04004116600845009,,,,,,,,2.7203290830366313,0.8534334159921855,48.26325120800175,,,inc0023_phi3_budget_confirm_R0_seed3_20260305_213333,master,,
2026-03-06T11:59:32,True,,1.0,inc0023_phi3_budget_screen_PHI3_K16_B2_D36_L065_seed0_20260305_211940.log,0,,,,phase4d_adaptive,"0,1","0,2,4,6","1,3",0.0,radial,10,0,1,0,32,4,0.0,120,0.00398788034786077,0.003928353533201919,,0.9764562754549942,0.9703920871907529,0.0004,29,50,5,5,,,,,,,,,,,,,,,,0.23176799999782816,39.81401858298341,0.03266120800981298,,,,,,,,2.897897166025359,0.4655740829766728,43.5727364589693,,,inc0023_phi3_budget_screen_PHI3_K16_B2_D36_L065_seed0_20260305_211940,master,,
2026-03-06T11:59:32,True,,1.0,inc0023_phi3_budget_screen_PHI3_K16_B2_D36_L065_seed1_20260305_212324.log,1,,,,phase4d_adaptive,"0,1","0,2,4,6","1,3",0.0,radial,10,0,1,0,32,4,0.0,120,0.003966508961058181,0.003899216047560036,,0.9823858313655331,0.980954003178436,0.0,14,22,2,2,,,,,,,,,,,,,,,,0.2352823750115931,61.06245649995981,0.037769249989651144,,,,,,,,3.9526288329507224,0.3397784580010921,65.7507596249925,,,inc0023_phi3_budget_screen_PHI3_K16_B2_D36_L065_seed1_20260305_212324,master,,
2026-03-06T11:59:32,True,,1.0,inc0023_phi3_budget_screen_PHI3_K16_D36_L065_seed0_20260305_211854.log,0,,,,phase4d_adaptive,"0,1","0,2,4,6","1,3",0.0,radial,10,0,1,0,32,4,0.0,120,0.0039748688411886095,0.003911499724954012,,0.9806392471172197,0.9779984460120479,0.0,19,30,5,5,,,,,,,,,,,,,,,,0.22990745800780132,42.13408195896773,0.04999791597947478,,,,,,,,2.384061374992598,0.4521487909951247,45.358938749996014,,,inc0023_phi3_budget_screen_PHI3_K16_D36_L065_seed0_20260305_211854,master,,
2026-03-06T11:59:32,True,,1.0,inc0023_phi3_budget_screen_PHI3_K16_D36_L065_seed1_20260305_212236.log,1,,,,phase4d_adaptive,"0,1","0,2,4,6","1,3",0.0,radial,10,0,1,0,32,4,0.0,120,0.004016427155735195,0.0038939144011498825,,0.9811139702982906,0.9797405327651216,0.0,15,25,7,7,,,,,,,,,,,,,,,,0.2944691250449978,41.98436145897722,0.04372233303729445,,,,,,,,4.233692959009204,0.6431802080478519,47.339128333027475,,,inc0023_phi3_budget_screen_PHI3_K16_D36_L065_seed1_20260305_212236,master,,
2026-03-06T11:59:32,True,,1.0,inc0023_phi3_budget_screen_PHI3_K20_D36_L065_seed0_20260305_211806.log,0,,,,phase4d_adaptive,"0,1","0,2,4,6","1,3",0.0,radial,10,0,1,0,32,4,0.0,120,0.0039878270896819955,0.003883238169115241,,0.9813101674168178,0.9779889106298882,0.0004,18,32,7,7,,,,,,,,,,,,,,,,0.23694966698531061,44.73954550002236,0.0325166669790633,,,,,,,,2.4785574999987148,0.564618167001754,48.15732250001747,,,inc0023_phi3_budget_screen_PHI3_K20_D36_L065_seed0_20260305_211806,master,,
2026-03-06T11:59:32,True,,1.0,inc0023_phi3_budget_screen_PHI3_K20_D36_L065_seed1_20260305_212153.log,1,,,,phase4d_adaptive,"0,1","0,2,4,6","1,3",0.0,radial,10,0,1,0,32,4,0.0,120,0.0039658014376171636,0.0039027270563615282,,0.9820301384669586,0.9801698336085607,0.0,17,22,2,2,,,,,,,,,,,,,,,,0.243403667001985,40.464598416991066,0.0276247090077959,,,,,,,,2.5732559579773806,0.3081460419925861,43.75329387502279,,,inc0023_phi3_budget_screen_PHI3_K20_D36_L065_seed1_20260305_212153,master,,
2026-03-06T11:59:32,True,,1.0,inc0023_phi3_budget_screen_PHI3_K25_D36_L065_seed0_20260305_211718.log,0,,,,phase4d_adaptive,"0,1","0,2,4,6","1,3",0.0,radial,10,0,1,0,32,4,0.0,120,0.003991583122930977,0.00389376149018629,,0.980777091202688,0.9782036274558213,0.0,20,38,10,10,,,,,,,,,,,,,,,,0.2368637080071494,43.75062245799927,0.028645540995057672,,,,,,,,2.3735287919989787,0.7024809999857098,47.22011558403028,,,inc0023_phi3_budget_screen_PHI3_K25_D36_L065_seed0_20260305_211718,master,,
2026-03-06T11:59:32,True,,1.0,inc0023_phi3_budget_screen_PHI3_K25_D36_L065_seed1_20260305_212105.log,1,,,,phase4d_adaptive,"0,1","0,2,4,6","1,3",0.0,radial,10,0,1,0,32,4,0.0,120,0.004011179126561403,0.003911192029051833,,0.979450514172299,0.9747963283214003,0.0,26,42,7,7,,,,,,,,,,,,,,,,0.24320583400549367,43.3389214159688,0.053967708023265004,,,,,,,,2.7674333329778165,0.5188883749651723,47.04232283303281,,,inc0023_phi3_budget_screen_PHI3_K25_D36_L065_seed1_20260305_212105,master,,
2026-03-06T11:59:32,True,,1.0,inc0023_phi3_budget_screen_R0_seed0_20260305_211618.log,0,,,,kmeans,"0,1","0,2,4,6","1,3",0.0,radial,10,0,1,0,32,4,50.0,120,0.004012129030442227,0.003909330385621023,,0.982054408742315,0.9811308878490524,0.0,8,19,11,11,,,,,,,,,,,,,,,,0.25425999995786697,55.7912306660437,0.04374983400339261,,,,,,,,2.5976558750262484,0.9090521670295857,59.938195542024914,,,inc0023_phi3_budget_screen_R0_seed0_20260305_211618,master,,
2026-03-06T11:59:32,True,,1.0,inc0023_phi3_budget_screen_R0_seed1_20260305_212024.log,1,,,,kmeans,"0,1","0,2,4,6","1,3",0.0,radial,10,0,1,0,32,4,50.0,120,0.003999402229590503,0.003913185231546915,,0.9822522234769407,0.9809092694287701,0.0,8,18,10,10,,,,,,,,,,,,,,,,0.22883062501205131,39.210769707977306,0.034482041955925524,,,,,,,,0.8813412089948542,0.643026124977041,41.240422417002264,,,inc0023_phi3_budget_screen_R0_seed1_20260305_212024,master,,
2026-03-06T11:59:32,True,,1.0,inc0024_phase_shell_confirm_PHASE_K25_C035_seed0_20260305_221131.log,0,,,,phase4d_adaptive,"0,1","0,2,4,6","1,3",0.0,radial,10,0,1,0,32,4,0.0,120,0.004001232366237598,0.003911168293313506,,0.979056132811538,0.9757289157403971,0.0,23,40,10,10,,,,,,,,,,,,,,,,0.2532469169818796,45.79771675000666,0.04038837499683723,,,,,,,,3.4616367500275373,0.8425138340098783,50.54401037504431,,,inc0024_phase_shell_confirm_PHASE_K25_C035_seed0_20260305_221131,master,,
2026-03-06T11:59:32,True,,1.0,inc0024_phase_shell_confirm_PHASE_K25_C035_seed1_20260305_221403.log,1,,,,phase4d_adaptive,"0,1","0,2,4,6","1,3",0.0,radial,10,0,1,0,32,4,0.0,120,0.004036714850314191,0.003913957850652997,,0.9789997196084324,0.9771515053500193,0.0,19,38,9,9,,,,,,,,,,,,,,,,0.24389795900788158,51.11268854199443,0.04520516697084531,,,,,,,,7.142924458021298,0.6938957079546526,59.413312416989356,,,inc0024_phase_shell_confirm_PHASE_K25_C035_seed1_20260305_221403,master,,
2026-03-06T11:59:32,True,,1.0,inc0024_phase_shell_confirm_PHASE_K25_C035_seed2_20260305_221650.log,2,,,,phase4d_adaptive,"0,1","0,2,4,6","1,3",0.0,radial,10,0,1,0,32,4,0.0,120,0.0040110382468676025,0.0039131648422459425,,0.9794604772766392,0.9751822643677719,0.0004,21,36,7,7,,,,,,,,,,,,,,,,0.22744245798094198,46.16577358299401,0.02510370797244832,,,,,,,,3.1333761250134557,0.6001162079628557,50.28866708301939,,,inc0024_phase_shell_confirm_PHASE_K25_C035_seed2_20260305_221650,master,,
2026-03-06T11:59:32,True,,1.0,inc0024_phase_shell_confirm_PHASE_K25_C035_seed3_20260305_221919.log,3,,,,phase4d_adaptive,"0,1","0,2,4,6","1,3",0.0,radial,10,0,1,0,32,4,0.0,120,0.004007453880050241,0.0039296798557473525,,0.9777027216339509,0.9751833372083316,0.0,23,40,7,7,,,,,,,,,,,,,,,,0.23613595799542964,49.01067116699414,0.08661183301592246,,,,,,,,3.3443483750452287,0.5541436669882387,53.44462891703006,,,inc0024_phase_shell_confirm_PHASE_K25_C035_seed3_20260305_221919,master,,
2026-03-06T11:59:32,True,,1.0,inc0024_phase_shell_confirm_PHI3_K25_D36_L065_seed0_20260305_221221.log,0,,,,phase4d_adaptive,"0,1","0,2,4,6","1,3",0.0,radial,10,0,1,0,32,4,0.0,120,0.003998577357430388,0.003914806827446013,,0.9794862125003069,0.977421246460082,0.0,20,37,8,8,,,,,,,,,,,,,,,,0.23819150001509115,46.799557249993086,0.04068454197840765,,,,,,,,4.954217541962862,0.5964392499881797,52.74494987499202,,,inc0024_phase_shell_confirm_PHI3_K25_D36_L065_seed0_20260305_221221,master,,
2026-03-06T11:59:32,True,,1.0,inc0024_phase_shell_confirm_PHI3_K25_D36_L065_seed1_20260305_221502.log,1,,,,phase4d_adaptive,"0,1","0,2,4,6","1,3",0.0,radial,10,0,1,0,32,4,0.0,120,0.003996802797220214,0.0039275169301189565,,0.9780905542114978,0.9747205292629416,0.0,26,43,7,7,,,,,,,,,,,,,,,,0.24672454100800678,54.266304499993566,0.05288958398159593,,,,,,,,4.98924274998717,0.5394675839925185,60.21441283298191,,,inc0024_phase_shell_confirm_PHI3_K25_D36_L065_seed1_20260305_221502,master,,
2026-03-06T11:59:32,True,,1.0,inc0024_phase_shell_confirm_PHI3_K25_D36_L065_seed2_20260305_221741.log,2,,,,phase4d_adaptive,"0,1","0,2,4,6","1,3",0.0,radial,10,0,1,0,32,4,0.0,120,0.004007076096747295,0.003910289153898869,,0.978243220086759,0.9738997857428301,0.0,24,41,8,8,,,,,,,,,,,,,,,,0.2387604580144398,46.321254417009186,0.0244338340125978,,,,,,,,3.1710859579616226,0.5975383330369368,50.515292833035346,,,inc0024_phase_shell_confirm_PHI3_K25_D36_L065_seed2_20260305_221741,master,,
2026-03-06T11:59:32,True,,1.0,inc0024_phase_shell_confirm_PHI3_K25_D36_L065_seed3_20260305_222012.log,3,,,,phase4d_adaptive,"0,1","0,2,4,6","1,3",0.0,radial,10,0,1,0,32,4,0.0,120,0.004014728312516927,0.003918856032798312,,0.9773978958320529,0.9738848696585634,0.0004,27,46,11,11,,,,,,,,,,,,,,,,0.2607119589811191,53.67197258397937,0.08314883400453255,,,,,,,,10.331351916946005,0.8020193330012262,65.33688166696811,,,inc0024_phase_shell_confirm_PHI3_K25_D36_L065_seed3_20260305_222012,master,,
2026-03-06T11:59:32,True,,1.0,inc0024_phase_shell_confirm_R0_seed0_20260305_221314.log,0,,,,kmeans,"0,1","0,2,4,6","1,3",0.0,radial,10,0,1,0,32,4,50.0,120,0.004012129030442227,0.003909330385621023,,0.982054408742315,0.9811308878490524,0.0,8,19,11,11,,,,,,,,,,,,,,,,0.24067391699645668,44.70663691702066,0.04524412495084107,,,,,,,,1.694830708031077,0.8006214160122909,47.87707279098686,,,inc0024_phase_shell_confirm_R0_seed0_20260305_221314,master,,
2026-03-06T11:59:32,True,,1.0,inc0024_phase_shell_confirm_R0_seed1_20260305_221603.log,1,,,,kmeans,"0,1","0,2,4,6","1,3",0.0,radial,10,0,1,0,32,4,50.0,120,0.003999402229590503,0.003913185231546915,,0.9822522234769407,0.9809092694287701,0.0,8,18,10,10,,,,,,,,,,,,,,,,0.24030954099725932,45.04524995799875,0.033742250001523644,,,,,,,,0.9468290830263868,0.7163211250444874,47.275797082984354,,,inc0024_phase_shell_confirm_R0_seed1_20260305_221603,master,,
2026-03-06T11:59:32,True,,1.0,inc0024_phase_shell_confirm_R0_seed2_20260305_221832.log,2,,,,kmeans,"0,1","0,2,4,6","1,3",0.0,radial,10,0,1,0,32,4,50.0,120,0.004017842416056357,0.0039034650868993567,,0.9814376243505974,0.979800795415951,0.0,8,24,16,16,,,,,,,,,,,,,,,,0.2415056669851765,44.482418708037585,0.04563000000780448,,,,,,,,0.8432962910155766,1.10032508301083,46.93946354102809,,,inc0024_phase_shell_confirm_R0_seed2_20260305_221832,master,,
2026-03-06T11:59:32,True,,1.0,inc0024_phase_shell_confirm_R0_seed3_20260305_222118.log,3,,,,kmeans,"0,1","0,2,4,6","1,3",0.0,radial,10,0,1,0,32,4,50.0,120,0.00401956369563352,0.003905572486022944,,0.9812665134594432,0.9803143880370472,0.0,8,20,12,12,,,,,,,,,,,,,,,,0.22512758296215907,41.5766869999934,0.03703245904762298,,,,,,,,0.6269216670189053,0.8174083749763668,43.52686604199698,,,inc0024_phase_shell_confirm_R0_seed3_20260305_222118,master,,
2026-03-06T11:59:32,True,,1.0,inc0024_phase_shell_screen_PHASE_K25_C020_seed0_20260305_220246.log,0,,,,phase4d_adaptive,"0,1","0,2,4,6","1,3",0.0,radial,10,0,1,0,32,4,0.0,120,0.004014097134588788,0.003908142522198087,,0.9791317486457305,0.976060243697825,0.0008,23,41,11,11,,,,,,,,,,,,,,,,0.240416208980605,51.90751641604584,0.04054033296415582,,,,,,,,3.0082072080112994,0.8229855000390671,56.170278042030986,,,inc0024_phase_shell_screen_PHASE_K25_C020_seed0_20260305_220246,master,,
2026-03-06T11:59:32,True,,1.0,inc0024_phase_shell_screen_PHASE_K25_C020_seed1_20260305_220631.log,1,,,,phase4d_adaptive,"0,1","0,2,4,6","1,3",0.0,radial,10,0,1,0,32,4,0.0,120,0.004007677732397059,0.003925042956369075,,0.9793919977778276,0.9764295802303204,0.0,22,38,9,9,,,,,,,,,,,,,,,,0.2655719590256922,44.580489917017985,0.03666179202264175,,,,,,,,5.409052625007462,0.7008761249599047,51.12068833300145,,,inc0024_phase_shell_screen_PHASE_K25_C020_seed1_20260305_220631,master,,
2026-03-06T11:59:32,True,,1.0,inc0024_phase_shell_screen_PHASE_K25_C035_seed0_20260305_220343.log,0,,,,phase4d_adaptive,"0,1","0,2,4,6","1,3",0.0,radial,10,0,1,0,32,4,0.0,120,0.004001232366237598,0.003911168293313506,,0.979056132811538,0.9757289157403971,0.0,23,40,10,10,,,,,,,,,,,,,,,,0.2741854169871658,44.37701158301206,0.027084667002782226,,,,,,,,3.0800159579957835,0.7262812500121072,48.62498812499689,,,inc0024_phase_shell_screen_PHASE_K25_C035_seed0_20260305_220343,master,,
2026-03-06T11:59:32,True,,1.0,inc0024_phase_shell_screen_PHASE_K25_C035_seed1_20260305_220723.log,1,,,,phase4d_adaptive,"0,1","0,2,4,6","1,3",0.0,radial,10,0,1,0,32,4,0.0,120,0.004036714850314191,0.003913957850652997,,0.9789997196084324,0.9771515053500193,0.0,19,38,9,9,,,,,,,,,,,,,,,,0.22515254199970514,54.32400866696844,0.04980858403723687,,,,,,,,4.268882416014094,0.7030375829781406,59.74293145799311,,,inc0024_phase_shell_screen_PHASE_K25_C035_seed1_20260305_220723,master,,
2026-03-06T11:59:32,True,,1.0,inc0024_phase_shell_screen_PHI3_K25_D36_L065_seed0_20260305_220432.log,0,,,,phase4d_adaptive,"0,1","0,2,4,6","1,3",0.0,radial,10,0,1,0,32,4,0.0,120,0.003998577357430388,0.003914806827446013,,0.9794862125003069,0.977421246460082,0.0,20,37,8,8,,,,,,,,,,,,,,,,0.24330099998041987,56.13960916700307,0.04960541700711474,,,,,,,,5.179806458996609,0.8130245419451967,62.564092624990735,,,inc0024_phase_shell_screen_PHI3_K25_D36_L065_seed0_20260305_220432,master,,
2026-03-06T11:59:32,True,,1.0,inc0024_phase_shell_screen_PHI3_K25_D36_L065_seed1_20260305_220823.log,1,,,,phase4d_adaptive,"0,1","0,2,4,6","1,3",0.0,radial,10,0,1,0,32,4,0.0,120,0.003996802797220214,0.0039275169301189565,,0.9780905542114978,0.9747205292629416,0.0,26,43,7,7,,,,,,,,,,,,,,,,0.22582966700429097,66.43309979100013,0.03964450000785291,,,,,,,,7.940485042054206,0.49162004195386544,75.27574991696747,,,inc0024_phase_shell_screen_PHI3_K25_D36_L065_seed1_20260305_220823,master,,
2026-03-06T11:59:32,True,,1.0,inc0024_phase_shell_screen_R0_seed0_20260305_220534.log,0,,,,kmeans,"0,1","0,2,4,6","1,3",0.0,radial,10,0,1,0,32,4,50.0,120,0.004012129030442227,0.003909330385621023,,0.982054408742315,0.9811308878490524,0.0,8,19,11,11,,,,,,,,,,,,,,,,0.2748333750059828,51.202620333002415,0.05651879101060331,,,,,,,,3.400571625039447,0.870571875013411,56.44214500003727,,,inc0024_phase_shell_screen_R0_seed0_20260305_220534,master,,
2026-03-06T11:59:32,True,,1.0,inc0024_phase_shell_screen_R0_seed1_20260305_220938.log,1,,,,kmeans,"0,1","0,2,4,6","1,3",0.0,radial,10,0,1,0,32,4,50.0,120,0.003999402229590503,0.003913185231546915,,0.9822522234769407,0.9809092694287701,0.0,8,18,10,10,,,,,,,,,,,,,,,,0.25610329199116677,45.68765808298485,0.044402791012544185,,,,,,,,0.9312036670162342,0.6694926249911077,47.847307957999874,,,inc0024_phase_shell_screen_R0_seed1_20260305_220938,master,,
2026-03-06T11:59:32,True,,1.0,inc0026_hopf_diag_PHASE_K25_C035_seed0_20260305_225835.log,0,,,,phase4d_adaptive,"0,1","0,2,4,6","1,3",0.0,radial,10,0,1,0,32,4,0.0,120,0.003995561907525326,0.003911266063932663,,0.9794222984307865,0.9758704675001741,0.0004,22,34,6,6,,,,,,,,,,,,,,,,0.3058707909658551,47.34855895797955,0.042701957980170846,,,,,,,,5.808651500032283,0.5275094580138102,54.163197249989025,,,inc0026_hopf_diag_PHASE_K25_C035_seed0_20260305_225835,master,,
2026-03-06T11:59:32,True,,1.0,inc0026_hopf_diag_PHASE_K25_C035_seed1_20260305_230126.log,1,,,,phase4d_adaptive,"0,1","0,2,4,6","1,3",0.0,radial,10,0,1,0,32,4,0.0,120,0.004023236495407864,0.003907710557136093,,0.9800153505907975,0.9765890122708272,0.0,21,36,9,9,,,,,,,,,,,,,,,,0.23628025001380593,53.00195895897923,0.056552916998043656,,,,,,,,7.236361582996324,0.7402716670185328,61.416760416002944,,,inc0026_hopf_diag_PHASE_K25_C035_seed1_20260305_230126,master,,
2026-03-06T11:59:32,True,,1.0,inc0026_hopf_diag_PHI3_K25_D36_L065_seed0_20260305_225930.log,0,,,,phase4d_adaptive,"0,1","0,2,4,6","1,3",0.0,radial,10,0,1,0,32,4,0.0,120,0.004012882596809907,0.0038903336302341758,,0.9798338001337832,0.9775073391302261,0.0,19,38,10,10,,,,,,,,,,,,,,,,0.2604428750346415,46.978009874990676,0.04177479195641354,,,,,,,,6.917871541983914,0.771666583023034,55.098929165978916,,,inc0026_hopf_diag_PHI3_K25_D36_L065_seed0_20260305_225930,master,,
2026-03-06T11:59:32,True,,1.0,inc0026_hopf_diag_PHI3_K25_D36_L065_seed1_20260305_230228.log,1,,,,phase4d_adaptive,"0,1","0,2,4,6","1,3",0.0,radial,10,0,1,0,32,4,0.0,120,0.004002903519854784,0.0039439138462356756,,0.9781539620737967,0.9740968033220277,0.0024,28,46,5,5,,,,,,,,,,,,,,,,0.24771066702669486,45.30208341596881,0.02750616701086983,,,,,,,,7.511832749994937,0.3977118749753572,53.64124266698491,,,inc0026_hopf_diag_PHI3_K25_D36_L065_seed1_20260305_230228,master,,
2026-03-06T11:59:32,True,,1.0,inc0026_hopf_diag_R0_seed0_20260305_230025.log,0,,,,kmeans,"0,1","0,2,4,6","1,3",0.0,radial,10,0,1,0,32,4,50.0,120,0.004012129030442227,0.003909330385621023,,0.982054408742315,0.9811308878490524,0.0,8,19,11,11,,,,,,,,,,,,,,,,0.22025604196824133,58.1376099580084,0.029755458992440253,,,,,,,,1.2094835829921067,0.7755039170151576,60.67918966698926,,,inc0026_hopf_diag_R0_seed0_20260305_230025,master,,
2026-03-06T11:59:32,True,,1.0,inc0026_hopf_diag_R0_seed1_20260305_230322.log,1,,,,kmeans,"0,1","0,2,4,6","1,3",0.0,radial,10,0,1,0,32,4,50.0,120,0.003999402229590503,0.003913185231546915,,0.9822522234769407,0.9809092694287701,0.0,8,18,10,10,,,,,,,,,,,,,,,,0.2518358340021223,38.967573417001404,0.02376279199961573,,,,,,,,1.4541982079972513,0.6602072920068167,41.56350529199699,,,inc0026_hopf_diag_R0_seed1_20260305_230322,master,,
2026-03-06T11:59:32,True,,1.0,inc0026_hopf_pilot_screen_HOPF_K25_BASE_seed0_20260305_230742.log,0,,,,phase4d_hopf,"0,1","0,2,4,6","1,3",0.0,radial,10,0,1,0,32,4,0.0,120,0.004014380433444245,0.003891024973819533,,0.981817450942666,0.9807067032308929,0.0,11,21,10,10,,,,,,,,,,,,,,,,0.3605697499588132,60.251218499965034,0.0381749160005711,,,,,,,,12.834382458007894,0.8335313749848865,74.48626124998555,,,inc0026_hopf_pilot_screen_HOPF_K25_BASE_seed0_20260305_230742,master,,
2026-03-06T11:59:32,True,,1.0,inc0026_hopf_pilot_screen_HOPF_K25_BASE_seed1_20260305_231202.log,1,,,,phase4d_hopf,"0,1","0,2,4,6","1,3",0.0,radial,10,0,1,0,32,4,0.0,120,0.004018352639843571,0.0038864872993637036,,0.9821032268772795,0.9810722093551152,0.0,10,20,9,9,,,,,,,,,,,,,,,,0.23833875003037974,56.946306959027424,0.03859912499319762,,,,,,,,18.627913207979873,0.75421537499642,76.77353225002298,,,inc0026_hopf_pilot_screen_HOPF_K25_BASE_seed1_20260305_231202,master,,
2026-03-06T11:59:32,True,,1.0,inc0026_hopf_pilot_screen_PHASE_K25_C035_seed0_20260305_230954.log,0,,,,phase4d_adaptive,"0,1","0,2,4,6","1,3",0.0,radial,10,0,1,0,32,4,0.0,120,0.003995561907525326,0.003911266063932663,,0.9794222984307865,0.9758704675001741,0.0004,22,34,6,6,,,,,,,,,,,,,,,,0.23000404197955504,63.015677624964155,0.03498041594866663,,,,,,,,7.612859291024506,0.677965332986787,71.72166612499859,,,inc0026_hopf_pilot_screen_PHASE_K25_C035_seed0_20260305_230954,master,,
2026-03-06T11:59:32,True,,1.0,inc0026_hopf_pilot_screen_PHASE_K25_C035_seed1_20260305_231431.log,1,,,,phase4d_adaptive,"0,1","0,2,4,6","1,3",0.0,radial,10,0,1,0,32,4,0.0,120,0.004023236495407864,0.003907710557136093,,0.9800153505907975,0.9765890122708272,0.0,21,36,9,9,,,,,,,,,,,,,,,,0.23676412500208244,65.37328866700409,0.03520216699689627,,,,,,,,7.616544666991103,0.7108031659736298,74.11874154198449,,,inc0026_hopf_pilot_screen_PHASE_K25_C035_seed1_20260305_231431,master,,
2026-03-06T11:59:32,True,,1.0,inc0026_hopf_pilot_screen_PHI3_K25_D36_L065_seed0_20260305_230857.log,0,,,,phase4d_adaptive,"0,1","0,2,4,6","1,3",0.0,radial,10,0,1,0,32,4,0.0,120,0.004012882596809907,0.0038903336302341758,,0.9798338001337832,0.9775073391302261,0.0,19,38,10,10,,,,,,,,,,,,,,,,0.24253158399369568,50.20445991697488,0.046341167006175965,,,,,,,,5.619792957964819,0.7695568749913946,57.01868937496329,,,inc0026_hopf_pilot_screen_PHI3_K25_D36_L065_seed0_20260305_230857,master,,
2026-03-06T11:59:32,True,,1.0,inc0026_hopf_pilot_screen_PHI3_K25_D36_L065_seed1_20260305_231319.log,1,,,,phase4d_adaptive,"0,1","0,2,4,6","1,3",0.0,radial,10,0,1,0,32,4,0.0,120,0.004002903519854784,0.0039439138462356756,,0.9781539620737967,0.9740968033220277,0.0024,28,46,5,5,,,,,,,,,,,,,,,,0.249679250002373,65.0117704999866,0.03235758299706504,,,,,,,,6.469487749971449,0.4147407079581171,72.32731233298546,,,inc0026_hopf_pilot_screen_PHI3_K25_D36_L065_seed1_20260305_231319,master,,
2026-03-06T11:59:32,True,,1.0,inc0026_hopf_pilot_screen_R0_seed0_20260305_231106.log,0,,,,kmeans,"0,1","0,2,4,6","1,3",0.0,radial,10,0,1,0,32,4,50.0,120,0.004012129030442227,0.003909330385621023,,0.982054408742315,0.9811308878490524,0.0,8,19,11,11,,,,,,,,,,,,,,,,0.2638917500153184,52.14735166699393,0.03692433302057907,,,,,,,,1.6476024169824086,0.826046041038353,55.18094166595256,,,inc0026_hopf_pilot_screen_R0_seed0_20260305_231106,master,,
2026-03-06T11:59:32,True,,1.0,inc0026_hopf_pilot_screen_R0_seed1_20260305_231546.log,1,,,,kmeans,"0,1","0,2,4,6","1,3",0.0,radial,10,0,1,0,32,4,50.0,120,0.003999402229590503,0.003913185231546915,,0.9822522234769407,0.9809092694287701,0.0,8,18,10,10,,,,,,,,,,,,,,,,0.2344346670433879,44.89425712497905,0.09097024996299297,,,,,,,,3.3729860419989564,0.6953139579854906,49.75431937503163,,,inc0026_hopf_pilot_screen_R0_seed1_20260305_231546,master,,
2026-03-06T11:59:32,False,summary line missing,,inc0028_hopf_chi_screen_HOPF_CHI2_K25_seed0_20260305_233522.log,,,,,,,,,,,,,,,,,,,,,,,,,,,,,,,,,,,,,,,,,,,,,,,,,,,,,,,,,,,,,,
2026-03-06T11:59:32,True,,1.0,inc0028_hopf_chi_screen_HOPF_CHI2_K25_seed0_20260305_234731.log,0,,,,phase4d_hopf_chi,"0,1","0,2,4,6","1,3",0.0,radial,10,0,1,0,32,4,0.0,120,0.003991134197430259,0.0039288942696408015,,0.9811587978271203,0.9787631953008513,0.0,16,18,2,2,,,,,,,,,,,,,,,,0.23327041597804055,62.48444658302469,0.05082025000592694,,,,,,,,8.707489708962385,0.3593143749749288,71.97273445798783,,,inc0028_hopf_chi_screen_HOPF_CHI2_K25_seed0_20260305_234731,master,,
2026-03-06T11:59:32,False,summary line missing,,inc0028_hopf_chi_screen_HOPF_CHI2_K25_seed1_20260305_234052.log,,,,,,,,,,,,,,,,,,,,,,,,,,,,,,,,,,,,,,,,,,,,,,,,,,,,,,,,,,,,,,
2026-03-06T11:59:32,True,,1.0,inc0028_hopf_chi_screen_HOPF_CHI2_K25_seed1_20260305_235345.log,1,,,,phase4d_hopf_chi,"0,1","0,2,4,6","1,3",0.0,radial,10,0,1,0,32,4,0.0,120,0.003998421651950352,0.0039302885446120634,,0.9811122911435272,0.9794531957365722,0.0,14,22,6,6,,,,,,,,,,,,,,,,0.22845400002552196,47.25540233304491,0.043535874981898814,,,,,,,,7.033066166972276,0.489055041980464,55.190103208995424,,,inc0028_hopf_chi_screen_HOPF_CHI2_K25_seed1_20260305_235345,master,,
2026-03-06T11:59:32,False,summary line missing,,inc0028_hopf_chi_screen_HOPF_CHI3_K25_seed0_20260305_233616.log,,,,,,,,,,,,,,,,,,,,,,,,,,,,,,,,,,,,,,,,,,,,,,,,,,,,,,,,,,,,,,
2026-03-06T11:59:32,True,,1.0,inc0028_hopf_chi_screen_HOPF_CHI3_K25_seed0_20260305_234843.log,0,,,,phase4d_hopf_chi,"0,1","0,2,4,6","1,3",0.0,radial,10,0,1,0,32,4,0.0,120,0.003983706713163039,0.0038996356109643237,,0.9801853972721661,0.9774327059599526,0.0,19,29,7,7,,,,,,,,,,,,,,,,0.24650858400855213,52.585396124981344,0.03849712497321889,,,,,,,,9.619088832987472,0.6129192080115899,63.25954866601387,,,inc0028_hopf_chi_screen_HOPF_CHI3_K25_seed0_20260305_234843,master,,
2026-03-06T11:59:32,False,summary line missing,,inc0028_hopf_chi_screen_HOPF_CHI3_K25_seed1_20260305_234142.log,,,,,,,,,,,,,,,,,,,,,,,,,,,,,,,,,,,,,,,,,,,,,,,,,,,,,,,,,,,,,,
2026-03-06T11:59:32,True,,1.0,inc0028_hopf_chi_screen_HOPF_CHI3_K25_seed1_20260305_235440.log,1,,,,phase4d_hopf_chi,"0,1","0,2,4,6","1,3",0.0,radial,10,0,1,0,32,4,0.0,120,0.00402818102811249,0.0039054540585058348,,0.9795036372500404,0.9774560929217563,0.0,19,36,10,10,,,,,,,,,,,,,,,,0.24547783297020942,47.64879316702718,0.04684025002643466,,,,,,,,6.177045708987862,0.7466051249648444,54.97741699998733,,,inc0028_hopf_chi_screen_HOPF_CHI3_K25_seed1_20260305_235440,master,,
2026-03-06T11:59:32,False,summary line missing,,inc0028_hopf_chi_screen_HOPF_K25_BASE_seed0_20260305_233421.log,,,,,,,,,,,,,,,,,,,,,,,,,,,,,,,,,,,,,,,,,,,,,,,,,,,,,,,,,,,,,,
2026-03-06T11:59:32,True,,1.0,inc0028_hopf_chi_screen_HOPF_K25_BASE_seed0_20260305_234634.log,0,,,,phase4d_hopf,"0,1","0,2,4,6","1,3",0.0,radial,10,0,1,0,32,4,0.0,120,0.004014380433444245,0.003891024973819533,,0.981817450942666,0.9807067032308929,0.0,11,21,10,10,,,,,,,,,,,,,,,,0.29652550001628697,48.988049749983475,0.029965167050249875,,,,,,,,6.031863540993072,0.8117269169888459,56.37187308300054,,,inc0028_hopf_chi_screen_HOPF_K25_BASE_seed0_20260305_234634,master,,
2026-03-06T11:59:32,False,summary line missing,,inc0028_hopf_chi_screen_HOPF_K25_BASE_seed1_20260305_233959.log,,,,,,,,,,,,,,,,,,,,,,,,,,,,,,,,,,,,,,,,,,,,,,,,,,,,,,,,,,,,,,
2026-03-06T11:59:32,True,,1.0,inc0028_hopf_chi_screen_HOPF_K25_BASE_seed1_20260305_235246.log,1,,,,phase4d_hopf,"0,1","0,2,4,6","1,3",0.0,radial,10,0,1,0,32,4,0.0,120,0.004018352639843571,0.0038864872993637036,,0.9821032268772795,0.9810722093551152,0.0,10,20,9,9,,,,,,,,,,,,,,,,0.26901133300270885,51.673716375022195,0.05619212501915172,,,,,,,,5.727706499979831,0.7110257919994183,58.6244834169629,,,inc0028_hopf_chi_screen_HOPF_K25_BASE_seed1_20260305_235246,master,,
2026-03-06T11:59:32,False,summary line missing,,inc0028_hopf_chi_screen_PHASE_K25_C035_seed0_20260305_233804.log,,,,,,,,,,,,,,,,,,,,,,,,,,,,,,,,,,,,,,,,,,,,,,,,,,,,,,,,,,,,,,
2026-03-06T11:59:32,True,,1.0,inc0028_hopf_chi_screen_PHASE_K25_C035_seed0_20260305_235046.log,0,,,,phase4d_adaptive,"0,1","0,2,4,6","1,3",0.0,radial,10,0,1,0,32,4,0.0,120,0.003995561907525326,0.003911266063932663,,0.9794222984307865,0.9758704675001741,0.0004,22,34,6,6,,,,,,,,,,,,,,,,0.24728650000179186,47.57419829198625,0.04988091601990163,,,,,,,,8.459070582990535,0.5411244999850169,57.02936054201564,,,inc0028_hopf_chi_screen_PHASE_K25_C035_seed0_20260305_235046,master,,
2026-03-06T11:59:32,False,summary line missing,,inc0028_hopf_chi_screen_PHASE_K25_C035_seed1_20260305_234339.log,,,,,,,,,,,,,,,,,,,,,,,,,,,,,,,,,,,,,,,,,,,,,,,,,,,,,,,,,,,,,,
2026-03-06T11:59:32,True,,1.0,inc0028_hopf_chi_screen_PHASE_K25_C035_seed1_20260305_235630.log,1,,,,phase4d_adaptive,"0,1","0,2,4,6","1,3",0.0,radial,10,0,1,0,32,4,0.0,120,0.004023236495407864,0.003907710557136093,,0.9800153505907975,0.9765890122708272,0.0,21,36,9,9,,,,,,,,,,,,,,,,0.23275274998741224,49.37156079203123,0.036414166970644146,,,,,,,,5.737186082988046,0.8586403749650344,56.416074709035456,,,inc0028_hopf_chi_screen_PHASE_K25_C035_seed1_20260305_235630,master,,
2026-03-06T11:59:32,False,summary line missing,,inc0028_hopf_chi_screen_PHI3_K25_D36_L065_seed0_20260305_233711.log,,,,,,,,,,,,,,,,,,,,,,,,,,,,,,,,,,,,,,,,,,,,,,,,,,,,,,,,,,,,,,
2026-03-06T11:59:32,True,,1.0,inc0028_hopf_chi_screen_PHI3_K25_D36_L065_seed0_20260305_234946.log,0,,,,phase4d_adaptive,"0,1","0,2,4,6","1,3",0.0,radial,10,0,1,0,32,4,0.0,120,0.004012882596809907,0.0038903336302341758,,0.9798338001337832,0.9775073391302261,0.0,19,38,10,10,,,,,,,,,,,,,,,,0.24021737498696893,51.91444787499495,0.04440729203633964,,,,,,,,6.027895750012249,0.7803628749679774,59.1436050410266,,,inc0028_hopf_chi_screen_PHI3_K25_D36_L065_seed0_20260305_234946,master,,
2026-03-06T11:59:32,False,summary line missing,,inc0028_hopf_chi_screen_PHI3_K25_D36_L065_seed1_20260305_234236.log,,,,,,,,,,,,,,,,,,,,,,,,,,,,,,,,,,,,,,,,,,,,,,,,,,,,,,,,,,,,,,
2026-03-06T11:59:32,True,,1.0,inc0028_hopf_chi_screen_PHI3_K25_D36_L065_seed1_20260305_235536.log,1,,,,phase4d_adaptive,"0,1","0,2,4,6","1,3",0.0,radial,10,0,1,0,32,4,0.0,120,0.004002903519854784,0.0039439138462356756,,0.9781539620737967,0.9740968033220277,0.0024,28,46,5,5,,,,,,,,,,,,,,,,0.2500690000015311,45.74952920898795,0.06120804196689278,,,,,,,,7.224223750003148,0.4556287089944817,53.91140170797007,,,inc0028_hopf_chi_screen_PHI3_K25_D36_L065_seed1_20260305_235536,master,,
2026-03-06T11:59:32,True,,1.0,inc0028_hopf_chi_screen_R0_seed0_20260305_233856.log,0,,,,kmeans,"0,1","0,2,4,6","1,3",0.0,radial,10,0,1,0,32,4,50.0,120,0.004012129030442227,0.003909330385621023,,0.982054408742315,0.9811308878490524,0.0,8,19,11,11,,,,,,,,,,,,,,,,0.2344452080433257,60.925318374997005,0.038370749971363693,,,,,,,,0.7515309999580495,0.828385624976363,63.07727316697128,,,inc0028_hopf_chi_screen_R0_seed0_20260305_233856,master,,
2026-03-06T11:59:32,True,,1.0,inc0028_hopf_chi_screen_R0_seed0_20260305_235143.log,0,,,,kmeans,"0,1","0,2,4,6","1,3",0.0,radial,10,0,1,0,32,4,50.0,120,0.004012129030442227,0.003909330385621023,,0.982054408742315,0.9811308878490524,0.0,8,19,11,11,,,,,,,,,,,,,,,,0.23819862498203292,59.786881208012346,0.05222333304118365,,,,,,,,1.6386521669919603,0.8637420000159182,62.932401709025726,,,inc0028_hopf_chi_screen_R0_seed0_20260305_235143,master,,
2026-03-06T11:59:32,True,,1.0,inc0028_hopf_chi_screen_R0_seed1_20260305_234431.log,1,,,,kmeans,"0,1","0,2,4,6","1,3",0.0,radial,10,0,1,0,32,4,50.0,120,0.003999402229590503,0.003913185231546915,,0.9822522234769407,0.9809092694287701,0.0,8,18,10,10,,,,,,,,,,,,,,,,0.22876216698205099,41.7156072089565,0.04423029097961262,,,,,,,,0.8463769590016454,0.704775083984714,43.941435375018045,,,inc0028_hopf_chi_screen_R0_seed1_20260305_234431,master,,
2026-03-06T11:59:32,True,,1.0,inc0028_hopf_chi_screen_R0_seed1_20260305_235726.log,1,,,,kmeans,"0,1","0,2,4,6","1,3",0.0,radial,10,0,1,0,32,4,50.0,120,0.003999402229590503,0.003913185231546915,,0.9822522234769407,0.9809092694287701,0.0,8,18,10,10,,,,,,,,,,,,,,,,0.36512070801109076,55.11085745797027,0.055664542014710605,,,,,,,,1.425514500006102,0.7066666670143604,58.064122792042326,,,inc0028_hopf_chi_screen_R0_seed1_20260305_235726,master,,
2026-03-06T11:59:32,True,,1.0,inc0029_fib_screen_HOPF_FIB_K25_seed0_20260306_003355.log,0,,,,phase4d_hopf_fib,"0,1","0,2,4,6","1,3",0.0,radial,10,0,1,0,32,4,0.0,120,0.004014380433444245,0.003891024973819533,,0.981817450942666,0.9807067032308929,0.0,11,21,10,10,,,,,,,,,,,,,,,,0.24865825002780184,89.98601862497162,0.10512995795579627,,,,,,,,6.592461667023599,0.8400155829731375,98.02106900000945,,,inc0029_fib_screen_HOPF_FIB_K25_seed0_20260306_003355,master,,
2026-03-06T11:59:32,True,,1.0,inc0029_fib_screen_HOPF_FIB_K25_seed1_20260306_003821.log,1,,,,phase4d_hopf_fib,"0,1","0,2,4,6","1,3",0.0,radial,10,0,1,0,32,4,0.0,120,0.004018352639843571,0.0038864872993637036,,0.9821032268772795,0.9810722093551152,0.0,10,20,9,9,,,,,,,,,,,,,,,,0.23779983300482854,103.50602841703221,0.12291733297752216,,,,,,,,6.250082624959759,0.7287247499916703,111.10471620800672,,,inc0029_fib_screen_HOPF_FIB_K25_seed1_20260306_003821,master,,
2026-03-06T11:59:32,True,,1.0,inc0029_fib_screen_HOPF_K25_BASE_seed0_20260306_003234.log,0,,,,phase4d_hopf,"0,1","0,2,4,6","1,3",0.0,radial,10,0,1,0,32,4,0.0,120,0.004014380433444245,0.003891024973819533,,0.981817450942666,0.9807067032308929,0.0,11,21,10,10,,,,,,,,,,,,,,,,0.37867862498387694,64.42067049996695,0.03661370795452967,,,,,,,,14.940766874991823,0.8155718749621883,80.71975891699549,,,inc0029_fib_screen_HOPF_K25_BASE_seed0_20260306_003234,master,,
2026-03-06T11:59:32,True,,1.0,inc0029_fib_screen_HOPF_K25_BASE_seed1_20260306_003717.log,1,,,,phase4d_hopf,"0,1","0,2,4,6","1,3",0.0,radial,10,0,1,0,32,4,0.0,120,0.004018352639843571,0.0038864872993637036,,0.9821032268772795,0.9810722093551152,0.0,10,20,9,9,,,,,,,,,,,,,,,,0.24078829196514562,45.25608145794831,0.2596972500323318,,,,,,,,17.282178250025027,0.7758562919916585,64.21868824999547,,,inc0029_fib_screen_HOPF_K25_BASE_seed1_20260306_003717,master,,
2026-03-06T11:59:32,True,,1.0,inc0029_fib_screen_PHASE_K25_C035_seed0_20260306_003533.log,0,,,,phase4d_adaptive,"0,1","0,2,4,6","1,3",0.0,radial,10,0,1,0,32,4,0.0,120,0.003995561907525326,0.003911266063932663,,0.9794222984307865,0.9758704675001741,0.0004,22,34,6,6,,,,,,,,,,,,,,,,0.23949095798889175,48.460742917028256,0.04745000001275912,,,,,,,,6.123497749969829,0.5407307500136085,55.60142520797672,,,inc0029_fib_screen_PHASE_K25_C035_seed0_20260306_003533,master,,
2026-03-06T11:59:32,True,,1.0,inc0029_fib_screen_PHASE_K25_C035_seed1_20260306_004012.log,1,,,,phase4d_adaptive,"0,1","0,2,4,6","1,3",0.0,radial,10,0,1,0,32,4,0.0,120,0.004023236495407864,0.003907710557136093,,0.9800153505907975,0.9765890122708272,0.0,21,36,9,9,,,,,,,,,,,,,,,,0.22373274998972192,43.72840945899952,0.027539166971109807,,,,,,,,5.31596024997998,0.7060208329930902,50.14156004198594,,,inc0029_fib_screen_PHASE_K25_C035_seed1_20260306_004012,master,,
2026-03-06T11:59:32,True,,1.0,inc0029_fib_screen_R0_seed0_20260306_003629.log,0,,,,kmeans,"0,1","0,2,4,6","1,3",0.0,radial,10,0,1,0,32,4,50.0,120,0.004012129030442227,0.003909330385621023,,0.982054408742315,0.9811308878490524,0.0,8,19,11,11,,,,,,,,,,,,,,,,0.24361129198223352,44.501413249992765,0.023263750015757978,,,,,,,,1.2757570830290206,0.814265749999322,47.15525058301864,,,inc0029_fib_screen_R0_seed0_20260306_003629,master,,
2026-03-06T11:59:32,True,,1.0,inc0029_fib_screen_R0_seed1_20260306_004103.log,1,,,,kmeans,"0,1","0,2,4,6","1,3",0.0,radial,10,0,1,0,32,4,50.0,120,0.003999402229590503,0.003913185231546915,,0.9822522234769407,0.9809092694287701,0.0,8,18,10,10,,,,,,,,,,,,,,,,0.2429377919761464,38.68909587501548,0.027567709039431065,,,,,,,,0.7510068749543279,0.6631510410225019,40.62544783303747,,,inc0029_fib_screen_R0_seed1_20260306_004103,master,,
2026-03-06T11:59:32,True,,1.0,inc0030_hopf_confirm_HOPF_K25_BASE_seed0_20260305_235940.log,0,,,,phase4d_hopf,"0,1","0,2,4,6","1,3",0.0,radial,10,0,1,0,32,4,0.0,120,0.004014380433444245,0.003891024973819533,,0.981817450942666,0.9807067032308929,0.0,11,21,10,10,,,,,,,,,,,,,,,,0.3568076249794103,49.56825262500206,0.04130187502596527,,,,,,,,5.65885437495308,0.7788132089772262,56.570987250015605,,,inc0030_hopf_confirm_HOPF_K25_BASE_seed0_20260305_235940,master,,
2026-03-06T11:59:32,True,,1.0,inc0030_hopf_confirm_HOPF_K25_BASE_seed1_20260306_000339.log,1,,,,phase4d_hopf,"0,1","0,2,4,6","1,3",0.0,radial,10,0,1,0,32,4,0.0,120,0.004018352639843571,0.0038864872993637036,,0.9821032268772795,0.9810722093551152,0.0,10,20,9,9,,,,,,,,,,,,,,,,0.24677591701038182,49.47152079199441,0.04496766603551805,,,,,,,,6.597442583006341,0.7195119580137543,57.23209508397849,,,inc0030_hopf_confirm_HOPF_K25_BASE_seed1_20260306_000339,master,,
2026-03-06T11:59:32,True,,1.0,inc0030_hopf_confirm_HOPF_K25_BASE_seed2_20260306_000746.log,2,,,,phase4d_hopf,"0,1","0,2,4,6","1,3",0.0,radial,10,0,1,0,32,4,0.0,120,0.00399945548987454,0.0039048347136687433,,0.9814919529179474,0.9794693034710482,0.0,11,17,6,6,,,,,,,,,,,,,,,,0.22985783399781212,57.46499583404511,0.027792833978310227,,,,,,,,9.972425166983157,0.5635817089932971,68.39460374996997,,,inc0030_hopf_confirm_HOPF_K25_BASE_seed2_20260306_000746,master,,
2026-03-06T11:59:32,True,,1.0,inc0030_hopf_confirm_HOPF_K25_BASE_seed3_20260306_001157.log,3,,,,phase4d_hopf,"0,1","0,2,4,6","1,3",0.0,radial,10,0,1,0,32,4,0.0,120,0.003995962240600836,0.00390397446902483,,0.9811943240590774,0.9798180220899907,0.0,11,17,6,6,,,,,,,,,,,,,,,,0.34813849994679913,59.94689962500706,0.048208917025476694,,,,,,,,9.621377500006929,0.6410092080477625,70.77777691697702,,,inc0030_hopf_confirm_HOPF_K25_BASE_seed3_20260306_001157,master,,
2026-03-06T11:59:32,True,,1.0,inc0030_hopf_confirm_PHASE_K25_C035_seed0_20260306_000037.log,0,,,,phase4d_adaptive,"0,1","0,2,4,6","1,3",0.0,radial,10,0,1,0,32,4,0.0,120,0.003995561907525326,0.003911266063932663,,0.9794222984307865,0.9758704675001741,0.0004,22,34,6,6,,,,,,,,,,,,,,,,0.2430182920070365,46.84277629200369,0.04383574996609241,,,,,,,,8.00833312497707,0.5510084169800393,55.829864750034176,,,inc0030_hopf_confirm_PHASE_K25_C035_seed0_20260306_000037,master,,
2026-03-06T11:59:32,True,,1.0,inc0030_hopf_confirm_PHASE_K25_C035_seed1_20260306_000436.log,1,,,,phase4d_adaptive,"0,1","0,2,4,6","1,3",0.0,radial,10,0,1,0,32,4,0.0,120,0.004023236495407864,0.003907710557136093,,0.9800153505907975,0.9765890122708272,0.0,21,36,9,9,,,,,,,,,,,,,,,,0.26008883299073204,48.755799249978736,0.028685790952295065,,,,,,,,6.893988249998074,0.700914625020232,56.79325099999551,,,inc0030_hopf_confirm_PHASE_K25_C035_seed1_20260306_000436,master,,
2026-03-06T11:59:32,True,,1.0,inc0030_hopf_confirm_PHASE_K25_C035_seed2_20260306_000854.log,2,,,,phase4d_adaptive,"0,1","0,2,4,6","1,3",0.0,radial,10,0,1,0,32,4,0.0,120,0.003992524239392084,0.003902048608616414,,0.9778005504026119,0.9740212473384463,0.0,24,48,12,12,,,,,,,,,,,,,,,,0.26494416705099866,57.3155757500208,0.04283820796990767,,,,,,,,7.335984749952331,0.9728911659913138,66.09566662501311,,,inc0030_hopf_confirm_PHASE_K25_C035_seed2_20260306_000854,master,,
2026-03-06T11:59:32,True,,1.0,inc0030_hopf_confirm_PHASE_K25_C035_seed3_20260306_001308.log,3,,,,phase4d_adaptive,"0,1","0,2,4,6","1,3",0.0,radial,10,0,1,0,32,4,0.0,120,0.0040102095265380664,0.0038965348702478457,,0.9774089991107807,0.9739067548339846,0.0004,25,50,13,13,,,,,,,,,,,,,,,,0.2654962500091642,57.38387166702887,0.05433212500065565,,,,,,,,5.700566332961898,1.2180295839789324,64.83370445796754,,,inc0030_hopf_confirm_PHASE_K25_C035_seed3_20260306_001308,master,,
2026-03-06T11:59:32,True,,1.0,inc0030_hopf_confirm_PHI3_K25_D36_L065_seed0_20260306_000133.log,0,,,,phase4d_adaptive,"0,1","0,2,4,6","1,3",0.0,radial,10,0,1,0,32,4,0.0,120,0.004012882596809907,0.0038903336302341758,,0.9798338001337832,0.9775073391302261,0.0,19,38,10,10,,,,,,,,,,,,,,,,0.24612891604192555,65.99997399997665,0.04896016605198383,,,,,,,,10.280438249988947,0.8363175829872489,77.56891541695222,,,inc0030_hopf_confirm_PHI3_K25_D36_L065_seed0_20260306_000133,master,,
2026-03-06T11:59:32,True,,1.0,inc0030_hopf_confirm_PHI3_K25_D36_L065_seed1_20260306_000533.log,1,,,,phase4d_adaptive,"0,1","0,2,4,6","1,3",0.0,radial,10,0,1,0,32,4,0.0,120,0.004002903519854784,0.0039439138462356756,,0.9781539620737967,0.9740968033220277,0.0024,28,46,5,5,,,,,,,,,,,,,,,,0.24377745803212747,45.11715704196831,0.04196674999548122,,,,,,,,6.692054790968541,0.43021799996495247,52.67936670803465,,,inc0030_hopf_confirm_PHI3_K25_D36_L065_seed1_20260306_000533,master,,
2026-03-06T11:59:32,True,,1.0,inc0030_hopf_confirm_PHI3_K25_D36_L065_seed2_20260306_001001.log,2,,,,phase4d_adaptive,"0,1","0,2,4,6","1,3",0.0,radial,10,0,1,0,32,4,0.0,120,0.004008032223031162,0.003907139068581798,,0.978814059620333,0.9749297003211175,0.0004,21,39,8,8,,,,,,,,,,,,,,,,0.24214483302785084,53.46376312500797,0.07098187500378117,,,,,,,,6.406572417006828,0.6041108329663984,60.912234999996144,,,inc0030_hopf_confirm_PHI3_K25_D36_L065_seed2_20260306_001001,master,,
2026-03-06T11:59:32,True,,1.0,inc0030_hopf_confirm_PHI3_K25_D36_L065_seed3_20260306_001413.log,3,,,,phase4d_adaptive,"0,1","0,2,4,6","1,3",0.0,radial,10,0,1,0,32,4,0.0,120,0.003989421909736974,0.003926322990034258,,0.9781635965138672,0.9747118729396183,0.0004,23,39,5,5,,,,,,,,,,,,,,,,0.24994779203552753,53.73519637499703,0.057361042010597885,,,,,,,,9.168457375024445,0.45140204194467515,63.82047416700516,,,inc0030_hopf_confirm_PHI3_K25_D36_L065_seed3_20260306_001413,master,,
2026-03-06T11:59:32,True,,1.0,inc0030_hopf_confirm_R0_seed0_20260306_000251.log,0,,,,kmeans,"0,1","0,2,4,6","1,3",0.0,radial,10,0,1,0,32,4,50.0,120,0.004012129030442227,0.003909330385621023,,0.982054408742315,0.9811308878490524,0.0,8,19,11,11,,,,,,,,,,,,,,,,0.25278145796619356,45.134311999951024,0.04038158303592354,,,,,,,,1.0192817079951055,0.8552269999636337,47.59992908302229,,,inc0030_hopf_confirm_R0_seed0_20260306_000251,master,,
2026-03-06T11:59:32,True,,1.0,inc0030_hopf_confirm_R0_seed1_20260306_000626.log,1,,,,kmeans,"0,1","0,2,4,6","1,3",0.0,radial,10,0,1,0,32,4,50.0,120,0.003999402229590503,0.003913185231546915,,0.9822522234769407,0.9809092694287701,0.0,8,18,10,10,,,,,,,,,,,,,,,,0.24992720899172127,74.99872195796343,0.10972879204200581,,,,,,,,2.4213249169988558,0.7456686669611372,79.12836349999998,,,inc0030_hopf_confirm_R0_seed1_20260306_000626,master,,
2026-03-06T11:59:32,True,,1.0,inc0030_hopf_confirm_R0_seed2_20260306_001102.log,2,,,,kmeans,"0,1","0,2,4,6","1,3",0.0,radial,10,0,1,0,32,4,50.0,120,0.004017842416056357,0.0039034650868993567,,0.9814376243505974,0.979800795415951,0.0,8,24,16,16,,,,,,,,,,,,,,,,0.2683517500408925,51.754800375027116,0.051151958003174514,,,,,,,,1.0976591669605114,1.0419454589718953,54.58745558396913,,,inc0030_hopf_confirm_R0_seed2_20260306_001102,master,,
2026-03-06T11:59:32,True,,1.0,inc0030_hopf_confirm_R0_seed3_20260306_001518.log,3,,,,kmeans,"0,1","0,2,4,6","1,3",0.0,radial,10,0,1,0,32,4,50.0,120,0.00401956369563352,0.003905572486022944,,0.9812665134594432,0.9803143880370472,0.0,8,20,12,12,,,,,,,,,,,,,,,,0.24889933300437406,46.83882987499237,0.03707933297846466,,,,,,,,1.7181274589966051,0.8261080830125138,50.01521300000604,,,inc0030_hopf_confirm_R0_seed3_20260306_001518,master,,
2026-03-06T11:59:32,True,,1.0,inc0031_phi2_rung_screen_HOPF_FIB_K25_seed0_20260306_005330.log,0,,,,phase4d_hopf_fib,"0,1","0,2,4,6","1,3",0.0,radial,10,0,1,0,32,4,0.0,120,0.004014380433444245,0.003891024973819533,,0.981817450942666,0.9807067032308929,0.0,11,21,10,10,,,,,,,,,,,,,,,,0.2419609579956159,101.48058600001968,0.108052791969385,,,,,,,,15.17643270897679,0.7776278749806806,118.1524369159597,,,inc0031_phi2_rung_screen_HOPF_FIB_K25_seed0_20260306_005330,master,,
2026-03-06T11:59:32,True,,1.0,inc0031_phi2_rung_screen_HOPF_FIB_K25_seed1_20260306_010133.log,1,,,,phase4d_hopf_fib,"0,1","0,2,4,6","1,3",0.0,radial,10,0,1,0,32,4,0.0,120,0.004018352639843571,0.0038864872993637036,,0.9821032268772795,0.9810722093551152,0.0,10,20,9,9,,,,,,,,,,,,,,,,0.3047188750351779,108.10358166700462,0.1129515829961747,,,,,,,,12.319196042022668,0.7116522919968702,121.85075379197951,,,inc0031_phi2_rung_screen_HOPF_FIB_K25_seed1_20260306_010133,master,,
2026-03-06T11:59:32,True,,1.0,inc0031_phi2_rung_screen_HOPF_K25_BASE_seed0_20260306_005226.log,0,,,,phase4d_hopf,"0,1","0,2,4,6","1,3",0.0,radial,10,0,1,0,32,4,0.0,120,0.004014380433444245,0.003891024973819533,,0.981817450942666,0.9807067032308929,0.0,11,21,10,10,,,,,,,,,,,,,,,,0.3715764589724131,51.96031708299415,0.07907366700237617,,,,,,,,10.52376470802119,0.773889375035651,63.89937466598349,,,inc0031_phi2_rung_screen_HOPF_K25_BASE_seed0_20260306_005226,master,,
2026-03-06T11:59:32,True,,1.0,inc0031_phi2_rung_screen_HOPF_K25_BASE_seed1_20260306_005952.log,1,,,,phase4d_hopf,"0,1","0,2,4,6","1,3",0.0,radial,10,0,1,0,32,4,0.0,120,0.004018352639843571,0.0038864872993637036,,0.9821032268772795,0.9810722093551152,0.0,10,20,9,9,,,,,,,,,,,,,,,,0.41454099997645244,80.7282355420175,0.06760216603288427,,,,,,,,17.570899665995967,0.7468595000100322,99.74938562500756,,,inc0031_phi2_rung_screen_HOPF_K25_BASE_seed1_20260306_005952,master,,
2026-03-06T11:59:32,True,,1.0,inc0031_phi2_rung_screen_HOPF_PHI2_K25_seed0_20260306_005528.log,0,,,,phase4d_hopf_fib_rung,"0,1","0,2,4,6","1,3",0.0,radial,10,0,1,0,32,4,0.0,120,0.003991098441796765,0.003899479695090703,,0.9801533181206024,0.9778988286564326,0.0,18,29,7,7,,,,,,,,,,,,,,,,0.2652336250175722,94.15603941702284,0.1375435420195572,,,,,,,,26.94986074999906,0.6724317499902099,122.43919108301634,,,inc0031_phi2_rung_screen_HOPF_PHI2_K25_seed0_20260306_005528,master,,
2026-03-06T11:59:32,True,,1.0,inc0031_phi2_rung_screen_HOPF_PHI2_K25_seed1_20260306_010335.log,1,,,,phase4d_hopf_fib_rung,"0,1","0,2,4,6","1,3",0.0,radial,10,0,1,0,32,4,0.0,120,0.0040157271026190966,0.0039053349119998657,,0.9794477420122588,0.9764268716371914,0.0,22,31,6,6,,,,,,,,,,,,,,,,0.22780858300393447,94.63536650000606,0.1361880000331439,,,,,,,,12.634401916002389,0.5712035840260796,108.52189012500457,,,inc0031_phi2_rung_screen_HOPF_PHI2_K25_seed1_20260306_010335,master,,
2026-03-06T11:59:32,True,,1.0,inc0031_phi2_rung_screen_PHASE_K25_C035_seed0_20260306_005731.log,0,,,,phase4d_adaptive,"0,1","0,2,4,6","1,3",0.0,radial,10,0,1,0,32,4,0.0,120,0.003995561907525326,0.003911266063932663,,0.9794222984307865,0.9758704675001741,0.0004,22,34,6,6,,,,,,,,,,,,,,,,0.244470999983605,61.741585957992356,0.040457708993926644,,,,,,,,14.483633542025927,0.5161142920260318,77.16297333297553,,,inc0031_phi2_rung_screen_PHASE_K25_C035_seed0_20260306_005731,master,,
2026-03-06T11:59:32,True,,1.0,inc0031_phi2_rung_screen_PHASE_K25_C035_seed1_20260306_010524.log,1,,,,phase4d_adaptive,"0,1","0,2,4,6","1,3",0.0,radial,10,0,1,0,32,4,0.0,120,0.004023236495407864,0.003907710557136093,,0.9800153505907975,0.9765890122708272,0.0,21,36,9,9,,,,,,,,,,,,,,,,0.2495154999778606,58.63297670800239,0.0580747919739224,,,,,,,,6.06822033401113,0.7063449160195887,65.86688324995339,,,inc0031_phi2_rung_screen_PHASE_K25_C035_seed1_20260306_010524,master,,
2026-03-06T11:59:32,True,,1.0,inc0031_phi2_rung_screen_R0_seed0_20260306_005848.log,0,,,,kmeans,"0,1","0,2,4,6","1,3",0.0,radial,10,0,1,0,32,4,50.0,120,0.004012129030442227,0.003909330385621023,,0.982054408742315,0.9811308878490524,0.0,8,19,11,11,,,,,,,,,,,,,,,,0.3013353749993257,57.181389582983684,0.041403999959584326,,,,,,,,4.784737457986921,0.8189235420431942,63.850692290987354,,,inc0031_phi2_rung_screen_R0_seed0_20260306_005848,master,,
2026-03-06T11:59:32,True,,1.0,inc0031_phi2_rung_screen_R0_seed1_20260306_010630.log,1,,,,kmeans,"0,1","0,2,4,6","1,3",0.0,radial,10,0,1,0,32,4,50.0,120,0.003999402229590503,0.003913185231546915,,0.9822522234769407,0.9809092694287701,0.0,8,18,10,10,,,,,,,,,,,,,,,,0.27660300000570714,52.28122320800321,0.035230499983299524,,,,,,,,0.7087292080395855,0.7316768749733455,54.375313249998726,,,inc0031_phi2_rung_screen_R0_seed1_20260306_010630,master,,
2026-03-06T11:59:32,True,,1.0,inc0032_phi2_gated_screen_HOPF_K25_BASE_seed0_20260306_012807.log,0,,,,phase4d_hopf,"0,1","0,2,4,6","1,3",0.0,radial,10,0,1,0,32,4,0.0,120,0.004014380433444245,0.003891024973819533,,0.981817450942666,0.9807067032308929,0.0,11,21,10,10,,,,,,,,,,,,,,,,0.3707187079708092,51.589144541998394,0.02691845898516476,,,,,,,,7.393005666031968,0.7684123329818249,60.28669262502808,,,inc0032_phi2_gated_screen_HOPF_K25_BASE_seed0_20260306_012807,master,,
2026-03-06T11:59:32,True,,1.0,inc0032_phi2_gated_screen_HOPF_K25_BASE_seed1_20260306_013635.log,1,,,,phase4d_hopf,"0,1","0,2,4,6","1,3",0.0,radial,10,0,1,0,32,4,0.0,120,0.004018352639843571,0.0038864872993637036,,0.9821032268772795,0.9810722093551152,0.0,10,20,9,9,,,,,,,,,,,,,,,,0.42132750002201647,52.78272358299,0.042726750019937754,,,,,,,,7.990442709007766,0.8167502079741098,62.23487112496514,,,inc0032_phi2_gated_screen_HOPF_K25_BASE_seed1_20260306_013635,master,,
2026-03-06T11:59:32,True,,1.0,inc0032_phi2_gated_screen_HOPF_PHI2_G062_seed0_20260306_013100.log,0,,,,phase4d_hopf_fib_rung,"0,1","0,2,4,6","1,3",0.0,radial,10,0,1,0,32,4,0.0,120,0.003989307768241858,0.0039113235674295725,,0.9810634349902433,0.978802092084566,0.0,16,21,5,5,,,,,,,,,,,,,,,,0.24186920799547806,97.85564825002803,0.11169745796360075,,,,,,,,10.242522957967594,0.48440466698957607,109.17372016602894,,,inc0032_phi2_gated_screen_HOPF_PHI2_G062_seed0_20260306_013100,master,,
2026-03-06T11:59:32,True,,1.0,inc0032_phi2_gated_screen_HOPF_PHI2_G062_seed1_20260306_013914.log,1,,,,phase4d_hopf_fib_rung,"0,1","0,2,4,6","1,3",0.0,radial,10,0,1,0,32,4,0.0,120,0.0040340259197214744,0.003899339505158536,,0.9803662772563178,0.9777804205052029,0.0,19,28,9,9,,,,,,,,,,,,,,,,0.22510879201581702,75.86419774999376,0.08324179099872708,,,,,,,,6.607092291989829,0.8308315000031143,83.82237787503982,,,inc0032_phi2_gated_screen_HOPF_PHI2_G062_seed1_20260306_013914,master,,
2026-03-06T11:59:32,True,,1.0,inc0032_phi2_gated_screen_HOPF_PHI2_G085_seed0_20260306_013250.log,0,,,,phase4d_hopf_fib_rung,"0,1","0,2,4,6","1,3",0.0,radial,10,0,1,0,32,4,0.0,120,0.003994702606161138,0.003904554743341889,,0.980855006375815,0.9791029921914729,0.0004,15,25,7,7,,,,,,,,,,,,,,,,0.22936745802871883,96.26106637495104,0.09500320802908391,,,,,,,,12.494086167018395,0.7754121249890886,110.11424870800693,,,inc0032_phi2_gated_screen_HOPF_PHI2_G085_seed0_20260306_013250,master,,
2026-03-06T11:59:32,True,,1.0,inc0032_phi2_gated_screen_HOPF_PHI2_G085_seed1_20260306_014038.log,1,,,,phase4d_hopf_fib_rung,"0,1","0,2,4,6","1,3",0.0,radial,10,0,1,0,32,4,0.0,120,0.004013833980340985,0.0038834569963223245,,0.9819000649372268,0.9799215041516093,0.0,12,20,8,8,,,,,,,,,,,,,,,,0.24524920800467953,77.66259037499549,0.10022391600068659,,,,,,,,5.178804791998118,0.6413919169572182,84.04350154200802,,,inc0032_phi2_gated_screen_HOPF_PHI2_G085_seed1_20260306_014038,master,,
2026-03-06T11:59:32,True,,1.0,inc0032_phi2_gated_screen_HOPF_PHI2_K25_seed0_20260306_012907.log,0,,,,phase4d_hopf_fib_rung,"0,1","0,2,4,6","1,3",0.0,radial,10,0,1,0,32,4,0.0,120,0.003991098441796765,0.003899479695090703,,0.9801533181206024,0.9778988286564326,0.0,18,29,7,7,,,,,,,,,,,,,,,,0.23152395902434364,98.35168658400653,0.11838595801964402,,,,,,,,13.534774542029481,0.6269345409818925,113.11972854100168,,,inc0032_phi2_gated_screen_HOPF_PHI2_K25_seed0_20260306_012907,master,,
2026-03-06T11:59:32,True,,1.0,inc0032_phi2_gated_screen_HOPF_PHI2_K25_seed1_20260306_013738.log,1,,,,phase4d_hopf_fib_rung,"0,1","0,2,4,6","1,3",0.0,radial,10,0,1,0,32,4,0.0,120,0.0040157271026190966,0.0039053349119998657,,0.9794477420122588,0.9764268716371914,0.0,22,31,6,6,,,,,,,,,,,,,,,,0.2206730839679949,89.71016324998345,0.07827062497381121,,,,,,,,4.894839124986902,0.5172207920113578,95.6109716250212,,,inc0032_phi2_gated_screen_HOPF_PHI2_K25_seed1_20260306_013738,master,,
2026-03-06T11:59:32,True,,1.0,inc0032_phi2_gated_screen_PHASE_K25_C035_seed0_20260306_013440.log,0,,,,phase4d_adaptive,"0,1","0,2,4,6","1,3",0.0,radial,10,0,1,0,32,4,0.0,120,0.003995561907525326,0.003911266063932663,,0.9794222984307865,0.9758704675001741,0.0004,22,34,6,6,,,,,,,,,,,,,,,,0.2425026249838993,54.352481374982744,0.029985707951709628,,,,,,,,7.269389958004467,0.5481681249802932,62.69743166601984,,,inc0032_phi2_gated_screen_PHASE_K25_C035_seed0_20260306_013440,master,,
2026-03-06T11:59:32,True,,1.0,inc0032_phi2_gated_screen_PHASE_K25_C035_seed1_20260306_014202.log,1,,,,phase4d_adaptive,"0,1","0,2,4,6","1,3",0.0,radial,10,0,1,0,32,4,0.0,120,0.004023236495407864,0.003907710557136093,,0.9800153505907975,0.9765890122708272,0.0,21,36,9,9,,,,,,,,,,,,,,,,0.23904891702113673,46.313328040996566,0.046356167003978044,,,,,,,,6.9208204169990495,0.6867685000179335,54.352531083044596,,,inc0032_phi2_gated_screen_PHASE_K25_C035_seed1_20260306_014202,master,,
2026-03-06T11:59:32,True,,1.0,inc0032_phi2_gated_screen_R0_seed0_20260306_013543.log,0,,,,kmeans,"0,1","0,2,4,6","1,3",0.0,radial,10,0,1,0,32,4,50.0,120,0.004012129030442227,0.003909330385621023,,0.982054408742315,0.9811308878490524,0.0,8,19,11,11,,,,,,,,,,,,,,,,0.23402350000105798,46.18744337500539,0.06732375000137836,,,,,,,,3.7063538749935105,0.8957771669956855,51.465606249985285,,,inc0032_phi2_gated_screen_R0_seed0_20260306_013543,master,,
2026-03-06T11:59:32,True,,1.0,inc0032_phi2_gated_screen_R0_seed1_20260306_014256.log,1,,,,kmeans,"0,1","0,2,4,6","1,3",0.0,radial,10,0,1,0,32,4,50.0,120,0.003999402229590503,0.003913185231546915,,0.9822522234769407,0.9809092694287701,0.0,8,18,10,10,,,,,,,,,,,,,,,,0.236254540970549,39.666969374986365,0.04291083401767537,,,,,,,,1.4086357080377638,0.6778725420008413,42.456170042045414,,,inc0032_phi2_gated_screen_R0_seed1_20260306_014256,master,,
2026-03-06T11:59:32,True,,1.0,inc0033_phi2_band_screen_HOPF_K25_BASE_seed0_20260306_015820.log,0,,,,phase4d_hopf,"0,1","0,2,4,6","1,3",0.0,radial,10,0,1,0,32,4,0.0,120,0.004014380433444245,0.003891024973819533,,0.981817450942666,0.9807067032308929,0.0,11,21,10,10,,,,,,,,,,,,,,,,0.39402420801343396,58.66005491599208,0.05924608401255682,,,,,,,,9.851775666000322,0.7760832500061952,69.91519812500337,,,inc0033_phi2_band_screen_HOPF_K25_BASE_seed0_20260306_015820,master,,
2026-03-06T11:59:32,True,,1.0,inc0033_phi2_band_screen_HOPF_K25_BASE_seed1_20260306_020415.log,1,,,,phase4d_hopf,"0,1","0,2,4,6","1,3",0.0,radial,10,0,1,0,32,4,0.0,120,0.004018352639843571,0.0038864872993637036,,0.9821032268772795,0.9810722093551152,0.0,10,20,9,9,,,,,,,,,,,,,,,,0.23553937498945743,47.153070500004105,0.05513270798837766,,,,,,,,6.55015716602793,0.7168928330065683,54.862551958009135,,,inc0033_phi2_band_screen_HOPF_K25_BASE_seed1_20260306_020415,master,,
2026-03-06T11:59:32,True,,1.0,inc0033_phi2_band_screen_HOPF_PHI2_BAND_seed0_20260306_020109.log,0,,,,phase4d_hopf_fib_band,"0,1","0,2,4,6","1,3",0.0,radial,10,0,1,0,32,4,0.0,120,0.003990208092955007,0.0038951949978383183,,0.9801696679553518,0.977889268204994,0.0,18,29,7,7,,,,,,,,,,,,,,,,0.24043162498855963,51.0198947499739,0.04365175002021715,,,,,,,,8.796309416997246,0.5948728329967707,60.84171433397569,,,inc0033_phi2_band_screen_HOPF_PHI2_BAND_seed0_20260306_020109,master,,
2026-03-06T11:59:32,True,,1.0,inc0033_phi2_band_screen_HOPF_PHI2_BAND_seed1_20260306_020725.log,1,,,,phase4d_hopf_fib_band,"0,1","0,2,4,6","1,3",0.0,radial,10,0,1,0,32,4,0.0,120,0.0040292690132863514,0.003899010662884953,,0.9801574302731985,0.9773560829585933,0.0,18,31,9,9,,,,,,,,,,,,,,,,0.2500604579690844,60.971670792030636,0.03878091601654887,,,,,,,,8.423973666969687,0.7582999159931205,70.60893816698808,,,inc0033_phi2_band_screen_HOPF_PHI2_BAND_seed1_20260306_020725,master,,
2026-03-06T11:59:32,True,,1.0,inc0033_phi2_band_screen_HOPF_PHI2_K25_seed0_20260306_015930.log,0,,,,phase4d_hopf_fib_rung,"0,1","0,2,4,6","1,3",0.0,radial,10,0,1,0,32,4,0.0,120,0.003991098441796765,0.003899479695090703,,0.9801533181206024,0.9778988286564326,0.0,18,29,7,7,,,,,,,,,,,,,,,,0.26789837499381974,88.22515450004721,0.1472479589865543,,,,,,,,8.757409957994241,0.5948486250126734,98.2625734169851,,,inc0033_phi2_band_screen_HOPF_PHI2_K25_seed0_20260306_015930,master,,
2026-03-06T11:59:32,True,,1.0,inc0033_phi2_band_screen_HOPF_PHI2_K25_seed1_20260306_020510.log,1,,,,phase4d_hopf_fib_rung,"0,1","0,2,4,6","1,3",0.0,radial,10,0,1,0,32,4,0.0,120,0.0040157271026190966,0.0039053349119998657,,0.9794477420122588,0.9764268716371914,0.0,22,31,6,6,,,,,,,,,,,,,,,,0.26568775001214817,106.10067954100668,0.09170183399692178,,,,,,,,27.304283583012875,0.5518066670047119,134.56011212500744,,,inc0033_phi2_band_screen_HOPF_PHI2_K25_seed1_20260306_020510,master,,
2026-03-06T11:59:32,True,,1.0,inc0033_phi2_band_screen_PHASE_K25_C035_seed0_20260306_020210.log,0,,,,phase4d_adaptive,"0,1","0,2,4,6","1,3",0.0,radial,10,0,1,0,32,4,0.0,120,0.003995561907525326,0.003911266063932663,,0.9794222984307865,0.9758704675001741,0.0004,22,34,6,6,,,,,,,,,,,,,,,,0.22163695801282302,52.69370004103985,0.40274295798735693,,,,,,,,18.699747291044332,0.569897708017379,73.0257391660125,,,inc0033_phi2_band_screen_PHASE_K25_C035_seed0_20260306_020210,master,,
2026-03-06T11:59:32,True,,1.0,inc0033_phi2_band_screen_PHASE_K25_C035_seed1_20260306_020836.log,1,,,,phase4d_adaptive,"0,1","0,2,4,6","1,3",0.0,radial,10,0,1,0,32,4,0.0,120,0.004023236495407864,0.003907710557136093,,0.9800153505907975,0.9765890122708272,0.0,21,36,9,9,,,,,,,,,,,,,,,,0.25106916698860005,58.71709541697055,0.04677600000286475,,,,,,,,7.111066790996119,0.6699743329663761,66.9406869999948,,,inc0033_phi2_band_screen_PHASE_K25_C035_seed1_20260306_020836,master,,
2026-03-06T11:59:32,True,,1.0,inc0033_phi2_band_screen_R0_seed0_20260306_020323.log,0,,,,kmeans,"0,1","0,2,4,6","1,3",0.0,radial,10,0,1,0,32,4,50.0,120,0.004012129030442227,0.003909330385621023,,0.982054408742315,0.9811308878490524,0.0,8,19,11,11,,,,,,,,,,,,,,,,0.25969900004565716,49.24774033401627,0.024613875022623688,,,,,,,,0.7285980830201879,0.8128160830237903,51.404792207991704,,,inc0033_phi2_band_screen_R0_seed0_20260306_020323,master,,
2026-03-06T11:59:32,True,,1.0,inc0033_phi2_band_screen_R0_seed1_20260306_020943.log,1,,,,kmeans,"0,1","0,2,4,6","1,3",0.0,radial,10,0,1,0,32,4,50.0,120,0.003999402229590503,0.003913185231546915,,0.9822522234769407,0.9809092694287701,0.0,8,18,10,10,,,,,,,,,,,,,,,,0.2948330839863047,47.628950499987695,0.058016750030219555,,,,,,,,1.5278211669647135,2.787198083999101,52.84855591703672,,,inc0033_phi2_band_screen_R0_seed1_20260306_020943,master,,
2026-03-06T11:59:32,False,summary line missing,,inc0034_blended_hopf_screen_HOPF_BLEND_L080_C10_S05_seed0_20260306_023529.log,,,,,,,,,,,,,,,,,,,,,,,,,,,,,,,,,,,,,,,,,,,,,,,,,,,,,,,,,,,,,,
2026-03-06T11:59:32,True,,1.0,inc0034_blended_hopf_screen_HOPF_BLEND_L080_C10_S05_seed0_20260306_023938.log,0,,,,phase4d_hopf_blend,"0,1","0,2,4,6","1,3",0.0,radial,10,0,1,0,32,4,0.0,120,0.004008047328919247,0.003912763252385984,,0.9787762687149975,0.9760721011425987,0.0,22,43,10,10,,,,,,,,,,,,,,,,0.24148458300624043,66.38521879201289,0.061493791989050806,,,,,,,,12.425172416027635,0.6701870409888215,79.9539402910159,,,inc0034_blended_hopf_screen_HOPF_BLEND_L080_C10_S05_seed0_20260306_023938,master,,
2026-03-06T11:59:32,True,,1.0,inc0034_blended_hopf_screen_HOPF_BLEND_L080_C10_S05_seed1_20260306_024550.log,1,,,,phase4d_hopf_blend,"0,1","0,2,4,6","1,3",0.0,radial,10,0,1,0,32,4,0.0,120,0.003991992353611059,0.0039164213964372465,,0.980728660305922,0.9797413962552084,0.0,14,27,9,9,,,,,,,,,,,,,,,,0.2633710000081919,47.30028029100504,0.03715687501244247,,,,,,,,9.11203200003365,0.7435209579998627,57.64528070803499,,,inc0034_blended_hopf_screen_HOPF_BLEND_L080_C10_S05_seed1_20260306_024550,master,,
2026-03-06T11:59:32,False,summary line missing,,inc0034_blended_hopf_screen_HOPF_BLEND_L110_C15_S05_seed0_20260306_023626.log,,,,,,,,,,,,,,,,,,,,,,,,,,,,,,,,,,,,,,,,,,,,,,,,,,,,,,,,,,,,,,
2026-03-06T11:59:32,True,,1.0,inc0034_blended_hopf_screen_HOPF_BLEND_L110_C15_S05_seed0_20260306_024058.log,0,,,,phase4d_hopf_blend,"0,1","0,2,4,6","1,3",0.0,radial,10,0,1,0,32,4,0.0,120,0.00399235746345737,0.003922662934336166,,0.9811150607493544,0.9785758126808363,0.0008,13,25,7,7,,,,,,,,,,,,,,,,0.23754012497374788,52.599333541991655,0.08209479099605232,,,,,,,,8.236587167019024,0.5865806669462472,61.88754766702186,,,inc0034_blended_hopf_screen_HOPF_BLEND_L110_C15_S05_seed0_20260306_024058,master,,
2026-03-06T11:59:32,True,,1.0,inc0034_blended_hopf_screen_HOPF_BLEND_L110_C15_S05_seed1_20260306_024648.log,1,,,,phase4d_hopf_blend,"0,1","0,2,4,6","1,3",0.0,radial,10,0,1,0,32,4,0.0,120,0.004006826532095428,0.003899587905505431,,0.9810226717562472,0.9791598992772218,0.0,13,29,11,11,,,,,,,,,,,,,,,,0.3535779580124654,49.97722674999386,0.026418207969982177,,,,,,,,6.50857254100265,0.8956370420055464,57.90973595902324,,,inc0034_blended_hopf_screen_HOPF_BLEND_L110_C15_S05_seed1_20260306_024648,master,,
2026-03-06T11:59:32,True,,1.0,inc0034_blended_hopf_screen_HOPF_K25_BASE_seed0_20260306_023256.log,0,,,,phase4d_hopf,"0,1","0,2,4,6","1,3",0.0,radial,10,0,1,0,32,4,0.0,120,0.004014380433444245,0.003891024973819533,,0.981817450942666,0.9807067032308929,0.0,11,21,10,10,,,,,,,,,,,,,,,,0.2721590420114808,66.35624820896192,0.042499084025621414,,,,,,,,11.25165512500098,0.8989095420110971,79.00733141601086,,,inc0034_blended_hopf_screen_HOPF_K25_BASE_seed0_20260306_023256,master,,
2026-03-06T11:59:32,True,,1.0,inc0034_blended_hopf_screen_HOPF_K25_BASE_seed0_20260306_023730.log,0,,,,phase4d_hopf,"0,1","0,2,4,6","1,3",0.0,radial,10,0,1,0,32,4,0.0,120,0.004014380433444245,0.003891024973819533,,0.981817450942666,0.9807067032308929,0.0,11,21,10,10,,,,,,,,,,,,,,,,0.27659395802766085,59.0749205420143,0.04595550004160032,,,,,,,,7.3773137090029195,0.8175080830114894,67.7568724169978,,,inc0034_blended_hopf_screen_HOPF_K25_BASE_seed0_20260306_023730,master,,
2026-03-06T11:59:32,True,,1.0,inc0034_blended_hopf_screen_HOPF_K25_BASE_seed1_20260306_024346.log,1,,,,phase4d_hopf,"0,1","0,2,4,6","1,3",0.0,radial,10,0,1,0,32,4,0.0,120,0.004018352639843571,0.0038864872993637036,,0.9821032268772795,0.9810722093551152,0.0,10,20,9,9,,,,,,,,,,,,,,,,0.24463362497044727,50.01925808301894,0.032249625015538186,,,,,,,,6.771668375004083,0.8022466250113212,58.01329525001347,,,inc0034_blended_hopf_screen_HOPF_K25_BASE_seed1_20260306_024346,master,,
2026-03-06T11:59:32,True,,1.0,inc0034_blended_hopf_screen_HOPF_PHI2_BAND_seed0_20260306_023415.log,0,,,,phase4d_hopf_fib_band,"0,1","0,2,4,6","1,3",0.0,radial,10,0,1,0,32,4,0.0,120,0.003990208092955007,0.0038951949978383183,,0.9801696679553518,0.977889268204994,0.0,18,29,7,7,,,,,,,,,,,,,,,,0.30289670801721513,59.068261333042756,0.06030754197854549,,,,,,,,13.19386537495302,0.5864993339637294,73.39034820900997,,,inc0034_blended_hopf_screen_HOPF_PHI2_BAND_seed0_20260306_023415,master,,
2026-03-06T11:59:32,True,,1.0,inc0034_blended_hopf_screen_HOPF_PHI2_BAND_seed0_20260306_023838.log,0,,,,phase4d_hopf_fib_band,"0,1","0,2,4,6","1,3",0.0,radial,10,0,1,0,32,4,0.0,120,0.003990208092955007,0.0038951949978383183,,0.9801696679553518,0.977889268204994,0.0,18,29,7,7,,,,,,,,,,,,,,,,0.227054292045068,50.53218212496722,0.058450166950933635,,,,,,,,7.467734000005294,0.6091263749985956,59.0409822089714,,,inc0034_blended_hopf_screen_HOPF_PHI2_BAND_seed0_20260306_023838,master,,
2026-03-06T11:59:32,True,,1.0,inc0034_blended_hopf_screen_HOPF_PHI2_BAND_seed1_20260306_024445.log,1,,,,phase4d_hopf_fib_band,"0,1","0,2,4,6","1,3",0.0,radial,10,0,1,0,32,4,0.0,120,0.0040292690132863514,0.003899010662884953,,0.9801574302731985,0.9773560829585933,0.0,18,31,9,9,,,,,,,,,,,,,,,,0.25202554097631946,49.34804945799988,0.04038458300055936,,,,,,,,14.63302924996242,0.7320990830194205,65.14602966699749,,,inc0034_blended_hopf_screen_HOPF_PHI2_BAND_seed1_20260306_024445,master,,
2026-03-06T11:59:32,True,,1.0,inc0034_blended_hopf_screen_PHASE_K25_C035_seed0_20260306_024200.log,0,,,,phase4d_adaptive,"0,1","0,2,4,6","1,3",0.0,radial,10,0,1,0,32,4,0.0,120,0.003995561907525326,0.003911266063932663,,0.9794222984307865,0.9758704675001741,0.0004,22,34,6,6,,,,,,,,,,,,,,,,0.23568445799173787,50.71897712495411,0.05106083303689957,,,,,,,,6.044851374987047,0.5271089589805342,57.70219612499932,,,inc0034_blended_hopf_screen_PHASE_K25_C035_seed0_20260306_024200,master,,
2026-03-06T11:59:32,True,,1.0,inc0034_blended_hopf_screen_PHASE_K25_C035_seed1_20260306_024746.log,1,,,,phase4d_adaptive,"0,1","0,2,4,6","1,3",0.0,radial,10,0,1,0,32,4,0.0,120,0.004023236495407864,0.003907710557136093,,0.9800153505907975,0.9765890122708272,0.0,21,36,9,9,,,,,,,,,,,,,,,,0.24053599999751896,50.93507529201452,0.040389540954492986,,,,,,,,6.189852875017095,0.7072351669776253,58.317794875008985,,,inc0034_blended_hopf_screen_PHASE_K25_C035_seed1_20260306_024746,master,,
2026-03-06T11:59:32,True,,1.0,inc0034_blended_hopf_screen_R0_seed0_20260306_024258.log,0,,,,kmeans,"0,1","0,2,4,6","1,3",0.0,radial,10,0,1,0,32,4,50.0,120,0.004012129030442227,0.003909330385621023,,0.982054408742315,0.9811308878490524,0.0,8,19,11,11,,,,,,,,,,,,,,,,0.2415315000107512,45.930820457986556,0.028579208010341972,,,,,,,,1.1252368330024183,0.8181682499707676,48.40645658300491,,,inc0034_blended_hopf_screen_R0_seed0_20260306_024258,master,,
2026-03-06T11:59:32,True,,1.0,inc0034_blended_hopf_screen_R0_seed1_20260306_024845.log,1,,,,kmeans,"0,1","0,2,4,6","1,3",0.0,radial,10,0,1,0,32,4,50.0,120,0.003999402229590503,0.003913185231546915,,0.9822522234769407,0.9809092694287701,0.0,8,18,10,10,,,,,,,,,,,,,,,,0.22600637504365295,40.415921208041254,0.031445082975551486,,,,,,,,0.9119929579901509,0.69157450000057,42.60518620797666,,,inc0034_blended_hopf_screen_R0_seed1_20260306_024845,master,,
2026-03-06T11:59:32,True,,1.0,inc0035_alignment_diag_screen_HOPF_K25_BASE_seed0_20260306_030415.log,0,,,,phase4d_hopf,"0,1","0,2,4,6","1,3",0.0,radial,10,0,1,1,32,4,0.0,120,0.004022503444566959,0.003936704647842897,,0.9817460704272202,0.9783897928943193,0.0,8,12,4,4,,,,,,,,,512,0.09097858317132244,0.04548929150143914,0.026638162437924124,0.10656794571997956,0.03645911320072094,0.81227857240935,0.26033125002868474,31.965153458993882,0.029309375036973506,,,,,,,,3.7585894159856252,0.30130670801736414,36.40737349999836,,,inc0035_alignment_diag_screen_HOPF_K25_BASE_seed0_20260306_030415,master,,
2026-03-06T11:59:32,True,,1.0,inc0035_alignment_diag_screen_HOPF_K25_BASE_seed1_20260306_030636.log,1,,,,phase4d_hopf,"0,1","0,2,4,6","1,3",0.0,radial,10,0,1,1,32,4,0.0,120,0.003995666918101313,0.003931787947862129,,0.9799700610695065,0.9783783649052838,0.0,8,12,4,4,,,,,,,,,512,0.09160291403649255,0.0458014570609511,-0.009426647294005986,0.1300618626448677,0.04504309451097052,0.8555428876750516,0.23891458398429677,28.975774458027445,0.0383000000147149,,,,,,,,6.236381334019825,0.2849539580056444,35.89343445899431,,,inc0035_alignment_diag_screen_HOPF_K25_BASE_seed1_20260306_030636,master,,
2026-03-06T11:59:32,True,,1.0,inc0035_alignment_diag_screen_HOPF_PHI2_BAND_seed0_20260306_030452.log,0,,,,phase4d_hopf_fib_band,"0,1","0,2,4,6","1,3",0.0,radial,10,0,1,1,32,4,0.0,120,0.0040293800768787386,0.003909781773311792,,0.9767940901330189,0.9728501589275843,0.0,15,29,7,7,,,,,,,,,512,0.10461588496042726,0.05230794241396592,0.011991233738593319,0.12237850812593219,0.04210194267966462,0.7367058423374679,0.2437763750203885,32.78111241699662,0.0199477500282228,,,,,,,,3.799679916992318,0.35704999999143183,37.30645133298822,,,inc0035_alignment_diag_screen_HOPF_PHI2_BAND_seed0_20260306_030452,master,,
2026-03-06T11:59:32,True,,1.0,inc0035_alignment_diag_screen_HOPF_PHI2_BAND_seed1_20260306_030712.log,1,,,,phase4d_hopf_fib_band,"0,1","0,2,4,6","1,3",0.0,radial,10,0,1,1,32,4,0.0,120,0.004022210144836674,0.003910477542812056,,0.9759662348403141,0.9709441546461574,0.0,17,29,7,7,,,,,,,,,512,0.05362540312269905,0.0268127015689703,0.003965894454878597,0.08514512355687864,0.029273879352224468,0.9452108146901089,0.26653820800129324,33.341853209014516,0.029595332976896316,,,,,,,,3.826949250011239,0.39527683303458616,37.939367083017714,,,inc0035_alignment_diag_screen_HOPF_PHI2_BAND_seed1_20260306_030712,master,,
2026-03-06T11:59:32,True,,1.0,inc0035_alignment_diag_screen_PHASE_K25_C035_seed0_20260306_030530.log,0,,,,phase4d_adaptive,"0,1","0,2,4,6","1,3",0.0,radial,10,0,1,1,32,4,0.0,120,0.003976435104765468,0.003933125544867934,,0.9757382105998292,0.9685725244734493,0.0,18,29,4,4,,,,,,,,,512,0.20267638843007008,0.10133819412496076,-0.05478386707644388,0.3286376201674982,0.11171780746190926,0.565235690369971,0.23751391703262925,28.417300957953557,0.016961999994236976,,,,,,,,4.630609165993519,0.270371625025291,33.642515084007755,,,inc0035_alignment_diag_screen_PHASE_K25_C035_seed0_20260306_030530,master,,
2026-03-06T11:59:32,True,,1.0,inc0035_alignment_diag_screen_PHASE_K25_C035_seed1_20260306_030750.log,1,,,,phase4d_adaptive,"0,1","0,2,4,6","1,3",0.0,radial,10,0,1,1,32,4,0.0,120,0.004007682355135196,0.003914424779786246,,0.9758726259005558,0.9692094787129615,0.0016666666666666668,19,29,5,5,,,,,,,,,512,0.09584581017635391,0.0479229051048163,0.021146350658872423,0.13456386196699446,0.04603769402593444,0.7913369475020413,0.27395770902512595,28.124989999982063,0.03288133296882734,,,,,,,,8.346490415977314,0.3201945420005359,37.187281500024255,,,inc0035_alignment_diag_screen_PHASE_K25_C035_seed1_20260306_030750,master,,
2026-03-06T11:59:32,True,,1.0,inc0035_alignment_diag_screen_R0_seed0_20260306_030604.log,0,,,,kmeans,"0,1","0,2,4,6","1,3",0.0,radial,10,0,1,1,32,4,50.0,120,0.004006595783210691,0.003953600059924342,,0.9807957009331097,0.9779404640580072,0.0,8,14,6,6,,,,,,,,,512,0.09418285703751318,0.04709142841681197,0.03050386611758068,0.12477011550703122,0.04269348021347473,0.7528707855301896,0.2305636249948293,30.07870204100618,0.016003374999854714,,,,,,,,0.9271726249717176,0.3380179170053452,31.740478291991167,,,inc0035_alignment_diag_screen_R0_seed0_20260306_030604,master,,
2026-03-06T11:59:32,True,,1.0,inc0035_alignment_diag_screen_R0_seed1_20260306_030827.log,1,,,,kmeans,"0,1","0,2,4,6","1,3",0.0,radial,10,0,1,1,32,4,50.0,120,0.00400963544172235,0.00393884231852473,,0.9797895966964137,0.977750661338338,0.0,8,16,8,8,,,,,,,,,512,0.09997021855385611,0.049985109366217736,-0.04727735518726627,0.17121216094956188,0.05842215863000057,0.8452859988420183,0.23108466697158292,31.933672917017248,0.051601874991320074,,,,,,,,8.563268999976572,0.3731075840187259,41.42800541699398,,,inc0035_alignment_diag_screen_R0_seed1_20260306_030827,master,,
2026-03-06T11:59:32,True,,1.0,inc0035_shell_anchor_screen_HOPF_K25_BALL_seed0_20260306_032035.log,0,,,,phase4d_hopf_ball,"0,1","0,2,4,6","1,3",0.0,radial,10,0,1,1,32,4,0.0,120,0.0040150030542490485,0.003927711636335149,,0.9815631556112232,0.9790577996303315,0.0,7,16,4,4,,,,,,,,,512,0.10477082311745983,0.052385411451568914,-0.0196468227344583,0.1694653352990806,0.05774189865825689,0.774173807757257,0.2575657920097001,36.571131207980216,0.08268604200566188,,,,,,,,3.530170292011462,0.34934449999127537,40.9027495830087,,,inc0035_shell_anchor_screen_HOPF_K25_BALL_seed0_20260306_032035,master,,
2026-03-06T11:59:32,True,,1.0,inc0035_shell_anchor_screen_HOPF_K25_BALL_seed1_20260306_032352.log,1,,,,phase4d_hopf_ball,"0,1","0,2,4,6","1,3",0.0,radial,10,0,1,1,32,4,0.0,120,0.004005493123821271,0.003919324540668565,,0.9803735287233205,0.9793256083442736,0.0,7,15,4,4,,,,,,,,,512,0.09922180328218798,0.049610901694237805,0.021286463534775594,0.1451242243685704,0.05015226972295449,0.8230878027252938,0.2616943339817226,34.11490212503122,0.028393582964781672,,,,,,,,3.442356707993895,0.315446124994196,38.25835299998289,,,inc0035_shell_anchor_screen_HOPF_K25_BALL_seed1_20260306_032352,master,,
2026-03-06T11:59:32,True,,1.0,inc0035_shell_anchor_screen_HOPF_K25_BASE_seed0_20260306_031959.log,0,,,,phase4d_hopf,"0,1","0,2,4,6","1,3",0.0,radial,10,0,1,1,32,4,0.0,120,0.004022503444566959,0.003936704647842897,,0.9817460704272202,0.9783897928943193,0.0,8,12,4,4,,,,,,,,,512,0.09097858317132244,0.04548929150143914,0.026638162437924124,0.10656794571997956,0.03645911320072094,0.81227857240935,0.41591858299216256,31.750233708997257,0.061733540962450206,,,,,,,,3.075381083006505,0.2974856249638833,35.72532249998767,,,inc0035_shell_anchor_screen_HOPF_K25_BASE_seed0_20260306_031959,master,,
2026-03-06T11:59:32,True,,1.0,inc0035_shell_anchor_screen_HOPF_K25_BASE_seed1_20260306_032314.log,1,,,,phase4d_hopf,"0,1","0,2,4,6","1,3",0.0,radial,10,0,1,1,32,4,0.0,120,0.003995666918101313,0.003931787947862129,,0.9799700610695065,0.9783783649052838,0.0,8,12,4,4,,,,,,,,,512,0.09160291403649255,0.0458014570609511,-0.009426647294005986,0.1300618626448677,0.04504309451097052,0.8555428876750516,0.3326197089627385,29.467925458971877,0.02820995799265802,,,,,,,,8.15258787496714,0.2782153339940123,38.33882516698213,,,inc0035_shell_anchor_screen_HOPF_K25_BASE_seed1_20260306_032314,master,,
2026-03-06T11:59:32,True,,1.0,inc0035_shell_anchor_screen_HOPF_PHI2_BAND_seed0_20260306_032117.log,0,,,,phase4d_hopf_fib_band,"0,1","0,2,4,6","1,3",0.0,radial,10,0,1,1,32,4,0.0,120,0.0040293800768787386,0.003909781773311792,,0.9767940901330189,0.9728501589275843,0.0,15,29,7,7,,,,,,,,,512,0.10461588496042726,0.05230794241396592,0.011991233738593319,0.12237850812593219,0.04210194267966462,0.7367058423374679,0.25754908396629617,33.50062487501418,0.07370075001381338,,,,,,,,8.188003749994095,0.565492041001562,42.66453683300642,,,inc0035_shell_anchor_screen_HOPF_PHI2_BAND_seed0_20260306_032117,master,,
2026-03-06T11:59:32,True,,1.0,inc0035_shell_anchor_screen_HOPF_PHI2_BAND_seed1_20260306_032431.log,1,,,,phase4d_hopf_fib_band,"0,1","0,2,4,6","1,3",0.0,radial,10,0,1,1,32,4,0.0,120,0.004022210144836674,0.003910477542812056,,0.9759662348403141,0.9709441546461574,0.0,17,29,7,7,,,,,,,,,512,0.05362540312269905,0.0268127015689703,0.003965894454878597,0.08514512355687864,0.029273879352224468,0.9452108146901089,0.2527403330313973,31.773608000017703,0.024110250000376254,,,,,,,,4.261079791991506,0.36941058305092156,36.82216529198922,,,inc0035_shell_anchor_screen_HOPF_PHI2_BAND_seed1_20260306_032431,master,,
2026-03-06T11:59:32,True,,1.0,inc0035_shell_anchor_screen_PHASE_K25_C035_seed0_20260306_032159.log,0,,,,phase4d_adaptive,"0,1","0,2,4,6","1,3",0.0,radial,10,0,1,1,32,4,0.0,120,0.003976435104765468,0.003933125544867934,,0.9757382105998292,0.9685725244734493,0.0,18,29,4,4,,,,,,,,,512,0.20267638843007008,0.10133819412496076,-0.05478386707644388,0.3286376201674982,0.11171780746190926,0.565235690369971,0.2617218329687603,36.8550552080269,0.04125350003596395,,,,,,,,4.137970499985386,0.24492812500102445,41.62793766701361,,,inc0035_shell_anchor_screen_PHASE_K25_C035_seed0_20260306_032159,master,,
2026-03-06T11:59:32,True,,1.0,inc0035_shell_anchor_screen_PHASE_K25_C035_seed1_20260306_032508.log,1,,,,phase4d_adaptive,"0,1","0,2,4,6","1,3",0.0,radial,10,0,1,1,32,4,0.0,120,0.004007682355135196,0.003914424779786246,,0.9758726259005558,0.9692094787129615,0.0016666666666666668,19,29,5,5,,,,,,,,,512,0.09584581017635391,0.0479229051048163,0.021146350658872423,0.13456386196699446,0.04603769402593444,0.7913369475020413,0.2442166249966249,28.01181637501577,0.011096791015006602,,,,,,,,10.617811917036306,0.3490283749997616,39.315582624985836,,,inc0035_shell_anchor_screen_PHASE_K25_C035_seed1_20260306_032508,master,,
2026-03-06T11:59:32,True,,1.0,inc0035_shell_anchor_screen_R0_seed0_20260306_032241.log,0,,,,kmeans,"0,1","0,2,4,6","1,3",0.0,radial,10,0,1,1,32,4,50.0,120,0.004006595783210691,0.003953600059924342,,0.9807957009331097,0.9779404640580072,0.0,8,14,6,6,,,,,,,,,512,0.09418285703751318,0.04709142841681197,0.03050386611758068,0.12477011550703122,0.04269348021347473,0.7528707855301896,0.23990024998784065,31.061845666961744,0.015491875004954636,,,,,,,,0.4185199170024134,0.3376355830114335,32.21928999997908,,,inc0035_shell_anchor_screen_R0_seed0_20260306_032241,master,,
2026-03-06T11:59:32,True,,1.0,inc0035_shell_anchor_screen_R0_seed1_20260306_032548.log,1,,,,kmeans,"0,1","0,2,4,6","1,3",0.0,radial,10,0,1,1,32,4,50.0,120,0.00400963544172235,0.00393884231852473,,0.9797895966964137,0.977750661338338,0.0,8,16,8,8,,,,,,,,,512,0.09997021855385611,0.049985109366217736,-0.04727735518726627,0.17121216094956188,0.05842215863000057,0.8452859988420183,0.2498195840162225,28.428455708024558,0.028190958022605628,,,,,,,,0.5045610420056619,0.39160716597689316,29.73088629101403,,,inc0035_shell_anchor_screen_R0_seed1_20260306_032548,master,,
2026-03-06T11:59:32,True,,1.0,inc0036_chart_iso_screen_HOPF_K25_BASE_seed0_20260306_073954.log,0,,,,phase4d_hopf,"0,1","0,2,4,6","1,3",0.0,radial,10,0,1,1,32,4,0.0,120,0.004022503444566959,0.003936704647842897,,0.9817460704272202,0.9783897928943193,0.0,8,12,4,4,,,,,,,,,512,0.09097858317132244,0.04548929150143914,0.026638162437924124,0.10656794571997956,0.03645911320072094,0.81227857240935,0.3417468330007978,28.728858583024703,0.03052324999589473,,,,,,,,4.475701249961276,0.28526020800927654,33.95262158400146,,,inc0036_chart_iso_screen_HOPF_K25_BASE_seed0_20260306_073954,master,,
2026-03-06T11:59:32,True,,1.0,inc0036_chart_iso_screen_HOPF_K25_BASE_seed1_20260306_074245.log,1,,,,phase4d_hopf,"0,1","0,2,4,6","1,3",0.0,radial,10,0,1,1,32,4,0.0,120,0.003995666918101313,0.003931787947862129,,0.9799700610695065,0.9783783649052838,0.0,8,12,4,4,,,,,,,,,512,0.09160291403649255,0.0458014570609511,-0.009426647294005986,0.1300618626448677,0.04504309451097052,0.8555428876750516,0.24007537501165643,29.41298041702248,0.021435125032439828,,,,,,,,2.475587250024546,0.2762744579813443,32.488322208984755,,,inc0036_chart_iso_screen_HOPF_K25_BASE_seed1_20260306_074245,master,,
2026-03-06T11:59:32,True,,1.0,inc0036_chart_iso_screen_HOPF_K25_ISO_seed0_20260306_074029.log,0,,,,phase4d_hopf_iso,"0,1","0,2,4,6","1,3",0.0,radial,10,0,1,1,32,4,0.0,120,0.004022174777087177,0.003930252853183719,,0.9820840706352263,0.9786035535582116,0.0,8,12,4,4,,,,,,,,,512,0.0,0.0,1.0,0.0,0.0,0.9999999999999999,0.23718562501017004,39.007155457977206,0.032859165978152305,,,,,,,,7.823086000047624,0.31095558300148696,47.498063708946574,,,inc0036_chart_iso_screen_HOPF_K25_ISO_seed0_20260306_074029,master,,
2026-03-06T11:59:32,True,,1.0,inc0036_chart_iso_screen_HOPF_K25_ISO_seed1_20260306_074318.log,1,,,,phase4d_hopf_iso,"0,1","0,2,4,6","1,3",0.0,radial,10,0,1,1,32,4,0.0,120,0.004001625925340474,0.003921755279168384,,0.9808838994262307,0.9786944654177978,0.0,8,12,4,4,,,,,,,,,512,0.0,0.0,1.0,0.0,0.0,1.0,0.2436010839883238,32.34580354200443,0.0574797079898417,,,,,,,,3.4559182500233874,0.3074377090088092,36.51079012500122,,,inc0036_chart_iso_screen_HOPF_K25_ISO_seed1_20260306_074318,master,,
2026-03-06T11:59:32,True,,1.0,inc0036_chart_iso_screen_HOPF_PHI2_BAND_seed0_20260306_074116.log,0,,,,phase4d_hopf_fib_band,"0,1","0,2,4,6","1,3",0.0,radial,10,0,1,1,32,4,0.0,120,0.0040293800768787386,0.003909781773311792,,0.9767940901330189,0.9728501589275843,0.0,15,29,7,7,,,,,,,,,512,0.10461588496042726,0.05230794241396592,0.011991233738593319,0.12237850812593219,0.04210194267966462,0.7367058423374679,0.21951500000432134,28.780139125010464,0.02021795796463266,,,,,,,,3.1400992919807322,0.3615149590186775,32.59305104095256,,,inc0036_chart_iso_screen_HOPF_PHI2_BAND_seed0_20260306_074116,master,,
2026-03-06T11:59:32,True,,1.0,inc0036_chart_iso_screen_HOPF_PHI2_BAND_seed1_20260306_074354.log,1,,,,phase4d_hopf_fib_band,"0,1","0,2,4,6","1,3",0.0,radial,10,0,1,1,32,4,0.0,120,0.004022210144836674,0.003910477542812056,,0.9759662348403141,0.9709441546461574,0.0,17,29,7,7,,,,,,,,,512,0.05362540312269905,0.0268127015689703,0.003965894454878597,0.08514512355687864,0.029273879352224468,0.9452108146901089,0.2290604580193758,25.15472295798827,0.01569441700121388,,,,,,,,2.939371625019703,0.3933996250270866,28.811451375018805,,,inc0036_chart_iso_screen_HOPF_PHI2_BAND_seed1_20260306_074354,master,,
2026-03-06T11:59:32,True,,1.0,inc0036_chart_iso_screen_PHASE_K25_C035_seed0_20260306_074149.log,0,,,,phase4d_adaptive,"0,1","0,2,4,6","1,3",0.0,radial,10,0,1,1,32,4,0.0,120,0.003976435104765468,0.003933125544867934,,0.9757382105998292,0.9685725244734493,0.0,18,29,4,4,,,,,,,,,512,0.20267638843007008,0.10133819412496076,-0.05478386707644388,0.3286376201674982,0.11171780746190926,0.565235690369971,0.22960541700012982,25.10097470897017,0.031809667008928955,,,,,,,,2.7325379159883596,0.2916260830243118,28.448638333007693,,,inc0036_chart_iso_screen_PHASE_K25_C035_seed0_20260306_074149,master,,
2026-03-06T11:59:32,True,,1.0,inc0036_chart_iso_screen_PHASE_K25_C035_seed1_20260306_074423.log,1,,,,phase4d_adaptive,"0,1","0,2,4,6","1,3",0.0,radial,10,0,1,1,32,4,0.0,120,0.004007682355135196,0.003914424779786246,,0.9758726259005558,0.9692094787129615,0.0016666666666666668,19,29,5,5,,,,,,,,,512,0.09584581017635391,0.0479229051048163,0.021146350658872423,0.13456386196699446,0.04603769402593444,0.7913369475020413,0.2355944580049254,26.532112875021994,0.023561041976790875,,,,,,,,2.5576638329657726,0.32250062498496845,29.758112915966194,,,inc0036_chart_iso_screen_PHASE_K25_C035_seed1_20260306_074423,master,,
2026-03-06T11:59:32,True,,1.0,inc0036_chart_iso_screen_R0_seed0_20260306_074218.log,0,,,,kmeans,"0,1","0,2,4,6","1,3",0.0,radial,10,0,1,1,32,4,50.0,120,0.004006595783210691,0.003953600059924342,,0.9807957009331097,0.9779404640580072,0.0,8,14,6,6,,,,,,,,,512,0.09418285703751318,0.04709142841681197,0.03050386611758068,0.12477011550703122,0.04269348021347473,0.7528707855301896,0.24489491700660437,25.758819208014756,0.021833083999808878,,,,,,,,0.27576024999143556,0.34075129200937226,26.75405095802853,,,inc0036_chart_iso_screen_R0_seed0_20260306_074218,master,,
2026-03-06T11:59:32,True,,1.0,inc0036_chart_iso_screen_R0_seed1_20260306_074453.log,1,,,,kmeans,"0,1","0,2,4,6","1,3",0.0,radial,10,0,1,1,32,4,50.0,120,0.00400963544172235,0.00393884231852473,,0.9797895966964137,0.977750661338338,0.0,8,16,8,8,,,,,,,,,512,0.09997021855385611,0.049985109366217736,-0.04727735518726627,0.17121216094956188,0.05842215863000057,0.8452859988420183,0.23223525000503287,36.06302737502847,0.009894291986711323,,,,,,,,0.37312058301176876,0.357640124973841,37.16099133301759,,,inc0036_chart_iso_screen_R0_seed1_20260306_074453,master,,
2026-03-06T11:59:32,True,,1.0,inc0037_isometric_band_screen_HOPF_K25_BASE_seed0_20260306_075239.log,0,,,,phase4d_hopf,"0,1","0,2,4,6","1,3",0.0,radial,10,0,1,1,32,4,0.0,120,0.004022503444566959,0.003936704647842897,,0.9817460704272202,0.9783897928943193,0.0,8,12,4,4,,,,,,,,,512,0.09097858317132244,0.04548929150143914,0.026638162437924124,0.10656794571997956,0.03645911320072094,0.81227857240935,0.2720454160007648,25.520100165973417,0.014603500021621585,,,,,,,,2.8139199999859557,0.2932536670123227,28.995443457970396,,,inc0037_isometric_band_screen_HOPF_K25_BASE_seed0_20260306_075239,master,,
2026-03-06T11:59:32,True,,1.0,inc0037_isometric_band_screen_HOPF_K25_BASE_seed1_20260306_075600.log,1,,,,phase4d_hopf,"0,1","0,2,4,6","1,3",0.0,radial,10,0,1,1,32,4,0.0,120,0.003995666918101313,0.003931787947862129,,0.9799700610695065,0.9783783649052838,0.0,8,12,4,4,,,,,,,,,512,0.09160291403649255,0.0458014570609511,-0.009426647294005986,0.1300618626448677,0.04504309451097052,0.8555428876750516,0.25349641597131267,27.371393791981973,0.026398749963846058,,,,,,,,2.340879875002429,0.28584091598168015,30.37721716699889,,,inc0037_isometric_band_screen_HOPF_K25_BASE_seed1_20260306_075600,master,,
2026-03-06T11:59:32,True,,1.0,inc0037_isometric_band_screen_HOPF_K25_ISO_seed0_20260306_075308.log,0,,,,phase4d_hopf_iso,"0,1","0,2,4,6","1,3",0.0,radial,10,0,1,1,32,4,0.0,120,0.004022174777087177,0.003930252853183719,,0.9820840706352263,0.9786035535582116,0.0,8,12,4,4,,,,,,,,,512,0.0,0.0,1.0,0.0,0.0,0.9999999999999999,0.2562114169704728,33.573218083009124,0.02842883300036192,,,,,,,,4.36002462496981,0.30360975000075996,38.61865745898103,,,inc0037_isometric_band_screen_HOPF_K25_ISO_seed0_20260306_075308,master,,
2026-03-06T11:59:32,True,,1.0,inc0037_isometric_band_screen_HOPF_K25_ISO_seed1_20260306_075631.log,1,,,,phase4d_hopf_iso,"0,1","0,2,4,6","1,3",0.0,radial,10,0,1,1,32,4,0.0,120,0.004001625925340474,0.003921755279168384,,0.9808838994262307,0.9786944654177978,0.0,8,12,4,4,,,,,,,,,512,0.0,0.0,1.0,0.0,0.0,1.0,0.23102612496586516,30.7963676659856,0.02366399997845292,,,,,,,,5.610487666039262,0.28451137500815094,37.022834124974906,,,inc0037_isometric_band_screen_HOPF_K25_ISO_seed1_20260306_075631,master,,
2026-03-06T11:59:32,True,,1.0,inc0037_isometric_band_screen_HOPF_PHI2_BAND_ISO_seed0_20260306_075421.log,0,,,,phase4d_hopf_fib_band_iso,"0,1","0,2,4,6","1,3",0.0,radial,10,0,1,1,32,4,0.0,120,0.0040134179277429545,0.0039061341478094985,,0.9779740141991154,0.9709983341010585,0.0,17,27,5,5,,,,,,,,,512,0.0,0.0,1.0,0.0,0.0,0.9999999999999999,0.24201158300274983,31.744159292022232,0.028667125036008656,,,,,,,,10.180854875012301,0.311610207951162,42.59417333296733,,,inc0037_isometric_band_screen_HOPF_PHI2_BAND_ISO_seed0_20260306_075421,master,,
2026-03-06T11:59:32,True,,1.0,inc0037_isometric_band_screen_HOPF_PHI2_BAND_ISO_seed1_20260306_075735.log,1,,,,phase4d_hopf_fib_band_iso,"0,1","0,2,4,6","1,3",0.0,radial,10,0,1,1,32,4,0.0,120,0.00399457491103701,0.0039421115922598305,,0.9771920501933209,0.9719754633216972,0.0,16,25,3,3,,,,,,,,,512,0.0,0.0,1.0,0.0,0.0,1.0,0.23678391601424664,37.79826637497172,0.024548041983507574,,,,,,,,6.808362792013213,0.2200521669583395,45.1642772500054,,,inc0037_isometric_band_screen_HOPF_PHI2_BAND_ISO_seed1_20260306_075735,master,,
2026-03-06T11:59:32,True,,1.0,inc0037_isometric_band_screen_HOPF_PHI2_BAND_seed0_20260306_075347.log,0,,,,phase4d_hopf_fib_band,"0,1","0,2,4,6","1,3",0.0,radial,10,0,1,1,32,4,0.0,120,0.0040293800768787386,0.003909781773311792,,0.9767940901330189,0.9728501589275843,0.0,15,29,7,7,,,,,,,,,512,0.10461588496042726,0.05230794241396592,0.011991233738593319,0.12237850812593219,0.04210194267966462,0.7367058423374679,0.23804737499449402,28.93329958303366,0.03259204200003296,,,,,,,,4.115823542000726,0.4184592500096187,33.82428512501065,,,inc0037_isometric_band_screen_HOPF_PHI2_BAND_seed0_20260306_075347,master,,
2026-03-06T11:59:32,True,,1.0,inc0037_isometric_band_screen_HOPF_PHI2_BAND_seed1_20260306_075708.log,1,,,,phase4d_hopf_fib_band,"0,1","0,2,4,6","1,3",0.0,radial,10,0,1,1,32,4,0.0,120,0.004022210144836674,0.003910477542812056,,0.9759662348403141,0.9709441546461574,0.0,17,29,7,7,,,,,,,,,512,0.05362540312269905,0.0268127015689703,0.003965894454878597,0.08514512355687864,0.029273879352224468,0.9452108146901089,0.25499350001337007,22.8013558749808,0.03251233301125467,,,,,,,,2.9618344170157798,0.4107532079797238,26.543665042030625,,,inc0037_isometric_band_screen_HOPF_PHI2_BAND_seed1_20260306_075708,master,,
2026-03-06T11:59:32,True,,1.0,inc0037_isometric_band_screen_PHASE_K25_C035_seed0_20260306_075504.log,0,,,,phase4d_adaptive,"0,1","0,2,4,6","1,3",0.0,radial,10,0,1,1,32,4,0.0,120,0.003976435104765468,0.003933125544867934,,0.9757382105998292,0.9685725244734493,0.0,18,29,4,4,,,,,,,,,512,0.20267638843007008,0.10133819412496076,-0.05478386707644388,0.3286376201674982,0.11171780746190926,0.565235690369971,0.29630537499906495,25.467776166973636,0.019582125009037554,,,,,,,,3.399326416954864,0.30316075001610443,29.548727834015153,,,inc0037_isometric_band_screen_PHASE_K25_C035_seed0_20260306_075504,master,,
2026-03-06T11:59:32,True,,1.0,inc0037_isometric_band_screen_PHASE_K25_C035_seed1_20260306_075820.log,1,,,,phase4d_adaptive,"0,1","0,2,4,6","1,3",0.0,radial,10,0,1,1,32,4,0.0,120,0.004007682355135196,0.003914424779786246,,0.9758726259005558,0.9692094787129615,0.0016666666666666668,19,29,5,5,,,,,,,,,512,0.09584581017635391,0.0479229051048163,0.021146350658872423,0.13456386196699446,0.04603769402593444,0.7913369475020413,0.284727375023067,26.584926832991187,0.06276945798890665,,,,,,,,4.278224874986336,0.3427346660173498,31.82370158401318,,,inc0037_isometric_band_screen_PHASE_K25_C035_seed1_20260306_075820,master,,
2026-03-06T11:59:32,True,,1.0,inc0037_isometric_band_screen_R0_seed0_20260306_075534.log,0,,,,kmeans,"0,1","0,2,4,6","1,3",0.0,radial,10,0,1,1,32,4,50.0,120,0.004006595783210691,0.003953600059924342,,0.9807957009331097,0.9779404640580072,0.0,8,14,6,6,,,,,,,,,512,0.09418285703751318,0.04709142841681197,0.03050386611758068,0.12477011550703122,0.04269348021347473,0.7528707855301896,0.23871308396337554,24.77294479199918,0.010334207967389375,,,,,,,,0.42554583301534876,0.34488554095150903,25.964406707964372,,,inc0037_isometric_band_screen_R0_seed0_20260306_075534,master,,
2026-03-06T11:59:32,True,,1.0,inc0037_isometric_band_screen_R0_seed1_20260306_075852.log,1,,,,kmeans,"0,1","0,2,4,6","1,3",0.0,radial,10,0,1,1,32,4,50.0,120,0.00400963544172235,0.00393884231852473,,0.9797895966964137,0.977750661338338,0.0,8,16,8,8,,,,,,,,,512,0.09997021855385611,0.049985109366217736,-0.04727735518726627,0.17121216094956188,0.05842215863000057,0.8452859988420183,0.30601216695504263,28.624765624990687,0.04587725002784282,,,,,,,,0.7873820829554461,0.38641974999336526,30.73391566600185,,,inc0037_isometric_band_screen_R0_seed1_20260306_075852,master,,
2026-03-06T11:59:32,True,,1.0,inc0038_bounded_band_screen_HOPF_K25_BASE_seed0_20260306_080938.log,0,,,,phase4d_hopf,"0,1","0,2,4,6","1,3",0.0,radial,10,0,1,1,32,4,0.0,120,0.004022503444566959,0.003936704647842897,,0.9817460704272202,0.9783897928943193,0.0,8,12,4,4,,,,,,,,,512,0.09097858317132244,0.04548929150143914,0.026638162437924124,0.10656794571997956,0.03645911320072094,0.81227857240935,0.26911770895821974,33.768288416962605,0.05396962503436953,,,,,,,,4.363377041008789,0.28945812495658174,38.856457917019725,,,inc0038_bounded_band_screen_HOPF_K25_BASE_seed0_20260306_080938,master,,
2026-03-06T11:59:32,True,,1.0,inc0038_bounded_band_screen_HOPF_K25_BASE_seed1_20260306_081525.log,1,,,,phase4d_hopf,"0,1","0,2,4,6","1,3",0.0,radial,10,0,1,1,32,4,0.0,120,0.003995666918101313,0.003931787947862129,,0.9799700610695065,0.9783783649052838,0.0,8,12,4,4,,,,,,,,,512,0.09160291403649255,0.0458014570609511,-0.009426647294005986,0.1300618626448677,0.04504309451097052,0.8555428876750516,0.22820762504125014,23.941557749989443,0.021394375013187528,,,,,,,,3.2899962500086986,0.29539333301363513,27.86978112498764,,,inc0038_bounded_band_screen_HOPF_K25_BASE_seed1_20260306_081525,master,,
2026-03-06T11:59:32,True,,1.0,inc0038_bounded_band_screen_HOPF_PHI2_BAND_B025_seed0_20260306_081129.log,0,,,,phase4d_hopf_fib_band_bound,"0,1","0,2,4,6","1,3",0.0,radial,10,0,1,1,32,4,0.0,120,0.0040134179277429545,0.0039061341478094985,,0.9779740141991154,0.9709983341010585,0.0,17,27,5,5,,,,,,,,,512,0.0,0.0,1.0,0.0,0.0,0.9999999999999999,0.2688607090385631,50.5553419169737,0.034839667030610144,,,,,,,,4.835216790961567,0.3341313329874538,56.13947791600367,,,inc0038_bounded_band_screen_HOPF_PHI2_BAND_B025_seed0_20260306_081129,master,,
2026-03-06T11:59:32,True,,1.0,inc0038_bounded_band_screen_HOPF_PHI2_BAND_B025_seed1_20260306_081720.log,1,,,,phase4d_hopf_fib_band_bound,"0,1","0,2,4,6","1,3",0.0,radial,10,0,1,1,32,4,0.0,120,0.003995696533887129,0.003930701899780823,,0.977137780279019,0.9719620725659913,0.0,16,26,4,4,,,,,,,,,512,0.006122853408060676,0.0030614267037098243,-0.007239505034984674,0.008915832322804133,0.003063956541134563,0.9983046802222743,0.2384961250354536,48.8440350840101,0.05424520903034136,,,,,,,,6.734783499967307,0.30622341705020517,56.27986129198689,,,inc0038_bounded_band_screen_HOPF_PHI2_BAND_B025_seed1_20260306_081720,master,,
2026-03-06T11:59:32,True,,1.0,inc0038_bounded_band_screen_HOPF_PHI2_BAND_B050_seed0_20260306_081226.log,0,,,,phase4d_hopf_fib_band_bound,"0,1","0,2,4,6","1,3",0.0,radial,10,0,1,1,32,4,0.0,120,0.004033698148949934,0.003935433082329114,,0.9764215353282784,0.9712939758930065,0.0,17,26,4,4,,,,,,,,,512,0.048357365145889675,0.024178682554520475,-0.07557844279698285,0.08395937120203578,0.028718072852828243,0.9565433400219924,0.24382541701197624,41.92411533300765,0.02765833301236853,,,,,,,,3.875810209021438,0.2966208330472,46.46414058300434,,,inc0038_bounded_band_screen_HOPF_PHI2_BAND_B050_seed0_20260306_081226,master,,
2026-03-06T11:59:32,True,,1.0,inc0038_bounded_band_screen_HOPF_PHI2_BAND_B050_seed1_20260306_081817.log,1,,,,phase4d_hopf_fib_band_bound,"0,1","0,2,4,6","1,3",0.0,radial,10,0,1,1,32,4,0.0,120,0.003995440299619332,0.003916290469248986,,0.9771293367302167,0.9719330836915689,0.0,16,27,5,5,,,,,,,,,512,0.017481736819427163,0.008740868423202893,-0.051019539010166544,0.026517036470147658,0.008990715101473649,0.9873810614926322,0.24595791700994596,41.581872584007215,0.03570995799964294,,,,,,,,4.282176540989894,0.31998962501529604,46.56534895900404,,,inc0038_bounded_band_screen_HOPF_PHI2_BAND_B050_seed1_20260306_081817,master,,
2026-03-06T11:59:32,True,,1.0,inc0038_bounded_band_screen_HOPF_PHI2_BAND_B075_seed0_20260306_081313.log,0,,,,phase4d_hopf_fib_band_bound,"0,1","0,2,4,6","1,3",0.0,radial,10,0,1,1,32,4,0.0,120,0.004029798722877304,0.003915484068193305,,0.9762537145081016,0.9709926877905927,0.0,17,28,6,6,,,,,,,,,512,0.07306684492453497,0.03653342237438659,-0.01520424163961529,0.09618164863292301,0.032772515616207136,0.8285744012198853,0.22828566702082753,39.334937750012614,0.04386887501459569,,,,,,,,5.058388750010636,0.37081562500679865,45.158887709025294,,,inc0038_bounded_band_screen_HOPF_PHI2_BAND_B075_seed0_20260306_081313,master,,
2026-03-06T11:59:32,True,,1.0,inc0038_bounded_band_screen_HOPF_PHI2_BAND_B075_seed1_20260306_081904.log,1,,,,phase4d_hopf_fib_band_bound,"0,1","0,2,4,6","1,3",0.0,radial,10,0,1,1,32,4,0.0,120,0.004021682095369032,0.003913107495091971,,0.975985599663641,0.9705422044059219,0.0,17,28,6,6,,,,,,,,,512,0.04169670063088698,0.020848350337581357,0.034936306156434324,0.05804065790059745,0.019872878795359025,0.9395757935364856,0.22376883297692984,41.67412687500473,0.07949345803353935,,,,,,,,5.026753042009659,0.3571102910209447,47.469900291005615,,,inc0038_bounded_band_screen_HOPF_PHI2_BAND_B075_seed1_20260306_081904,master,,
2026-03-06T11:59:32,True,,1.0,inc0038_bounded_band_screen_HOPF_PHI2_BAND_ISO_seed0_20260306_081049.log,0,,,,phase4d_hopf_fib_band_iso,"0,1","0,2,4,6","1,3",0.0,radial,10,0,1,1,32,4,0.0,120,0.0040134179277429545,0.0039061341478094985,,0.9779740141991154,0.9709983341010585,0.0,17,27,5,5,,,,,,,,,512,0.0,0.0,1.0,0.0,0.0,0.9999999999999999,0.25203124998370185,30.3074486249825,0.038615791010670364,,,,,,,,8.755955667002127,0.39121304103173316,39.8379054160323,,,inc0038_bounded_band_screen_HOPF_PHI2_BAND_ISO_seed0_20260306_081049,master,,
2026-03-06T11:59:32,True,,1.0,inc0038_bounded_band_screen_HOPF_PHI2_BAND_ISO_seed1_20260306_081634.log,1,,,,phase4d_hopf_fib_band_iso,"0,1","0,2,4,6","1,3",0.0,radial,10,0,1,1,32,4,0.0,120,0.00399457491103701,0.0039421115922598305,,0.9771920501933209,0.9719754633216972,0.0,16,25,3,3,,,,,,,,,512,0.0,0.0,1.0,0.0,0.0,1.0,0.2237615830381401,41.45461258402793,0.023641333973500878,,,,,,,,3.8076400420395657,0.2553617500234395,45.8460924999672,,,inc0038_bounded_band_screen_HOPF_PHI2_BAND_ISO_seed1_20260306_081634,master,,
2026-03-06T11:59:32,True,,1.0,inc0038_bounded_band_screen_HOPF_PHI2_BAND_seed0_20260306_081017.log,0,,,,phase4d_hopf_fib_band,"0,1","0,2,4,6","1,3",0.0,radial,10,0,1,1,32,4,0.0,120,0.0040293800768787386,0.003909781773311792,,0.9767940901330189,0.9728501589275843,0.0,15,29,7,7,,,,,,,,,512,0.10461588496042726,0.05230794241396592,0.011991233738593319,0.12237850812593219,0.04210194267966462,0.7367058423374679,0.24377283395733684,24.4484663750045,0.02410291600972414,,,,,,,,6.506447082967497,0.40319158299826086,31.71771949995309,,,inc0038_bounded_band_screen_HOPF_PHI2_BAND_seed0_20260306_081017,master,,
2026-03-06T11:59:32,True,,1.0,inc0038_bounded_band_screen_HOPF_PHI2_BAND_seed1_20260306_081554.log,1,,,,phase4d_hopf_fib_band,"0,1","0,2,4,6","1,3",0.0,radial,10,0,1,1,32,4,0.0,120,0.004022210144836674,0.003910477542812056,,0.9759662348403141,0.9709441546461574,0.0,17,29,7,7,,,,,,,,,512,0.05362540312269905,0.0268127015689703,0.003965894454878597,0.08514512355687864,0.029273879352224468,0.9452108146901089,0.22562995902262628,35.078886792005505,0.020721832988783717,,,,,,,,4.1407648749882355,0.41448420798406005,39.95703220798168,,,inc0038_bounded_band_screen_HOPF_PHI2_BAND_seed1_20260306_081554,master,,
2026-03-06T11:59:32,True,,1.0,inc0038_bounded_band_screen_PHASE_K25_C035_seed0_20260306_081358.log,0,,,,phase4d_adaptive,"0,1","0,2,4,6","1,3",0.0,radial,10,0,1,1,32,4,0.0,120,0.003976435104765468,0.003933125544867934,,0.9757382105998292,0.9685725244734493,0.0,18,29,4,4,,,,,,,,,512,0.20267638843007008,0.10133819412496076,-0.05478386707644388,0.3286376201674982,0.11171780746190926,0.565235690369971,0.26268616697052494,45.924923125014175,0.015623209008481354,,,,,,,,3.1415082499734126,0.31074762501521036,49.73913125001127,,,inc0038_bounded_band_screen_PHASE_K25_C035_seed0_20260306_081358,master,,
2026-03-06T11:59:32,True,,1.0,inc0038_bounded_band_screen_PHASE_K25_C035_seed1_20260306_081951.log,1,,,,phase4d_adaptive,"0,1","0,2,4,6","1,3",0.0,radial,10,0,1,1,32,4,0.0,120,0.004007682355135196,0.003914424779786246,,0.9758726259005558,0.9692094787129615,0.0016666666666666668,19,29,5,5,,,,,,,,,512,0.09584581017635391,0.0479229051048163,0.021146350658872423,0.13456386196699446,0.04603769402593444,0.7913369475020413,0.23777899995911866,41.78449345799163,0.02606599999126047,,,,,,,,3.3144106669933535,0.3330238329945132,45.774089749960694,,,inc0038_bounded_band_screen_PHASE_K25_C035_seed1_20260306_081951,master,,
2026-03-06T11:59:32,True,,1.0,inc0038_bounded_band_screen_R0_seed0_20260306_081448.log,0,,,,kmeans,"0,1","0,2,4,6","1,3",0.0,radial,10,0,1,1,32,4,50.0,120,0.004006595783210691,0.003953600059924342,,0.9807957009331097,0.9779404640580072,0.0,8,14,6,6,,,,,,,,,512,0.09418285703751318,0.04709142841681197,0.03050386611758068,0.12477011550703122,0.04269348021347473,0.7528707855301896,0.2367207920178771,34.22004016704159,0.08546370803378522,,,,,,,,1.5292792500113137,0.36414233403047547,37.105863916978706,,,inc0038_bounded_band_screen_R0_seed0_20260306_081448,master,,
2026-03-06T11:59:32,True,,1.0,inc0038_bounded_band_screen_R0_seed1_20260306_082037.log,1,,,,kmeans,"0,1","0,2,4,6","1,3",0.0,radial,10,0,1,1,32,4,50.0,120,0.00400963544172235,0.00393884231852473,,0.9797895966964137,0.977750661338338,0.0,8,16,8,8,,,,,,,,,512,0.09997021855385611,0.049985109366217736,-0.04727735518726627,0.17121216094956188,0.05842215863000057,0.8452859988420183,0.26300029101548716,27.43093937501544,0.0327971670194529,,,,,,,,0.5156355409999378,0.420465792005416,28.829547500004992,,,inc0038_bounded_band_screen_R0_seed1_20260306_082037,master,,
2026-03-06T11:59:32,True,,1.0,inc0039_route_memory_screen_BOUND_B050_seed0_20260306_083118.log,0,,,,phase4d_hopf_fib_band_bound,"0,1","0,2,4,6","1,3",0.0,radial,10,0,1,1,32,4,0.0,120,0.004033698148949934,0.003935433082329114,,0.9764215353282784,0.9712939758930065,0.0,17,26,4,4,,,,,,,,,512,0.048357365145889675,0.024178682554520475,-0.07557844279698285,0.08395937120203578,0.028718072852828243,0.9565433400219924,0.24908024998148903,48.80830504203914,0.0452150420169346,,,,,,,,11.060514333017636,0.26417012501042336,60.52292000001762,,,inc0039_route_memory_screen_BOUND_B050_seed0_20260306_083118,master,,
2026-03-06T11:59:32,True,,1.0,inc0039_route_memory_screen_BOUND_B050_seed1_20260306_083719.log,1,,,,phase4d_hopf_fib_band_bound,"0,1","0,2,4,6","1,3",0.0,radial,10,0,1,1,32,4,0.0,120,0.003995440299619332,0.003916290469248986,,0.9771293367302167,0.9719330836915689,0.0,16,27,5,5,,,,,,,,,512,0.017481736819427163,0.008740868423202893,-0.051019539010166544,0.026517036470147658,0.008990715101473649,0.9873810614926322,0.2300297089968808,50.66111333400477,0.0774484170251526,,,,,,,,4.931144333968405,0.32305083400569856,56.33064879098674,,,inc0039_route_memory_screen_BOUND_B050_seed1_20260306_083719,master,,
2026-03-06T11:59:32,True,,1.0,inc0039_route_memory_screen_DUAL_B025_seed0_20260306_083219.log,0,,,,phase4d_hopf_fib_band_bound,"0,1","0,2,4,6","1,3",0.0,radial,10,0,1,1,32,4,0.0,120,0.0040134179277429545,0.0039061341478094985,,0.9779740141991154,0.9709983341010585,0.0,17,27,5,5,,,,,,,,,512,0.0,0.0,1.0,0.0,0.0,0.9999999999999999,0.25781070796074346,47.66939574998105,0.03689133300213143,,,,,,,,4.863802375039086,0.3465064999763854,53.27722874999745,,,inc0039_route_memory_screen_DUAL_B025_seed0_20260306_083219,master,,
2026-03-06T11:59:32,True,,1.0,inc0039_route_memory_screen_DUAL_B025_seed1_20260306_083816.log,1,,,,phase4d_hopf_fib_band_bound,"0,1","0,2,4,6","1,3",0.0,radial,10,0,1,1,32,4,0.0,120,0.003995696533887129,0.003933368927133945,,0.977137780279019,0.9719620725659913,0.0,16,26,4,4,,,,,,,,,512,0.006122853408060676,0.0030614267037098243,-0.007239505034984674,0.008915832322804133,0.003063956541134563,0.9983046802222743,0.21790812496328726,55.022369499958586,0.09518391697201878,,,,,,,,4.661246792005841,0.2960488749668002,60.456396833003964,,,inc0039_route_memory_screen_DUAL_B025_seed1_20260306_083816,master,,
2026-03-06T11:59:32,True,,1.0,inc0039_route_memory_screen_DUAL_B050_seed0_20260306_083312.log,0,,,,phase4d_hopf_fib_band_bound,"0,1","0,2,4,6","1,3",0.0,radial,10,0,1,1,32,4,0.0,120,0.004033698148949934,0.003917602493934789,,0.9764215353282784,0.9712939758930065,0.0,17,28,6,6,,,,,,,,,512,0.048357365145889675,0.024178682554520475,-0.07557844279698285,0.08395937120203578,0.028718072852828243,0.9565433400219924,0.25570991699351,51.548255916975904,0.044776624999940395,,,,,,,,4.665579458000138,0.35907158302143216,56.98973129200749,,,inc0039_route_memory_screen_DUAL_B050_seed0_20260306_083312,master,,
2026-03-06T11:59:32,True,,1.0,inc0039_route_memory_screen_DUAL_B050_seed1_20260306_083917.log,1,,,,phase4d_hopf_fib_band_bound,"0,1","0,2,4,6","1,3",0.0,radial,10,0,1,1,32,4,0.0,120,0.003995440299619332,0.003913609210228863,,0.9771293367302167,0.9719330836915689,0.0,16,28,6,6,,,,,,,,,512,0.017481736819427163,0.008740868423202893,-0.051019539010166544,0.026517036470147658,0.008990715101473649,0.9873810614926322,0.25296124996384606,54.16778808296658,0.06739095796365291,,,,,,,,8.304386792005971,0.35361095797270536,63.35877666599117,,,inc0039_route_memory_screen_DUAL_B050_seed1_20260306_083917,master,,
2026-03-06T11:59:32,True,,1.0,inc0039_route_memory_screen_DUAL_B075_seed0_20260306_083409.log,0,,,,phase4d_hopf_fib_band_bound,"0,1","0,2,4,6","1,3",0.0,radial,10,0,1,1,32,4,0.0,120,0.004029798722877304,0.0039257977408223245,,0.9762537145081016,0.9709926877905927,0.0,17,27,5,5,,,,,,,,,512,0.07306684492453497,0.03653342237438659,-0.01520424163961529,0.09618164863292301,0.032772515616207136,0.8285744012198853,0.23206512501928955,51.876202834013384,0.058060624985955656,,,,,,,,4.942823624995071,0.31832749996101484,57.54612629202893,,,inc0039_route_memory_screen_DUAL_B075_seed0_20260306_083409,master,,
2026-03-06T11:59:32,True,,1.0,inc0039_route_memory_screen_DUAL_B075_seed1_20260306_084020.log,1,,,,phase4d_hopf_fib_band_bound,"0,1","0,2,4,6","1,3",0.0,radial,10,0,1,1,32,4,0.0,120,0.004021682095369032,0.003925223375665152,,0.975985599663641,0.9705422044059219,0.0,17,27,5,5,,,,,,,,,512,0.04169670063088698,0.020848350337581357,0.034936306156434324,0.05804065790059745,0.019872878795359025,0.9395757935364856,0.2302959999651648,47.80538033298217,0.03953937499318272,,,,,,,,10.227384458004963,0.29314066597726196,58.80088220798643,,,inc0039_route_memory_screen_DUAL_B075_seed1_20260306_084020,master,,
2026-03-06T11:59:32,True,,1.0,inc0039_route_memory_screen_HOPF_K25_BASE_seed0_20260306_082950.log,0,,,,phase4d_hopf,"0,1","0,2,4,6","1,3",0.0,radial,10,0,1,1,32,4,0.0,120,0.004022503444566959,0.003936704647842897,,0.9817460704272202,0.9783897928943193,0.0,8,12,4,4,,,,,,,,,512,0.09097858317132244,0.04548929150143914,0.026638162437924124,0.10656794571997956,0.03645911320072094,0.81227857240935,0.29541829199297354,37.77146050002193,0.026999583991710097,,,,,,,,3.6451582920271903,0.2862259169924073,42.142080374993384,,,inc0039_route_memory_screen_HOPF_K25_BASE_seed0_20260306_082950,master,,
2026-03-06T11:59:32,True,,1.0,inc0039_route_memory_screen_HOPF_K25_BASE_seed1_20260306_083553.log,1,,,,phase4d_hopf,"0,1","0,2,4,6","1,3",0.0,radial,10,0,1,1,32,4,0.0,120,0.003995666918101313,0.003931787947862129,,0.9799700610695065,0.9783783649052838,0.0,8,12,4,4,,,,,,,,,512,0.09160291403649255,0.0458014570609511,-0.009426647294005986,0.1300618626448677,0.04504309451097052,0.8555428876750516,0.24218179198214784,36.54968345898669,0.030470083002001047,,,,,,,,3.58865066600265,0.29150604200549424,40.810325458005536,,,inc0039_route_memory_screen_HOPF_K25_BASE_seed1_20260306_083553,master,,
2026-03-06T11:59:32,True,,1.0,inc0039_route_memory_screen_HOPF_PHI2_BAND_seed0_20260306_083032.log,0,,,,phase4d_hopf_fib_band,"0,1","0,2,4,6","1,3",0.0,radial,10,0,1,1,32,4,0.0,120,0.0040293800768787386,0.003909781773311792,,0.9767940901330189,0.9728501589275843,0.0,15,29,7,7,,,,,,,,,512,0.10461588496042726,0.05230794241396592,0.011991233738593319,0.12237850812593219,0.04210194267966462,0.7367058423374679,0.2507894159643911,38.586966582981404,0.04836079204687849,,,,,,,,6.125388625019696,0.3626154169905931,45.46050504100276,,,inc0039_route_memory_screen_HOPF_PHI2_BAND_seed0_20260306_083032,master,,
2026-03-06T11:59:32,True,,1.0,inc0039_route_memory_screen_HOPF_PHI2_BAND_seed1_20260306_083634.log,1,,,,phase4d_hopf_fib_band,"0,1","0,2,4,6","1,3",0.0,radial,10,0,1,1,32,4,0.0,120,0.004022210144836674,0.003910477542812056,,0.9759662348403141,0.9709441546461574,0.0,17,29,7,7,,,,,,,,,512,0.05362540312269905,0.0268127015689703,0.003965894454878597,0.08514512355687864,0.029273879352224468,0.9452108146901089,0.2401621249737218,39.515507250034716,0.04941220802720636,,,,,,,,4.494396583002526,0.3952291249879636,44.78404374996899,,,inc0039_route_memory_screen_HOPF_PHI2_BAND_seed1_20260306_083634,master,,
2026-03-06T11:59:32,True,,1.0,inc0039_route_memory_screen_R0_seed0_20260306_083507.log,0,,,,kmeans,"0,1","0,2,4,6","1,3",0.0,radial,10,0,1,1,32,4,50.0,120,0.004006595783210691,0.003953600059924342,,0.9807957009331097,0.9779404640580072,0.0,8,14,6,6,,,,,,,,,512,0.09418285703751318,0.04709142841681197,0.03050386611758068,0.12477011550703122,0.04269348021347473,0.7528707855301896,0.2215169999981299,43.86907274997793,0.03547424997668713,,,,,,,,1.211277041991707,0.3485261669848114,45.87354374997085,,,inc0039_route_memory_screen_R0_seed0_20260306_083507,master,,
2026-03-06T11:59:32,True,,1.0,inc0039_route_memory_screen_R0_seed1_20260306_084120.log,1,,,,kmeans,"0,1","0,2,4,6","1,3",0.0,radial,10,0,1,1,32,4,50.0,120,0.00400963544172235,0.00393884231852473,,0.9797895966964137,0.977750661338338,0.0,8,16,8,8,,,,,,,,,512,0.09997021855385611,0.049985109366217736,-0.04727735518726627,0.17121216094956188,0.05842215863000057,0.8452859988420183,0.22800441598519683,39.80000429204665,0.08074662502622232,,,,,,,,3.4746655840426683,0.39103670802433044,44.38057429197943,,,inc0039_route_memory_screen_R0_seed1_20260306_084120,master,,
2026-03-06T11:59:32,True,,1.0,inc0040_cost_confirm_HOPF_K25_BASE_IT60_P4_seed0_20260306_091534.log,0,,,,phase4d_hopf,"0,1","0,2,4,6","1,3",0.0,radial,10,0,1,1,32,4,0.0,60,0.004021975290370893,0.003919663033546629,,0.9818339055747148,0.9782721567460013,0.0,8,14,6,6,,,,,,,,,512,0.08384323065098731,0.04192161524663375,0.029398459854867248,0.1026986337903513,0.03512630112917621,0.8448751117375096,0.2820454169996083,10.993102625012398,0.03240016696508974,,,,,,,,4.280669083003886,0.406133791024331,16.11147433402948,,,inc0040_cost_confirm_HOPF_K25_BASE_IT60_P4_seed0_20260306_091534,master,,
2026-03-06T11:59:32,True,,1.0,inc0040_cost_confirm_HOPF_K25_BASE_IT60_P4_seed1_20260306_091748.log,1,,,,phase4d_hopf,"0,1","0,2,4,6","1,3",0.0,radial,10,0,1,1,32,4,0.0,60,0.003995666918101313,0.003931787947862129,,0.9799700610695065,0.9783783649052838,0.0,8,12,4,4,,,,,,,,,512,0.09160291403649255,0.0458014570609511,-0.009426647294005986,0.1300618626448677,0.04504309451097052,0.8555428876750516,0.22850266698515043,13.180353707983159,0.08261795801809058,,,,,,,,6.295211000018753,0.29768024996155873,20.198399249988142,,,inc0040_cost_confirm_HOPF_K25_BASE_IT60_P4_seed1_20260306_091748,master,,
2026-03-06T11:59:32,True,,1.0,inc0040_cost_confirm_HOPF_K25_BASE_IT60_P4_seed2_20260306_092003.log,2,,,,phase4d_hopf,"0,1","0,2,4,6","1,3",0.0,radial,10,0,1,1,32,4,0.0,60,0.00397919620752091,0.003908899060980836,,0.9808872211083877,0.9774694704747903,0.0,8,13,5,5,,,,,,,,,512,0.0646348640018117,0.03231743189311652,0.02754865565617151,0.11841709231234876,0.04030661607358398,0.8545269077424817,0.24562833301024511,12.882347124977969,0.08497491601156071,,,,,,,,5.686180124990642,0.3650092500029132,19.419557332992554,,,inc0040_cost_confirm_HOPF_K25_BASE_IT60_P4_seed2_20260306_092003,master,,
2026-03-06T11:59:32,True,,1.0,inc0040_cost_confirm_HOPF_K25_BASE_IT60_P4_seed3_20260306_092228.log,3,,,,phase4d_hopf,"0,1","0,2,4,6","1,3",0.0,radial,10,0,1,1,32,4,0.0,60,0.0040364568828026364,0.0039170441726523635,,0.9786807750668272,0.976981606770213,0.0,10,18,7,7,,,,,,,,,512,0.2518121031705516,0.12590605174599068,-0.05050198493788715,0.4082173068396031,0.14133445082579174,0.3798051167539795,0.4775372499716468,12.626312749984208,0.2132225829991512,,,,,,,,9.817169916001149,0.4374273749999702,23.89114433299983,,,inc0040_cost_confirm_HOPF_K25_BASE_IT60_P4_seed3_20260306_092228,master,,
2026-03-06T11:59:32,True,,1.0,inc0040_cost_confirm_HOPF_PHI2_BAND_IT60_P4_seed0_20260306_091551.log,0,,,,phase4d_hopf_fib_band,"0,1","0,2,4,6","1,3",0.0,radial,10,0,1,1,32,4,0.0,60,0.003990898006013243,0.0039314000679742745,,0.9775664630054969,0.9730686472244776,0.0,15,25,3,3,,,,,,,,,512,0.06489779339221266,0.03244889666253206,-0.035842031233369986,0.09224531572650896,0.031765417603568276,0.8878726494783068,0.2408585000084713,9.89986908301944,0.04360416700365022,,,,,,,,5.405251750024036,0.27105920802569017,15.968433333036955,,,inc0040_cost_confirm_HOPF_PHI2_BAND_IT60_P4_seed0_20260306_091551,master,,
2026-03-06T11:59:32,True,,1.0,inc0040_cost_confirm_HOPF_PHI2_BAND_IT60_P4_seed1_20260306_091808.log,1,,,,phase4d_hopf_fib_band,"0,1","0,2,4,6","1,3",0.0,radial,10,0,1,1,32,4,0.0,60,0.004020465643561468,0.003942715496343602,,0.9760860961333999,0.9710527354596267,0.0,17,25,3,3,,,,,,,,,512,0.06987559495598349,0.03493779748922981,-0.01279072052694478,0.11623384880632859,0.04001398443715686,0.951410673956584,0.24466324999229982,9.627520458016079,0.018860000011045486,,,,,,,,5.32303241599584,0.2729330420261249,15.576815292006359,,,inc0040_cost_confirm_HOPF_PHI2_BAND_IT60_P4_seed1_20260306_091808,master,,
2026-03-06T11:59:32,True,,1.0,inc0040_cost_confirm_HOPF_PHI2_BAND_IT60_P4_seed2_20260306_092023.log,2,,,,phase4d_hopf_fib_band,"0,1","0,2,4,6","1,3",0.0,radial,10,0,1,1,32,4,0.0,60,0.003998209079713173,0.00391701969501406,,0.9760789366057128,0.971257703642272,0.0,15,25,3,3,,,,,,,,,512,0.06779468459730005,0.03389734223515993,-0.02857811720934924,0.1058716467995932,0.03612276293999027,0.8781975403520518,0.24254220898728818,10.52185829199152,0.04748220799956471,,,,,,,,9.028961542004254,0.27196958294371143,20.24302400002489,,,inc0040_cost_confirm_HOPF_PHI2_BAND_IT60_P4_seed2_20260306_092023,master,,
2026-03-06T11:59:32,True,,1.0,inc0040_cost_confirm_HOPF_PHI2_BAND_IT60_P4_seed3_20260306_092252.log,3,,,,phase4d_hopf_fib_band,"0,1","0,2,4,6","1,3",0.0,radial,10,0,1,1,32,4,0.0,60,0.004000048544255099,0.00392142087558985,,0.9746801560839241,0.971784059371593,0.0025,17,29,4,4,,,,,,,,,512,0.2439215280304171,0.12196076416829515,-0.049101300631643696,0.395379051211293,0.1371190324509427,0.3742014574345885,0.25643208296969533,11.498019332997501,0.058651458006352186,,,,,,,,9.051934125018306,0.31358179199742153,21.292522082978394,,,inc0040_cost_confirm_HOPF_PHI2_BAND_IT60_P4_seed3_20260306_092252,master,,
2026-03-06T11:59:32,True,,1.0,inc0040_cost_confirm_HOPF_PHI2_BAND_seed0_20260306_091607.log,0,,,,phase4d_hopf_fib_band,"0,1","0,2,4,6","1,3",0.0,radial,10,0,1,1,32,4,0.0,120,0.0040293800768787386,0.003909781773311792,,0.9767940901330189,0.9728501589275843,0.0,15,29,7,7,,,,,,,,,512,0.10461588496042726,0.05230794241396592,0.011991233738593319,0.12237850812593219,0.04210194267966462,0.7367058423374679,0.24730195797747,46.80397099995753,0.17618195799877867,,,,,,,,11.750784207950346,0.418054084002506,59.595264917006716,,,inc0040_cost_confirm_HOPF_PHI2_BAND_seed0_20260306_091607,master,,
2026-03-06T11:59:32,True,,1.0,inc0040_cost_confirm_HOPF_PHI2_BAND_seed1_20260306_091824.log,1,,,,phase4d_hopf_fib_band,"0,1","0,2,4,6","1,3",0.0,radial,10,0,1,1,32,4,0.0,120,0.004022210144836674,0.003910477542812056,,0.9759662348403141,0.9709441546461574,0.0,17,29,7,7,,,,,,,,,512,0.05362540312269905,0.0268127015689703,0.003965894454878597,0.08514512355687864,0.029273879352224468,0.9452108146901089,0.2539185420027934,46.3808054170222,0.035082540998701006,,,,,,,,5.724315542029217,0.4424442920135334,52.945216208987404,,,inc0040_cost_confirm_HOPF_PHI2_BAND_seed1_20260306_091824,master,,
2026-03-06T11:59:32,True,,1.0,inc0040_cost_confirm_HOPF_PHI2_BAND_seed2_20260306_092044.log,2,,,,phase4d_hopf_fib_band,"0,1","0,2,4,6","1,3",0.0,radial,10,0,1,1,32,4,0.0,120,0.003980680848414336,0.003931610239607275,,0.9756820107610725,0.9711963779634704,0.0,15,25,3,3,,,,,,,,,512,0.06686008183383689,0.03343004083903629,-0.04358690592163953,0.09405138243653752,0.03203459821077435,0.8740379069467759,0.23023062502034009,49.35557091602823,0.02968120900914073,,,,,,,,7.727932457986753,0.2539771670126356,57.6994445839664,,,inc0040_cost_confirm_HOPF_PHI2_BAND_seed2_20260306_092044,master,,
2026-03-06T11:59:32,True,,1.0,inc0040_cost_confirm_HOPF_PHI2_BAND_seed3_20260306_092314.log,3,,,,phase4d_hopf_fib_band,"0,1","0,2,4,6","1,3",0.0,radial,10,0,1,1,32,4,0.0,120,0.003999809791963169,0.003933049631922524,,0.9739018598099694,0.9730316175430429,0.0,15,30,5,5,,,,,,,,,512,0.23960138222078237,0.11980069125685129,-0.05563887839419832,0.41460774139684287,0.14347375587077693,0.43928841236001637,0.5023895420017652,47.066915832983796,0.07981558301253244,,,,,,,,16.160999624989927,0.46401479199994355,64.49721670802683,,,inc0040_cost_confirm_HOPF_PHI2_BAND_seed3_20260306_092314,master,,
2026-03-06T11:59:32,True,,1.0,inc0040_cost_confirm_R0_seed0_20260306_091707.log,0,,,,kmeans,"0,1","0,2,4,6","1,3",0.0,radial,10,0,1,1,32,4,50.0,120,0.004006595783210691,0.003953600059924342,,0.9807957009331097,0.9779404640580072,0.0,8,14,6,6,,,,,,,,,512,0.09418285703751318,0.04709142841681197,0.03050386611758068,0.12477011550703122,0.04269348021347473,0.7528707855301896,0.2532680420554243,38.99171708297217,0.05272391700418666,,,,,,,,0.9042222080170177,0.3506597919622436,40.763086375023704,,,inc0040_cost_confirm_R0_seed0_20260306_091707,master,,
2026-03-06T11:59:32,True,,1.0,inc0040_cost_confirm_R0_seed1_20260306_091917.log,1,,,,kmeans,"0,1","0,2,4,6","1,3",0.0,radial,10,0,1,1,32,4,50.0,120,0.00400963544172235,0.00393884231852473,,0.9797895966964137,0.977750661338338,0.0,8,16,8,8,,,,,,,,,512,0.09997021855385611,0.049985109366217736,-0.04727735518726627,0.17121216094956188,0.05842215863000057,0.8452859988420183,0.2528078340110369,42.13126629096223,0.045696542016230524,,,,,,,,2.6339541249908507,0.3870613329927437,45.68923070898745,,,inc0040_cost_confirm_R0_seed1_20260306_091917,master,,
2026-03-06T11:59:32,True,,1.0,inc0040_cost_confirm_R0_seed2_20260306_092142.log,2,,,,kmeans,"0,1","0,2,4,6","1,3",0.0,radial,10,0,1,1,32,4,50.0,120,0.003993477112477444,0.0039488325086038615,,0.9808074701663294,0.9762391646340323,0.0,8,13,5,5,,,,,,,,,512,0.0932074502094445,0.04660372507540052,-0.060097745609570916,0.1126899344264198,0.03830501363261562,0.7706776698262485,0.2617788329953328,43.30960874998709,0.03855245799059048,,,,,,,,2.153729709039908,0.3415869169984944,46.30345325003145,,,inc0040_cost_confirm_R0_seed2_20260306_092142,master,,
2026-03-06T11:59:32,True,,1.0,inc0040_cost_confirm_R0_seed3_20260306_092419.log,3,,,,kmeans,"0,1","0,2,4,6","1,3",0.0,radial,10,0,1,1,32,4,50.0,120,0.004003891929975177,0.003946138364182777,,0.9794518790027605,0.977587774957687,0.0,8,13,5,5,,,,,,,,,512,0.09148792707866553,0.04574396357948924,-0.02775400845558166,0.10214718193938338,0.03507431484948378,0.7993265914698762,0.3092065830132924,40.39716200000839,0.2511422500247136,,,,,,,,1.9277463339967653,0.3256942500011064,44.20327233301941,,,inc0040_cost_confirm_R0_seed3_20260306_092419,master,,
2026-03-06T11:59:32,True,,1.0,inc0040_cost_screen_HOPF_K25_BASE_ES12_seed0_20260306_090609.log,0,,,,phase4d_hopf,"0,1","0,2,4,6","1,3",0.0,radial,10,0,1,1,32,4,0.0,120,0.004021975290370893,0.003919663033546629,,0.9818339055747148,0.9782721567460013,0.0,8,14,6,6,,,,,,,,,512,0.08384323065098731,0.04192161524663375,0.029398459854867248,0.1026986337903513,0.03512630112917621,0.8448751117375096,0.2680688750115223,17.352264291024767,0.09460275003220886,,,,,,,,14.728547583974432,0.3872799170203507,33.01179991697427,,,inc0040_cost_screen_HOPF_K25_BASE_ES12_seed0_20260306_090609,master,,
2026-03-06T11:59:32,True,,1.0,inc0040_cost_screen_HOPF_K25_BASE_ES12_seed1_20260306_091100.log,1,,,,phase4d_hopf,"0,1","0,2,4,6","1,3",0.0,radial,10,0,1,1,32,4,0.0,120,0.003995666918101313,0.003931787947862129,,0.9799700610695065,0.9783783649052838,0.0,8,12,4,4,,,,,,,,,512,0.09160291403649255,0.0458014570609511,-0.009426647294005986,0.1300618626448677,0.04504309451097052,0.8555428876750516,0.2493967500049621,8.632101082999725,0.1429379580076784,,,,,,,,5.546841500035953,0.3134823329746723,15.061016166000627,,,inc0040_cost_screen_HOPF_K25_BASE_ES12_seed1_20260306_091100,master,,
2026-03-06T11:59:32,True,,1.0,inc0040_cost_screen_HOPF_K25_BASE_IT60_P4_seed0_20260306_090545.log,0,,,,phase4d_hopf,"0,1","0,2,4,6","1,3",0.0,radial,10,0,1,1,32,4,0.0,60,0.004021975290370893,0.003919663033546629,,0.9818339055747148,0.9782721567460013,0.0,8,14,6,6,,,,,,,,,512,0.08384323065098731,0.04192161524663375,0.029398459854867248,0.1026986337903513,0.03512630112917621,0.8448751117375096,0.22421137499623,12.908398166997358,0.08049429103266448,,,,,,,,9.90716133400565,0.34573008300503716,23.5746537920204,,,inc0040_cost_screen_HOPF_K25_BASE_IT60_P4_seed0_20260306_090545,master,,
2026-03-06T11:59:32,True,,1.0,inc0040_cost_screen_HOPF_K25_BASE_IT60_P4_seed1_20260306_091042.log,1,,,,phase4d_hopf,"0,1","0,2,4,6","1,3",0.0,radial,10,0,1,1,32,4,0.0,60,0.003995666918101313,0.003931787947862129,,0.9799700610695065,0.9783783649052838,0.0,8,12,4,4,,,,,,,,,512,0.09160291403649255,0.0458014570609511,-0.009426647294005986,0.1300618626448677,0.04504309451097052,0.8555428876750516,0.2370809999993071,9.520457833015826,0.04599904199130833,,,,,,,,7.285438292019535,0.2957835409906693,17.48865258297883,,,inc0040_cost_screen_HOPF_K25_BASE_IT60_P4_seed1_20260306_091042,master,,
2026-03-06T11:59:32,True,,1.0,inc0040_cost_screen_HOPF_K25_BASE_seed0_20260306_090445.log,0,,,,phase4d_hopf,"0,1","0,2,4,6","1,3",0.0,radial,10,0,1,1,32,4,0.0,120,0.004022503444566959,0.003936704647842897,,0.9817460704272202,0.9783897928943193,0.0,8,12,4,4,,,,,,,,,512,0.09097858317132244,0.04548929150143914,0.026638162437924124,0.10656794571997956,0.03645911320072094,0.81227857240935,0.26072929200017825,43.309067541966215,0.05807291599921882,,,,,,,,16.104231583012734,0.3106976250419393,60.1644908330054,,,inc0040_cost_screen_HOPF_K25_BASE_seed0_20260306_090445,master,,
2026-03-06T11:59:32,True,,1.0,inc0040_cost_screen_HOPF_K25_BASE_seed1_20260306_090945.log,1,,,,phase4d_hopf,"0,1","0,2,4,6","1,3",0.0,radial,10,0,1,1,32,4,0.0,120,0.003995666918101313,0.003931787947862129,,0.9799700610695065,0.9783783649052838,0.0,8,12,4,4,,,,,,,,,512,0.09160291403649255,0.0458014570609511,-0.009426647294005986,0.1300618626448677,0.04504309451097052,0.8555428876750516,0.2651995000196621,46.47696670895675,0.09353274997556582,,,,,,,,9.464269040967338,0.2978378330008127,56.89007937500719,,,inc0040_cost_screen_HOPF_K25_BASE_seed1_20260306_090945,master,,
2026-03-06T11:59:32,True,,1.0,inc0040_cost_screen_HOPF_PHI2_BAND_IT60_P4_SLOT3_seed0_20260306_090839.log,0,,,,phase4d_hopf_fib_band,"0,1","0,2,4,6","1,3",0.0,radial,10,0,1,1,32,3,0.0,60,0.003990898006013243,0.0039314000679742745,,0.9775664630054969,0.9730686472244776,0.0,15,25,3,3,,,,,,,,,512,0.06489779339221266,0.03244889666253206,-0.035842031233369986,0.09224531572650896,0.031765417603568276,0.8878726494783068,0.41901304200291634,10.16648462502053,0.032535624981392175,,,,,,,,9.848512625030708,0.29822962498292327,20.887401374988258,,,inc0040_cost_screen_HOPF_PHI2_BAND_IT60_P4_SLOT3_seed0_20260306_090839,master,,
2026-03-06T11:59:32,True,,1.0,inc0040_cost_screen_HOPF_PHI2_BAND_IT60_P4_SLOT3_seed1_20260306_091321.log,1,,,,phase4d_hopf_fib_band,"0,1","0,2,4,6","1,3",0.0,radial,10,0,1,1,32,3,0.0,60,0.004020465643561468,0.003942715496343602,,0.9760860961333999,0.9710527354596267,0.0,17,25,3,3,,,,,,,,,512,0.06987559495598349,0.03493779748922981,-0.01279072052694478,0.11623384880632859,0.04001398443715686,0.951410673956584,0.24033833300927654,10.682207208999898,0.06692083401139826,,,,,,,,8.09980520803947,0.2655164580210112,19.474349249969237,,,inc0040_cost_screen_HOPF_PHI2_BAND_IT60_P4_SLOT3_seed1_20260306_091321,master,,
2026-03-06T11:59:32,True,,1.0,inc0040_cost_screen_HOPF_PHI2_BAND_IT60_P4_seed0_20260306_090733.log,0,,,,phase4d_hopf_fib_band,"0,1","0,2,4,6","1,3",0.0,radial,10,0,1,1,32,4,0.0,60,0.003990898006013243,0.0039314000679742745,,0.9775664630054969,0.9730686472244776,0.0,15,25,3,3,,,,,,,,,512,0.06489779339221266,0.03244889666253206,-0.035842031233369986,0.09224531572650896,0.031765417603568276,0.8878726494783068,0.25086208403808996,9.329644209006801,0.06555649999063462,,,,,,,,5.419862750044558,0.30808575003175065,15.466906292014755,,,inc0040_cost_screen_HOPF_PHI2_BAND_IT60_P4_seed0_20260306_090733,master,,
2026-03-06T11:59:32,True,,1.0,inc0040_cost_screen_HOPF_PHI2_BAND_IT60_P4_seed1_20260306_091210.log,1,,,,phase4d_hopf_fib_band,"0,1","0,2,4,6","1,3",0.0,radial,10,0,1,1,32,4,0.0,60,0.004020465643561468,0.003942715496343602,,0.9760860961333999,0.9710527354596267,0.0,17,25,3,3,,,,,,,,,512,0.06987559495598349,0.03493779748922981,-0.01279072052694478,0.11623384880632859,0.04001398443715686,0.951410673956584,0.25449229101650417,13.787501209008042,0.05780000000959262,,,,,,,,6.591445541009307,0.2742165829986334,21.105817625008058,,,inc0040_cost_screen_HOPF_PHI2_BAND_IT60_P4_seed1_20260306_091210,master,,
2026-03-06T11:59:32,True,,1.0,inc0040_cost_screen_HOPF_PHI2_BAND_SLOT3_seed0_20260306_090749.log,0,,,,phase4d_hopf_fib_band,"0,1","0,2,4,6","1,3",0.0,radial,10,0,1,1,32,3,0.0,120,0.0040293800768787386,0.003922955540080952,,0.9767940901330189,0.9728501589275843,0.0,15,27,5,5,,,,,,,,,512,0.10461588496042726,0.05230794241396592,0.011991233738593319,0.12237850812593219,0.04210194267966462,0.7367058423374679,0.27542658301535994,42.53436958399834,0.03290975000709295,,,,,,,,6.662015000008978,0.2480837499606423,49.866007832984906,,,inc0040_cost_screen_HOPF_PHI2_BAND_SLOT3_seed0_20260306_090749,master,,
2026-03-06T11:59:32,True,,1.0,inc0040_cost_screen_HOPF_PHI2_BAND_SLOT3_seed1_20260306_091231.log,1,,,,phase4d_hopf_fib_band,"0,1","0,2,4,6","1,3",0.0,radial,10,0,1,1,32,3,0.0,120,0.004022210144836674,0.003924064876349469,,0.9759662348403141,0.9709441546461574,0.0,17,27,5,5,,,,,,,,,512,0.05362540312269905,0.0268127015689703,0.003965894454878597,0.08514512355687864,0.029273879352224468,0.9452108146901089,0.24698570801410824,43.10327754099853,0.03673879196867347,,,,,,,,6.352922582998872,0.3313904579845257,50.16361133399187,,,inc0040_cost_screen_HOPF_PHI2_BAND_SLOT3_seed1_20260306_091231,master,,
2026-03-06T11:59:32,True,,1.0,inc0040_cost_screen_HOPF_PHI2_BAND_seed0_20260306_090642.log,0,,,,phase4d_hopf_fib_band,"0,1","0,2,4,6","1,3",0.0,radial,10,0,1,1,32,4,0.0,120,0.0040293800768787386,0.003909781773311792,,0.9767940901330189,0.9728501589275843,0.0,15,29,7,7,,,,,,,,,512,0.10461588496042726,0.05230794241396592,0.011991233738593319,0.12237850812593219,0.04210194267966462,0.7367058423374679,0.26568716700421646,44.66741816699505,0.040384459018241614,,,,,,,,4.9850618750206195,0.40220000001136214,50.448928290978074,,,inc0040_cost_screen_HOPF_PHI2_BAND_seed0_20260306_090642,master,,
2026-03-06T11:59:32,True,,1.0,inc0040_cost_screen_HOPF_PHI2_BAND_seed1_20260306_091115.log,1,,,,phase4d_hopf_fib_band,"0,1","0,2,4,6","1,3",0.0,radial,10,0,1,1,32,4,0.0,120,0.004022210144836674,0.003910477542812056,,0.9759662348403141,0.9709441546461574,0.0,17,29,7,7,,,,,,,,,512,0.05362540312269905,0.0268127015689703,0.003965894454878597,0.08514512355687864,0.029273879352224468,0.9452108146901089,0.25976049999007955,44.49626129202079,0.056435959006194025,,,,,,,,8.651320124976337,0.40029925003182143,53.97327104199212,,,inc0040_cost_screen_HOPF_PHI2_BAND_seed1_20260306_091115,master,,
2026-03-06T11:59:32,True,,1.0,inc0040_cost_screen_R0_seed0_20260306_090900.log,0,,,,kmeans,"0,1","0,2,4,6","1,3",0.0,radial,10,0,1,1,32,4,50.0,120,0.004006595783210691,0.003953600059924342,,0.9807957009331097,0.9779404640580072,0.0,8,14,6,6,,,,,,,,,512,0.09418285703751318,0.04709142841681197,0.03050386611758068,0.12477011550703122,0.04269348021347473,0.7528707855301896,0.2468681670143269,43.16905650001718,0.030724083015229553,,,,,,,,0.9175105420290492,0.3326806669938378,44.91907254100079,,,inc0040_cost_screen_R0_seed0_20260306_090900,master,,
2026-03-06T11:59:32,True,,1.0,inc0040_cost_screen_R0_seed1_20260306_091341.log,1,,,,kmeans,"0,1","0,2,4,6","1,3",0.0,radial,10,0,1,1,32,4,50.0,120,0.00400963544172235,0.00393884231852473,,0.9797895966964137,0.977750661338338,0.0,8,16,8,8,,,,,,,,,512,0.09997021855385611,0.049985109366217736,-0.04727735518726627,0.17121216094956188,0.05842215863000057,0.8452859988420183,0.2559938329504803,43.837786332995165,0.09385595796629786,,,,,,,,2.190989124996122,0.38632220798172057,47.159259249980096,,,inc0040_cost_screen_R0_seed1_20260306_091341,master,,
2026-03-06T11:59:32,True,,1.0,inc0041_cost_large_subset_HOPF_K25_BASE_IT60_P4_seed0_20260306_092908.log,0,,,,phase4d_hopf,"0,1","0,2,4,6","1,3",0.0,radial,10,0,1,0,32,4,0.0,60,0.004001133036537749,0.0038942489230608694,,0.9825676448834525,0.9817514436327778,0.0,8,15,7,7,,,,,,,,,512,0.11695717931134361,0.0584785896275027,-0.010931603774444465,0.18938120597490424,0.06459888564984999,0.7089773782875671,0.3045347090228461,22.98027037497377,0.07619345799321309,,,,,,,,12.457051292003598,0.6382446669740602,36.74721825000597,,,inc0041_cost_large_subset_HOPF_K25_BASE_IT60_P4_seed0_20260306_092908,master,,
2026-03-06T11:59:32,True,,1.0,inc0041_cost_large_subset_HOPF_K25_BASE_IT60_P4_seed1_20260306_093105.log,1,,,,phase4d_hopf,"0,1","0,2,4,6","1,3",0.0,radial,10,0,1,0,32,4,0.0,60,0.003992691673636536,0.003898762489134869,,0.9828371648390647,0.982088046474804,0.0,8,15,7,7,,,,,,,,,512,0.05025142924889914,0.025125714599068566,0.016249331387909013,0.06253915338639177,0.02157290514526285,0.921763963113585,0.23743808298604563,19.25927037501242,0.1044664999935776,,,,,,,,15.867672874999698,0.6580524999881163,36.31407908303663,,,inc0041_cost_large_subset_HOPF_K25_BASE_IT60_P4_seed1_20260306_093105,master,,
2026-03-06T11:59:32,True,,1.0,inc0041_cost_large_subset_HOPF_K25_BASE_IT60_P4_seed2_20260306_093248.log,2,,,,phase4d_hopf,"0,1","0,2,4,6","1,3",0.0,radial,10,0,1,0,32,4,0.0,60,0.00402804385464768,0.0038885533009569485,,0.9823235431159288,0.9807390098766331,0.0,8,18,10,10,,,,,,,,,512,0.12068386883921857,0.06034193433122758,-0.023498864167870864,0.18561899168065824,0.06329787741415362,0.779491627073424,0.2477987500024028,17.93129591702018,0.08524358295835555,,,,,,,,16.831262584018987,0.8533107920084149,36.27558462502202,,,inc0041_cost_large_subset_HOPF_K25_BASE_IT60_P4_seed2_20260306_093248,master,,
2026-03-06T11:59:32,True,,1.0,inc0041_cost_large_subset_HOPF_K25_BASE_IT60_P4_seed3_20260306_093451.log,3,,,,phase4d_hopf,"0,1","0,2,4,6","1,3",0.0,radial,10,0,1,0,32,4,0.0,60,0.003989385453285556,0.0039012560126859895,,0.9813607400281146,0.9802855122753604,0.0,11,17,6,6,,,,,,,,,512,0.27714698188121106,0.13857349109219616,-0.06441590264178267,0.40541404649758095,0.13991771147284407,0.2875114207714647,0.22901170799741521,18.447719625022728,0.10703041701344773,,,,,,,,19.403958667011466,0.5926937080221251,39.02489100000821,,,inc0041_cost_large_subset_HOPF_K25_BASE_IT60_P4_seed3_20260306_093451,master,,
2026-03-06T11:59:32,True,,1.0,inc0041_cost_large_subset_HOPF_PHI2_BAND_IT60_P4_seed0_20260306_092946.log,0,,,,phase4d_hopf_fib_band,"0,1","0,2,4,6","1,3",0.0,radial,10,0,1,0,32,4,0.0,60,0.003994316280936657,0.00391259133556895,,0.980456887668208,0.9782761338827455,0.0,17,30,8,8,,,,,,,,,512,0.043514889995857425,0.021757444970549777,0.01618203779228258,0.05405049543467107,0.018501716653749264,0.9317094660533954,0.2408627500408329,25.772170583019033,0.116837540990673,,,,,,,,18.99988504103385,0.747052958002314,46.16275754198432,,,inc0041_cost_large_subset_HOPF_PHI2_BAND_IT60_P4_seed0_20260306_092946,master,,
2026-03-06T11:59:32,True,,1.0,inc0041_cost_large_subset_HOPF_PHI2_BAND_IT60_P4_seed1_20260306_093141.log,1,,,,phase4d_hopf_fib_band,"0,1","0,2,4,6","1,3",0.0,radial,10,0,1,0,32,4,0.0,60,0.0040349872418924395,0.003901025803265012,,0.9806551141111777,0.9792389968719406,0.0,15,29,7,7,,,,,,,,,512,0.07366170372006352,0.03683085182189891,-0.006834742882530788,0.14086282857813634,0.04831507586336091,0.9174077323035644,0.24114879197441041,23.765778957982548,0.10459704202366993,,,,,,,,18.374084292037878,0.6171523749944754,43.55903979099821,,,inc0041_cost_large_subset_HOPF_PHI2_BAND_IT60_P4_seed1_20260306_093141,master,,
2026-03-06T11:59:32,True,,1.0,inc0041_cost_large_subset_HOPF_PHI2_BAND_IT60_P4_seed2_20260306_093325.log,2,,,,phase4d_hopf_fib_band,"0,1","0,2,4,6","1,3",0.0,radial,10,0,1,0,32,4,0.0,60,0.004016181067987272,0.0038939147911473166,,0.9798680709039139,0.976065978821888,0.0,20,30,8,8,,,,,,,,,512,0.05862054635785273,0.02931027315252312,0.006249758291951133,0.08309803470867365,0.02832536267133507,0.8796566151893149,0.2414907919592224,30.035852667002473,0.07819916604785249,,,,,,,,20.664187541988213,0.8085369579494,52.097639042011,,,inc0041_cost_large_subset_HOPF_PHI2_BAND_IT60_P4_seed2_20260306_093325,master,,
2026-03-06T11:59:32,True,,1.0,inc0041_cost_large_subset_HOPF_PHI2_BAND_IT60_P4_seed3_20260306_093530.log,3,,,,phase4d_hopf_fib_band,"0,1","0,2,4,6","1,3",0.0,radial,10,0,1,0,32,4,0.0,60,0.0040768290351865,0.003908711882163809,,0.978964504880835,0.9775089904436283,0.0,19,34,9,9,,,,,,,,,512,0.199299927927766,0.09964996407481647,-0.08688622793151426,0.30027764778099475,0.10313580028121527,0.5337952773350816,0.262363791000098,20.77456629194785,0.09076208301121369,,,,,,,,26.190395709010772,1.0255936660105363,48.59673779201694,,,inc0041_cost_large_subset_HOPF_PHI2_BAND_IT60_P4_seed3_20260306_093530,master,,
2026-03-06T11:59:32,True,,1.0,inc0041_cost_large_subset_R0_seed0_20260306_093032.log,0,,,,kmeans,"0,1","0,2,4,6","1,3",0.0,radial,10,0,1,0,32,4,50.0,60,0.004013688112234323,0.003920868173471053,,0.9820710540167423,0.9809209760265416,0.0,8,18,10,10,,,,,,,,,512,0.05656363647603629,0.028281818222135758,-0.009221421166038054,0.07247485015685504,0.024781200932487722,0.8712970295806837,0.27073366701370105,21.561598582949955,0.07416383299278095,,,,,,,,9.187563667015638,0.7486345830257051,32.338105708011426,,,inc0041_cost_large_subset_R0_seed0_20260306_093032,master,,
2026-03-06T11:59:32,True,,1.0,inc0041_cost_large_subset_R0_seed1_20260306_093225.log,1,,,,kmeans,"0,1","0,2,4,6","1,3",0.0,radial,10,0,1,0,32,4,50.0,60,0.004003728523783333,0.003904747852400277,,0.9824123370250288,0.9812703358931296,0.0,8,18,10,10,,,,,,,,,512,0.03856536485136961,0.019282682400953936,0.04470680262761493,0.052668697563191536,0.018090717984966295,0.9306190111081546,0.24745087494375184,18.493110040959436,0.10767495800973848,,,,,,,,2.6995319169946015,0.7631133329705335,22.691424166958313,,,inc0041_cost_large_subset_R0_seed1_20260306_093225,master,,
2026-03-06T11:59:32,True,,1.0,inc0041_cost_large_subset_R0_seed2_20260306_093417.log,2,,,,kmeans,"0,1","0,2,4,6","1,3",0.0,radial,10,0,1,0,32,4,50.0,60,0.00402175385125692,0.0039049236851148622,,0.9815952294892725,0.9797605365012647,0.0,8,25,17,17,,,,,,,,,512,0.11404097015736134,0.05702048507334448,-0.05637078180484923,0.1415378713349711,0.04882680367889042,0.7344662037350022,0.3020567080238834,28.56627616600599,0.06168141699163243,,,,,,,,2.0663648339686915,1.3510060840053484,32.7270094580017,,,inc0041_cost_large_subset_R0_seed2_20260306_093417,master,,
2026-03-06T11:59:32,True,,1.0,inc0041_cost_large_subset_R0_seed3_20260306_093619.log,3,,,,kmeans,"0,1","0,2,4,6","1,3",0.0,radial,10,0,1,0,32,4,50.0,60,0.004002288247754067,0.0039242866077782825,,0.9812378970400017,0.9805258793242426,0.0,8,16,8,8,,,,,,,,,512,0.07051517082547147,0.03525758541171485,-0.05702623741052641,0.10174471719895367,0.03494784534248693,0.8483170145334439,0.2735757500049658,18.03057737497147,0.07340937497792765,,,,,,,,1.962148624996189,0.5852639169897884,21.328749749984127,,,inc0041_cost_large_subset_R0_seed3_20260306_093619,master,,
2026-03-06T11:59:32,True,,1.0,inc0042_timing_diag_HOPF_K25_BASE_IT60_P4_seed0_20260306_094344.log,0,,,,phase4d_hopf,"0,1","0,2,4,6","1,3",0.0,radial,10,0,1,0,32,4,0.0,60,0.004001133036537749,0.0038942489230608694,,0.9825676448834525,0.9817514436327778,0.0,8,15,7,7,,,,,,,,,512,0.11695717931134361,0.0584785896275027,-0.010931603774444465,0.18938120597490424,0.06459888564984999,0.7089773782875671,0.3084310830454342,19.150473207992036,0.0706823340151459,,,,,,12.955879130284302,0.11148838564986363,13.075790666975081,0.6715660829795524,33.497169792011846,,,inc0042_timing_diag_HOPF_K25_BASE_IT60_P4_seed0_20260306_094344,master,,
2026-03-06T11:59:32,True,,1.0,inc0042_timing_diag_HOPF_K25_BASE_IT60_P4_seed1_20260306_094526.log,1,,,,phase4d_hopf,"0,1","0,2,4,6","1,3",0.0,radial,10,0,1,0,32,4,0.0,60,0.003992691673636536,0.003898762489134869,,0.9828371648390647,0.982088046474804,0.0,8,15,7,7,,,,,,,,,512,0.05025142924889914,0.025125714599068566,0.016249331387909013,0.06253915338639177,0.02157290514526285,0.921763963113585,0.2503023750032298,20.870730208000168,0.08510574995307252,,,,,,16.87055623374181,0.12816509656840935,17.008204250014387,0.5875005410052836,39.041627041005995,,,inc0042_timing_diag_HOPF_K25_BASE_IT60_P4_seed1_20260306_094526,master,,
2026-03-06T11:59:32,True,,1.0,inc0042_timing_diag_HOPF_PHI2_BAND_IT60_P4_seed0_20260306_094418.log,0,,,,phase4d_hopf_fib_band,"0,1","0,2,4,6","1,3",0.0,radial,10,0,1,0,32,4,0.0,60,0.003994316280936657,0.00391259133556895,,0.980456887668208,0.9782761338827455,0.0,17,30,8,8,,,,,,,,,512,0.043514889995857425,0.021757444970549777,0.01618203779228258,0.05405049543467107,0.018501716653749264,0.9317094660533954,0.23466162499971688,19.73064779199194,0.07014824997168034,,,,,,10.928413945133798,0.11049089132575318,11.050812666013371,0.7005302920006216,31.99457966699265,,,inc0042_timing_diag_HOPF_PHI2_BAND_IT60_P4_seed0_20260306_094418,master,,
2026-03-06T11:59:32,True,,1.0,inc0042_timing_diag_HOPF_PHI2_BAND_IT60_P4_seed1_20260306_094606.log,1,,,,phase4d_hopf_fib_band,"0,1","0,2,4,6","1,3",0.0,radial,10,0,1,0,32,4,0.0,60,0.0040349872418924395,0.003901025803265012,,0.9806551141111777,0.9792389968719406,0.0,15,29,7,7,,,,,,,,,512,0.07366170372006352,0.03683085182189891,-0.006834742882530788,0.14086282857813634,0.04831507586336091,0.9174077323035644,0.24756445799721405,21.416197666956577,0.08041854103794321,,,,,,12.668183440051507,0.12298096279846504,12.80034562497167,0.6890316250501201,35.48927858402021,,,inc0042_timing_diag_HOPF_PHI2_BAND_IT60_P4_seed1_20260306_094606,master,,
2026-03-06T11:59:32,True,,1.0,inc0042_timing_diag_R0_seed0_20260306_094450.log,0,,,,kmeans,"0,1","0,2,4,6","1,3",0.0,radial,10,0,1,0,32,4,50.0,60,0.004013688112234323,0.003920868173471053,,0.9820710540167423,0.9809209760265416,0.0,8,18,10,10,,,,,,,,,512,0.05656363647603629,0.028281818222135758,-0.009221421166038054,0.07247485015685504,0.024781200932487722,0.8712970295806837,0.2702629169798456,32.99973937502364,0.059422708000056446,,,,,,1.4703294728533365,0.0867112007108517,1.56179287499981,0.7080107089714147,35.94348000001628,,,inc0042_timing_diag_R0_seed0_20260306_094450,master,,
2026-03-06T11:59:32,True,,1.0,inc0042_timing_diag_R0_seed1_20260306_094641.log,1,,,,kmeans,"0,1","0,2,4,6","1,3",0.0,radial,10,0,1,0,32,4,50.0,60,0.004003728523783333,0.003904747852400277,,0.9824123370250288,0.9812703358931296,0.0,8,18,10,10,,,,,,,,,512,0.03856536485136961,0.019282682400953936,0.04470680262761493,0.052668697563191536,0.018090717984966295,0.9306190111081546,0.24996020802063867,23.146196125017013,0.050778458011336625,,,,,,2.064942918368615,0.08579575642943382,2.1559366669971496,0.7224130830145441,26.707634666992817,,,inc0042_timing_diag_R0_seed1_20260306_094641,master,,
2026-03-06T11:59:32,True,,1.0,inc0043_train_route_static_confirm_HOPF_K25_BASE_IT60_P4_STATIC_seed0_20260306_095945.log,0,,,,phase4d_hopf,"0,1","0,2,4,6","1,3",0.0,radial,10,0,1,0,32,4,0.0,60,0.003998331834679594,0.0038898801920485768,,0.9825676448834525,0.9817514436327778,0.0,8,16,8,8,,,,,,,,,512,0.11695717931134361,0.0584785896275027,-0.010931603774444465,0.18938120597490424,0.06459888564984999,0.7089773782875671,0.2901234999881126,18.31899737502681,0.22369729104684666,,,,,,0.0033526052720844746,0.13146666786633432,0.13935816701268777,0.65600054099923,19.96602554200217,,,inc0043_train_route_static_confirm_HOPF_K25_BASE_IT60_P4_STATIC_seed0_20260306_095945,master,,
2026-03-06T11:59:32,True,,1.0,inc0043_train_route_static_confirm_HOPF_K25_BASE_IT60_P4_STATIC_seed1_20260306_100134.log,1,,,,phase4d_hopf,"0,1","0,2,4,6","1,3",0.0,radial,10,0,1,0,32,4,0.0,60,0.003994949266969327,0.0039048246621346734,,0.9828371648390647,0.982088046474804,0.0,8,14,6,6,,,,,,,,,512,0.05025142924889914,0.025125714599068566,0.016249331387909013,0.06253915338639177,0.02157290514526285,0.921763963113585,0.23586945899296552,24.32514158298727,0.2224805419682525,,,,,,0.005337775219231844,0.14295370521722361,0.15181566699175164,0.8402978340163827,26.211895666026976,,,inc0043_train_route_static_confirm_HOPF_K25_BASE_IT60_P4_STATIC_seed1_20260306_100134,master,,
2026-03-06T11:59:32,True,,1.0,inc0043_train_route_static_confirm_HOPF_K25_BASE_IT60_P4_STATIC_seed2_20260306_100329.log,2,,,,phase4d_hopf,"0,1","0,2,4,6","1,3",0.0,radial,10,0,1,0,32,4,0.0,60,0.0040284201477766655,0.0038937328278277348,,0.9823235431159288,0.9807390098766331,0.0,8,16,8,8,,,,,,,,,512,0.12068386883921857,0.06034193433122758,-0.023498864167870864,0.18561899168065824,0.06329787741415362,0.779491627073424,0.24137270799838006,17.849408750014845,0.04254641599254683,,,,,,0.0023479954106733203,0.053446766221895814,0.058809250011108816,0.5994753750273958,18.961033916042652,,,inc0043_train_route_static_confirm_HOPF_K25_BASE_IT60_P4_STATIC_seed2_20260306_100329,master,,
2026-03-06T11:59:32,True,,1.0,inc0043_train_route_static_confirm_HOPF_K25_BASE_IT60_P4_STATIC_seed3_20260306_100444.log,3,,,,phase4d_hopf,"0,1","0,2,4,6","1,3",0.0,radial,10,0,1,0,32,4,0.0,60,0.003989364703529786,0.003909587442924664,,0.9813607400281146,0.9802855122753604,0.0,11,17,6,6,,,,,,,,,512,0.27714698188121106,0.13857349109219616,-0.06441590264178267,0.40541404649758095,0.13991771147284407,0.2875114207714647,0.23921487503685057,13.04638629197143,0.05821395799284801,,,,,,0.0020589272025972605,0.04849108500638977,0.05311100004473701,0.5089973749709316,14.051795832987409,,,inc0043_train_route_static_confirm_HOPF_K25_BASE_IT60_P4_STATIC_seed3_20260306_100444,master,,
2026-03-06T11:59:32,True,,1.0,inc0043_train_route_static_confirm_HOPF_K25_BASE_IT60_P4_seed0_20260306_095910.log,0,,,,phase4d_hopf,"0,1","0,2,4,6","1,3",0.0,radial,10,0,1,0,32,4,0.0,60,0.004001133036537749,0.0038942489230608694,,0.9825676448834525,0.9817514436327778,0.0,8,15,7,7,,,,,,,,,512,0.11695717931134361,0.0584785896275027,-0.010931603774444465,0.18938120597490424,0.06459888564984999,0.7089773782875671,0.2660816659918055,20.981406875012908,0.08395770902279764,,,,,,13.111730556702241,0.12375612481264398,13.244222333014477,0.6013629590161145,35.4113464159891,,,inc0043_train_route_static_confirm_HOPF_K25_BASE_IT60_P4_seed0_20260306_095910,master,,
2026-03-06T11:59:32,True,,1.0,inc0043_train_route_static_confirm_HOPF_K25_BASE_IT60_P4_seed1_20260306_100057.log,1,,,,phase4d_hopf,"0,1","0,2,4,6","1,3",0.0,radial,10,0,1,0,32,4,0.0,60,0.003992691673636536,0.003898762489134869,,0.9828371648390647,0.982088046474804,0.0,8,15,7,7,,,,,,,,,512,0.05025142924889914,0.025125714599068566,0.016249331387909013,0.06253915338639177,0.02157290514526285,0.921763963113585,0.24910466599976644,19.155379290983547,0.08282591699389741,,,,,,15.547441291622818,0.2099849657388404,15.767322124971543,0.6343337910366245,36.135282290983014,,,inc0043_train_route_static_confirm_HOPF_K25_BASE_IT60_P4_seed1_20260306_100057,master,,
2026-03-06T11:59:32,True,,1.0,inc0043_train_route_static_confirm_HOPF_K25_BASE_IT60_P4_seed2_20260306_100251.log,2,,,,phase4d_hopf,"0,1","0,2,4,6","1,3",0.0,radial,10,0,1,0,32,4,0.0,60,0.00402804385464768,0.0038885533009569485,,0.9823235431159288,0.9807390098766331,0.0,8,18,10,10,,,,,,,,,512,0.12068386883921857,0.06034193433122758,-0.023498864167870864,0.18561899168065824,0.06329787741415362,0.779491627073424,0.2250190829508938,18.12653066695202,0.08011820900719613,,,,,,18.270117529318668,0.18072574329562485,18.463786707958207,0.8313870829879306,37.92671591701219,,,inc0043_train_route_static_confirm_HOPF_K25_BASE_IT60_P4_seed2_20260306_100251,master,,
2026-03-06T11:59:32,True,,1.0,inc0043_train_route_static_confirm_HOPF_K25_BASE_IT60_P4_seed3_20260306_100425.log,3,,,,phase4d_hopf,"0,1","0,2,4,6","1,3",0.0,radial,10,0,1,0,32,4,0.0,60,0.003989385453285556,0.0039012560126859895,,0.9813607400281146,0.9802855122753604,0.0,11,17,6,6,,,,,,,,,512,0.27714698188121106,0.13857349109219616,-0.06441590264178267,0.40541404649758095,0.13991771147284407,0.2875114207714647,0.24200283299433067,13.328846124990378,0.07076679199235514,,,,,,4.271470756153576,0.08035477006342262,4.358016542042606,0.5270335829700343,18.661141375021543,,,inc0043_train_route_static_confirm_HOPF_K25_BASE_IT60_P4_seed3_20260306_100425,master,,
2026-03-06T11:59:32,True,,1.0,inc0043_train_route_static_confirm_HOPF_PHI2_BAND_IT60_P4_STATIC_seed0_20260306_100006.log,0,,,,phase4d_hopf_fib_band,"0,1","0,2,4,6","1,3",0.0,radial,10,0,1,0,32,4,0.0,60,0.003994938702926359,0.003897310166423374,,0.980456887668208,0.9782761338827455,0.0,17,28,8,8,,,,,,,,,512,0.043514889995857425,0.021757444970549777,0.01618203779228258,0.05405049543467107,0.018501716653749264,0.9317094660533954,0.23310558299999684,17.933945166994818,0.1021889999974519,,,,,,0.0042398617952130735,0.10588932171231136,0.11529891600366682,0.8670690000290051,19.586682499968447,,,inc0043_train_route_static_confirm_HOPF_PHI2_BAND_IT60_P4_STATIC_seed0_20260306_100006,master,,
2026-03-06T11:59:32,True,,1.0,inc0043_train_route_static_confirm_HOPF_PHI2_BAND_IT60_P4_STATIC_seed1_20260306_100200.log,1,,,,phase4d_hopf_fib_band,"0,1","0,2,4,6","1,3",0.0,radial,10,0,1,0,32,4,0.0,60,0.004036872445440426,0.00389666704495817,,0.9806551141111777,0.9792389968719406,0.0,15,27,7,7,,,,,,,,,512,0.07366170372006352,0.03683085182189891,-0.006834742882530788,0.14086282857813634,0.04831507586336091,0.9174077323035644,0.3916504579829052,24.54017054202268,0.0882291670423001,,,,,,0.003995076811406761,0.04929159861057997,0.056105333962477744,0.6217420839820988,25.973127334029414,,,inc0043_train_route_static_confirm_HOPF_PHI2_BAND_IT60_P4_STATIC_seed1_20260306_100200,master,,
2026-03-06T11:59:32,True,,1.0,inc0043_train_route_static_confirm_HOPF_PHI2_BAND_IT60_P4_STATIC_seed2_20260306_100349.log,2,,,,phase4d_hopf_fib_band,"0,1","0,2,4,6","1,3",0.0,radial,10,0,1,0,32,4,0.0,60,0.004015329206564699,0.0039044342781288143,,0.9798680709039139,0.976065978821888,0.0,20,28,7,7,,,,,,,,,512,0.05862054635785273,0.02931027315252312,0.006249758291951133,0.08309803470867365,0.02832536267133507,0.8796566151893149,0.22896175005007535,13.723570791014936,0.06238704198040068,,,,,,0.00213404482929036,0.0517776032211259,0.05688854196341708,0.5593046249705367,14.822200166003313,,,inc0043_train_route_static_confirm_HOPF_PHI2_BAND_IT60_P4_STATIC_seed2_20260306_100349,master,,
2026-03-06T11:59:32,True,,1.0,inc0043_train_route_static_confirm_HOPF_PHI2_BAND_IT60_P4_STATIC_seed3_20260306_100458.log,3,,,,phase4d_hopf_fib_band,"0,1","0,2,4,6","1,3",0.0,radial,10,0,1,0,32,4,0.0,60,0.004076708601538948,0.0039108144649760875,,0.978964504880835,0.9775089904436283,0.0,19,31,7,7,,,,,,,,,512,0.199299927927766,0.09964996407481647,-0.08688622793151426,0.30027764778099475,0.10313580028121527,0.5337952773350816,0.26069320796523243,16.764079624961596,0.12609108403557912,,,,,,0.002448728890158236,0.06043241173028946,0.06719849997898564,0.5523733750451356,18.02737112500472,,,inc0043_train_route_static_confirm_HOPF_PHI2_BAND_IT60_P4_STATIC_seed3_20260306_100458,master,,
2026-03-06T11:59:32,True,,1.0,inc0043_train_route_static_confirm_R0_seed0_20260306_100026.log,0,,,,kmeans,"0,1","0,2,4,6","1,3",0.0,radial,10,0,1,0,32,4,50.0,60,0.004013688112234323,0.003920868173471053,,0.9820710540167423,0.9809209760265416,0.0,8,18,10,10,,,,,,,,,512,0.05656363647603629,0.028281818222135758,-0.009221421166038054,0.07247485015685504,0.024781200932487722,0.8712970295806837,0.8957517500384711,25.095859082997777,0.05791066598612815,,,,,,3.7641402471926995,0.0971484180772677,3.8701011249795556,0.7338500839541666,31.508321749977767,,,inc0043_train_route_static_confirm_R0_seed0_20260306_100026,master,,
2026-03-06T11:59:32,True,,1.0,inc0043_train_route_static_confirm_R0_seed1_20260306_100227.log,1,,,,kmeans,"0,1","0,2,4,6","1,3",0.0,radial,10,0,1,0,32,4,50.0,60,0.004003728523783333,0.003904747852400277,,0.9824123370250288,0.9812703358931296,0.0,8,18,10,10,,,,,,,,,512,0.03856536485136961,0.019282682400953936,0.04470680262761493,0.052668697563191536,0.018090717984966295,0.9306190111081546,0.25402454199502245,21.22299237502739,0.07035408401861787,,,,,,1.2668407569290139,0.09368978685233742,1.3668957499903627,0.7921826670062728,24.036249083001167,,,inc0043_train_route_static_confirm_R0_seed1_20260306_100227,master,,
2026-03-06T11:59:32,True,,1.0,inc0043_train_route_static_confirm_R0_seed2_20260306_100404.log,2,,,,kmeans,"0,1","0,2,4,6","1,3",0.0,radial,10,0,1,0,32,4,50.0,60,0.00402175385125692,0.0039049236851148622,,0.9815952294892725,0.9797605365012647,0.0,8,25,17,17,,,,,,,,,512,0.11404097015736134,0.05702048507334448,-0.05637078180484923,0.1415378713349711,0.04882680367889042,0.7344662037350022,0.22724329202901572,18.680271167017054,0.06748704198980704,,,,,,0.9140624027932063,0.07376091607147828,0.9921558750211261,1.1512986670131795,21.35390683397418,,,inc0043_train_route_static_confirm_R0_seed2_20260306_100404,master,,
2026-03-06T11:59:32,True,,1.0,inc0043_train_route_static_confirm_R0_seed3_20260306_100517.log,3,,,,kmeans,"0,1","0,2,4,6","1,3",0.0,radial,10,0,1,0,32,4,50.0,60,0.004002288247754067,0.0039242866077782825,,0.9812378970400017,0.9805258793242426,0.0,8,16,8,8,,,,,,,,,512,0.07051517082547147,0.03525758541171485,-0.05702623741052641,0.10174471719895367,0.03494784534248693,0.8483170145334439,0.23039345897268504,11.082886957970913,0.039648291014600545,,,,,,0.9297324327053502,0.07084594765910879,1.0049608339904808,0.5776327080093324,13.179532499983907,,,inc0043_train_route_static_confirm_R0_seed3_20260306_100517,master,,
2026-03-06T11:59:32,True,,1.0,inc0043_train_route_static_screen_HOPF_K25_BASE_IT60_P4_STATIC_seed0_20260306_095357.log,0,,,,phase4d_hopf,"0,1","0,2,4,6","1,3",0.0,radial,10,0,1,0,32,4,0.0,60,0.003998331834679594,0.0038898801920485768,,0.9825676448834525,0.9817514436327778,0.0,8,16,8,8,,,,,,,,,512,0.11695717931134361,0.0584785896275027,-0.010931603774444465,0.18938120597490424,0.06459888564984999,0.7089773782875671,0.25480258296011016,15.959347667056136,0.052759749989490956,,,,,,0.003045758989173919,0.06827583734411746,0.07509950001258403,0.6196522079990245,17.14766179199796,,,inc0043_train_route_static_screen_HOPF_K25_BASE_IT60_P4_STATIC_seed0_20260306_095357,master,,
2026-03-06T11:59:32,True,,1.0,inc0043_train_route_static_screen_HOPF_K25_BASE_IT60_P4_STATIC_seed1_20260306_095540.log,1,,,,phase4d_hopf,"0,1","0,2,4,6","1,3",0.0,radial,10,0,1,0,32,4,0.0,60,0.003994949266969327,0.0039048246621346734,,0.9828371648390647,0.982088046474804,0.0,8,14,6,6,,,,,,,,,512,0.05025142924889914,0.025125714599068566,0.016249331387909013,0.06253915338639177,0.02157290514526285,0.921763963113585,0.238182750006672,17.35740237502614,0.06293820904102176,,,,,,0.002588220697361976,0.06145400513196364,0.06732870900304988,0.5213792499853298,18.418655666988343,,,inc0043_train_route_static_screen_HOPF_K25_BASE_IT60_P4_STATIC_seed1_20260306_095540,master,,
2026-03-06T11:59:32,True,,1.0,inc0043_train_route_static_screen_HOPF_K25_BASE_IT60_P4_seed0_20260306_095328.log,0,,,,phase4d_hopf,"0,1","0,2,4,6","1,3",0.0,radial,10,0,1,0,32,4,0.0,60,0.004001133036537749,0.0038942489230608694,,0.9825676448834525,0.9817514436327778,0.0,8,15,7,7,,,,,,,,,512,0.11695717931134361,0.0584785896275027,-0.010931603774444465,0.18938120597490424,0.06459888564984999,0.7089773782875671,0.26720445801038295,19.275749708001968,0.051168167032301426,,,,,,8.194423379725777,0.10164198308484629,8.303797999978997,0.6052032500156201,28.660881208023056,,,inc0043_train_route_static_screen_HOPF_K25_BASE_IT60_P4_seed0_20260306_095328,master,,
2026-03-06T11:59:32,True,,1.0,inc0043_train_route_static_screen_HOPF_K25_BASE_IT60_P4_seed1_20260306_095515.log,1,,,,phase4d_hopf,"0,1","0,2,4,6","1,3",0.0,radial,10,0,1,0,32,4,0.0,60,0.003992691673636536,0.003898762489134869,,0.9828371648390647,0.982088046474804,0.0,8,15,7,7,,,,,,,,,512,0.05025142924889914,0.025125714599068566,0.016249331387909013,0.06253915338639177,0.02157290514526285,0.921763963113585,0.23118716600583866,17.42054233403178,0.05744370800675824,,,,,,5.924383625504561,0.09650484804296866,6.0275160419987515,0.5959467909997329,24.53338687500218,,,inc0043_train_route_static_screen_HOPF_K25_BASE_IT60_P4_seed1_20260306_095515,master,,
2026-03-06T11:59:32,True,,1.0,inc0043_train_route_static_screen_HOPF_PHI2_BAND_IT60_P4_STATIC_seed0_20260306_095441.log,0,,,,phase4d_hopf_fib_band,"0,1","0,2,4,6","1,3",0.0,radial,10,0,1,0,32,4,0.0,60,0.003994938702926359,0.003897310166423374,,0.980456887668208,0.9782761338827455,0.0,17,28,8,8,,,,,,,,,512,0.043514889995857425,0.021757444970549777,0.01618203779228258,0.05405049543467107,0.018501716653749264,0.9317094660533954,0.2506748749874532,16.644052291987464,0.06805708399042487,,,,,,0.002436222566757351,0.054881785705219954,0.060090042010415345,0.6127661669743247,17.860139540978707,,,inc0043_train_route_static_screen_HOPF_PHI2_BAND_IT60_P4_STATIC_seed0_20260306_095441,master,,
2026-03-06T11:59:32,True,,1.0,inc0043_train_route_static_screen_HOPF_PHI2_BAND_IT60_P4_STATIC_seed1_20260306_095641.log,1,,,,phase4d_hopf_fib_band,"0,1","0,2,4,6","1,3",0.0,radial,10,0,1,0,32,4,0.0,60,0.004036872445440426,0.00389666704495817,,0.9806551141111777,0.9792389968719406,0.0,15,27,7,7,,,,,,,,,512,0.07366170372006352,0.03683085182189891,-0.006834742882530788,0.14086282857813634,0.04831507586336091,0.9174077323035644,0.2540384160238318,17.27662550000241,0.1299934170092456,,,,,,0.008671952004078776,0.0809792005456984,0.09315708302892745,0.5752693330287002,18.665822999959346,,,inc0043_train_route_static_screen_HOPF_PHI2_BAND_IT60_P4_STATIC_seed1_20260306_095641,master,,
2026-03-06T11:59:32,True,,1.0,inc0043_train_route_static_screen_HOPF_PHI2_BAND_IT60_P4_seed0_20260306_095414.log,0,,,,phase4d_hopf_fib_band,"0,1","0,2,4,6","1,3",0.0,radial,10,0,1,0,32,4,0.0,60,0.003994316280936657,0.00391259133556895,,0.980456887668208,0.9782761338827455,0.0,17,30,8,8,,,,,,,,,512,0.043514889995857425,0.021757444970549777,0.01618203779228258,0.05405049543467107,0.018501716653749264,0.9317094660533954,0.23867487499956042,18.249653375009075,0.07250245899194852,,,,,,7.2154452307731844,0.10053998720832169,7.327986874966882,0.6267709999810904,26.725536957965232,,,inc0043_train_route_static_screen_HOPF_PHI2_BAND_IT60_P4_seed0_20260306_095414,master,,
2026-03-06T11:59:32,True,,1.0,inc0043_train_route_static_screen_HOPF_PHI2_BAND_IT60_P4_seed1_20260306_095559.log,1,,,,phase4d_hopf_fib_band,"0,1","0,2,4,6","1,3",0.0,radial,10,0,1,0,32,4,0.0,60,0.0040349872418924395,0.003901025803265012,,0.9806551141111777,0.9792389968719406,0.0,15,29,7,7,,,,,,,,,512,0.07366170372006352,0.03683085182189891,-0.006834742882530788,0.14086282857813634,0.04831507586336091,0.9174077323035644,0.24664720898726955,29.147158084029797,0.12031249998835847,,,,,,11.188851073442493,0.11001570243388414,11.30691962497076,0.6009297080454417,41.73813495901413,,,inc0043_train_route_static_screen_HOPF_PHI2_BAND_IT60_P4_seed1_20260306_095559,master,,
2026-03-06T11:59:32,True,,1.0,inc0043_train_route_static_screen_R0_seed0_20260306_095459.log,0,,,,kmeans,"0,1","0,2,4,6","1,3",0.0,radial,10,0,1,0,32,4,50.0,60,0.004013688112234323,0.003920868173471053,,0.9820710540167423,0.9809209760265416,0.0,8,18,10,10,,,,,,,,,512,0.05656363647603629,0.028281818222135758,-0.009221421166038054,0.07247485015685504,0.024781200932487722,0.8712970295806837,0.2382962079718709,13.380796167009976,0.06541095901047811,,,,,,1.008706321415957,0.06713438965380192,1.079888583975844,0.7001869999803603,15.78712195798289,,,inc0043_train_route_static_screen_R0_seed0_20260306_095459,master,,
2026-03-06T11:59:32,True,,1.0,inc0043_train_route_static_screen_R0_seed1_20260306_095700.log,1,,,,kmeans,"0,1","0,2,4,6","1,3",0.0,radial,10,0,1,0,32,4,50.0,60,0.004003728523783333,0.003904747852400277,,0.9824123370250288,0.9812703358931296,0.0,8,18,10,10,,,,,,,,,512,0.03856536485136961,0.019282682400953936,0.04470680262761493,0.052668697563191536,0.018090717984966295,0.9306190111081546,0.2553864580113441,18.240917500050273,0.09499445802066475,,,,,,2.527601458830759,0.09427069674711674,2.627116958028637,0.7276915420079604,22.4003922920092,,,inc0043_train_route_static_screen_R0_seed1_20260306_095700,master,,
2026-03-06T11:59:32,True,,1.0,inc0044_static_chart_pressure_confirm_HOPF_K25_BASE_IT60_P4_STATIC_seed0_20260306_101556.log,0,,,,phase4d_hopf,"0,1","0,2,4,6","1,3",0.0,radial,10,0,1,0,32,4,0.0,60,0.003998331834679594,0.0038898801920485768,,0.9825676448834525,0.9817514436327778,0.0,8,16,8,8,,,,,,,,,512,0.11695717931134361,0.0584785896275027,-0.010931603774444465,0.18938120597490424,0.06459888564984999,0.7089773782875671,0.28458525001769885,16.943214625003748,0.09372399997664616,,,,,,0.003023137047421187,0.08180017350241542,0.09123912500217557,0.6948910829960369,18.338044875010382,,,inc0044_static_chart_pressure_confirm_HOPF_K25_BASE_IT60_P4_STATIC_seed0_20260306_101556,master,,
2026-03-06T11:59:32,True,,1.0,inc0044_static_chart_pressure_confirm_HOPF_K25_BASE_IT60_P4_STATIC_seed1_20260306_101705.log,1,,,,phase4d_hopf,"0,1","0,2,4,6","1,3",0.0,radial,10,0,1,0,32,4,0.0,60,0.003994949266969327,0.0039048246621346734,,0.9828371648390647,0.982088046474804,0.0,8,14,6,6,,,,,,,,,512,0.05025142924889914,0.025125714599068566,0.016249331387909013,0.06253915338639177,0.02157290514526285,0.921763963113585,0.6920601250021718,16.93840583297424,0.06273091601906344,,,,,,0.002138582756742835,0.05561473534908146,0.06059383298270404,0.4654399160062894,18.375958667020313,,,inc0044_static_chart_pressure_confirm_HOPF_K25_BASE_IT60_P4_STATIC_seed1_20260306_101705,master,,
2026-03-06T11:59:32,True,,1.0,inc0044_static_chart_pressure_confirm_HOPF_K25_BASE_IT60_P4_STATIC_seed2_20260306_101818.log,2,,,,phase4d_hopf,"0,1","0,2,4,6","1,3",0.0,radial,10,0,1,0,32,4,0.0,60,0.0040284201477766655,0.0038937328278277348,,0.9823235431159288,0.9807390098766331,0.0,8,16,8,8,,,,,,,,,512,0.12068386883921857,0.06034193433122758,-0.023498864167870864,0.18561899168065824,0.06329787741415362,0.779491627073424,0.24713787500513718,31.613792999996804,0.08621508302167058,,,,,,0.0034913545241579413,0.11765202623791993,0.1321461250190623,0.6089238330023363,32.88980879198061,,,inc0044_static_chart_pressure_confirm_HOPF_K25_BASE_IT60_P4_STATIC_seed2_20260306_101818,master,,
2026-03-06T11:59:32,True,,1.0,inc0044_static_chart_pressure_confirm_HOPF_K25_BASE_IT60_P4_STATIC_seed3_20260306_101951.log,3,,,,phase4d_hopf,"0,1","0,2,4,6","1,3",0.0,radial,10,0,1,0,32,4,0.0,60,0.003989364703529786,0.003909587442924664,,0.9813607400281146,0.9802855122753604,0.0,11,17,6,6,,,,,,,,,512,0.27714698188121106,0.13857349109219616,-0.06441590264178267,0.40541404649758095,0.13991771147284407,0.2875114207714647,0.28412487503373995,25.367029208049644,0.43221566698048264,,,,,,0.004309306561481208,0.11767040297854692,0.12790533399675041,0.5325873330002651,27.01656895800261,,,inc0044_static_chart_pressure_confirm_HOPF_K25_BASE_IT60_P4_STATIC_seed3_20260306_101951,master,,
2026-03-06T11:59:32,True,,1.0,inc0044_static_chart_pressure_confirm_HOPF_PHI2_BAND_IT48_P3_STATIC_seed0_20260306_101540.log,0,,,,phase4d_hopf_fib_band,"0,1","0,2,4,6","1,3",0.0,radial,10,0,1,0,32,4,0.0,48,0.00401253486675058,0.0038989865871324704,,0.9807029248466057,0.9776854770613375,0.0004,18,27,7,7,,,,,,,,,512,0.033030388388531236,0.016515194185612335,0.029597113607659792,0.0428591851985175,0.01467446801836409,0.9531369752341754,0.260293958010152,14.604918249999173,0.07752470800187439,,,,,,0.009042739984579384,0.07378431281540543,0.0891459999838844,0.5802724590175785,15.848355165973771,,,inc0044_static_chart_pressure_confirm_HOPF_PHI2_BAND_IT48_P3_STATIC_seed0_20260306_101540,master,,
2026-03-06T11:59:32,True,,1.0,inc0044_static_chart_pressure_confirm_HOPF_PHI2_BAND_IT48_P3_STATIC_seed1_20260306_101650.log,1,,,,phase4d_hopf_fib_band,"0,1","0,2,4,6","1,3",0.0,radial,10,0,1,0,32,4,0.0,48,0.004029166536582447,0.0039061787583475763,,0.9807524848033874,0.9788750013480126,0.0,16,26,7,7,,,,,,,,,512,0.072451988137082,0.036225994046708794,-0.03585948316210347,0.13828188673281033,0.04749786409095433,0.9217363814856316,0.2447475420194678,12.998481334012467,0.13001345796510577,,,,,,0.017733449349179864,0.12039973121136427,0.14423879201058298,1.2384832910029218,15.118893583014142,,,inc0044_static_chart_pressure_confirm_HOPF_PHI2_BAND_IT48_P3_STATIC_seed1_20260306_101650,master,,
2026-03-06T11:59:32,True,,1.0,inc0044_static_chart_pressure_confirm_HOPF_PHI2_BAND_IT48_P3_STATIC_seed2_20260306_101804.log,2,,,,phase4d_hopf_fib_band,"0,1","0,2,4,6","1,3",0.0,radial,10,0,1,0,32,4,0.0,48,0.004017943513158811,0.003893842456763849,,0.9799073371226894,0.9764898857343868,0.0,19,29,8,8,,,,,,,,,512,0.06296771773413334,0.03148385882606276,0.00808098138574342,0.0856066494123759,0.029202933367387936,0.8744649653971603,0.31580462504643947,12.528202457993757,0.07559845899231732,,,,,,0.002896259364206344,0.0696518857148476,0.07759316603187472,0.741761667013634,13.993647792027332,,,inc0044_static_chart_pressure_confirm_HOPF_PHI2_BAND_IT48_P3_STATIC_seed2_20260306_101804,master,,
2026-03-06T11:59:32,True,,1.0,inc0044_static_chart_pressure_confirm_HOPF_PHI2_BAND_IT48_P3_STATIC_seed3_20260306_101927.log,3,,,,phase4d_hopf_fib_band,"0,1","0,2,4,6","1,3",0.0,radial,10,0,1,0,32,4,0.0,48,0.003997084653339684,0.0039060199087116326,,0.979682328718538,0.9783273161912442,0.0,17,27,7,7,,,,,,,,,512,0.12778317489817054,0.06389158749223472,-0.07924285917816459,0.18259664904582798,0.06273971602309886,0.6923565398719743,0.248349417001009,22.781691665994003,0.07300625002244487,,,,,,0.0019777363049797714,0.04299070261185989,0.04913870798191056,0.5667176670394838,23.906220333999954,,,inc0044_static_chart_pressure_confirm_HOPF_PHI2_BAND_IT48_P3_STATIC_seed3_20260306_101927,master,,
2026-03-06T11:59:32,True,,1.0,inc0044_static_chart_pressure_confirm_HOPF_PHI2_BAND_IT60_P4_STATIC_seed0_20260306_101615.log,0,,,,phase4d_hopf_fib_band,"0,1","0,2,4,6","1,3",0.0,radial,10,0,1,0,32,4,0.0,60,0.003994938702926359,0.003897310166423374,,0.980456887668208,0.9782761338827455,0.0,17,28,8,8,,,,,,,,,512,0.043514889995857425,0.021757444970549777,0.01618203779228258,0.05405049543467107,0.018501716653749264,0.9317094660533954,0.23986408399650827,20.198733208992053,0.07255624997196719,,,,,,0.002492752915713936,0.06259543797932565,0.06838825001614168,0.6453608329757117,21.425965667003766,,,inc0044_static_chart_pressure_confirm_HOPF_PHI2_BAND_IT60_P4_STATIC_seed0_20260306_101615,master,,
2026-03-06T11:59:32,True,,1.0,inc0044_static_chart_pressure_confirm_HOPF_PHI2_BAND_IT60_P4_STATIC_seed1_20260306_101724.log,1,,,,phase4d_hopf_fib_band,"0,1","0,2,4,6","1,3",0.0,radial,10,0,1,0,32,4,0.0,60,0.004036872445440426,0.00389666704495817,,0.9806551141111777,0.9792389968719406,0.0,15,27,7,7,,,,,,,,,512,0.07366170372006352,0.03683085182189891,-0.006834742882530788,0.14086282857813634,0.04831507586336091,0.9174077323035644,0.21416729199700058,17.03525441599777,0.10719370801234618,,,,,,0.0023675026604905725,0.05890641815494746,0.06401349999941885,0.6348935000132769,18.262700999970548,,,inc0044_static_chart_pressure_confirm_HOPF_PHI2_BAND_IT60_P4_STATIC_seed1_20260306_101724,master,,
2026-03-06T11:59:32,True,,1.0,inc0044_static_chart_pressure_confirm_HOPF_PHI2_BAND_IT60_P4_STATIC_seed2_20260306_101851.log,2,,,,phase4d_hopf_fib_band,"0,1","0,2,4,6","1,3",0.0,radial,10,0,1,0,32,4,0.0,60,0.004015329206564699,0.0039044342781288143,,0.9798680709039139,0.976065978821888,0.0,20,28,7,7,,,,,,,,,512,0.05862054635785273,0.02931027315252312,0.006249758291951133,0.08309803470867365,0.02832536267133507,0.8796566151893149,0.2493151659728028,21.271114790986758,0.07619033299852163,,,,,,0.0030260863713920116,0.08465362282004207,0.09090037504211068,0.7169383750297129,22.666672124993056,,,inc0044_static_chart_pressure_confirm_HOPF_PHI2_BAND_IT60_P4_STATIC_seed2_20260306_101851,master,,
2026-03-06T11:59:32,True,,1.0,inc0044_static_chart_pressure_confirm_HOPF_PHI2_BAND_IT60_P4_STATIC_seed3_20260306_102018.log,3,,,,phase4d_hopf_fib_band,"0,1","0,2,4,6","1,3",0.0,radial,10,0,1,0,32,4,0.0,60,0.004076708601538948,0.0039108144649760875,,0.978964504880835,0.9775089904436283,0.0,19,31,7,7,,,,,,,,,512,0.199299927927766,0.09964996407481647,-0.08688622793151426,0.30027764778099475,0.10313580028121527,0.5337952773350816,0.24620558397145942,20.2553495420143,0.07596500002546236,,,,,,0.005608253879472613,0.08550244668731466,0.09479333402123302,0.6159926670370623,21.498287833004724,,,inc0044_static_chart_pressure_confirm_HOPF_PHI2_BAND_IT60_P4_STATIC_seed3_20260306_102018,master,,
2026-03-06T11:59:32,True,,1.0,inc0044_static_chart_pressure_confirm_R0_seed0_20260306_101636.log,0,,,,kmeans,"0,1","0,2,4,6","1,3",0.0,radial,10,0,1,0,32,4,50.0,48,0.004012722337030426,0.003919600403703541,,0.9819311034873015,0.9807413048177941,0.0,8,17,9,9,,,,,,,,,512,0.04957974740916575,0.024789873674688868,-0.008113856385840564,0.06869295272206136,0.023482367595030862,0.8968341289432753,0.25559029198484495,10.094416750012897,0.0782424170174636,,,,,,1.9225949181709439,0.09090191021095961,2.018728833005298,0.6740727919968776,13.444356667052489,,,inc0044_static_chart_pressure_confirm_R0_seed0_20260306_101636,master,,
2026-03-06T11:59:32,True,,1.0,inc0044_static_chart_pressure_confirm_R0_seed1_20260306_101743.log,1,,,,kmeans,"0,1","0,2,4,6","1,3",0.0,radial,10,0,1,0,32,4,50.0,48,0.004003045085803742,0.0039205680349001975,,0.982274481144166,0.980909668726834,0.0,8,18,10,10,,,,,,,,,512,0.04195192801492414,0.020975963987210862,0.016147571471605535,0.059922464622405615,0.020589100579658112,0.9354993579516405,0.2517133749788627,12.29636329197092,0.09485249995486811,,,,,,6.589954106777441,0.1593206812394783,6.759542916959617,0.7326417910517193,20.666178249986842,,,inc0044_static_chart_pressure_confirm_R0_seed1_20260306_101743,master,,
2026-03-06T11:59:32,True,,1.0,inc0044_static_chart_pressure_confirm_R0_seed2_20260306_101914.log,2,,,,kmeans,"0,1","0,2,4,6","1,3",0.0,radial,10,0,1,0,32,4,50.0,48,0.004022221819319912,0.003936452404147508,,0.9814776125800483,0.9798873344998117,0.0,8,18,10,10,,,,,,,,,512,0.057268935815541044,0.028634467875129233,-0.01679326750921835,0.07264440630486027,0.02474914335695287,0.8759645292388694,0.47507749998476356,8.35763245797716,0.21222220797790214,,,,,,2.216618493141141,0.09340986819006503,2.315666542039253,0.6732749579823576,12.499571583990473,,,inc0044_static_chart_pressure_confirm_R0_seed2_20260306_101914,master,,
2026-03-06T11:59:32,True,,1.0,inc0044_static_chart_pressure_confirm_R0_seed3_20260306_102040.log,3,,,,kmeans,"0,1","0,2,4,6","1,3",0.0,radial,10,0,1,0,32,4,50.0,48,0.004005596079920079,0.0039144956067598815,,0.9814244524185646,0.9804887295643105,0.0,8,18,10,10,,,,,,,,,512,0.05524139115917349,0.027620695574054513,-0.04982998282186186,0.07385526409652157,0.02533820228209942,0.8895552613342634,0.2590357910376042,14.745315874984954,0.08610616700025275,,,,,,1.7467943832161836,0.09018679760629311,1.8420100000221282,0.7900322920177132,18.122800791985355,,,inc0044_static_chart_pressure_confirm_R0_seed3_20260306_102040,master,,
2026-03-06T11:59:32,True,,1.0,inc0044_static_chart_pressure_screen_HOPF_K25_BASE_IT48_P3_STATIC_seed0_20260306_101210.log,0,,,,phase4d_hopf,"0,1","0,2,4,6","1,3",0.0,radial,10,0,1,0,32,4,0.0,48,0.004000798092968112,0.003912544008291964,,0.9827163600149461,0.9818711850512697,0.0,8,13,5,5,,,,,,,,,512,0.10254383449911202,0.051271917226154554,-0.01614735381921137,0.17215663513109672,0.058701200405025675,0.7463291363970397,0.2402961669722572,8.245342749985866,0.045773542020469904,,,,,,0.002317710197530687,0.056625370343681425,0.061969125003088266,0.43919129099231213,9.210410083003808,,,inc0044_static_chart_pressure_screen_HOPF_K25_BASE_IT48_P3_STATIC_seed0_20260306_101210,master,,
2026-03-06T11:59:32,True,,1.0,inc0044_static_chart_pressure_screen_HOPF_K25_BASE_IT48_P3_STATIC_seed1_20260306_101313.log,1,,,,phase4d_hopf,"0,1","0,2,4,6","1,3",0.0,radial,10,0,1,0,32,4,0.0,48,0.003994949266969327,0.0039048246621346734,,0.9828371648390647,0.982088046474804,0.0,8,14,6,6,,,,,,,,,512,0.05025142924889914,0.025125714599068566,0.016249331387909013,0.06253915338639177,0.02157290514526285,0.921763963113585,0.1901046249549836,15.765368334017694,0.07230766699649394,,,,,,0.0025340101565234363,0.06014205451356247,0.06577091699000448,0.5485505419783294,16.845739875047002,,,inc0044_static_chart_pressure_screen_HOPF_K25_BASE_IT48_P3_STATIC_seed1_20260306_101313,master,,
2026-03-06T11:59:32,True,,1.0,inc0044_static_chart_pressure_screen_HOPF_K25_BASE_IT60_P4_STATIC_seed0_20260306_101151.log,0,,,,phase4d_hopf,"0,1","0,2,4,6","1,3",0.0,radial,10,0,1,0,32,4,0.0,60,0.003998331834679594,0.0038898801920485768,,0.9825676448834525,0.9817514436327778,0.0,8,16,8,8,,,,,,,,,512,0.11695717931134361,0.0584785896275027,-0.010931603774444465,0.18938120597490424,0.06459888564984999,0.7089773782875671,0.31674441701034084,17.225205291993916,0.05879908299539238,,,,,,0.0019240506226196885,0.051055839110631496,0.05717337504029274,0.6018109999713488,18.46274720900692,,,inc0044_static_chart_pressure_screen_HOPF_K25_BASE_IT60_P4_STATIC_seed0_20260306_101151,master,,
2026-03-06T11:59:32,True,,1.0,inc0044_static_chart_pressure_screen_HOPF_K25_BASE_IT60_P4_STATIC_seed1_20260306_101257.log,1,,,,phase4d_hopf,"0,1","0,2,4,6","1,3",0.0,radial,10,0,1,0,32,4,0.0,60,0.003994949266969327,0.0039048246621346734,,0.9828371648390647,0.982088046474804,0.0,8,14,6,6,,,,,,,,,512,0.05025142924889914,0.025125714599068566,0.016249331387909013,0.06253915338639177,0.02157290514526285,0.921763963113585,0.23883879196364433,14.421809416962788,0.05174795800121501,,,,,,0.001886483165435493,0.050866806937847286,0.05530029197689146,0.46440370799973607,15.406140916980803,,,inc0044_static_chart_pressure_screen_HOPF_K25_BASE_IT60_P4_STATIC_seed1_20260306_101257,master,,
2026-03-06T11:59:32,True,,1.0,inc0044_static_chart_pressure_screen_HOPF_PHI2_BAND_IT48_P3_STATIC_seed0_20260306_101236.log,0,,,,phase4d_hopf_fib_band,"0,1","0,2,4,6","1,3",0.0,radial,10,0,1,0,32,4,0.0,48,0.00401253486675058,0.0038989865871324704,,0.9807029248466057,0.9776854770613375,0.0004,18,27,7,7,,,,,,,,,512,0.033030388388531236,0.016515194185612335,0.029597113607659792,0.0428591851985175,0.01467446801836409,0.9531369752341754,0.2684642079984769,8.02932937501464,0.04709733300842345,,,,,,0.002518116496503353,0.06309365283232182,0.06910187500761822,0.5384622919955291,9.105218459037133,,,inc0044_static_chart_pressure_screen_HOPF_PHI2_BAND_IT48_P3_STATIC_seed0_20260306_101236,master,,
2026-03-06T11:59:32,True,,1.0,inc0044_static_chart_pressure_screen_HOPF_PHI2_BAND_IT48_P3_STATIC_seed1_20260306_101355.log,1,,,,phase4d_hopf_fib_band,"0,1","0,2,4,6","1,3",0.0,radial,10,0,1,0,32,4,0.0,48,0.004029166536582447,0.0039061787583475763,,0.9807524848033874,0.9788750013480126,0.0,16,26,7,7,,,,,,,,,512,0.072451988137082,0.036225994046708794,-0.03585948316210347,0.13828188673281033,0.04749786409095433,0.9217363814856316,0.2510071250144392,10.268861082964577,0.06918037496507168,,,,,,0.011216958693694323,0.06660132022807375,0.08607945800758898,0.6093830420286395,11.491451582987793,,,inc0044_static_chart_pressure_screen_HOPF_PHI2_BAND_IT48_P3_STATIC_seed1_20260306_101355,master,,
2026-03-06T11:59:32,True,,1.0,inc0044_static_chart_pressure_screen_HOPF_PHI2_BAND_IT60_P4_STATIC_seed0_20260306_101219.log,0,,,,phase4d_hopf_fib_band,"0,1","0,2,4,6","1,3",0.0,radial,10,0,1,0,32,4,0.0,60,0.003994938702926359,0.003897310166423374,,0.980456887668208,0.9782761338827455,0.0,17,28,8,8,,,,,,,,,512,0.043514889995857425,0.021757444970549777,0.01618203779228258,0.05405049543467107,0.018501716653749264,0.9317094660533954,0.2330532920313999,15.464469792030286,0.04836799995973706,,,,,,0.0024569978122599423,0.06179792253533378,0.06939937500283122,0.6315210000029765,16.621256583021022,,,inc0044_static_chart_pressure_screen_HOPF_PHI2_BAND_IT60_P4_STATIC_seed0_20260306_101219,master,,
2026-03-06T11:59:32,True,,1.0,inc0044_static_chart_pressure_screen_HOPF_PHI2_BAND_IT60_P4_STATIC_seed1_20260306_101330.log,1,,,,phase4d_hopf_fib_band,"0,1","0,2,4,6","1,3",0.0,radial,10,0,1,0,32,4,0.0,60,0.004036872445440426,0.00389666704495817,,0.9806551141111777,0.9792389968719406,0.0,15,27,7,7,,,,,,,,,512,0.07366170372006352,0.03683085182189891,-0.006834742882530788,0.14086282857813634,0.04831507586336091,0.9174077323035644,0.2721493329736404,23.74843687500106,0.08445508300792426,,,,,,0.004244809097144753,0.06912556098541245,0.07659054198302329,0.5783184170140885,25.010066249989904,,,inc0044_static_chart_pressure_screen_HOPF_PHI2_BAND_IT60_P4_STATIC_seed1_20260306_101330,master,,
2026-03-06T11:59:32,True,,1.0,inc0044_static_chart_pressure_screen_R0_seed0_20260306_101245.log,0,,,,kmeans,"0,1","0,2,4,6","1,3",0.0,radial,10,0,1,0,32,4,50.0,48,0.004012722337030426,0.003919600403703541,,0.9819311034873015,0.9807413048177941,0.0,8,17,9,9,,,,,,,,,512,0.04957974740916575,0.024789873674688868,-0.008113856385840564,0.06869295272206136,0.023482367595030862,0.8968341289432753,0.22750891704345122,7.024433125043288,0.04427008400671184,,,,,,3.229473070707172,0.08849880681373179,3.324129124986939,0.6088418750441633,11.543503332999535,,,inc0044_static_chart_pressure_screen_R0_seed0_20260306_101245,master,,
2026-03-06T11:59:32,True,,1.0,inc0044_static_chart_pressure_screen_R0_seed1_20260306_101407.log,1,,,,kmeans,"0,1","0,2,4,6","1,3",0.0,radial,10,0,1,0,32,4,50.0,48,0.004003045085803742,0.0039205680349001975,,0.982274481144166,0.980909668726834,0.0,8,18,10,10,,,,,,,,,512,0.04195192801492414,0.020975963987210862,0.016147571471605535,0.059922464622405615,0.020589100579658112,0.9354993579516405,0.24808183294953778,10.148167125007603,0.06193245796021074,,,,,,7.7516398029983975,0.19365667947568,7.955660957959481,0.7146324170171283,19.504914416989777,,,inc0044_static_chart_pressure_screen_R0_seed1_20260306_101407,master,,
2026-03-06T11:59:32,True,,1.0,inc0045_static_chart_floor_confirm_HOPF_K25_BASE_IT40_P2_STATIC_seed0_20260306_103639.log,0,,,,phase4d_hopf,"0,1","0,2,4,6","1,3",0.0,radial,10,0,1,0,32,4,0.0,40,0.003998617868998679,0.0039006085968313143,,0.9829540273594608,0.9819831178497934,0.0,8,15,7,7,,,,,,,,,512,0.055505327794701464,0.027752663876665355,-0.020721911450302437,0.07976010139434064,0.02724100967729626,0.9027719056428798,0.3054586669895798,6.278801749984268,0.12210637499811128,,,,,,0.004304378118831664,0.09251162287546322,0.0999320829869248,0.5897711670259014,7.680676167015918,,,inc0045_static_chart_floor_confirm_HOPF_K25_BASE_IT40_P2_STATIC_seed0_20260306_103639,master,,
2026-03-06T11:59:32,True,,1.0,inc0045_static_chart_floor_confirm_HOPF_K25_BASE_IT40_P2_STATIC_seed1_20260306_103701.log,1,,,,phase4d_hopf,"0,1","0,2,4,6","1,3",0.0,radial,10,0,1,0,32,4,0.0,40,0.003994949266969327,0.0039048246621346734,,0.9828371648390647,0.982088046474804,0.0,8,14,6,6,,,,,,,,,512,0.05025142924889914,0.025125714599068566,0.016249331387909013,0.06253915338639177,0.02157290514526285,0.921763963113585,0.24042620800901204,5.827081625000574,0.07465812499867752,,,,,,0.003504548338241875,0.07601286348653957,0.0828190419706516,0.5159512920072302,6.922230374999344,,,inc0045_static_chart_floor_confirm_HOPF_K25_BASE_IT40_P2_STATIC_seed1_20260306_103701,master,,
2026-03-06T11:59:32,True,,1.0,inc0045_static_chart_floor_confirm_HOPF_K25_BASE_IT40_P2_STATIC_seed2_20260306_103724.log,2,,,,phase4d_hopf,"0,1","0,2,4,6","1,3",0.0,radial,10,0,1,0,32,4,0.0,40,0.004039576645151438,0.0038863984278160787,,0.9824308065789197,0.9808209957287071,0.0,8,18,10,10,,,,,,,,,512,0.10604771705306015,0.053023858464767204,-0.04070831534324923,0.17124646367305996,0.058435080159230726,0.8658380040624849,0.23399837501347065,5.002930124988779,0.0693643749691546,,,,,,0.002197025576606393,0.054990294098388404,0.060587249987293035,0.7344916669535451,6.29655475000618,,,inc0045_static_chart_floor_confirm_HOPF_K25_BASE_IT40_P2_STATIC_seed2_20260306_103724,master,,
2026-03-06T11:59:32,True,,1.0,inc0045_static_chart_floor_confirm_HOPF_K25_BASE_IT40_P2_STATIC_seed3_20260306_103745.log,3,,,,phase4d_hopf,"0,1","0,2,4,6","1,3",0.0,radial,10,0,1,0,32,4,0.0,40,0.004010366383038902,0.003888560800355377,,0.9822491215923663,0.9816778506263543,0.0,8,17,9,9,,,,,,,,,512,0.05369376388156744,0.02684688191428251,0.0010231759253788964,0.06752565298844938,0.02315135481013736,0.9097376596638976,0.24858591699739918,4.998416458023712,0.07818675000453368,,,,,,0.0025588166899979115,0.06133801460964605,0.06716016703285277,0.6644018329679966,6.302403874986339,,,inc0045_static_chart_floor_confirm_HOPF_K25_BASE_IT40_P2_STATIC_seed3_20260306_103745,master,,
2026-03-06T11:59:32,True,,1.0,inc0045_static_chart_floor_confirm_HOPF_PHI2_BAND_IT40_P2_STATIC_seed0_20260306_103647.log,0,,,,phase4d_hopf_fib_band,"0,1","0,2,4,6","1,3",0.0,radial,10,0,1,0,32,4,0.0,40,0.003999604325771183,0.0039034906849886625,,0.9809508532749763,0.978482651337441,0.0,17,24,6,6,,,,,,,,,512,0.0,0.0,1.0,0.0,0.0,1.0,0.24035833397647366,5.188728665991221,0.05559529201127589,,,,,,0.002605596440844238,0.0689594141440466,0.078961499966681,0.484152874967549,6.23073445900809,,,inc0045_static_chart_floor_confirm_HOPF_PHI2_BAND_IT40_P2_STATIC_seed0_20260306_103647,master,,
2026-03-06T11:59:32,True,,1.0,inc0045_static_chart_floor_confirm_HOPF_PHI2_BAND_IT40_P2_STATIC_seed1_20260306_103708.log,1,,,,phase4d_hopf_fib_band,"0,1","0,2,4,6","1,3",0.0,radial,10,0,1,0,32,4,0.0,40,0.004029166536582447,0.0039061787583475763,,0.9807524848033874,0.9788750013480126,0.0,16,26,7,7,,,,,,,,,512,0.072451988137082,0.036225994046708794,-0.03585948316210347,0.13828188673281033,0.04749786409095433,0.9217363814856316,0.23651495797093958,5.035351375001483,0.05360770900733769,,,,,,0.0030522714951075613,0.07155236089602113,0.07829283300088719,0.5760045829811133,6.199270332988817,,,inc0045_static_chart_floor_confirm_HOPF_PHI2_BAND_IT40_P2_STATIC_seed1_20260306_103708,master,,
2026-03-06T11:59:32,True,,1.0,inc0045_static_chart_floor_confirm_HOPF_PHI2_BAND_IT40_P2_STATIC_seed2_20260306_103730.log,2,,,,phase4d_hopf_fib_band,"0,1","0,2,4,6","1,3",0.0,radial,10,0,1,0,32,4,0.0,40,0.004016890010691318,0.0038874872620488815,,0.9799342287961905,0.9780653139473588,0.0,15,28,7,7,,,,,,,,,512,0.04929087186895499,0.024645435889402854,-0.018451147943541857,0.062187992139170936,0.021275356000084865,0.9073850855401064,0.24453437502961606,5.277636458980851,0.05765725002856925,,,,,,0.00224260549293831,0.05776581913232803,0.06275466701481491,0.570123124984093,6.426383750047535,,,inc0045_static_chart_floor_confirm_HOPF_PHI2_BAND_IT40_P2_STATIC_seed2_20260306_103730,master,,
2026-03-06T11:59:32,True,,1.0,inc0045_static_chart_floor_confirm_HOPF_PHI2_BAND_IT40_P2_STATIC_seed3_20260306_103752.log,3,,,,phase4d_hopf_fib_band,"0,1","0,2,4,6","1,3",0.0,radial,10,0,1,0,32,4,0.0,40,0.003983085158384242,0.003916481109391159,,0.9798580813412171,0.9790552785941978,0.0,15,26,6,6,,,,,,,,,512,0.03640070311026717,0.01820035154962462,-0.05969836819085283,0.04878789630446224,0.01667927083200457,0.9420540018463434,0.23072595801204443,8.676846333022695,0.10905075003392994,,,,,,0.003694013983476907,0.09768894105218351,0.1057331669726409,0.49133037496358156,9.848726292024367,,,inc0045_static_chart_floor_confirm_HOPF_PHI2_BAND_IT40_P2_STATIC_seed3_20260306_103752,master,,
2026-03-06T11:59:32,True,,1.0,inc0045_static_chart_floor_confirm_R0_seed0_20260306_103654.log,0,,,,kmeans,"0,1","0,2,4,6","1,3",0.0,radial,10,0,1,0,32,4,50.0,40,0.004015541284522801,0.003912288823823275,,0.9821566209485681,0.9808519775144563,0.0,8,21,13,13,,,,,,,,,512,0.0558493956944209,0.027924697807754698,-0.013440383868452548,0.06921010166170485,0.023650365901028467,0.8906123182007801,0.25813233404187486,4.41692420898471,0.0695520419976674,,,,,,1.247542398457881,0.08724682446336374,1.340309458959382,0.9295283749816008,7.355620999995153,,,inc0045_static_chart_floor_confirm_R0_seed0_20260306_103654,master,,
2026-03-06T11:59:32,True,,1.0,inc0045_static_chart_floor_confirm_R0_seed1_20260306_103715.log,1,,,,kmeans,"0,1","0,2,4,6","1,3",0.0,radial,10,0,1,0,32,4,50.0,40,0.004003045085803742,0.0039205680349001975,,0.982274481144166,0.980909668726834,0.0,8,18,10,10,,,,,,,,,512,0.04195192801492414,0.020975963987210862,0.016147571471605535,0.059922464622405615,0.020589100579658112,0.9354993579516405,0.25245979195460677,6.155722083989531,0.06242316705174744,,,,,,1.1779799878713675,0.07745344075374305,1.2639527909923345,0.6873688329942524,8.768230958026834,,,inc0045_static_chart_floor_confirm_R0_seed1_20260306_103715,master,,
2026-03-06T11:59:32,True,,1.0,inc0045_static_chart_floor_confirm_R0_seed2_20260306_103737.log,2,,,,kmeans,"0,1","0,2,4,6","1,3",0.0,radial,10,0,1,0,32,4,50.0,40,0.004021780525008259,0.003898468985109595,,0.981487997166453,0.9799586000254451,0.0,8,25,17,17,,,,,,,,,512,0.07621494366266947,0.0381074717865138,-0.035604557685853654,0.10128585639788856,0.034630664557375665,0.9061347574738053,0.23474500002339482,4.722930540970992,0.05190191697329283,,,,,,1.305745160090737,0.0903465889277868,1.4014931669807993,1.1705564999720082,7.921189458982553,,,inc0045_static_chart_floor_confirm_R0_seed2_20260306_103737,master,,
2026-03-06T11:59:32,True,,1.0,inc0045_static_chart_floor_confirm_R0_seed3_20260306_103802.log,3,,,,kmeans,"0,1","0,2,4,6","1,3",0.0,radial,10,0,1,0,32,4,50.0,40,0.004004241843399285,0.0039143405134767105,,0.9812345637850757,0.9803871999486898,0.0,8,17,9,9,,,,,,,,,512,0.040898002561151586,0.02044900129019605,-0.05897266717543055,0.05871653833951205,0.020173314962613712,0.9409469056878691,0.24730841600103304,5.220885957998689,0.08226770797045901,,,,,,2.6244058551383205,0.10724650271004066,2.7373456669738516,0.6562652919674292,9.290403708990198,,,inc0045_static_chart_floor_confirm_R0_seed3_20260306_103802,master,,
2026-03-06T11:59:32,True,,1.0,inc0045_static_chart_floor_screen_HOPF_K25_BASE_IT40_P2_STATIC_seed0_20260306_103450.log,0,,,,phase4d_hopf,"0,1","0,2,4,6","1,3",0.0,radial,10,0,1,0,32,4,0.0,40,0.003998617868998679,0.0039006085968313143,,0.9829540273594608,0.9819831178497934,0.0,8,15,7,7,,,,,,,,,512,0.055505327794701464,0.027752663876665355,-0.020721911450302437,0.07976010139434064,0.02724100967729626,0.9027719056428798,0.24384499998996034,4.6909657919895835,0.05005558399716392,,,,,,0.0018389676115475595,0.04765466559911147,0.05168387497542426,0.5534291249932721,5.754854583006818,,,inc0045_static_chart_floor_screen_HOPF_K25_BASE_IT40_P2_STATIC_seed0_20260306_103450,master,,
2026-03-06T11:59:32,True,,1.0,inc0045_static_chart_floor_screen_HOPF_K25_BASE_IT40_P2_STATIC_seed1_20260306_103523.log,1,,,,phase4d_hopf,"0,1","0,2,4,6","1,3",0.0,radial,10,0,1,0,32,4,0.0,40,0.003994949266969327,0.0039048246621346734,,0.9828371648390647,0.982088046474804,0.0,8,14,6,6,,,,,,,,,512,0.05025142924889914,0.025125714599068566,0.016249331387909013,0.06253915338639177,0.02157290514526285,0.921763963113585,0.24355529202148318,4.666279457975179,0.051259166037198156,,,,,,0.0019558214698918164,0.0540988712455146,0.05848583299666643,0.5037419580039568,5.695084666949697,,,inc0045_static_chart_floor_screen_HOPF_K25_BASE_IT40_P2_STATIC_seed1_20260306_103523,master,,
2026-03-06T11:59:32,True,,1.0,inc0045_static_chart_floor_screen_HOPF_PHI2_BAND_IT40_P2_STATIC_seed0_20260306_103444.log,0,,,,phase4d_hopf_fib_band,"0,1","0,2,4,6","1,3",0.0,radial,10,0,1,0,32,4,0.0,40,0.003999604325771183,0.0039034906849886625,,0.9809508532749763,0.978482651337441,0.0,17,24,6,6,,,,,,,,,512,0.0,0.0,1.0,0.0,0.0,1.0,0.2302385420189239,4.727354249975178,0.050790834007784724,,,,,,0.0021099771256558597,0.04934764443896711,0.05416125000920147,0.49181045801378787,5.728857207985129,,,inc0045_static_chart_floor_screen_HOPF_PHI2_BAND_IT40_P2_STATIC_seed0_20260306_103444,master,,
2026-03-06T11:59:32,True,,1.0,inc0045_static_chart_floor_screen_HOPF_PHI2_BAND_IT40_P2_STATIC_seed1_20260306_103515.log,1,,,,phase4d_hopf_fib_band,"0,1","0,2,4,6","1,3",0.0,radial,10,0,1,0,32,4,0.0,40,0.004029166536582447,0.0039061787583475763,,0.9807524848033874,0.9788750013480126,0.0,16,26,7,7,,,,,,,,,512,0.072451988137082,0.036225994046708794,-0.03585948316210347,0.13828188673281033,0.04749786409095433,0.9217363814856316,0.2578565000439994,6.059891041019,0.06347266701050103,,,,,,0.0034497203305363655,0.07513191987527534,0.08327574998838827,0.5803417920251377,7.2481211249832995,,,inc0045_static_chart_floor_screen_HOPF_PHI2_BAND_IT40_P2_STATIC_seed1_20260306_103515,master,,
2026-03-06T11:59:32,True,,1.0,inc0045_static_chart_floor_screen_HOPF_PHI2_BAND_IT48_P3_STATIC_seed0_20260306_103431.log,0,,,,phase4d_hopf_fib_band,"0,1","0,2,4,6","1,3",0.0,radial,10,0,1,0,32,4,0.0,48,0.00401253486675058,0.0038989865871324704,,0.9807029248466057,0.9776854770613375,0.0004,18,27,7,7,,,,,,,,,512,0.033030388388531236,0.016515194185612335,0.029597113607659792,0.0428591851985175,0.01467446801836409,0.9531369752341754,0.3253841249970719,11.178841292043217,0.0676982089644298,,,,,,0.001934313855599612,0.04735257278662175,0.05166270898189396,0.5490922500030138,12.376257167023141,,,inc0045_static_chart_floor_screen_HOPF_PHI2_BAND_IT48_P3_STATIC_seed0_20260306_103431,master,,
2026-03-06T11:59:32,True,,1.0,inc0045_static_chart_floor_screen_HOPF_PHI2_BAND_IT48_P3_STATIC_seed1_20260306_103504.log,1,,,,phase4d_hopf_fib_band,"0,1","0,2,4,6","1,3",0.0,radial,10,0,1,0,32,4,0.0,48,0.004029166536582447,0.0039061787583475763,,0.9807524848033874,0.9788750013480126,0.0,16,26,7,7,,,,,,,,,512,0.072451988137082,0.036225994046708794,-0.03585948316210347,0.13828188673281033,0.04749786409095433,0.9217363814856316,0.24575133301550522,10.179297041962855,0.06915524997748435,,,,,,0.002140397729817778,0.05314593331422657,0.05844837496988475,0.6314256659825332,11.372409375035204,,,inc0045_static_chart_floor_screen_HOPF_PHI2_BAND_IT48_P3_STATIC_seed1_20260306_103504,master,,
2026-03-06T11:59:32,True,,1.0,inc0045_static_chart_floor_screen_R0_seed0_20260306_103456.log,0,,,,kmeans,"0,1","0,2,4,6","1,3",0.0,radial,10,0,1,0,32,4,50.0,40,0.004015541284522801,0.003912288823823275,,0.9821566209485681,0.9808519775144563,0.0,8,21,13,13,,,,,,,,,512,0.0558493956944209,0.027924697807754698,-0.013440383868452548,0.06921010166170485,0.023650365901028467,0.8906123182007801,0.22989308298565447,4.583634458947927,0.04443374997936189,,,,,,1.2708590245456435,0.0832511059124954,1.3586896670167334,0.8827915000147186,7.396238750021439,,,inc0045_static_chart_floor_screen_R0_seed0_20260306_103456,master,,
2026-03-06T11:59:32,True,,1.0,inc0045_static_chart_floor_screen_R0_seed1_20260306_103529.log,1,,,,kmeans,"0,1","0,2,4,6","1,3",0.0,radial,10,0,1,0,32,4,50.0,40,0.004003045085803742,0.0039205680349001975,,0.982274481144166,0.980909668726834,0.0,8,18,10,10,,,,,,,,,512,0.04195192801492414,0.020975963987210862,0.016147571471605535,0.059922464622405615,0.020589100579658112,0.9354993579516405,0.2438616250292398,5.492150374979246,0.0944670420140028,,,,,,1.8468145034858026,0.09060160239459947,1.9430252079619095,0.7039550000336021,8.906762042024639,,,inc0045_static_chart_floor_screen_R0_seed1_20260306_103529,master,,
2026-03-06T11:59:32,True,,1.0,inc0046_static_scale_robustness_confirm_HOPF_K25_BASE_IT40_P2_STATIC_seed0_20260306_104836.log,0,,,,phase4d_hopf,"0,1","0,2,4,6","1,3",0.0,radial,10,0,1,0,32,4,0.0,40,0.004013860123418527,0.003891895062747115,,0.9833649342262081,0.9830304637452931,0.0,8,17,9,9,,,,,,,,,512,0.048439032525354066,0.024219516252917784,-0.046071517777727646,0.06456683516375421,0.021906801012987837,0.9202667972693127,0.3318218750064261,12.819803334015887,0.08167991595109925,,,,,,0.008125345688313246,0.13028145593125373,0.14409458299633116,1.0272743329987861,14.752856749983039,,,inc0046_static_scale_robustness_confirm_HOPF_K25_BASE_IT40_P2_STATIC_seed0_20260306_104836,master,,
2026-03-06T11:59:32,True,,1.0,inc0046_static_scale_robustness_confirm_HOPF_K25_BASE_IT40_P2_STATIC_seed1_20260306_104926.log,1,,,,phase4d_hopf,"0,1","0,2,4,6","1,3",0.0,radial,10,0,1,0,32,4,0.0,40,0.004009638748686887,0.003880394822336136,,0.9834509350490424,0.9829482209612224,0.0,8,18,10,10,,,,,,,,,512,0.12170194761551704,0.06085097378028475,-0.006375263425550058,0.17048069217825657,0.058934443382561194,0.7708607635988053,0.30206950003048405,7.835429958009627,0.10154679202241823,,,,,,0.008488530409522355,0.11118458025157452,0.1249807080021128,1.120187500026077,9.904040500055999,,,inc0046_static_scale_robustness_confirm_HOPF_K25_BASE_IT40_P2_STATIC_seed1_20260306_104926,master,,
2026-03-06T11:59:32,True,,1.0,inc0046_static_scale_robustness_confirm_HOPF_K25_BASE_IT40_P2_STATIC_seed2_20260306_105013.log,2,,,,phase4d_hopf,"0,1","0,2,4,6","1,3",0.0,radial,10,0,1,0,32,4,0.0,40,0.004040323562804009,0.00389341130844688,,0.9835661495720593,0.9821522808998688,0.0,8,16,8,8,,,,,,,,,512,0.09532149609292336,0.047660747983918894,-0.0348922729933457,0.17218473006766424,0.05888327398387856,0.9108161943978822,0.21737208298873156,8.748924667015672,0.09916491602780297,,,,,,0.014406672271434218,0.13182769931154326,0.15703825000673532,0.8819617499830201,10.454910166969057,,,inc0046_static_scale_robustness_confirm_HOPF_K25_BASE_IT40_P2_STATIC_seed2_20260306_105013,master,,
2026-03-06T11:59:32,True,,1.0,inc0046_static_scale_robustness_confirm_HOPF_K25_BASE_IT40_P2_STATIC_seed3_20260306_105045.log,3,,,,phase4d_hopf,"0,1","0,2,4,6","1,3",0.0,radial,10,0,1,0,32,4,0.0,40,0.003988782594977814,0.003871777517001137,,0.9831553960461294,0.9815657748464314,0.0,8,18,10,10,,,,,,,,,512,0.08297158641191897,0.04148579316430477,-0.005509229320375593,0.12006038634577144,0.04149605871678261,0.9310912789359505,0.243238165974617,7.275759874959476,0.10180533403763548,,,,,,0.004879256302956492,0.11574197869049385,0.12654579197987914,1.0442481660284102,9.028640165983234,,,inc0046_static_scale_robustness_confirm_HOPF_K25_BASE_IT40_P2_STATIC_seed3_20260306_105045,master,,
2026-03-06T11:59:32,True,,1.0,inc0046_static_scale_robustness_confirm_HOPF_PHI2_BAND_IT40_P2_STATIC_seed0_20260306_104851.log,0,,,,phase4d_hopf_fib_band,"0,1","0,2,4,6","1,3",0.0,radial,10,0,1,0,32,4,0.0,40,0.003982147136309193,0.0039029674816612437,,0.9817775634128607,0.9800905692594032,0.0,19,27,6,6,,,,,,,,,512,0.05000230240029691,0.02500115117688467,0.01511838705669376,0.06894128344412456,0.023448176021207256,0.8955321966878388,0.24773287499556318,10.853641791967675,0.12924629199551418,,,,,,0.00628246326232329,0.11058945889817551,0.12377762497635558,0.7985300000291318,12.466275792045053,,,inc0046_static_scale_robustness_confirm_HOPF_PHI2_BAND_IT40_P2_STATIC_seed0_20260306_104851,master,,
2026-03-06T11:59:32,True,,1.0,inc0046_static_scale_robustness_confirm_HOPF_PHI2_BAND_IT40_P2_STATIC_seed1_20260306_104936.log,1,,,,phase4d_hopf_fib_band,"0,1","0,2,4,6","1,3",0.0,radial,10,0,1,0,32,4,0.0,40,0.004001033169719456,0.003908819756470549,,0.9820218437343468,0.9799434861293517,0.0,20,27,7,7,,,,,,,,,512,0.048118735747999165,0.02405936784464598,0.004817241902951776,0.06932317264994806,0.02384004288494391,0.9271520074943616,0.22151320794364437,8.3928837919957,0.09898574999533594,,,,,,0.00392629619454965,0.09995843446813524,0.10822262498550117,0.7848119580303319,9.902309875003994,,,inc0046_static_scale_robustness_confirm_HOPF_PHI2_BAND_IT40_P2_STATIC_seed1_20260306_104936,master,,
2026-03-06T11:59:32,True,,1.0,inc0046_static_scale_robustness_confirm_HOPF_PHI2_BAND_IT40_P2_STATIC_seed2_20260306_105023.log,2,,,,phase4d_hopf_fib_band,"0,1","0,2,4,6","1,3",0.0,radial,10,0,1,0,32,4,0.0,40,0.00401457435518655,0.0038931614374458404,,0.9819749361489628,0.9793465408944464,0.0,19,28,7,7,,,,,,,,,512,0.04890271786426952,0.02445135887178971,-0.011665414954030623,0.075299970996597,0.025701046228087998,0.9297850599664067,0.22321029094746336,7.573349707992747,0.09989612502977252,,,,,,0.004443345300387591,0.09918772894889116,0.11079270794289187,0.8186795000219718,9.050125166017096,,,inc0046_static_scale_robustness_confirm_HOPF_PHI2_BAND_IT40_P2_STATIC_seed2_20260306_105023,master,,
2026-03-06T11:59:32,True,,1.0,inc0046_static_scale_robustness_confirm_HOPF_PHI2_BAND_IT40_P2_STATIC_seed3_20260306_105054.log,3,,,,phase4d_hopf_fib_band,"0,1","0,2,4,6","1,3",0.0,radial,10,0,1,0,32,4,0.0,40,0.003998116243341924,0.003896666953642374,,0.981815204481535,0.9798514252981628,0.0,15,26,7,7,,,,,,,,,512,0.03567411153598499,0.01783705576097814,0.019104943008486256,0.05048697715677239,0.017330087201555204,0.962213736951164,0.22480875003384426,7.695822625013534,0.16913262498565018,,,,,,0.0037799858837388456,0.08834188559558243,0.09637120796833187,0.8326690419926308,9.3239333339734,,,inc0046_static_scale_robustness_confirm_HOPF_PHI2_BAND_IT40_P2_STATIC_seed3_20260306_105054,master,,
2026-03-06T11:59:32,True,,1.0,inc0046_static_scale_robustness_confirm_R0_seed0_20260306_104903.log,0,,,,kmeans,"0,1","0,2,4,6","1,3",0.0,radial,10,0,1,0,32,4,50.0,40,0.004005047758164054,0.003895545512276533,,0.9825447582606733,0.9820023387947124,0.0,8,21,13,13,,,,,,,,,512,0.0,0.0,1.0,0.0,0.0,1.0,0.2553827080409974,7.420035166025627,0.09264420799445361,,,,,,12.1651889308705,0.2814345662482083,12.465145083959214,1.356621915998403,22.13920545799192,,,inc0046_static_scale_robustness_confirm_R0_seed0_20260306_104903,master,,
2026-03-06T11:59:32,True,,1.0,inc0046_static_scale_robustness_confirm_R0_seed1_20260306_104946.log,1,,,,kmeans,"0,1","0,2,4,6","1,3",0.0,radial,10,0,1,0,32,4,50.0,40,0.004032583658475381,0.003888287637479875,,0.9830078552222977,0.9818468607867396,0.0,8,26,18,18,,,,,,,,,512,0.052978466501519904,0.02648923325749987,0.006980586344610739,0.06113549449127738,0.020972348835800524,0.8972558774679069,0.22404879098758101,18.246143209049478,0.10578762501245365,,,,,,4.85663098533405,0.14597313577542081,5.010665332956705,2.2353353750077076,26.415215542016085,,,inc0046_static_scale_robustness_confirm_R0_seed1_20260306_104946,master,,
2026-03-06T11:59:32,True,,1.0,inc0046_static_scale_robustness_confirm_R0_seed2_20260306_105033.log,2,,,,kmeans,"0,1","0,2,4,6","1,3",0.0,radial,10,0,1,0,32,4,50.0,40,0.004009035893730604,0.003886890326005409,,0.9829885012514988,0.9814547444405494,0.0,8,25,17,17,,,,,,,,,512,0.058954505035464205,0.029477252476137382,-0.04229899271665886,0.08116473188239767,0.027731029087585922,0.9083750760652285,0.23236204095883295,6.687058916024398,0.08503279200522229,,,,,,2.6909547762479633,0.12469581520417705,2.8231802500085905,1.6473077919799834,11.914326458994765,,,inc0046_static_scale_robustness_confirm_R0_seed2_20260306_105033,master,,
2026-03-06T11:59:32,True,,1.0,inc0046_static_scale_robustness_confirm_R0_seed3_20260306_105103.log,3,,,,kmeans,"0,1","0,2,4,6","1,3",0.0,radial,10,0,1,0,32,4,50.0,40,0.004023998080598222,0.003898892529191579,,0.9823425109598642,0.9803248512262236,0.0,8,23,15,15,,,,,,,,,512,0.044669482971759135,0.02233474148135076,-0.04822403816062326,0.0581111987808786,0.020010327494021353,0.9325613078890345,0.22563508403254673,10.50969862495549,0.12328287499258295,,,,,,2.0746720392489806,0.12589197151828557,2.2147661659982987,1.4309741670149378,15.01948924997123,,,inc0046_static_scale_robustness_confirm_R0_seed3_20260306_105103,master,,
2026-03-06T11:59:32,True,,1.0,inc0046_static_scale_robustness_screen_HOPF_K25_BASE_IT40_P2_STATIC_seed0_20260306_104606.log,0,,,,phase4d_hopf,"0,1","0,2,4,6","1,3",0.0,radial,10,0,1,0,32,4,0.0,40,0.004013860123418527,0.003891895062747115,,0.9833649342262081,0.9830304637452931,0.0,8,17,9,9,,,,,,,,,512,0.048439032525354066,0.024219516252917784,-0.046071517777727646,0.06456683516375421,0.021906801012987837,0.9202667972693127,0.2610980410245247,10.006714541988913,0.11215741699561477,,,,,,0.005387672979850322,0.12204475700855255,0.13269466598285362,1.0598294580122456,11.968396624957677,,,inc0046_static_scale_robustness_screen_HOPF_K25_BASE_IT40_P2_STATIC_seed0_20260306_104606,master,,
2026-03-06T11:59:32,True,,1.0,inc0046_static_scale_robustness_screen_HOPF_K25_BASE_IT40_P2_STATIC_seed1_20260306_104649.log,1,,,,phase4d_hopf,"0,1","0,2,4,6","1,3",0.0,radial,10,0,1,0,32,4,0.0,40,0.004009638748686887,0.003880394822336136,,0.9834509350490424,0.9829482209612224,0.0,8,18,10,10,,,,,,,,,512,0.12170194761551704,0.06085097378028475,-0.006375263425550058,0.17048069217825657,0.058934443382561194,0.7708607635988053,0.23783691599965096,10.517702332988847,0.0929881670163013,,,,,,0.004344755201600492,0.10571511823218316,0.1151545419706963,1.1073609580053017,12.43394554196857,,,inc0046_static_scale_robustness_screen_HOPF_K25_BASE_IT40_P2_STATIC_seed1_20260306_104649,master,,
2026-03-06T11:59:32,True,,1.0,inc0046_static_scale_robustness_screen_HOPF_PHI2_BAND_IT40_P2_STATIC_seed0_20260306_104619.log,0,,,,phase4d_hopf_fib_band,"0,1","0,2,4,6","1,3",0.0,radial,10,0,1,0,32,4,0.0,40,0.003982147136309193,0.0039029674816612437,,0.9817775634128607,0.9800905692594032,0.0,19,27,6,6,,,,,,,,,512,0.05000230240029691,0.02500115117688467,0.01511838705669376,0.06894128344412456,0.023448176021207256,0.8955321966878388,0.24553558300249279,9.137518416973762,0.23500687500927597,,,,,,0.0050199192482978106,0.1632998518180102,0.1784127499558963,0.7429523749742657,11.070916249998845,,,inc0046_static_scale_robustness_screen_HOPF_PHI2_BAND_IT40_P2_STATIC_seed0_20260306_104619,master,,
2026-03-06T11:59:32,True,,1.0,inc0046_static_scale_robustness_screen_HOPF_PHI2_BAND_IT40_P2_STATIC_seed1_20260306_104702.log,1,,,,phase4d_hopf_fib_band,"0,1","0,2,4,6","1,3",0.0,radial,10,0,1,0,32,4,0.0,40,0.004001033169719456,0.003908819756470549,,0.9820218437343468,0.9799434861293517,0.0,20,27,7,7,,,,,,,,,512,0.048118735747999165,0.02405936784464598,0.004817241902951776,0.06932317264994806,0.02384004288494391,0.9271520074943616,0.24799729097867385,10.712522999965586,0.11818270804360509,,,,,,0.004143796977587044,0.09297707764199004,0.10160616599023342,0.788528667006176,12.299797957995906,,,inc0046_static_scale_robustness_screen_HOPF_PHI2_BAND_IT40_P2_STATIC_seed1_20260306_104702,master,,
2026-03-06T11:59:32,True,,1.0,inc0046_static_scale_robustness_screen_R0_seed0_20260306_104630.log,0,,,,kmeans,"0,1","0,2,4,6","1,3",0.0,radial,10,0,1,0,32,4,50.0,40,0.004005047758164054,0.003895545512276533,,0.9825447582606733,0.9820023387947124,0.0,8,21,13,13,,,,,,,,,512,0.0,0.0,1.0,0.0,0.0,1.0,0.25227595801698044,7.602409915998578,0.12964929098961875,,,,,,8.372017458139453,0.21447246393654495,8.599465082981624,1.3858460829942487,18.657872417010367,,,inc0046_static_scale_robustness_screen_R0_seed0_20260306_104630,master,,
2026-03-06T11:59:32,True,,1.0,inc0046_static_scale_robustness_screen_R0_seed1_20260306_104714.log,1,,,,kmeans,"0,1","0,2,4,6","1,3",0.0,radial,10,0,1,0,32,4,50.0,40,0.004032583658475381,0.003888287637479875,,0.9830078552222977,0.9818468607867396,0.0,8,26,18,18,,,,,,,,,512,0.052978466501519904,0.02648923325749987,0.006980586344610739,0.06113549449127738,0.020972348835800524,0.8972558774679069,0.2634754580212757,7.699543875001837,0.0970221669995226,,,,,,2.395386283809785,0.1446305462741293,2.5499867080361582,2.0921177080017515,13.17555570899276,,,inc0046_static_scale_robustness_screen_R0_seed1_20260306_104714,master,,
2026-03-06T11:59:32,True,,1.0,inc0047_near_full_proxy_scale_confirm_HOPF_K25_BASE_IT40_P2_STATIC_seed0_20260306_105720.log,0,,,,phase4d_hopf,"0,1","0,2,4,6","1,3",0.0,radial,10,0,1,0,32,4,0.0,40,0.004007253849557749,0.0038826140104589275,,0.9843439062951849,0.98313342811922,0.0,8,21,13,13,,,,,,,,,512,0.054536013913742874,0.027268006940526328,-0.026899291671882212,0.08120210519005289,0.027751658054603105,0.9153932812186105,0.26789304096018896,12.457910500001162,0.20031383400782943,,,,,,0.007884411083068699,0.19778912008041516,0.21962804201757535,2.0959437080309726,15.709522958961315,,,inc0047_near_full_proxy_scale_confirm_HOPF_K25_BASE_IT40_P2_STATIC_seed0_20260306_105720,master,,
2026-03-06T11:59:32,True,,1.0,inc0047_near_full_proxy_scale_confirm_HOPF_K25_BASE_IT40_P2_STATIC_seed1_20260306_105812.log,1,,,,phase4d_hopf,"0,1","0,2,4,6","1,3",0.0,radial,10,0,1,0,32,4,0.0,40,0.004019647618397259,0.003870856602035276,,0.9835447639262271,0.9830476222797253,0.0,8,18,10,10,,,,,,,,,512,0.15072774842397105,0.07536387417441105,-0.042892706752822606,0.23756789767004982,0.08204666318996409,0.8282796127402847,0.2413069590111263,12.390091624984052,0.12235312501434237,,,,,,0.0060092032654210925,0.13999975752085447,0.15280749998055398,1.650899542029947,14.94422287499765,,,inc0047_near_full_proxy_scale_confirm_HOPF_K25_BASE_IT40_P2_STATIC_seed1_20260306_105812,master,,
2026-03-06T11:59:32,True,,1.0,inc0047_near_full_proxy_scale_confirm_HOPF_K25_BASE_IT40_P2_STATIC_seed2_20260306_105948.log,2,,,,phase4d_hopf,"0,1","0,2,4,6","1,3",0.0,radial,10,0,1,0,32,4,0.0,40,0.004012146228397237,0.003878296614208264,,0.9838198006015791,0.9832075035322484,0.0,8,19,11,11,,,,,,,,,512,0.07576180446432172,0.03788090216964123,-0.01897739076940572,0.1104281572346517,0.03788544940029064,0.8852319097862493,0.3365765000344254,13.138684625038877,0.2906325840158388,,,,,,0.007391687191557139,0.16491702862549573,0.18296037503750995,1.7043135830317624,16.210511124983896,,,inc0047_near_full_proxy_scale_confirm_HOPF_K25_BASE_IT40_P2_STATIC_seed2_20260306_105948,master,,
2026-03-06T11:59:32,True,,1.0,inc0047_near_full_proxy_scale_confirm_HOPF_K25_BASE_IT40_P2_STATIC_seed3_20260306_110042.log,3,,,,phase4d_hopf,"0,1","0,2,4,6","1,3",0.0,radial,10,0,1,0,32,4,0.0,40,0.003986594315909582,0.003890244209540325,,0.9834484492245136,0.9822691763304621,0.0,8,14,6,6,,,,,,,,,512,0.13863540840581395,0.06931770413764131,0.006022851410919187,0.19084900750146092,0.06487245179019335,0.7615778196937076,0.27890195802319795,14.241852582956199,0.24749570799758658,,,,,,0.007858008379116654,0.2048768302774988,0.2212888749781996,1.3111657499684952,16.751063834002707,,,inc0047_near_full_proxy_scale_confirm_HOPF_K25_BASE_IT40_P2_STATIC_seed3_20260306_110042,master,,
2026-03-06T11:59:32,True,,1.0,inc0047_near_full_proxy_scale_confirm_HOPF_PHI2_BAND_IT40_P2_STATIC_seed0_20260306_105736.log,0,,,,phase4d_hopf_fib_band,"0,1","0,2,4,6","1,3",0.0,radial,10,0,1,0,32,4,0.0,40,0.003993765790677879,0.0038816872289056913,,0.9834462671691817,0.9814749173828478,0.0,18,27,8,8,,,,,,,,,512,0.031064569580244707,0.015532284770467801,-0.02938974048865092,0.04414174697003667,0.015175823491608028,0.947771637861371,0.21251308300998062,12.088944499962963,0.1278237919905223,,,,,,0.0061135730356909335,0.1354691546293907,0.1523318329709582,1.2891774169984274,14.295957875030581,,,inc0047_near_full_proxy_scale_confirm_HOPF_PHI2_BAND_IT40_P2_STATIC_seed0_20260306_105736,master,,
2026-03-06T11:59:32,True,,1.0,inc0047_near_full_proxy_scale_confirm_HOPF_PHI2_BAND_IT40_P2_STATIC_seed1_20260306_105827.log,1,,,,phase4d_hopf_fib_band,"0,1","0,2,4,6","1,3",0.0,radial,10,0,1,0,32,4,0.0,40,0.0040084186227928986,0.0038877431351128943,,0.9826253612941761,0.9813447680575864,0.0,20,31,10,10,,,,,,,,,512,0.048957436943550176,0.024478718442450382,0.043462306374241935,0.06606632668888743,0.02278084358525979,0.9210643396101533,0.23293437500251457,11.459249457984697,0.1615671250037849,,,,,,0.010374481789767742,0.19192583131371066,0.24004225002136081,1.8167089170310646,14.384925624995958,,,inc0047_near_full_proxy_scale_confirm_HOPF_PHI2_BAND_IT40_P2_STATIC_seed1_20260306_105827,master,,
2026-03-06T11:59:32,True,,1.0,inc0047_near_full_proxy_scale_confirm_HOPF_PHI2_BAND_IT40_P2_STATIC_seed2_20260306_110004.log,2,,,,phase4d_hopf_fib_band,"0,1","0,2,4,6","1,3",0.0,radial,10,0,1,0,32,4,0.0,40,0.004029400987657432,0.0038780730943426206,,0.9826783816939667,0.981553803762518,0.0,18,34,12,12,,,,,,,,,512,0.060674509281573225,0.030337254587049608,-0.005866175257385707,0.07299239016309728,0.025031034433823762,0.8842538945232215,0.282145417004358,13.9769927909947,0.2126436249818653,,,,,,0.007151820289436728,0.19084829126950353,0.20792166702449322,2.457720958045684,17.576129583001602,,,inc0047_near_full_proxy_scale_confirm_HOPF_PHI2_BAND_IT40_P2_STATIC_seed2_20260306_110004,master,,
2026-03-06T11:59:32,True,,1.0,inc0047_near_full_proxy_scale_confirm_HOPF_PHI2_BAND_IT40_P2_STATIC_seed3_20260306_110059.log,3,,,,phase4d_hopf_fib_band,"0,1","0,2,4,6","1,3",0.0,radial,10,0,1,0,32,4,0.0,40,0.004011167372805845,0.0038770055102258284,,0.982709211958626,0.9806328038873375,0.0,17,30,10,10,,,,,,,,,512,0.034652349432197666,0.017326174705542225,0.0047851258453799365,0.04536353893285695,0.015472851189516093,0.9427745655545741,0.25429108302341774,14.368313416955061,0.22957537503680214,,,,,,0.01429987681331113,0.2120909672230482,0.2349427500157617,2.379946667002514,18.058995834027883,,,inc0047_near_full_proxy_scale_confirm_HOPF_PHI2_BAND_IT40_P2_STATIC_seed3_20260306_110059,master,,
2026-03-06T11:59:32,True,,1.0,inc0047_near_full_proxy_scale_confirm_R0_seed0_20260306_105751.log,0,,,,kmeans,"0,1","0,2,4,6","1,3",0.0,radial,10,0,1,0,32,4,50.0,40,0.003985983152456246,0.0038869415376850233,,0.9834993707079126,0.9819566170790719,0.0,8,23,15,15,,,,,,,,,512,0.047394465667083864,0.02369723282430301,-0.03726156804842017,0.0666938623398733,0.02279151210330295,0.9274936595125949,0.19899879198055714,12.183117208012845,0.11762341600842774,,,,,,5.542222622316331,0.1913166648009792,5.752689457964152,2.0960475419997238,21.00033650000114,,,inc0047_near_full_proxy_scale_confirm_R0_seed0_20260306_105751,master,,
2026-03-06T11:59:32,True,,1.0,inc0047_near_full_proxy_scale_confirm_R0_seed1_20260306_105842.log,1,,,,kmeans,"0,1","0,2,4,6","1,3",0.0,radial,10,0,1,0,32,4,50.0,40,0.004048781160048647,0.0038863985848514534,,0.9830531418691488,0.982255115975396,0.0,8,26,18,18,,,,,,,,,512,0.04822865874901827,0.024114329345840294,0.005916304033154859,0.0713479041460271,0.024585362682279604,0.9698192340312908,0.23213312501320615,11.458336374955252,0.10994887497508898,,,,,,48.52779443265172,0.5830255399341695,49.16788529098267,3.552718000020832,65.2987722500111,,,inc0047_near_full_proxy_scale_confirm_R0_seed1_20260306_105842,master,,
2026-03-06T11:59:32,True,,1.0,inc0047_near_full_proxy_scale_confirm_R0_seed2_20260306_110022.log,2,,,,kmeans,"0,1","0,2,4,6","1,3",0.0,radial,10,0,1,0,32,4,50.0,40,0.004019234344061768,0.003883942757158988,,0.9830359689663691,0.9822628888235363,0.0,8,27,19,19,,,,,,,,,512,0.0716500525086229,0.03582502617173112,0.00066741026944911,0.1153417843930447,0.039552349603281675,0.8667778552105767,0.2202249169931747,10.983115416951478,0.09557908301940188,,,,,,3.4138387758284807,0.19128485856344923,3.6165572499739937,3.784985209000297,19.424960292002652,,,inc0047_near_full_proxy_scale_confirm_R0_seed2_20260306_110022,master,,
2026-03-06T11:59:32,True,,1.0,inc0047_near_full_proxy_scale_confirm_R0_seed3_20260306_110118.log,3,,,,kmeans,"0,1","0,2,4,6","1,3",0.0,radial,10,0,1,0,32,4,50.0,40,0.00401274235119512,0.0038820694889436045,,0.9825796722623708,0.9812084134085501,0.0,8,25,17,17,,,,,,,,,512,0.08184711672580221,0.04092355833382639,-0.025234543466252146,0.1074277365629522,0.03662646670815921,0.7813540040989624,0.266047167009674,12.012874207983259,0.158687999995891,,,,,,4.871036547992844,0.20754202565876767,5.091203083982691,2.919997666031122,21.578617040999234,,,inc0047_near_full_proxy_scale_confirm_R0_seed3_20260306_110118,master,,
2026-03-06T11:59:32,True,,1.0,inc0047_near_full_proxy_scale_screen_HOPF_K25_BASE_IT40_P2_STATIC_seed0_20260306_105443.log,0,,,,phase4d_hopf,"0,1","0,2,4,6","1,3",0.0,radial,10,0,1,0,32,4,0.0,40,0.004007253849557749,0.0038826140104589275,,0.9843439062951849,0.98313342811922,0.0,8,21,13,13,,,,,,,,,512,0.054536013913742874,0.027268006940526328,-0.026899291671882212,0.08120210519005289,0.027751658054603105,0.9153932812186105,0.2968889999901876,13.943806249997579,0.13147333305096254,,,,,,0.008015889849048108,0.22194795438554138,0.24449379200814292,1.7793385830009356,16.851953708042856,,,inc0047_near_full_proxy_scale_screen_HOPF_K25_BASE_IT40_P2_STATIC_seed0_20260306_105443,master,,
2026-03-06T11:59:32,True,,1.0,inc0047_near_full_proxy_scale_screen_HOPF_K25_BASE_IT40_P2_STATIC_seed1_20260306_105537.log,1,,,,phase4d_hopf,"0,1","0,2,4,6","1,3",0.0,radial,10,0,1,0,32,4,0.0,40,0.004019647618397259,0.003870856602035276,,0.9835447639262271,0.9830476222797253,0.0,8,18,10,10,,,,,,,,,512,0.15072774842397105,0.07536387417441105,-0.042892706752822606,0.23756789767004982,0.08204666318996409,0.8282796127402847,0.2440161250415258,11.055349541013129,0.14323583396617323,,,,,,0.007441020512487739,0.15077566012041643,0.1670370830106549,1.6304126670002006,13.658871374966111,,,inc0047_near_full_proxy_scale_screen_HOPF_K25_BASE_IT40_P2_STATIC_seed1_20260306_105537,master,,
2026-03-06T11:59:32,True,,1.0,inc0047_near_full_proxy_scale_screen_HOPF_PHI2_BAND_IT40_P2_STATIC_seed0_20260306_105500.log,0,,,,phase4d_hopf_fib_band,"0,1","0,2,4,6","1,3",0.0,radial,10,0,1,0,32,4,0.0,40,0.003993765790677879,0.0038816872289056913,,0.9834462671691817,0.9814749173828478,0.0,18,27,8,8,,,,,,,,,512,0.031064569580244707,0.015532284770467801,-0.02938974048865092,0.04414174697003667,0.015175823491608028,0.947771637861371,0.23688975005643442,11.452903666999191,0.1377926670247689,,,,,,0.007401905895676464,0.15664544707397,0.17157054104609415,1.314594792027492,13.71307329100091,,,inc0047_near_full_proxy_scale_screen_HOPF_PHI2_BAND_IT40_P2_STATIC_seed0_20260306_105500,master,,
2026-03-06T11:59:32,True,,1.0,inc0047_near_full_proxy_scale_screen_HOPF_PHI2_BAND_IT40_P2_STATIC_seed1_20260306_105551.log,1,,,,phase4d_hopf_fib_band,"0,1","0,2,4,6","1,3",0.0,radial,10,0,1,0,32,4,0.0,40,0.0040084186227928986,0.0038877431351128943,,0.9826253612941761,0.9813447680575864,0.0,20,31,10,10,,,,,,,,,512,0.048957436943550176,0.024478718442450382,0.043462306374241935,0.06606632668888743,0.02278084358525979,0.9210643396101533,0.23609816696261987,11.52712716703536,0.13761370803695172,,,,,,0.006823809759225696,0.14018541551195085,0.154061958019156,1.5809662090032361,14.063614874961786,,,inc0047_near_full_proxy_scale_screen_HOPF_PHI2_BAND_IT40_P2_STATIC_seed1_20260306_105551,master,,
2026-03-06T11:59:32,True,,1.0,inc0047_near_full_proxy_scale_screen_R0_seed0_20260306_105514.log,0,,,,kmeans,"0,1","0,2,4,6","1,3",0.0,radial,10,0,1,0,32,4,50.0,40,0.003985983152456246,0.0038869415376850233,,0.9834993707079126,0.9819566170790719,0.0,8,23,15,15,,,,,,,,,512,0.047394465667083864,0.02369723282430301,-0.03726156804842017,0.0666938623398733,0.02279151210330295,0.9274936595125949,0.2361108330078423,12.129591041011736,0.18325041700154543,,,,,,7.397397965600248,0.21231858164537698,7.6219236250035465,2.0658162080217153,23.118507542007137,,,inc0047_near_full_proxy_scale_screen_R0_seed0_20260306_105514,master,,
2026-03-06T11:59:32,True,,1.0,inc0047_near_full_proxy_scale_screen_R0_seed1_20260306_105605.log,1,,,,kmeans,"0,1","0,2,4,6","1,3",0.0,radial,10,0,1,0,32,4,50.0,40,0.004048781160048647,0.0038863985848514534,,0.9830531418691488,0.982255115975396,0.0,8,26,18,18,,,,,,,,,512,0.04822865874901827,0.024114329345840294,0.005916304033154859,0.0713479041460271,0.024585362682279604,0.9698192340312908,0.22717095800908282,13.644145708007272,0.26906700001563877,,,,,,3.969027647515759,0.2035583780379966,4.203779999981634,2.5440636670100503,21.804045792028774,,,inc0047_near_full_proxy_scale_screen_R0_seed1_20260306_105605,master,,
2026-03-06T11:59:32,True,,1.0,inc0048_retrieval_translation_screen_DENSE_seed0_20260306_111747.log,0,,dense_exact,,kmeans,"0,1","0,2,4,6","1,3",0.0,radial,10,0,0,0,32,4,0.0,40,0.003848100911458332,0.004313924153645833,0.050333333333333334,0.0038455110677083327,0.003848100911458332,0.0,1,1,0,0,6000.0,1.0,0.0,,,,,,512,0.0,0.0,1.0,0.0,0.0,1.0,0.3064282500417903,0.0,0.7414659169735387,,,,,,0.0,0.0,0.0,0.0,1.08080241602147,,,inc0048_retrieval_translation_screen_DENSE_seed0_20260306_111747,master,,dense exact retrieval baseline
2026-03-06T11:59:32,True,,1.0,inc0048_retrieval_translation_screen_DENSE_seed1_20260306_111844.log,1,,dense_exact,,kmeans,"0,1","0,2,4,6","1,3",0.0,radial,10,0,0,0,32,4,0.0,40,0.0038491766493055544,0.004323527018229167,0.049,0.0038460611979166674,0.0038491766493055544,0.0,1,1,0,0,6000.0,1.0,0.0,,,,,,512,0.0,0.0,1.0,0.0,0.0,1.0,0.2904342919937335,0.0,0.4694047080120072,,,,,,0.0,0.0,0.0,0.0,0.7912684169714339,,,inc0048_retrieval_translation_screen_DENSE_seed1_20260306_111844,master,,dense exact retrieval baseline
2026-03-06T11:59:32,True,,1.0,inc0048_retrieval_translation_screen_HOPF_PHI2_RET_P1_seed0_20260306_111811.log,0,,routed_probe,,phase4d_hopf_fib_band,"0,1","0,2,4,6","1,3",0.0,radial,10,0,1,0,32,4,0.0,40,0.003848100911458332,0.004320812406994048,0.047,0.9813331632968344,0.9798542331997282,0.0,16,16,0,0,2038.075,0.3396791666666667,1.0,,,,,,512,0.020781699830971855,0.010390849906451663,0.03540110882145332,0.02781836091795957,0.009533330046059402,0.9846863034725724,0.26993679197039455,7.77501979097724,2.6167287500575185,,,,,,0.0,0.0,0.0,0.0,10.78652649995638,,,inc0048_retrieval_translation_screen_HOPF_PHI2_RET_P1_seed0_20260306_111811,master,,retrieval chart iters=40
2026-03-06T11:59:32,True,,1.0,inc0048_retrieval_translation_screen_HOPF_PHI2_RET_P1_seed1_20260306_111931.log,1,,routed_probe,,phase4d_hopf_fib_band,"0,1","0,2,4,6","1,3",0.0,radial,10,0,1,0,32,4,0.0,40,0.0038491766493055544,0.004331851050967262,0.044,0.9813225011705972,0.9795752930983952,0.0,16,16,0,0,2059.826666666667,0.34330444444444447,1.0,,,,,,512,0.0529795025902569,0.026489751313469413,0.038373923682344165,0.07189327193499445,0.024560988079466807,0.8557884434169353,0.4419874169980176,7.241321791021619,3.4204902920755558,,,,,,0.0,0.0,0.0,0.0,11.35413970798254,,,inc0048_retrieval_translation_screen_HOPF_PHI2_RET_P1_seed1_20260306_111931,master,,retrieval chart iters=40
2026-03-06T11:59:32,True,,1.0,inc0048_retrieval_translation_screen_HOPF_PHI2_RET_P2_seed0_20260306_111822.log,0,,routed_probe,,phase4d_hopf_fib_band,"0,1","0,2,4,6","1,3",0.0,radial,10,0,1,0,32,4,0.0,40,0.003848100911458332,0.004317830403645834,0.04733333333333333,0.9813331632968344,0.9798542331997282,0.0,16,16,0,0,3050.3656666666666,0.5083942777777778,2.0,,,,,,512,0.020781699830971855,0.010390849906451663,0.03540110882145332,0.02781836091795957,0.009533330046059402,0.9846863034725724,0.28798012499464676,10.54811279202113,10.901911708002444,,,,,,0.0,0.0,0.0,0.0,21.940754082985222,,,inc0048_retrieval_translation_screen_HOPF_PHI2_RET_P2_seed0_20260306_111822,master,,retrieval chart iters=40
2026-03-06T11:59:32,True,,1.0,inc0048_retrieval_translation_screen_HOPF_PHI2_RET_P2_seed1_20260306_111942.log,1,,routed_probe,,phase4d_hopf_fib_band,"0,1","0,2,4,6","1,3",0.0,radial,10,0,1,0,32,4,0.0,40,0.0038491766493055544,0.0043243408203125,0.04733333333333333,0.9813225011705972,0.9795752930983952,0.0,16,16,0,0,2903.3533333333335,0.4838922222222222,2.0,,,,,,512,0.0529795025902569,0.026489751313469413,0.038373923682344165,0.07189327193499445,0.024560988079466807,0.8557884434169353,0.2666386249475181,6.7067866250290535,9.392001582018565,,,,,,0.0,0.0,0.0,0.0,16.482559582975227,,,inc0048_retrieval_translation_screen_HOPF_PHI2_RET_P2_seed1_20260306_111942,master,,retrieval chart iters=40
2026-03-06T11:59:32,True,,1.0,inc0048_retrieval_translation_screen_HOPF_RET_P1_seed0_20260306_111748.log,0,,routed_probe,,phase4d_hopf,"0,1","0,2,4,6","1,3",0.0,radial,10,0,1,0,32,4,0.0,40,0.003848100911458332,0.004320068359375,0.049,0.9831308657722189,0.9826167164505993,0.0,8,8,0,0,2059.4103333333333,0.34323505555555556,1.0,,,,,,512,0.044205246938542546,0.022102623461880664,0.026341155704174956,0.0781235113781435,0.02668923322830707,0.9266273829092818,0.28622570901643485,7.347503500001039,3.1092870000284165,,,,,,0.0,0.0,0.0,0.0,10.904003457981162,,,inc0048_retrieval_translation_screen_HOPF_RET_P1_seed0_20260306_111748,master,,retrieval chart iters=40
2026-03-06T11:59:32,True,,1.0,inc0048_retrieval_translation_screen_HOPF_RET_P1_seed1_20260306_111845.log,1,,routed_probe,,phase4d_hopf,"0,1","0,2,4,6","1,3",0.0,radial,10,0,1,0,32,4,0.0,40,0.0038491766493055544,0.004330362955729167,0.046,0.9833388359016793,0.9823296933325603,0.0,8,8,0,0,2126.7033333333334,0.35445055555555555,1.0,,,,,,512,0.057193547841211216,0.028596773936049136,0.07069708863754945,0.08037888912906604,0.0275362366731846,0.9404156188738555,0.27604308299487457,9.27626200002851,10.938855791988317,,,,,,0.0,0.0,0.0,0.0,20.830126958026085,,,inc0048_retrieval_translation_screen_HOPF_RET_P1_seed1_20260306_111845,master,,retrieval chart iters=40
2026-03-06T11:59:32,True,,1.0,inc0048_retrieval_translation_screen_HOPF_RET_P2_seed0_20260306_111759.log,0,,routed_probe,,phase4d_hopf,"0,1","0,2,4,6","1,3",0.0,radial,10,0,1,0,32,4,0.0,40,0.003848100911458332,0.0043251953125,0.04566666666666667,0.9831308657722189,0.9826167164505993,0.0,8,8,0,0,3142.8526666666667,0.5238087777777778,2.0,,,,,,512,0.044205246938542546,0.022102623461880664,0.026341155704174956,0.0781235113781435,0.02668923322830707,0.9266273829092818,0.288289625023026,7.277537207992282,4.333577749959659,,,,,,0.0,0.0,0.0,0.0,12.045872332993895,,,inc0048_retrieval_translation_screen_HOPF_RET_P2_seed0_20260306_111759,master,,retrieval chart iters=40
2026-03-06T11:59:32,True,,1.0,inc0048_retrieval_translation_screen_HOPF_RET_P2_seed1_20260306_111906.log,1,,routed_probe,,phase4d_hopf,"0,1","0,2,4,6","1,3",0.0,radial,10,0,1,0,32,4,0.0,40,0.0038491766493055544,0.004319498697916667,0.053,0.9833388359016793,0.9823296933325603,0.0,8,8,0,0,3209.7586666666666,0.5349597777777778,2.0,,,,,,512,0.057193547841211216,0.028596773936049136,0.07069708863754945,0.08037888912906604,0.0275362366731846,0.9404156188738555,0.40646524995099753,11.338822874997277,11.926389499974903,,,,,,0.0,0.0,0.0,0.0,24.05463945795782,,,inc0048_retrieval_translation_screen_HOPF_RET_P2_seed1_20260306_111906,master,,retrieval chart iters=40
2026-03-06T11:59:32,True,,1.0,inc0049_retrieval_cost_rescue_screen_DENSE_seed0_20260306_113118.log,0,,dense_exact,,kmeans,"0,1","0,2,4,6","1,3",0.0,radial,10,0,0,0,32,4,0.0,40,0.003848100911458332,0.004313924153645833,0.050333333333333334,0.0038455110677083327,0.003848100911458332,0.0,1,1,0,0,6000.0,1.0,0.0,,0.0,0.7368783749989234,,,512,0.0,0.0,1.0,0.0,0.0,1.0,0.3313547080033459,0.0,0.7368783749989234,0.0,0.0,0.7368783749989234,0.0,0.7368783749989234,0.0,0.0,0.0,0.0,1.1003369169775397,,,inc0049_retrieval_cost_rescue_screen_DENSE_seed0_20260306_113118,master,,dense exact retrieval baseline
2026-03-06T11:59:32,True,,1.0,inc0049_retrieval_cost_rescue_screen_DENSE_seed1_20260306_113140.log,1,,dense_exact,,kmeans,"0,1","0,2,4,6","1,3",0.0,radial,10,0,0,0,32,4,0.0,40,0.0038491766493055544,0.004323527018229167,0.049,0.0038460611979166674,0.0038491766493055544,0.0,1,1,0,0,6000.0,1.0,0.0,,0.0,1.0219849160057493,,,512,0.0,0.0,1.0,0.0,0.0,1.0,0.5097919999971054,0.0,1.0219849160057493,0.0,0.0,1.0219849160057493,0.0,1.0219849160057493,0.0,0.0,0.0,0.0,1.5630631250096485,,,inc0049_retrieval_cost_rescue_screen_DENSE_seed1_20260306_113140,master,,dense exact retrieval baseline
2026-03-06T11:59:32,True,,1.0,inc0049_retrieval_cost_rescue_screen_HOPF_PHI2_RET_P1_seed0_20260306_113132.log,0,,routed_probe,,phase4d_hopf_fib_band,"0,1","0,2,4,6","1,3",0.0,radial,10,0,1,0,32,4,0.0,40,0.003848100911458332,0.004320812406994048,0.047,0.9813331632968344,0.9798542331997282,0.0,16,16,0,0,2038.075,0.3396791666666667,1.0,,7.566513459023554,0.23426045797532424,,,512,0.020781699830971855,0.010390849906451663,0.03540110882145332,0.02781836091795957,0.009533330046059402,0.9846863034725724,0.4063375410041772,7.512939375010319,0.28783454198855907,0.053574084013234824,0.021078624995425344,0.2131818329798989,7.566513459023554,0.23426045797532424,0.0,0.0,0.0,0.0,8.389748083020095,,,inc0049_retrieval_cost_rescue_screen_HOPF_PHI2_RET_P1_seed0_20260306_113132,master,,retrieval chart iters=40
2026-03-06T11:59:32,True,,1.0,inc0049_retrieval_cost_rescue_screen_HOPF_PHI2_RET_P1_seed1_20260306_113152.log,1,,routed_probe,,phase4d_hopf_fib_band,"0,1","0,2,4,6","1,3",0.0,radial,10,0,1,0,32,4,0.0,40,0.0038491766493055544,0.004331851050967262,0.044,0.9813225011705972,0.9795752930983952,0.0,16,16,0,0,2059.826666666667,0.34330444444444447,1.0,,7.761506623995956,0.36292124999454245,,,512,0.0529795025902569,0.026489751313469413,0.038373923682344165,0.07189327193499445,0.024560988079466807,0.8557884434169353,0.3110118330223486,7.70668270799797,0.4177451659925282,0.05482391599798575,0.041207582980860025,0.3217136670136824,7.761506623995956,0.36292124999454245,0.0,0.0,0.0,0.0,8.661010542011354,,,inc0049_retrieval_cost_rescue_screen_HOPF_PHI2_RET_P1_seed1_20260306_113152,master,,retrieval chart iters=40
2026-03-06T11:59:32,True,,1.0,inc0049_retrieval_cost_rescue_screen_HOPF_RET_P1_seed0_20260306_113120.log,0,,routed_probe,,phase4d_hopf,"0,1","0,2,4,6","1,3",0.0,radial,10,0,1,0,32,4,0.0,40,0.003848100911458332,0.004320068359375,0.049,0.9831308657722189,0.9826167164505993,0.0,8,8,0,0,2059.4103333333333,0.34323505555555556,1.0,,10.80772162496578,0.3815458330209367,,,512,0.044205246938542546,0.022102623461880664,0.026341155704174956,0.0781235113781435,0.02668923322830707,0.9266273829092818,0.29275625001173466,10.738570749992505,0.45069670799421147,0.06915087497327477,0.029258875001687557,0.35228695801924914,10.80772162496578,0.3815458330209367,0.0,0.0,0.0,0.0,11.672868290974293,,,inc0049_retrieval_cost_rescue_screen_HOPF_RET_P1_seed0_20260306_113120,master,,retrieval chart iters=40
2026-03-06T11:59:32,True,,1.0,inc0049_retrieval_cost_rescue_screen_HOPF_RET_P1_seed1_20260306_113142.log,1,,routed_probe,,phase4d_hopf,"0,1","0,2,4,6","1,3",0.0,radial,10,0,1,0,32,4,0.0,40,0.0038491766493055544,0.004330362955729167,0.046,0.9833388359016793,0.9823296933325603,0.0,8,8,0,0,2126.7033333333334,0.35445055555555555,1.0,,8.580374333017971,0.42116412497125566,,,512,0.057193547841211216,0.028596773936049136,0.07069708863754945,0.08037888912906604,0.0275362366731846,0.9404156188738555,0.28967550001107156,8.458980958035681,0.5425574999535456,0.12139337498228997,0.07192312501138076,0.3492409999598749,8.580374333017971,0.42116412497125566,0.0,0.0,0.0,0.0,9.701857000007294,,,inc0049_retrieval_cost_rescue_screen_HOPF_RET_P1_seed1_20260306_113142,master,,retrieval chart iters=40
2026-03-06T11:59:32,True,,1.0,inc0051_retrieval_amortization_screen_DENSE_Q01_seed0_20260306_114242.log,0,,dense_exact,1,kmeans,"0,1","0,2,4,6","1,3",0.0,radial,10,0,0,0,32,4,0.0,40,0.003848100911458332,0.004313924153645833,0.050333333333333334,0.0038455110677083327,0.003848100911458332,0.0,1,1,0,0,6000.0,1.0,0.0,1,0.0,0.618014834006317,0.618014834006317,0.618014834006317,512,0.0,0.0,1.0,0.0,0.0,1.0,0.36473112500971183,0.0,0.618014834006317,0.0,0.0,0.618014834006317,0.0,0.618014834006317,0.0,0.0,0.0,0.0,1.0223045419552363,,,inc0051_retrieval_amortization_screen_DENSE_Q01_seed0_20260306_114242,master,,dense exact retrieval baseline | query_repeats=1
2026-03-06T11:59:32,True,,1.0,inc0051_retrieval_amortization_screen_DENSE_Q01_seed1_20260306_114447.log,1,,dense_exact,1,kmeans,"0,1","0,2,4,6","1,3",0.0,radial,10,0,0,0,32,4,0.0,40,0.0038491766493055544,0.004323527018229167,0.049,0.0038460611979166674,0.0038491766493055544,0.0,1,1,0,0,6000.0,1.0,0.0,1,0.0,0.4362409590394236,0.4362409590394236,0.4362409590394236,512,0.0,0.0,1.0,0.0,0.0,1.0,0.2887732909875922,0.0,0.4362409590394236,0.0,0.0,0.4362409590394236,0.0,0.4362409590394236,0.0,0.0,0.0,0.0,0.754949750029482,,,inc0051_retrieval_amortization_screen_DENSE_Q01_seed1_20260306_114447,master,,dense exact retrieval baseline | query_repeats=1
2026-03-06T11:59:32,True,,1.0,inc0051_retrieval_amortization_screen_DENSE_Q08_seed0_20260306_114243.log,0,,dense_exact,8,kmeans,"0,1","0,2,4,6","1,3",0.0,radial,10,0,0,0,32,4,0.0,40,0.003848100911458332,0.004313924153645833,0.050333333333333334,0.0038455110677083327,0.003848100911458332,0.0,1,1,0,0,6000.0,1.0,0.0,8,0.0,5.474088626040611,0.6842610782550764,0.6842610782550764,512,0.0,0.0,1.0,0.0,0.0,1.0,0.28236058296170086,0.0,5.474088626040611,0.0,0.0,5.474088626040611,0.0,5.474088626040611,0.0,0.0,0.0,0.0,5.782321874983609,,,inc0051_retrieval_amortization_screen_DENSE_Q08_seed0_20260306_114243,master,,dense exact retrieval baseline | query_repeats=8
2026-03-06T11:59:32,True,,1.0,inc0051_retrieval_amortization_screen_DENSE_Q08_seed1_20260306_114448.log,1,,dense_exact,8,kmeans,"0,1","0,2,4,6","1,3",0.0,radial,10,0,0,0,32,4,0.0,40,0.0038491766493055544,0.004323527018229167,0.049,0.0038460611979166674,0.0038491766493055544,0.0,1,1,0,0,6000.0,1.0,0.0,8,0.0,3.418910543958191,0.42736381799477385,0.42736381799477385,512,0.0,0.0,1.0,0.0,0.0,1.0,0.3081881249672733,0.0,3.418910543958191,0.0,0.0,3.418910543958191,0.0,3.418910543958191,0.0,0.0,0.0,0.0,3.7536190419923514,,,inc0051_retrieval_amortization_screen_DENSE_Q08_seed1_20260306_114448,master,,dense exact retrieval baseline | query_repeats=8
2026-03-06T11:59:32,True,,1.0,inc0051_retrieval_amortization_screen_DENSE_Q16_seed0_20260306_114249.log,0,,dense_exact,16,kmeans,"0,1","0,2,4,6","1,3",0.0,radial,10,0,0,0,32,4,0.0,40,0.003848100911458332,0.004313924153645833,0.050333333333333334,0.0038455110677083327,0.003848100911458332,0.0,1,1,0,0,6000.0,1.0,0.0,16,0.0,7.336541207099799,0.45853382544373744,0.45853382544373744,512,0.0,0.0,1.0,0.0,0.0,1.0,0.2786657079705037,0.0,7.336541207099799,0.0,0.0,7.336541207099799,0.0,7.336541207099799,0.0,0.0,0.0,0.0,7.6441891670110635,,,inc0051_retrieval_amortization_screen_DENSE_Q16_seed0_20260306_114249,master,,dense exact retrieval baseline | query_repeats=16
2026-03-06T11:59:32,True,,1.0,inc0051_retrieval_amortization_screen_DENSE_Q16_seed1_20260306_114452.log,1,,dense_exact,16,kmeans,"0,1","0,2,4,6","1,3",0.0,radial,10,0,0,0,32,4,0.0,40,0.0038491766493055544,0.004323527018229167,0.049,0.0038460611979166674,0.0038491766493055544,0.0,1,1,0,0,6000.0,1.0,0.0,16,0.0,7.843384416017216,0.490211526001076,0.490211526001076,512,0.0,0.0,1.0,0.0,0.0,1.0,0.29820437502348796,0.0,7.843384416017216,0.0,0.0,7.843384416017216,0.0,7.843384416017216,0.0,0.0,0.0,0.0,8.165265541989356,,,inc0051_retrieval_amortization_screen_DENSE_Q16_seed1_20260306_114452,master,,dense exact retrieval baseline | query_repeats=16
2026-03-06T11:59:32,True,,1.0,inc0051_retrieval_amortization_screen_DENSE_Q24_seed0_20260306_114257.log,0,,dense_exact,24,kmeans,"0,1","0,2,4,6","1,3",0.0,radial,10,0,0,0,32,4,0.0,40,0.003848100911458332,0.004313924153645833,0.050333333333333334,0.0038455110677083327,0.003848100911458332,0.0,1,1,0,0,6000.0,1.0,0.0,24,0.0,12.966703998914454,0.5402793332881023,0.5402793332881023,512,0.0,0.0,1.0,0.0,0.0,1.0,0.28075274999719113,0.0,12.966703998914454,0.0,0.0,12.966703998914454,0.0,12.966703998914454,0.0,0.0,0.0,0.0,13.271799999987707,,,inc0051_retrieval_amortization_screen_DENSE_Q24_seed0_20260306_114257,master,,dense exact retrieval baseline | query_repeats=24
2026-03-06T11:59:32,True,,1.0,inc0051_retrieval_amortization_screen_DENSE_Q24_seed1_20260306_114500.log,1,,dense_exact,24,kmeans,"0,1","0,2,4,6","1,3",0.0,radial,10,0,0,0,32,4,0.0,40,0.0038491766493055544,0.004323527018229167,0.049,0.0038460611979166674,0.0038491766493055544,0.0,1,1,0,0,6000.0,1.0,0.0,24,0.0,13.65114849904785,0.5687978541269937,0.5687978541269937,512,0.0,0.0,1.0,0.0,0.0,1.0,0.30404220800846815,0.0,13.65114849904785,0.0,0.0,13.65114849904785,0.0,13.65114849904785,0.0,0.0,0.0,0.0,13.990273832983803,,,inc0051_retrieval_amortization_screen_DENSE_Q24_seed1_20260306_114500,master,,dense exact retrieval baseline | query_repeats=24
2026-03-06T11:59:32,True,,1.0,inc0051_retrieval_amortization_screen_HOPF_PHI2_RET_P1_Q01_seed0_20260306_114357.log,0,,routed_probe,1,phase4d_hopf_fib_band,"0,1","0,2,4,6","1,3",0.0,radial,10,0,1,0,32,4,0.0,40,0.003848100911458332,0.004320812406994048,0.047,0.9813331632968344,0.9798542331997282,0.0,16,16,0,0,2038.075,0.3396791666666667,1.0,1,8.170417791989166,0.21354679099749774,0.21354679099749774,8.383964582986664,512,0.020781699830971855,0.010390849906451663,0.03540110882145332,0.02781836091795957,0.009533330046059402,0.9846863034725724,0.2806157080340199,8.104491124977358,0.27947345800930634,0.0659266670118086,0.017444083001464605,0.19610270799603313,8.170417791989166,0.21354679099749774,0.0,0.0,0.0,0.0,8.822919500002172,,,inc0051_retrieval_amortization_screen_HOPF_PHI2_RET_P1_Q01_seed0_20260306_114357,master,,retrieval chart iters=40 | query_repeats=1
2026-03-06T11:59:32,True,,1.0,inc0051_retrieval_amortization_screen_HOPF_PHI2_RET_P1_Q01_seed1_20260306_114601.log,1,,routed_probe,1,phase4d_hopf_fib_band,"0,1","0,2,4,6","1,3",0.0,radial,10,0,1,0,32,4,0.0,40,0.0038491766493055544,0.004331851050967262,0.044,0.9813225011705972,0.9795752930983952,0.0,16,16,0,0,2059.826666666667,0.34330444444444447,1.0,1,6.853960999986157,0.5422848340240307,0.5422848340240307,7.3962458340101875,512,0.0529795025902569,0.026489751313469413,0.038373923682344165,0.07189327193499445,0.024560988079466807,0.8557884434169353,0.2881490000290796,6.572610041999724,0.8236357920104638,0.28135095798643306,0.09472574997926131,0.4475590840447694,6.853960999986157,0.5422848340240307,0.0,0.0,0.0,0.0,8.456633833004162,,,inc0051_retrieval_amortization_screen_HOPF_PHI2_RET_P1_Q01_seed1_20260306_114601,master,,retrieval chart iters=40 | query_repeats=1
2026-03-06T11:59:32,True,,1.0,inc0051_retrieval_amortization_screen_HOPF_PHI2_RET_P1_Q08_seed0_20260306_114407.log,0,,routed_probe,8,phase4d_hopf_fib_band,"0,1","0,2,4,6","1,3",0.0,radial,10,0,1,0,32,4,0.0,40,0.003848100911458332,0.004320812406994048,0.047,0.9813331632968344,0.9798542331997282,0.0,16,16,0,0,2038.075,0.3396791666666667,1.0,8,6.692030916980002,1.9235887499526143,0.2404485937440768,1.076952458366577,512,0.020781699830971855,0.010390849906451663,0.03540110882145332,0.02781836091795957,0.009533330046059402,0.9846863034725724,0.2851637920248322,6.6301077919779345,1.9855118749546818,0.061923125002067536,0.22071933309780434,1.70286941685481,6.692030916980002,1.9235887499526143,0.0,0.0,0.0,0.0,9.080808833998162,,,inc0051_retrieval_amortization_screen_HOPF_PHI2_RET_P1_Q08_seed0_20260306_114407,master,,retrieval chart iters=40 | query_repeats=8
2026-03-06T11:59:32,True,,1.0,inc0051_retrieval_amortization_screen_HOPF_PHI2_RET_P1_Q08_seed1_20260306_114611.log,1,,routed_probe,8,phase4d_hopf_fib_band,"0,1","0,2,4,6","1,3",0.0,radial,10,0,1,0,32,4,0.0,40,0.0038491766493055544,0.004331851050967262,0.044,0.9813225011705972,0.9795752930983952,0.0,16,16,0,0,2059.826666666667,0.34330444444444447,1.0,8,8.674543583008926,1.9587532099685632,0.2448441512460704,1.3291620991221862,512,0.0529795025902569,0.026489751313469413,0.038373923682344165,0.07189327193499445,0.024560988079466807,0.8557884434169353,0.270111917052418,8.622989708033856,2.0103070849436335,0.05155387497507036,0.20801404298981652,1.7507391669787467,8.674543583008926,1.9587532099685632,0.0,0.0,0.0,0.0,11.085977540991735,,,inc0051_retrieval_amortization_screen_HOPF_PHI2_RET_P1_Q08_seed1_20260306_114611,master,,retrieval chart iters=40 | query_repeats=8
2026-03-06T11:59:32,True,,1.0,inc0051_retrieval_amortization_screen_HOPF_PHI2_RET_P1_Q16_seed0_20260306_114416.log,0,,routed_probe,16,phase4d_hopf_fib_band,"0,1","0,2,4,6","1,3",0.0,radial,10,0,1,0,32,4,0.0,40,0.003848100911458332,0.004320812406994048,0.047,0.9813331632968344,0.9798542331997282,0.0,16,16,0,0,2038.075,0.3396791666666667,1.0,16,7.659734540968202,7.8896329560666345,0.49310205975416466,0.9718354685646773,512,0.020781699830971855,0.010390849906451663,0.03540110882145332,0.02781836091795957,0.009533330046059402,0.9846863034725724,0.28565425000851974,7.561639624997042,7.987727872037794,0.09809491597115993,1.0332083320827223,6.856424623983912,7.659734540968202,7.8896329560666345,0.0,0.0,0.0,0.0,16.179408374999184,,,inc0051_retrieval_amortization_screen_HOPF_PHI2_RET_P1_Q16_seed0_20260306_114416,master,,retrieval chart iters=40 | query_repeats=16
2026-03-06T11:59:32,True,,1.0,inc0051_retrieval_amortization_screen_HOPF_PHI2_RET_P1_Q16_seed1_20260306_114623.log,1,,routed_probe,16,phase4d_hopf_fib_band,"0,1","0,2,4,6","1,3",0.0,radial,10,0,1,0,32,4,0.0,40,0.0038491766493055544,0.004331851050967262,0.044,0.9813225011705972,0.9795752930983952,0.0,16,16,0,0,2059.826666666667,0.34330444444444447,1.0,16,7.017786375014111,5.348317000782117,0.33426981254888233,0.7728814609872643,512,0.0529795025902569,0.026489751313469413,0.038373923682344165,0.07189327193499445,0.024560988079466807,0.8557884434169353,0.27632008300861344,6.959535583038814,5.406567792757414,0.058250791975297034,0.5783220838638954,4.769994916918222,7.017786375014111,5.348317000782117,0.0,0.0,0.0,0.0,12.884436541004106,,,inc0051_retrieval_amortization_screen_HOPF_PHI2_RET_P1_Q16_seed1_20260306_114623,master,,retrieval chart iters=40 | query_repeats=16
2026-03-06T11:59:32,True,,1.0,inc0051_retrieval_amortization_screen_HOPF_PHI2_RET_P1_Q24_seed0_20260306_114432.log,0,,routed_probe,24,phase4d_hopf_fib_band,"0,1","0,2,4,6","1,3",0.0,radial,10,0,1,0,32,4,0.0,40,0.003848100911458332,0.004320812406994048,0.047,0.9813331632968344,0.9798542331997282,0.0,16,16,0,0,2038.075,0.3396791666666667,1.0,24,6.488906083046459,7.050721085688565,0.29378004523702356,0.564151132030626,512,0.020781699830971855,0.010390849906451663,0.03540110882145332,0.02781836091795957,0.009533330046059402,0.9846863034725724,0.3099804170196876,6.4352822080254555,7.104344960709568,0.05362387502100319,0.7208125027827919,6.329908582905773,6.488906083046459,7.050721085688565,0.0,0.0,0.0,0.0,14.095647957990877,,,inc0051_retrieval_amortization_screen_HOPF_PHI2_RET_P1_Q24_seed0_20260306_114432,master,,retrieval chart iters=40 | query_repeats=24
2026-03-06T11:59:32,True,,1.0,inc0051_retrieval_amortization_screen_HOPF_PHI2_RET_P1_Q24_seed1_20260306_114636.log,1,,routed_probe,24,phase4d_hopf_fib_band,"0,1","0,2,4,6","1,3",0.0,radial,10,0,1,0,32,4,0.0,40,0.0038491766493055544,0.004331851050967262,0.044,0.9813225011705972,0.9795752930983952,0.0,16,16,0,0,2059.826666666667,0.34330444444444447,1.0,24,8.247174750023987,8.507016296091024,0.354459012337126,0.6980912935881255,512,0.0529795025902569,0.026489751313469413,0.038373923682344165,0.07189327193499445,0.024560988079466807,0.8557884434169353,0.3318325839936733,8.065037792024668,8.689153254090343,0.18213695799931884,1.1497973750228994,7.3572189210681245,8.247174750023987,8.507016296091024,0.0,0.0,0.0,0.0,17.552585124969482,,,inc0051_retrieval_amortization_screen_HOPF_PHI2_RET_P1_Q24_seed1_20260306_114636,master,,retrieval chart iters=40 | query_repeats=24
2026-03-06T11:59:32,True,,1.0,inc0051_retrieval_amortization_screen_HOPF_RET_P1_Q01_seed0_20260306_114311.log,0,,routed_probe,1,phase4d_hopf,"0,1","0,2,4,6","1,3",0.0,radial,10,0,1,0,32,4,0.0,40,0.003848100911458332,0.004320068359375,0.049,0.9831308657722189,0.9826167164505993,0.0,8,8,0,0,2059.4103333333333,0.34323505555555556,1.0,1,8.57009641599143,0.4619732500286773,0.4619732500286773,9.032069666020107,512,0.044205246938542546,0.022102623461880664,0.026341155704174956,0.0781235113781435,0.02668923322830707,0.9266273829092818,0.2768028340069577,8.50967254099669,0.5223971250234172,0.06042387499473989,0.038369459041859955,0.42360379098681733,8.57009641599143,0.4619732500286773,0.0,0.0,0.0,0.0,9.532498583954293,,,inc0051_retrieval_amortization_screen_HOPF_RET_P1_Q01_seed0_20260306_114311,master,,retrieval chart iters=40 | query_repeats=1
2026-03-06T11:59:32,True,,1.0,inc0051_retrieval_amortization_screen_HOPF_RET_P1_Q01_seed1_20260306_114514.log,1,,routed_probe,1,phase4d_hopf,"0,1","0,2,4,6","1,3",0.0,radial,10,0,1,0,32,4,0.0,40,0.0038491766493055544,0.004330362955729167,0.046,0.9833388359016793,0.9823296933325603,0.0,8,8,0,0,2126.7033333333334,0.35445055555555555,1.0,1,6.898080041981302,0.24795712501509115,0.24795712501509115,7.146037166996393,512,0.057193547841211216,0.028596773936049136,0.07069708863754945,0.08037888912906604,0.0275362366731846,0.9404156188738555,0.3004790830309503,6.846803624997847,0.29923354199854657,0.05127641698345542,0.0214087080094032,0.22654841700568795,6.898080041981302,0.24795712501509115,0.0,0.0,0.0,0.0,7.610641583043616,,,inc0051_retrieval_amortization_screen_HOPF_RET_P1_Q01_seed1_20260306_114514,master,,retrieval chart iters=40 | query_repeats=1
2026-03-06T11:59:32,True,,1.0,inc0051_retrieval_amortization_screen_HOPF_RET_P1_Q08_seed0_20260306_114321.log,0,,routed_probe,8,phase4d_hopf,"0,1","0,2,4,6","1,3",0.0,radial,10,0,1,0,32,4,0.0,40,0.003848100911458332,0.004320068359375,0.049,0.9831308657722189,0.9826167164505993,0.0,8,8,0,0,2059.4103333333333,0.34323505555555556,1.0,8,8.394250667013694,3.2109652070794255,0.4013706508849282,1.4506519842616399,512,0.044205246938542546,0.022102623461880664,0.026341155704174956,0.0781235113781435,0.02668923322830707,0.9266273829092818,0.31985987501684576,8.351629666984081,3.253586207109038,0.04262100002961233,0.3487903730128892,2.8621748340665363,8.394250667013694,3.2109652070794255,0.0,0.0,0.0,0.0,12.120842625037767,,,inc0051_retrieval_amortization_screen_HOPF_RET_P1_Q08_seed0_20260306_114321,master,,retrieval chart iters=40 | query_repeats=8
2026-03-06T11:59:32,True,,1.0,inc0051_retrieval_amortization_screen_HOPF_RET_P1_Q08_seed1_20260306_114522.log,1,,routed_probe,8,phase4d_hopf,"0,1","0,2,4,6","1,3",0.0,radial,10,0,1,0,32,4,0.0,40,0.0038491766493055544,0.004330362955729167,0.046,0.9833388359016793,0.9823296933325603,0.0,8,8,0,0,2126.7033333333334,0.35445055555555555,1.0,8,7.21567549998872,3.376954581879545,0.4221193227349431,1.324078760233533,512,0.057193547841211216,0.028596773936049136,0.07069708863754945,0.08037888912906604,0.0275362366731846,0.9404156188738555,0.28171712497714907,7.148983624996617,3.4436464568716474,0.06669187499210238,0.49254383292282,2.884410748956725,7.21567549998872,3.376954581879545,0.0,0.0,0.0,0.0,11.125221791968215,,,inc0051_retrieval_amortization_screen_HOPF_RET_P1_Q08_seed1_20260306_114522,master,,retrieval chart iters=40 | query_repeats=8
2026-03-06T11:59:32,True,,1.0,inc0051_retrieval_amortization_screen_HOPF_RET_P1_Q16_seed0_20260306_114333.log,0,,routed_probe,16,phase4d_hopf,"0,1","0,2,4,6","1,3",0.0,radial,10,0,1,0,32,4,0.0,40,0.003848100911458332,0.004320068359375,0.049,0.9831308657722189,0.9826167164505993,0.0,8,8,0,0,2059.4103333333333,0.34323505555555556,1.0,16,7.153492166951764,3.8310761289321817,0.23944225805826136,0.6865355184927466,512,0.044205246938542546,0.022102623461880664,0.026341155704174956,0.0781235113781435,0.02668923322830707,0.9266273829092818,0.32787341700168326,7.030311958980747,3.9542563369031996,0.12318020797101781,0.44697579386411235,3.3841003350680694,7.153492166951764,3.8310761289321817,0.0,0.0,0.0,0.0,11.494816958031151,,,inc0051_retrieval_amortization_screen_HOPF_RET_P1_Q16_seed0_20260306_114333,master,,retrieval chart iters=40 | query_repeats=16
2026-03-06T11:59:32,True,,1.0,inc0051_retrieval_amortization_screen_HOPF_RET_P1_Q16_seed1_20260306_114533.log,1,,routed_probe,16,phase4d_hopf,"0,1","0,2,4,6","1,3",0.0,radial,10,0,1,0,32,4,0.0,40,0.0038491766493055544,0.004330362955729167,0.046,0.9833388359016793,0.9823296933325603,0.0,8,8,0,0,2126.7033333333334,0.35445055555555555,1.0,16,7.739186832972337,4.5715745010529645,0.2857234063158103,0.7694225833765813,512,0.057193547841211216,0.028596773936049136,0.07069708863754945,0.08037888912906604,0.0275362366731846,0.9404156188738555,0.29414941696450114,7.659663124999497,4.651098209025804,0.07952370797283947,0.5971232510055415,3.974451250047423,7.739186832972337,4.5715745010529645,0.0,0.0,0.0,0.0,12.811143208993599,,,inc0051_retrieval_amortization_screen_HOPF_RET_P1_Q16_seed1_20260306_114533,master,,retrieval chart iters=40 | query_repeats=16
2026-03-06T11:59:32,True,,1.0,inc0051_retrieval_amortization_screen_HOPF_RET_P1_Q24_seed0_20260306_114345.log,0,,routed_probe,24,phase4d_hopf,"0,1","0,2,4,6","1,3",0.0,radial,10,0,1,0,32,4,0.0,40,0.003848100911458332,0.004320068359375,0.049,0.9831308657722189,0.9826167164505993,0.0,8,8,0,0,2059.4103333333333,0.34323505555555556,1.0,24,6.1495557079906575,5.748015915160067,0.23950066313166948,0.49573215096461354,512,0.044205246938542546,0.022102623461880664,0.026341155704174956,0.0781235113781435,0.02668923322830707,0.9266273829092818,0.27804937498876825,6.1011700829840265,5.796401540166698,0.04838562500663102,0.6419109590933658,5.106104956066702,6.1495557079906575,5.748015915160067,0.0,0.0,0.0,0.0,12.374829125008546,,,inc0051_retrieval_amortization_screen_HOPF_RET_P1_Q24_seed0_20260306_114345,master,,retrieval chart iters=40 | query_repeats=24
2026-03-06T11:59:32,True,,1.0,inc0051_retrieval_amortization_screen_HOPF_RET_P1_Q24_seed1_20260306_114547.log,1,,routed_probe,24,phase4d_hopf,"0,1","0,2,4,6","1,3",0.0,radial,10,0,1,0,32,4,0.0,40,0.0038491766493055544,0.004330362955729167,0.046,0.9833388359016793,0.9823296933325603,0.0,8,8,0,0,2126.7033333333334,0.35445055555555555,1.0,24,8.206511832948308,5.811788916413207,0.24215787151721693,0.5840958645567298,512,0.057193547841211216,0.028596773936049136,0.07069708863754945,0.08037888912906604,0.0275362366731846,0.9404156188738555,0.33677412499673665,8.12949599995045,5.888804749411065,0.07701583299785852,0.6972309582051821,5.1145579582080245,8.206511832948308,5.811788916413207,0.0,0.0,0.0,0.0,14.626015957968775,,,inc0051_retrieval_amortization_screen_HOPF_RET_P1_Q24_seed1_20260306_114547,master,,retrieval chart iters=40 | query_repeats=24
2026-03-06T11:59:32,True,,1.0,inc0052_retrieval_amortization_confirm_DENSE_Q24_seed0_20260306_115458.log,0,,dense_exact,24,kmeans,"0,1","0,2,4,6","1,3",0.0,radial,10,0,0,0,32,4,0.0,40,0.003848100911458332,0.004313924153645833,0.050333333333333334,0.0038455110677083327,0.003848100911458332,0.0,1,1,0,0,6000.0,1.0,0.0,24,0.0,14.309158375952393,0.5962149323313497,0.5962149323313497,512,0.0,0.0,1.0,0.0,0.0,1.0,0.3338614589883946,0.0,14.309158375952393,0.0,0.0,14.309158375952393,0.0,14.309158375952393,0.0,0.0,0.0,0.0,14.687532416952308,,,inc0052_retrieval_amortization_confirm_DENSE_Q24_seed0_20260306_115458,master,,dense exact retrieval baseline | query_repeats=24
2026-03-06T11:59:32,True,,1.0,inc0052_retrieval_amortization_confirm_DENSE_Q24_seed1_20260306_115620.log,1,,dense_exact,24,kmeans,"0,1","0,2,4,6","1,3",0.0,radial,10,0,0,0,32,4,0.0,40,0.0038491766493055544,0.004323527018229167,0.049,0.0038460611979166674,0.0038491766493055544,0.0,1,1,0,0,6000.0,1.0,0.0,24,0.0,10.186708459048532,0.4244461857936888,0.4244461857936888,512,0.0,0.0,1.0,0.0,0.0,1.0,0.2824217500165105,0.0,10.186708459048532,0.0,0.0,10.186708459048532,0.0,10.186708459048532,0.0,0.0,0.0,0.0,10.509314333030488,,,inc0052_retrieval_amortization_confirm_DENSE_Q24_seed1_20260306_115620,codex/RR-052-retrieval-amortization-confirm,,dense exact retrieval baseline | query_repeats=24
2026-03-06T11:59:32,True,,1.0,inc0052_retrieval_amortization_confirm_DENSE_Q24_seed2_20260306_115722.log,2,,dense_exact,24,kmeans,"0,1","0,2,4,6","1,3",0.0,radial,10,0,0,0,32,4,0.0,40,0.0038460221354166655,0.0043260498046875,0.04666666666666667,0.003844187934027779,0.0038460221354166655,0.0,1,1,0,0,6000.0,1.0,0.0,24,0.0,10.802803795028012,0.4501168247928338,0.4501168247928338,512,0.0,0.0,1.0,0.0,0.0,1.0,0.2932491669780575,0.0,10.802803795028012,0.0,0.0,10.802803795028012,0.0,10.802803795028012,0.0,0.0,0.0,0.0,11.119840750005096,,,inc0052_retrieval_amortization_confirm_DENSE_Q24_seed2_20260306_115722,codex/RR-052-retrieval-amortization-confirm,,dense exact retrieval baseline | query_repeats=24
2026-03-06T11:59:32,True,,1.0,inc0052_retrieval_amortization_confirm_DENSE_Q24_seed3_20260306_115831.log,3,,dense_exact,24,kmeans,"0,1","0,2,4,6","1,3",0.0,radial,10,0,0,0,32,4,0.0,40,0.003845680121527777,0.004323649088541667,0.048666666666666664,0.0038438736979166657,0.003845680121527777,0.0,1,1,0,0,6000.0,1.0,0.0,24,0.0,13.190280585957225,0.5495950244148844,0.5495950244148844,512,0.0,0.0,1.0,0.0,0.0,1.0,0.3234697080333717,0.0,13.190280585957225,0.0,0.0,13.190280585957225,0.0,13.190280585957225,0.0,0.0,0.0,0.0,13.540397208998911,,,inc0052_retrieval_amortization_confirm_DENSE_Q24_seed3_20260306_115831,codex/RR-052-retrieval-amortization-confirm,,dense exact retrieval baseline | query_repeats=24
2026-03-06T11:59:32,True,,1.0,inc0052_retrieval_amortization_confirm_DENSE_Q32_seed0_20260306_115513.log,0,,dense_exact,32,kmeans,"0,1","0,2,4,6","1,3",0.0,radial,10,0,0,0,32,4,0.0,40,0.003848100911458332,0.004313924153645833,0.050333333333333334,0.0038455110677083327,0.003848100911458332,0.0,1,1,0,0,6000.0,1.0,0.0,32,0.0,21.398791542917024,0.668712235716157,0.668712235716157,512,0.0,0.0,1.0,0.0,0.0,1.0,0.35578170901862904,0.0,21.398791542917024,0.0,0.0,21.398791542917024,0.0,21.398791542917024,0.0,0.0,0.0,0.0,21.785576209018473,,,inc0052_retrieval_amortization_confirm_DENSE_Q32_seed0_20260306_115513,master,,dense exact retrieval baseline | query_repeats=32
2026-03-06T11:59:32,True,,1.0,inc0052_retrieval_amortization_confirm_DENSE_Q32_seed1_20260306_115631.log,1,,dense_exact,32,kmeans,"0,1","0,2,4,6","1,3",0.0,radial,10,0,0,0,32,4,0.0,40,0.0038491766493055544,0.004323527018229167,0.049,0.0038460611979166674,0.0038491766493055544,0.0,1,1,0,0,6000.0,1.0,0.0,32,0.0,17.020918418071233,0.531903700564726,0.531903700564726,512,0.0,0.0,1.0,0.0,0.0,1.0,0.2856752499938011,0.0,17.020918418071233,0.0,0.0,17.020918418071233,0.0,17.020918418071233,0.0,0.0,0.0,0.0,17.33431487501366,,,inc0052_retrieval_amortization_confirm_DENSE_Q32_seed1_20260306_115631,codex/RR-052-retrieval-amortization-confirm,,dense exact retrieval baseline | query_repeats=32
2026-03-06T11:59:32,True,,1.0,inc0052_retrieval_amortization_confirm_DENSE_Q32_seed2_20260306_115734.log,2,,dense_exact,32,kmeans,"0,1","0,2,4,6","1,3",0.0,radial,10,0,0,0,32,4,0.0,40,0.0038460221354166655,0.0043260498046875,0.04666666666666667,0.003844187934027779,0.0038460221354166655,0.0,1,1,0,0,6000.0,1.0,0.0,32,0.0,20.33616137417266,0.6355050429428957,0.6355050429428957,512,0.0,0.0,1.0,0.0,0.0,1.0,0.29682058398611844,0.0,20.33616137417266,0.0,0.0,20.33616137417266,0.0,20.33616137417266,0.0,0.0,0.0,0.0,20.66101370798424,,,inc0052_retrieval_amortization_confirm_DENSE_Q32_seed2_20260306_115734,codex/RR-052-retrieval-amortization-confirm,,dense exact retrieval baseline | query_repeats=32
2026-03-06T11:59:32,True,,1.0,inc0052_retrieval_amortization_confirm_DENSE_Q32_seed3_20260306_115845.log,3,,dense_exact,32,kmeans,"0,1","0,2,4,6","1,3",0.0,radial,10,0,0,0,32,4,0.0,40,0.003845680121527777,0.004323649088541667,0.048666666666666664,0.0038438736979166657,0.003845680121527777,0.0,1,1,0,0,6000.0,1.0,0.0,32,0.0,12.745409711147659,0.39829405347336433,0.39829405347336433,512,0.0,0.0,1.0,0.0,0.0,1.0,0.2870627499651164,0.0,12.745409711147659,0.0,0.0,12.745409711147659,0.0,12.745409711147659,0.0,0.0,0.0,0.0,13.05959045799682,,,inc0052_retrieval_amortization_confirm_DENSE_Q32_seed3_20260306_115845,codex/RR-052-retrieval-amortization-confirm,,dense exact retrieval baseline | query_repeats=32
2026-03-06T11:59:32,True,,1.0,inc0052_retrieval_amortization_confirm_HOPF_RET_P1_Q24_seed0_20260306_115535.log,0,,routed_probe,24,phase4d_hopf,"0,1","0,2,4,6","1,3",0.0,radial,10,0,1,0,32,4,0.0,40,0.003848100911458332,0.004320068359375,0.049,0.9831308657722189,0.9826167164505993,0.0,8,8,0,0,2059.4103333333333,0.34323505555555556,1.0,24,7.56672395899659,6.479808297066484,0.26999201237777015,0.5852721773359614,512,0.044205246938542546,0.022102623461880664,0.026341155704174956,0.0781235113781435,0.02668923322830707,0.9266273829092818,0.34441091696498916,7.5140465419972315,6.532485714065842,0.052677416999358684,0.7268628359306604,5.752945461135823,7.56672395899659,6.479808297066484,0.0,0.0,0.0,0.0,14.6125919999904,,,inc0052_retrieval_amortization_confirm_HOPF_RET_P1_Q24_seed0_20260306_115535,master,,retrieval chart iters=40 | query_repeats=24
2026-03-06T11:59:32,True,,1.0,inc0052_retrieval_amortization_confirm_HOPF_RET_P1_Q24_seed1_20260306_115649.log,1,,routed_probe,24,phase4d_hopf,"0,1","0,2,4,6","1,3",0.0,radial,10,0,1,0,32,4,0.0,40,0.0038491766493055544,0.004330362955729167,0.046,0.9833388359016793,0.9823296933325603,0.0,8,8,0,0,2126.7033333333334,0.35445055555555555,1.0,24,7.162783583975397,5.90548995626159,0.2460620815108996,0.5445113975098744,512,0.057193547841211216,0.028596773936049136,0.07069708863754945,0.08037888912906604,0.0275362366731846,0.9404156188738555,0.3256471669883467,7.096521208994091,5.971752331242897,0.0662623749813065,0.7751848321640864,5.130305124097504,7.162783583975397,5.90548995626159,0.0,0.0,0.0,0.0,13.610472375003155,,,inc0052_retrieval_amortization_confirm_HOPF_RET_P1_Q24_seed1_20260306_115649,codex/RR-052-retrieval-amortization-confirm,,retrieval chart iters=40 | query_repeats=24
2026-03-06T11:59:32,True,,1.0,inc0052_retrieval_amortization_confirm_HOPF_RET_P1_Q24_seed2_20260306_115755.log,2,,routed_probe,24,phase4d_hopf,"0,1","0,2,4,6","1,3",0.0,radial,10,0,1,0,32,4,0.0,40,0.0038460221354166655,0.0043206787109375,0.048666666666666664,0.9827792215727122,0.9815249016767311,0.0,8,8,0,0,2106.836,0.3511393333333333,1.0,24,9.770016041002236,6.75007632910274,0.2812531803792808,0.6883371820877073,512,0.062326957163085166,0.03116347850978076,0.0378801546375553,0.09132179284064153,0.031362043352317286,0.8887316652325086,0.308484791952651,9.699543624999933,6.820548745105043,0.07047241600230336,0.7626893300330266,5.987386999069713,9.770016041002236,6.75007632910274,0.0,0.0,0.0,0.0,17.0726725840359,,,inc0052_retrieval_amortization_confirm_HOPF_RET_P1_Q24_seed2_20260306_115755,codex/RR-052-retrieval-amortization-confirm,,retrieval chart iters=40 | query_repeats=24
2026-03-06T11:59:32,True,,1.0,inc0052_retrieval_amortization_confirm_HOPF_RET_P1_Q24_seed3_20260306_115858.log,3,,routed_probe,24,phase4d_hopf,"0,1","0,2,4,6","1,3",0.0,radial,10,0,1,0,32,4,0.0,40,0.003845680121527777,0.004328857421875,0.043666666666666666,0.9827239802411326,0.9817940804838426,0.0,8,8,0,0,2132.645,0.3554408333333333,1.0,24,7.025955625984352,6.339324536907952,0.2641385223711647,0.556886673453846,512,0.04118664497649243,0.02059332248560987,0.03297734399856587,0.052869450468229884,0.018052168771342973,0.9399068817675457,0.28809083299711347,6.9269495839835145,6.43833057890879,0.09900604200083762,0.6633300399407744,5.675994496967178,7.025955625984352,6.339324536907952,0.0,0.0,0.0,0.0,13.893813459028024,,,inc0052_retrieval_amortization_confirm_HOPF_RET_P1_Q24_seed3_20260306_115858,codex/RR-052-retrieval-amortization-confirm,,retrieval chart iters=40 | query_repeats=24
2026-03-06T11:59:32,True,,1.0,inc0052_retrieval_amortization_confirm_HOPF_RET_P1_Q32_seed0_20260306_115550.log,0,,routed_probe,32,phase4d_hopf,"0,1","0,2,4,6","1,3",0.0,radial,10,0,1,0,32,4,0.0,40,0.003848100911458332,0.004320068359375,0.049,0.9831308657722189,0.9826167164505993,0.0,8,8,0,0,2059.4103333333333,0.34323505555555556,1.0,32,12.999812249967363,16.11908258195035,0.5037213306859485,0.9099654634974286,512,0.044205246938542546,0.022102623461880664,0.026341155704174956,0.0781235113781435,0.02668923322830707,0.9266273829092818,0.24397445801878348,12.864411249989644,16.25448358192807,0.13540099997771904,2.3067794971284457,13.812303084821906,12.999812249967363,16.11908258195035,0.0,0.0,0.0,0.0,30.033731292001903,,,inc0052_retrieval_amortization_confirm_HOPF_RET_P1_Q32_seed0_20260306_115550,codex/RR-052-retrieval-amortization-confirm,,retrieval chart iters=40 | query_repeats=32
2026-03-06T11:59:32,True,,1.0,inc0052_retrieval_amortization_confirm_HOPF_RET_P1_Q32_seed1_20260306_115702.log,1,,routed_probe,32,phase4d_hopf,"0,1","0,2,4,6","1,3",0.0,radial,10,0,1,0,32,4,0.0,40,0.0038491766493055544,0.004330362955729167,0.046,0.9833388359016793,0.9823296933325603,0.0,8,8,0,0,2126.7033333333334,0.35445055555555555,1.0,32,8.280641874007415,10.482556626142468,0.32757989456695213,0.5863499531296839,512,0.057193547841211216,0.028596773936049136,0.07069708863754945,0.08037888912906604,0.0275362366731846,0.9404156188738555,0.273133417009376,8.173961416003294,10.589237084146589,0.10668045800412074,1.4631299990578555,9.019426627084613,8.280641874007415,10.482556626142468,0.0,0.0,0.0,0.0,19.582976208010223,,,inc0052_retrieval_amortization_confirm_HOPF_RET_P1_Q32_seed1_20260306_115702,codex/RR-052-retrieval-amortization-confirm,,retrieval chart iters=40 | query_repeats=32
2026-03-06T11:59:32,True,,1.0,inc0052_retrieval_amortization_confirm_HOPF_RET_P1_Q32_seed2_20260306_115812.log,2,,routed_probe,32,phase4d_hopf,"0,1","0,2,4,6","1,3",0.0,radial,10,0,1,0,32,4,0.0,40,0.0038460221354166655,0.0043206787109375,0.048666666666666664,0.9827792215727122,0.9815249016767311,0.0,8,8,0,0,2106.836,0.3511393333333333,1.0,32,6.71918908302905,10.999937831948046,0.3437480572483764,0.5537227160930343,512,0.062326957163085166,0.03116347850978076,0.0378801546375553,0.09132179284064153,0.031362043352317286,0.8887316652325086,0.2608806670177728,6.655962000018917,11.063164914958179,0.06322708301013336,1.655493916827254,9.344443915120792,6.71918908302905,10.999937831948046,0.0,0.0,0.0,0.0,18.252318250015378,,,inc0052_retrieval_amortization_confirm_HOPF_RET_P1_Q32_seed2_20260306_115812,codex/RR-052-retrieval-amortization-confirm,,retrieval chart iters=40 | query_repeats=32
2026-03-06T11:59:32,True,,1.0,inc0052_retrieval_amortization_confirm_HOPF_RET_P1_Q32_seed3_20260306_115912.log,3,,routed_probe,32,phase4d_hopf,"0,1","0,2,4,6","1,3",0.0,radial,10,0,1,0,32,4,0.0,40,0.003845680121527777,0.004328857421875,0.043666666666666666,0.9827239802411326,0.9817940804838426,0.0,8,8,0,0,2132.645,0.3554408333333333,1.0,32,7.328135458054021,10.82876475120429,0.33839889847513405,0.5674031315393222,512,0.04118664497649243,0.02059332248560987,0.03297734399856587,0.052869450468229884,0.018052168771342973,0.9399068817675457,0.3567828329978511,7.249130458047148,10.907769751211163,0.07900500000687316,1.443155919027049,9.38560883217724,7.328135458054021,10.82876475120429,0.0,0.0,0.0,0.0,18.803807499993127,,,inc0052_retrieval_amortization_confirm_HOPF_RET_P1_Q32_seed3_20260306_115912,codex/RR-052-retrieval-amortization-confirm,,retrieval chart iters=40 | query_repeats=32
2026-03-06T11:59:32,True,,1.0,proxy_cmp_r0.log,0,,,,kmeans,"0,1","0,2,4,6","0,1",0.0,radial,10,0,1,1,32,4,50.0,120,0.004011698490572741,0.003945517295311803,,0.9793785260112768,0.9758441880289439,0.0,8,16,8,8,,,,,,,,,,,,,,,,0.3429974589962512,126.94628395797918,0.01635695801815018,,,,,,,,0.26814729103352875,0.48472858394961804,128.59938366699498,,,proxy_cmp_r0,master,,
2026-03-06T11:59:32,True,,1.0,proxy_cmp_r5b.log,0,,,,phase4d,"0,1","0,2,4,6","0,1",0.0,radial,10,0,1,1,32,4,50.0,120,0.003991731017494727,0.003914619658614855,,0.9840419896837216,0.9831154285714284,0.0,2,4,2,2,,,,,,,,,,,,,,,,0.3280844580149278,74.19880462496076,0.1394405830069445,,,,,,,,51.910664374998305,0.2983705830411054,127.1301519999979,,,proxy_cmp_r5b,master,,
2026-03-06T11:59:32,True,,1.0,smoke_single.log,0,anis,,,kmeans,"0,1","0,1,2,3","0,1",0.0,radial,8,0,1,1,20,4,0.0,40,0.49718249565616224,0.3544304001911081,,5.815255680098778,5.704293621254752,0.0,26,48,20,20,,,,,,,,,,,,,,,,0.0005160410073585808,0.08380904200021178,0.0019813329563476145,,,,,,,,0.024361833988223225,0.12577554199378937,0.2484597919974476,results/cache/chart_3ee983ad3cc1109f49296209587df5587f8a36a18c81828c76009a06e80ab892.npz,results/cache/routes_210f68524072d6676afb2dfa6d60303088be52c7670035d0a98e0e3433c7b3ee.npz,smoke_single,master,,
2026-03-06T11:59:32,True,,1.0,sweep_R0_confirm_seed0_20260305_123346.log,0,anis,,,kmeans,"0,1","0,1,2,3","0,1",0.0,radial,10,0,1,1,32,8,50.0,120,0.971525449353122,0.9408122277381631,,28.176769562872412,28.05936368499576,0.0,39,72,32,32,,,,,,,,,,,,,,,,0.0016120829968713224,0.0,0.0032302499748766422,,,,,,,,0.09149187500588596,0.49028116604313254,0.6276649580104277,results/cache/chart_d4e29a9a71f2e7a199b4826dfad8e2c697dff42f92ac95bce3eeca1a3eb1129b.npz,results/cache/routes_43a91ec4337b6ae3564b3338aeb59db0607d27f491ccb7ccde836c8c7c1cce12.npz,R0_confirm_seed0_20260305_123346,master,,chart cache hit | route cache hit
2026-03-06T11:59:32,True,,1.0,sweep_R0_confirm_seed0_20260305_125520.log,0,anis,,,kmeans,"0,1","0,1,2,3","0,1",0.0,radial,10,0,1,0,96,8,50.0,300,0.9397382308760663,0.8355809848603251,,28.35353544058694,28.143112306566167,0.0022222222222222222,61,159,96,96,,,,,,,,,,,,,,,,0.003257167001720518,0.0,0.0025307080359198153,,,,,,,,0.31758475000970066,4.38995637500193,4.800172667019069,results/cache/chart_cf2338718e3db5b278f29009737faf2a25ef22203e1f710c406cb57317baa7ff.npz,results/cache/routes_97d19ae6559ef86b6bfacaebe74e32563f04cda970f26bbf45fd29662ab326ea.npz,R0_confirm_seed0_20260305_125520,master,,chart cache hit | route cache hit
2026-03-06T11:59:32,True,,1.0,sweep_R0_confirm_seed0_20260305_130119.log,0,anis,,,kmeans,"0,1","0,1,2,3","0,1",0.0,radial,10,0,1,1,32,8,50.0,120,0.971525449353122,0.9408122277381631,,28.176769562872412,28.05936368499576,0.0,39,72,32,32,,,,,,,,,,,,,,,,0.004675749980378896,0.0,0.0013530830037780106,,,,,,,,0.07909933303017169,0.49306020798394457,0.6083034999901429,results/cache/chart_d4e29a9a71f2e7a199b4826dfad8e2c697dff42f92ac95bce3eeca1a3eb1129b.npz,results/cache/routes_43a91ec4337b6ae3564b3338aeb59db0607d27f491ccb7ccde836c8c7c1cce12.npz,R0_confirm_seed0_20260305_130119,master,,chart cache hit | route cache hit
2026-03-06T11:59:32,True,,1.0,sweep_R0_confirm_seed0_20260305_130415.log,0,anis,,,kmeans,"0,1","0,2,4,6","0,1",0.0,radial,10,0,1,0,96,8,50.0,300,0.9397382308760663,0.8355809848603251,,28.35353544058694,28.143112306566167,0.0022222222222222222,61,159,96,96,,,,,,,,,,,,,,,,0.003277250041719526,33.01460541598499,0.007170916011091322,,,,,,,,0.36565862502902746,4.5083893749979325,38.0232617079746,,,R0_confirm_seed0_20260305_130415,master,,
2026-03-06T11:59:32,True,,1.0,sweep_R0_confirm_seed0_20260305_131233.log,0,anis,,,kmeans,"0,1","0,2,4,6","0,1",0.0,radial,10,0,1,0,96,8,50.0,300,0.9397382308760663,0.8355809848603251,,28.35353544058694,28.143112306566167,0.0022222222222222222,61,159,96,96,,,,,,,,,,,,,,,,0.008317749947309494,36.20760445902124,0.0017139160190708935,,,,,,,,0.405178084038198,4.742869250010699,41.558565541985445,,,R0_confirm_seed0_20260305_131233,master,,
2026-03-06T11:59:32,True,,1.0,sweep_R0_confirm_seed0_20260305_134931.log,0,anis,,,kmeans,"0,1","0,2,4,6","0,1",0.0,radial,10,0,1,0,96,8,50.0,300,0.9238968731633765,0.8228546142806551,,28.215121177113005,27.966654428774238,0.0008333333333333334,83,183,96,96,,,,,,,,,,,,,,,,0.01031370897544548,38.25323833303992,0.0026711250538937747,,,,,,,,0.5657079580123536,8.787200915976427,47.75508216698654,,,R0_confirm_seed0_20260305_134931,master,,
2026-03-06T11:59:32,True,,1.0,sweep_R0_confirm_seed1_20260305_123347.log,1,anis,,,kmeans,"0,1","0,1,2,3","0,1",0.0,radial,10,0,1,1,32,8,50.0,120,0.9942526719673244,0.9532297292453553,,29.239344522848434,29.370559133628944,0.0,35,68,32,32,,,,,,,,,,,,,,,,0.0035049999714829028,0.8206482920213602,0.005233082978520542,,,,,,,,0.04745733400341123,0.45102829101961106,1.3487935829907656,results/cache/chart_8817c77d63528288cbacaa2e5450168d26c0e0ebd3cd6d6365fb558a6d202306.npz,results/cache/routes_e5c016af6d51c8305a2e15bd8a3b4c0bc15267ea6b3a4ea56f91c93ab68d9865.npz,R0_confirm_seed1_20260305_123347,master,,
2026-03-06T11:59:32,True,,1.0,sweep_R0_confirm_seed1_20260305_125525.log,1,anis,,,kmeans,"0,1","0,1,2,3","0,1",0.0,radial,10,0,1,0,96,8,50.0,300,0.9560994642358585,0.8449259657379381,,28.455180709281173,28.506341418591727,0.0,59,158,96,96,,,,,,,,,,,,,,,,0.005533749994356185,21.720316749997437,0.021125916042365134,,,,,,,,0.32954766700277105,4.307760124967899,26.47420570795657,results/cache/chart_a0dceb16cbfb0e1e13281c2b1e3d8da88afcb40a91d2c8104e783b18e78c48ff.npz,results/cache/routes_5e06d893e2ba949fa5fd9471d77bb6c537cbf30f799b744410a214186ad06745.npz,R0_confirm_seed1_20260305_125525,master,,
2026-03-06T11:59:32,True,,1.0,sweep_R0_confirm_seed1_20260305_130120.log,1,anis,,,kmeans,"0,1","0,1,2,3","0,1",0.0,radial,10,0,1,1,32,8,50.0,120,0.9942526719673244,0.9532297292453553,,29.239344522848434,29.370559133628944,0.0,35,68,32,32,,,,,,,,,,,,,,,,0.0016834589769132435,0.0,0.0030918330303393304,,,,,,,,0.0916863750317134,0.49883470800705254,0.6324394170078449,results/cache/chart_8817c77d63528288cbacaa2e5450168d26c0e0ebd3cd6d6365fb558a6d202306.npz,results/cache/routes_e5c016af6d51c8305a2e15bd8a3b4c0bc15267ea6b3a4ea56f91c93ab68d9865.npz,R0_confirm_seed1_20260305_130120,master,,chart cache hit | route cache hit
2026-03-06T11:59:32,True,,1.0,sweep_R0_confirm_seed1_20260305_130453.log,1,anis,,,kmeans,"0,1","0,2,4,6","0,1",0.0,radial,10,0,1,0,96,8,50.0,300,0.9560994642358585,0.8449259657379381,,28.455180709281173,28.506341418591727,0.0,59,158,96,96,,,,,,,,,,,,,,,,0.007423457980621606,27.664212834031787,0.002335791999939829,,,,,,,,0.3418350419960916,4.452808875008486,32.57960929197725,,,R0_confirm_seed1_20260305_130453,master,,
2026-03-06T11:59:32,True,,1.0,sweep_R0_confirm_seed1_20260305_131315.log,1,anis,,,kmeans,"0,1","0,2,4,6","0,1",0.0,radial,10,0,1,0,96,8,50.0,300,0.9560994642358585,0.8449259657379381,,28.455180709281173,28.506341418591727,0.0,59,158,96,96,,,,,,,,,,,,,,,,0.009278499986976385,34.657837000035215,0.0013002089690417051,,,,,,,,0.36763116699876264,4.1864711660309695,39.32918616698589,,,R0_confirm_seed1_20260305_131315,master,,
2026-03-06T11:59:32,True,,1.0,sweep_R0_confirm_seed1_20260305_135019.log,1,anis,,,kmeans,"0,1","0,2,4,6","0,1",0.0,radial,10,0,1,0,96,8,50.0,300,0.957341330852481,0.8263452549445869,,28.71278200663124,28.96699320387204,0.0002777777777777778,60,159,96,96,,,,,,,,,,,,,,,,0.005882749974261969,52.41616908297874,0.027154124982189387,,,,,,,,0.8133628329960629,10.252836416999344,63.88935983297415,,,R0_confirm_seed1_20260305_135019,master,,
2026-03-06T11:59:32,True,,1.0,sweep_R0_finalize_seed0_20260305_123349.log,0,anis,,,kmeans,"0,1","0,1,2,3","0,1",0.0,radial,10,0,1,1,32,8,50.0,120,0.971525449353122,0.9408122277381631,,28.176769562872412,28.05936368499576,0.0,39,72,32,32,,,,,,,,,,,,,,,,0.0017502499977126718,0.0,0.0013787909992970526,,,,,,,,0.1372644580551423,0.4585388750419952,0.6309599159867503,results/cache/chart_d4e29a9a71f2e7a199b4826dfad8e2c697dff42f92ac95bce3eeca1a3eb1129b.npz,results/cache/routes_43a91ec4337b6ae3564b3338aeb59db0607d27f491ccb7ccde836c8c7c1cce12.npz,R0_finalize_seed0_20260305_123349,master,,chart cache hit | route cache hit
2026-03-06T11:59:32,True,,1.0,sweep_R0_finalize_seed0_20260305_125551.log,0,anis,,,kmeans,"0,1","0,1,2,3","0,1",0.0,radial,10,0,1,0,96,8,50.0,300,0.9397382308760663,0.8355809848603251,,28.35353544058694,28.143112306566167,0.0022222222222222222,61,159,96,96,,,,,,,,,,,,,,,,0.008759792021010071,0.0,0.0024760839878581464,,,,,,,,0.35890225000912324,4.4971387080149725,4.9567246660008095,results/cache/chart_cf2338718e3db5b278f29009737faf2a25ef22203e1f710c406cb57317baa7ff.npz,results/cache/routes_97d19ae6559ef86b6bfacaebe74e32563f04cda970f26bbf45fd29662ab326ea.npz,R0_finalize_seed0_20260305_125551,master,,chart cache hit | route cache hit
2026-03-06T11:59:32,True,,1.0,sweep_R0_finalize_seed0_20260305_130121.log,0,anis,,,kmeans,"0,1","0,1,2,3","0,1",0.0,radial,10,0,1,1,32,8,50.0,120,0.971525449353122,0.9408122277381631,,28.176769562872412,28.05936368499576,0.0,39,72,32,32,,,,,,,,,,,,,,,,0.0038896250189282,0.0,0.0024506659829057753,,,,,,,,0.06555779196787626,0.5001967499847524,0.6053874579956755,results/cache/chart_d4e29a9a71f2e7a199b4826dfad8e2c697dff42f92ac95bce3eeca1a3eb1129b.npz,results/cache/routes_43a91ec4337b6ae3564b3338aeb59db0607d27f491ccb7ccde836c8c7c1cce12.npz,R0_finalize_seed0_20260305_130121,master,,chart cache hit | route cache hit
2026-03-06T11:59:32,True,,1.0,sweep_R0_finalize_seed0_20260305_130526.log,0,anis,,,kmeans,"0,1","0,2,4,6","0,1",0.0,radial,10,0,1,0,96,8,50.0,300,0.9397382308760663,0.8355809848603251,,28.35353544058694,28.143112306566167,0.0022222222222222222,61,159,96,96,,,,,,,,,,,,,,,,0.011846166977193207,27.957346124981996,0.0008183749741874635,,,,,,,,0.35924241598695517,4.929216374992393,33.3834502499667,,,R0_finalize_seed0_20260305_130526,master,,
2026-03-06T11:59:32,True,,1.0,sweep_R0_finalize_seed0_20260305_131355.log,0,anis,,,kmeans,"0,1","0,2,4,6","0,1",0.0,radial,10,0,1,0,96,8,50.0,300,0.9397382308760663,0.8355809848603251,,28.35353544058694,28.143112306566167,0.0022222222222222222,61,159,96,96,,,,,,,,,,,,,,,,0.005299707991071045,28.246277583006304,0.0027574580162763596,,,,,,,,0.36120624997420236,4.391887166944798,33.122100625012536,,,R0_finalize_seed0_20260305_131355,master,,
2026-03-06T11:59:32,True,,1.0,sweep_R0_finalize_seed0_20260305_135123.log,0,anis,,,kmeans,"0,1","0,2,4,6","0,1",0.0,radial,10,0,1,0,96,8,50.0,300,0.9238968731633765,0.8228546142806551,,28.215121177113005,27.966654428774238,0.0008333333333333334,83,183,96,96,,,,,,,,,,,,,,,,0.009673250024206936,45.63799400004791,0.0019447910017333925,,,,,,,,0.5998161250026897,8.929321500007063,55.43334000004688,,,R0_finalize_seed0_20260305_135123,master,,
2026-03-06T11:59:32,True,,1.0,sweep_R0_finalize_seed1_20260305_123349.log,1,anis,,,kmeans,"0,1","0,1,2,3","0,1",0.0,radial,10,0,1,1,32,8,50.0,120,0.9942526719673244,0.9532297292453553,,29.239344522848434,29.370559133628944,0.0,35,68,32,32,,,,,,,,,,,,,,,,0.0016634580097161233,0.0,0.0015255410107783973,,,,,,,,0.1005525000509806,0.48730400000931695,0.6320847500464879,results/cache/chart_8817c77d63528288cbacaa2e5450168d26c0e0ebd3cd6d6365fb558a6d202306.npz,results/cache/routes_e5c016af6d51c8305a2e15bd8a3b4c0bc15267ea6b3a4ea56f91c93ab68d9865.npz,R0_finalize_seed1_20260305_123349,master,,chart cache hit | route cache hit
2026-03-06T11:59:32,True,,1.0,sweep_R0_finalize_seed1_20260305_125556.log,1,anis,,,kmeans,"0,1","0,1,2,3","0,1",0.0,radial,10,0,1,0,96,8,50.0,300,0.9560994642358585,0.8449259657379381,,28.455180709281173,28.506341418591727,0.0,59,158,96,96,,,,,,,,,,,,,,,,0.009316874959040433,0.0,0.0025237079826183617,,,,,,,,0.36207383300643414,4.3652212920133024,4.831946792022791,results/cache/chart_a0dceb16cbfb0e1e13281c2b1e3d8da88afcb40a91d2c8104e783b18e78c48ff.npz,results/cache/routes_5e06d893e2ba949fa5fd9471d77bb6c537cbf30f799b744410a214186ad06745.npz,R0_finalize_seed1_20260305_125556,master,,chart cache hit | route cache hit
2026-03-06T11:59:32,True,,1.0,sweep_R0_finalize_seed1_20260305_130122.log,1,anis,,,kmeans,"0,1","0,1,2,3","0,1",0.0,radial,10,0,1,1,32,8,50.0,120,0.9942526719673244,0.9532297292453553,,29.239344522848434,29.370559133628944,0.0,35,68,32,32,,,,,,,,,,,,,,,,0.0023901669774204493,0.0,0.0017564999870955944,,,,,,,,0.09712991601554677,0.48285345803014934,0.6237257499597035,results/cache/chart_8817c77d63528288cbacaa2e5450168d26c0e0ebd3cd6d6365fb558a6d202306.npz,results/cache/routes_e5c016af6d51c8305a2e15bd8a3b4c0bc15267ea6b3a4ea56f91c93ab68d9865.npz,R0_finalize_seed1_20260305_130122,master,,chart cache hit | route cache hit
2026-03-06T11:59:32,True,,1.0,sweep_R0_finalize_seed1_20260305_130600.log,1,anis,,,kmeans,"0,1","0,2,4,6","0,1",0.0,radial,10,0,1,0,96,8,50.0,300,0.9560994642358585,0.8449259657379381,,28.455180709281173,28.506341418591727,0.0,59,158,96,96,,,,,,,,,,,,,,,,0.0032845420064404607,21.50055945897475,0.000793374958448112,,,,,,,,0.3368374169804156,4.0257027500192635,25.9429513340001,,,R0_finalize_seed1_20260305_130600,master,,
2026-03-06T11:59:32,True,,1.0,sweep_R0_finalize_seed1_20260305_131428.log,1,anis,,,kmeans,"0,1","0,2,4,6","0,1",0.0,radial,10,0,1,0,96,8,50.0,300,0.9560994642358585,0.8449259657379381,,28.455180709281173,28.506341418591727,0.0,59,158,96,96,,,,,,,,,,,,,,,,0.004336958983913064,23.67994575004559,0.003557250020094216,,,,,,,,0.35259425005642697,4.1982177079771645,28.359425041999202,,,R0_finalize_seed1_20260305_131428,master,,
2026-03-06T11:59:32,True,,1.0,sweep_R0_finalize_seed1_20260305_135219.log,1,anis,,,kmeans,"0,1","0,2,4,6","0,1",0.0,radial,10,0,1,0,96,8,50.0,300,0.957341330852481,0.8263452549445869,,28.71278200663124,28.96699320387204,0.0002777777777777778,60,159,96,96,,,,,,,,,,,,,,,,0.022079667018260807,68.61418229102856,0.004757957998663187,,,,,,,,0.581732708029449,7.688900750014,77.46914533298695,,,R0_finalize_seed1_20260305_135219,master,,
2026-03-06T11:59:32,True,,1.0,sweep_R0_finalize_seed2_20260305_123350.log,2,anis,,,kmeans,"0,1","0,1,2,3","0,1",0.0,radial,10,0,1,1,32,8,50.0,120,0.9908524411127315,0.952578975195139,,29.44713453423947,29.070308117610743,0.0,37,69,32,32,,,,,,,,,,,,,,,,0.004838874971028417,0.8528727919911034,0.006111208000220358,,,,,,,,0.05803195899352431,0.5686142080230638,1.5206757910200395,results/cache/chart_1b7ffc33bdebb7cfe2b5966aaa9fad8144c540fc64ed319578ac5e8c843c55ad.npz,results/cache/routes_5f2a2eb6e413f915dc06c0838db26dea9aa2c59d3cd0ec5f5590c475d7130fb5.npz,R0_finalize_seed2_20260305_123350,master,,
2026-03-06T11:59:32,True,,1.0,sweep_R0_finalize_seed2_20260305_125601.log,2,anis,,,kmeans,"0,1","0,1,2,3","0,1",0.0,radial,10,0,1,0,96,8,50.0,300,0.9630906457340813,0.8357372253150608,,27.923453957462755,28.13608708421018,0.0,78,179,96,96,,,,,,,,,,,,,,,,0.004954666015692055,29.114375209028367,0.022459416009951383,,,,,,,,0.35211650002747774,4.479753832973074,34.09011075005401,results/cache/chart_e63ebbcd026b85a8f449f94a4943812d0965c23d7fdbb9b2049918f07326a20f.npz,results/cache/routes_00aeb0c7d7c5f75394af4aef7fb7bc12cebf2114dc34d46513a40ed8e977976e.npz,R0_finalize_seed2_20260305_125601,master,,
2026-03-06T11:59:32,True,,1.0,sweep_R0_finalize_seed2_20260305_131457.log,2,anis,,,kmeans,"0,1","0,2,4,6","0,1",0.0,radial,10,0,1,0,96,8,50.0,300,0.9630906457340813,0.8357372253150608,,27.923453957462755,28.13608708421018,0.0,78,179,96,96,,,,,,,,,,,,,,,,0.01049108401639387,24.856088417000137,0.0023603750159963965,,,,,,,,0.3528483749832958,4.189630917040631,29.518286083010025,,,R0_finalize_seed2_20260305_131457,master,,
2026-03-06T11:59:32,True,,1.0,sweep_R0_finalize_seed2_20260305_135337.log,2,anis,,,kmeans,"0,1","0,2,4,6","0,1",0.0,radial,10,0,1,0,96,8,50.0,300,0.9604167801416096,0.8632667938685064,,29.271627003265866,29.063133608542486,0.0,50,147,96,96,,,,,,,,,,,,,,,,0.019339459016919136,75.68198366696015,0.006150083034299314,,,,,,,,0.6067832080298103,8.80699958303012,85.3046949999989,,,R0_finalize_seed2_20260305_135337,master,,
2026-03-06T11:59:32,True,,1.0,sweep_R0_finalize_seed3_20260305_123352.log,3,anis,,,kmeans,"0,1","0,1,2,3","0,1",0.0,radial,10,0,1,1,32,8,50.0,120,0.9622374413586237,0.9282395877593564,,28.58068586401672,28.213790299123037,0.0,37,70,32,32,,,,,,,,,,,,,,,,0.0038584170397371054,0.77206574997399,0.005255791998934001,,,,,,,,0.04768087499542162,0.4868856249959208,1.3454818750033155,results/cache/chart_9ef2dd1c1cbee71fc43fa26829c37624091d962717dc1c0b388a291f6e6dcc27.npz,results/cache/routes_3bb2b792de65f411afe8e4229b69aeb0767096cca25687d987370309442bc901.npz,R0_finalize_seed3_20260305_123352,master,,
2026-03-06T11:59:32,True,,1.0,sweep_R0_finalize_seed3_20260305_125636.log,3,anis,,,kmeans,"0,1","0,1,2,3","0,1",0.0,radial,10,0,1,0,96,8,50.0,300,0.9238337133137108,0.8011724461591248,,27.763445926343046,27.528994615170113,0.0,64,162,96,96,,,,,,,,,,,,,,,,0.0033158749574795365,29.165040125022642,0.020330416038632393,,,,,,,,0.36239449999993667,4.579037290997803,34.2306487080059,results/cache/chart_ea2a990e8fbe093074725f786d3d56420bd183f3d67c44f53ef25893e3c0cbe3.npz,results/cache/routes_fd3a72e6304a7470583f988197edd367777572f62a439fda6e2f8d79eabfabe6.npz,R0_finalize_seed3_20260305_125636,master,,
2026-03-06T11:59:32,True,,1.0,sweep_R0_finalize_seed3_20260305_131526.log,3,anis,,,kmeans,"0,1","0,2,4,6","0,1",0.0,radial,10,0,1,0,96,8,50.0,300,0.9238337133137108,0.8011724461591248,,27.763445926343046,27.528994615170113,0.0,64,162,96,96,,,,,,,,,,,,,,,,0.003261166042648256,33.90016604203265,0.0009389579645358026,,,,,,,,0.36807554098777473,4.9639320420101285,39.3651422499679,,,R0_finalize_seed3_20260305_131526,master,,
2026-03-06T11:59:32,True,,1.0,sweep_R0_finalize_seed3_20260305_135503.log,3,anis,,,kmeans,"0,1","0,2,4,6","0,1",0.0,radial,10,0,1,0,96,8,50.0,300,0.94489722498882,0.8313340897594944,,28.807857347263884,28.43572909997212,0.0002777777777777778,65,161,96,96,,,,,,,,,,,,,,,,0.017981792043428868,50.790501624986064,0.003997584048192948,,,,,,,,0.6125215420033783,9.315444458974525,60.938671459036414,,,R0_finalize_seed3_20260305_135503,master,,
2026-03-06T11:59:32,True,,1.0,sweep_R0_screen_seed0_20260305_123345.log,0,anis,,,kmeans,"0,1","0,1,2,3","0,1",0.0,radial,10,0,1,1,32,8,50.0,120,0.971525449353122,0.9408122277381631,,28.176769562872412,28.05936368499576,0.0,39,72,32,32,,,,,,,,,,,,,,,,0.0027379170060157776,0.7716361249913462,0.0052096250001341105,,,,,,,,0.05421899998327717,0.6575525830266997,1.5148862089845352,results/cache/chart_d4e29a9a71f2e7a199b4826dfad8e2c697dff42f92ac95bce3eeca1a3eb1129b.npz,results/cache/routes_43a91ec4337b6ae3564b3338aeb59db0607d27f491ccb7ccde836c8c7c1cce12.npz,R0_screen_seed0_20260305_123345,master,,
2026-03-06T11:59:32,True,,1.0,sweep_R0_screen_seed0_20260305_125444.log,0,anis,,,kmeans,"0,1","0,1,2,3","0,1",0.0,radial,10,0,1,0,96,8,50.0,300,0.9397382308760663,0.8355809848603251,,28.35353544058694,28.143112306566167,0.0022222222222222222,61,159,96,96,,,,,,,,,,,,,,,,0.008827334037050605,30.01304283400532,0.020758583035785705,,,,,,,,0.3460708750062622,4.496754916966893,34.99637766595697,results/cache/chart_cf2338718e3db5b278f29009737faf2a25ef22203e1f710c406cb57317baa7ff.npz,results/cache/routes_97d19ae6559ef86b6bfacaebe74e32563f04cda970f26bbf45fd29662ab326ea.npz,R0_screen_seed0_20260305_125444,master,,
2026-03-06T11:59:32,True,,1.0,sweep_R0_screen_seed0_20260305_130119.log,0,anis,,,kmeans,"0,1","0,1,2,3","0,1",0.0,radial,10,0,1,1,32,8,50.0,120,0.971525449353122,0.9408122277381631,,28.176769562872412,28.05936368499576,0.0,39,72,32,32,,,,,,,,,,,,,,,,0.003876500006299466,0.0,0.0020402500522322953,,,,,,,,0.07306204200722277,0.48227162496186793,0.592388333985582,results/cache/chart_d4e29a9a71f2e7a199b4826dfad8e2c697dff42f92ac95bce3eeca1a3eb1129b.npz,results/cache/routes_43a91ec4337b6ae3564b3338aeb59db0607d27f491ccb7ccde836c8c7c1cce12.npz,R0_screen_seed0_20260305_130119,master,,chart cache hit | route cache hit
2026-03-06T11:59:32,True,,1.0,sweep_R0_screen_seed0_20260305_130345.log,0,anis,,,kmeans,"0,1","0,2,4,6","0,1",0.0,radial,10,0,1,0,96,8,50.0,300,0.9397382308760663,0.8355809848603251,,28.35353544058694,28.143112306566167,0.0022222222222222222,61,159,96,96,,,,,,,,,,,,,,,,0.005744291003793478,24.695245165959932,0.0025704160216264427,,,,,,,,0.36548495799070224,4.443139082984999,29.648665333050303,,,R0_screen_seed0_20260305_130345,master,,
2026-03-06T11:59:32,True,,1.0,sweep_R0_screen_seed0_20260305_131156.log,0,anis,,,kmeans,"0,1","0,2,4,6","0,1",0.0,radial,10,0,1,0,96,8,50.0,300,0.9397382308760663,0.8355809848603251,,28.35353544058694,28.143112306566167,0.0022222222222222222,61,159,96,96,,,,,,,,,,,,,,,,0.00919066701317206,31.718076749995816,0.004197583009954542,,,,,,,,0.360287832969334,4.521725290978793,36.73125820897985,,,R0_screen_seed0_20260305_131156,master,,
2026-03-06T11:59:32,True,,1.0,sweep_R0_screen_seed0_20260305_134841.log,0,anis,,,kmeans,"0,1","0,2,4,6","0,1",0.0,radial,10,0,1,0,96,8,50.0,300,0.9238968731633765,0.8228546142806551,,28.215121177113005,27.966654428774238,0.0008333333333333334,83,183,96,96,,,,,,,,,,,,,,,,0.01722279202658683,39.74825274996692,0.0033582080504857004,,,,,,,,0.7348018750199117,8.826175249996595,49.523496499983594,,,R0_screen_seed0_20260305_134841,master,,
2026-03-06T11:59:32,True,,1.0,sweep_R1_confirm_seed0_20260305_123355.log,0,anis,,,phase2,"0,1","0,1,2,3","0,1",0.0,radial,10,0,1,1,32,8,50.0,120,0.9945728891672367,0.9577563762650819,,28.350385823489425,28.56442526617478,0.0,42,80,32,32,,,,,,,,,,,,,,,,0.00165704102255404,0.0,0.0012993330019526184,,,,,,,,0.08525925001595169,0.5880570409935899,0.7048125420114957,results/cache/chart_ddae24fc056f3aad258316c86909b42d05654e313e5f5189afff19bd79b02b3b.npz,results/cache/routes_3ec298cf8af285ce67c0d280390e4733b4da3ee28a636e9a0bf2a8f617e19611.npz,R1_confirm_seed0_20260305_123355,master,,chart cache hit | route cache hit
2026-03-06T11:59:32,True,,1.0,sweep_R1_confirm_seed1_20260305_123356.log,1,anis,,,phase2,"0,1","0,1,2,3","0,1",0.0,radial,10,0,1,1,32,8,50.0,120,0.9883542578911503,0.9436770360817113,,28.69869379741807,28.623585862042532,0.0,38,72,32,32,,,,,,,,,,,,,,,,0.007822958985343575,0.8099614169914275,0.0052951250108890235,,,,,,,,0.05483308294788003,0.4421760420082137,1.3391133330296725,results/cache/chart_c0cbf22717bdc3b4abc405068390e334129f1ac59607ec6f2ac9d20fa5e3d2c4.npz,results/cache/routes_738b225a878c095c04bf8ab312ee677ffcbc2bc3f75a6a2f183bb840e77a3f0a.npz,R1_confirm_seed1_20260305_123356,master,,
2026-03-06T11:59:32,True,,1.0,sweep_R1_finalize_seed0_20260305_123357.log,0,anis,,,phase2,"0,1","0,1,2,3","0,1",0.0,radial,10,0,1,1,32,8,50.0,120,0.9945728891672367,0.9577563762650819,,28.350385823489425,28.56442526617478,0.0,42,80,32,32,,,,,,,,,,,,,,,,0.001627375022508204,0.0,0.00540420797187835,,,,,,,,0.12482075003208593,0.5479405000223778,0.7150645829970017,results/cache/chart_ddae24fc056f3aad258316c86909b42d05654e313e5f5189afff19bd79b02b3b.npz,results/cache/routes_3ec298cf8af285ce67c0d280390e4733b4da3ee28a636e9a0bf2a8f617e19611.npz,R1_finalize_seed0_20260305_123357,master,,chart cache hit | route cache hit
2026-03-06T11:59:32,True,,1.0,sweep_R1_finalize_seed1_20260305_123358.log,1,anis,,,phase2,"0,1","0,1,2,3","0,1",0.0,radial,10,0,1,1,32,8,50.0,120,0.9883542578911503,0.9436770360817113,,28.69869379741807,28.623585862042532,0.0,38,72,32,32,,,,,,,,,,,,,,,,0.0016460000188089907,0.0,0.003015875001437962,,,,,,,,0.10589608299778774,0.49609829200198874,0.6307092909701169,results/cache/chart_c0cbf22717bdc3b4abc405068390e334129f1ac59607ec6f2ac9d20fa5e3d2c4.npz,results/cache/routes_738b225a878c095c04bf8ab312ee677ffcbc2bc3f75a6a2f183bb840e77a3f0a.npz,R1_finalize_seed1_20260305_123358,master,,chart cache hit | route cache hit
2026-03-06T11:59:32,True,,1.0,sweep_R1_finalize_seed2_20260305_123359.log,2,anis,,,phase2,"0,1","0,1,2,3","0,1",0.0,radial,10,0,1,1,32,8,50.0,120,1.007864169664456,0.9760957017005314,,29.307340913674615,29.604189620526974,0.0,36,70,32,32,,,,,,,,,,,,,,,,0.003403250011615455,0.7932467089849524,0.005189416988287121,,,,,,,,0.05541887501021847,0.5655230410047807,1.4415358750266023,results/cache/chart_10e42efd5ca9ffa6df90993094cc29c7720fc66dcfab3fcadcd05408b4a1f6ec.npz,results/cache/routes_62fbcf89f4438b82141018eae213cdcd94d1f4d4db72d0df0f9f8f9ea3b2f483.npz,R1_finalize_seed2_20260305_123359,master,,
2026-03-06T11:59:32,True,,1.0,sweep_R1_finalize_seed3_20260305_123401.log,3,anis,,,phase2,"0,1","0,1,2,3","0,1",0.0,radial,10,0,1,1,32,8,50.0,120,0.9703184367048932,0.9417303227454347,,28.538148910386248,27.893413162328002,0.004,44,78,32,32,,,,,,,,,,,,,,,,0.0035251249792054296,0.8051537499995902,0.006784584023989737,,,,,,,,0.06562237499747425,0.5464646660257131,1.4472630829550326,results/cache/chart_cf8a355b40d9b49829e63c38327a5fd45dc7c18284c01f95d74f244dc9610536.npz,results/cache/routes_8eeac817c46fadb3641cec927005740c98f9d0a1d5738f918617226ea4d2c498.npz,R1_finalize_seed3_20260305_123401,master,,
2026-03-06T11:59:32,True,,1.0,sweep_R1_screen_seed0_20260305_123354.log,0,anis,,,phase2,"0,1","0,1,2,3","0,1",0.0,radial,10,0,1,1,32,8,50.0,120,0.9945728891672367,0.9577563762650819,,28.350385823489425,28.56442526617478,0.0,42,80,32,32,,,,,,,,,,,,,,,,0.0018909589853137732,0.7737633750075474,0.0051561660366132855,,,,,,,,0.05515579198254272,0.5283853330183774,1.381166209001094,results/cache/chart_ddae24fc056f3aad258316c86909b42d05654e313e5f5189afff19bd79b02b3b.npz,results/cache/routes_3ec298cf8af285ce67c0d280390e4733b4da3ee28a636e9a0bf2a8f617e19611.npz,R1_screen_seed0_20260305_123354,master,,
2026-03-06T11:59:32,True,,1.0,sweep_R5A_confirm_seed0_20260305_130123.log,0,anis,,,phase4d,"0,1","0,1,2,3","0,1",0.0,radial,10,0,1,1,32,8,50.0,120,0.9771810401596172,0.9501815657666827,,28.44128705153725,28.285483701514234,0.0,40,73,32,32,,,,,,,,,,,,,,,,0.005689750018063933,0.0,0.0023714170092716813,,,,,,,,0.12350674998015165,0.48440337501233444,0.6379836669657379,results/cache/chart_70991682c732b55514f8aaa6e025ef2f3c9e20d6e4055a5c2dc0026510305a90.npz,results/cache/routes_f12b98933a1d7a4b215fbd5ec6fcde9af8286f9cb296c0ba5d508cd56f8b67ef.npz,R5A_confirm_seed0_20260305_130123,master,,chart cache hit | route cache hit
2026-03-06T11:59:32,True,,1.0,sweep_R5A_confirm_seed1_20260305_130124.log,1,anis,,,phase4d,"0,1","0,1,2,3","0,1",0.0,radial,10,0,1,1,32,8,50.0,120,0.9820649254557671,0.9395712493939289,,28.407116646548733,28.554022840810894,0.0,45,79,32,32,,,,,,,,,,,,,,,,0.0018147089867852628,0.0,0.003057875030208379,,,,,,,,0.15625370800262317,0.5075130419572815,0.6900286250165664,results/cache/chart_5006a168f38f03692ac90059bf9810e54c31a39ac0e1d39ab4904514a1001e53.npz,results/cache/routes_dac4b13d84ea0daf38de868b561d07b4300fe147f1d4699a4afdff1fd0be22d3.npz,R5A_confirm_seed1_20260305_130124,master,,chart cache hit | route cache hit
2026-03-06T11:59:32,True,,1.0,sweep_R5A_finalize_seed0_20260305_130125.log,0,anis,,,phase4d,"0,1","0,1,2,3","0,1",0.0,radial,10,0,1,1,32,8,50.0,120,0.9771810401596172,0.9501815657666827,,28.44128705153725,28.285483701514234,0.0,40,73,32,32,,,,,,,,,,,,,,,,0.0016637910157442093,0.0,0.001288958010263741,,,,,,,,0.13420795800630003,0.5290570419747382,0.6832335409708321,results/cache/chart_70991682c732b55514f8aaa6e025ef2f3c9e20d6e4055a5c2dc0026510305a90.npz,results/cache/routes_f12b98933a1d7a4b215fbd5ec6fcde9af8286f9cb296c0ba5d508cd56f8b67ef.npz,R5A_finalize_seed0_20260305_130125,master,,chart cache hit | route cache hit
2026-03-06T11:59:32,True,,1.0,sweep_R5A_finalize_seed1_20260305_130126.log,1,anis,,,phase4d,"0,1","0,1,2,3","0,1",0.0,radial,10,0,1,1,32,8,50.0,120,0.9820649254557671,0.9395712493939289,,28.407116646548733,28.554022840810894,0.0,45,79,32,32,,,,,,,,,,,,,,,,0.0016858750022947788,0.0,0.003579124982934445,,,,,,,,0.133152499969583,0.48462254204787314,0.6500107499887235,results/cache/chart_5006a168f38f03692ac90059bf9810e54c31a39ac0e1d39ab4904514a1001e53.npz,results/cache/routes_dac4b13d84ea0daf38de868b561d07b4300fe147f1d4699a4afdff1fd0be22d3.npz,R5A_finalize_seed1_20260305_130126,master,,chart cache hit | route cache hit
2026-03-06T11:59:32,True,,1.0,sweep_R5A_screen_seed0_20260305_130123.log,0,anis,,,phase4d,"0,1","0,1,2,3","0,1",0.0,radial,10,0,1,1,32,8,50.0,120,0.9771810401596172,0.9501815657666827,,28.44128705153725,28.285483701514234,0.0,40,73,32,32,,,,,,,,,,,,,,,,0.002708542044274509,0.0,0.0025303750298917294,,,,,,,,0.14531495800474659,0.48470529197948053,0.6525030410266481,results/cache/chart_70991682c732b55514f8aaa6e025ef2f3c9e20d6e4055a5c2dc0026510305a90.npz,results/cache/routes_f12b98933a1d7a4b215fbd5ec6fcde9af8286f9cb296c0ba5d508cd56f8b67ef.npz,R5A_screen_seed0_20260305_130123,master,,chart cache hit | route cache hit
2026-03-06T11:59:32,True,,1.0,sweep_R5B_L000_finalize_seed0_20260305_132454.log,0,anis,,,phase4d,"0,1","0,2,4,6","0,1",0.0,radial,10,0,1,0,96,8,50.0,300,0.9353080644321767,0.8167532511412744,,27.83941764202036,27.806142535744886,0.0005555555555555556,60,162,96,96,,,,,,,,,,,,,,,,0.007474625017493963,35.386341999983415,0.0022076659952290356,,,,,,,,0.4976666659931652,4.9085713750100695,40.865183749992866,,,R5B_L000_finalize_seed0_20260305_132454,master,,
2026-03-06T11:59:32,True,,1.0,sweep_R5B_L000_finalize_seed1_20260305_132535.log,1,anis,,,phase4d,"0,1","0,2,4,6","0,1",0.0,radial,10,0,1,0,96,8,50.0,300,0.9309242386292081,0.8224201346031356,,27.89386280382361,27.817003017188647,0.0,64,165,96,96,,,,,,,,,,,,,,,,0.013288874994032085,27.22632329101907,0.0025568329729139805,,,,,,,,0.4710085420520045,4.175331125035882,31.934083041967824,,,R5B_L000_finalize_seed1_20260305_132535,master,,
2026-03-06T11:59:32,True,,1.0,sweep_R5B_L025_finalize_seed0_20260305_132607.log,0,anis,,,phase4d,"0,1","0,2,4,6","0,1",0.25,radial,10,0,1,0,96,8,50.0,300,1.0187528811852729,0.8525852985357693,,27.83941764202036,27.806142535744886,0.0005555555555555556,60,177,96,96,,,,,,,,,,,,,,,,0.0032565000001341105,26.740594666975085,0.018938207998871803,,,,,,,,0.5252340420265682,4.1228149170055985,31.46829362498829,,,R5B_L025_finalize_seed0_20260305_132607,master,,
2026-03-06T11:59:32,True,,1.0,sweep_R5B_L025_finalize_seed1_20260305_132639.log,1,anis,,,phase4d,"0,1","0,2,4,6","0,1",0.25,radial,10,0,1,0,96,8,50.0,300,1.0163130360858499,0.8664190071111902,,27.89386280382361,27.817003017188647,0.0,64,180,96,96,,,,,,,,,,,,,,,,0.0033759999787434936,24.87342429201817,0.003550541994627565,,,,,,,,0.4815854170010425,4.072858209023252,29.47875562502304,,,R5B_L025_finalize_seed1_20260305_132639,master,,
2026-03-06T11:59:32,True,,1.0,sweep_R5B_L050_finalize_seed0_20260305_132709.log,0,anis,,,phase4d,"0,1","0,2,4,6","0,1",0.5,radial,10,0,1,0,96,8,50.0,300,1.1194456326576687,0.8789977917399447,,27.83941764202036,27.806142535744886,0.0005555555555555556,60,194,96,96,,,,,,,,,,,,,,,,0.003271708032116294,45.23033674998442,0.0016923330258578062,,,,,,,,0.607391124998685,5.054937582986895,50.95169275003718,,,R5B_L050_finalize_seed0_20260305_132709,master,,
2026-03-06T11:59:32,True,,1.0,sweep_R5B_L050_finalize_seed1_20260305_132800.log,1,anis,,,phase4d,"0,1","0,2,4,6","0,1",0.5,radial,10,0,1,0,96,8,50.0,300,1.0875927501019602,0.8751243206071961,,27.89386280382361,27.817003017188647,0.0,64,197,96,96,,,,,,,,,,,,,,,,0.005999833985697478,40.44654425000772,0.003171499993186444,,,,,,,,0.4507290000328794,4.022519916994497,44.98075408296427,,,R5B_L050_finalize_seed1_20260305_132800,master,,
2026-03-06T11:59:32,True,,1.0,sweep_R5B_L080_finalize_seed0_20260305_132845.log,0,anis,,,phase4d,"0,1","0,2,4,6","0,1",0.8,radial,10,0,1,0,96,8,50.0,300,1.1411555768262367,0.8743224856620817,,27.83941764202036,27.806142535744886,0.0005555555555555556,60,223,96,96,,,,,,,,,,,,,,,,0.005606791994068772,28.315321291040163,0.0012677920167334378,,,,,,,,0.49260308302473277,4.247082582965959,33.1089005410322,,,R5B_L080_finalize_seed0_20260305_132845,master,,
2026-03-06T11:59:32,True,,1.0,sweep_R5B_L080_finalize_seed1_20260305_132919.log,1,anis,,,phase4d,"0,1","0,2,4,6","0,1",0.8,radial,10,0,1,0,96,8,50.0,300,1.1235010846257198,0.8801201414603465,,27.89386280382361,27.817003017188647,0.0,64,228,96,96,,,,,,,,,,,,,,,,0.003278499993029982,35.92191933299182,0.005184666020795703,,,,,,,,0.5661969170323573,5.526790875010192,42.08505804097513,,,R5B_L080_finalize_seed1_20260305_132919,master,,
2026-03-06T11:59:32,True,,1.0,sweep_R5B_L120_finalize_seed0_20260305_133001.log,0,anis,,,phase4d,"0,1","0,2,4,6","0,1",1.2,radial,10,0,1,0,96,8,50.0,300,1.1282153785193898,0.88369794167218,,27.83941764202036,27.806142535744886,0.0005555555555555556,60,269,96,96,,,,,,,,,,,,,,,,0.009956165973562747,35.404113250027876,0.0011292090057395399,,,,,,,,0.4682048749527894,4.210872374998871,40.133971542003565,,,R5B_L120_finalize_seed0_20260305_133001,master,,
2026-03-06T11:59:32,True,,1.0,sweep_R5B_L120_finalize_seed1_20260305_133041.log,1,anis,,,phase4d,"0,1","0,2,4,6","0,1",1.2,radial,10,0,1,0,96,8,50.0,300,1.132544460874951,0.8838815959559924,,27.89386280382361,27.817003017188647,0.0,64,277,96,96,,,,,,,,,,,,,,,,0.003276375005953014,28.137290375016164,0.009893500013276935,,,,,,,,0.5359432090190239,4.237018208950758,32.97817170800408,,,R5B_L120_finalize_seed1_20260305_133041,master,,
2026-03-06T11:59:32,True,,1.0,sweep_R5B_confirm_seed0_20260305_130128.log,0,anis,,,phase4d,"0,1","0,2,4,6","0,1",0.0,radial,10,0,1,1,32,8,50.0,120,0.9632605847635876,0.9196673242053698,,27.96061058891852,27.786131717417767,0.0,47,82,32,32,,,,,,,,,,,,,,,,0.0028903339989483356,0.0,0.0027131669921800494,,,,,,,,0.12961270898813382,0.47863416699692607,0.639270999992732,results/cache/chart_4ca0244b5f4f7c9bd115cb95ee135767228c2ef4beab7ba551a9378a5f334cfa.npz,results/cache/routes_7c751ecdb75d611b48018fa1209edf8082b16c2afd541afd64f55390e8764b27.npz,R5B_confirm_seed0_20260305_130128,master,,chart cache hit | route cache hit
2026-03-06T11:59:32,True,,1.0,sweep_R5B_confirm_seed0_20260305_130652.log,0,anis,,,phase4d,"0,1","0,2,4,6","0,1",0.0,radial,10,0,1,0,96,8,50.0,300,0.9353080644321767,0.8167532511412744,,27.83941764202036,27.806142535744886,0.0005555555555555556,60,162,96,96,,,,,,,,,,,,,,,,0.0032969999592751265,19.81815862498479,0.0010526249534450471,,,,,,,,0.45441370899789035,5.189699416980147,25.509714832995087,,,R5B_confirm_seed0_20260305_130652,master,,
2026-03-06T11:59:32,True,,1.0,sweep_R5B_confirm_seed0_20260305_131635.log,0,anis,,,phase4d,"0,1","0,2,4,6","0,1",0.0,radial,10,0,1,0,96,8,50.0,300,0.9353080644321767,0.8167532511412744,,27.83941764202036,27.806142535744886,0.0005555555555555556,60,162,96,96,,,,,,,,,,,,,,,,0.011802749999333173,23.98299741698429,0.003320957999676466,,,,,,,,0.4564637499861419,4.82069262501318,29.325351000006776,,,R5B_confirm_seed0_20260305_131635,master,,
2026-03-06T11:59:32,True,,1.0,sweep_R5B_confirm_seed0_20260305_135655.log,0,anis,,,phase4d,"0,1","0,2,4,6","0,1",0.0,radial,10,0,1,0,96,8,50.0,300,0.9237448072137359,0.8071740023490566,,27.593475344647718,27.643248601018005,0.0011111111111111111,87,191,96,96,,,,,,,,,,,,,,,,0.015269708004780114,40.6352256659884,0.00572445901343599,,,,,,,,0.8114698749850504,9.449630125018302,51.01879120798549,,,R5B_confirm_seed0_20260305_135655,master,,
2026-03-06T11:59:32,True,,1.0,sweep_R5B_confirm_seed1_20260305_130129.log,1,anis,,,phase4d,"0,1","0,2,4,6","0,1",0.0,radial,10,0,1,1,32,8,50.0,120,0.979416854676603,0.9539547125037405,,28.65476332693154,28.632428783132845,0.0013333333333333333,38,72,32,32,,,,,,,,,,,,,,,,0.004170582978986204,0.9001065419870429,0.005814332980662584,,,,,,,,0.07441050000488758,0.5231254159589298,1.5245577500318177,results/cache/chart_aa0c44eca4f35f09bb5583004ff64729c7e2004bfd621c2a4d5549aac4fb8704.npz,results/cache/routes_f6e1282a49ac7fdf2e8c68025e9bf1caa90f8cba8df658cae077f243524f394b.npz,R5B_confirm_seed1_20260305_130129,master,,
2026-03-06T11:59:32,True,,1.0,sweep_R5B_confirm_seed1_20260305_130718.log,1,anis,,,phase4d,"0,1","0,2,4,6","0,1",0.0,radial,10,0,1,0,96,8,50.0,300,0.9309242386292081,0.8224201346031356,,27.89386280382361,27.817003017188647,0.0,64,165,96,96,,,,,,,,,,,,,,,,0.010716999997384846,21.474728250002954,0.001141207991167903,,,,,,,,0.44614837504923344,4.156863209034782,26.13267491600709,,,R5B_confirm_seed1_20260305_130718,master,,
2026-03-06T11:59:32,True,,1.0,sweep_R5B_confirm_seed1_20260305_131705.log,1,anis,,,phase4d,"0,1","0,2,4,6","0,1",0.0,radial,10,0,1,0,96,8,50.0,300,0.9309242386292081,0.8224201346031356,,27.89386280382361,27.817003017188647,0.0,64,165,96,96,,,,,,,,,,,,,,,,0.003580624994356185,24.430468083999585,0.005762040964327753,,,,,,,,0.49583783297566697,4.204112667008303,29.180947666987777,,,R5B_confirm_seed1_20260305_131705,master,,
2026-03-06T11:59:32,True,,1.0,sweep_R5B_confirm_seed1_20260305_135746.log,1,anis,,,phase4d,"0,1","0,2,4,6","0,1",0.0,radial,10,0,1,0,96,8,50.0,300,0.9176243060905334,0.813061916676191,,27.045795017797772,27.218433404219997,0.0016666666666666668,138,243,96,96,,,,,,,,,,,,,,,,0.0136433340376243,45.58421558397822,0.0020094169885851443,,,,,,,,0.8048159999889322,7.230266916973051,53.71728195797186,,,R5B_confirm_seed1_20260305_135746,master,,
2026-03-06T11:59:32,True,,1.0,sweep_R5B_finalize_seed0_20260305_130131.log,0,anis,,,phase4d,"0,1","0,2,4,6","0,1",0.0,radial,10,0,1,1,32,8,50.0,120,0.9632605847635876,0.9196673242053698,,27.96061058891852,27.786131717417767,0.0,47,82,32,32,,,,,,,,,,,,,,,,0.009662042022682726,0.0,0.00393787503708154,,,,,,,,0.2934676669538021,0.5938627090072259,0.9330880829948001,results/cache/chart_4ca0244b5f4f7c9bd115cb95ee135767228c2ef4beab7ba551a9378a5f334cfa.npz,results/cache/routes_7c751ecdb75d611b48018fa1209edf8082b16c2afd541afd64f55390e8764b27.npz,R5B_finalize_seed0_20260305_130131,master,,chart cache hit | route cache hit
2026-03-06T11:59:32,True,,1.0,sweep_R5B_finalize_seed0_20260305_130744.log,0,anis,,,phase4d,"0,1","0,2,4,6","0,1",0.0,radial,10,0,1,0,96,8,50.0,300,0.9353080644321767,0.8167532511412744,,27.83941764202036,27.806142535744886,0.0005555555555555556,60,162,96,96,,,,,,,,,,,,,,,,0.006159875018056482,18.889650625002105,0.003969334007706493,,,,,,,,0.49003620899748057,4.621391666994896,24.068251374992542,,,R5B_finalize_seed0_20260305_130744,master,,
2026-03-06T11:59:32,True,,1.0,sweep_R5B_finalize_seed0_20260305_131734.log,0,anis,,,phase4d,"0,1","0,2,4,6","0,1",0.0,radial,10,0,1,0,96,8,50.0,300,0.9353080644321767,0.8167532511412744,,27.83941764202036,27.806142535744886,0.0005555555555555556,60,162,96,96,,,,,,,,,,,,,,,,0.0064464579918421805,22.61738329200307,0.006614124984480441,,,,,,,,0.45410691702272743,4.835676749993581,27.9705492919893,,,R5B_finalize_seed0_20260305_131734,master,,
2026-03-06T11:59:32,True,,1.0,sweep_R5B_finalize_seed0_20260305_135840.log,0,anis,,,phase4d,"0,1","0,2,4,6","0,1",0.0,radial,10,0,1,0,96,8,50.0,300,0.9237448072137359,0.8071740023490566,,27.593475344647718,27.643248601018005,0.0011111111111111111,87,191,96,96,,,,,,,,,,,,,,,,0.005737333034630865,33.92383858404355,0.0019189160084351897,,,,,,,,0.7949570830096491,9.148426708998159,43.96593716699863,,,R5B_finalize_seed0_20260305_135840,master,,
2026-03-06T11:59:32,True,,1.0,sweep_R5B_finalize_seed1_20260305_130132.log,1,anis,,,phase4d,"0,1","0,2,4,6","0,1",0.0,radial,10,0,1,1,32,8,50.0,120,0.979416854676603,0.9539547125037405,,28.65476332693154,28.632428783132845,0.0013333333333333333,38,72,32,32,,,,,,,,,,,,,,,,0.001634916989132762,0.0,0.0013070410350337625,,,,,,,,0.11616512498585507,0.4973540839855559,0.6351370000047609,results/cache/chart_aa0c44eca4f35f09bb5583004ff64729c7e2004bfd621c2a4d5549aac4fb8704.npz,results/cache/routes_f6e1282a49ac7fdf2e8c68025e9bf1caa90f8cba8df658cae077f243524f394b.npz,R5B_finalize_seed1_20260305_130132,master,,chart cache hit | route cache hit
2026-03-06T11:59:32,True,,1.0,sweep_R5B_finalize_seed1_20260305_130808.log,1,anis,,,phase4d,"0,1","0,2,4,6","0,1",0.0,radial,10,0,1,0,96,8,50.0,300,0.9309242386292081,0.8224201346031356,,27.89386280382361,27.817003017188647,0.0,64,165,96,96,,,,,,,,,,,,,,,,0.0032001250074245036,19.98219958296977,0.004569999990053475,,,,,,,,0.5090565420105122,4.083868750021793,24.632643042015843,,,R5B_finalize_seed1_20260305_130808,master,,
2026-03-06T11:59:32,True,,1.0,sweep_R5B_finalize_seed1_20260305_131802.log,1,anis,,,phase4d,"0,1","0,2,4,6","0,1",0.0,radial,10,0,1,0,96,8,50.0,300,0.9309242386292081,0.8224201346031356,,27.89386280382361,27.817003017188647,0.0,64,165,96,96,,,,,,,,,,,,,,,,0.004026542010251433,25.090536709001753,0.00622608297271654,,,,,,,,0.5035733340191655,4.270544416969642,29.92863270896487,,,R5B_finalize_seed1_20260305_131802,master,,
2026-03-06T11:59:32,True,,1.0,sweep_R5B_finalize_seed1_20260305_135924.log,1,anis,,,phase4d,"0,1","0,2,4,6","0,1",0.0,radial,10,0,1,0,96,8,50.0,300,0.9176243060905334,0.813061916676191,,27.045795017797772,27.218433404219997,0.0016666666666666668,138,243,96,96,,,,,,,,,,,,,,,,0.0057550829951651394,36.52714579203166,0.00684441695921123,,,,,,,,0.8082937499857508,7.676998124981765,45.10195341700455,,,R5B_finalize_seed1_20260305_135924,master,,
2026-03-06T11:59:32,True,,1.0,sweep_R5B_finalize_seed2_20260305_131832.log,2,anis,,,phase4d,"0,1","0,2,4,6","0,1",0.0,radial,10,0,1,0,96,8,50.0,300,0.9560900908652756,0.8630457074627801,,28.3725696541943,28.702415799052627,0.0005555555555555556,54,151,96,96,,,,,,,,,,,,,,,,0.005938958027400076,24.321399542037398,0.0018210829584859312,,,,,,,,0.4737212919862941,4.7767321660066955,29.624283833021764,,,R5B_finalize_seed2_20260305_131832,master,,
2026-03-06T11:59:32,True,,1.0,sweep_R5B_finalize_seed2_20260305_140010.log,2,anis,,,phase4d,"0,1","0,2,4,6","0,1",0.0,radial,10,0,1,0,96,8,50.0,300,0.9168532632998638,0.8044989024071321,,27.591324789224387,27.47799678702717,0.0008333333333333334,108,217,96,96,,,,,,,,,,,,,,,,0.015283584012649953,45.2136210409808,0.003273292037192732,,,,,,,,0.8704346249578521,7.352854209020734,53.53500149998581,,,R5B_finalize_seed2_20260305_140010,master,,
2026-03-06T11:59:32,True,,1.0,sweep_R5B_finalize_seed3_20260305_131902.log,3,anis,,,phase4d,"0,1","0,2,4,6","0,1",0.0,radial,10,0,1,0,96,8,50.0,300,0.9214127399922328,0.7982771591326161,,27.327706777666712,27.559083205097664,0.0005555555555555556,69,172,96,96,,,,,,,,,,,,,,,,0.0032661669538356364,25.713333250023425,0.004036041966173798,,,,,,,,0.4851494579925202,4.143056292028632,30.39029099995969,,,R5B_finalize_seed3_20260305_131902,master,,
2026-03-06T11:59:32,True,,1.0,sweep_R5B_finalize_seed3_20260305_140103.log,3,anis,,,phase4d,"0,1","0,2,4,6","0,1",0.0,radial,10,0,1,0,96,8,50.0,300,0.9081099787638005,0.8038816342920923,,27.64368616903977,27.31194962332962,0.0005555555555555556,72,170,96,96,,,,,,,,,,,,,,,,0.01588537503266707,62.562303166952915,0.0032975829672068357,,,,,,,,0.8702016670140438,8.560250249982346,72.11396225000499,,,R5B_finalize_seed3_20260305_140103,master,,
2026-03-06T11:59:32,True,,1.0,sweep_R5B_screen_seed0_20260305_130127.log,0,anis,,,phase4d,"0,1","0,2,4,6","0,1",0.0,radial,10,0,1,1,32,8,50.0,120,0.9632605847635876,0.9196673242053698,,27.96061058891852,27.786131717417767,0.0,47,82,32,32,,,,,,,,,,,,,,,,0.0028976250323466957,0.893755917029921,0.0053345420164987445,,,,,,,,0.07630691700614989,0.4987381669925526,1.4937910829903558,results/cache/chart_4ca0244b5f4f7c9bd115cb95ee135767228c2ef4beab7ba551a9378a5f334cfa.npz,results/cache/routes_7c751ecdb75d611b48018fa1209edf8082b16c2afd541afd64f55390e8764b27.npz,R5B_screen_seed0_20260305_130127,master,,
2026-03-06T11:59:32,True,,1.0,sweep_R5B_screen_seed0_20260305_130626.log,0,anis,,,phase4d,"0,1","0,2,4,6","0,1",0.0,radial,10,0,1,0,96,8,50.0,300,0.9353080644321767,0.8167532511412744,,27.83941764202036,27.806142535744886,0.0005555555555555556,60,162,96,96,,,,,,,,,,,,,,,,0.006249667028896511,20.800479000026826,0.0009904999751597643,,,,,,,,0.45435154100414366,4.61538729100721,25.921488583029713,,,R5B_screen_seed0_20260305_130626,master,,
2026-03-06T11:59:32,True,,1.0,sweep_R5B_screen_seed0_20260305_131606.log,0,anis,,,phase4d,"0,1","0,2,4,6","0,1",0.0,radial,10,0,1,0,96,8,50.0,300,0.9353080644321767,0.8167532511412744,,27.83941764202036,27.806142535744886,0.0005555555555555556,60,162,96,96,,,,,,,,,,,,,,,,0.008462333003990352,24.08952058397699,0.001417833031155169,,,,,,,,0.4640384580125101,4.7608667080057785,29.368662833992857,,,R5B_screen_seed0_20260305_131606,master,,
2026-03-06T11:59:32,True,,1.0,sweep_R5B_screen_seed0_20260305_135604.log,0,anis,,,phase4d,"0,1","0,2,4,6","0,1",0.0,radial,10,0,1,0,96,8,50.0,300,0.9237448072137359,0.8071740023490566,,27.593475344647718,27.643248601018005,0.0011111111111111111,87,191,96,96,,,,,,,,,,,,,,,,0.006226957950275391,40.61644191702362,0.008745625033043325,,,,,,,,0.8108784590149298,9.577939708018675,51.10959908296354,,,R5B_screen_seed0_20260305_135604,master,,
2026-03-06T11:59:32,True,,1.0,sweep_R5C_confirm_seed0_20260305_130135.log,0,anis,,,phase4d,"0,1","1,3,5,7","0,1",0.0,radial,10,0,1,1,32,8,50.0,120,0.9647108676439122,0.9319366498419843,,27.638798294036373,27.371650508482194,0.0,53,88,32,32,,,,,,,,,,,,,,,,0.0016622919938527048,0.0,0.0077267499873414636,,,,,,,,0.11725937499431893,0.4932617499725893,0.6565156250144355,results/cache/chart_e3b28eb121796764bc07122e13353ddfcd7d9c2afd63922d926e15c2548b9336.npz,results/cache/routes_b70e318a437c20618e8026b102d7e8a702091a11f00ec83939774ebc9a43cf10.npz,R5C_confirm_seed0_20260305_130135,master,,chart cache hit | route cache hit
2026-03-06T11:59:32,True,,1.0,sweep_R5C_confirm_seed1_20260305_130135.log,1,anis,,,phase4d,"0,1","1,3,5,7","0,1",0.0,radial,10,0,1,1,32,8,50.0,120,0.9909318616286267,0.9559748808667095,,28.688906517638177,28.482529279618213,0.0,40,72,32,32,,,,,,,,,,,,,,,,0.0016734580276533961,0.8251198749640025,0.005316499969922006,,,,,,,,0.07541441696230322,0.4755048749502748,1.3987163749989122,results/cache/chart_3c2cd1365f746d6b829c17ef773fa2c4b3c646fd9168a72ebe16e8263c1acecf.npz,results/cache/routes_83403089d8ea1e8adac7e06ec47a86d20672c5e1339bfff28c131c9839eae492.npz,R5C_confirm_seed1_20260305_130135,master,,
2026-03-06T11:59:32,True,,1.0,sweep_R5C_finalize_seed0_20260305_130137.log,0,anis,,,phase4d,"0,1","1,3,5,7","0,1",0.0,radial,10,0,1,1,32,8,50.0,120,0.9647108676439122,0.9319366498419843,,27.638798294036373,27.371650508482194,0.0,53,88,32,32,,,,,,,,,,,,,,,,0.002447709033731371,0.0,0.001333541003987193,,,,,,,,0.11974395898869261,0.49972041696310043,0.6396084590232931,results/cache/chart_e3b28eb121796764bc07122e13353ddfcd7d9c2afd63922d926e15c2548b9336.npz,results/cache/routes_b70e318a437c20618e8026b102d7e8a702091a11f00ec83939774ebc9a43cf10.npz,R5C_finalize_seed0_20260305_130137,master,,chart cache hit | route cache hit
2026-03-06T11:59:32,True,,1.0,sweep_R5C_finalize_seed1_20260305_130138.log,1,anis,,,phase4d,"0,1","1,3,5,7","0,1",0.0,radial,10,0,1,1,32,8,50.0,120,0.9909318616286267,0.9559748808667095,,28.688906517638177,28.482529279618213,0.0,40,72,32,32,,,,,,,,,,,,,,,,0.0016511669964529574,0.0,0.0013147080317139626,,,,,,,,0.13520308397710323,0.5024051659856923,0.656584250042215,results/cache/chart_3c2cd1365f746d6b829c17ef773fa2c4b3c646fd9168a72ebe16e8263c1acecf.npz,results/cache/routes_83403089d8ea1e8adac7e06ec47a86d20672c5e1339bfff28c131c9839eae492.npz,R5C_finalize_seed1_20260305_130138,master,,chart cache hit | route cache hit
2026-03-06T11:59:32,True,,1.0,sweep_R5C_screen_seed0_20260305_130133.log,0,anis,,,phase4d,"0,1","1,3,5,7","0,1",0.0,radial,10,0,1,1,32,8,50.0,120,0.9647108676439122,0.9319366498419843,,27.638798294036373,27.371650508482194,0.0,53,88,32,32,,,,,,,,,,,,,,,,0.001742208027280867,0.9031534579698928,0.00621791701996699,,,,,,,,0.07913579099113122,0.48483183298958465,1.4911345829605125,results/cache/chart_e3b28eb121796764bc07122e13353ddfcd7d9c2afd63922d926e15c2548b9336.npz,results/cache/routes_b70e318a437c20618e8026b102d7e8a702091a11f00ec83939774ebc9a43cf10.npz,R5C_screen_seed0_20260305_130133,master,,
2026-03-06T11:59:32,True,,1.0,sweep_R5_confirm_seed0_20260305_123404.log,0,anis,,,phase4d,"0,1","0,1,2,3","0,1",0.0,radial,10,0,1,1,32,8,50.0,120,0.9771810401596172,0.9501815657666827,,28.44128705153725,28.285483701514234,0.0,40,73,32,32,,,,,,,,,,,,,,,,0.0040717500378377736,0.0,0.001324000011663884,,,,,,,,0.11647041601827368,0.518095750012435,0.6561732919653878,results/cache/chart_70991682c732b55514f8aaa6e025ef2f3c9e20d6e4055a5c2dc0026510305a90.npz,results/cache/routes_f12b98933a1d7a4b215fbd5ec6fcde9af8286f9cb296c0ba5d508cd56f8b67ef.npz,R5_confirm_seed0_20260305_123404,master,,chart cache hit | route cache hit
2026-03-06T11:59:32,True,,1.0,sweep_R5_confirm_seed0_20260305_125735.log,0,anis,,,phase4d,"0,1","0,1,2,3","0,1",0.0,radial,10,0,1,0,96,8,50.0,300,0.9342272348515679,0.824565011306108,,27.50565973515347,27.655181333059335,0.0005555555555555556,74,179,96,96,,,,,,,,,,,,,,,,0.0032527500297874212,0.0,0.006140457990113646,,,,,,,,0.49805791705148295,4.418000041972846,4.980650874960702,results/cache/chart_b3f9684601b17343b1653ac6b666a018a48ec0a3e367328ec8b46a5172709eec.npz,results/cache/routes_f9d1f031209ff69065f1c4a5e678385e9c0902a2b35227596a67da2385590688.npz,R5_confirm_seed0_20260305_125735,master,,chart cache hit | route cache hit
2026-03-06T11:59:32,True,,1.0,sweep_R5_confirm_seed1_20260305_123405.log,1,anis,,,phase4d,"0,1","0,1,2,3","0,1",0.0,radial,10,0,1,1,32,8,50.0,120,0.9820649254557671,0.9395712493939289,,28.407116646548733,28.554022840810894,0.0,45,79,32,32,,,,,,,,,,,,,,,,0.004051750001963228,0.9349382920190692,0.005904125049710274,,,,,,,,0.07955433300230652,0.49735858297208324,1.538399666955229,results/cache/chart_5006a168f38f03692ac90059bf9810e54c31a39ac0e1d39ab4904514a1001e53.npz,results/cache/routes_dac4b13d84ea0daf38de868b561d07b4300fe147f1d4699a4afdff1fd0be22d3.npz,R5_confirm_seed1_20260305_123405,master,,
2026-03-06T11:59:32,True,,1.0,sweep_R5_confirm_seed1_20260305_125740.log,1,anis,,,phase4d,"0,1","0,1,2,3","0,1",0.0,radial,10,0,1,0,96,8,50.0,300,0.9546229912461699,0.8305658370724075,,29.059041937880558,28.969167984846564,0.0,40,136,96,96,,,,,,,,,,,,,,,,0.003295124974101782,24.14671795797767,0.02316966699436307,,,,,,,,0.5216371249989606,4.334054875012953,29.08172741701128,results/cache/chart_50dde55a03ec90b1c6b51bd3b60da8f346ef33fa8d45a7ed3b40c0cfc9d72e3c.npz,results/cache/routes_7d0f93fb46343ccc2935cb8e257dbe9f388f58a8139b8666c3f897c716e93a9e.npz,R5_confirm_seed1_20260305_125740,master,,
2026-03-06T11:59:32,True,,1.0,sweep_R5_finalize_seed0_20260305_123407.log,0,anis,,,phase4d,"0,1","0,1,2,3","0,1",0.0,radial,10,0,1,1,32,8,50.0,120,0.9771810401596172,0.9501815657666827,,28.44128705153725,28.285483701514234,0.0,40,73,32,32,,,,,,,,,,,,,,,,0.0016069170087575912,0.0,0.0012898329878225923,,,,,,,,0.12008808297105134,0.4862600829801522,0.6412534169503488,results/cache/chart_70991682c732b55514f8aaa6e025ef2f3c9e20d6e4055a5c2dc0026510305a90.npz,results/cache/routes_f12b98933a1d7a4b215fbd5ec6fcde9af8286f9cb296c0ba5d508cd56f8b67ef.npz,R5_finalize_seed0_20260305_123407,master,,chart cache hit | route cache hit
2026-03-06T11:59:32,True,,1.0,sweep_R5_finalize_seed0_20260305_125809.log,0,anis,,,phase4d,"0,1","0,1,2,3","0,1",0.0,radial,10,0,1,0,96,8,50.0,300,0.9342272348515679,0.824565011306108,,27.50565973515347,27.655181333059335,0.0005555555555555556,74,179,96,96,,,,,,,,,,,,,,,,0.006185125035699457,0.0,0.0029719159938395023,,,,,,,,0.5320387090323493,4.204241833009291,4.802789666980971,results/cache/chart_b3f9684601b17343b1653ac6b666a018a48ec0a3e367328ec8b46a5172709eec.npz,results/cache/routes_f9d1f031209ff69065f1c4a5e678385e9c0902a2b35227596a67da2385590688.npz,R5_finalize_seed0_20260305_125809,master,,chart cache hit | route cache hit
2026-03-06T11:59:32,True,,1.0,sweep_R5_finalize_seed1_20260305_123407.log,1,anis,,,phase4d,"0,1","0,1,2,3","0,1",0.0,radial,10,0,1,1,32,8,50.0,120,0.9820649254557671,0.9395712493939289,,28.407116646548733,28.554022840810894,0.0,45,79,32,32,,,,,,,,,,,,,,,,0.0016457079909741879,0.0,0.0016068330151028931,,,,,,,,0.13689000002341345,0.4928328749956563,0.6509868749999441,results/cache/chart_5006a168f38f03692ac90059bf9810e54c31a39ac0e1d39ab4904514a1001e53.npz,results/cache/routes_dac4b13d84ea0daf38de868b561d07b4300fe147f1d4699a4afdff1fd0be22d3.npz,R5_finalize_seed1_20260305_123407,master,,chart cache hit | route cache hit
2026-03-06T11:59:32,True,,1.0,sweep_R5_finalize_seed1_20260305_125814.log,1,anis,,,phase4d,"0,1","0,1,2,3","0,1",0.0,radial,10,0,1,0,96,8,50.0,300,0.9546229912461699,0.8305658370724075,,29.059041937880558,28.969167984846564,0.0,40,136,96,96,,,,,,,,,,,,,,,,0.005179082974791527,0.0,0.005222458974458277,,,,,,,,0.48447166598634794,4.547081624972634,5.093548417033162,results/cache/chart_50dde55a03ec90b1c6b51bd3b60da8f346ef33fa8d45a7ed3b40c0cfc9d72e3c.npz,results/cache/routes_7d0f93fb46343ccc2935cb8e257dbe9f388f58a8139b8666c3f897c716e93a9e.npz,R5_finalize_seed1_20260305_125814,master,,chart cache hit | route cache hit
2026-03-06T11:59:32,True,,1.0,sweep_R5_finalize_seed2_20260305_123408.log,2,anis,,,phase4d,"0,1","0,1,2,3","0,1",0.0,radial,10,0,1,1,32,8,50.0,120,0.9943478336284449,0.9481617432263192,,28.949689657453554,28.923425199250694,0.0,43,77,32,32,,,,,,,,,,,,,,,,0.001617291010916233,0.8363545839674771,0.005799124948680401,,,,,,,,0.07503104099305347,0.5042911669588648,1.440325666044373,results/cache/chart_d60bf27da115ad11649a9e44b1637570a4ceb7963883e00f8ff04756dee36d99.npz,results/cache/routes_d0f9f512dc55f0cd1bc30a5406e33f8c129e00cd10e30d861119dadcca58cc2c.npz,R5_finalize_seed2_20260305_123408,master,,
2026-03-06T11:59:32,True,,1.0,sweep_R5_finalize_seed2_20260305_125819.log,2,anis,,,phase4d,"0,1","0,1,2,3","0,1",0.0,radial,10,0,1,0,96,8,50.0,300,0.9530742684611377,0.8519176160495947,,28.143399856499105,28.282179292938036,0.0,67,164,96,96,,,,,,,,,,,,,,,,0.01124850002815947,22.098481457971502,0.017060040961951017,,,,,,,,0.5103520829579793,4.881020333967172,27.571512792026624,results/cache/chart_e2a93d0b6e274705e382327537a35a223a0f78cacc19d4b368e3b7e40a38bf7a.npz,results/cache/routes_008dd21d641adf9dc6176292dfa81c1b29b63cde7661dbe4529b9b690cb11fcc.npz,R5_finalize_seed2_20260305_125819,master,,
2026-03-06T11:59:32,True,,1.0,sweep_R5_finalize_seed3_20260305_123410.log,3,anis,,,phase4d,"0,1","0,1,2,3","0,1",0.0,radial,10,0,1,1,32,8,50.0,120,0.9659334371826198,0.9276501900191249,,27.935842713620282,27.615053499367523,0.0026666666666666666,44,79,32,32,,,,,,,,,,,,,,,,0.003937207977287471,0.8172618339885958,0.005487832997459918,,,,,,,,0.07472545804921538,0.4634839170030318,1.3807975000236183,results/cache/chart_876107af1ebde7e29624dca837151a9bf89a19212df203309332620376f9cd19.npz,results/cache/routes_881995129da6470a4e73347765d037180cd9c4e215c8fafec47b72612a5e0e12.npz,R5_finalize_seed3_20260305_123410,master,,
2026-03-06T11:59:32,True,,1.0,sweep_R5_finalize_seed3_20260305_125847.log,3,anis,,,phase4d,"0,1","0,1,2,3","0,1",0.0,radial,10,0,1,0,96,8,50.0,300,0.9403405584418508,0.8425358002206319,,28.461709550241437,28.360755681392003,0.0005555555555555556,48,145,96,96,,,,,,,,,,,,,,,,0.0065590000012889504,22.692095624981448,0.02101616596337408,,,,,,,,0.5318530829972588,4.581711750011891,27.887977249978576,results/cache/chart_eec36f38ca5ae0843abb186b99a7f969a2ab8057841fb2ab39d4c7f6eba3e293.npz,results/cache/routes_f6718f982b2248da8c18b4185ace0e1f1be71bdfb3130ded1acced1739291070.npz,R5_finalize_seed3_20260305_125847,master,,
2026-03-06T11:59:32,True,,1.0,sweep_R5_screen_seed0_20260305_123402.log,0,anis,,,phase4d,"0,1","0,1,2,3","0,1",0.0,radial,10,0,1,1,32,8,50.0,120,0.9771810401596172,0.9501815657666827,,28.44128705153725,28.285483701514234,0.0,40,73,32,32,,,,,,,,,,,,,,,,0.004149582993704826,0.8908967500319704,0.006814915977884084,,,,,,,,0.07975258398801088,0.4847789580235258,1.4837066250038333,results/cache/chart_70991682c732b55514f8aaa6e025ef2f3c9e20d6e4055a5c2dc0026510305a90.npz,results/cache/routes_f12b98933a1d7a4b215fbd5ec6fcde9af8286f9cb296c0ba5d508cd56f8b67ef.npz,R5_screen_seed0_20260305_123402,master,,
2026-03-06T11:59:32,True,,1.0,sweep_R5_screen_seed0_20260305_125710.log,0,anis,,,phase4d,"0,1","0,1,2,3","0,1",0.0,radial,10,0,1,0,96,8,50.0,300,0.9342272348515679,0.824565011306108,,27.50565973515347,27.655181333059335,0.0005555555555555556,74,179,96,96,,,,,,,,,,,,,,,,0.003314000030513853,19.301563708053436,0.04027841700008139,,,,,,,,0.6921766250161454,4.269924374995753,24.36464074999094,results/cache/chart_b3f9684601b17343b1653ac6b666a018a48ec0a3e367328ec8b46a5172709eec.npz,results/cache/routes_f9d1f031209ff69065f1c4a5e678385e9c0902a2b35227596a67da2385590688.npz,R5_screen_seed0_20260305_125710,master,,
2026-03-06T11:59:32,True,,1.0,sweep_R6_confirm_seed0_20260305_123413.log,0,anis,,,complex2,"0,1","0,1,2,3","0,1",0.0,radial,10,0,1,1,32,8,50.0,120,0.9929418708587979,0.9740006856674921,,28.71236124842335,28.589409138992767,0.0013333333333333333,34,73,32,32,,,,,,,,,,,,,,,,0.001629957987461239,0.0,0.0013541670050472021,,,,,,,,0.12331133399857208,0.4290217089583166,0.5712654999806546,results/cache/chart_8ca72f17e9072b88af557640651fb1fcebc6ac4cac4fa372a2c1b67c2bdaa036.npz,results/cache/routes_4e53f22e2375208a4a2f9508286b27b2ef739a760f1df22b101c515876a1dc9e.npz,R6_confirm_seed0_20260305_123413,master,,chart cache hit | route cache hit
2026-03-06T11:59:32,True,,1.0,sweep_R6_confirm_seed1_20260305_123414.log,1,anis,,,complex2,"0,1","0,1,2,3","0,1",0.0,radial,10,0,1,1,32,8,50.0,120,1.0049745784757833,0.9827735992318372,,29.336220799753047,29.34928961384799,0.010666666666666666,34,70,32,32,,,,,,,,,,,,,,,,0.0015963750192895532,0.8051147080259398,0.005272916983813047,,,,,,,,0.07431854197056964,0.45680395798990503,1.358682666963432,results/cache/chart_b54255783c2a4c6c9f3a4466227b79195846dc5f2c4b41efb08112306eee71e5.npz,results/cache/routes_8bab6d9768c60b7b00abe1acdb754f6ed634e15d3742ab1fc36198973b924ef2.npz,R6_confirm_seed1_20260305_123414,master,,
2026-03-06T11:59:32,True,,1.0,sweep_R6_finalize_seed0_20260305_123415.log,0,anis,,,complex2,"0,1","0,1,2,3","0,1",0.0,radial,10,0,1,1,32,8,50.0,120,0.9929418708587979,0.9740006856674921,,28.71236124842335,28.589409138992767,0.0013333333333333333,34,73,32,32,,,,,,,,,,,,,,,,0.0016009999671950936,0.0,0.0016044999938458204,,,,,,,,0.11610291700344533,0.5887048340518959,0.7278059160453267,results/cache/chart_8ca72f17e9072b88af557640651fb1fcebc6ac4cac4fa372a2c1b67c2bdaa036.npz,results/cache/routes_4e53f22e2375208a4a2f9508286b27b2ef739a760f1df22b101c515876a1dc9e.npz,R6_finalize_seed0_20260305_123415,master,,chart cache hit | route cache hit
2026-03-06T11:59:32,True,,1.0,sweep_R6_finalize_seed1_20260305_123416.log,1,anis,,,complex2,"0,1","0,1,2,3","0,1",0.0,radial,10,0,1,1,32,8,50.0,120,1.0049745784757833,0.9827735992318372,,29.336220799753047,29.34928961384799,0.010666666666666666,34,70,32,32,,,,,,,,,,,,,,,,0.004522208007983863,0.0,0.0012764999992214143,,,,,,,,0.15011299995239824,0.4682455000001937,0.644740791991353,results/cache/chart_b54255783c2a4c6c9f3a4466227b79195846dc5f2c4b41efb08112306eee71e5.npz,results/cache/routes_8bab6d9768c60b7b00abe1acdb754f6ed634e15d3742ab1fc36198973b924ef2.npz,R6_finalize_seed1_20260305_123416,master,,chart cache hit | route cache hit
2026-03-06T11:59:32,True,,1.0,sweep_R6_finalize_seed2_20260305_123417.log,2,anis,,,complex2,"0,1","0,1,2,3","0,1",0.0,radial,10,0,1,1,32,8,50.0,120,1.0184962574200962,1.0089917392464713,,30.17836967593452,30.082740061631146,0.006666666666666667,26,67,32,32,,,,,,,,,,,,,,,,0.0016306249890476465,0.8551781249698251,0.00521637499332428,,,,,,,,0.0765125829493627,0.5269092079834081,1.4823717080289498,results/cache/chart_b25e939011c1438973c20bf3ff73550632d2c561deaf9fcc66fbcb4473373fb6.npz,results/cache/routes_56c03cee6bc88c61c8b3c51e9141d7a089024d7c7ffa8063bcd4df573fe1b048.npz,R6_finalize_seed2_20260305_123417,master,,
2026-03-06T11:59:32,True,,1.0,sweep_R6_finalize_seed3_20260305_123418.log,3,anis,,,complex2,"0,1","0,1,2,3","0,1",0.0,radial,10,0,1,1,32,8,50.0,120,0.9810210348064635,0.9614929628185167,,29.161277023327653,28.59193441083385,0.0,28,66,32,32,,,,,,,,,,,,,,,,0.001863999990746379,0.7862752499640919,0.0051889579626731575,,,,,,,,0.07600070803891867,0.48084774997550994,1.3664875829708762,results/cache/chart_9d733052f39a7e6edf097730d5adbed27080668c30e025fe2ed2331ecbbce4bc.npz,results/cache/routes_279f5e3d1294810f15bf1043d28f81750757dd5cc795307630d4caee76671481.npz,R6_finalize_seed3_20260305_123418,master,,
2026-03-06T11:59:32,True,,1.0,sweep_R6_screen_seed0_20260305_123411.log,0,anis,,,complex2,"0,1","0,1,2,3","0,1",0.0,radial,10,0,1,1,32,8,50.0,120,0.9929418708587979,0.9740006856674921,,28.71236124842335,28.589409138992767,0.0013333333333333333,34,73,32,32,,,,,,,,,,,,,,,,0.0016363339964300394,0.7797497080173343,0.005207707989029586,,,,,,,,0.07481812499463558,0.4295695839682594,1.3058687080047093,results/cache/chart_8ca72f17e9072b88af557640651fb1fcebc6ac4cac4fa372a2c1b67c2bdaa036.npz,results/cache/routes_4e53f22e2375208a4a2f9508286b27b2ef739a760f1df22b101c515876a1dc9e.npz,R6_screen_seed0_20260305_123411,master,,
