tuplet_name,offsets,parent_W,child_W,visible_H_first,layer_depth,layer_primes,parent_class_b,parent_class_spin_code,parent_class_frequency,child_future_classes_produced,dominant_phi_tuple,dominant_phi_tuple_share,phi_tuple_support_size,boundary_any_fraction
quadruplet,"[0,2,6,8]",2310,30030,21,1,11,0,8,2,2,(5),0.5,2,0.5
quadruplet,"[0,2,6,8]",2310,30030,21,1,11,0,262144,2,2,(7),0.5,2,0.5
quadruplet,"[0,2,6,8]",2310,30030,21,1,11,0,262152,5,3,(8),0.2,5,0.2
quadruplet,"[0,2,6,8]",2310,30030,21,1,11,1,16,2,2,(5),0.5,2,0.5
quadruplet,"[0,2,6,8]",2310,30030,21,1,11,1,524288,2,2,(7),0.5,2,0.5
quadruplet,"[0,2,6,8]",2310,30030,21,1,11,1,524304,5,3,(8),0.2,5,0.2
quadruplet,"[0,2,6,8]",2310,30030,21,1,11,2,32,7,2,(8),0.14285714285714285,7,0.2857142857142857
quadruplet,"[0,2,6,8]",2310,30030,21,1,11,3,64,7,2,(8),0.14285714285714285,7,0.2857142857142857
quadruplet,"[0,2,6,8]",2310,30030,21,1,11,4,128,7,2,(8),0.14285714285714285,7,0.2857142857142857
quadruplet,"[0,2,6,8]",2310,30030,21,1,11,5,256,7,2,(8),0.14285714285714285,7,0.2857142857142857
quadruplet,"[0,2,6,8]",2310,30030,21,1,11,6,512,7,2,(8),0.14285714285714285,7,0.2857142857142857
quadruplet,"[0,2,6,8]",2310,30030,21,1,11,7,1024,7,2,(8),0.14285714285714285,7,0.2857142857142857
quadruplet,"[0,2,6,8]",2310,30030,21,1,11,8,2048,7,2,(8),0.14285714285714285,7,0.2857142857142857
quadruplet,"[0,2,6,8]",2310,30030,21,1,11,9,4096,7,2,(8),0.14285714285714285,7,0.2857142857142857
quadruplet,"[0,2,6,8]",2310,30030,21,1,11,10,8192,7,2,(8),0.14285714285714285,7,0.2857142857142857
quadruplet,"[0,2,6,8]",2310,30030,21,1,11,11,0,4,2,(9),0.25,4,0.5
quadruplet,"[0,2,6,8]",2310,30030,21,1,11,11,16384,7,4,(8),0.14285714285714285,7,0.2857142857142857
quadruplet,"[0,2,6,8]",2310,30030,21,1,11,12,1,2,2,(9),0.5,2,0.5
quadruplet,"[0,2,6,8]",2310,30030,21,1,11,12,32768,2,2,(5),0.5,2,0.5
quadruplet,"[0,2,6,8]",2310,30030,21,1,11,12,32769,5,3,(8),0.2,5,0.2
quadruplet,"[0,2,6,8]",2310,30030,21,1,11,13,2,2,2,(9),0.5,2,0.5
quadruplet,"[0,2,6,8]",2310,30030,21,1,11,13,65536,2,2,(5),0.5,2,0.5
quadruplet,"[0,2,6,8]",2310,30030,21,1,11,13,65538,5,3,(8),0.2,5,0.2
quadruplet,"[0,2,6,8]",2310,30030,21,1,11,14,4,2,2,(9),0.5,2,0.5
quadruplet,"[0,2,6,8]",2310,30030,21,1,11,14,131072,2,2,(5),0.5,2,0.5
quadruplet,"[0,2,6,8]",2310,30030,21,1,11,14,131076,5,3,(8),0.2,5,0.2
quadruplet,"[0,2,6,8]",2310,30030,21,1,11,15,8,2,2,(9),0.5,2,0.5
quadruplet,"[0,2,6,8]",2310,30030,21,1,11,15,262144,2,2,(5),0.5,2,0.5
quadruplet,"[0,2,6,8]",2310,30030,21,1,11,15,262152,5,3,(8),0.2,5,0.2
quadruplet,"[0,2,6,8]",2310,30030,21,1,11,16,0,2,2,(7),0.5,2,0.5
quadruplet,"[0,2,6,8]",2310,30030,21,1,11,16,16,2,4,(9),0.5,2,0.5
quadruplet,"[0,2,6,8]",2310,30030,21,1,11,16,524288,2,4,(5),0.5,2,0.5
quadruplet,"[0,2,6,8]",2310,30030,21,1,11,16,524304,5,6,(8),0.2,5,0.2
quadruplet,"[0,2,6,8]",2310,30030,21,1,11,17,1,3,2,(7),0.3333333333333333,3,0.3333333333333333
quadruplet,"[0,2,6,8]",2310,30030,21,1,11,17,32,3,2,(8),0.3333333333333333,3,0.0
quadruplet,"[0,2,6,8]",2310,30030,21,1,11,17,33,4,4,(9),0.25,4,0.5
quadruplet,"[0,2,6,8]",2310,30030,21,1,11,18,2,3,2,(7),0.3333333333333333,3,0.3333333333333333
quadruplet,"[0,2,6,8]",2310,30030,21,1,11,18,64,3,2,(8),0.3333333333333333,3,0.0
quadruplet,"[0,2,6,8]",2310,30030,21,1,11,18,66,4,4,(9),0.25,4,0.5
quadruplet,"[0,2,6,8]",2310,30030,21,1,11,19,4,3,2,(7),0.3333333333333333,3,0.3333333333333333
quadruplet,"[0,2,6,8]",2310,30030,21,1,11,19,128,3,2,(8),0.3333333333333333,3,0.0
quadruplet,"[0,2,6,8]",2310,30030,21,1,11,19,132,4,4,(9),0.25,4,0.5
quadruplet,"[0,2,6,8]",2310,30030,21,1,11,20,8,3,2,(7),0.3333333333333333,3,0.3333333333333333
quadruplet,"[0,2,6,8]",2310,30030,21,1,11,20,256,3,2,(8),0.3333333333333333,3,0.0
quadruplet,"[0,2,6,8]",2310,30030,21,1,11,20,264,4,4,(9),0.25,4,0.5
quadruplet,"[0,2,6,8]",2310,30030,21,1,11,21,16,3,2,(7),0.3333333333333333,3,0.3333333333333333
quadruplet,"[0,2,6,8]",2310,30030,21,1,11,21,512,3,2,(8),0.3333333333333333,3,0.0
quadruplet,"[0,2,6,8]",2310,30030,21,1,11,21,528,4,4,(9),0.25,4,0.5
quadruplet,"[0,2,6,8]",2310,30030,21,1,11,22,32,3,2,(7),0.3333333333333333,3,0.3333333333333333
quadruplet,"[0,2,6,8]",2310,30030,21,1,11,22,1024,3,2,(8),0.3333333333333333,3,0.0
quadruplet,"[0,2,6,8]",2310,30030,21,1,11,22,1056,4,4,(9),0.25,4,0.5
quadruplet,"[0,2,6,8]",2310,30030,21,1,11,23,64,3,2,(7),0.3333333333333333,3,0.3333333333333333
quadruplet,"[0,2,6,8]",2310,30030,21,1,11,23,2048,3,2,(8),0.3333333333333333,3,0.0
quadruplet,"[0,2,6,8]",2310,30030,21,1,11,23,2112,4,4,(9),0.25,4,0.5
quadruplet,"[0,2,6,8]",2310,30030,21,1,11,24,128,3,2,(7),0.3333333333333333,3,0.3333333333333333
quadruplet,"[0,2,6,8]",2310,30030,21,1,11,24,4096,3,2,(8),0.3333333333333333,3,0.0
quadruplet,"[0,2,6,8]",2310,30030,21,1,11,24,4224,4,4,(9),0.25,4,0.5
quadruplet,"[0,2,6,8]",2310,30030,21,1,11,25,256,3,2,(7),0.3333333333333333,3,0.3333333333333333
quadruplet,"[0,2,6,8]",2310,30030,21,1,11,25,8192,3,2,(8),0.3333333333333333,3,0.0
quadruplet,"[0,2,6,8]",2310,30030,21,1,11,25,8448,4,4,(9),0.25,4,0.5
quadruplet,"[0,2,6,8]",2310,30030,21,1,11,26,512,3,2,(7),0.3333333333333333,3,0.3333333333333333
quadruplet,"[0,2,6,8]",2310,30030,21,1,11,26,16384,3,2,(8),0.3333333333333333,3,0.0
quadruplet,"[0,2,6,8]",2310,30030,21,1,11,26,16896,4,4,(9),0.25,4,0.5
quadruplet,"[0,2,6,8]",2310,30030,21,1,11,27,1024,3,2,(7),0.3333333333333333,3,0.3333333333333333
quadruplet,"[0,2,6,8]",2310,30030,21,1,11,27,32768,3,2,(8),0.3333333333333333,3,0.0
quadruplet,"[0,2,6,8]",2310,30030,21,1,11,27,33792,4,4,(9),0.25,4,0.5
quadruplet,"[0,2,6,8]",2310,30030,21,1,11,28,2048,3,2,(7),0.3333333333333333,3,0.3333333333333333
quadruplet,"[0,2,6,8]",2310,30030,21,1,11,28,65536,3,2,(8),0.3333333333333333,3,0.0
quadruplet,"[0,2,6,8]",2310,30030,21,1,11,28,67584,4,4,(9),0.25,4,0.5
quadruplet,"[0,2,6,8]",2310,30030,21,1,11,29,4096,3,2,(7),0.3333333333333333,3,0.3333333333333333
quadruplet,"[0,2,6,8]",2310,30030,21,1,11,29,131072,3,2,(8),0.3333333333333333,3,0.0
quadruplet,"[0,2,6,8]",2310,30030,21,1,11,29,135168,4,4,(9),0.25,4,0.5
quadruplet,"[0,2,6,8]",2310,30030,21,1,11,30,8192,3,2,(7),0.3333333333333333,3,0.3333333333333333
quadruplet,"[0,2,6,8]",2310,30030,21,1,11,30,262144,3,2,(8),0.3333333333333333,3,0.0
quadruplet,"[0,2,6,8]",2310,30030,21,1,11,30,270336,4,4,(9),0.25,4,0.5
quadruplet,"[0,2,6,8]",2310,30030,21,1,11,31,0,1,2,(10),1.0,1,1.0
quadruplet,"[0,2,6,8]",2310,30030,21,1,11,31,16384,3,3,(7),0.3333333333333333,3,0.3333333333333333
quadruplet,"[0,2,6,8]",2310,30030,21,1,11,31,524288,3,4,(8),0.3333333333333333,3,0.0
quadruplet,"[0,2,6,8]",2310,30030,21,1,11,31,540672,4,8,(9),0.25,4,0.5
quadruplet,"[0,2,6,8]",2310,30030,21,1,11,32,1,2,2,(4),0.5,2,0.5
quadruplet,"[0,2,6,8]",2310,30030,21,1,11,32,32768,2,2,(6),0.5,2,0.5
quadruplet,"[0,2,6,8]",2310,30030,21,1,11,32,32769,5,3,(9),0.2,5,0.4
quadruplet,"[0,2,6,8]",2310,30030,21,1,11,33,2,2,2,(4),0.5,2,0.5
quadruplet,"[0,2,6,8]",2310,30030,21,1,11,33,65536,2,2,(6),0.5,2,0.5
quadruplet,"[0,2,6,8]",2310,30030,21,1,11,33,65538,5,3,(9),0.2,5,0.4
quadruplet,"[0,2,6,8]",2310,30030,21,1,11,34,4,2,2,(4),0.5,2,0.5
quadruplet,"[0,2,6,8]",2310,30030,21,1,11,34,131072,2,2,(6),0.5,2,0.5
quadruplet,"[0,2,6,8]",2310,30030,21,1,11,34,131076,5,3,(9),0.2,5,0.4
double_twins_p17,"[0,2,34,36]",2310,30030,21,1,11,0,4,2,2,(5),0.5,2,0.0
double_twins_p17,"[0,2,34,36]",2310,30030,21,1,11,0,131072,2,2,(1),0.5,2,1.0
double_twins_p17,"[0,2,34,36]",2310,30030,21,1,11,0,131076,5,3,(9),0.2,5,0.4
double_twins_p17,"[0,2,34,36]",2310,30030,21,1,11,1,8,2,2,(5),0.5,2,0.0
double_twins_p17,"[0,2,34,36]",2310,30030,21,1,11,1,262144,2,2,(1),0.5,2,1.0
double_twins_p17,"[0,2,34,36]",2310,30030,21,1,11,1,262152,5,3,(9),0.2,5,0.4
double_twins_p17,"[0,2,34,36]",2310,30030,21,1,11,2,0,2,2,(3),0.5,2,0.0
double_twins_p17,"[0,2,34,36]",2310,30030,21,1,11,2,16,2,2,(5),0.5,2,0.0
double_twins_p17,"[0,2,34,36]",2310,30030,21,1,11,2,524288,2,4,(1),0.5,2,1.0
double_twins_p17,"[0,2,34,36]",2310,30030,21,1,11,2,524304,5,6,(9),0.2,5,0.4
double_twins_p17,"[0,2,34,36]",2310,30030,21,1,11,3,1,3,2,(2),0.3333333333333333,3,0.6666666666666666
double_twins_p17,"[0,2,34,36]",2310,30030,21,1,11,3,32,3,2,(6),0.3333333333333333,3,0.0
double_twins_p17,"[0,2,34,36]",2310,30030,21,1,11,3,33,4,3,(9),0.25,4,0.5
double_twins_p17,"[0,2,34,36]",2310,30030,21,1,11,4,2,3,2,(2),0.3333333333333333,3,0.6666666666666666
double_twins_p17,"[0,2,34,36]",2310,30030,21,1,11,4,64,3,2,(6),0.3333333333333333,3,0.0
double_twins_p17,"[0,2,34,36]",2310,30030,21,1,11,4,66,4,3,(9),0.25,4,0.5
double_twins_p17,"[0,2,34,36]",2310,30030,21,1,11,5,4,3,2,(2),0.3333333333333333,3,0.6666666666666666
double_twins_p17,"[0,2,34,36]",2310,30030,21,1,11,5,128,3,2,(6),0.3333333333333333,3,0.0
double_twins_p17,"[0,2,34,36]",2310,30030,21,1,11,5,132,4,3,(9),0.25,4,0.5
double_twins_p17,"[0,2,34,36]",2310,30030,21,1,11,6,8,3,2,(2),0.3333333333333333,3,0.6666666666666666
double_twins_p17,"[0,2,34,36]",2310,30030,21,1,11,6,256,3,2,(6),0.3333333333333333,3,0.0
double_twins_p17,"[0,2,34,36]",2310,30030,21,1,11,6,264,4,3,(9),0.25,4,0.5
double_twins_p17,"[0,2,34,36]",2310,30030,21,1,11,7,16,3,2,(2),0.3333333333333333,3,0.6666666666666666
double_twins_p17,"[0,2,34,36]",2310,30030,21,1,11,7,512,3,2,(6),0.3333333333333333,3,0.0
double_twins_p17,"[0,2,34,36]",2310,30030,21,1,11,7,528,4,3,(9),0.25,4,0.5
double_twins_p17,"[0,2,34,36]",2310,30030,21,1,11,8,32,3,2,(2),0.3333333333333333,3,0.6666666666666666
double_twins_p17,"[0,2,34,36]",2310,30030,21,1,11,8,1024,3,2,(6),0.3333333333333333,3,0.0
double_twins_p17,"[0,2,34,36]",2310,30030,21,1,11,8,1056,4,3,(9),0.25,4,0.5
double_twins_p17,"[0,2,34,36]",2310,30030,21,1,11,9,64,3,2,(2),0.3333333333333333,3,0.6666666666666666
double_twins_p17,"[0,2,34,36]",2310,30030,21,1,11,9,2048,3,2,(6),0.3333333333333333,3,0.0
double_twins_p17,"[0,2,34,36]",2310,30030,21,1,11,9,2112,4,3,(9),0.25,4,0.5
double_twins_p17,"[0,2,34,36]",2310,30030,21,1,11,10,128,3,2,(2),0.3333333333333333,3,0.6666666666666666
double_twins_p17,"[0,2,34,36]",2310,30030,21,1,11,10,4096,3,2,(6),0.3333333333333333,3,0.0
double_twins_p17,"[0,2,34,36]",2310,30030,21,1,11,10,4224,4,3,(9),0.25,4,0.5
double_twins_p17,"[0,2,34,36]",2310,30030,21,1,11,11,256,3,2,(2),0.3333333333333333,3,0.6666666666666666
double_twins_p17,"[0,2,34,36]",2310,30030,21,1,11,11,8192,3,2,(6),0.3333333333333333,3,0.0
double_twins_p17,"[0,2,34,36]",2310,30030,21,1,11,11,8448,4,3,(9),0.25,4,0.5
double_twins_p17,"[0,2,34,36]",2310,30030,21,1,11,12,512,3,2,(2),0.3333333333333333,3,0.6666666666666666
double_twins_p17,"[0,2,34,36]",2310,30030,21,1,11,12,16384,3,2,(6),0.3333333333333333,3,0.0
double_twins_p17,"[0,2,34,36]",2310,30030,21,1,11,12,16896,4,3,(9),0.25,4,0.5
double_twins_p17,"[0,2,34,36]",2310,30030,21,1,11,13,1024,3,2,(2),0.3333333333333333,3,0.6666666666666666
double_twins_p17,"[0,2,34,36]",2310,30030,21,1,11,13,32768,3,2,(6),0.3333333333333333,3,0.0
double_twins_p17,"[0,2,34,36]",2310,30030,21,1,11,13,33792,4,3,(9),0.25,4,0.5
double_twins_p17,"[0,2,34,36]",2310,30030,21,1,11,14,2048,3,2,(2),0.3333333333333333,3,0.6666666666666666
double_twins_p17,"[0,2,34,36]",2310,30030,21,1,11,14,65536,3,2,(6),0.3333333333333333,3,0.0
double_twins_p17,"[0,2,34,36]",2310,30030,21,1,11,14,67584,4,3,(9),0.25,4,0.5
double_twins_p17,"[0,2,34,36]",2310,30030,21,1,11,15,4096,3,2,(2),0.3333333333333333,3,0.6666666666666666
double_twins_p17,"[0,2,34,36]",2310,30030,21,1,11,15,131072,3,2,(6),0.3333333333333333,3,0.0
double_twins_p17,"[0,2,34,36]",2310,30030,21,1,11,15,135168,4,3,(9),0.25,4,0.5
double_twins_p17,"[0,2,34,36]",2310,30030,21,1,11,16,8192,3,2,(2),0.3333333333333333,3,0.6666666666666666
double_twins_p17,"[0,2,34,36]",2310,30030,21,1,11,16,262144,3,2,(6),0.3333333333333333,3,0.0
double_twins_p17,"[0,2,34,36]",2310,30030,21,1,11,16,270336,4,3,(9),0.25,4,0.5
double_twins_p17,"[0,2,34,36]",2310,30030,21,1,11,17,16384,3,4,(2),0.3333333333333333,3,0.6666666666666666
double_twins_p17,"[0,2,34,36]",2310,30030,21,1,11,17,524288,3,4,(6),0.3333333333333333,3,0.0
double_twins_p17,"[0,2,34,36]",2310,30030,21,1,11,17,540672,4,5,(9),0.25,4,0.5
double_twins_p17,"[0,2,34,36]",2310,30030,21,1,11,18,1,2,2,(6),0.5,2,0.0
double_twins_p17,"[0,2,34,36]",2310,30030,21,1,11,18,32768,2,2,(2),0.5,2,0.5
double_twins_p17,"[0,2,34,36]",2310,30030,21,1,11,18,32769,5,3,(9),0.2,5,0.6
double_twins_p17,"[0,2,34,36]",2310,30030,21,1,11,19,2,2,2,(6),0.5,2,0.0
double_twins_p17,"[0,2,34,36]",2310,30030,21,1,11,19,65536,2,2,(2),0.5,2,0.5
double_twins_p17,"[0,2,34,36]",2310,30030,21,1,11,19,65538,5,3,(9),0.2,5,0.6
double_twins_p17,"[0,2,34,36]",2310,30030,21,1,11,20,4,2,2,(6),0.5,2,0.0
double_twins_p17,"[0,2,34,36]",2310,30030,21,1,11,20,131072,2,2,(2),0.5,2,0.5
double_twins_p17,"[0,2,34,36]",2310,30030,21,1,11,20,131076,5,3,(9),0.2,5,0.6
double_twins_p17,"[0,2,34,36]",2310,30030,21,1,11,21,8,2,2,(6),0.5,2,0.0
double_twins_p17,"[0,2,34,36]",2310,30030,21,1,11,21,262144,2,2,(2),0.5,2,0.5
double_twins_p17,"[0,2,34,36]",2310,30030,21,1,11,21,262152,5,3,(9),0.2,5,0.6
double_twins_p17,"[0,2,34,36]",2310,30030,21,1,11,22,16,2,2,(6),0.5,2,0.0
double_twins_p17,"[0,2,34,36]",2310,30030,21,1,11,22,524288,2,2,(2),0.5,2,0.5
double_twins_p17,"[0,2,34,36]",2310,30030,21,1,11,22,524304,5,3,(9),0.2,5,0.6
double_twins_p17,"[0,2,34,36]",2310,30030,21,1,11,23,32,7,2,(9),0.14285714285714285,7,0.42857142857142855
double_twins_p17,"[0,2,34,36]",2310,30030,21,1,11,24,64,7,2,(9),0.14285714285714285,7,0.42857142857142855
double_twins_p17,"[0,2,34,36]",2310,30030,21,1,11,25,128,7,2,(9),0.14285714285714285,7,0.42857142857142855
double_twins_p17,"[0,2,34,36]",2310,30030,21,1,11,26,256,7,2,(9),0.14285714285714285,7,0.42857142857142855
double_twins_p17,"[0,2,34,36]",2310,30030,21,1,11,27,512,7,2,(9),0.14285714285714285,7,0.42857142857142855
double_twins_p17,"[0,2,34,36]",2310,30030,21,1,11,28,1024,7,2,(9),0.14285714285714285,7,0.42857142857142855
double_twins_p17,"[0,2,34,36]",2310,30030,21,1,11,29,2048,7,2,(9),0.14285714285714285,7,0.42857142857142855
double_twins_p17,"[0,2,34,36]",2310,30030,21,1,11,30,4096,7,2,(9),0.14285714285714285,7,0.42857142857142855
double_twins_p17,"[0,2,34,36]",2310,30030,21,1,11,31,8192,7,2,(9),0.14285714285714285,7,0.42857142857142855
double_twins_p17,"[0,2,34,36]",2310,30030,21,1,11,32,0,4,2,(4),0.25,4,0.25
double_twins_p17,"[0,2,34,36]",2310,30030,21,1,11,32,16384,7,4,(9),0.14285714285714285,7,0.42857142857142855
double_twins_p17,"[0,2,34,36]",2310,30030,21,1,11,33,1,2,2,(4),0.5,2,0.0
double_twins_p17,"[0,2,34,36]",2310,30030,21,1,11,33,32768,2,2,(10),0.5,2,1.0
double_twins_p17,"[0,2,34,36]",2310,30030,21,1,11,33,32769,5,3,(9),0.2,5,0.2
double_twins_p17,"[0,2,34,36]",2310,30030,21,1,11,34,2,2,2,(4),0.5,2,0.0
double_twins_p17,"[0,2,34,36]",2310,30030,21,1,11,34,65536,2,2,(10),0.5,2,1.0
double_twins_p17,"[0,2,34,36]",2310,30030,21,1,11,34,65538,5,3,(9),0.2,5,0.2
quad_alt_0618,"[0,2,6,18]",2310,30030,6,1,11,0,8,7,2,(8),0.14285714285714285,7,0.2857142857142857
quad_alt_0618,"[0,2,6,18]",2310,30030,6,1,11,1,0,4,2,(9),0.25,4,0.5
quad_alt_0618,"[0,2,6,18]",2310,30030,6,1,11,1,16,7,4,(8),0.14285714285714285,7,0.2857142857142857
quad_alt_0618,"[0,2,6,18]",2310,30030,6,1,11,2,1,7,2,(9),0.14285714285714285,7,0.42857142857142855
quad_alt_0618,"[0,2,6,18]",2310,30030,6,1,11,3,2,7,2,(9),0.14285714285714285,7,0.42857142857142855
quad_alt_0618,"[0,2,6,18]",2310,30030,6,1,11,4,4,7,2,(9),0.14285714285714285,7,0.42857142857142855
quad_alt_0618,"[0,2,6,18]",2310,30030,6,1,11,5,8,7,2,(9),0.14285714285714285,7,0.42857142857142855
quad_alt_0618,"[0,2,6,18]",2310,30030,6,1,11,6,16,7,2,(9),0.14285714285714285,7,0.42857142857142855
quad_alt_0618,"[0,2,6,18]",2310,30030,6,1,11,26,0,11,2,(9),0.09090909090909091,11,0.36363636363636365
quad_alt_0618,"[0,2,6,18]",2310,30030,6,1,11,27,1,7,2,(9),0.14285714285714285,7,0.2857142857142857
quad_alt_0618,"[0,2,6,18]",2310,30030,6,1,11,28,2,7,2,(9),0.14285714285714285,7,0.2857142857142857
quad_alt_0618,"[0,2,6,18]",2310,30030,6,1,11,29,4,7,2,(9),0.14285714285714285,7,0.2857142857142857
quad_alt_0618,"[0,2,6,18]",2310,30030,6,1,11,30,8,7,2,(9),0.14285714285714285,7,0.2857142857142857
quad_alt_0618,"[0,2,6,18]",2310,30030,6,1,11,31,0,4,2,(7),0.25,4,0.5
quad_alt_0618,"[0,2,6,18]",2310,30030,6,1,11,31,16,7,4,(9),0.14285714285714285,7,0.2857142857142857
quad_alt_0618,"[0,2,6,18]",2310,30030,6,1,11,32,1,7,2,(9),0.14285714285714285,7,0.42857142857142855
quad_alt_0618,"[0,2,6,18]",2310,30030,6,1,11,33,2,7,2,(9),0.14285714285714285,7,0.42857142857142855
quad_alt_0618,"[0,2,6,18]",2310,30030,6,1,11,34,4,7,2,(9),0.14285714285714285,7,0.42857142857142855
quad_alt_0826,"[0,2,8,26]",2310,30030,16,1,11,0,8,3,2,(7),0.3333333333333333,3,0.3333333333333333
quad_alt_0826,"[0,2,8,26]",2310,30030,16,1,11,0,8192,3,2,(6),0.3333333333333333,3,0.0
quad_alt_0826,"[0,2,8,26]",2310,30030,16,1,11,0,8200,4,4,(8),0.25,4,0.5
quad_alt_0826,"[0,2,8,26]",2310,30030,16,1,11,1,16,3,4,(7),0.3333333333333333,3,0.3333333333333333
quad_alt_0826,"[0,2,8,26]",2310,30030,16,1,11,1,16384,3,3,(6),0.3333333333333333,3,0.0
quad_alt_0826,"[0,2,8,26]",2310,30030,16,1,11,1,16400,4,8,(8),0.25,4,0.5
quad_alt_0826,"[0,2,8,26]",2310,30030,16,1,11,2,1,3,2,(6),0.3333333333333333,3,0.0
quad_alt_0826,"[0,2,8,26]",2310,30030,16,1,11,2,32,3,2,(7),0.3333333333333333,3,0.3333333333333333
quad_alt_0826,"[0,2,8,26]",2310,30030,16,1,11,2,33,4,3,(8),0.25,4,0.5
quad_alt_0826,"[0,2,8,26]",2310,30030,16,1,11,3,2,3,2,(6),0.3333333333333333,3,0.0
quad_alt_0826,"[0,2,8,26]",2310,30030,16,1,11,3,64,3,2,(7),0.3333333333333333,3,0.3333333333333333
quad_alt_0826,"[0,2,8,26]",2310,30030,16,1,11,3,66,4,3,(8),0.25,4,0.5
quad_alt_0826,"[0,2,8,26]",2310,30030,16,1,11,4,4,3,2,(6),0.3333333333333333,3,0.0
quad_alt_0826,"[0,2,8,26]",2310,30030,16,1,11,4,128,3,2,(7),0.3333333333333333,3,0.3333333333333333
quad_alt_0826,"[0,2,8,26]",2310,30030,16,1,11,4,132,4,3,(8),0.25,4,0.5
quad_alt_0826,"[0,2,8,26]",2310,30030,16,1,11,5,8,3,2,(6),0.3333333333333333,3,0.0
quad_alt_0826,"[0,2,8,26]",2310,30030,16,1,11,5,256,3,2,(7),0.3333333333333333,3,0.3333333333333333
quad_alt_0826,"[0,2,8,26]",2310,30030,16,1,11,5,264,4,3,(8),0.25,4,0.5
quad_alt_0826,"[0,2,8,26]",2310,30030,16,1,11,6,16,3,2,(6),0.3333333333333333,3,0.0
quad_alt_0826,"[0,2,8,26]",2310,30030,16,1,11,6,512,3,2,(7),0.3333333333333333,3,0.3333333333333333
quad_alt_0826,"[0,2,8,26]",2310,30030,16,1,11,6,528,4,3,(8),0.25,4,0.5
quad_alt_0826,"[0,2,8,26]",2310,30030,16,1,11,7,32,3,2,(6),0.3333333333333333,3,0.0
quad_alt_0826,"[0,2,8,26]",2310,30030,16,1,11,7,1024,3,2,(7),0.3333333333333333,3,0.3333333333333333
quad_alt_0826,"[0,2,8,26]",2310,30030,16,1,11,7,1056,4,3,(8),0.25,4,0.5
quad_alt_0826,"[0,2,8,26]",2310,30030,16,1,11,8,64,3,2,(6),0.3333333333333333,3,0.0
quad_alt_0826,"[0,2,8,26]",2310,30030,16,1,11,8,2048,3,2,(7),0.3333333333333333,3,0.3333333333333333
quad_alt_0826,"[0,2,8,26]",2310,30030,16,1,11,8,2112,4,3,(8),0.25,4,0.5
quad_alt_0826,"[0,2,8,26]",2310,30030,16,1,11,9,128,3,2,(6),0.3333333333333333,3,0.0
quad_alt_0826,"[0,2,8,26]",2310,30030,16,1,11,9,4096,3,2,(7),0.3333333333333333,3,0.3333333333333333
quad_alt_0826,"[0,2,8,26]",2310,30030,16,1,11,9,4224,4,3,(8),0.25,4,0.5
quad_alt_0826,"[0,2,8,26]",2310,30030,16,1,11,10,256,3,2,(6),0.3333333333333333,3,0.0
quad_alt_0826,"[0,2,8,26]",2310,30030,16,1,11,10,8192,3,2,(7),0.3333333333333333,3,0.3333333333333333
quad_alt_0826,"[0,2,8,26]",2310,30030,16,1,11,10,8448,4,3,(8),0.25,4,0.5
quad_alt_0826,"[0,2,8,26]",2310,30030,16,1,11,11,512,3,2,(6),0.3333333333333333,3,0.0
quad_alt_0826,"[0,2,8,26]",2310,30030,16,1,11,11,16384,3,2,(7),0.3333333333333333,3,0.3333333333333333
quad_alt_0826,"[0,2,8,26]",2310,30030,16,1,11,11,16896,4,3,(8),0.25,4,0.5
quad_alt_0826,"[0,2,8,26]",2310,30030,16,1,11,12,1024,7,2,(8),0.14285714285714285,7,0.2857142857142857
quad_alt_0826,"[0,2,8,26]",2310,30030,16,1,11,13,2048,7,2,(8),0.14285714285714285,7,0.2857142857142857
quad_alt_0826,"[0,2,8,26]",2310,30030,16,1,11,14,4096,7,2,(8),0.14285714285714285,7,0.2857142857142857
quad_alt_0826,"[0,2,8,26]",2310,30030,16,1,11,15,8192,7,2,(8),0.14285714285714285,7,0.2857142857142857
quad_alt_0826,"[0,2,8,26]",2310,30030,16,1,11,16,16384,7,2,(8),0.14285714285714285,7,0.2857142857142857
quad_alt_0826,"[0,2,8,26]",2310,30030,16,1,11,21,0,11,2,(9),0.09090909090909091,11,0.36363636363636365
quad_alt_0826,"[0,2,8,26]",2310,30030,16,1,11,22,1,7,2,(9),0.14285714285714285,7,0.42857142857142855
quad_alt_0826,"[0,2,8,26]",2310,30030,16,1,11,23,2,7,2,(9),0.14285714285714285,7,0.42857142857142855
quad_alt_0826,"[0,2,8,26]",2310,30030,16,1,11,24,4,7,2,(9),0.14285714285714285,7,0.42857142857142855
quad_alt_0826,"[0,2,8,26]",2310,30030,16,1,11,25,8,7,2,(9),0.14285714285714285,7,0.42857142857142855
quad_alt_0826,"[0,2,8,26]",2310,30030,16,1,11,26,16,7,2,(9),0.14285714285714285,7,0.42857142857142855
quad_alt_0826,"[0,2,8,26]",2310,30030,16,1,11,27,32,7,2,(9),0.14285714285714285,7,0.42857142857142855
quad_alt_0826,"[0,2,8,26]",2310,30030,16,1,11,28,64,7,2,(9),0.14285714285714285,7,0.42857142857142855
quad_alt_0826,"[0,2,8,26]",2310,30030,16,1,11,29,128,7,2,(9),0.14285714285714285,7,0.42857142857142855
quad_alt_0826,"[0,2,8,26]",2310,30030,16,1,11,30,256,7,2,(9),0.14285714285714285,7,0.42857142857142855
quad_alt_0826,"[0,2,8,26]",2310,30030,16,1,11,31,0,4,2,(8),0.25,4,0.25
quad_alt_0826,"[0,2,8,26]",2310,30030,16,1,11,31,512,7,4,(9),0.14285714285714285,7,0.42857142857142855
quad_alt_0826,"[0,2,8,26]",2310,30030,16,1,11,32,1,3,2,(6),0.3333333333333333,3,0.3333333333333333
quad_alt_0826,"[0,2,8,26]",2310,30030,16,1,11,32,1024,3,2,(5),0.3333333333333333,3,0.3333333333333333
quad_alt_0826,"[0,2,8,26]",2310,30030,16,1,11,32,1025,4,4,(9),0.25,4,0.5
quad_alt_0826,"[0,2,8,26]",2310,30030,16,1,11,33,2,3,2,(6),0.3333333333333333,3,0.3333333333333333
quad_alt_0826,"[0,2,8,26]",2310,30030,16,1,11,33,2048,3,2,(5),0.3333333333333333,3,0.3333333333333333
quad_alt_0826,"[0,2,8,26]",2310,30030,16,1,11,33,2050,4,4,(9),0.25,4,0.5
quad_alt_0826,"[0,2,8,26]",2310,30030,16,1,11,34,4,3,2,(6),0.3333333333333333,3,0.3333333333333333
quad_alt_0826,"[0,2,8,26]",2310,30030,16,1,11,34,4096,3,2,(5),0.3333333333333333,3,0.3333333333333333
quad_alt_0826,"[0,2,8,26]",2310,30030,16,1,11,34,4100,4,4,(9),0.25,4,0.5
quad_alt_1836,"[0,2,18,36]",2310,30030,16,1,11,0,8,3,2,(9),0.3333333333333333,3,0.6666666666666666
quad_alt_1836,"[0,2,18,36]",2310,30030,16,1,11,0,8192,3,2,(6),0.3333333333333333,3,0.3333333333333333
quad_alt_1836,"[0,2,18,36]",2310,30030,16,1,11,0,8200,4,4,(7),0.25,4,0.25
quad_alt_1836,"[0,2,18,36]",2310,30030,16,1,11,1,16,3,2,(9),0.3333333333333333,3,0.6666666666666666
quad_alt_1836,"[0,2,18,36]",2310,30030,16,1,11,1,16384,3,2,(6),0.3333333333333333,3,0.3333333333333333
quad_alt_1836,"[0,2,18,36]",2310,30030,16,1,11,1,16400,4,4,(7),0.25,4,0.25
quad_alt_1836,"[0,2,18,36]",2310,30030,16,1,11,2,32,7,2,(9),0.14285714285714285,7,0.42857142857142855
quad_alt_1836,"[0,2,18,36]",2310,30030,16,1,11,3,64,7,2,(9),0.14285714285714285,7,0.42857142857142855
quad_alt_1836,"[0,2,18,36]",2310,30030,16,1,11,4,128,7,2,(9),0.14285714285714285,7,0.42857142857142855
quad_alt_1836,"[0,2,18,36]",2310,30030,16,1,11,5,256,7,2,(9),0.14285714285714285,7,0.42857142857142855
quad_alt_1836,"[0,2,18,36]",2310,30030,16,1,11,6,512,7,2,(9),0.14285714285714285,7,0.42857142857142855
quad_alt_1836,"[0,2,18,36]",2310,30030,16,1,11,7,1024,7,2,(9),0.14285714285714285,7,0.42857142857142855
quad_alt_1836,"[0,2,18,36]",2310,30030,16,1,11,8,2048,7,2,(9),0.14285714285714285,7,0.42857142857142855
quad_alt_1836,"[0,2,18,36]",2310,30030,16,1,11,9,4096,7,2,(9),0.14285714285714285,7,0.42857142857142855
quad_alt_1836,"[0,2,18,36]",2310,30030,16,1,11,10,8192,7,2,(9),0.14285714285714285,7,0.42857142857142855
quad_alt_1836,"[0,2,18,36]",2310,30030,16,1,11,11,16384,7,2,(9),0.14285714285714285,7,0.42857142857142855
quad_alt_1836,"[0,2,18,36]",2310,30030,16,1,11,16,0,11,2,(9),0.09090909090909091,11,0.36363636363636365
quad_alt_1836,"[0,2,18,36]",2310,30030,16,1,11,17,1,7,2,(9),0.14285714285714285,7,0.42857142857142855
quad_alt_1836,"[0,2,18,36]",2310,30030,16,1,11,18,2,7,2,(9),0.14285714285714285,7,0.42857142857142855
quad_alt_1836,"[0,2,18,36]",2310,30030,16,1,11,19,4,7,2,(9),0.14285714285714285,7,0.42857142857142855
quad_alt_1836,"[0,2,18,36]",2310,30030,16,1,11,20,8,7,2,(9),0.14285714285714285,7,0.42857142857142855
quad_alt_1836,"[0,2,18,36]",2310,30030,16,1,11,21,0,4,2,(7),0.25,4,0.25
quad_alt_1836,"[0,2,18,36]",2310,30030,16,1,11,21,16,7,4,(9),0.14285714285714285,7,0.42857142857142855
quad_alt_1836,"[0,2,18,36]",2310,30030,16,1,11,22,1,3,2,(5),0.3333333333333333,3,0.3333333333333333
quad_alt_1836,"[0,2,18,36]",2310,30030,16,1,11,22,32,3,2,(8),0.3333333333333333,3,0.3333333333333333
quad_alt_1836,"[0,2,18,36]",2310,30030,16,1,11,22,33,4,3,(9),0.25,4,0.5
quad_alt_1836,"[0,2,18,36]",2310,30030,16,1,11,23,2,3,2,(5),0.3333333333333333,3,0.3333333333333333
quad_alt_1836,"[0,2,18,36]",2310,30030,16,1,11,23,64,3,2,(8),0.3333333333333333,3,0.3333333333333333
quad_alt_1836,"[0,2,18,36]",2310,30030,16,1,11,23,66,4,3,(9),0.25,4,0.5
quad_alt_1836,"[0,2,18,36]",2310,30030,16,1,11,24,4,3,2,(5),0.3333333333333333,3,0.3333333333333333
quad_alt_1836,"[0,2,18,36]",2310,30030,16,1,11,24,128,3,2,(8),0.3333333333333333,3,0.3333333333333333
quad_alt_1836,"[0,2,18,36]",2310,30030,16,1,11,24,132,4,3,(9),0.25,4,0.5
quad_alt_1836,"[0,2,18,36]",2310,30030,16,1,11,25,8,3,2,(5),0.3333333333333333,3,0.3333333333333333
quad_alt_1836,"[0,2,18,36]",2310,30030,16,1,11,25,256,3,2,(8),0.3333333333333333,3,0.3333333333333333
quad_alt_1836,"[0,2,18,36]",2310,30030,16,1,11,25,264,4,3,(9),0.25,4,0.5
quad_alt_1836,"[0,2,18,36]",2310,30030,16,1,11,26,16,3,2,(5),0.3333333333333333,3,0.3333333333333333
quad_alt_1836,"[0,2,18,36]",2310,30030,16,1,11,26,512,3,2,(8),0.3333333333333333,3,0.3333333333333333
quad_alt_1836,"[0,2,18,36]",2310,30030,16,1,11,26,528,4,3,(9),0.25,4,0.5
quad_alt_1836,"[0,2,18,36]",2310,30030,16,1,11,27,32,3,2,(5),0.3333333333333333,3,0.3333333333333333
quad_alt_1836,"[0,2,18,36]",2310,30030,16,1,11,27,1024,3,2,(8),0.3333333333333333,3,0.3333333333333333
quad_alt_1836,"[0,2,18,36]",2310,30030,16,1,11,27,1056,4,3,(9),0.25,4,0.5
quad_alt_1836,"[0,2,18,36]",2310,30030,16,1,11,28,64,3,2,(5),0.3333333333333333,3,0.3333333333333333
quad_alt_1836,"[0,2,18,36]",2310,30030,16,1,11,28,2048,3,2,(8),0.3333333333333333,3,0.3333333333333333
quad_alt_1836,"[0,2,18,36]",2310,30030,16,1,11,28,2112,4,3,(9),0.25,4,0.5
quad_alt_1836,"[0,2,18,36]",2310,30030,16,1,11,29,128,3,2,(5),0.3333333333333333,3,0.3333333333333333
quad_alt_1836,"[0,2,18,36]",2310,30030,16,1,11,29,4096,3,2,(8),0.3333333333333333,3,0.3333333333333333
quad_alt_1836,"[0,2,18,36]",2310,30030,16,1,11,29,4224,4,3,(9),0.25,4,0.5
quad_alt_1836,"[0,2,18,36]",2310,30030,16,1,11,30,256,3,2,(5),0.3333333333333333,3,0.3333333333333333
quad_alt_1836,"[0,2,18,36]",2310,30030,16,1,11,30,8192,3,2,(8),0.3333333333333333,3,0.3333333333333333
quad_alt_1836,"[0,2,18,36]",2310,30030,16,1,11,30,8448,4,3,(9),0.25,4,0.5
quad_alt_1836,"[0,2,18,36]",2310,30030,16,1,11,31,0,1,2,(7),1.0,1,0.0
quad_alt_1836,"[0,2,18,36]",2310,30030,16,1,11,31,512,3,4,(5),0.3333333333333333,3,0.3333333333333333
quad_alt_1836,"[0,2,18,36]",2310,30030,16,1,11,31,16384,3,4,(8),0.3333333333333333,3,0.3333333333333333
quad_alt_1836,"[0,2,18,36]",2310,30030,16,1,11,31,16896,4,6,(9),0.25,4,0.5
quad_alt_1836,"[0,2,18,36]",2310,30030,16,1,11,32,1,3,2,(8),0.3333333333333333,3,0.3333333333333333
quad_alt_1836,"[0,2,18,36]",2310,30030,16,1,11,32,1024,3,2,(9),0.3333333333333333,3,0.3333333333333333
quad_alt_1836,"[0,2,18,36]",2310,30030,16,1,11,32,1025,4,4,(6),0.25,4,0.5
quad_alt_1836,"[0,2,18,36]",2310,30030,16,1,11,33,2,3,2,(8),0.3333333333333333,3,0.3333333333333333
quad_alt_1836,"[0,2,18,36]",2310,30030,16,1,11,33,2048,3,2,(9),0.3333333333333333,3,0.3333333333333333
quad_alt_1836,"[0,2,18,36]",2310,30030,16,1,11,33,2050,4,4,(6),0.25,4,0.5
quad_alt_1836,"[0,2,18,36]",2310,30030,16,1,11,34,4,3,2,(8),0.3333333333333333,3,0.3333333333333333
quad_alt_1836,"[0,2,18,36]",2310,30030,16,1,11,34,4096,3,2,(9),0.3333333333333333,3,0.3333333333333333
quad_alt_1836,"[0,2,18,36]",2310,30030,16,1,11,34,4100,4,4,(6),0.25,4,0.5
quad_alt_3854,"[0,2,38,54]",2310,30030,26,1,11,0,32768,2,2,(4),0.5,2,0.5
quad_alt_3854,"[0,2,38,54]",2310,30030,26,1,11,0,1048576,2,2,(8),0.5,2,0.0
quad_alt_3854,"[0,2,38,54]",2310,30030,26,1,11,0,1081344,5,3,(9),0.2,5,0.6
quad_alt_3854,"[0,2,38,54]",2310,30030,26,1,11,1,65536,2,2,(4),0.5,2,0.5
quad_alt_3854,"[0,2,38,54]",2310,30030,26,1,11,1,2097152,2,2,(8),0.5,2,0.0
quad_alt_3854,"[0,2,38,54]",2310,30030,26,1,11,1,2162688,5,3,(9),0.2,5,0.6
quad_alt_3854,"[0,2,38,54]",2310,30030,26,1,11,2,131072,2,2,(4),0.5,2,0.5
quad_alt_3854,"[0,2,38,54]",2310,30030,26,1,11,2,4194304,2,2,(8),0.5,2,0.0
quad_alt_3854,"[0,2,38,54]",2310,30030,26,1,11,2,4325376,5,3,(9),0.2,5,0.6
quad_alt_3854,"[0,2,38,54]",2310,30030,26,1,11,3,262144,2,2,(4),0.5,2,0.5
quad_alt_3854,"[0,2,38,54]",2310,30030,26,1,11,3,8388608,2,2,(8),0.5,2,0.0
quad_alt_3854,"[0,2,38,54]",2310,30030,26,1,11,3,8650752,5,3,(9),0.2,5,0.6
quad_alt_3854,"[0,2,38,54]",2310,30030,26,1,11,4,524288,2,2,(4),0.5,2,0.5
quad_alt_3854,"[0,2,38,54]",2310,30030,26,1,11,4,16777216,2,2,(8),0.5,2,0.0
quad_alt_3854,"[0,2,38,54]",2310,30030,26,1,11,4,17301504,5,3,(9),0.2,5,0.6
quad_alt_3854,"[0,2,38,54]",2310,30030,26,1,11,5,1048576,7,2,(9),0.14285714285714285,7,0.5714285714285714
quad_alt_3854,"[0,2,38,54]",2310,30030,26,1,11,6,2097152,7,2,(9),0.14285714285714285,7,0.5714285714285714
quad_alt_3854,"[0,2,38,54]",2310,30030,26,1,11,7,4194304,7,2,(9),0.14285714285714285,7,0.5714285714285714
quad_alt_3854,"[0,2,38,54]",2310,30030,26,1,11,8,8388608,7,2,(9),0.14285714285714285,7,0.5714285714285714
quad_alt_3854,"[0,2,38,54]",2310,30030,26,1,11,9,0,4,2,(8),0.25,4,0.0
quad_alt_3854,"[0,2,38,54]",2310,30030,26,1,11,9,16777216,7,4,(9),0.14285714285714285,7,0.5714285714285714
quad_alt_3854,"[0,2,38,54]",2310,30030,26,1,11,10,1,7,2,(8),0.14285714285714285,7,0.14285714285714285
quad_alt_3854,"[0,2,38,54]",2310,30030,26,1,11,11,2,7,2,(8),0.14285714285714285,7,0.14285714285714285
quad_alt_3854,"[0,2,38,54]",2310,30030,26,1,11,12,4,7,2,(8),0.14285714285714285,7,0.14285714285714285
quad_alt_3854,"[0,2,38,54]",2310,30030,26,1,11,13,8,7,2,(8),0.14285714285714285,7,0.14285714285714285
quad_alt_3854,"[0,2,38,54]",2310,30030,26,1,11,14,0,4,2,(9),0.25,4,0.75
quad_alt_3854,"[0,2,38,54]",2310,30030,26,1,11,14,16,7,4,(8),0.14285714285714285,7,0.14285714285714285
quad_alt_3854,"[0,2,38,54]",2310,30030,26,1,11,15,1,2,2,(6),0.5,2,0.5
quad_alt_3854,"[0,2,38,54]",2310,30030,26,1,11,15,32,2,2,(4),0.5,2,0.0
quad_alt_3854,"[0,2,38,54]",2310,30030,26,1,11,15,33,5,3,(8),0.2,5,0.2
quad_alt_3854,"[0,2,38,54]",2310,30030,26,1,11,16,2,2,2,(6),0.5,2,0.5
quad_alt_3854,"[0,2,38,54]",2310,30030,26,1,11,16,64,2,2,(4),0.5,2,0.0
quad_alt_3854,"[0,2,38,54]",2310,30030,26,1,11,16,66,5,3,(8),0.2,5,0.2
quad_alt_3854,"[0,2,38,54]",2310,30030,26,1,11,17,4,2,2,(6),0.5,2,0.5
quad_alt_3854,"[0,2,38,54]",2310,30030,26,1,11,17,128,2,2,(4),0.5,2,0.0
quad_alt_3854,"[0,2,38,54]",2310,30030,26,1,11,17,132,5,3,(8),0.2,5,0.2
quad_alt_3854,"[0,2,38,54]",2310,30030,26,1,11,18,8,2,2,(6),0.5,2,0.5
quad_alt_3854,"[0,2,38,54]",2310,30030,26,1,11,18,256,2,2,(4),0.5,2,0.0
quad_alt_3854,"[0,2,38,54]",2310,30030,26,1,11,18,264,5,3,(8),0.2,5,0.2
quad_alt_3854,"[0,2,38,54]",2310,30030,26,1,11,19,0,2,2,(9),0.5,2,1.0
quad_alt_3854,"[0,2,38,54]",2310,30030,26,1,11,19,16,2,4,(6),0.5,2,0.5
quad_alt_3854,"[0,2,38,54]",2310,30030,26,1,11,19,512,2,4,(4),0.5,2,0.0
quad_alt_3854,"[0,2,38,54]",2310,30030,26,1,11,19,528,5,6,(8),0.2,5,0.2
quad_alt_3854,"[0,2,38,54]",2310,30030,26,1,11,20,1,1,2,(9),1.0,1,1.0
quad_alt_3854,"[0,2,38,54]",2310,30030,26,1,11,20,32,1,2,(6),1.0,1,0.0
quad_alt_3854,"[0,2,38,54]",2310,30030,26,1,11,20,33,1,3,(0),1.0,1,1.0
quad_alt_3854,"[0,2,38,54]",2310,30030,26,1,11,20,1024,1,2,(4),1.0,1,0.0
quad_alt_3854,"[0,2,38,54]",2310,30030,26,1,11,20,1025,1,3,(3),1.0,1,0.0
quad_alt_3854,"[0,2,38,54]",2310,30030,26,1,11,20,1056,1,3,(7),1.0,1,0.0
quad_alt_3854,"[0,2,38,54]",2310,30030,26,1,11,20,1057,4,4,(8),0.25,4,0.25
quad_alt_3854,"[0,2,38,54]",2310,30030,26,1,11,21,2,1,2,(9),1.0,1,1.0
quad_alt_3854,"[0,2,38,54]",2310,30030,26,1,11,21,64,1,2,(6),1.0,1,0.0
quad_alt_3854,"[0,2,38,54]",2310,30030,26,1,11,21,66,1,3,(0),1.0,1,1.0
quad_alt_3854,"[0,2,38,54]",2310,30030,26,1,11,21,2048,1,2,(4),1.0,1,0.0
quad_alt_3854,"[0,2,38,54]",2310,30030,26,1,11,21,2050,1,3,(3),1.0,1,0.0
quad_alt_3854,"[0,2,38,54]",2310,30030,26,1,11,21,2112,1,3,(7),1.0,1,0.0
quad_alt_3854,"[0,2,38,54]",2310,30030,26,1,11,21,2114,4,4,(8),0.25,4,0.25
quad_alt_3854,"[0,2,38,54]",2310,30030,26,1,11,22,4,1,2,(9),1.0,1,1.0
quad_alt_3854,"[0,2,38,54]",2310,30030,26,1,11,22,128,1,2,(6),1.0,1,0.0
quad_alt_3854,"[0,2,38,54]",2310,30030,26,1,11,22,132,1,3,(0),1.0,1,1.0
quad_alt_3854,"[0,2,38,54]",2310,30030,26,1,11,22,4096,1,2,(4),1.0,1,0.0
quad_alt_3854,"[0,2,38,54]",2310,30030,26,1,11,22,4100,1,3,(3),1.0,1,0.0
quad_alt_3854,"[0,2,38,54]",2310,30030,26,1,11,22,4224,1,3,(7),1.0,1,0.0
quad_alt_3854,"[0,2,38,54]",2310,30030,26,1,11,22,4228,4,4,(8),0.25,4,0.25
quad_alt_3854,"[0,2,38,54]",2310,30030,26,1,11,23,8,1,2,(9),1.0,1,1.0
quad_alt_3854,"[0,2,38,54]",2310,30030,26,1,11,23,256,1,2,(6),1.0,1,0.0
quad_alt_3854,"[0,2,38,54]",2310,30030,26,1,11,23,264,1,3,(0),1.0,1,1.0
quad_alt_3854,"[0,2,38,54]",2310,30030,26,1,11,23,8192,1,2,(4),1.0,1,0.0
quad_alt_3854,"[0,2,38,54]",2310,30030,26,1,11,23,8200,1,3,(3),1.0,1,0.0
quad_alt_3854,"[0,2,38,54]",2310,30030,26,1,11,23,8448,1,3,(7),1.0,1,0.0
quad_alt_3854,"[0,2,38,54]",2310,30030,26,1,11,23,8456,4,4,(8),0.25,4,0.25
quad_alt_3854,"[0,2,38,54]",2310,30030,26,1,11,24,16,1,2,(9),1.0,1,1.0
quad_alt_3854,"[0,2,38,54]",2310,30030,26,1,11,24,512,1,2,(6),1.0,1,0.0
quad_alt_3854,"[0,2,38,54]",2310,30030,26,1,11,24,528,1,3,(0),1.0,1,1.0
quad_alt_3854,"[0,2,38,54]",2310,30030,26,1,11,24,16384,1,2,(4),1.0,1,0.0
quad_alt_3854,"[0,2,38,54]",2310,30030,26,1,11,24,16400,1,3,(3),1.0,1,0.0
quad_alt_3854,"[0,2,38,54]",2310,30030,26,1,11,24,16896,1,3,(7),1.0,1,0.0
quad_alt_3854,"[0,2,38,54]",2310,30030,26,1,11,24,16912,4,4,(8),0.25,4,0.25
quad_alt_3854,"[0,2,38,54]",2310,30030,26,1,11,25,32,1,2,(9),1.0,1,1.0
quad_alt_3854,"[0,2,38,54]",2310,30030,26,1,11,25,1024,1,2,(6),1.0,1,0.0
quad_alt_3854,"[0,2,38,54]",2310,30030,26,1,11,25,1056,1,3,(0),1.0,1,1.0
quad_alt_3854,"[0,2,38,54]",2310,30030,26,1,11,25,32768,1,2,(4),1.0,1,0.0
quad_alt_3854,"[0,2,38,54]",2310,30030,26,1,11,25,32800,1,3,(3),1.0,1,0.0
quad_alt_3854,"[0,2,38,54]",2310,30030,26,1,11,25,33792,1,3,(7),1.0,1,0.0
quad_alt_3854,"[0,2,38,54]",2310,30030,26,1,11,25,33824,4,4,(8),0.25,4,0.25
quad_alt_3854,"[0,2,38,54]",2310,30030,26,1,11,26,64,1,2,(9),1.0,1,1.0
quad_alt_3854,"[0,2,38,54]",2310,30030,26,1,11,26,2048,1,2,(6),1.0,1,0.0
quad_alt_3854,"[0,2,38,54]",2310,30030,26,1,11,26,2112,1,3,(0),1.0,1,1.0
quad_alt_3854,"[0,2,38,54]",2310,30030,26,1,11,26,65536,1,2,(4),1.0,1,0.0
quad_alt_3854,"[0,2,38,54]",2310,30030,26,1,11,26,65600,1,3,(3),1.0,1,0.0
quad_alt_3854,"[0,2,38,54]",2310,30030,26,1,11,26,67584,1,3,(7),1.0,1,0.0
quad_alt_3854,"[0,2,38,54]",2310,30030,26,1,11,26,67648,4,4,(8),0.25,4,0.25
quad_alt_3854,"[0,2,38,54]",2310,30030,26,1,11,27,128,1,2,(9),1.0,1,1.0
quad_alt_3854,"[0,2,38,54]",2310,30030,26,1,11,27,4096,1,2,(6),1.0,1,0.0
quad_alt_3854,"[0,2,38,54]",2310,30030,26,1,11,27,4224,1,3,(0),1.0,1,1.0
quad_alt_3854,"[0,2,38,54]",2310,30030,26,1,11,27,131072,1,2,(4),1.0,1,0.0
quad_alt_3854,"[0,2,38,54]",2310,30030,26,1,11,27,131200,1,3,(3),1.0,1,0.0
quad_alt_3854,"[0,2,38,54]",2310,30030,26,1,11,27,135168,1,3,(7),1.0,1,0.0
quad_alt_3854,"[0,2,38,54]",2310,30030,26,1,11,27,135296,4,4,(8),0.25,4,0.25
quad_alt_3854,"[0,2,38,54]",2310,30030,26,1,11,28,256,1,2,(9),1.0,1,1.0
quad_alt_3854,"[0,2,38,54]",2310,30030,26,1,11,28,8192,1,2,(6),1.0,1,0.0
quad_alt_3854,"[0,2,38,54]",2310,30030,26,1,11,28,8448,1,3,(0),1.0,1,1.0
quad_alt_3854,"[0,2,38,54]",2310,30030,26,1,11,28,262144,1,2,(4),1.0,1,0.0
quad_alt_3854,"[0,2,38,54]",2310,30030,26,1,11,28,262400,1,3,(3),1.0,1,0.0
quad_alt_3854,"[0,2,38,54]",2310,30030,26,1,11,28,270336,1,3,(7),1.0,1,0.0
quad_alt_3854,"[0,2,38,54]",2310,30030,26,1,11,28,270592,4,4,(8),0.25,4,0.25
quad_alt_3854,"[0,2,38,54]",2310,30030,26,1,11,29,512,1,2,(9),1.0,1,1.0
quad_alt_3854,"[0,2,38,54]",2310,30030,26,1,11,29,16384,1,2,(6),1.0,1,0.0
quad_alt_3854,"[0,2,38,54]",2310,30030,26,1,11,29,16896,1,3,(0),1.0,1,1.0
quad_alt_3854,"[0,2,38,54]",2310,30030,26,1,11,29,524288,1,2,(4),1.0,1,0.0
quad_alt_3854,"[0,2,38,54]",2310,30030,26,1,11,29,524800,1,3,(3),1.0,1,0.0
quad_alt_3854,"[0,2,38,54]",2310,30030,26,1,11,29,540672,1,3,(7),1.0,1,0.0
quad_alt_3854,"[0,2,38,54]",2310,30030,26,1,11,29,541184,4,4,(8),0.25,4,0.25
quad_alt_3854,"[0,2,38,54]",2310,30030,26,1,11,30,1024,1,2,(9),1.0,1,1.0
quad_alt_3854,"[0,2,38,54]",2310,30030,26,1,11,30,32768,1,2,(6),1.0,1,0.0
quad_alt_3854,"[0,2,38,54]",2310,30030,26,1,11,30,33792,1,3,(0),1.0,1,1.0
quad_alt_3854,"[0,2,38,54]",2310,30030,26,1,11,30,1048576,1,2,(4),1.0,1,0.0
quad_alt_3854,"[0,2,38,54]",2310,30030,26,1,11,30,1049600,1,3,(3),1.0,1,0.0
quad_alt_3854,"[0,2,38,54]",2310,30030,26,1,11,30,1081344,1,3,(7),1.0,1,0.0
quad_alt_3854,"[0,2,38,54]",2310,30030,26,1,11,30,1082368,4,4,(8),0.25,4,0.25
quad_alt_3854,"[0,2,38,54]",2310,30030,26,1,11,31,2048,1,2,(9),1.0,1,1.0
quad_alt_3854,"[0,2,38,54]",2310,30030,26,1,11,31,65536,1,2,(6),1.0,1,0.0
quad_alt_3854,"[0,2,38,54]",2310,30030,26,1,11,31,67584,1,3,(0),1.0,1,1.0
quad_alt_3854,"[0,2,38,54]",2310,30030,26,1,11,31,2097152,1,2,(4),1.0,1,0.0
quad_alt_3854,"[0,2,38,54]",2310,30030,26,1,11,31,2099200,1,3,(3),1.0,1,0.0
quad_alt_3854,"[0,2,38,54]",2310,30030,26,1,11,31,2162688,1,3,(7),1.0,1,0.0
quad_alt_3854,"[0,2,38,54]",2310,30030,26,1,11,31,2164736,4,4,(8),0.25,4,0.25
quad_alt_3854,"[0,2,38,54]",2310,30030,26,1,11,32,4096,1,2,(9),1.0,1,1.0
quad_alt_3854,"[0,2,38,54]",2310,30030,26,1,11,32,131072,1,2,(6),1.0,1,0.0
quad_alt_3854,"[0,2,38,54]",2310,30030,26,1,11,32,135168,1,3,(0),1.0,1,1.0
quad_alt_3854,"[0,2,38,54]",2310,30030,26,1,11,32,4194304,1,2,(4),1.0,1,0.0
quad_alt_3854,"[0,2,38,54]",2310,30030,26,1,11,32,4198400,1,3,(3),1.0,1,0.0
quad_alt_3854,"[0,2,38,54]",2310,30030,26,1,11,32,4325376,1,3,(7),1.0,1,0.0
quad_alt_3854,"[0,2,38,54]",2310,30030,26,1,11,32,4329472,4,4,(8),0.25,4,0.25
quad_alt_3854,"[0,2,38,54]",2310,30030,26,1,11,33,8192,1,2,(9),1.0,1,1.0
quad_alt_3854,"[0,2,38,54]",2310,30030,26,1,11,33,262144,1,2,(6),1.0,1,0.0
quad_alt_3854,"[0,2,38,54]",2310,30030,26,1,11,33,270336,1,3,(0),1.0,1,1.0
quad_alt_3854,"[0,2,38,54]",2310,30030,26,1,11,33,8388608,1,2,(4),1.0,1,0.0
quad_alt_3854,"[0,2,38,54]",2310,30030,26,1,11,33,8396800,1,3,(3),1.0,1,0.0
quad_alt_3854,"[0,2,38,54]",2310,30030,26,1,11,33,8650752,1,3,(7),1.0,1,0.0
quad_alt_3854,"[0,2,38,54]",2310,30030,26,1,11,33,8658944,4,4,(8),0.25,4,0.25
quad_alt_3854,"[0,2,38,54]",2310,30030,26,1,11,34,16384,1,2,(9),1.0,1,1.0
quad_alt_3854,"[0,2,38,54]",2310,30030,26,1,11,34,524288,1,2,(6),1.0,1,0.0
quad_alt_3854,"[0,2,38,54]",2310,30030,26,1,11,34,540672,1,3,(0),1.0,1,1.0
quad_alt_3854,"[0,2,38,54]",2310,30030,26,1,11,34,16777216,1,2,(4),1.0,1,0.0
quad_alt_3854,"[0,2,38,54]",2310,30030,26,1,11,34,16793600,1,3,(3),1.0,1,0.0
quad_alt_3854,"[0,2,38,54]",2310,30030,26,1,11,34,17301504,1,3,(7),1.0,1,0.0
quad_alt_3854,"[0,2,38,54]",2310,30030,26,1,11,34,17317888,4,4,(8),0.25,4,0.25
quad_alt_0406,"[0,2,4,6]",30030,510510,36,2,11 13,0,128,22,2,"(8,3)",0.045454545454545456,22,0.36363636363636365
quad_alt_0406,"[0,2,4,6]",30030,510510,36,2,11 13,0,4096,21,2,"(9,5)",0.047619047619047616,21,0.47619047619047616
quad_alt_0406,"[0,2,4,6]",30030,510510,36,2,11 13,0,4224,21,4,"(8,9)",0.047619047619047616,21,0.6666666666666666
quad_alt_0406,"[0,2,4,6]",30030,510510,36,2,11 13,0,131072,22,2,"(9,1)",0.045454545454545456,22,1.0
quad_alt_0406,"[0,2,4,6]",30030,510510,36,2,11 13,0,131200,20,3,"(6,9)",0.05,20,0.25
quad_alt_0406,"[0,2,4,6]",30030,510510,36,2,11 13,0,135168,21,4,"(9,9)",0.047619047619047616,21,0.5238095238095238
quad_alt_0406,"[0,2,4,6]",30030,510510,36,2,11 13,1,256,22,2,"(8,3)",0.045454545454545456,22,0.36363636363636365
quad_alt_0406,"[0,2,4,6]",30030,510510,36,2,11 13,1,8192,21,2,"(9,5)",0.047619047619047616,21,0.47619047619047616
quad_alt_0406,"[0,2,4,6]",30030,510510,36,2,11 13,1,8448,21,4,"(8,9)",0.047619047619047616,21,0.6666666666666666
quad_alt_0406,"[0,2,4,6]",30030,510510,36,2,11 13,1,262144,22,2,"(9,1)",0.045454545454545456,22,1.0
quad_alt_0406,"[0,2,4,6]",30030,510510,36,2,11 13,1,262400,20,3,"(6,9)",0.05,20,0.25
quad_alt_0406,"[0,2,4,6]",30030,510510,36,2,11 13,1,270336,21,4,"(9,9)",0.047619047619047616,21,0.5238095238095238
quad_alt_0406,"[0,2,4,6]",30030,510510,36,2,11 13,2,512,22,2,"(8,3)",0.045454545454545456,22,0.36363636363636365
quad_alt_0406,"[0,2,4,6]",30030,510510,36,2,11 13,2,16384,21,2,"(9,5)",0.047619047619047616,21,0.47619047619047616
quad_alt_0406,"[0,2,4,6]",30030,510510,36,2,11 13,2,16896,21,4,"(8,9)",0.047619047619047616,21,0.6666666666666666
quad_alt_0406,"[0,2,4,6]",30030,510510,36,2,11 13,2,524288,22,2,"(9,1)",0.045454545454545456,22,1.0
quad_alt_0406,"[0,2,4,6]",30030,510510,36,2,11 13,2,524800,20,3,"(6,9)",0.05,20,0.25
quad_alt_0406,"[0,2,4,6]",30030,510510,36,2,11 13,2,540672,21,4,"(9,9)",0.047619047619047616,21,0.5238095238095238
quad_alt_0406,"[0,2,4,6]",30030,510510,36,2,11 13,3,1024,22,2,"(8,3)",0.045454545454545456,22,0.36363636363636365
quad_alt_0406,"[0,2,4,6]",30030,510510,36,2,11 13,3,32768,21,2,"(9,5)",0.047619047619047616,21,0.47619047619047616
quad_alt_0406,"[0,2,4,6]",30030,510510,36,2,11 13,3,33792,21,4,"(8,9)",0.047619047619047616,21,0.6666666666666666
quad_alt_0406,"[0,2,4,6]",30030,510510,36,2,11 13,3,1048576,22,2,"(9,1)",0.045454545454545456,22,1.0
quad_alt_0406,"[0,2,4,6]",30030,510510,36,2,11 13,3,1049600,20,3,"(6,9)",0.05,20,0.25
quad_alt_0406,"[0,2,4,6]",30030,510510,36,2,11 13,3,1081344,21,4,"(9,9)",0.047619047619047616,21,0.5238095238095238
quad_alt_0406,"[0,2,4,6]",30030,510510,36,2,11 13,4,2048,22,2,"(8,3)",0.045454545454545456,22,0.36363636363636365
quad_alt_0406,"[0,2,4,6]",30030,510510,36,2,11 13,4,65536,21,2,"(9,5)",0.047619047619047616,21,0.47619047619047616
quad_alt_0406,"[0,2,4,6]",30030,510510,36,2,11 13,4,67584,21,4,"(8,9)",0.047619047619047616,21,0.6666666666666666
quad_alt_0406,"[0,2,4,6]",30030,510510,36,2,11 13,4,2097152,22,2,"(9,1)",0.045454545454545456,22,1.0
quad_alt_0406,"[0,2,4,6]",30030,510510,36,2,11 13,4,2099200,20,3,"(6,9)",0.05,20,0.25
quad_alt_0406,"[0,2,4,6]",30030,510510,36,2,11 13,4,2162688,21,4,"(9,9)",0.047619047619047616,21,0.5238095238095238
quad_alt_0406,"[0,2,4,6]",30030,510510,36,2,11 13,5,4096,22,2,"(8,3)",0.045454545454545456,22,0.36363636363636365
quad_alt_0406,"[0,2,4,6]",30030,510510,36,2,11 13,5,131072,21,2,"(9,5)",0.047619047619047616,21,0.47619047619047616
quad_alt_0406,"[0,2,4,6]",30030,510510,36,2,11 13,5,135168,21,4,"(8,9)",0.047619047619047616,21,0.6666666666666666
quad_alt_0406,"[0,2,4,6]",30030,510510,36,2,11 13,5,4194304,22,2,"(9,1)",0.045454545454545456,22,1.0
quad_alt_0406,"[0,2,4,6]",30030,510510,36,2,11 13,5,4198400,20,3,"(6,9)",0.05,20,0.25
quad_alt_0406,"[0,2,4,6]",30030,510510,36,2,11 13,5,4325376,21,4,"(9,9)",0.047619047619047616,21,0.5238095238095238
quad_alt_0406,"[0,2,4,6]",30030,510510,36,2,11 13,6,8192,22,2,"(8,3)",0.045454545454545456,22,0.36363636363636365
quad_alt_0406,"[0,2,4,6]",30030,510510,36,2,11 13,6,262144,21,2,"(9,5)",0.047619047619047616,21,0.47619047619047616
quad_alt_0406,"[0,2,4,6]",30030,510510,36,2,11 13,6,270336,21,4,"(8,9)",0.047619047619047616,21,0.6666666666666666
quad_alt_0406,"[0,2,4,6]",30030,510510,36,2,11 13,6,8388608,22,2,"(9,1)",0.045454545454545456,22,1.0
quad_alt_0406,"[0,2,4,6]",30030,510510,36,2,11 13,6,8396800,20,3,"(6,9)",0.05,20,0.25
quad_alt_0406,"[0,2,4,6]",30030,510510,36,2,11 13,6,8650752,21,4,"(9,9)",0.047619047619047616,21,0.5238095238095238
quad_alt_0406,"[0,2,4,6]",30030,510510,36,2,11 13,7,16384,22,2,"(8,3)",0.045454545454545456,22,0.36363636363636365
quad_alt_0406,"[0,2,4,6]",30030,510510,36,2,11 13,7,524288,21,2,"(9,5)",0.047619047619047616,21,0.47619047619047616
quad_alt_0406,"[0,2,4,6]",30030,510510,36,2,11 13,7,540672,21,4,"(8,9)",0.047619047619047616,21,0.6666666666666666
quad_alt_0406,"[0,2,4,6]",30030,510510,36,2,11 13,7,16777216,22,2,"(9,1)",0.045454545454545456,22,1.0
quad_alt_0406,"[0,2,4,6]",30030,510510,36,2,11 13,7,16793600,20,3,"(6,9)",0.05,20,0.25
quad_alt_0406,"[0,2,4,6]",30030,510510,36,2,11 13,7,17301504,21,4,"(9,9)",0.047619047619047616,21,0.5238095238095238
quad_alt_0406,"[0,2,4,6]",30030,510510,36,2,11 13,8,32768,22,2,"(8,3)",0.045454545454545456,22,0.36363636363636365
quad_alt_0406,"[0,2,4,6]",30030,510510,36,2,11 13,8,1048576,21,2,"(9,5)",0.047619047619047616,21,0.47619047619047616
quad_alt_0406,"[0,2,4,6]",30030,510510,36,2,11 13,8,1081344,21,4,"(8,9)",0.047619047619047616,21,0.6666666666666666
quad_alt_0406,"[0,2,4,6]",30030,510510,36,2,11 13,8,33554432,22,2,"(9,1)",0.045454545454545456,22,1.0
quad_alt_0406,"[0,2,4,6]",30030,510510,36,2,11 13,8,33587200,20,3,"(6,9)",0.05,20,0.25
quad_alt_0406,"[0,2,4,6]",30030,510510,36,2,11 13,8,34603008,21,4,"(9,9)",0.047619047619047616,21,0.5238095238095238
quad_alt_0406,"[0,2,4,6]",30030,510510,36,2,11 13,9,65536,22,2,"(8,3)",0.045454545454545456,22,0.36363636363636365
quad_alt_0406,"[0,2,4,6]",30030,510510,36,2,11 13,9,2097152,21,2,"(9,5)",0.047619047619047616,21,0.47619047619047616
quad_alt_0406,"[0,2,4,6]",30030,510510,36,2,11 13,9,2162688,21,4,"(8,9)",0.047619047619047616,21,0.6666666666666666
quad_alt_0406,"[0,2,4,6]",30030,510510,36,2,11 13,9,67108864,22,2,"(9,1)",0.045454545454545456,22,1.0
quad_alt_0406,"[0,2,4,6]",30030,510510,36,2,11 13,9,67174400,20,3,"(6,9)",0.05,20,0.25
quad_alt_0406,"[0,2,4,6]",30030,510510,36,2,11 13,9,69206016,21,4,"(9,9)",0.047619047619047616,21,0.5238095238095238
quad_alt_0406,"[0,2,4,6]",30030,510510,36,2,11 13,10,131072,22,2,"(8,3)",0.045454545454545456,22,0.36363636363636365
quad_alt_0406,"[0,2,4,6]",30030,510510,36,2,11 13,10,4194304,21,2,"(9,5)",0.047619047619047616,21,0.47619047619047616
quad_alt_0406,"[0,2,4,6]",30030,510510,36,2,11 13,10,4325376,21,4,"(8,9)",0.047619047619047616,21,0.6666666666666666
quad_alt_0406,"[0,2,4,6]",30030,510510,36,2,11 13,10,134217728,22,2,"(9,1)",0.045454545454545456,22,1.0
quad_alt_0406,"[0,2,4,6]",30030,510510,36,2,11 13,10,134348800,20,3,"(6,9)",0.05,20,0.25
quad_alt_0406,"[0,2,4,6]",30030,510510,36,2,11 13,10,138412032,21,4,"(9,9)",0.047619047619047616,21,0.5238095238095238
quad_alt_0406,"[0,2,4,6]",30030,510510,36,2,11 13,11,262144,22,2,"(8,3)",0.045454545454545456,22,0.36363636363636365
quad_alt_0406,"[0,2,4,6]",30030,510510,36,2,11 13,11,8388608,21,2,"(9,5)",0.047619047619047616,21,0.47619047619047616
quad_alt_0406,"[0,2,4,6]",30030,510510,36,2,11 13,11,8650752,21,4,"(8,9)",0.047619047619047616,21,0.6666666666666666
quad_alt_0406,"[0,2,4,6]",30030,510510,36,2,11 13,11,268435456,22,2,"(9,1)",0.045454545454545456,22,1.0
quad_alt_0406,"[0,2,4,6]",30030,510510,36,2,11 13,11,268697600,20,3,"(6,9)",0.05,20,0.25
quad_alt_0406,"[0,2,4,6]",30030,510510,36,2,11 13,11,276824064,21,4,"(9,9)",0.047619047619047616,21,0.5238095238095238
quad_alt_0406,"[0,2,4,6]",30030,510510,36,2,11 13,12,524288,22,2,"(8,3)",0.045454545454545456,22,0.36363636363636365
quad_alt_0406,"[0,2,4,6]",30030,510510,36,2,11 13,12,16777216,21,2,"(9,5)",0.047619047619047616,21,0.47619047619047616
quad_alt_0406,"[0,2,4,6]",30030,510510,36,2,11 13,12,17301504,21,4,"(8,9)",0.047619047619047616,21,0.6666666666666666
quad_alt_0406,"[0,2,4,6]",30030,510510,36,2,11 13,12,536870912,22,2,"(9,1)",0.045454545454545456,22,1.0
quad_alt_0406,"[0,2,4,6]",30030,510510,36,2,11 13,12,537395200,20,3,"(6,9)",0.05,20,0.25
quad_alt_0406,"[0,2,4,6]",30030,510510,36,2,11 13,12,553648128,21,4,"(9,9)",0.047619047619047616,21,0.5238095238095238
quad_alt_0406,"[0,2,4,6]",30030,510510,36,2,11 13,13,1048576,22,2,"(8,3)",0.045454545454545456,22,0.36363636363636365
quad_alt_0406,"[0,2,4,6]",30030,510510,36,2,11 13,13,33554432,21,2,"(9,5)",0.047619047619047616,21,0.47619047619047616
quad_alt_0406,"[0,2,4,6]",30030,510510,36,2,11 13,13,34603008,21,4,"(8,9)",0.047619047619047616,21,0.6666666666666666
quad_alt_0406,"[0,2,4,6]",30030,510510,36,2,11 13,13,1073741824,22,2,"(9,1)",0.045454545454545456,22,1.0
quad_alt_0406,"[0,2,4,6]",30030,510510,36,2,11 13,13,1074790400,20,3,"(6,9)",0.05,20,0.25
quad_alt_0406,"[0,2,4,6]",30030,510510,36,2,11 13,13,1107296256,21,4,"(9,9)",0.047619047619047616,21,0.5238095238095238
quad_alt_0406,"[0,2,4,6]",30030,510510,36,2,11 13,14,2097152,22,2,"(8,3)",0.045454545454545456,22,0.36363636363636365
quad_alt_0406,"[0,2,4,6]",30030,510510,36,2,11 13,14,67108864,21,2,"(9,5)",0.047619047619047616,21,0.47619047619047616
quad_alt_0406,"[0,2,4,6]",30030,510510,36,2,11 13,14,69206016,21,4,"(8,9)",0.047619047619047616,21,0.6666666666666666
quad_alt_0406,"[0,2,4,6]",30030,510510,36,2,11 13,14,2147483648,22,2,"(9,1)",0.045454545454545456,22,1.0
quad_alt_0406,"[0,2,4,6]",30030,510510,36,2,11 13,14,2149580800,20,3,"(6,9)",0.05,20,0.25
quad_alt_0406,"[0,2,4,6]",30030,510510,36,2,11 13,14,2214592512,21,4,"(9,9)",0.047619047619047616,21,0.5238095238095238
quad_alt_0406,"[0,2,4,6]",30030,510510,36,2,11 13,15,4194304,22,2,"(8,3)",0.045454545454545456,22,0.36363636363636365
quad_alt_0406,"[0,2,4,6]",30030,510510,36,2,11 13,15,134217728,21,2,"(9,5)",0.047619047619047616,21,0.47619047619047616
quad_alt_0406,"[0,2,4,6]",30030,510510,36,2,11 13,15,138412032,21,4,"(8,9)",0.047619047619047616,21,0.6666666666666666
quad_alt_0406,"[0,2,4,6]",30030,510510,36,2,11 13,15,4294967296,22,2,"(9,1)",0.045454545454545456,22,1.0
quad_alt_0406,"[0,2,4,6]",30030,510510,36,2,11 13,15,4299161600,20,3,"(6,9)",0.05,20,0.25
quad_alt_0406,"[0,2,4,6]",30030,510510,36,2,11 13,15,4429185024,21,4,"(9,9)",0.047619047619047616,21,0.5238095238095238
quad_alt_0406,"[0,2,4,6]",30030,510510,36,2,11 13,16,8388608,22,2,"(8,3)",0.045454545454545456,22,0.36363636363636365
quad_alt_0406,"[0,2,4,6]",30030,510510,36,2,11 13,16,268435456,21,2,"(9,5)",0.047619047619047616,21,0.47619047619047616
quad_alt_0406,"[0,2,4,6]",30030,510510,36,2,11 13,16,276824064,21,4,"(8,9)",0.047619047619047616,21,0.6666666666666666
quad_alt_0406,"[0,2,4,6]",30030,510510,36,2,11 13,16,8589934592,22,2,"(9,1)",0.045454545454545456,22,1.0
quad_alt_0406,"[0,2,4,6]",30030,510510,36,2,11 13,16,8598323200,20,3,"(6,9)",0.05,20,0.25
quad_alt_0406,"[0,2,4,6]",30030,510510,36,2,11 13,16,8858370048,21,4,"(9,9)",0.047619047619047616,21,0.5238095238095238
quad_alt_0406,"[0,2,4,6]",30030,510510,36,2,11 13,17,0,16,2,"(9,3)",0.0625,16,0.625
quad_alt_0406,"[0,2,4,6]",30030,510510,36,2,11 13,17,16777216,22,4,"(8,3)",0.045454545454545456,22,0.36363636363636365
quad_alt_0406,"[0,2,4,6]",30030,510510,36,2,11 13,17,536870912,21,4,"(9,5)",0.047619047619047616,21,0.47619047619047616
quad_alt_0406,"[0,2,4,6]",30030,510510,36,2,11 13,17,553648128,21,8,"(8,9)",0.047619047619047616,21,0.6666666666666666
quad_alt_0406,"[0,2,4,6]",30030,510510,36,2,11 13,17,17179869184,22,4,"(9,1)",0.045454545454545456,22,1.0
quad_alt_0406,"[0,2,4,6]",30030,510510,36,2,11 13,17,17196646400,20,6,"(6,9)",0.05,20,0.25
quad_alt_0406,"[0,2,4,6]",30030,510510,36,2,11 13,17,17716740096,21,8,"(9,9)",0.047619047619047616,21,0.5238095238095238
quad_alt_0406,"[0,2,4,6]",30030,510510,36,2,11 13,18,1,11,2,"(8,0)",0.09090909090909091,11,1.0
quad_alt_0406,"[0,2,4,6]",30030,510510,36,2,11 13,18,33554432,30,2,"(8,3)",0.03333333333333333,30,0.43333333333333335
quad_alt_0406,"[0,2,4,6]",30030,510510,36,2,11 13,18,33554433,12,3,"(6,9)",0.08333333333333333,12,0.0
quad_alt_0406,"[0,2,4,6]",30030,510510,36,2,11 13,18,1073741824,20,2,"(9,9)",0.05,20,0.55
quad_alt_0406,"[0,2,4,6]",30030,510510,36,2,11 13,18,1073741825,22,3,"(8,12)",0.045454545454545456,22,0.45454545454545453
quad_alt_0406,"[0,2,4,6]",30030,510510,36,2,11 13,18,1107296256,3,4,"(8,4)",0.3333333333333333,3,0.6666666666666666
quad_alt_0406,"[0,2,4,6]",30030,510510,36,2,11 13,18,1107296257,18,5,"(8,9)",0.05555555555555555,18,0.6666666666666666
quad_alt_0406,"[0,2,4,6]",30030,510510,36,2,11 13,19,2,11,2,"(8,0)",0.09090909090909091,11,1.0
quad_alt_0406,"[0,2,4,6]",30030,510510,36,2,11 13,19,67108864,30,2,"(8,3)",0.03333333333333333,30,0.43333333333333335
quad_alt_0406,"[0,2,4,6]",30030,510510,36,2,11 13,19,67108866,12,3,"(6,9)",0.08333333333333333,12,0.0
quad_alt_0406,"[0,2,4,6]",30030,510510,36,2,11 13,19,2147483648,20,2,"(9,9)",0.05,20,0.55
quad_alt_0406,"[0,2,4,6]",30030,510510,36,2,11 13,19,2147483650,22,3,"(8,12)",0.045454545454545456,22,0.45454545454545453
quad_alt_0406,"[0,2,4,6]",30030,510510,36,2,11 13,19,2214592512,3,4,"(8,4)",0.3333333333333333,3,0.6666666666666666
quad_alt_0406,"[0,2,4,6]",30030,510510,36,2,11 13,19,2214592514,18,5,"(8,9)",0.05555555555555555,18,0.6666666666666666
quad_alt_0406,"[0,2,4,6]",30030,510510,36,2,11 13,20,4,11,2,"(8,0)",0.09090909090909091,11,1.0
quad_alt_0406,"[0,2,4,6]",30030,510510,36,2,11 13,20,134217728,30,2,"(8,3)",0.03333333333333333,30,0.43333333333333335
quad_alt_0406,"[0,2,4,6]",30030,510510,36,2,11 13,20,134217732,12,3,"(6,9)",0.08333333333333333,12,0.0
quad_alt_0406,"[0,2,4,6]",30030,510510,36,2,11 13,20,4294967296,20,2,"(9,9)",0.05,20,0.55
quad_alt_0406,"[0,2,4,6]",30030,510510,36,2,11 13,20,4294967300,22,3,"(8,12)",0.045454545454545456,22,0.45454545454545453
quad_alt_0406,"[0,2,4,6]",30030,510510,36,2,11 13,20,4429185024,3,4,"(8,4)",0.3333333333333333,3,0.6666666666666666
quad_alt_0406,"[0,2,4,6]",30030,510510,36,2,11 13,20,4429185028,18,5,"(8,9)",0.05555555555555555,18,0.6666666666666666
quad_alt_0406,"[0,2,4,6]",30030,510510,36,2,11 13,21,8,11,2,"(8,0)",0.09090909090909091,11,1.0
quad_alt_0406,"[0,2,4,6]",30030,510510,36,2,11 13,21,268435456,30,2,"(8,3)",0.03333333333333333,30,0.43333333333333335
quad_alt_0406,"[0,2,4,6]",30030,510510,36,2,11 13,21,268435464,12,3,"(6,9)",0.08333333333333333,12,0.0
quad_alt_0406,"[0,2,4,6]",30030,510510,36,2,11 13,21,8589934592,20,2,"(9,9)",0.05,20,0.55
quad_alt_0406,"[0,2,4,6]",30030,510510,36,2,11 13,21,8589934600,22,3,"(8,12)",0.045454545454545456,22,0.45454545454545453
quad_alt_0406,"[0,2,4,6]",30030,510510,36,2,11 13,21,8858370048,3,4,"(8,4)",0.3333333333333333,3,0.6666666666666666
quad_alt_0406,"[0,2,4,6]",30030,510510,36,2,11 13,21,8858370056,18,5,"(8,9)",0.05555555555555555,18,0.6666666666666666
quad_alt_0406,"[0,2,4,6]",30030,510510,36,2,11 13,22,0,27,2,"(9,3)",0.037037037037037035,27,0.7777777777777778
quad_alt_0406,"[0,2,4,6]",30030,510510,36,2,11 13,22,16,11,4,"(8,0)",0.09090909090909091,11,1.0
quad_alt_0406,"[0,2,4,6]",30030,510510,36,2,11 13,22,536870912,30,4,"(8,3)",0.03333333333333333,30,0.43333333333333335
quad_alt_0406,"[0,2,4,6]",30030,510510,36,2,11 13,22,536870928,12,5,"(6,9)",0.08333333333333333,12,0.0
quad_alt_0406,"[0,2,4,6]",30030,510510,36,2,11 13,22,17179869184,20,4,"(9,9)",0.05,20,0.55
quad_alt_0406,"[0,2,4,6]",30030,510510,36,2,11 13,22,17179869200,22,6,"(8,12)",0.045454545454545456,22,0.45454545454545453
quad_alt_0406,"[0,2,4,6]",30030,510510,36,2,11 13,22,17716740096,3,8,"(8,4)",0.3333333333333333,3,0.6666666666666666
quad_alt_0406,"[0,2,4,6]",30030,510510,36,2,11 13,22,17716740112,18,10,"(8,9)",0.05555555555555555,18,0.6666666666666666
quad_alt_0406,"[0,2,4,6]",30030,510510,36,2,11 13,23,1,20,2,"(9,9)",0.05,20,0.6
quad_alt_0406,"[0,2,4,6]",30030,510510,36,2,11 13,23,32,30,2,"(8,12)",0.03333333333333333,30,0.6
quad_alt_0406,"[0,2,4,6]",30030,510510,36,2,11 13,23,33,3,4,"(8,11)",0.3333333333333333,3,1.0
quad_alt_0406,"[0,2,4,6]",30030,510510,36,2,11 13,23,1073741824,11,2,"(8,2)",0.09090909090909091,11,0.6363636363636364
quad_alt_0406,"[0,2,4,6]",30030,510510,36,2,11 13,23,1073741825,22,3,"(8,4)",0.045454545454545456,22,0.36363636363636365
quad_alt_0406,"[0,2,4,6]",30030,510510,36,2,11 13,23,1073741856,12,3,"(10,9)",0.08333333333333333,12,1.0
quad_alt_0406,"[0,2,4,6]",30030,510510,36,2,11 13,23,1073741857,18,5,"(8,9)",0.05555555555555555,18,0.0
quad_alt_0406,"[0,2,4,6]",30030,510510,36,2,11 13,24,2,20,2,"(9,9)",0.05,20,0.6
quad_alt_0406,"[0,2,4,6]",30030,510510,36,2,11 13,24,64,30,2,"(8,12)",0.03333333333333333,30,0.6
quad_alt_0406,"[0,2,4,6]",30030,510510,36,2,11 13,24,66,3,4,"(8,11)",0.3333333333333333,3,1.0
quad_alt_0406,"[0,2,4,6]",30030,510510,36,2,11 13,24,2147483648,11,2,"(8,2)",0.09090909090909091,11,0.6363636363636364
quad_alt_0406,"[0,2,4,6]",30030,510510,36,2,11 13,24,2147483650,22,3,"(8,4)",0.045454545454545456,22,0.36363636363636365
quad_alt_0406,"[0,2,4,6]",30030,510510,36,2,11 13,24,2147483712,12,3,"(10,9)",0.08333333333333333,12,1.0
quad_alt_0406,"[0,2,4,6]",30030,510510,36,2,11 13,24,2147483714,18,5,"(8,9)",0.05555555555555555,18,0.0
quad_alt_0406,"[0,2,4,6]",30030,510510,36,2,11 13,25,4,20,2,"(9,9)",0.05,20,0.6
quad_alt_0406,"[0,2,4,6]",30030,510510,36,2,11 13,25,128,30,2,"(8,12)",0.03333333333333333,30,0.6
quad_alt_0406,"[0,2,4,6]",30030,510510,36,2,11 13,25,132,3,4,"(8,11)",0.3333333333333333,3,1.0
quad_alt_0406,"[0,2,4,6]",30030,510510,36,2,11 13,25,4294967296,11,2,"(8,2)",0.09090909090909091,11,0.6363636363636364
quad_alt_0406,"[0,2,4,6]",30030,510510,36,2,11 13,25,4294967300,22,3,"(8,4)",0.045454545454545456,22,0.36363636363636365
quad_alt_0406,"[0,2,4,6]",30030,510510,36,2,11 13,25,4294967424,12,3,"(10,9)",0.08333333333333333,12,1.0
quad_alt_0406,"[0,2,4,6]",30030,510510,36,2,11 13,25,4294967428,18,5,"(8,9)",0.05555555555555555,18,0.0
quad_alt_0406,"[0,2,4,6]",30030,510510,36,2,11 13,26,8,20,2,"(9,9)",0.05,20,0.6
quad_alt_0406,"[0,2,4,6]",30030,510510,36,2,11 13,26,256,30,2,"(8,12)",0.03333333333333333,30,0.6
quad_alt_0406,"[0,2,4,6]",30030,510510,36,2,11 13,26,264,3,4,"(8,11)",0.3333333333333333,3,1.0
quad_alt_0406,"[0,2,4,6]",30030,510510,36,2,11 13,26,8589934592,11,2,"(8,2)",0.09090909090909091,11,0.6363636363636364
quad_alt_0406,"[0,2,4,6]",30030,510510,36,2,11 13,26,8589934600,22,3,"(8,4)",0.045454545454545456,22,0.36363636363636365
quad_alt_0406,"[0,2,4,6]",30030,510510,36,2,11 13,26,8589934848,12,3,"(10,9)",0.08333333333333333,12,1.0
quad_alt_0406,"[0,2,4,6]",30030,510510,36,2,11 13,26,8589934856,18,5,"(8,9)",0.05555555555555555,18,0.0
quad_alt_0406,"[0,2,4,6]",30030,510510,36,2,11 13,27,0,27,2,"(9,2)",0.037037037037037035,27,0.7407407407407407
quad_alt_0406,"[0,2,4,6]",30030,510510,36,2,11 13,27,16,20,4,"(9,9)",0.05,20,0.6
quad_alt_0406,"[0,2,4,6]",30030,510510,36,2,11 13,27,512,30,4,"(8,12)",0.03333333333333333,30,0.6
quad_alt_0406,"[0,2,4,6]",30030,510510,36,2,11 13,27,528,3,4,"(8,11)",0.3333333333333333,3,1.0
quad_alt_0406,"[0,2,4,6]",30030,510510,36,2,11 13,27,17179869184,11,4,"(8,2)",0.09090909090909091,11,0.6363636363636364
quad_alt_0406,"[0,2,4,6]",30030,510510,36,2,11 13,27,17179869200,22,6,"(8,4)",0.045454545454545456,22,0.36363636363636365
quad_alt_0406,"[0,2,4,6]",30030,510510,36,2,11 13,27,17179869696,12,6,"(10,9)",0.08333333333333333,12,1.0
quad_alt_0406,"[0,2,4,6]",30030,510510,36,2,11 13,27,17179869712,18,5,"(8,9)",0.05555555555555555,18,0.0
quad_alt_0406,"[0,2,4,6]",30030,510510,36,2,11 13,28,1,22,2,"(9,2)",0.045454545454545456,22,0.6818181818181818
quad_alt_0406,"[0,2,4,6]",30030,510510,36,2,11 13,28,32,21,2,"(9,11)",0.047619047619047616,21,0.2857142857142857
quad_alt_0406,"[0,2,4,6]",30030,510510,36,2,11 13,28,33,21,4,"(9,9)",0.047619047619047616,21,0.6666666666666666
quad_alt_0406,"[0,2,4,6]",30030,510510,36,2,11 13,28,1024,22,2,"(8,12)",0.045454545454545456,22,0.9090909090909091
quad_alt_0406,"[0,2,4,6]",30030,510510,36,2,11 13,28,1025,20,3,"(5,9)",0.05,20,0.5
quad_alt_0406,"[0,2,4,6]",30030,510510,36,2,11 13,28,1056,21,4,"(8,9)",0.047619047619047616,21,0.14285714285714285
quad_alt_0406,"[0,2,4,6]",30030,510510,36,2,11 13,29,2,22,2,"(9,2)",0.045454545454545456,22,0.6818181818181818
quad_alt_0406,"[0,2,4,6]",30030,510510,36,2,11 13,29,64,21,2,"(9,11)",0.047619047619047616,21,0.2857142857142857
quad_alt_0406,"[0,2,4,6]",30030,510510,36,2,11 13,29,66,21,4,"(9,9)",0.047619047619047616,21,0.6666666666666666
quad_alt_0406,"[0,2,4,6]",30030,510510,36,2,11 13,29,2048,22,2,"(8,12)",0.045454545454545456,22,0.9090909090909091
quad_alt_0406,"[0,2,4,6]",30030,510510,36,2,11 13,29,2050,20,3,"(5,9)",0.05,20,0.5
quad_alt_0406,"[0,2,4,6]",30030,510510,36,2,11 13,29,2112,21,4,"(8,9)",0.047619047619047616,21,0.14285714285714285
quad_alt_0406,"[0,2,4,6]",30030,510510,36,2,11 13,30,4,22,2,"(9,2)",0.045454545454545456,22,0.6818181818181818
quad_alt_0406,"[0,2,4,6]",30030,510510,36,2,11 13,30,128,21,2,"(9,11)",0.047619047619047616,21,0.2857142857142857
quad_alt_0406,"[0,2,4,6]",30030,510510,36,2,11 13,30,132,21,4,"(9,9)",0.047619047619047616,21,0.6666666666666666
quad_alt_0406,"[0,2,4,6]",30030,510510,36,2,11 13,30,4096,22,2,"(8,12)",0.045454545454545456,22,0.9090909090909091
quad_alt_0406,"[0,2,4,6]",30030,510510,36,2,11 13,30,4100,20,3,"(5,9)",0.05,20,0.5
quad_alt_0406,"[0,2,4,6]",30030,510510,36,2,11 13,30,4224,21,4,"(8,9)",0.047619047619047616,21,0.14285714285714285
quad_alt_0406,"[0,2,4,6]",30030,510510,36,2,11 13,31,8,22,2,"(9,2)",0.045454545454545456,22,0.6818181818181818
quad_alt_0406,"[0,2,4,6]",30030,510510,36,2,11 13,31,256,21,2,"(9,11)",0.047619047619047616,21,0.2857142857142857
quad_alt_0406,"[0,2,4,6]",30030,510510,36,2,11 13,31,264,21,4,"(9,9)",0.047619047619047616,21,0.6666666666666666
quad_alt_0406,"[0,2,4,6]",30030,510510,36,2,11 13,31,8192,22,2,"(8,12)",0.045454545454545456,22,0.9090909090909091
quad_alt_0406,"[0,2,4,6]",30030,510510,36,2,11 13,31,8200,20,3,"(5,9)",0.05,20,0.5
quad_alt_0406,"[0,2,4,6]",30030,510510,36,2,11 13,31,8448,21,4,"(8,9)",0.047619047619047616,21,0.14285714285714285
quad_alt_0406,"[0,2,4,6]",30030,510510,36,2,11 13,32,16,22,2,"(9,2)",0.045454545454545456,22,0.6818181818181818
quad_alt_0406,"[0,2,4,6]",30030,510510,36,2,11 13,32,512,21,2,"(9,11)",0.047619047619047616,21,0.2857142857142857
quad_alt_0406,"[0,2,4,6]",30030,510510,36,2,11 13,32,528,21,4,"(9,9)",0.047619047619047616,21,0.6666666666666666
quad_alt_0406,"[0,2,4,6]",30030,510510,36,2,11 13,32,16384,22,2,"(8,12)",0.045454545454545456,22,0.9090909090909091
quad_alt_0406,"[0,2,4,6]",30030,510510,36,2,11 13,32,16400,20,3,"(5,9)",0.05,20,0.5
quad_alt_0406,"[0,2,4,6]",30030,510510,36,2,11 13,32,16896,21,4,"(8,9)",0.047619047619047616,21,0.14285714285714285
quad_alt_0406,"[0,2,4,6]",30030,510510,36,2,11 13,33,32,22,2,"(9,2)",0.045454545454545456,22,0.6818181818181818
quad_alt_0406,"[0,2,4,6]",30030,510510,36,2,11 13,33,1024,21,2,"(9,11)",0.047619047619047616,21,0.2857142857142857
quad_alt_0406,"[0,2,4,6]",30030,510510,36,2,11 13,33,1056,21,4,"(9,9)",0.047619047619047616,21,0.6666666666666666
quad_alt_0406,"[0,2,4,6]",30030,510510,36,2,11 13,33,32768,22,2,"(8,12)",0.045454545454545456,22,0.9090909090909091
quad_alt_0406,"[0,2,4,6]",30030,510510,36,2,11 13,33,32800,20,3,"(5,9)",0.05,20,0.5
quad_alt_0406,"[0,2,4,6]",30030,510510,36,2,11 13,33,33792,21,4,"(8,9)",0.047619047619047616,21,0.14285714285714285
quad_alt_0406,"[0,2,4,6]",30030,510510,36,2,11 13,34,64,22,2,"(9,2)",0.045454545454545456,22,0.6818181818181818
quad_alt_0406,"[0,2,4,6]",30030,510510,36,2,11 13,34,2048,21,2,"(9,11)",0.047619047619047616,21,0.2857142857142857
quad_alt_0406,"[0,2,4,6]",30030,510510,36,2,11 13,34,2112,21,4,"(9,9)",0.047619047619047616,21,0.6666666666666666
quad_alt_0406,"[0,2,4,6]",30030,510510,36,2,11 13,34,65536,22,2,"(8,12)",0.045454545454545456,22,0.9090909090909091
quad_alt_0406,"[0,2,4,6]",30030,510510,36,2,11 13,34,65600,20,3,"(5,9)",0.05,20,0.5
quad_alt_0406,"[0,2,4,6]",30030,510510,36,2,11 13,34,67584,21,4,"(8,9)",0.047619047619047616,21,0.14285714285714285
double_twins_p17,"[0,2,34,36]",30030,510510,41,2,11 13,0,4,4,2,"(5,4)",0.25,4,0.75
double_twins_p17,"[0,2,34,36]",30030,510510,41,2,11 13,0,131072,14,2,"(2,9)",0.07142857142857142,14,0.5
double_twins_p17,"[0,2,34,36]",30030,510510,41,2,11 13,0,131076,1,3,"(0,7)",1.0,1,1.0
double_twins_p17,"[0,2,34,36]",30030,510510,41,2,11 13,0,4194304,14,2,"(6,6)",0.07142857142857142,14,0.14285714285714285
double_twins_p17,"[0,2,34,36]",30030,510510,41,2,11 13,0,4194308,12,3,"(9,11)",0.08333333333333333,12,0.5833333333333334
double_twins_p17,"[0,2,34,36]",30030,510510,41,2,11 13,0,4325376,8,3,"(9,6)",0.125,8,0.5
double_twins_p17,"[0,2,34,36]",30030,510510,41,2,11 13,0,4325380,4,4,"(9,7)",0.25,4,0.5
double_twins_p17,"[0,2,34,36]",30030,510510,41,2,11 13,0,137438953472,4,2,"(6,5)",0.25,4,0.75
double_twins_p17,"[0,2,34,36]",30030,510510,41,2,11 13,0,137438953476,6,3,"(6,4)",0.16666666666666666,6,0.8333333333333334
double_twins_p17,"[0,2,34,36]",30030,510510,41,2,11 13,0,137439084544,12,3,"(9,5)",0.08333333333333333,12,0.8333333333333334
double_twins_p17,"[0,2,34,36]",30030,510510,41,2,11 13,0,137439084548,16,4,"(9,4)",0.0625,16,0.875
double_twins_p17,"[0,2,34,36]",30030,510510,41,2,11 13,0,137443147776,1,3,"(6,9)",1.0,1,0.0
double_twins_p17,"[0,2,34,36]",30030,510510,41,2,11 13,0,137443147780,16,4,"(9,3)",0.0625,16,0.5625
double_twins_p17,"[0,2,34,36]",30030,510510,41,2,11 13,0,137443278848,4,4,"(9,9)",0.25,4,0.5
double_twins_p17,"[0,2,34,36]",30030,510510,41,2,11 13,0,137443278852,4,5,"(9,8)",0.25,4,0.5
double_twins_p17,"[0,2,34,36]",30030,510510,41,2,11 13,1,8,4,2,"(5,4)",0.25,4,0.75
double_twins_p17,"[0,2,34,36]",30030,510510,41,2,11 13,1,262144,14,2,"(2,9)",0.07142857142857142,14,0.5
double_twins_p17,"[0,2,34,36]",30030,510510,41,2,11 13,1,262152,1,3,"(0,7)",1.0,1,1.0
double_twins_p17,"[0,2,34,36]",30030,510510,41,2,11 13,1,8388608,14,2,"(6,6)",0.07142857142857142,14,0.14285714285714285
double_twins_p17,"[0,2,34,36]",30030,510510,41,2,11 13,1,8388616,12,3,"(9,11)",0.08333333333333333,12,0.5833333333333334
double_twins_p17,"[0,2,34,36]",30030,510510,41,2,11 13,1,8650752,8,3,"(9,6)",0.125,8,0.5
double_twins_p17,"[0,2,34,36]",30030,510510,41,2,11 13,1,8650760,4,4,"(9,7)",0.25,4,0.5
double_twins_p17,"[0,2,34,36]",30030,510510,41,2,11 13,1,274877906944,4,2,"(6,5)",0.25,4,0.75
double_twins_p17,"[0,2,34,36]",30030,510510,41,2,11 13,1,274877906952,6,3,"(6,4)",0.16666666666666666,6,0.8333333333333334
double_twins_p17,"[0,2,34,36]",30030,510510,41,2,11 13,1,274878169088,12,3,"(9,5)",0.08333333333333333,12,0.8333333333333334
double_twins_p17,"[0,2,34,36]",30030,510510,41,2,11 13,1,274878169096,16,4,"(9,4)",0.0625,16,0.875
double_twins_p17,"[0,2,34,36]",30030,510510,41,2,11 13,1,274886295552,1,3,"(6,9)",1.0,1,0.0
double_twins_p17,"[0,2,34,36]",30030,510510,41,2,11 13,1,274886295560,16,4,"(9,3)",0.0625,16,0.5625
double_twins_p17,"[0,2,34,36]",30030,510510,41,2,11 13,1,274886557696,4,4,"(9,9)",0.25,4,0.5
double_twins_p17,"[0,2,34,36]",30030,510510,41,2,11 13,1,274886557704,4,5,"(9,8)",0.25,4,0.5
double_twins_p17,"[0,2,34,36]",30030,510510,41,2,11 13,2,16,4,2,"(5,4)",0.25,4,0.75
double_twins_p17,"[0,2,34,36]",30030,510510,41,2,11 13,2,524288,14,2,"(2,9)",0.07142857142857142,14,0.5
double_twins_p17,"[0,2,34,36]",30030,510510,41,2,11 13,2,524304,1,3,"(0,7)",1.0,1,1.0
double_twins_p17,"[0,2,34,36]",30030,510510,41,2,11 13,2,16777216,14,2,"(6,6)",0.07142857142857142,14,0.14285714285714285
double_twins_p17,"[0,2,34,36]",30030,510510,41,2,11 13,2,16777232,12,3,"(9,11)",0.08333333333333333,12,0.5833333333333334
double_twins_p17,"[0,2,34,36]",30030,510510,41,2,11 13,2,17301504,8,3,"(9,6)",0.125,8,0.5
double_twins_p17,"[0,2,34,36]",30030,510510,41,2,11 13,2,17301520,4,4,"(9,7)",0.25,4,0.5
double_twins_p17,"[0,2,34,36]",30030,510510,41,2,11 13,2,549755813888,4,2,"(6,5)",0.25,4,0.75
double_twins_p17,"[0,2,34,36]",30030,510510,41,2,11 13,2,549755813904,6,3,"(6,4)",0.16666666666666666,6,0.8333333333333334
double_twins_p17,"[0,2,34,36]",30030,510510,41,2,11 13,2,549756338176,12,3,"(9,5)",0.08333333333333333,12,0.8333333333333334
double_twins_p17,"[0,2,34,36]",30030,510510,41,2,11 13,2,549756338192,16,4,"(9,4)",0.0625,16,0.875
double_twins_p17,"[0,2,34,36]",30030,510510,41,2,11 13,2,549772591104,1,3,"(6,9)",1.0,1,0.0
double_twins_p17,"[0,2,34,36]",30030,510510,41,2,11 13,2,549772591120,16,4,"(9,3)",0.0625,16,0.5625
double_twins_p17,"[0,2,34,36]",30030,510510,41,2,11 13,2,549773115392,4,4,"(9,9)",0.25,4,0.5
double_twins_p17,"[0,2,34,36]",30030,510510,41,2,11 13,2,549773115408,4,5,"(9,8)",0.25,4,0.5
double_twins_p17,"[0,2,34,36]",30030,510510,41,2,11 13,3,32,10,2,"(6,4)",0.1,10,0.8
double_twins_p17,"[0,2,34,36]",30030,510510,41,2,11 13,3,1048576,26,2,"(9,5)",0.038461538461538464,26,0.6538461538461539
double_twins_p17,"[0,2,34,36]",30030,510510,41,2,11 13,3,1048608,17,3,"(9,4)",0.058823529411764705,17,0.8823529411764706
double_twins_p17,"[0,2,34,36]",30030,510510,41,2,11 13,3,33554432,15,2,"(6,9)",0.06666666666666667,15,0.13333333333333333
double_twins_p17,"[0,2,34,36]",30030,510510,41,2,11 13,3,33554464,28,3,"(9,3)",0.03571428571428571,28,0.5714285714285714
double_twins_p17,"[0,2,34,36]",30030,510510,41,2,11 13,3,34603008,12,3,"(9,9)",0.08333333333333333,12,0.5
double_twins_p17,"[0,2,34,36]",30030,510510,41,2,11 13,3,34603040,8,4,"(9,8)",0.125,8,0.5
double_twins_p17,"[0,2,34,36]",30030,510510,41,2,11 13,4,64,10,2,"(6,4)",0.1,10,0.8
double_twins_p17,"[0,2,34,36]",30030,510510,41,2,11 13,4,2097152,26,2,"(9,5)",0.038461538461538464,26,0.6538461538461539
double_twins_p17,"[0,2,34,36]",30030,510510,41,2,11 13,4,2097216,17,3,"(9,4)",0.058823529411764705,17,0.8823529411764706
double_twins_p17,"[0,2,34,36]",30030,510510,41,2,11 13,4,67108864,15,2,"(6,9)",0.06666666666666667,15,0.13333333333333333
double_twins_p17,"[0,2,34,36]",30030,510510,41,2,11 13,4,67108928,28,3,"(9,3)",0.03571428571428571,28,0.5714285714285714
double_twins_p17,"[0,2,34,36]",30030,510510,41,2,11 13,4,69206016,12,3,"(9,9)",0.08333333333333333,12,0.5
double_twins_p17,"[0,2,34,36]",30030,510510,41,2,11 13,4,69206080,8,4,"(9,8)",0.125,8,0.5
double_twins_p17,"[0,2,34,36]",30030,510510,41,2,11 13,5,128,10,2,"(6,4)",0.1,10,0.8
double_twins_p17,"[0,2,34,36]",30030,510510,41,2,11 13,5,4194304,26,2,"(9,5)",0.038461538461538464,26,0.6538461538461539
double_twins_p17,"[0,2,34,36]",30030,510510,41,2,11 13,5,4194432,17,3,"(9,4)",0.058823529411764705,17,0.8823529411764706
double_twins_p17,"[0,2,34,36]",30030,510510,41,2,11 13,5,134217728,15,2,"(6,9)",0.06666666666666667,15,0.13333333333333333
double_twins_p17,"[0,2,34,36]",30030,510510,41,2,11 13,5,134217856,28,3,"(9,3)",0.03571428571428571,28,0.5714285714285714
double_twins_p17,"[0,2,34,36]",30030,510510,41,2,11 13,5,138412032,12,3,"(9,9)",0.08333333333333333,12,0.5
double_twins_p17,"[0,2,34,36]",30030,510510,41,2,11 13,5,138412160,8,4,"(9,8)",0.125,8,0.5
double_twins_p17,"[0,2,34,36]",30030,510510,41,2,11 13,6,256,10,2,"(6,4)",0.1,10,0.8
double_twins_p17,"[0,2,34,36]",30030,510510,41,2,11 13,6,8388608,26,2,"(9,5)",0.038461538461538464,26,0.6538461538461539
double_twins_p17,"[0,2,34,36]",30030,510510,41,2,11 13,6,8388864,17,3,"(9,4)",0.058823529411764705,17,0.8823529411764706
double_twins_p17,"[0,2,34,36]",30030,510510,41,2,11 13,6,268435456,15,2,"(6,9)",0.06666666666666667,15,0.13333333333333333
double_twins_p17,"[0,2,34,36]",30030,510510,41,2,11 13,6,268435712,28,3,"(9,3)",0.03571428571428571,28,0.5714285714285714
double_twins_p17,"[0,2,34,36]",30030,510510,41,2,11 13,6,276824064,12,3,"(9,9)",0.08333333333333333,12,0.5
double_twins_p17,"[0,2,34,36]",30030,510510,41,2,11 13,6,276824320,8,4,"(9,8)",0.125,8,0.5
double_twins_p17,"[0,2,34,36]",30030,510510,41,2,11 13,7,512,10,2,"(6,4)",0.1,10,0.8
double_twins_p17,"[0,2,34,36]",30030,510510,41,2,11 13,7,16777216,26,2,"(9,5)",0.038461538461538464,26,0.6538461538461539
double_twins_p17,"[0,2,34,36]",30030,510510,41,2,11 13,7,16777728,17,3,"(9,4)",0.058823529411764705,17,0.8823529411764706
double_twins_p17,"[0,2,34,36]",30030,510510,41,2,11 13,7,536870912,15,2,"(6,9)",0.06666666666666667,15,0.13333333333333333
double_twins_p17,"[0,2,34,36]",30030,510510,41,2,11 13,7,536871424,28,3,"(9,3)",0.03571428571428571,28,0.5714285714285714
double_twins_p17,"[0,2,34,36]",30030,510510,41,2,11 13,7,553648128,12,3,"(9,9)",0.08333333333333333,12,0.5
double_twins_p17,"[0,2,34,36]",30030,510510,41,2,11 13,7,553648640,8,4,"(9,8)",0.125,8,0.5
double_twins_p17,"[0,2,34,36]",30030,510510,41,2,11 13,8,1024,10,2,"(6,4)",0.1,10,0.8
double_twins_p17,"[0,2,34,36]",30030,510510,41,2,11 13,8,33554432,26,2,"(9,5)",0.038461538461538464,26,0.6538461538461539
double_twins_p17,"[0,2,34,36]",30030,510510,41,2,11 13,8,33555456,17,3,"(9,4)",0.058823529411764705,17,0.8823529411764706
double_twins_p17,"[0,2,34,36]",30030,510510,41,2,11 13,8,1073741824,15,2,"(6,9)",0.06666666666666667,15,0.13333333333333333
double_twins_p17,"[0,2,34,36]",30030,510510,41,2,11 13,8,1073742848,28,3,"(9,3)",0.03571428571428571,28,0.5714285714285714
double_twins_p17,"[0,2,34,36]",30030,510510,41,2,11 13,8,1107296256,12,3,"(9,9)",0.08333333333333333,12,0.5
double_twins_p17,"[0,2,34,36]",30030,510510,41,2,11 13,8,1107297280,8,4,"(9,8)",0.125,8,0.5
double_twins_p17,"[0,2,34,36]",30030,510510,41,2,11 13,9,2048,10,2,"(6,4)",0.1,10,0.8
double_twins_p17,"[0,2,34,36]",30030,510510,41,2,11 13,9,67108864,26,2,"(9,5)",0.038461538461538464,26,0.6538461538461539
double_twins_p17,"[0,2,34,36]",30030,510510,41,2,11 13,9,67110912,17,3,"(9,4)",0.058823529411764705,17,0.8823529411764706
double_twins_p17,"[0,2,34,36]",30030,510510,41,2,11 13,9,2147483648,15,2,"(6,9)",0.06666666666666667,15,0.13333333333333333
double_twins_p17,"[0,2,34,36]",30030,510510,41,2,11 13,9,2147485696,28,3,"(9,3)",0.03571428571428571,28,0.5714285714285714
double_twins_p17,"[0,2,34,36]",30030,510510,41,2,11 13,9,2214592512,12,3,"(9,9)",0.08333333333333333,12,0.5
double_twins_p17,"[0,2,34,36]",30030,510510,41,2,11 13,9,2214594560,8,4,"(9,8)",0.125,8,0.5
double_twins_p17,"[0,2,34,36]",30030,510510,41,2,11 13,10,4096,10,2,"(6,4)",0.1,10,0.8
double_twins_p17,"[0,2,34,36]",30030,510510,41,2,11 13,10,134217728,26,2,"(9,5)",0.038461538461538464,26,0.6538461538461539
double_twins_p17,"[0,2,34,36]",30030,510510,41,2,11 13,10,134221824,17,3,"(9,4)",0.058823529411764705,17,0.8823529411764706
double_twins_p17,"[0,2,34,36]",30030,510510,41,2,11 13,10,4294967296,15,2,"(6,9)",0.06666666666666667,15,0.13333333333333333
double_twins_p17,"[0,2,34,36]",30030,510510,41,2,11 13,10,4294971392,28,3,"(9,3)",0.03571428571428571,28,0.5714285714285714
double_twins_p17,"[0,2,34,36]",30030,510510,41,2,11 13,10,4429185024,12,3,"(9,9)",0.08333333333333333,12,0.5
double_twins_p17,"[0,2,34,36]",30030,510510,41,2,11 13,10,4429189120,8,4,"(9,8)",0.125,8,0.5
double_twins_p17,"[0,2,34,36]",30030,510510,41,2,11 13,11,8192,10,2,"(6,4)",0.1,10,0.8
double_twins_p17,"[0,2,34,36]",30030,510510,41,2,11 13,11,268435456,26,2,"(9,5)",0.038461538461538464,26,0.6538461538461539
double_twins_p17,"[0,2,34,36]",30030,510510,41,2,11 13,11,268443648,17,3,"(9,4)",0.058823529411764705,17,0.8823529411764706
double_twins_p17,"[0,2,34,36]",30030,510510,41,2,11 13,11,8589934592,15,2,"(6,9)",0.06666666666666667,15,0.13333333333333333
double_twins_p17,"[0,2,34,36]",30030,510510,41,2,11 13,11,8589942784,28,3,"(9,3)",0.03571428571428571,28,0.5714285714285714
double_twins_p17,"[0,2,34,36]",30030,510510,41,2,11 13,11,8858370048,12,3,"(9,9)",0.08333333333333333,12,0.5
double_twins_p17,"[0,2,34,36]",30030,510510,41,2,11 13,11,8858378240,8,4,"(9,8)",0.125,8,0.5
double_twins_p17,"[0,2,34,36]",30030,510510,41,2,11 13,12,0,27,2,"(6,5)",0.037037037037037035,27,0.4444444444444444
double_twins_p17,"[0,2,34,36]",30030,510510,41,2,11 13,12,16384,10,4,"(6,4)",0.1,10,0.8
double_twins_p17,"[0,2,34,36]",30030,510510,41,2,11 13,12,536870912,26,4,"(9,5)",0.038461538461538464,26,0.6538461538461539
double_twins_p17,"[0,2,34,36]",30030,510510,41,2,11 13,12,536887296,17,6,"(9,4)",0.058823529411764705,17,0.8823529411764706
double_twins_p17,"[0,2,34,36]",30030,510510,41,2,11 13,12,17179869184,15,4,"(6,9)",0.06666666666666667,15,0.13333333333333333
double_twins_p17,"[0,2,34,36]",30030,510510,41,2,11 13,12,17179885568,28,6,"(9,3)",0.03571428571428571,28,0.5714285714285714
double_twins_p17,"[0,2,34,36]",30030,510510,41,2,11 13,12,17716740096,12,6,"(9,9)",0.08333333333333333,12,0.5
double_twins_p17,"[0,2,34,36]",30030,510510,41,2,11 13,12,17716756480,8,8,"(9,8)",0.125,8,0.5
double_twins_p17,"[0,2,34,36]",30030,510510,41,2,11 13,13,1,13,2,"(6,5)",0.07692307692307693,13,0.23076923076923078
double_twins_p17,"[0,2,34,36]",30030,510510,41,2,11 13,13,32768,8,2,"(6,4)",0.125,8,0.75
double_twins_p17,"[0,2,34,36]",30030,510510,41,2,11 13,13,32769,2,3,"(6,1)",0.5,2,1.0
double_twins_p17,"[0,2,34,36]",30030,510510,41,2,11 13,13,1073741824,23,2,"(2,9)",0.043478260869565216,23,0.6956521739130435
double_twins_p17,"[0,2,34,36]",30030,510510,41,2,11 13,13,1073741825,3,3,"(9,5)",0.3333333333333333,3,0.3333333333333333
double_twins_p17,"[0,2,34,36]",30030,510510,41,2,11 13,13,1073774592,14,3,"(9,4)",0.07142857142857142,14,0.8571428571428571
double_twins_p17,"[0,2,34,36]",30030,510510,41,2,11 13,13,1073774593,3,4,"(9,1)",0.3333333333333333,3,1.0
double_twins_p17,"[0,2,34,36]",30030,510510,41,2,11 13,13,34359738368,2,2,"(4,3)",0.5,2,0.5
double_twins_p17,"[0,2,34,36]",30030,510510,41,2,11 13,13,34359738369,13,3,"(6,9)",0.07692307692307693,13,0.07692307692307693
double_twins_p17,"[0,2,34,36]",30030,510510,41,2,11 13,13,34359771136,14,3,"(9,3)",0.07142857142857142,14,0.7142857142857143
double_twins_p17,"[0,2,34,36]",30030,510510,41,2,11 13,13,34359771137,14,4,"(9,2)",0.07142857142857142,14,0.42857142857142855
double_twins_p17,"[0,2,34,36]",30030,510510,41,2,11 13,13,35433480192,3,3,"(10,9)",0.3333333333333333,3,1.0
double_twins_p17,"[0,2,34,36]",30030,510510,41,2,11 13,13,35433480193,9,4,"(9,9)",0.1111111111111111,9,0.3333333333333333
double_twins_p17,"[0,2,34,36]",30030,510510,41,2,11 13,13,35433512960,2,4,"(10,8)",0.5,2,1.0
double_twins_p17,"[0,2,34,36]",30030,510510,41,2,11 13,13,35433512961,6,5,"(9,8)",0.16666666666666666,6,0.3333333333333333
double_twins_p17,"[0,2,34,36]",30030,510510,41,2,11 13,14,2,13,2,"(6,5)",0.07692307692307693,13,0.23076923076923078
double_twins_p17,"[0,2,34,36]",30030,510510,41,2,11 13,14,65536,8,2,"(6,4)",0.125,8,0.75
double_twins_p17,"[0,2,34,36]",30030,510510,41,2,11 13,14,65538,2,3,"(6,1)",0.5,2,1.0
double_twins_p17,"[0,2,34,36]",30030,510510,41,2,11 13,14,2147483648,23,2,"(2,9)",0.043478260869565216,23,0.6956521739130435
double_twins_p17,"[0,2,34,36]",30030,510510,41,2,11 13,14,2147483650,3,3,"(9,5)",0.3333333333333333,3,0.3333333333333333
double_twins_p17,"[0,2,34,36]",30030,510510,41,2,11 13,14,2147549184,14,3,"(9,4)",0.07142857142857142,14,0.8571428571428571
double_twins_p17,"[0,2,34,36]",30030,510510,41,2,11 13,14,2147549186,3,4,"(9,1)",0.3333333333333333,3,1.0
double_twins_p17,"[0,2,34,36]",30030,510510,41,2,11 13,14,68719476736,2,2,"(4,3)",0.5,2,0.5
double_twins_p17,"[0,2,34,36]",30030,510510,41,2,11 13,14,68719476738,13,3,"(6,9)",0.07692307692307693,13,0.07692307692307693
double_twins_p17,"[0,2,34,36]",30030,510510,41,2,11 13,14,68719542272,14,3,"(9,3)",0.07142857142857142,14,0.7142857142857143
double_twins_p17,"[0,2,34,36]",30030,510510,41,2,11 13,14,68719542274,14,4,"(9,2)",0.07142857142857142,14,0.42857142857142855
double_twins_p17,"[0,2,34,36]",30030,510510,41,2,11 13,14,70866960384,3,3,"(10,9)",0.3333333333333333,3,1.0
double_twins_p17,"[0,2,34,36]",30030,510510,41,2,11 13,14,70866960386,9,4,"(9,9)",0.1111111111111111,9,0.3333333333333333
double_twins_p17,"[0,2,34,36]",30030,510510,41,2,11 13,14,70867025920,2,4,"(10,8)",0.5,2,1.0
double_twins_p17,"[0,2,34,36]",30030,510510,41,2,11 13,14,70867025922,6,5,"(9,8)",0.16666666666666666,6,0.3333333333333333
double_twins_p17,"[0,2,34,36]",30030,510510,41,2,11 13,15,4,13,2,"(6,5)",0.07692307692307693,13,0.23076923076923078
double_twins_p17,"[0,2,34,36]",30030,510510,41,2,11 13,15,131072,8,2,"(6,4)",0.125,8,0.75
double_twins_p17,"[0,2,34,36]",30030,510510,41,2,11 13,15,131076,2,3,"(6,1)",0.5,2,1.0
double_twins_p17,"[0,2,34,36]",30030,510510,41,2,11 13,15,4294967296,23,2,"(2,9)",0.043478260869565216,23,0.6956521739130435
double_twins_p17,"[0,2,34,36]",30030,510510,41,2,11 13,15,4294967300,3,3,"(9,5)",0.3333333333333333,3,0.3333333333333333
double_twins_p17,"[0,2,34,36]",30030,510510,41,2,11 13,15,4295098368,14,3,"(9,4)",0.07142857142857142,14,0.8571428571428571
double_twins_p17,"[0,2,34,36]",30030,510510,41,2,11 13,15,4295098372,3,4,"(9,1)",0.3333333333333333,3,1.0
double_twins_p17,"[0,2,34,36]",30030,510510,41,2,11 13,15,137438953472,2,2,"(4,3)",0.5,2,0.5
double_twins_p17,"[0,2,34,36]",30030,510510,41,2,11 13,15,137438953476,13,3,"(6,9)",0.07692307692307693,13,0.07692307692307693
double_twins_p17,"[0,2,34,36]",30030,510510,41,2,11 13,15,137439084544,14,3,"(9,3)",0.07142857142857142,14,0.7142857142857143
double_twins_p17,"[0,2,34,36]",30030,510510,41,2,11 13,15,137439084548,14,4,"(9,2)",0.07142857142857142,14,0.42857142857142855
double_twins_p17,"[0,2,34,36]",30030,510510,41,2,11 13,15,141733920768,3,3,"(10,9)",0.3333333333333333,3,1.0
double_twins_p17,"[0,2,34,36]",30030,510510,41,2,11 13,15,141733920772,9,4,"(9,9)",0.1111111111111111,9,0.3333333333333333
double_twins_p17,"[0,2,34,36]",30030,510510,41,2,11 13,15,141734051840,2,4,"(10,8)",0.5,2,1.0
double_twins_p17,"[0,2,34,36]",30030,510510,41,2,11 13,15,141734051844,6,5,"(9,8)",0.16666666666666666,6,0.3333333333333333
double_twins_p17,"[0,2,34,36]",30030,510510,41,2,11 13,16,8,13,2,"(6,5)",0.07692307692307693,13,0.23076923076923078
double_twins_p17,"[0,2,34,36]",30030,510510,41,2,11 13,16,262144,8,2,"(6,4)",0.125,8,0.75
double_twins_p17,"[0,2,34,36]",30030,510510,41,2,11 13,16,262152,2,3,"(6,1)",0.5,2,1.0
double_twins_p17,"[0,2,34,36]",30030,510510,41,2,11 13,16,8589934592,23,2,"(2,9)",0.043478260869565216,23,0.6956521739130435
double_twins_p17,"[0,2,34,36]",30030,510510,41,2,11 13,16,8589934600,3,3,"(9,5)",0.3333333333333333,3,0.3333333333333333
double_twins_p17,"[0,2,34,36]",30030,510510,41,2,11 13,16,8590196736,14,3,"(9,4)",0.07142857142857142,14,0.8571428571428571
double_twins_p17,"[0,2,34,36]",30030,510510,41,2,11 13,16,8590196744,3,4,"(9,1)",0.3333333333333333,3,1.0
double_twins_p17,"[0,2,34,36]",30030,510510,41,2,11 13,16,274877906944,2,2,"(4,3)",0.5,2,0.5
double_twins_p17,"[0,2,34,36]",30030,510510,41,2,11 13,16,274877906952,13,3,"(6,9)",0.07692307692307693,13,0.07692307692307693
double_twins_p17,"[0,2,34,36]",30030,510510,41,2,11 13,16,274878169088,14,3,"(9,3)",0.07142857142857142,14,0.7142857142857143
double_twins_p17,"[0,2,34,36]",30030,510510,41,2,11 13,16,274878169096,14,4,"(9,2)",0.07142857142857142,14,0.42857142857142855
double_twins_p17,"[0,2,34,36]",30030,510510,41,2,11 13,16,283467841536,3,3,"(10,9)",0.3333333333333333,3,1.0
double_twins_p17,"[0,2,34,36]",30030,510510,41,2,11 13,16,283467841544,9,4,"(9,9)",0.1111111111111111,9,0.3333333333333333
double_twins_p17,"[0,2,34,36]",30030,510510,41,2,11 13,16,283468103680,2,4,"(10,8)",0.5,2,1.0
double_twins_p17,"[0,2,34,36]",30030,510510,41,2,11 13,16,283468103688,6,5,"(9,8)",0.16666666666666666,6,0.3333333333333333
double_twins_p17,"[0,2,34,36]",30030,510510,41,2,11 13,17,0,14,2,"(4,4)",0.07142857142857142,14,0.6428571428571429
double_twins_p17,"[0,2,34,36]",30030,510510,41,2,11 13,17,16,13,4,"(6,5)",0.07692307692307693,13,0.23076923076923078
double_twins_p17,"[0,2,34,36]",30030,510510,41,2,11 13,17,524288,8,4,"(6,4)",0.125,8,0.75
double_twins_p17,"[0,2,34,36]",30030,510510,41,2,11 13,17,524304,2,3,"(6,1)",0.5,2,1.0
double_twins_p17,"[0,2,34,36]",30030,510510,41,2,11 13,17,17179869184,23,4,"(2,9)",0.043478260869565216,23,0.6956521739130435
double_twins_p17,"[0,2,34,36]",30030,510510,41,2,11 13,17,17179869200,3,4,"(9,5)",0.3333333333333333,3,0.3333333333333333
double_twins_p17,"[0,2,34,36]",30030,510510,41,2,11 13,17,17180393472,14,6,"(9,4)",0.07142857142857142,14,0.8571428571428571
double_twins_p17,"[0,2,34,36]",30030,510510,41,2,11 13,17,17180393488,3,4,"(9,1)",0.3333333333333333,3,1.0
double_twins_p17,"[0,2,34,36]",30030,510510,41,2,11 13,17,549755813888,2,2,"(4,3)",0.5,2,0.5
double_twins_p17,"[0,2,34,36]",30030,510510,41,2,11 13,17,549755813904,13,6,"(6,9)",0.07692307692307693,13,0.07692307692307693
double_twins_p17,"[0,2,34,36]",30030,510510,41,2,11 13,17,549756338176,14,6,"(9,3)",0.07142857142857142,14,0.7142857142857143
double_twins_p17,"[0,2,34,36]",30030,510510,41,2,11 13,17,549756338192,14,8,"(9,2)",0.07142857142857142,14,0.42857142857142855
double_twins_p17,"[0,2,34,36]",30030,510510,41,2,11 13,17,566935683072,3,6,"(10,9)",0.3333333333333333,3,1.0
double_twins_p17,"[0,2,34,36]",30030,510510,41,2,11 13,17,566935683088,9,8,"(9,9)",0.1111111111111111,9,0.3333333333333333
double_twins_p17,"[0,2,34,36]",30030,510510,41,2,11 13,17,566936207360,2,6,"(10,8)",0.5,2,1.0
double_twins_p17,"[0,2,34,36]",30030,510510,41,2,11 13,17,566936207376,6,7,"(9,8)",0.16666666666666666,6,0.3333333333333333
double_twins_p17,"[0,2,34,36]",30030,510510,41,2,11 13,18,1,2,2,"(1,3)",0.5,2,1.0
double_twins_p17,"[0,2,34,36]",30030,510510,41,2,11 13,18,32,23,2,"(6,10)",0.043478260869565216,23,0.17391304347826086
double_twins_p17,"[0,2,34,36]",30030,510510,41,2,11 13,18,33,3,3,"(6,9)",0.3333333333333333,3,0.0
double_twins_p17,"[0,2,34,36]",30030,510510,41,2,11 13,18,1048576,8,2,"(5,4)",0.125,8,0.75
double_twins_p17,"[0,2,34,36]",30030,510510,41,2,11 13,18,1048577,14,3,"(9,3)",0.07142857142857142,14,0.7142857142857143
double_twins_p17,"[0,2,34,36]",30030,510510,41,2,11 13,18,1048608,14,3,"(9,2)",0.07142857142857142,14,0.5714285714285714
double_twins_p17,"[0,2,34,36]",30030,510510,41,2,11 13,18,1048609,2,4,"(6,8)",0.5,2,0.0
double_twins_p17,"[0,2,34,36]",30030,510510,41,2,11 13,18,34359738368,13,2,"(2,9)",0.07692307692307693,13,0.46153846153846156
double_twins_p17,"[0,2,34,36]",30030,510510,41,2,11 13,18,34359738369,13,3,"(10,9)",0.07692307692307693,13,1.0
double_twins_p17,"[0,2,34,36]",30030,510510,41,2,11 13,18,34359738400,3,3,"(9,10)",0.3333333333333333,3,0.3333333333333333
double_twins_p17,"[0,2,34,36]",30030,510510,41,2,11 13,18,34359738401,9,4,"(9,9)",0.1111111111111111,9,0.3333333333333333
double_twins_p17,"[0,2,34,36]",30030,510510,41,2,11 13,18,34360786944,2,3,"(10,1)",0.5,2,1.0
double_twins_p17,"[0,2,34,36]",30030,510510,41,2,11 13,18,34360786945,14,4,"(9,4)",0.07142857142857142,14,0.8571428571428571
double_twins_p17,"[0,2,34,36]",30030,510510,41,2,11 13,18,34360786976,3,4,"(9,1)",0.3333333333333333,3,1.0
double_twins_p17,"[0,2,34,36]",30030,510510,41,2,11 13,18,34360786977,6,5,"(9,8)",0.16666666666666666,6,0.3333333333333333
double_twins_p17,"[0,2,34,36]",30030,510510,41,2,11 13,19,2,2,2,"(1,3)",0.5,2,1.0
double_twins_p17,"[0,2,34,36]",30030,510510,41,2,11 13,19,64,23,2,"(6,10)",0.043478260869565216,23,0.17391304347826086
double_twins_p17,"[0,2,34,36]",30030,510510,41,2,11 13,19,66,3,3,"(6,9)",0.3333333333333333,3,0.0
double_twins_p17,"[0,2,34,36]",30030,510510,41,2,11 13,19,2097152,8,2,"(5,4)",0.125,8,0.75
double_twins_p17,"[0,2,34,36]",30030,510510,41,2,11 13,19,2097154,14,3,"(9,3)",0.07142857142857142,14,0.7142857142857143
double_twins_p17,"[0,2,34,36]",30030,510510,41,2,11 13,19,2097216,14,3,"(9,2)",0.07142857142857142,14,0.5714285714285714
double_twins_p17,"[0,2,34,36]",30030,510510,41,2,11 13,19,2097218,2,4,"(6,8)",0.5,2,0.0
double_twins_p17,"[0,2,34,36]",30030,510510,41,2,11 13,19,68719476736,13,2,"(2,9)",0.07692307692307693,13,0.46153846153846156
double_twins_p17,"[0,2,34,36]",30030,510510,41,2,11 13,19,68719476738,13,3,"(10,9)",0.07692307692307693,13,1.0
double_twins_p17,"[0,2,34,36]",30030,510510,41,2,11 13,19,68719476800,3,3,"(9,10)",0.3333333333333333,3,0.3333333333333333
double_twins_p17,"[0,2,34,36]",30030,510510,41,2,11 13,19,68719476802,9,4,"(9,9)",0.1111111111111111,9,0.3333333333333333
double_twins_p17,"[0,2,34,36]",30030,510510,41,2,11 13,19,68721573888,2,3,"(10,1)",0.5,2,1.0
double_twins_p17,"[0,2,34,36]",30030,510510,41,2,11 13,19,68721573890,14,4,"(9,4)",0.07142857142857142,14,0.8571428571428571
double_twins_p17,"[0,2,34,36]",30030,510510,41,2,11 13,19,68721573952,3,4,"(9,1)",0.3333333333333333,3,1.0
double_twins_p17,"[0,2,34,36]",30030,510510,41,2,11 13,19,68721573954,6,5,"(9,8)",0.16666666666666666,6,0.3333333333333333
double_twins_p17,"[0,2,34,36]",30030,510510,41,2,11 13,20,4,2,2,"(1,3)",0.5,2,1.0
double_twins_p17,"[0,2,34,36]",30030,510510,41,2,11 13,20,128,23,2,"(6,10)",0.043478260869565216,23,0.17391304347826086
double_twins_p17,"[0,2,34,36]",30030,510510,41,2,11 13,20,132,3,3,"(6,9)",0.3333333333333333,3,0.0
double_twins_p17,"[0,2,34,36]",30030,510510,41,2,11 13,20,4194304,8,2,"(5,4)",0.125,8,0.75
double_twins_p17,"[0,2,34,36]",30030,510510,41,2,11 13,20,4194308,14,3,"(9,3)",0.07142857142857142,14,0.7142857142857143
double_twins_p17,"[0,2,34,36]",30030,510510,41,2,11 13,20,4194432,14,3,"(9,2)",0.07142857142857142,14,0.5714285714285714
double_twins_p17,"[0,2,34,36]",30030,510510,41,2,11 13,20,4194436,2,4,"(6,8)",0.5,2,0.0
double_twins_p17,"[0,2,34,36]",30030,510510,41,2,11 13,20,137438953472,13,2,"(2,9)",0.07692307692307693,13,0.46153846153846156
double_twins_p17,"[0,2,34,36]",30030,510510,41,2,11 13,20,137438953476,13,3,"(10,9)",0.07692307692307693,13,1.0
double_twins_p17,"[0,2,34,36]",30030,510510,41,2,11 13,20,137438953600,3,3,"(9,10)",0.3333333333333333,3,0.3333333333333333
double_twins_p17,"[0,2,34,36]",30030,510510,41,2,11 13,20,137438953604,9,4,"(9,9)",0.1111111111111111,9,0.3333333333333333
double_twins_p17,"[0,2,34,36]",30030,510510,41,2,11 13,20,137443147776,2,3,"(10,1)",0.5,2,1.0
double_twins_p17,"[0,2,34,36]",30030,510510,41,2,11 13,20,137443147780,14,4,"(9,4)",0.07142857142857142,14,0.8571428571428571
double_twins_p17,"[0,2,34,36]",30030,510510,41,2,11 13,20,137443147904,3,4,"(9,1)",0.3333333333333333,3,1.0
double_twins_p17,"[0,2,34,36]",30030,510510,41,2,11 13,20,137443147908,6,5,"(9,8)",0.16666666666666666,6,0.3333333333333333
double_twins_p17,"[0,2,34,36]",30030,510510,41,2,11 13,21,8,2,2,"(1,3)",0.5,2,1.0
double_twins_p17,"[0,2,34,36]",30030,510510,41,2,11 13,21,256,23,2,"(6,10)",0.043478260869565216,23,0.17391304347826086
double_twins_p17,"[0,2,34,36]",30030,510510,41,2,11 13,21,264,3,3,"(6,9)",0.3333333333333333,3,0.0
double_twins_p17,"[0,2,34,36]",30030,510510,41,2,11 13,21,8388608,8,2,"(5,4)",0.125,8,0.75
double_twins_p17,"[0,2,34,36]",30030,510510,41,2,11 13,21,8388616,14,3,"(9,3)",0.07142857142857142,14,0.7142857142857143
double_twins_p17,"[0,2,34,36]",30030,510510,41,2,11 13,21,8388864,14,3,"(9,2)",0.07142857142857142,14,0.5714285714285714
double_twins_p17,"[0,2,34,36]",30030,510510,41,2,11 13,21,8388872,2,4,"(6,8)",0.5,2,0.0
double_twins_p17,"[0,2,34,36]",30030,510510,41,2,11 13,21,274877906944,13,2,"(2,9)",0.07692307692307693,13,0.46153846153846156
double_twins_p17,"[0,2,34,36]",30030,510510,41,2,11 13,21,274877906952,13,3,"(10,9)",0.07692307692307693,13,1.0
double_twins_p17,"[0,2,34,36]",30030,510510,41,2,11 13,21,274877907200,3,3,"(9,10)",0.3333333333333333,3,0.3333333333333333
double_twins_p17,"[0,2,34,36]",30030,510510,41,2,11 13,21,274877907208,9,4,"(9,9)",0.1111111111111111,9,0.3333333333333333
double_twins_p17,"[0,2,34,36]",30030,510510,41,2,11 13,21,274886295552,2,3,"(10,1)",0.5,2,1.0
double_twins_p17,"[0,2,34,36]",30030,510510,41,2,11 13,21,274886295560,14,4,"(9,4)",0.07142857142857142,14,0.8571428571428571
double_twins_p17,"[0,2,34,36]",30030,510510,41,2,11 13,21,274886295808,3,4,"(9,1)",0.3333333333333333,3,1.0
double_twins_p17,"[0,2,34,36]",30030,510510,41,2,11 13,21,274886295816,6,5,"(9,8)",0.16666666666666666,6,0.3333333333333333
double_twins_p17,"[0,2,34,36]",30030,510510,41,2,11 13,22,16,2,2,"(1,3)",0.5,2,1.0
double_twins_p17,"[0,2,34,36]",30030,510510,41,2,11 13,22,512,23,2,"(6,10)",0.043478260869565216,23,0.17391304347826086
double_twins_p17,"[0,2,34,36]",30030,510510,41,2,11 13,22,528,3,3,"(6,9)",0.3333333333333333,3,0.0
double_twins_p17,"[0,2,34,36]",30030,510510,41,2,11 13,22,16777216,8,2,"(5,4)",0.125,8,0.75
double_twins_p17,"[0,2,34,36]",30030,510510,41,2,11 13,22,16777232,14,3,"(9,3)",0.07142857142857142,14,0.7142857142857143
double_twins_p17,"[0,2,34,36]",30030,510510,41,2,11 13,22,16777728,14,3,"(9,2)",0.07142857142857142,14,0.5714285714285714
double_twins_p17,"[0,2,34,36]",30030,510510,41,2,11 13,22,16777744,2,4,"(6,8)",0.5,2,0.0
double_twins_p17,"[0,2,34,36]",30030,510510,41,2,11 13,22,549755813888,13,2,"(2,9)",0.07692307692307693,13,0.46153846153846156
double_twins_p17,"[0,2,34,36]",30030,510510,41,2,11 13,22,549755813904,13,3,"(10,9)",0.07692307692307693,13,1.0
double_twins_p17,"[0,2,34,36]",30030,510510,41,2,11 13,22,549755814400,3,3,"(9,10)",0.3333333333333333,3,0.3333333333333333
double_twins_p17,"[0,2,34,36]",30030,510510,41,2,11 13,22,549755814416,9,4,"(9,9)",0.1111111111111111,9,0.3333333333333333
double_twins_p17,"[0,2,34,36]",30030,510510,41,2,11 13,22,549772591104,2,3,"(10,1)",0.5,2,1.0
double_twins_p17,"[0,2,34,36]",30030,510510,41,2,11 13,22,549772591120,14,4,"(9,4)",0.07142857142857142,14,0.8571428571428571
double_twins_p17,"[0,2,34,36]",30030,510510,41,2,11 13,22,549772591616,3,4,"(9,1)",0.3333333333333333,3,1.0
double_twins_p17,"[0,2,34,36]",30030,510510,41,2,11 13,22,549772591632,6,5,"(9,8)",0.16666666666666666,6,0.3333333333333333
double_twins_p17,"[0,2,34,36]",30030,510510,41,2,11 13,23,32,15,2,"(10,9)",0.06666666666666667,15,1.0
double_twins_p17,"[0,2,34,36]",30030,510510,41,2,11 13,23,1024,26,2,"(9,10)",0.038461538461538464,26,0.19230769230769232
double_twins_p17,"[0,2,34,36]",30030,510510,41,2,11 13,23,1056,12,3,"(9,9)",0.08333333333333333,12,0.25
double_twins_p17,"[0,2,34,36]",30030,510510,41,2,11 13,23,33554432,10,2,"(5,4)",0.1,10,0.8
double_twins_p17,"[0,2,34,36]",30030,510510,41,2,11 13,23,33554464,28,3,"(9,4)",0.03571428571428571,28,0.7857142857142857
double_twins_p17,"[0,2,34,36]",30030,510510,41,2,11 13,23,33555456,17,3,"(9,2)",0.058823529411764705,17,0.6470588235294118
double_twins_p17,"[0,2,34,36]",30030,510510,41,2,11 13,23,33555488,8,4,"(9,8)",0.125,8,0.25
double_twins_p17,"[0,2,34,36]",30030,510510,41,2,11 13,24,64,15,2,"(10,9)",0.06666666666666667,15,1.0
double_twins_p17,"[0,2,34,36]",30030,510510,41,2,11 13,24,2048,26,2,"(9,10)",0.038461538461538464,26,0.19230769230769232
double_twins_p17,"[0,2,34,36]",30030,510510,41,2,11 13,24,2112,12,3,"(9,9)",0.08333333333333333,12,0.25
double_twins_p17,"[0,2,34,36]",30030,510510,41,2,11 13,24,67108864,10,2,"(5,4)",0.1,10,0.8
double_twins_p17,"[0,2,34,36]",30030,510510,41,2,11 13,24,67108928,28,3,"(9,4)",0.03571428571428571,28,0.7857142857142857
double_twins_p17,"[0,2,34,36]",30030,510510,41,2,11 13,24,67110912,17,3,"(9,2)",0.058823529411764705,17,0.6470588235294118
double_twins_p17,"[0,2,34,36]",30030,510510,41,2,11 13,24,67110976,8,4,"(9,8)",0.125,8,0.25
double_twins_p17,"[0,2,34,36]",30030,510510,41,2,11 13,25,128,15,2,"(10,9)",0.06666666666666667,15,1.0
double_twins_p17,"[0,2,34,36]",30030,510510,41,2,11 13,25,4096,26,2,"(9,10)",0.038461538461538464,26,0.19230769230769232
double_twins_p17,"[0,2,34,36]",30030,510510,41,2,11 13,25,4224,12,3,"(9,9)",0.08333333333333333,12,0.25
double_twins_p17,"[0,2,34,36]",30030,510510,41,2,11 13,25,134217728,10,2,"(5,4)",0.1,10,0.8
double_twins_p17,"[0,2,34,36]",30030,510510,41,2,11 13,25,134217856,28,3,"(9,4)",0.03571428571428571,28,0.7857142857142857
double_twins_p17,"[0,2,34,36]",30030,510510,41,2,11 13,25,134221824,17,3,"(9,2)",0.058823529411764705,17,0.6470588235294118
double_twins_p17,"[0,2,34,36]",30030,510510,41,2,11 13,25,134221952,8,4,"(9,8)",0.125,8,0.25
double_twins_p17,"[0,2,34,36]",30030,510510,41,2,11 13,26,256,15,2,"(10,9)",0.06666666666666667,15,1.0
double_twins_p17,"[0,2,34,36]",30030,510510,41,2,11 13,26,8192,26,2,"(9,10)",0.038461538461538464,26,0.19230769230769232
double_twins_p17,"[0,2,34,36]",30030,510510,41,2,11 13,26,8448,12,3,"(9,9)",0.08333333333333333,12,0.25
double_twins_p17,"[0,2,34,36]",30030,510510,41,2,11 13,26,268435456,10,2,"(5,4)",0.1,10,0.8
double_twins_p17,"[0,2,34,36]",30030,510510,41,2,11 13,26,268435712,28,3,"(9,4)",0.03571428571428571,28,0.7857142857142857
double_twins_p17,"[0,2,34,36]",30030,510510,41,2,11 13,26,268443648,17,3,"(9,2)",0.058823529411764705,17,0.6470588235294118
double_twins_p17,"[0,2,34,36]",30030,510510,41,2,11 13,26,268443904,8,4,"(9,8)",0.125,8,0.25
double_twins_p17,"[0,2,34,36]",30030,510510,41,2,11 13,27,512,15,2,"(10,9)",0.06666666666666667,15,1.0
double_twins_p17,"[0,2,34,36]",30030,510510,41,2,11 13,27,16384,26,2,"(9,10)",0.038461538461538464,26,0.19230769230769232
double_twins_p17,"[0,2,34,36]",30030,510510,41,2,11 13,27,16896,12,3,"(9,9)",0.08333333333333333,12,0.25
double_twins_p17,"[0,2,34,36]",30030,510510,41,2,11 13,27,536870912,10,2,"(5,4)",0.1,10,0.8
double_twins_p17,"[0,2,34,36]",30030,510510,41,2,11 13,27,536871424,28,3,"(9,4)",0.03571428571428571,28,0.7857142857142857
double_twins_p17,"[0,2,34,36]",30030,510510,41,2,11 13,27,536887296,17,3,"(9,2)",0.058823529411764705,17,0.6470588235294118
double_twins_p17,"[0,2,34,36]",30030,510510,41,2,11 13,27,536887808,8,4,"(9,8)",0.125,8,0.25
double_twins_p17,"[0,2,34,36]",30030,510510,41,2,11 13,28,1024,15,2,"(10,9)",0.06666666666666667,15,1.0
double_twins_p17,"[0,2,34,36]",30030,510510,41,2,11 13,28,32768,26,2,"(9,10)",0.038461538461538464,26,0.19230769230769232
double_twins_p17,"[0,2,34,36]",30030,510510,41,2,11 13,28,33792,12,3,"(9,9)",0.08333333333333333,12,0.25
double_twins_p17,"[0,2,34,36]",30030,510510,41,2,11 13,28,1073741824,10,2,"(5,4)",0.1,10,0.8
double_twins_p17,"[0,2,34,36]",30030,510510,41,2,11 13,28,1073742848,28,3,"(9,4)",0.03571428571428571,28,0.7857142857142857
double_twins_p17,"[0,2,34,36]",30030,510510,41,2,11 13,28,1073774592,17,3,"(9,2)",0.058823529411764705,17,0.6470588235294118
double_twins_p17,"[0,2,34,36]",30030,510510,41,2,11 13,28,1073775616,8,4,"(9,8)",0.125,8,0.25
double_twins_p17,"[0,2,34,36]",30030,510510,41,2,11 13,29,2048,15,2,"(10,9)",0.06666666666666667,15,1.0
double_twins_p17,"[0,2,34,36]",30030,510510,41,2,11 13,29,65536,26,2,"(9,10)",0.038461538461538464,26,0.19230769230769232
double_twins_p17,"[0,2,34,36]",30030,510510,41,2,11 13,29,67584,12,3,"(9,9)",0.08333333333333333,12,0.25
double_twins_p17,"[0,2,34,36]",30030,510510,41,2,11 13,29,2147483648,10,2,"(5,4)",0.1,10,0.8
double_twins_p17,"[0,2,34,36]",30030,510510,41,2,11 13,29,2147485696,28,3,"(9,4)",0.03571428571428571,28,0.7857142857142857
double_twins_p17,"[0,2,34,36]",30030,510510,41,2,11 13,29,2147549184,17,3,"(9,2)",0.058823529411764705,17,0.6470588235294118
double_twins_p17,"[0,2,34,36]",30030,510510,41,2,11 13,29,2147551232,8,4,"(9,8)",0.125,8,0.25
double_twins_p17,"[0,2,34,36]",30030,510510,41,2,11 13,30,4096,15,2,"(10,9)",0.06666666666666667,15,1.0
double_twins_p17,"[0,2,34,36]",30030,510510,41,2,11 13,30,131072,26,2,"(9,10)",0.038461538461538464,26,0.19230769230769232
double_twins_p17,"[0,2,34,36]",30030,510510,41,2,11 13,30,135168,12,3,"(9,9)",0.08333333333333333,12,0.25
double_twins_p17,"[0,2,34,36]",30030,510510,41,2,11 13,30,4294967296,10,2,"(5,4)",0.1,10,0.8
double_twins_p17,"[0,2,34,36]",30030,510510,41,2,11 13,30,4294971392,28,3,"(9,4)",0.03571428571428571,28,0.7857142857142857
double_twins_p17,"[0,2,34,36]",30030,510510,41,2,11 13,30,4295098368,17,3,"(9,2)",0.058823529411764705,17,0.6470588235294118
double_twins_p17,"[0,2,34,36]",30030,510510,41,2,11 13,30,4295102464,8,4,"(9,8)",0.125,8,0.25
double_twins_p17,"[0,2,34,36]",30030,510510,41,2,11 13,31,8192,15,2,"(10,9)",0.06666666666666667,15,1.0
double_twins_p17,"[0,2,34,36]",30030,510510,41,2,11 13,31,262144,26,2,"(9,10)",0.038461538461538464,26,0.19230769230769232
double_twins_p17,"[0,2,34,36]",30030,510510,41,2,11 13,31,270336,12,3,"(9,9)",0.08333333333333333,12,0.25
double_twins_p17,"[0,2,34,36]",30030,510510,41,2,11 13,31,8589934592,10,2,"(5,4)",0.1,10,0.8
double_twins_p17,"[0,2,34,36]",30030,510510,41,2,11 13,31,8589942784,28,3,"(9,4)",0.03571428571428571,28,0.7857142857142857
double_twins_p17,"[0,2,34,36]",30030,510510,41,2,11 13,31,8590196736,17,3,"(9,2)",0.058823529411764705,17,0.6470588235294118
double_twins_p17,"[0,2,34,36]",30030,510510,41,2,11 13,31,8590204928,8,4,"(9,8)",0.125,8,0.25
double_twins_p17,"[0,2,34,36]",30030,510510,41,2,11 13,32,0,27,2,"(4,4)",0.037037037037037035,27,0.5185185185185185
double_twins_p17,"[0,2,34,36]",30030,510510,41,2,11 13,32,16384,15,4,"(10,9)",0.06666666666666667,15,1.0
double_twins_p17,"[0,2,34,36]",30030,510510,41,2,11 13,32,524288,26,4,"(9,10)",0.038461538461538464,26,0.19230769230769232
double_twins_p17,"[0,2,34,36]",30030,510510,41,2,11 13,32,540672,12,6,"(9,9)",0.08333333333333333,12,0.25
double_twins_p17,"[0,2,34,36]",30030,510510,41,2,11 13,32,17179869184,10,4,"(5,4)",0.1,10,0.8
double_twins_p17,"[0,2,34,36]",30030,510510,41,2,11 13,32,17179885568,28,6,"(9,4)",0.03571428571428571,28,0.7857142857142857
double_twins_p17,"[0,2,34,36]",30030,510510,41,2,11 13,32,17180393472,17,6,"(9,2)",0.058823529411764705,17,0.6470588235294118
double_twins_p17,"[0,2,34,36]",30030,510510,41,2,11 13,32,17180409856,8,8,"(9,8)",0.125,8,0.25
double_twins_p17,"[0,2,34,36]",30030,510510,41,2,11 13,33,1,4,2,"(4,3)",0.25,4,0.75
double_twins_p17,"[0,2,34,36]",30030,510510,41,2,11 13,33,32768,14,2,"(10,9)",0.07142857142857142,14,1.0
double_twins_p17,"[0,2,34,36]",30030,510510,41,2,11 13,33,32769,1,3,"(10,6)",1.0,1,1.0
double_twins_p17,"[0,2,34,36]",30030,510510,41,2,11 13,33,1048576,14,2,"(5,9)",0.07142857142857142,14,0.14285714285714285
double_twins_p17,"[0,2,34,36]",30030,510510,41,2,11 13,33,1048577,12,3,"(9,10)",0.08333333333333333,12,0.25
double_twins_p17,"[0,2,34,36]",30030,510510,41,2,11 13,33,1081344,8,3,"(9,9)",0.125,8,0.25
double_twins_p17,"[0,2,34,36]",30030,510510,41,2,11 13,33,1081345,4,4,"(9,6)",0.25,4,0.25
double_twins_p17,"[0,2,34,36]",30030,510510,41,2,11 13,33,34359738368,4,2,"(5,4)",0.25,4,0.75
double_twins_p17,"[0,2,34,36]",30030,510510,41,2,11 13,33,34359738369,6,3,"(5,3)",0.16666666666666666,6,0.8333333333333334
double_twins_p17,"[0,2,34,36]",30030,510510,41,2,11 13,33,34359771136,12,3,"(9,4)",0.08333333333333333,12,0.75
double_twins_p17,"[0,2,34,36]",30030,510510,41,2,11 13,33,34359771137,16,4,"(9,3)",0.0625,16,0.8125
double_twins_p17,"[0,2,34,36]",30030,510510,41,2,11 13,33,34360786944,1,3,"(5,8)",1.0,1,0.0
double_twins_p17,"[0,2,34,36]",30030,510510,41,2,11 13,33,34360786945,16,4,"(9,2)",0.0625,16,0.6875
double_twins_p17,"[0,2,34,36]",30030,510510,41,2,11 13,33,34360819712,4,4,"(9,8)",0.25,4,0.25
double_twins_p17,"[0,2,34,36]",30030,510510,41,2,11 13,33,34360819713,4,5,"(9,7)",0.25,4,0.25
double_twins_p17,"[0,2,34,36]",30030,510510,41,2,11 13,34,2,4,2,"(4,3)",0.25,4,0.75
double_twins_p17,"[0,2,34,36]",30030,510510,41,2,11 13,34,65536,14,2,"(10,9)",0.07142857142857142,14,1.0
double_twins_p17,"[0,2,34,36]",30030,510510,41,2,11 13,34,65538,1,3,"(10,6)",1.0,1,1.0
double_twins_p17,"[0,2,34,36]",30030,510510,41,2,11 13,34,2097152,14,2,"(5,9)",0.07142857142857142,14,0.14285714285714285
double_twins_p17,"[0,2,34,36]",30030,510510,41,2,11 13,34,2097154,12,3,"(9,10)",0.08333333333333333,12,0.25
double_twins_p17,"[0,2,34,36]",30030,510510,41,2,11 13,34,2162688,8,3,"(9,9)",0.125,8,0.25
double_twins_p17,"[0,2,34,36]",30030,510510,41,2,11 13,34,2162690,4,4,"(9,6)",0.25,4,0.25
double_twins_p17,"[0,2,34,36]",30030,510510,41,2,11 13,34,68719476736,4,2,"(5,4)",0.25,4,0.75
double_twins_p17,"[0,2,34,36]",30030,510510,41,2,11 13,34,68719476738,6,3,"(5,3)",0.16666666666666666,6,0.8333333333333334
double_twins_p17,"[0,2,34,36]",30030,510510,41,2,11 13,34,68719542272,12,3,"(9,4)",0.08333333333333333,12,0.75
double_twins_p17,"[0,2,34,36]",30030,510510,41,2,11 13,34,68719542274,16,4,"(9,3)",0.0625,16,0.8125
double_twins_p17,"[0,2,34,36]",30030,510510,41,2,11 13,34,68721573888,1,3,"(5,8)",1.0,1,0.0
double_twins_p17,"[0,2,34,36]",30030,510510,41,2,11 13,34,68721573890,16,4,"(9,2)",0.0625,16,0.6875
double_twins_p17,"[0,2,34,36]",30030,510510,41,2,11 13,34,68721639424,4,4,"(9,8)",0.25,4,0.25
double_twins_p17,"[0,2,34,36]",30030,510510,41,2,11 13,34,68721639426,4,5,"(9,7)",0.25,4,0.25
quad_alt_0618,"[0,2,6,18]",30030,510510,46,2,11 13,0,8,6,2,"(9,12)",0.16666666666666666,6,1.0
quad_alt_0618,"[0,2,6,18]",30030,510510,46,2,11 13,0,256,8,2,"(7,5)",0.125,8,0.875
quad_alt_0618,"[0,2,6,18]",30030,510510,46,2,11 13,0,264,4,4,"(5,9)",0.25,4,0.5
quad_alt_0618,"[0,2,6,18]",30030,510510,46,2,11 13,0,8192,4,2,"(8,11)",0.25,4,1.0
quad_alt_0618,"[0,2,6,18]",30030,510510,46,2,11 13,0,8200,6,3,"(8,5)",0.16666666666666666,6,0.3333333333333333
quad_alt_0618,"[0,2,6,18]",30030,510510,46,2,11 13,0,8448,3,4,"(9,11)",0.3333333333333333,3,1.0
quad_alt_0618,"[0,2,6,18]",30030,510510,46,2,11 13,0,8456,2,6,"(9,9)",0.5,2,1.0
quad_alt_0618,"[0,2,6,18]",30030,510510,46,2,11 13,0,274877906944,5,2,"(5,10)",0.2,5,0.6
quad_alt_0618,"[0,2,6,18]",30030,510510,46,2,11 13,0,274877906952,5,4,"(5,4)",0.2,5,0.6
quad_alt_0618,"[0,2,6,18]",30030,510510,46,2,11 13,0,274877907200,11,3,"(9,2)",0.09090909090909091,11,0.8181818181818182
quad_alt_0618,"[0,2,6,18]",30030,510510,46,2,11 13,0,274877907208,6,6,"(9,6)",0.16666666666666666,6,0.5
quad_alt_0618,"[0,2,6,18]",30030,510510,46,2,11 13,0,274877915136,5,3,"(9,10)",0.2,5,0.6
quad_alt_0618,"[0,2,6,18]",30030,510510,46,2,11 13,0,274877915144,8,5,"(9,4)",0.125,8,0.625
quad_alt_0618,"[0,2,6,18]",30030,510510,46,2,11 13,0,274877915392,3,5,"(9,8)",0.3333333333333333,3,0.3333333333333333
quad_alt_0618,"[0,2,6,18]",30030,510510,46,2,11 13,0,274877915400,2,8,"(9,7)",0.5,2,1.0
quad_alt_0618,"[0,2,6,18]",30030,510510,46,2,11 13,0,8796093022208,8,2,"(8,2)",0.125,8,0.5
quad_alt_0618,"[0,2,6,18]",30030,510510,46,2,11 13,0,8796093022216,7,4,"(8,6)",0.14285714285714285,7,0.7142857142857143
quad_alt_0618,"[0,2,6,18]",30030,510510,46,2,11 13,0,8796093022464,8,4,"(7,9)",0.125,8,0.25
quad_alt_0618,"[0,2,6,18]",30030,510510,46,2,11 13,0,8796093022472,4,7,"(1,9)",0.25,4,1.0
quad_alt_0618,"[0,2,6,18]",30030,510510,46,2,11 13,0,8796093030400,4,3,"(8,8)",0.25,4,0.0
quad_alt_0618,"[0,2,6,18]",30030,510510,46,2,11 13,0,8796093030408,10,5,"(8,9)",0.1,10,0.2
quad_alt_0618,"[0,2,6,18]",30030,510510,46,2,11 13,0,8796093030656,4,6,"(6,9)",0.25,4,0.0
quad_alt_0618,"[0,2,6,18]",30030,510510,46,2,11 13,0,9070970929152,1,4,"(10,2)",1.0,1,1.0
quad_alt_0618,"[0,2,6,18]",30030,510510,46,2,11 13,0,9070970929160,1,5,"(10,6)",1.0,1,1.0
quad_alt_0618,"[0,2,6,18]",30030,510510,46,2,11 13,0,9070970929408,4,6,"(6,6)",0.25,4,0.0
quad_alt_0618,"[0,2,6,18]",30030,510510,46,2,11 13,0,9070970937344,6,5,"(6,4)",0.16666666666666666,6,0.3333333333333333
quad_alt_0618,"[0,2,6,18]",30030,510510,46,2,11 13,0,9070970937352,2,6,"(10,7)",0.5,2,1.0
quad_alt_0618,"[0,2,6,18]",30030,510510,46,2,11 13,0,9070970937600,4,8,"(6,8)",0.25,4,0.0
quad_alt_0618,"[0,2,6,18]",30030,510510,46,2,11 13,1,16,6,2,"(9,12)",0.16666666666666666,6,1.0
quad_alt_0618,"[0,2,6,18]",30030,510510,46,2,11 13,1,512,8,2,"(7,5)",0.125,8,0.875
quad_alt_0618,"[0,2,6,18]",30030,510510,46,2,11 13,1,528,4,4,"(5,9)",0.25,4,0.5
quad_alt_0618,"[0,2,6,18]",30030,510510,46,2,11 13,1,16384,4,2,"(8,11)",0.25,4,1.0
quad_alt_0618,"[0,2,6,18]",30030,510510,46,2,11 13,1,16400,6,3,"(8,5)",0.16666666666666666,6,0.3333333333333333
quad_alt_0618,"[0,2,6,18]",30030,510510,46,2,11 13,1,16896,3,4,"(9,11)",0.3333333333333333,3,1.0
quad_alt_0618,"[0,2,6,18]",30030,510510,46,2,11 13,1,16912,2,6,"(9,9)",0.5,2,1.0
quad_alt_0618,"[0,2,6,18]",30030,510510,46,2,11 13,1,549755813888,5,2,"(5,10)",0.2,5,0.6
quad_alt_0618,"[0,2,6,18]",30030,510510,46,2,11 13,1,549755813904,5,4,"(5,4)",0.2,5,0.6
quad_alt_0618,"[0,2,6,18]",30030,510510,46,2,11 13,1,549755814400,11,3,"(9,2)",0.09090909090909091,11,0.8181818181818182
quad_alt_0618,"[0,2,6,18]",30030,510510,46,2,11 13,1,549755814416,6,6,"(9,6)",0.16666666666666666,6,0.5
quad_alt_0618,"[0,2,6,18]",30030,510510,46,2,11 13,1,549755830272,5,3,"(9,10)",0.2,5,0.6
quad_alt_0618,"[0,2,6,18]",30030,510510,46,2,11 13,1,549755830288,8,5,"(9,4)",0.125,8,0.625
quad_alt_0618,"[0,2,6,18]",30030,510510,46,2,11 13,1,549755830784,3,5,"(9,8)",0.3333333333333333,3,0.3333333333333333
quad_alt_0618,"[0,2,6,18]",30030,510510,46,2,11 13,1,549755830800,2,8,"(9,7)",0.5,2,1.0
quad_alt_0618,"[0,2,6,18]",30030,510510,46,2,11 13,1,17592186044416,8,2,"(8,2)",0.125,8,0.5
quad_alt_0618,"[0,2,6,18]",30030,510510,46,2,11 13,1,17592186044432,7,4,"(8,6)",0.14285714285714285,7,0.7142857142857143
quad_alt_0618,"[0,2,6,18]",30030,510510,46,2,11 13,1,17592186044928,8,4,"(7,9)",0.125,8,0.25
quad_alt_0618,"[0,2,6,18]",30030,510510,46,2,11 13,1,17592186044944,4,7,"(1,9)",0.25,4,1.0
quad_alt_0618,"[0,2,6,18]",30030,510510,46,2,11 13,1,17592186060800,4,3,"(8,8)",0.25,4,0.0
quad_alt_0618,"[0,2,6,18]",30030,510510,46,2,11 13,1,17592186060816,10,5,"(8,9)",0.1,10,0.2
quad_alt_0618,"[0,2,6,18]",30030,510510,46,2,11 13,1,17592186061312,4,6,"(6,9)",0.25,4,0.0
quad_alt_0618,"[0,2,6,18]",30030,510510,46,2,11 13,1,18141941858304,1,4,"(10,2)",1.0,1,1.0
quad_alt_0618,"[0,2,6,18]",30030,510510,46,2,11 13,1,18141941858320,1,5,"(10,6)",1.0,1,1.0
quad_alt_0618,"[0,2,6,18]",30030,510510,46,2,11 13,1,18141941858816,4,6,"(6,6)",0.25,4,0.0
quad_alt_0618,"[0,2,6,18]",30030,510510,46,2,11 13,1,18141941874688,6,5,"(6,4)",0.16666666666666666,6,0.3333333333333333
quad_alt_0618,"[0,2,6,18]",30030,510510,46,2,11 13,1,18141941874704,2,6,"(10,7)",0.5,2,1.0
quad_alt_0618,"[0,2,6,18]",30030,510510,46,2,11 13,1,18141941875200,4,8,"(6,8)",0.25,4,0.0
quad_alt_0618,"[0,2,6,18]",30030,510510,46,2,11 13,2,32,13,2,"(9,12)",0.07692307692307693,13,0.8461538461538461
quad_alt_0618,"[0,2,6,18]",30030,510510,46,2,11 13,2,1024,16,2,"(7,9)",0.0625,16,0.5625
quad_alt_0618,"[0,2,6,18]",30030,510510,46,2,11 13,2,1056,8,4,"(5,9)",0.125,8,0.75
quad_alt_0618,"[0,2,6,18]",30030,510510,46,2,11 13,2,32768,8,2,"(8,8)",0.125,8,0.5
quad_alt_0618,"[0,2,6,18]",30030,510510,46,2,11 13,2,32800,16,3,"(8,9)",0.0625,16,0.25
quad_alt_0618,"[0,2,6,18]",30030,510510,46,2,11 13,2,33792,7,4,"(9,11)",0.14285714285714285,7,0.42857142857142855
quad_alt_0618,"[0,2,6,18]",30030,510510,46,2,11 13,2,33824,2,6,"(9,9)",0.5,2,1.0
quad_alt_0618,"[0,2,6,18]",30030,510510,46,2,11 13,2,1099511627776,6,2,"(5,10)",0.16666666666666666,6,0.6666666666666666
quad_alt_0618,"[0,2,6,18]",30030,510510,46,2,11 13,2,1099511627808,6,4,"(5,4)",0.16666666666666666,6,0.6666666666666666
quad_alt_0618,"[0,2,6,18]",30030,510510,46,2,11 13,2,1099511628800,15,3,"(9,2)",0.06666666666666667,15,0.6
quad_alt_0618,"[0,2,6,18]",30030,510510,46,2,11 13,2,1099511628832,6,6,"(9,6)",0.16666666666666666,6,0.5
quad_alt_0618,"[0,2,6,18]",30030,510510,46,2,11 13,2,1099511660544,11,3,"(9,10)",0.09090909090909091,11,0.45454545454545453
quad_alt_0618,"[0,2,6,18]",30030,510510,46,2,11 13,2,1099511660576,10,5,"(9,4)",0.1,10,0.7
quad_alt_0618,"[0,2,6,18]",30030,510510,46,2,11 13,2,1099511661568,7,5,"(9,8)",0.14285714285714285,7,0.14285714285714285
quad_alt_0618,"[0,2,6,18]",30030,510510,46,2,11 13,2,1099511661600,2,8,"(9,7)",0.5,2,1.0
quad_alt_0618,"[0,2,6,18]",30030,510510,46,2,11 13,3,64,13,2,"(9,12)",0.07692307692307693,13,0.8461538461538461
quad_alt_0618,"[0,2,6,18]",30030,510510,46,2,11 13,3,2048,16,2,"(7,9)",0.0625,16,0.5625
quad_alt_0618,"[0,2,6,18]",30030,510510,46,2,11 13,3,2112,8,4,"(5,9)",0.125,8,0.75
quad_alt_0618,"[0,2,6,18]",30030,510510,46,2,11 13,3,65536,8,2,"(8,8)",0.125,8,0.5
quad_alt_0618,"[0,2,6,18]",30030,510510,46,2,11 13,3,65600,16,3,"(8,9)",0.0625,16,0.25
quad_alt_0618,"[0,2,6,18]",30030,510510,46,2,11 13,3,67584,7,4,"(9,11)",0.14285714285714285,7,0.42857142857142855
quad_alt_0618,"[0,2,6,18]",30030,510510,46,2,11 13,3,67648,2,6,"(9,9)",0.5,2,1.0
quad_alt_0618,"[0,2,6,18]",30030,510510,46,2,11 13,3,2199023255552,6,2,"(5,10)",0.16666666666666666,6,0.6666666666666666
quad_alt_0618,"[0,2,6,18]",30030,510510,46,2,11 13,3,2199023255616,6,4,"(5,4)",0.16666666666666666,6,0.6666666666666666
quad_alt_0618,"[0,2,6,18]",30030,510510,46,2,11 13,3,2199023257600,15,3,"(9,2)",0.06666666666666667,15,0.6
quad_alt_0618,"[0,2,6,18]",30030,510510,46,2,11 13,3,2199023257664,6,6,"(9,6)",0.16666666666666666,6,0.5
quad_alt_0618,"[0,2,6,18]",30030,510510,46,2,11 13,3,2199023321088,11,3,"(9,10)",0.09090909090909091,11,0.45454545454545453
quad_alt_0618,"[0,2,6,18]",30030,510510,46,2,11 13,3,2199023321152,10,5,"(9,4)",0.1,10,0.7
quad_alt_0618,"[0,2,6,18]",30030,510510,46,2,11 13,3,2199023323136,7,5,"(9,8)",0.14285714285714285,7,0.14285714285714285
quad_alt_0618,"[0,2,6,18]",30030,510510,46,2,11 13,3,2199023323200,2,8,"(9,7)",0.5,2,1.0
quad_alt_0618,"[0,2,6,18]",30030,510510,46,2,11 13,4,128,13,2,"(9,12)",0.07692307692307693,13,0.8461538461538461
quad_alt_0618,"[0,2,6,18]",30030,510510,46,2,11 13,4,4096,16,2,"(7,9)",0.0625,16,0.5625
quad_alt_0618,"[0,2,6,18]",30030,510510,46,2,11 13,4,4224,8,4,"(5,9)",0.125,8,0.75
quad_alt_0618,"[0,2,6,18]",30030,510510,46,2,11 13,4,131072,8,2,"(8,8)",0.125,8,0.5
quad_alt_0618,"[0,2,6,18]",30030,510510,46,2,11 13,4,131200,16,3,"(8,9)",0.0625,16,0.25
quad_alt_0618,"[0,2,6,18]",30030,510510,46,2,11 13,4,135168,7,4,"(9,11)",0.14285714285714285,7,0.42857142857142855
quad_alt_0618,"[0,2,6,18]",30030,510510,46,2,11 13,4,135296,2,6,"(9,9)",0.5,2,1.0
quad_alt_0618,"[0,2,6,18]",30030,510510,46,2,11 13,4,4398046511104,6,2,"(5,10)",0.16666666666666666,6,0.6666666666666666
quad_alt_0618,"[0,2,6,18]",30030,510510,46,2,11 13,4,4398046511232,6,4,"(5,4)",0.16666666666666666,6,0.6666666666666666
quad_alt_0618,"[0,2,6,18]",30030,510510,46,2,11 13,4,4398046515200,15,3,"(9,2)",0.06666666666666667,15,0.6
quad_alt_0618,"[0,2,6,18]",30030,510510,46,2,11 13,4,4398046515328,6,6,"(9,6)",0.16666666666666666,6,0.5
quad_alt_0618,"[0,2,6,18]",30030,510510,46,2,11 13,4,4398046642176,11,3,"(9,10)",0.09090909090909091,11,0.45454545454545453
quad_alt_0618,"[0,2,6,18]",30030,510510,46,2,11 13,4,4398046642304,10,5,"(9,4)",0.1,10,0.7
quad_alt_0618,"[0,2,6,18]",30030,510510,46,2,11 13,4,4398046646272,7,5,"(9,8)",0.14285714285714285,7,0.14285714285714285
quad_alt_0618,"[0,2,6,18]",30030,510510,46,2,11 13,4,4398046646400,2,8,"(9,7)",0.5,2,1.0
quad_alt_0618,"[0,2,6,18]",30030,510510,46,2,11 13,5,256,13,2,"(9,12)",0.07692307692307693,13,0.8461538461538461
quad_alt_0618,"[0,2,6,18]",30030,510510,46,2,11 13,5,8192,16,2,"(7,9)",0.0625,16,0.5625
quad_alt_0618,"[0,2,6,18]",30030,510510,46,2,11 13,5,8448,8,4,"(5,9)",0.125,8,0.75
quad_alt_0618,"[0,2,6,18]",30030,510510,46,2,11 13,5,262144,8,2,"(8,8)",0.125,8,0.5
quad_alt_0618,"[0,2,6,18]",30030,510510,46,2,11 13,5,262400,16,3,"(8,9)",0.0625,16,0.25
quad_alt_0618,"[0,2,6,18]",30030,510510,46,2,11 13,5,270336,7,4,"(9,11)",0.14285714285714285,7,0.42857142857142855
quad_alt_0618,"[0,2,6,18]",30030,510510,46,2,11 13,5,270592,2,6,"(9,9)",0.5,2,1.0
quad_alt_0618,"[0,2,6,18]",30030,510510,46,2,11 13,5,8796093022208,6,2,"(5,10)",0.16666666666666666,6,0.6666666666666666
quad_alt_0618,"[0,2,6,18]",30030,510510,46,2,11 13,5,8796093022464,6,4,"(5,4)",0.16666666666666666,6,0.6666666666666666
quad_alt_0618,"[0,2,6,18]",30030,510510,46,2,11 13,5,8796093030400,15,3,"(9,2)",0.06666666666666667,15,0.6
quad_alt_0618,"[0,2,6,18]",30030,510510,46,2,11 13,5,8796093030656,6,6,"(9,6)",0.16666666666666666,6,0.5
quad_alt_0618,"[0,2,6,18]",30030,510510,46,2,11 13,5,8796093284352,11,3,"(9,10)",0.09090909090909091,11,0.45454545454545453
quad_alt_0618,"[0,2,6,18]",30030,510510,46,2,11 13,5,8796093284608,10,5,"(9,4)",0.1,10,0.7
quad_alt_0618,"[0,2,6,18]",30030,510510,46,2,11 13,5,8796093292544,7,5,"(9,8)",0.14285714285714285,7,0.14285714285714285
quad_alt_0618,"[0,2,6,18]",30030,510510,46,2,11 13,5,8796093292800,2,8,"(9,7)",0.5,2,1.0
quad_alt_0618,"[0,2,6,18]",30030,510510,46,2,11 13,6,512,13,2,"(9,12)",0.07692307692307693,13,0.8461538461538461
quad_alt_0618,"[0,2,6,18]",30030,510510,46,2,11 13,6,16384,16,2,"(7,9)",0.0625,16,0.5625
quad_alt_0618,"[0,2,6,18]",30030,510510,46,2,11 13,6,16896,8,4,"(5,9)",0.125,8,0.75
quad_alt_0618,"[0,2,6,18]",30030,510510,46,2,11 13,6,524288,8,2,"(8,8)",0.125,8,0.5
quad_alt_0618,"[0,2,6,18]",30030,510510,46,2,11 13,6,524800,16,3,"(8,9)",0.0625,16,0.25
quad_alt_0618,"[0,2,6,18]",30030,510510,46,2,11 13,6,540672,7,4,"(9,11)",0.14285714285714285,7,0.42857142857142855
quad_alt_0618,"[0,2,6,18]",30030,510510,46,2,11 13,6,541184,2,6,"(9,9)",0.5,2,1.0
quad_alt_0618,"[0,2,6,18]",30030,510510,46,2,11 13,6,17592186044416,6,2,"(5,10)",0.16666666666666666,6,0.6666666666666666
quad_alt_0618,"[0,2,6,18]",30030,510510,46,2,11 13,6,17592186044928,6,4,"(5,4)",0.16666666666666666,6,0.6666666666666666
quad_alt_0618,"[0,2,6,18]",30030,510510,46,2,11 13,6,17592186060800,15,3,"(9,2)",0.06666666666666667,15,0.6
quad_alt_0618,"[0,2,6,18]",30030,510510,46,2,11 13,6,17592186061312,6,6,"(9,6)",0.16666666666666666,6,0.5
quad_alt_0618,"[0,2,6,18]",30030,510510,46,2,11 13,6,17592186568704,11,3,"(9,10)",0.09090909090909091,11,0.45454545454545453
quad_alt_0618,"[0,2,6,18]",30030,510510,46,2,11 13,6,17592186569216,10,5,"(9,4)",0.1,10,0.7
quad_alt_0618,"[0,2,6,18]",30030,510510,46,2,11 13,6,17592186585088,7,5,"(9,8)",0.14285714285714285,7,0.14285714285714285
quad_alt_0618,"[0,2,6,18]",30030,510510,46,2,11 13,6,17592186585600,2,8,"(9,7)",0.5,2,1.0
quad_alt_0618,"[0,2,6,18]",30030,510510,46,2,11 13,7,1024,19,2,"(9,12)",0.05263157894736842,19,0.7894736842105263
quad_alt_0618,"[0,2,6,18]",30030,510510,46,2,11 13,7,32768,31,2,"(9,2)",0.03225806451612903,31,0.5806451612903226
quad_alt_0618,"[0,2,6,18]",30030,510510,46,2,11 13,7,33792,14,4,"(9,6)",0.07142857142857142,14,0.6428571428571429
quad_alt_0618,"[0,2,6,18]",30030,510510,46,2,11 13,7,1048576,19,2,"(9,10)",0.05263157894736842,19,0.47368421052631576
quad_alt_0618,"[0,2,6,18]",30030,510510,46,2,11 13,7,1049600,26,3,"(9,4)",0.038461538461538464,26,0.4230769230769231
quad_alt_0618,"[0,2,6,18]",30030,510510,46,2,11 13,7,1081344,14,4,"(9,8)",0.07142857142857142,14,0.2857142857142857
quad_alt_0618,"[0,2,6,18]",30030,510510,46,2,11 13,7,1082368,4,6,"(9,9)",0.25,4,1.0
quad_alt_0618,"[0,2,6,18]",30030,510510,46,2,11 13,8,2048,19,2,"(9,12)",0.05263157894736842,19,0.7894736842105263
quad_alt_0618,"[0,2,6,18]",30030,510510,46,2,11 13,8,65536,31,2,"(9,2)",0.03225806451612903,31,0.5806451612903226
quad_alt_0618,"[0,2,6,18]",30030,510510,46,2,11 13,8,67584,14,4,"(9,6)",0.07142857142857142,14,0.6428571428571429
quad_alt_0618,"[0,2,6,18]",30030,510510,46,2,11 13,8,2097152,19,2,"(9,10)",0.05263157894736842,19,0.47368421052631576
quad_alt_0618,"[0,2,6,18]",30030,510510,46,2,11 13,8,2099200,26,3,"(9,4)",0.038461538461538464,26,0.4230769230769231
quad_alt_0618,"[0,2,6,18]",30030,510510,46,2,11 13,8,2162688,14,4,"(9,8)",0.07142857142857142,14,0.2857142857142857
quad_alt_0618,"[0,2,6,18]",30030,510510,46,2,11 13,8,2164736,4,6,"(9,9)",0.25,4,1.0
quad_alt_0618,"[0,2,6,18]",30030,510510,46,2,11 13,9,4096,19,2,"(9,12)",0.05263157894736842,19,0.7894736842105263
quad_alt_0618,"[0,2,6,18]",30030,510510,46,2,11 13,9,131072,31,2,"(9,2)",0.03225806451612903,31,0.5806451612903226
quad_alt_0618,"[0,2,6,18]",30030,510510,46,2,11 13,9,135168,14,4,"(9,6)",0.07142857142857142,14,0.6428571428571429
quad_alt_0618,"[0,2,6,18]",30030,510510,46,2,11 13,9,4194304,19,2,"(9,10)",0.05263157894736842,19,0.47368421052631576
quad_alt_0618,"[0,2,6,18]",30030,510510,46,2,11 13,9,4198400,26,3,"(9,4)",0.038461538461538464,26,0.4230769230769231
quad_alt_0618,"[0,2,6,18]",30030,510510,46,2,11 13,9,4325376,14,4,"(9,8)",0.07142857142857142,14,0.2857142857142857
quad_alt_0618,"[0,2,6,18]",30030,510510,46,2,11 13,9,4329472,4,6,"(9,9)",0.25,4,1.0
quad_alt_0618,"[0,2,6,18]",30030,510510,46,2,11 13,10,8192,19,2,"(9,12)",0.05263157894736842,19,0.7894736842105263
quad_alt_0618,"[0,2,6,18]",30030,510510,46,2,11 13,10,262144,31,2,"(9,2)",0.03225806451612903,31,0.5806451612903226
quad_alt_0618,"[0,2,6,18]",30030,510510,46,2,11 13,10,270336,14,4,"(9,6)",0.07142857142857142,14,0.6428571428571429
quad_alt_0618,"[0,2,6,18]",30030,510510,46,2,11 13,10,8388608,19,2,"(9,10)",0.05263157894736842,19,0.47368421052631576
quad_alt_0618,"[0,2,6,18]",30030,510510,46,2,11 13,10,8396800,26,3,"(9,4)",0.038461538461538464,26,0.4230769230769231
quad_alt_0618,"[0,2,6,18]",30030,510510,46,2,11 13,10,8650752,14,4,"(9,8)",0.07142857142857142,14,0.2857142857142857
quad_alt_0618,"[0,2,6,18]",30030,510510,46,2,11 13,10,8658944,4,6,"(9,9)",0.25,4,1.0
quad_alt_0618,"[0,2,6,18]",30030,510510,46,2,11 13,11,16384,19,2,"(9,12)",0.05263157894736842,19,0.7894736842105263
quad_alt_0618,"[0,2,6,18]",30030,510510,46,2,11 13,11,524288,31,2,"(9,2)",0.03225806451612903,31,0.5806451612903226
quad_alt_0618,"[0,2,6,18]",30030,510510,46,2,11 13,11,540672,14,4,"(9,6)",0.07142857142857142,14,0.6428571428571429
quad_alt_0618,"[0,2,6,18]",30030,510510,46,2,11 13,11,16777216,19,2,"(9,10)",0.05263157894736842,19,0.47368421052631576
quad_alt_0618,"[0,2,6,18]",30030,510510,46,2,11 13,11,16793600,26,3,"(9,4)",0.038461538461538464,26,0.4230769230769231
quad_alt_0618,"[0,2,6,18]",30030,510510,46,2,11 13,11,17301504,14,4,"(9,8)",0.07142857142857142,14,0.2857142857142857
quad_alt_0618,"[0,2,6,18]",30030,510510,46,2,11 13,11,17317888,4,6,"(9,9)",0.25,4,1.0
quad_alt_0618,"[0,2,6,18]",30030,510510,46,2,11 13,12,32768,19,2,"(9,12)",0.05263157894736842,19,0.7894736842105263
quad_alt_0618,"[0,2,6,18]",30030,510510,46,2,11 13,12,1048576,31,2,"(9,2)",0.03225806451612903,31,0.5806451612903226
quad_alt_0618,"[0,2,6,18]",30030,510510,46,2,11 13,12,1081344,14,4,"(9,6)",0.07142857142857142,14,0.6428571428571429
quad_alt_0618,"[0,2,6,18]",30030,510510,46,2,11 13,12,33554432,19,2,"(9,10)",0.05263157894736842,19,0.47368421052631576
quad_alt_0618,"[0,2,6,18]",30030,510510,46,2,11 13,12,33587200,26,3,"(9,4)",0.038461538461538464,26,0.4230769230769231
quad_alt_0618,"[0,2,6,18]",30030,510510,46,2,11 13,12,34603008,14,4,"(9,8)",0.07142857142857142,14,0.2857142857142857
quad_alt_0618,"[0,2,6,18]",30030,510510,46,2,11 13,12,34635776,4,6,"(9,9)",0.25,4,1.0
quad_alt_0618,"[0,2,6,18]",30030,510510,46,2,11 13,13,65536,19,2,"(9,12)",0.05263157894736842,19,0.7894736842105263
quad_alt_0618,"[0,2,6,18]",30030,510510,46,2,11 13,13,2097152,31,2,"(9,2)",0.03225806451612903,31,0.5806451612903226
quad_alt_0618,"[0,2,6,18]",30030,510510,46,2,11 13,13,2162688,14,4,"(9,6)",0.07142857142857142,14,0.6428571428571429
quad_alt_0618,"[0,2,6,18]",30030,510510,46,2,11 13,13,67108864,19,2,"(9,10)",0.05263157894736842,19,0.47368421052631576
quad_alt_0618,"[0,2,6,18]",30030,510510,46,2,11 13,13,67174400,26,3,"(9,4)",0.038461538461538464,26,0.4230769230769231
quad_alt_0618,"[0,2,6,18]",30030,510510,46,2,11 13,13,69206016,14,4,"(9,8)",0.07142857142857142,14,0.2857142857142857
quad_alt_0618,"[0,2,6,18]",30030,510510,46,2,11 13,13,69271552,4,6,"(9,9)",0.25,4,1.0
quad_alt_0618,"[0,2,6,18]",30030,510510,46,2,11 13,14,131072,19,2,"(9,12)",0.05263157894736842,19,0.7894736842105263
quad_alt_0618,"[0,2,6,18]",30030,510510,46,2,11 13,14,4194304,31,2,"(9,2)",0.03225806451612903,31,0.5806451612903226
quad_alt_0618,"[0,2,6,18]",30030,510510,46,2,11 13,14,4325376,14,4,"(9,6)",0.07142857142857142,14,0.6428571428571429
quad_alt_0618,"[0,2,6,18]",30030,510510,46,2,11 13,14,134217728,19,2,"(9,10)",0.05263157894736842,19,0.47368421052631576
quad_alt_0618,"[0,2,6,18]",30030,510510,46,2,11 13,14,134348800,26,3,"(9,4)",0.038461538461538464,26,0.4230769230769231
quad_alt_0618,"[0,2,6,18]",30030,510510,46,2,11 13,14,138412032,14,4,"(9,8)",0.07142857142857142,14,0.2857142857142857
quad_alt_0618,"[0,2,6,18]",30030,510510,46,2,11 13,14,138543104,4,6,"(9,9)",0.25,4,1.0
quad_alt_0618,"[0,2,6,18]",30030,510510,46,2,11 13,15,262144,19,2,"(9,12)",0.05263157894736842,19,0.7894736842105263
quad_alt_0618,"[0,2,6,18]",30030,510510,46,2,11 13,15,8388608,31,2,"(9,2)",0.03225806451612903,31,0.5806451612903226
quad_alt_0618,"[0,2,6,18]",30030,510510,46,2,11 13,15,8650752,14,4,"(9,6)",0.07142857142857142,14,0.6428571428571429
quad_alt_0618,"[0,2,6,18]",30030,510510,46,2,11 13,15,268435456,19,2,"(9,10)",0.05263157894736842,19,0.47368421052631576
quad_alt_0618,"[0,2,6,18]",30030,510510,46,2,11 13,15,268697600,26,3,"(9,4)",0.038461538461538464,26,0.4230769230769231
quad_alt_0618,"[0,2,6,18]",30030,510510,46,2,11 13,15,276824064,14,4,"(9,8)",0.07142857142857142,14,0.2857142857142857
quad_alt_0618,"[0,2,6,18]",30030,510510,46,2,11 13,15,277086208,4,6,"(9,9)",0.25,4,1.0
quad_alt_0618,"[0,2,6,18]",30030,510510,46,2,11 13,16,524288,19,2,"(9,12)",0.05263157894736842,19,0.7894736842105263
quad_alt_0618,"[0,2,6,18]",30030,510510,46,2,11 13,16,16777216,31,2,"(9,2)",0.03225806451612903,31,0.5806451612903226
quad_alt_0618,"[0,2,6,18]",30030,510510,46,2,11 13,16,17301504,14,4,"(9,6)",0.07142857142857142,14,0.6428571428571429
quad_alt_0618,"[0,2,6,18]",30030,510510,46,2,11 13,16,536870912,19,2,"(9,10)",0.05263157894736842,19,0.47368421052631576
quad_alt_0618,"[0,2,6,18]",30030,510510,46,2,11 13,16,537395200,26,3,"(9,4)",0.038461538461538464,26,0.4230769230769231
quad_alt_0618,"[0,2,6,18]",30030,510510,46,2,11 13,16,553648128,14,4,"(9,8)",0.07142857142857142,14,0.2857142857142857
quad_alt_0618,"[0,2,6,18]",30030,510510,46,2,11 13,16,554172416,4,6,"(9,9)",0.25,4,1.0
quad_alt_0618,"[0,2,6,18]",30030,510510,46,2,11 13,17,1048576,19,2,"(9,12)",0.05263157894736842,19,0.7894736842105263
quad_alt_0618,"[0,2,6,18]",30030,510510,46,2,11 13,17,33554432,31,2,"(9,2)",0.03225806451612903,31,0.5806451612903226
quad_alt_0618,"[0,2,6,18]",30030,510510,46,2,11 13,17,34603008,14,4,"(9,6)",0.07142857142857142,14,0.6428571428571429
quad_alt_0618,"[0,2,6,18]",30030,510510,46,2,11 13,17,1073741824,19,2,"(9,10)",0.05263157894736842,19,0.47368421052631576
quad_alt_0618,"[0,2,6,18]",30030,510510,46,2,11 13,17,1074790400,26,3,"(9,4)",0.038461538461538464,26,0.4230769230769231
quad_alt_0618,"[0,2,6,18]",30030,510510,46,2,11 13,17,1107296256,14,4,"(9,8)",0.07142857142857142,14,0.2857142857142857
quad_alt_0618,"[0,2,6,18]",30030,510510,46,2,11 13,17,1108344832,4,6,"(9,9)",0.25,4,1.0
quad_alt_0618,"[0,2,6,18]",30030,510510,46,2,11 13,18,2097152,19,2,"(9,12)",0.05263157894736842,19,0.7894736842105263
quad_alt_0618,"[0,2,6,18]",30030,510510,46,2,11 13,18,67108864,31,2,"(9,2)",0.03225806451612903,31,0.5806451612903226
quad_alt_0618,"[0,2,6,18]",30030,510510,46,2,11 13,18,69206016,14,4,"(9,6)",0.07142857142857142,14,0.6428571428571429
quad_alt_0618,"[0,2,6,18]",30030,510510,46,2,11 13,18,2147483648,19,2,"(9,10)",0.05263157894736842,19,0.47368421052631576
quad_alt_0618,"[0,2,6,18]",30030,510510,46,2,11 13,18,2149580800,26,3,"(9,4)",0.038461538461538464,26,0.4230769230769231
quad_alt_0618,"[0,2,6,18]",30030,510510,46,2,11 13,18,2214592512,14,4,"(9,8)",0.07142857142857142,14,0.2857142857142857
quad_alt_0618,"[0,2,6,18]",30030,510510,46,2,11 13,18,2216689664,4,6,"(9,9)",0.25,4,1.0
quad_alt_0618,"[0,2,6,18]",30030,510510,46,2,11 13,19,4194304,19,2,"(9,12)",0.05263157894736842,19,0.7894736842105263
quad_alt_0618,"[0,2,6,18]",30030,510510,46,2,11 13,19,134217728,31,2,"(9,2)",0.03225806451612903,31,0.5806451612903226
quad_alt_0618,"[0,2,6,18]",30030,510510,46,2,11 13,19,138412032,14,4,"(9,6)",0.07142857142857142,14,0.6428571428571429
quad_alt_0618,"[0,2,6,18]",30030,510510,46,2,11 13,19,4294967296,19,2,"(9,10)",0.05263157894736842,19,0.47368421052631576
quad_alt_0618,"[0,2,6,18]",30030,510510,46,2,11 13,19,4299161600,26,3,"(9,4)",0.038461538461538464,26,0.4230769230769231
quad_alt_0618,"[0,2,6,18]",30030,510510,46,2,11 13,19,4429185024,14,4,"(9,8)",0.07142857142857142,14,0.2857142857142857
quad_alt_0618,"[0,2,6,18]",30030,510510,46,2,11 13,19,4433379328,4,6,"(9,9)",0.25,4,1.0
quad_alt_0618,"[0,2,6,18]",30030,510510,46,2,11 13,20,8388608,19,2,"(9,12)",0.05263157894736842,19,0.7894736842105263
quad_alt_0618,"[0,2,6,18]",30030,510510,46,2,11 13,20,268435456,31,2,"(9,2)",0.03225806451612903,31,0.5806451612903226
quad_alt_0618,"[0,2,6,18]",30030,510510,46,2,11 13,20,276824064,14,4,"(9,6)",0.07142857142857142,14,0.6428571428571429
quad_alt_0618,"[0,2,6,18]",30030,510510,46,2,11 13,20,8589934592,19,2,"(9,10)",0.05263157894736842,19,0.47368421052631576
quad_alt_0618,"[0,2,6,18]",30030,510510,46,2,11 13,20,8598323200,26,3,"(9,4)",0.038461538461538464,26,0.4230769230769231
quad_alt_0618,"[0,2,6,18]",30030,510510,46,2,11 13,20,8858370048,14,4,"(9,8)",0.07142857142857142,14,0.2857142857142857
quad_alt_0618,"[0,2,6,18]",30030,510510,46,2,11 13,20,8866758656,4,6,"(9,9)",0.25,4,1.0
quad_alt_0618,"[0,2,6,18]",30030,510510,46,2,11 13,21,0,16,2,"(8,2)",0.0625,16,0.625
quad_alt_0618,"[0,2,6,18]",30030,510510,46,2,11 13,21,16777216,19,4,"(9,12)",0.05263157894736842,19,0.7894736842105263
quad_alt_0618,"[0,2,6,18]",30030,510510,46,2,11 13,21,536870912,31,4,"(9,2)",0.03225806451612903,31,0.5806451612903226
quad_alt_0618,"[0,2,6,18]",30030,510510,46,2,11 13,21,553648128,14,8,"(9,6)",0.07142857142857142,14,0.6428571428571429
quad_alt_0618,"[0,2,6,18]",30030,510510,46,2,11 13,21,17179869184,19,4,"(9,10)",0.05263157894736842,19,0.47368421052631576
quad_alt_0618,"[0,2,6,18]",30030,510510,46,2,11 13,21,17196646400,26,6,"(9,4)",0.038461538461538464,26,0.4230769230769231
quad_alt_0618,"[0,2,6,18]",30030,510510,46,2,11 13,21,17716740096,14,8,"(9,8)",0.07142857142857142,14,0.2857142857142857
quad_alt_0618,"[0,2,6,18]",30030,510510,46,2,11 13,21,17733517312,4,12,"(9,9)",0.25,4,1.0
quad_alt_0618,"[0,2,6,18]",30030,510510,46,2,11 13,22,1,8,2,"(8,2)",0.125,8,0.375
quad_alt_0618,"[0,2,6,18]",30030,510510,46,2,11 13,22,33554432,10,2,"(8,1)",0.1,10,0.9
quad_alt_0618,"[0,2,6,18]",30030,510510,46,2,11 13,22,33554433,9,3,"(9,12)",0.1111111111111111,9,0.6666666666666666
quad_alt_0618,"[0,2,6,18]",30030,510510,46,2,11 13,22,1073741824,18,2,"(7,5)",0.05555555555555555,18,0.8333333333333334
quad_alt_0618,"[0,2,6,18]",30030,510510,46,2,11 13,22,1073741825,13,3,"(9,2)",0.07692307692307693,13,0.23076923076923078
quad_alt_0618,"[0,2,6,18]",30030,510510,46,2,11 13,22,1107296256,5,4,"(9,1)",0.2,5,0.8
quad_alt_0618,"[0,2,6,18]",30030,510510,46,2,11 13,22,1107296257,9,5,"(9,6)",0.1111111111111111,9,0.5555555555555556
quad_alt_0618,"[0,2,6,18]",30030,510510,46,2,11 13,22,34359738368,12,2,"(8,11)",0.08333333333333333,12,0.6666666666666666
quad_alt_0618,"[0,2,6,18]",30030,510510,46,2,11 13,22,34359738369,7,4,"(9,10)",0.14285714285714285,7,0.14285714285714285
quad_alt_0618,"[0,2,6,18]",30030,510510,46,2,11 13,22,34393292800,17,3,"(9,0)",0.058823529411764705,17,0.5882352941176471
quad_alt_0618,"[0,2,6,18]",30030,510510,46,2,11 13,22,34393292801,9,5,"(9,4)",0.1111111111111111,9,0.1111111111111111
quad_alt_0618,"[0,2,6,18]",30030,510510,46,2,11 13,22,35433480192,9,4,"(9,11)",0.1111111111111111,9,0.3333333333333333
quad_alt_0618,"[0,2,6,18]",30030,510510,46,2,11 13,22,35433480193,5,6,"(9,8)",0.2,5,0.2
quad_alt_0618,"[0,2,6,18]",30030,510510,46,2,11 13,22,35467034624,1,6,"(9,5)",1.0,1,1.0
quad_alt_0618,"[0,2,6,18]",30030,510510,46,2,11 13,22,35467034625,3,8,"(9,9)",0.3333333333333333,3,1.0
quad_alt_0618,"[0,2,6,18]",30030,510510,46,2,11 13,23,2,8,2,"(8,2)",0.125,8,0.375
quad_alt_0618,"[0,2,6,18]",30030,510510,46,2,11 13,23,67108864,10,2,"(8,1)",0.1,10,0.9
quad_alt_0618,"[0,2,6,18]",30030,510510,46,2,11 13,23,67108866,9,3,"(9,12)",0.1111111111111111,9,0.6666666666666666
quad_alt_0618,"[0,2,6,18]",30030,510510,46,2,11 13,23,2147483648,18,2,"(7,5)",0.05555555555555555,18,0.8333333333333334
quad_alt_0618,"[0,2,6,18]",30030,510510,46,2,11 13,23,2147483650,13,3,"(9,2)",0.07692307692307693,13,0.23076923076923078
quad_alt_0618,"[0,2,6,18]",30030,510510,46,2,11 13,23,2214592512,5,4,"(9,1)",0.2,5,0.8
quad_alt_0618,"[0,2,6,18]",30030,510510,46,2,11 13,23,2214592514,9,5,"(9,6)",0.1111111111111111,9,0.5555555555555556
quad_alt_0618,"[0,2,6,18]",30030,510510,46,2,11 13,23,68719476736,12,2,"(8,11)",0.08333333333333333,12,0.6666666666666666
quad_alt_0618,"[0,2,6,18]",30030,510510,46,2,11 13,23,68719476738,7,4,"(9,10)",0.14285714285714285,7,0.14285714285714285
quad_alt_0618,"[0,2,6,18]",30030,510510,46,2,11 13,23,68786585600,17,3,"(9,0)",0.058823529411764705,17,0.5882352941176471
quad_alt_0618,"[0,2,6,18]",30030,510510,46,2,11 13,23,68786585602,9,5,"(9,4)",0.1111111111111111,9,0.1111111111111111
quad_alt_0618,"[0,2,6,18]",30030,510510,46,2,11 13,23,70866960384,9,4,"(9,11)",0.1111111111111111,9,0.3333333333333333
quad_alt_0618,"[0,2,6,18]",30030,510510,46,2,11 13,23,70866960386,5,6,"(9,8)",0.2,5,0.2
quad_alt_0618,"[0,2,6,18]",30030,510510,46,2,11 13,23,70934069248,1,6,"(9,5)",1.0,1,1.0
quad_alt_0618,"[0,2,6,18]",30030,510510,46,2,11 13,23,70934069250,3,8,"(9,9)",0.3333333333333333,3,1.0
quad_alt_0618,"[0,2,6,18]",30030,510510,46,2,11 13,24,4,8,2,"(8,2)",0.125,8,0.375
quad_alt_0618,"[0,2,6,18]",30030,510510,46,2,11 13,24,134217728,10,2,"(8,1)",0.1,10,0.9
quad_alt_0618,"[0,2,6,18]",30030,510510,46,2,11 13,24,134217732,9,3,"(9,12)",0.1111111111111111,9,0.6666666666666666
quad_alt_0618,"[0,2,6,18]",30030,510510,46,2,11 13,24,4294967296,18,2,"(7,5)",0.05555555555555555,18,0.8333333333333334
quad_alt_0618,"[0,2,6,18]",30030,510510,46,2,11 13,24,4294967300,13,3,"(9,2)",0.07692307692307693,13,0.23076923076923078
quad_alt_0618,"[0,2,6,18]",30030,510510,46,2,11 13,24,4429185024,5,4,"(9,1)",0.2,5,0.8
quad_alt_0618,"[0,2,6,18]",30030,510510,46,2,11 13,24,4429185028,9,5,"(9,6)",0.1111111111111111,9,0.5555555555555556
quad_alt_0618,"[0,2,6,18]",30030,510510,46,2,11 13,24,137438953472,12,2,"(8,11)",0.08333333333333333,12,0.6666666666666666
quad_alt_0618,"[0,2,6,18]",30030,510510,46,2,11 13,24,137438953476,7,4,"(9,10)",0.14285714285714285,7,0.14285714285714285
quad_alt_0618,"[0,2,6,18]",30030,510510,46,2,11 13,24,137573171200,17,3,"(9,0)",0.058823529411764705,17,0.5882352941176471
quad_alt_0618,"[0,2,6,18]",30030,510510,46,2,11 13,24,137573171204,9,5,"(9,4)",0.1111111111111111,9,0.1111111111111111
quad_alt_0618,"[0,2,6,18]",30030,510510,46,2,11 13,24,141733920768,9,4,"(9,11)",0.1111111111111111,9,0.3333333333333333
quad_alt_0618,"[0,2,6,18]",30030,510510,46,2,11 13,24,141733920772,5,6,"(9,8)",0.2,5,0.2
quad_alt_0618,"[0,2,6,18]",30030,510510,46,2,11 13,24,141868138496,1,6,"(9,5)",1.0,1,1.0
quad_alt_0618,"[0,2,6,18]",30030,510510,46,2,11 13,24,141868138500,3,8,"(9,9)",0.3333333333333333,3,1.0
quad_alt_0618,"[0,2,6,18]",30030,510510,46,2,11 13,25,8,8,2,"(8,2)",0.125,8,0.375
quad_alt_0618,"[0,2,6,18]",30030,510510,46,2,11 13,25,268435456,10,2,"(8,1)",0.1,10,0.9
quad_alt_0618,"[0,2,6,18]",30030,510510,46,2,11 13,25,268435464,9,3,"(9,12)",0.1111111111111111,9,0.6666666666666666
quad_alt_0618,"[0,2,6,18]",30030,510510,46,2,11 13,25,8589934592,18,2,"(7,5)",0.05555555555555555,18,0.8333333333333334
quad_alt_0618,"[0,2,6,18]",30030,510510,46,2,11 13,25,8589934600,13,3,"(9,2)",0.07692307692307693,13,0.23076923076923078
quad_alt_0618,"[0,2,6,18]",30030,510510,46,2,11 13,25,8858370048,5,4,"(9,1)",0.2,5,0.8
quad_alt_0618,"[0,2,6,18]",30030,510510,46,2,11 13,25,8858370056,9,5,"(9,6)",0.1111111111111111,9,0.5555555555555556
quad_alt_0618,"[0,2,6,18]",30030,510510,46,2,11 13,25,274877906944,12,2,"(8,11)",0.08333333333333333,12,0.6666666666666666
quad_alt_0618,"[0,2,6,18]",30030,510510,46,2,11 13,25,274877906952,7,4,"(9,10)",0.14285714285714285,7,0.14285714285714285
quad_alt_0618,"[0,2,6,18]",30030,510510,46,2,11 13,25,275146342400,17,3,"(9,0)",0.058823529411764705,17,0.5882352941176471
quad_alt_0618,"[0,2,6,18]",30030,510510,46,2,11 13,25,275146342408,9,5,"(9,4)",0.1111111111111111,9,0.1111111111111111
quad_alt_0618,"[0,2,6,18]",30030,510510,46,2,11 13,25,283467841536,9,4,"(9,11)",0.1111111111111111,9,0.3333333333333333
quad_alt_0618,"[0,2,6,18]",30030,510510,46,2,11 13,25,283467841544,5,6,"(9,8)",0.2,5,0.2
quad_alt_0618,"[0,2,6,18]",30030,510510,46,2,11 13,25,283736276992,1,6,"(9,5)",1.0,1,1.0
quad_alt_0618,"[0,2,6,18]",30030,510510,46,2,11 13,25,283736277000,3,8,"(9,9)",0.3333333333333333,3,1.0
quad_alt_0618,"[0,2,6,18]",30030,510510,46,2,11 13,26,0,8,2,"(7,0)",0.125,8,0.875
quad_alt_0618,"[0,2,6,18]",30030,510510,46,2,11 13,26,16,8,4,"(8,2)",0.125,8,0.375
quad_alt_0618,"[0,2,6,18]",30030,510510,46,2,11 13,26,536870912,10,4,"(8,1)",0.1,10,0.9
quad_alt_0618,"[0,2,6,18]",30030,510510,46,2,11 13,26,536870928,9,6,"(9,12)",0.1111111111111111,9,0.6666666666666666
quad_alt_0618,"[0,2,6,18]",30030,510510,46,2,11 13,26,17179869184,18,4,"(7,5)",0.05555555555555555,18,0.8333333333333334
quad_alt_0618,"[0,2,6,18]",30030,510510,46,2,11 13,26,17179869200,13,6,"(9,2)",0.07692307692307693,13,0.23076923076923078
quad_alt_0618,"[0,2,6,18]",30030,510510,46,2,11 13,26,17716740096,5,8,"(9,1)",0.2,5,0.8
quad_alt_0618,"[0,2,6,18]",30030,510510,46,2,11 13,26,17716740112,9,10,"(9,6)",0.1111111111111111,9,0.5555555555555556
quad_alt_0618,"[0,2,6,18]",30030,510510,46,2,11 13,26,549755813888,12,4,"(8,11)",0.08333333333333333,12,0.6666666666666666
quad_alt_0618,"[0,2,6,18]",30030,510510,46,2,11 13,26,549755813904,7,8,"(9,10)",0.14285714285714285,7,0.14285714285714285
quad_alt_0618,"[0,2,6,18]",30030,510510,46,2,11 13,26,550292684800,17,6,"(9,0)",0.058823529411764705,17,0.5882352941176471
quad_alt_0618,"[0,2,6,18]",30030,510510,46,2,11 13,26,550292684816,9,10,"(9,4)",0.1111111111111111,9,0.1111111111111111
quad_alt_0618,"[0,2,6,18]",30030,510510,46,2,11 13,26,566935683072,9,7,"(9,11)",0.1111111111111111,9,0.3333333333333333
quad_alt_0618,"[0,2,6,18]",30030,510510,46,2,11 13,26,566935683088,5,6,"(9,8)",0.2,5,0.2
quad_alt_0618,"[0,2,6,18]",30030,510510,46,2,11 13,26,567472553984,1,6,"(9,5)",1.0,1,1.0
quad_alt_0618,"[0,2,6,18]",30030,510510,46,2,11 13,26,567472554000,3,8,"(9,9)",0.3333333333333333,3,1.0
quad_alt_0618,"[0,2,6,18]",30030,510510,46,2,11 13,27,1,5,2,"(4,2)",0.2,5,0.8
quad_alt_0618,"[0,2,6,18]",30030,510510,46,2,11 13,27,32,5,2,"(7,4)",0.2,5,0.4
quad_alt_0618,"[0,2,6,18]",30030,510510,46,2,11 13,27,33,3,4,"(8,2)",0.3333333333333333,3,0.3333333333333333
quad_alt_0618,"[0,2,6,18]",30030,510510,46,2,11 13,27,1073741824,3,2,"(4,12)",0.3333333333333333,3,1.0
quad_alt_0618,"[0,2,6,18]",30030,510510,46,2,11 13,27,1073741825,7,3,"(8,1)",0.14285714285714285,7,0.8571428571428571
quad_alt_0618,"[0,2,6,18]",30030,510510,46,2,11 13,27,1073741856,6,3,"(9,12)",0.16666666666666666,6,0.8333333333333334
quad_alt_0618,"[0,2,6,18]",30030,510510,46,2,11 13,27,1073741857,3,5,"(8,6)",0.3333333333333333,3,0.3333333333333333
quad_alt_0618,"[0,2,6,18]",30030,510510,46,2,11 13,27,34359738368,9,2,"(7,5)",0.1111111111111111,9,0.8888888888888888
quad_alt_0618,"[0,2,6,18]",30030,510510,46,2,11 13,27,34359738369,9,4,"(6,6)",0.1111111111111111,9,0.7777777777777778
quad_alt_0618,"[0,2,6,18]",30030,510510,46,2,11 13,27,34359738400,9,3,"(9,2)",0.1111111111111111,9,0.1111111111111111
quad_alt_0618,"[0,2,6,18]",30030,510510,46,2,11 13,27,34359738401,4,6,"(5,8)",0.25,4,0.5
quad_alt_0618,"[0,2,6,18]",30030,510510,46,2,11 13,27,35433480192,1,4,"(9,1)",1.0,1,1.0
quad_alt_0618,"[0,2,6,18]",30030,510510,46,2,11 13,27,35433480193,4,6,"(5,5)",0.25,4,0.75
quad_alt_0618,"[0,2,6,18]",30030,510510,46,2,11 13,27,35433480224,5,5,"(9,6)",0.2,5,0.6
quad_alt_0618,"[0,2,6,18]",30030,510510,46,2,11 13,27,35433480225,4,8,"(5,7)",0.25,4,0.5
quad_alt_0618,"[0,2,6,18]",30030,510510,46,2,11 13,27,1099511627776,5,2,"(8,11)",0.2,5,1.0
quad_alt_0618,"[0,2,6,18]",30030,510510,46,2,11 13,27,1099511627777,7,4,"(6,4)",0.14285714285714285,7,0.42857142857142855
quad_alt_0618,"[0,2,6,18]",30030,510510,46,2,11 13,27,1099511627808,5,4,"(9,10)",0.2,5,0.2
quad_alt_0618,"[0,2,6,18]",30030,510510,46,2,11 13,27,1099511627809,2,7,"(8,8)",0.5,2,0.0
quad_alt_0618,"[0,2,6,18]",30030,510510,46,2,11 13,27,1100585369600,7,3,"(9,0)",0.14285714285714285,7,0.5714285714285714
quad_alt_0618,"[0,2,6,18]",30030,510510,46,2,11 13,27,1100585369601,10,5,"(8,5)",0.1,10,0.6
quad_alt_0618,"[0,2,6,18]",30030,510510,46,2,11 13,27,1100585369632,7,5,"(9,4)",0.14285714285714285,7,0.14285714285714285
quad_alt_0618,"[0,2,6,18]",30030,510510,46,2,11 13,27,1100585369633,2,8,"(8,7)",0.5,2,0.0
quad_alt_0618,"[0,2,6,18]",30030,510510,46,2,11 13,27,1133871366144,6,4,"(9,11)",0.16666666666666666,6,0.5
quad_alt_0618,"[0,2,6,18]",30030,510510,46,2,11 13,27,1133871366145,3,5,"(6,8)",0.3333333333333333,3,0.0
quad_alt_0618,"[0,2,6,18]",30030,510510,46,2,11 13,27,1133871366176,5,6,"(9,8)",0.2,5,0.2
quad_alt_0618,"[0,2,6,18]",30030,510510,46,2,11 13,27,1134945107968,1,6,"(9,5)",1.0,1,1.0
quad_alt_0618,"[0,2,6,18]",30030,510510,46,2,11 13,27,1134945108000,3,8,"(9,9)",0.3333333333333333,3,1.0
quad_alt_0618,"[0,2,6,18]",30030,510510,46,2,11 13,28,2,5,2,"(4,2)",0.2,5,0.8
quad_alt_0618,"[0,2,6,18]",30030,510510,46,2,11 13,28,64,5,2,"(7,4)",0.2,5,0.4
quad_alt_0618,"[0,2,6,18]",30030,510510,46,2,11 13,28,66,3,4,"(8,2)",0.3333333333333333,3,0.3333333333333333
quad_alt_0618,"[0,2,6,18]",30030,510510,46,2,11 13,28,2147483648,3,2,"(4,12)",0.3333333333333333,3,1.0
quad_alt_0618,"[0,2,6,18]",30030,510510,46,2,11 13,28,2147483650,7,3,"(8,1)",0.14285714285714285,7,0.8571428571428571
quad_alt_0618,"[0,2,6,18]",30030,510510,46,2,11 13,28,2147483712,6,3,"(9,12)",0.16666666666666666,6,0.8333333333333334
quad_alt_0618,"[0,2,6,18]",30030,510510,46,2,11 13,28,2147483714,3,5,"(8,6)",0.3333333333333333,3,0.3333333333333333
quad_alt_0618,"[0,2,6,18]",30030,510510,46,2,11 13,28,68719476736,9,2,"(7,5)",0.1111111111111111,9,0.8888888888888888
quad_alt_0618,"[0,2,6,18]",30030,510510,46,2,11 13,28,68719476738,9,4,"(6,6)",0.1111111111111111,9,0.7777777777777778
quad_alt_0618,"[0,2,6,18]",30030,510510,46,2,11 13,28,68719476800,9,3,"(9,2)",0.1111111111111111,9,0.1111111111111111
quad_alt_0618,"[0,2,6,18]",30030,510510,46,2,11 13,28,68719476802,4,6,"(5,8)",0.25,4,0.5
quad_alt_0618,"[0,2,6,18]",30030,510510,46,2,11 13,28,70866960384,1,4,"(9,1)",1.0,1,1.0
quad_alt_0618,"[0,2,6,18]",30030,510510,46,2,11 13,28,70866960386,4,6,"(5,5)",0.25,4,0.75
quad_alt_0618,"[0,2,6,18]",30030,510510,46,2,11 13,28,70866960448,5,5,"(9,6)",0.2,5,0.6
quad_alt_0618,"[0,2,6,18]",30030,510510,46,2,11 13,28,70866960450,4,8,"(5,7)",0.25,4,0.5
quad_alt_0618,"[0,2,6,18]",30030,510510,46,2,11 13,28,2199023255552,5,2,"(8,11)",0.2,5,1.0
quad_alt_0618,"[0,2,6,18]",30030,510510,46,2,11 13,28,2199023255554,7,4,"(6,4)",0.14285714285714285,7,0.42857142857142855
quad_alt_0618,"[0,2,6,18]",30030,510510,46,2,11 13,28,2199023255616,5,4,"(9,10)",0.2,5,0.2
quad_alt_0618,"[0,2,6,18]",30030,510510,46,2,11 13,28,2199023255618,2,7,"(8,8)",0.5,2,0.0
quad_alt_0618,"[0,2,6,18]",30030,510510,46,2,11 13,28,2201170739200,7,3,"(9,0)",0.14285714285714285,7,0.5714285714285714
quad_alt_0618,"[0,2,6,18]",30030,510510,46,2,11 13,28,2201170739202,10,5,"(8,5)",0.1,10,0.6
quad_alt_0618,"[0,2,6,18]",30030,510510,46,2,11 13,28,2201170739264,7,5,"(9,4)",0.14285714285714285,7,0.14285714285714285
quad_alt_0618,"[0,2,6,18]",30030,510510,46,2,11 13,28,2201170739266,2,8,"(8,7)",0.5,2,0.0
quad_alt_0618,"[0,2,6,18]",30030,510510,46,2,11 13,28,2267742732288,6,4,"(9,11)",0.16666666666666666,6,0.5
quad_alt_0618,"[0,2,6,18]",30030,510510,46,2,11 13,28,2267742732290,3,5,"(6,8)",0.3333333333333333,3,0.0
quad_alt_0618,"[0,2,6,18]",30030,510510,46,2,11 13,28,2267742732352,5,6,"(9,8)",0.2,5,0.2
quad_alt_0618,"[0,2,6,18]",30030,510510,46,2,11 13,28,2269890215936,1,6,"(9,5)",1.0,1,1.0
quad_alt_0618,"[0,2,6,18]",30030,510510,46,2,11 13,28,2269890216000,3,8,"(9,9)",0.3333333333333333,3,1.0
quad_alt_0618,"[0,2,6,18]",30030,510510,46,2,11 13,29,4,5,2,"(4,2)",0.2,5,0.8
quad_alt_0618,"[0,2,6,18]",30030,510510,46,2,11 13,29,128,5,2,"(7,4)",0.2,5,0.4
quad_alt_0618,"[0,2,6,18]",30030,510510,46,2,11 13,29,132,3,4,"(8,2)",0.3333333333333333,3,0.3333333333333333
quad_alt_0618,"[0,2,6,18]",30030,510510,46,2,11 13,29,4294967296,3,2,"(4,12)",0.3333333333333333,3,1.0
quad_alt_0618,"[0,2,6,18]",30030,510510,46,2,11 13,29,4294967300,7,3,"(8,1)",0.14285714285714285,7,0.8571428571428571
quad_alt_0618,"[0,2,6,18]",30030,510510,46,2,11 13,29,4294967424,6,3,"(9,12)",0.16666666666666666,6,0.8333333333333334
quad_alt_0618,"[0,2,6,18]",30030,510510,46,2,11 13,29,4294967428,3,5,"(8,6)",0.3333333333333333,3,0.3333333333333333
quad_alt_0618,"[0,2,6,18]",30030,510510,46,2,11 13,29,137438953472,9,2,"(7,5)",0.1111111111111111,9,0.8888888888888888
quad_alt_0618,"[0,2,6,18]",30030,510510,46,2,11 13,29,137438953476,9,4,"(6,6)",0.1111111111111111,9,0.7777777777777778
quad_alt_0618,"[0,2,6,18]",30030,510510,46,2,11 13,29,137438953600,9,3,"(9,2)",0.1111111111111111,9,0.1111111111111111
quad_alt_0618,"[0,2,6,18]",30030,510510,46,2,11 13,29,137438953604,4,6,"(5,8)",0.25,4,0.5
quad_alt_0618,"[0,2,6,18]",30030,510510,46,2,11 13,29,141733920768,1,4,"(9,1)",1.0,1,1.0
quad_alt_0618,"[0,2,6,18]",30030,510510,46,2,11 13,29,141733920772,4,6,"(5,5)",0.25,4,0.75
quad_alt_0618,"[0,2,6,18]",30030,510510,46,2,11 13,29,141733920896,5,5,"(9,6)",0.2,5,0.6
quad_alt_0618,"[0,2,6,18]",30030,510510,46,2,11 13,29,141733920900,4,8,"(5,7)",0.25,4,0.5
quad_alt_0618,"[0,2,6,18]",30030,510510,46,2,11 13,29,4398046511104,5,2,"(8,11)",0.2,5,1.0
quad_alt_0618,"[0,2,6,18]",30030,510510,46,2,11 13,29,4398046511108,7,4,"(6,4)",0.14285714285714285,7,0.42857142857142855
quad_alt_0618,"[0,2,6,18]",30030,510510,46,2,11 13,29,4398046511232,5,4,"(9,10)",0.2,5,0.2
quad_alt_0618,"[0,2,6,18]",30030,510510,46,2,11 13,29,4398046511236,2,7,"(8,8)",0.5,2,0.0
quad_alt_0618,"[0,2,6,18]",30030,510510,46,2,11 13,29,4402341478400,7,3,"(9,0)",0.14285714285714285,7,0.5714285714285714
quad_alt_0618,"[0,2,6,18]",30030,510510,46,2,11 13,29,4402341478404,10,5,"(8,5)",0.1,10,0.6
quad_alt_0618,"[0,2,6,18]",30030,510510,46,2,11 13,29,4402341478528,7,5,"(9,4)",0.14285714285714285,7,0.14285714285714285
quad_alt_0618,"[0,2,6,18]",30030,510510,46,2,11 13,29,4402341478532,2,8,"(8,7)",0.5,2,0.0
quad_alt_0618,"[0,2,6,18]",30030,510510,46,2,11 13,29,4535485464576,6,4,"(9,11)",0.16666666666666666,6,0.5
quad_alt_0618,"[0,2,6,18]",30030,510510,46,2,11 13,29,4535485464580,3,5,"(6,8)",0.3333333333333333,3,0.0
quad_alt_0618,"[0,2,6,18]",30030,510510,46,2,11 13,29,4535485464704,5,6,"(9,8)",0.2,5,0.2
quad_alt_0618,"[0,2,6,18]",30030,510510,46,2,11 13,29,4539780431872,1,6,"(9,5)",1.0,1,1.0
quad_alt_0618,"[0,2,6,18]",30030,510510,46,2,11 13,29,4539780432000,3,8,"(9,9)",0.3333333333333333,3,1.0
quad_alt_0618,"[0,2,6,18]",30030,510510,46,2,11 13,30,8,5,2,"(4,2)",0.2,5,0.8
quad_alt_0618,"[0,2,6,18]",30030,510510,46,2,11 13,30,256,5,2,"(7,4)",0.2,5,0.4
quad_alt_0618,"[0,2,6,18]",30030,510510,46,2,11 13,30,264,3,4,"(8,2)",0.3333333333333333,3,0.3333333333333333
quad_alt_0618,"[0,2,6,18]",30030,510510,46,2,11 13,30,8589934592,3,2,"(4,12)",0.3333333333333333,3,1.0
quad_alt_0618,"[0,2,6,18]",30030,510510,46,2,11 13,30,8589934600,7,3,"(8,1)",0.14285714285714285,7,0.8571428571428571
quad_alt_0618,"[0,2,6,18]",30030,510510,46,2,11 13,30,8589934848,6,3,"(9,12)",0.16666666666666666,6,0.8333333333333334
quad_alt_0618,"[0,2,6,18]",30030,510510,46,2,11 13,30,8589934856,3,5,"(8,6)",0.3333333333333333,3,0.3333333333333333
quad_alt_0618,"[0,2,6,18]",30030,510510,46,2,11 13,30,274877906944,9,2,"(7,5)",0.1111111111111111,9,0.8888888888888888
quad_alt_0618,"[0,2,6,18]",30030,510510,46,2,11 13,30,274877906952,9,4,"(6,6)",0.1111111111111111,9,0.7777777777777778
quad_alt_0618,"[0,2,6,18]",30030,510510,46,2,11 13,30,274877907200,9,3,"(9,2)",0.1111111111111111,9,0.1111111111111111
quad_alt_0618,"[0,2,6,18]",30030,510510,46,2,11 13,30,274877907208,4,6,"(5,8)",0.25,4,0.5
quad_alt_0618,"[0,2,6,18]",30030,510510,46,2,11 13,30,283467841536,1,4,"(9,1)",1.0,1,1.0
quad_alt_0618,"[0,2,6,18]",30030,510510,46,2,11 13,30,283467841544,4,6,"(5,5)",0.25,4,0.75
quad_alt_0618,"[0,2,6,18]",30030,510510,46,2,11 13,30,283467841792,5,5,"(9,6)",0.2,5,0.6
quad_alt_0618,"[0,2,6,18]",30030,510510,46,2,11 13,30,283467841800,4,8,"(5,7)",0.25,4,0.5
quad_alt_0618,"[0,2,6,18]",30030,510510,46,2,11 13,30,8796093022208,5,2,"(8,11)",0.2,5,1.0
quad_alt_0618,"[0,2,6,18]",30030,510510,46,2,11 13,30,8796093022216,7,4,"(6,4)",0.14285714285714285,7,0.42857142857142855
quad_alt_0618,"[0,2,6,18]",30030,510510,46,2,11 13,30,8796093022464,5,4,"(9,10)",0.2,5,0.2
quad_alt_0618,"[0,2,6,18]",30030,510510,46,2,11 13,30,8796093022472,2,7,"(8,8)",0.5,2,0.0
quad_alt_0618,"[0,2,6,18]",30030,510510,46,2,11 13,30,8804682956800,7,3,"(9,0)",0.14285714285714285,7,0.5714285714285714
quad_alt_0618,"[0,2,6,18]",30030,510510,46,2,11 13,30,8804682956808,10,5,"(8,5)",0.1,10,0.6
quad_alt_0618,"[0,2,6,18]",30030,510510,46,2,11 13,30,8804682957056,7,5,"(9,4)",0.14285714285714285,7,0.14285714285714285
quad_alt_0618,"[0,2,6,18]",30030,510510,46,2,11 13,30,8804682957064,2,8,"(8,7)",0.5,2,0.0
quad_alt_0618,"[0,2,6,18]",30030,510510,46,2,11 13,30,9070970929152,6,4,"(9,11)",0.16666666666666666,6,0.5
quad_alt_0618,"[0,2,6,18]",30030,510510,46,2,11 13,30,9070970929160,3,5,"(6,8)",0.3333333333333333,3,0.0
quad_alt_0618,"[0,2,6,18]",30030,510510,46,2,11 13,30,9070970929408,5,6,"(9,8)",0.2,5,0.2
quad_alt_0618,"[0,2,6,18]",30030,510510,46,2,11 13,30,9079560863744,1,6,"(9,5)",1.0,1,1.0
quad_alt_0618,"[0,2,6,18]",30030,510510,46,2,11 13,30,9079560864000,3,8,"(9,9)",0.3333333333333333,3,1.0
quad_alt_0618,"[0,2,6,18]",30030,510510,46,2,11 13,31,0,3,2,"(7,0)",0.3333333333333333,3,1.0
quad_alt_0618,"[0,2,6,18]",30030,510510,46,2,11 13,31,16,5,4,"(4,2)",0.2,5,0.8
quad_alt_0618,"[0,2,6,18]",30030,510510,46,2,11 13,31,512,5,4,"(7,4)",0.2,5,0.4
quad_alt_0618,"[0,2,6,18]",30030,510510,46,2,11 13,31,528,3,8,"(8,2)",0.3333333333333333,3,0.3333333333333333
quad_alt_0618,"[0,2,6,18]",30030,510510,46,2,11 13,31,17179869184,3,4,"(4,12)",0.3333333333333333,3,1.0
quad_alt_0618,"[0,2,6,18]",30030,510510,46,2,11 13,31,17179869200,7,6,"(8,1)",0.14285714285714285,7,0.8571428571428571
quad_alt_0618,"[0,2,6,18]",30030,510510,46,2,11 13,31,17179869696,6,6,"(9,12)",0.16666666666666666,6,0.8333333333333334
quad_alt_0618,"[0,2,6,18]",30030,510510,46,2,11 13,31,17179869712,3,10,"(8,6)",0.3333333333333333,3,0.3333333333333333
quad_alt_0618,"[0,2,6,18]",30030,510510,46,2,11 13,31,549755813888,9,4,"(7,5)",0.1111111111111111,9,0.8888888888888888
quad_alt_0618,"[0,2,6,18]",30030,510510,46,2,11 13,31,549755813904,9,8,"(6,6)",0.1111111111111111,9,0.7777777777777778
quad_alt_0618,"[0,2,6,18]",30030,510510,46,2,11 13,31,549755814400,9,6,"(9,2)",0.1111111111111111,9,0.1111111111111111
quad_alt_0618,"[0,2,6,18]",30030,510510,46,2,11 13,31,549755814416,4,6,"(5,8)",0.25,4,0.5
quad_alt_0618,"[0,2,6,18]",30030,510510,46,2,11 13,31,566935683072,1,4,"(9,1)",1.0,1,1.0
quad_alt_0618,"[0,2,6,18]",30030,510510,46,2,11 13,31,566935683088,4,6,"(5,5)",0.25,4,0.75
quad_alt_0618,"[0,2,6,18]",30030,510510,46,2,11 13,31,566935683584,5,9,"(9,6)",0.2,5,0.6
quad_alt_0618,"[0,2,6,18]",30030,510510,46,2,11 13,31,566935683600,4,8,"(5,7)",0.25,4,0.5
quad_alt_0618,"[0,2,6,18]",30030,510510,46,2,11 13,31,17592186044416,5,4,"(8,11)",0.2,5,1.0
quad_alt_0618,"[0,2,6,18]",30030,510510,46,2,11 13,31,17592186044432,7,8,"(6,4)",0.14285714285714285,7,0.42857142857142855
quad_alt_0618,"[0,2,6,18]",30030,510510,46,2,11 13,31,17592186044928,5,8,"(9,10)",0.2,5,0.2
quad_alt_0618,"[0,2,6,18]",30030,510510,46,2,11 13,31,17592186044944,2,14,"(8,8)",0.5,2,0.0
quad_alt_0618,"[0,2,6,18]",30030,510510,46,2,11 13,31,17609365913600,7,6,"(9,0)",0.14285714285714285,7,0.5714285714285714
quad_alt_0618,"[0,2,6,18]",30030,510510,46,2,11 13,31,17609365913616,10,10,"(8,5)",0.1,10,0.6
quad_alt_0618,"[0,2,6,18]",30030,510510,46,2,11 13,31,17609365914112,7,10,"(9,4)",0.14285714285714285,7,0.14285714285714285
quad_alt_0618,"[0,2,6,18]",30030,510510,46,2,11 13,31,17609365914128,2,16,"(8,7)",0.5,2,0.0
quad_alt_0618,"[0,2,6,18]",30030,510510,46,2,11 13,31,18141941858304,6,8,"(9,11)",0.16666666666666666,6,0.5
quad_alt_0618,"[0,2,6,18]",30030,510510,46,2,11 13,31,18141941858320,3,5,"(6,8)",0.3333333333333333,3,0.0
quad_alt_0618,"[0,2,6,18]",30030,510510,46,2,11 13,31,18141941858816,5,12,"(9,8)",0.2,5,0.2
quad_alt_0618,"[0,2,6,18]",30030,510510,46,2,11 13,31,18159121727488,1,8,"(9,5)",1.0,1,1.0
quad_alt_0618,"[0,2,6,18]",30030,510510,46,2,11 13,31,18159121728000,3,15,"(9,9)",0.3333333333333333,3,1.0
quad_alt_0618,"[0,2,6,18]",30030,510510,46,2,11 13,32,1,6,2,"(8,11)",0.16666666666666666,6,1.0
quad_alt_0618,"[0,2,6,18]",30030,510510,46,2,11 13,32,32,8,2,"(6,4)",0.125,8,0.625
quad_alt_0618,"[0,2,6,18]",30030,510510,46,2,11 13,32,33,4,4,"(4,8)",0.25,4,0.5
quad_alt_0618,"[0,2,6,18]",30030,510510,46,2,11 13,32,1024,4,2,"(9,10)",0.25,4,0.25
quad_alt_0618,"[0,2,6,18]",30030,510510,46,2,11 13,32,1025,6,3,"(7,4)",0.16666666666666666,6,0.3333333333333333
quad_alt_0618,"[0,2,6,18]",30030,510510,46,2,11 13,32,1056,3,4,"(8,10)",0.3333333333333333,3,0.3333333333333333
quad_alt_0618,"[0,2,6,18]",30030,510510,46,2,11 13,32,1057,2,6,"(8,8)",0.5,2,0.0
quad_alt_0618,"[0,2,6,18]",30030,510510,46,2,11 13,32,34359738368,5,2,"(4,9)",0.2,5,0.8
quad_alt_0618,"[0,2,6,18]",30030,510510,46,2,11 13,32,34359738369,5,4,"(9,0)",0.2,5,0.6
quad_alt_0618,"[0,2,6,18]",30030,510510,46,2,11 13,32,34359738400,11,3,"(8,1)",0.09090909090909091,11,0.9090909090909091
quad_alt_0618,"[0,2,6,18]",30030,510510,46,2,11 13,32,34359738401,6,6,"(8,5)",0.16666666666666666,6,0.3333333333333333
quad_alt_0618,"[0,2,6,18]",30030,510510,46,2,11 13,32,34359739392,5,3,"(8,9)",0.2,5,0.4
quad_alt_0618,"[0,2,6,18]",30030,510510,46,2,11 13,32,34359739393,8,5,"(9,4)",0.125,8,0.5
quad_alt_0618,"[0,2,6,18]",30030,510510,46,2,11 13,32,34359739424,3,5,"(8,7)",0.3333333333333333,3,0.3333333333333333
quad_alt_0618,"[0,2,6,18]",30030,510510,46,2,11 13,32,34359739425,2,8,"(8,6)",0.5,2,0.0
quad_alt_0618,"[0,2,6,18]",30030,510510,46,2,11 13,32,1099511627776,8,2,"(7,1)",0.125,8,0.75
quad_alt_0618,"[0,2,6,18]",30030,510510,46,2,11 13,32,1099511627777,7,4,"(9,11)",0.14285714285714285,7,0.7142857142857143
quad_alt_0618,"[0,2,6,18]",30030,510510,46,2,11 13,32,1099511627808,8,4,"(6,8)",0.125,8,0.375
quad_alt_0618,"[0,2,6,18]",30030,510510,46,2,11 13,32,1099511627809,4,7,"(0,8)",0.25,4,1.0
quad_alt_0618,"[0,2,6,18]",30030,510510,46,2,11 13,32,1099511628800,4,3,"(7,9)",0.25,4,0.0
quad_alt_0618,"[0,2,6,18]",30030,510510,46,2,11 13,32,1099511628801,10,5,"(9,8)",0.1,10,0.2
quad_alt_0618,"[0,2,6,18]",30030,510510,46,2,11 13,32,1099511628832,4,6,"(5,8)",0.25,4,0.5
quad_alt_0618,"[0,2,6,18]",30030,510510,46,2,11 13,32,1133871366144,1,4,"(9,1)",1.0,1,1.0
quad_alt_0618,"[0,2,6,18]",30030,510510,46,2,11 13,32,1133871366145,1,5,"(9,5)",1.0,1,1.0
quad_alt_0618,"[0,2,6,18]",30030,510510,46,2,11 13,32,1133871366176,4,6,"(5,5)",0.25,4,0.75
quad_alt_0618,"[0,2,6,18]",30030,510510,46,2,11 13,32,1133871367168,6,5,"(9,9)",0.16666666666666666,6,0.6666666666666666
quad_alt_0618,"[0,2,6,18]",30030,510510,46,2,11 13,32,1133871367169,2,6,"(9,6)",0.5,2,1.0
quad_alt_0618,"[0,2,6,18]",30030,510510,46,2,11 13,32,1133871367200,4,8,"(5,7)",0.25,4,0.5
quad_alt_0618,"[0,2,6,18]",30030,510510,46,2,11 13,33,2,6,2,"(8,11)",0.16666666666666666,6,1.0
quad_alt_0618,"[0,2,6,18]",30030,510510,46,2,11 13,33,64,8,2,"(6,4)",0.125,8,0.625
quad_alt_0618,"[0,2,6,18]",30030,510510,46,2,11 13,33,66,4,4,"(4,8)",0.25,4,0.5
quad_alt_0618,"[0,2,6,18]",30030,510510,46,2,11 13,33,2048,4,2,"(9,10)",0.25,4,0.25
quad_alt_0618,"[0,2,6,18]",30030,510510,46,2,11 13,33,2050,6,3,"(7,4)",0.16666666666666666,6,0.3333333333333333
quad_alt_0618,"[0,2,6,18]",30030,510510,46,2,11 13,33,2112,3,4,"(8,10)",0.3333333333333333,3,0.3333333333333333
quad_alt_0618,"[0,2,6,18]",30030,510510,46,2,11 13,33,2114,2,6,"(8,8)",0.5,2,0.0
quad_alt_0618,"[0,2,6,18]",30030,510510,46,2,11 13,33,68719476736,5,2,"(4,9)",0.2,5,0.8
quad_alt_0618,"[0,2,6,18]",30030,510510,46,2,11 13,33,68719476738,5,4,"(9,0)",0.2,5,0.6
quad_alt_0618,"[0,2,6,18]",30030,510510,46,2,11 13,33,68719476800,11,3,"(8,1)",0.09090909090909091,11,0.9090909090909091
quad_alt_0618,"[0,2,6,18]",30030,510510,46,2,11 13,33,68719476802,6,6,"(8,5)",0.16666666666666666,6,0.3333333333333333
quad_alt_0618,"[0,2,6,18]",30030,510510,46,2,11 13,33,68719478784,5,3,"(8,9)",0.2,5,0.4
quad_alt_0618,"[0,2,6,18]",30030,510510,46,2,11 13,33,68719478786,8,5,"(9,4)",0.125,8,0.5
quad_alt_0618,"[0,2,6,18]",30030,510510,46,2,11 13,33,68719478848,3,5,"(8,7)",0.3333333333333333,3,0.3333333333333333
quad_alt_0618,"[0,2,6,18]",30030,510510,46,2,11 13,33,68719478850,2,8,"(8,6)",0.5,2,0.0
quad_alt_0618,"[0,2,6,18]",30030,510510,46,2,11 13,33,2199023255552,8,2,"(7,1)",0.125,8,0.75
quad_alt_0618,"[0,2,6,18]",30030,510510,46,2,11 13,33,2199023255554,7,4,"(9,11)",0.14285714285714285,7,0.7142857142857143
quad_alt_0618,"[0,2,6,18]",30030,510510,46,2,11 13,33,2199023255616,8,4,"(6,8)",0.125,8,0.375
quad_alt_0618,"[0,2,6,18]",30030,510510,46,2,11 13,33,2199023255618,4,7,"(0,8)",0.25,4,1.0
quad_alt_0618,"[0,2,6,18]",30030,510510,46,2,11 13,33,2199023257600,4,3,"(7,9)",0.25,4,0.0
quad_alt_0618,"[0,2,6,18]",30030,510510,46,2,11 13,33,2199023257602,10,5,"(9,8)",0.1,10,0.2
quad_alt_0618,"[0,2,6,18]",30030,510510,46,2,11 13,33,2199023257664,4,6,"(5,8)",0.25,4,0.5
quad_alt_0618,"[0,2,6,18]",30030,510510,46,2,11 13,33,2267742732288,1,4,"(9,1)",1.0,1,1.0
quad_alt_0618,"[0,2,6,18]",30030,510510,46,2,11 13,33,2267742732290,1,5,"(9,5)",1.0,1,1.0
quad_alt_0618,"[0,2,6,18]",30030,510510,46,2,11 13,33,2267742732352,4,6,"(5,5)",0.25,4,0.75
quad_alt_0618,"[0,2,6,18]",30030,510510,46,2,11 13,33,2267742734336,6,5,"(9,9)",0.16666666666666666,6,0.6666666666666666
quad_alt_0618,"[0,2,6,18]",30030,510510,46,2,11 13,33,2267742734338,2,6,"(9,6)",0.5,2,1.0
quad_alt_0618,"[0,2,6,18]",30030,510510,46,2,11 13,33,2267742734400,4,8,"(5,7)",0.25,4,0.5
quad_alt_0618,"[0,2,6,18]",30030,510510,46,2,11 13,34,4,6,2,"(8,11)",0.16666666666666666,6,1.0
quad_alt_0618,"[0,2,6,18]",30030,510510,46,2,11 13,34,128,8,2,"(6,4)",0.125,8,0.625
quad_alt_0618,"[0,2,6,18]",30030,510510,46,2,11 13,34,132,4,4,"(4,8)",0.25,4,0.5
quad_alt_0618,"[0,2,6,18]",30030,510510,46,2,11 13,34,4096,4,2,"(9,10)",0.25,4,0.25
quad_alt_0618,"[0,2,6,18]",30030,510510,46,2,11 13,34,4100,6,3,"(7,4)",0.16666666666666666,6,0.3333333333333333
quad_alt_0618,"[0,2,6,18]",30030,510510,46,2,11 13,34,4224,3,4,"(8,10)",0.3333333333333333,3,0.3333333333333333
quad_alt_0618,"[0,2,6,18]",30030,510510,46,2,11 13,34,4228,2,6,"(8,8)",0.5,2,0.0
quad_alt_0618,"[0,2,6,18]",30030,510510,46,2,11 13,34,137438953472,5,2,"(4,9)",0.2,5,0.8
quad_alt_0618,"[0,2,6,18]",30030,510510,46,2,11 13,34,137438953476,5,4,"(9,0)",0.2,5,0.6
quad_alt_0618,"[0,2,6,18]",30030,510510,46,2,11 13,34,137438953600,11,3,"(8,1)",0.09090909090909091,11,0.9090909090909091
quad_alt_0618,"[0,2,6,18]",30030,510510,46,2,11 13,34,137438953604,6,6,"(8,5)",0.16666666666666666,6,0.3333333333333333
quad_alt_0618,"[0,2,6,18]",30030,510510,46,2,11 13,34,137438957568,5,3,"(8,9)",0.2,5,0.4
quad_alt_0618,"[0,2,6,18]",30030,510510,46,2,11 13,34,137438957572,8,5,"(9,4)",0.125,8,0.5
quad_alt_0618,"[0,2,6,18]",30030,510510,46,2,11 13,34,137438957696,3,5,"(8,7)",0.3333333333333333,3,0.3333333333333333
quad_alt_0618,"[0,2,6,18]",30030,510510,46,2,11 13,34,137438957700,2,8,"(8,6)",0.5,2,0.0
quad_alt_0618,"[0,2,6,18]",30030,510510,46,2,11 13,34,4398046511104,8,2,"(7,1)",0.125,8,0.75
quad_alt_0618,"[0,2,6,18]",30030,510510,46,2,11 13,34,4398046511108,7,4,"(9,11)",0.14285714285714285,7,0.7142857142857143
quad_alt_0618,"[0,2,6,18]",30030,510510,46,2,11 13,34,4398046511232,8,4,"(6,8)",0.125,8,0.375
quad_alt_0618,"[0,2,6,18]",30030,510510,46,2,11 13,34,4398046511236,4,7,"(0,8)",0.25,4,1.0
quad_alt_0618,"[0,2,6,18]",30030,510510,46,2,11 13,34,4398046515200,4,3,"(7,9)",0.25,4,0.0
quad_alt_0618,"[0,2,6,18]",30030,510510,46,2,11 13,34,4398046515204,10,5,"(9,8)",0.1,10,0.2
quad_alt_0618,"[0,2,6,18]",30030,510510,46,2,11 13,34,4398046515328,4,6,"(5,8)",0.25,4,0.5
quad_alt_0618,"[0,2,6,18]",30030,510510,46,2,11 13,34,4535485464576,1,4,"(9,1)",1.0,1,1.0
quad_alt_0618,"[0,2,6,18]",30030,510510,46,2,11 13,34,4535485464580,1,5,"(9,5)",1.0,1,1.0
quad_alt_0618,"[0,2,6,18]",30030,510510,46,2,11 13,34,4535485464704,4,6,"(5,5)",0.25,4,0.75
quad_alt_0618,"[0,2,6,18]",30030,510510,46,2,11 13,34,4535485468672,6,5,"(9,9)",0.16666666666666666,6,0.6666666666666666
quad_alt_0618,"[0,2,6,18]",30030,510510,46,2,11 13,34,4535485468676,2,6,"(9,6)",0.5,2,1.0
quad_alt_0618,"[0,2,6,18]",30030,510510,46,2,11 13,34,4535485468800,4,8,"(5,7)",0.25,4,0.5
quadruplet,"[0,2,6,8]",30030,510510,51,2,11 13,0,8192,14,2,"(9,2)",0.07142857142857142,14,0.6428571428571429
quadruplet,"[0,2,6,8]",30030,510510,51,2,11 13,0,262144,6,2,"(9,9)",0.16666666666666666,6,0.6666666666666666
quadruplet,"[0,2,6,8]",30030,510510,51,2,11 13,0,270336,16,4,"(9,8)",0.0625,16,0.625
quadruplet,"[0,2,6,8]",30030,510510,51,2,11 13,0,8589934592,15,2,"(8,11)",0.06666666666666667,15,0.8666666666666667
quadruplet,"[0,2,6,8]",30030,510510,51,2,11 13,0,8589942784,10,3,"(6,11)",0.1,10,0.7
quadruplet,"[0,2,6,8]",30030,510510,51,2,11 13,0,8590196736,11,3,"(8,10)",0.09090909090909091,11,0.6363636363636364
quadruplet,"[0,2,6,8]",30030,510510,51,2,11 13,0,8590204928,2,5,"(0,6)",0.5,2,1.0
quadruplet,"[0,2,6,8]",30030,510510,51,2,11 13,0,281474976710656,8,2,"(7,9)",0.125,8,0.875
quadruplet,"[0,2,6,8]",30030,510510,51,2,11 13,0,281474976718848,14,4,"(7,8)",0.07142857142857142,14,0.5
quadruplet,"[0,2,6,8]",30030,510510,51,2,11 13,0,281474976972800,12,3,"(8,8)",0.08333333333333333,12,0.0
quadruplet,"[0,2,6,8]",30030,510510,51,2,11 13,0,281474976980992,4,6,"(6,8)",0.25,4,0.0
quadruplet,"[0,2,6,8]",30030,510510,51,2,11 13,0,281483566645248,12,3,"(8,2)",0.08333333333333333,12,0.75
quadruplet,"[0,2,6,8]",30030,510510,51,2,11 13,0,281483566653440,1,5,"(6,2)",1.0,1,0.0
quadruplet,"[0,2,6,8]",30030,510510,51,2,11 13,0,281483566907392,10,4,"(8,9)",0.1,10,0.0
quadruplet,"[0,2,6,8]",30030,510510,51,2,11 13,0,281483566915584,2,7,"(6,6)",0.5,2,0.0
quadruplet,"[0,2,6,8]",30030,510510,51,2,11 13,1,0,6,2,"(9,12)",0.16666666666666666,6,0.8333333333333334
quadruplet,"[0,2,6,8]",30030,510510,51,2,11 13,1,16384,14,4,"(9,2)",0.07142857142857142,14,0.6428571428571429
quadruplet,"[0,2,6,8]",30030,510510,51,2,11 13,1,524288,6,3,"(9,9)",0.16666666666666666,6,0.6666666666666666
quadruplet,"[0,2,6,8]",30030,510510,51,2,11 13,1,540672,16,8,"(9,8)",0.0625,16,0.625
quadruplet,"[0,2,6,8]",30030,510510,51,2,11 13,1,17179869184,15,4,"(8,11)",0.06666666666666667,15,0.8666666666666667
quadruplet,"[0,2,6,8]",30030,510510,51,2,11 13,1,17179885568,10,6,"(6,11)",0.1,10,0.7
quadruplet,"[0,2,6,8]",30030,510510,51,2,11 13,1,17180393472,11,6,"(8,10)",0.09090909090909091,11,0.6363636363636364
quadruplet,"[0,2,6,8]",30030,510510,51,2,11 13,1,17180409856,2,5,"(0,6)",0.5,2,1.0
quadruplet,"[0,2,6,8]",30030,510510,51,2,11 13,1,562949953421312,8,4,"(7,9)",0.125,8,0.875
quadruplet,"[0,2,6,8]",30030,510510,51,2,11 13,1,562949953437696,14,7,"(7,8)",0.07142857142857142,14,0.5
quadruplet,"[0,2,6,8]",30030,510510,51,2,11 13,1,562949953945600,12,6,"(8,8)",0.08333333333333333,12,0.0
quadruplet,"[0,2,6,8]",30030,510510,51,2,11 13,1,562949953961984,4,6,"(6,8)",0.25,4,0.0
quadruplet,"[0,2,6,8]",30030,510510,51,2,11 13,1,562967133290496,12,6,"(8,2)",0.08333333333333333,12,0.75
quadruplet,"[0,2,6,8]",30030,510510,51,2,11 13,1,562967133306880,1,5,"(6,2)",1.0,1,0.0
quadruplet,"[0,2,6,8]",30030,510510,51,2,11 13,1,562967133814784,10,8,"(8,9)",0.1,10,0.0
quadruplet,"[0,2,6,8]",30030,510510,51,2,11 13,1,562967133831168,2,7,"(6,6)",0.5,2,0.0
quadruplet,"[0,2,6,8]",30030,510510,51,2,11 13,2,1,12,2,"(9,12)",0.08333333333333333,12,0.8333333333333334
quadruplet,"[0,2,6,8]",30030,510510,51,2,11 13,2,32768,10,2,"(7,7)",0.1,10,0.4
quadruplet,"[0,2,6,8]",30030,510510,51,2,11 13,2,32769,18,3,"(9,2)",0.05555555555555555,18,0.6666666666666666
quadruplet,"[0,2,6,8]",30030,510510,51,2,11 13,2,1048576,10,2,"(8,8)",0.1,10,0.0
quadruplet,"[0,2,6,8]",30030,510510,51,2,11 13,2,1048577,8,3,"(9,9)",0.125,8,0.5
quadruplet,"[0,2,6,8]",30030,510510,51,2,11 13,2,1081344,16,4,"(9,7)",0.0625,16,0.5
quadruplet,"[0,2,6,8]",30030,510510,51,2,11 13,2,1081345,4,5,"(9,8)",0.25,4,0.5
quadruplet,"[0,2,6,8]",30030,510510,51,2,11 13,2,34359738368,12,2,"(8,2)",0.08333333333333333,12,0.8333333333333334
quadruplet,"[0,2,6,8]",30030,510510,51,2,11 13,2,34359738369,15,4,"(5,9)",0.06666666666666667,15,0.8
quadruplet,"[0,2,6,8]",30030,510510,51,2,11 13,2,34359771136,8,3,"(6,2)",0.125,8,0.625
quadruplet,"[0,2,6,8]",30030,510510,51,2,11 13,2,34359771137,3,5,"(5,2)",0.3333333333333333,3,0.6666666666666666
quadruplet,"[0,2,6,8]",30030,510510,51,2,11 13,2,34360786944,18,3,"(8,9)",0.05555555555555555,18,0.3333333333333333
quadruplet,"[0,2,6,8]",30030,510510,51,2,11 13,2,34360786945,3,5,"(4,9)",0.3333333333333333,3,0.3333333333333333
quadruplet,"[0,2,6,8]",30030,510510,51,2,11 13,2,34360819712,4,5,"(6,6)",0.25,4,0.5
quadruplet,"[0,2,6,8]",30030,510510,51,2,11 13,3,2,12,2,"(9,12)",0.08333333333333333,12,0.8333333333333334
quadruplet,"[0,2,6,8]",30030,510510,51,2,11 13,3,65536,10,2,"(7,7)",0.1,10,0.4
quadruplet,"[0,2,6,8]",30030,510510,51,2,11 13,3,65538,18,3,"(9,2)",0.05555555555555555,18,0.6666666666666666
quadruplet,"[0,2,6,8]",30030,510510,51,2,11 13,3,2097152,10,2,"(8,8)",0.1,10,0.0
quadruplet,"[0,2,6,8]",30030,510510,51,2,11 13,3,2097154,8,3,"(9,9)",0.125,8,0.5
quadruplet,"[0,2,6,8]",30030,510510,51,2,11 13,3,2162688,16,4,"(9,7)",0.0625,16,0.5
quadruplet,"[0,2,6,8]",30030,510510,51,2,11 13,3,2162690,4,5,"(9,8)",0.25,4,0.5
quadruplet,"[0,2,6,8]",30030,510510,51,2,11 13,3,68719476736,12,2,"(8,2)",0.08333333333333333,12,0.8333333333333334
quadruplet,"[0,2,6,8]",30030,510510,51,2,11 13,3,68719476738,15,4,"(5,9)",0.06666666666666667,15,0.8
quadruplet,"[0,2,6,8]",30030,510510,51,2,11 13,3,68719542272,8,3,"(6,2)",0.125,8,0.625
quadruplet,"[0,2,6,8]",30030,510510,51,2,11 13,3,68719542274,3,5,"(5,2)",0.3333333333333333,3,0.6666666666666666
quadruplet,"[0,2,6,8]",30030,510510,51,2,11 13,3,68721573888,18,3,"(8,9)",0.05555555555555555,18,0.3333333333333333
quadruplet,"[0,2,6,8]",30030,510510,51,2,11 13,3,68721573890,3,5,"(4,9)",0.3333333333333333,3,0.3333333333333333
quadruplet,"[0,2,6,8]",30030,510510,51,2,11 13,3,68721639424,4,5,"(6,6)",0.25,4,0.5
quadruplet,"[0,2,6,8]",30030,510510,51,2,11 13,4,4,12,2,"(9,12)",0.08333333333333333,12,0.8333333333333334
quadruplet,"[0,2,6,8]",30030,510510,51,2,11 13,4,131072,10,2,"(7,7)",0.1,10,0.4
quadruplet,"[0,2,6,8]",30030,510510,51,2,11 13,4,131076,18,3,"(9,2)",0.05555555555555555,18,0.6666666666666666
quadruplet,"[0,2,6,8]",30030,510510,51,2,11 13,4,4194304,10,2,"(8,8)",0.1,10,0.0
quadruplet,"[0,2,6,8]",30030,510510,51,2,11 13,4,4194308,8,3,"(9,9)",0.125,8,0.5
quadruplet,"[0,2,6,8]",30030,510510,51,2,11 13,4,4325376,16,4,"(9,7)",0.0625,16,0.5
quadruplet,"[0,2,6,8]",30030,510510,51,2,11 13,4,4325380,4,5,"(9,8)",0.25,4,0.5
quadruplet,"[0,2,6,8]",30030,510510,51,2,11 13,4,137438953472,12,2,"(8,2)",0.08333333333333333,12,0.8333333333333334
quadruplet,"[0,2,6,8]",30030,510510,51,2,11 13,4,137438953476,15,4,"(5,9)",0.06666666666666667,15,0.8
quadruplet,"[0,2,6,8]",30030,510510,51,2,11 13,4,137439084544,8,3,"(6,2)",0.125,8,0.625
quadruplet,"[0,2,6,8]",30030,510510,51,2,11 13,4,137439084548,3,5,"(5,2)",0.3333333333333333,3,0.6666666666666666
quadruplet,"[0,2,6,8]",30030,510510,51,2,11 13,4,137443147776,18,3,"(8,9)",0.05555555555555555,18,0.3333333333333333
quadruplet,"[0,2,6,8]",30030,510510,51,2,11 13,4,137443147780,3,5,"(4,9)",0.3333333333333333,3,0.3333333333333333
quadruplet,"[0,2,6,8]",30030,510510,51,2,11 13,4,137443278848,4,5,"(6,6)",0.25,4,0.5
quadruplet,"[0,2,6,8]",30030,510510,51,2,11 13,5,8,12,2,"(9,12)",0.08333333333333333,12,0.8333333333333334
quadruplet,"[0,2,6,8]",30030,510510,51,2,11 13,5,262144,10,2,"(7,7)",0.1,10,0.4
quadruplet,"[0,2,6,8]",30030,510510,51,2,11 13,5,262152,18,3,"(9,2)",0.05555555555555555,18,0.6666666666666666
quadruplet,"[0,2,6,8]",30030,510510,51,2,11 13,5,8388608,10,2,"(8,8)",0.1,10,0.0
quadruplet,"[0,2,6,8]",30030,510510,51,2,11 13,5,8388616,8,3,"(9,9)",0.125,8,0.5
quadruplet,"[0,2,6,8]",30030,510510,51,2,11 13,5,8650752,16,4,"(9,7)",0.0625,16,0.5
quadruplet,"[0,2,6,8]",30030,510510,51,2,11 13,5,8650760,4,5,"(9,8)",0.25,4,0.5
quadruplet,"[0,2,6,8]",30030,510510,51,2,11 13,5,274877906944,12,2,"(8,2)",0.08333333333333333,12,0.8333333333333334
quadruplet,"[0,2,6,8]",30030,510510,51,2,11 13,5,274877906952,15,4,"(5,9)",0.06666666666666667,15,0.8
quadruplet,"[0,2,6,8]",30030,510510,51,2,11 13,5,274878169088,8,3,"(6,2)",0.125,8,0.625
quadruplet,"[0,2,6,8]",30030,510510,51,2,11 13,5,274878169096,3,5,"(5,2)",0.3333333333333333,3,0.6666666666666666
quadruplet,"[0,2,6,8]",30030,510510,51,2,11 13,5,274886295552,18,3,"(8,9)",0.05555555555555555,18,0.3333333333333333
quadruplet,"[0,2,6,8]",30030,510510,51,2,11 13,5,274886295560,3,5,"(4,9)",0.3333333333333333,3,0.3333333333333333
quadruplet,"[0,2,6,8]",30030,510510,51,2,11 13,5,274886557696,4,5,"(6,6)",0.25,4,0.5
quadruplet,"[0,2,6,8]",30030,510510,51,2,11 13,6,16,12,2,"(9,12)",0.08333333333333333,12,0.8333333333333334
quadruplet,"[0,2,6,8]",30030,510510,51,2,11 13,6,524288,10,2,"(7,7)",0.1,10,0.4
quadruplet,"[0,2,6,8]",30030,510510,51,2,11 13,6,524304,18,3,"(9,2)",0.05555555555555555,18,0.6666666666666666
quadruplet,"[0,2,6,8]",30030,510510,51,2,11 13,6,16777216,10,2,"(8,8)",0.1,10,0.0
quadruplet,"[0,2,6,8]",30030,510510,51,2,11 13,6,16777232,8,3,"(9,9)",0.125,8,0.5
quadruplet,"[0,2,6,8]",30030,510510,51,2,11 13,6,17301504,16,4,"(9,7)",0.0625,16,0.5
quadruplet,"[0,2,6,8]",30030,510510,51,2,11 13,6,17301520,4,5,"(9,8)",0.25,4,0.5
quadruplet,"[0,2,6,8]",30030,510510,51,2,11 13,6,549755813888,12,2,"(8,2)",0.08333333333333333,12,0.8333333333333334
quadruplet,"[0,2,6,8]",30030,510510,51,2,11 13,6,549755813904,15,4,"(5,9)",0.06666666666666667,15,0.8
quadruplet,"[0,2,6,8]",30030,510510,51,2,11 13,6,549756338176,8,3,"(6,2)",0.125,8,0.625
quadruplet,"[0,2,6,8]",30030,510510,51,2,11 13,6,549756338192,3,5,"(5,2)",0.3333333333333333,3,0.6666666666666666
quadruplet,"[0,2,6,8]",30030,510510,51,2,11 13,6,549772591104,18,3,"(8,9)",0.05555555555555555,18,0.3333333333333333
quadruplet,"[0,2,6,8]",30030,510510,51,2,11 13,6,549772591120,3,5,"(4,9)",0.3333333333333333,3,0.3333333333333333
quadruplet,"[0,2,6,8]",30030,510510,51,2,11 13,6,549773115392,4,5,"(6,6)",0.25,4,0.5
quadruplet,"[0,2,6,8]",30030,510510,51,2,11 13,7,32,12,2,"(9,12)",0.08333333333333333,12,0.8333333333333334
quadruplet,"[0,2,6,8]",30030,510510,51,2,11 13,7,1048576,10,2,"(7,7)",0.1,10,0.4
quadruplet,"[0,2,6,8]",30030,510510,51,2,11 13,7,1048608,18,3,"(9,2)",0.05555555555555555,18,0.6666666666666666
quadruplet,"[0,2,6,8]",30030,510510,51,2,11 13,7,33554432,10,2,"(8,8)",0.1,10,0.0
quadruplet,"[0,2,6,8]",30030,510510,51,2,11 13,7,33554464,8,3,"(9,9)",0.125,8,0.5
quadruplet,"[0,2,6,8]",30030,510510,51,2,11 13,7,34603008,16,4,"(9,7)",0.0625,16,0.5
quadruplet,"[0,2,6,8]",30030,510510,51,2,11 13,7,34603040,4,5,"(9,8)",0.25,4,0.5
quadruplet,"[0,2,6,8]",30030,510510,51,2,11 13,7,1099511627776,12,2,"(8,2)",0.08333333333333333,12,0.8333333333333334
quadruplet,"[0,2,6,8]",30030,510510,51,2,11 13,7,1099511627808,15,4,"(5,9)",0.06666666666666667,15,0.8
quadruplet,"[0,2,6,8]",30030,510510,51,2,11 13,7,1099512676352,8,3,"(6,2)",0.125,8,0.625
quadruplet,"[0,2,6,8]",30030,510510,51,2,11 13,7,1099512676384,3,5,"(5,2)",0.3333333333333333,3,0.6666666666666666
quadruplet,"[0,2,6,8]",30030,510510,51,2,11 13,7,1099545182208,18,3,"(8,9)",0.05555555555555555,18,0.3333333333333333
quadruplet,"[0,2,6,8]",30030,510510,51,2,11 13,7,1099545182240,3,5,"(4,9)",0.3333333333333333,3,0.3333333333333333
quadruplet,"[0,2,6,8]",30030,510510,51,2,11 13,7,1099546230784,4,5,"(6,6)",0.25,4,0.5
quadruplet,"[0,2,6,8]",30030,510510,51,2,11 13,8,64,12,2,"(9,12)",0.08333333333333333,12,0.8333333333333334
quadruplet,"[0,2,6,8]",30030,510510,51,2,11 13,8,2097152,10,2,"(7,7)",0.1,10,0.4
quadruplet,"[0,2,6,8]",30030,510510,51,2,11 13,8,2097216,18,3,"(9,2)",0.05555555555555555,18,0.6666666666666666
quadruplet,"[0,2,6,8]",30030,510510,51,2,11 13,8,67108864,10,2,"(8,8)",0.1,10,0.0
quadruplet,"[0,2,6,8]",30030,510510,51,2,11 13,8,67108928,8,3,"(9,9)",0.125,8,0.5
quadruplet,"[0,2,6,8]",30030,510510,51,2,11 13,8,69206016,16,4,"(9,7)",0.0625,16,0.5
quadruplet,"[0,2,6,8]",30030,510510,51,2,11 13,8,69206080,4,5,"(9,8)",0.25,4,0.5
quadruplet,"[0,2,6,8]",30030,510510,51,2,11 13,8,2199023255552,12,2,"(8,2)",0.08333333333333333,12,0.8333333333333334
quadruplet,"[0,2,6,8]",30030,510510,51,2,11 13,8,2199023255616,15,4,"(5,9)",0.06666666666666667,15,0.8
quadruplet,"[0,2,6,8]",30030,510510,51,2,11 13,8,2199025352704,8,3,"(6,2)",0.125,8,0.625
quadruplet,"[0,2,6,8]",30030,510510,51,2,11 13,8,2199025352768,3,5,"(5,2)",0.3333333333333333,3,0.6666666666666666
quadruplet,"[0,2,6,8]",30030,510510,51,2,11 13,8,2199090364416,18,3,"(8,9)",0.05555555555555555,18,0.3333333333333333
quadruplet,"[0,2,6,8]",30030,510510,51,2,11 13,8,2199090364480,3,5,"(4,9)",0.3333333333333333,3,0.3333333333333333
quadruplet,"[0,2,6,8]",30030,510510,51,2,11 13,8,2199092461568,4,5,"(6,6)",0.25,4,0.5
quadruplet,"[0,2,6,8]",30030,510510,51,2,11 13,9,128,12,2,"(9,12)",0.08333333333333333,12,0.8333333333333334
quadruplet,"[0,2,6,8]",30030,510510,51,2,11 13,9,4194304,10,2,"(7,7)",0.1,10,0.4
quadruplet,"[0,2,6,8]",30030,510510,51,2,11 13,9,4194432,18,3,"(9,2)",0.05555555555555555,18,0.6666666666666666
quadruplet,"[0,2,6,8]",30030,510510,51,2,11 13,9,134217728,10,2,"(8,8)",0.1,10,0.0
quadruplet,"[0,2,6,8]",30030,510510,51,2,11 13,9,134217856,8,3,"(9,9)",0.125,8,0.5
quadruplet,"[0,2,6,8]",30030,510510,51,2,11 13,9,138412032,16,4,"(9,7)",0.0625,16,0.5
quadruplet,"[0,2,6,8]",30030,510510,51,2,11 13,9,138412160,4,5,"(9,8)",0.25,4,0.5
quadruplet,"[0,2,6,8]",30030,510510,51,2,11 13,9,4398046511104,12,2,"(8,2)",0.08333333333333333,12,0.8333333333333334
quadruplet,"[0,2,6,8]",30030,510510,51,2,11 13,9,4398046511232,15,4,"(5,9)",0.06666666666666667,15,0.8
quadruplet,"[0,2,6,8]",30030,510510,51,2,11 13,9,4398050705408,8,3,"(6,2)",0.125,8,0.625
quadruplet,"[0,2,6,8]",30030,510510,51,2,11 13,9,4398050705536,3,5,"(5,2)",0.3333333333333333,3,0.6666666666666666
quadruplet,"[0,2,6,8]",30030,510510,51,2,11 13,9,4398180728832,18,3,"(8,9)",0.05555555555555555,18,0.3333333333333333
quadruplet,"[0,2,6,8]",30030,510510,51,2,11 13,9,4398180728960,3,5,"(4,9)",0.3333333333333333,3,0.3333333333333333
quadruplet,"[0,2,6,8]",30030,510510,51,2,11 13,9,4398184923136,4,5,"(6,6)",0.25,4,0.5
quadruplet,"[0,2,6,8]",30030,510510,51,2,11 13,10,256,12,2,"(9,12)",0.08333333333333333,12,0.8333333333333334
quadruplet,"[0,2,6,8]",30030,510510,51,2,11 13,10,8388608,10,2,"(7,7)",0.1,10,0.4
quadruplet,"[0,2,6,8]",30030,510510,51,2,11 13,10,8388864,18,3,"(9,2)",0.05555555555555555,18,0.6666666666666666
quadruplet,"[0,2,6,8]",30030,510510,51,2,11 13,10,268435456,10,2,"(8,8)",0.1,10,0.0
quadruplet,"[0,2,6,8]",30030,510510,51,2,11 13,10,268435712,8,3,"(9,9)",0.125,8,0.5
quadruplet,"[0,2,6,8]",30030,510510,51,2,11 13,10,276824064,16,4,"(9,7)",0.0625,16,0.5
quadruplet,"[0,2,6,8]",30030,510510,51,2,11 13,10,276824320,4,5,"(9,8)",0.25,4,0.5
quadruplet,"[0,2,6,8]",30030,510510,51,2,11 13,10,8796093022208,12,2,"(8,2)",0.08333333333333333,12,0.8333333333333334
quadruplet,"[0,2,6,8]",30030,510510,51,2,11 13,10,8796093022464,15,4,"(5,9)",0.06666666666666667,15,0.8
quadruplet,"[0,2,6,8]",30030,510510,51,2,11 13,10,8796101410816,8,3,"(6,2)",0.125,8,0.625
quadruplet,"[0,2,6,8]",30030,510510,51,2,11 13,10,8796101411072,3,5,"(5,2)",0.3333333333333333,3,0.6666666666666666
quadruplet,"[0,2,6,8]",30030,510510,51,2,11 13,10,8796361457664,18,3,"(8,9)",0.05555555555555555,18,0.3333333333333333
quadruplet,"[0,2,6,8]",30030,510510,51,2,11 13,10,8796361457920,3,5,"(4,9)",0.3333333333333333,3,0.3333333333333333
quadruplet,"[0,2,6,8]",30030,510510,51,2,11 13,10,8796369846272,4,5,"(6,6)",0.25,4,0.5
quadruplet,"[0,2,6,8]",30030,510510,51,2,11 13,11,512,12,2,"(9,12)",0.08333333333333333,12,0.8333333333333334
quadruplet,"[0,2,6,8]",30030,510510,51,2,11 13,11,16777216,10,2,"(7,7)",0.1,10,0.4
quadruplet,"[0,2,6,8]",30030,510510,51,2,11 13,11,16777728,18,3,"(9,2)",0.05555555555555555,18,0.6666666666666666
quadruplet,"[0,2,6,8]",30030,510510,51,2,11 13,11,536870912,10,2,"(8,8)",0.1,10,0.0
quadruplet,"[0,2,6,8]",30030,510510,51,2,11 13,11,536871424,8,3,"(9,9)",0.125,8,0.5
quadruplet,"[0,2,6,8]",30030,510510,51,2,11 13,11,553648128,16,4,"(9,7)",0.0625,16,0.5
quadruplet,"[0,2,6,8]",30030,510510,51,2,11 13,11,553648640,4,5,"(9,8)",0.25,4,0.5
quadruplet,"[0,2,6,8]",30030,510510,51,2,11 13,11,17592186044416,12,2,"(8,2)",0.08333333333333333,12,0.8333333333333334
quadruplet,"[0,2,6,8]",30030,510510,51,2,11 13,11,17592186044928,15,4,"(5,9)",0.06666666666666667,15,0.8
quadruplet,"[0,2,6,8]",30030,510510,51,2,11 13,11,17592202821632,8,3,"(6,2)",0.125,8,0.625
quadruplet,"[0,2,6,8]",30030,510510,51,2,11 13,11,17592202822144,3,5,"(5,2)",0.3333333333333333,3,0.6666666666666666
quadruplet,"[0,2,6,8]",30030,510510,51,2,11 13,11,17592722915328,18,3,"(8,9)",0.05555555555555555,18,0.3333333333333333
quadruplet,"[0,2,6,8]",30030,510510,51,2,11 13,11,17592722915840,3,5,"(4,9)",0.3333333333333333,3,0.3333333333333333
quadruplet,"[0,2,6,8]",30030,510510,51,2,11 13,11,17592739692544,4,5,"(6,6)",0.25,4,0.5
quadruplet,"[0,2,6,8]",30030,510510,51,2,11 13,12,1024,12,2,"(9,12)",0.08333333333333333,12,0.8333333333333334
quadruplet,"[0,2,6,8]",30030,510510,51,2,11 13,12,33554432,10,2,"(7,7)",0.1,10,0.4
quadruplet,"[0,2,6,8]",30030,510510,51,2,11 13,12,33555456,18,3,"(9,2)",0.05555555555555555,18,0.6666666666666666
quadruplet,"[0,2,6,8]",30030,510510,51,2,11 13,12,1073741824,10,2,"(8,8)",0.1,10,0.0
quadruplet,"[0,2,6,8]",30030,510510,51,2,11 13,12,1073742848,8,3,"(9,9)",0.125,8,0.5
quadruplet,"[0,2,6,8]",30030,510510,51,2,11 13,12,1107296256,16,4,"(9,7)",0.0625,16,0.5
quadruplet,"[0,2,6,8]",30030,510510,51,2,11 13,12,1107297280,4,5,"(9,8)",0.25,4,0.5
quadruplet,"[0,2,6,8]",30030,510510,51,2,11 13,12,35184372088832,12,2,"(8,2)",0.08333333333333333,12,0.8333333333333334
quadruplet,"[0,2,6,8]",30030,510510,51,2,11 13,12,35184372089856,15,4,"(5,9)",0.06666666666666667,15,0.8
quadruplet,"[0,2,6,8]",30030,510510,51,2,11 13,12,35184405643264,8,3,"(6,2)",0.125,8,0.625
quadruplet,"[0,2,6,8]",30030,510510,51,2,11 13,12,35184405644288,3,5,"(5,2)",0.3333333333333333,3,0.6666666666666666
quadruplet,"[0,2,6,8]",30030,510510,51,2,11 13,12,35185445830656,18,3,"(8,9)",0.05555555555555555,18,0.3333333333333333
quadruplet,"[0,2,6,8]",30030,510510,51,2,11 13,12,35185445831680,3,5,"(4,9)",0.3333333333333333,3,0.3333333333333333
quadruplet,"[0,2,6,8]",30030,510510,51,2,11 13,12,35185479385088,4,5,"(6,6)",0.25,4,0.5
quadruplet,"[0,2,6,8]",30030,510510,51,2,11 13,13,2048,12,2,"(9,12)",0.08333333333333333,12,0.8333333333333334
quadruplet,"[0,2,6,8]",30030,510510,51,2,11 13,13,67108864,10,2,"(7,7)",0.1,10,0.4
quadruplet,"[0,2,6,8]",30030,510510,51,2,11 13,13,67110912,18,3,"(9,2)",0.05555555555555555,18,0.6666666666666666
quadruplet,"[0,2,6,8]",30030,510510,51,2,11 13,13,2147483648,10,2,"(8,8)",0.1,10,0.0
quadruplet,"[0,2,6,8]",30030,510510,51,2,11 13,13,2147485696,8,3,"(9,9)",0.125,8,0.5
quadruplet,"[0,2,6,8]",30030,510510,51,2,11 13,13,2214592512,16,4,"(9,7)",0.0625,16,0.5
quadruplet,"[0,2,6,8]",30030,510510,51,2,11 13,13,2214594560,4,5,"(9,8)",0.25,4,0.5
quadruplet,"[0,2,6,8]",30030,510510,51,2,11 13,13,70368744177664,12,2,"(8,2)",0.08333333333333333,12,0.8333333333333334
quadruplet,"[0,2,6,8]",30030,510510,51,2,11 13,13,70368744179712,15,4,"(5,9)",0.06666666666666667,15,0.8
quadruplet,"[0,2,6,8]",30030,510510,51,2,11 13,13,70368811286528,8,3,"(6,2)",0.125,8,0.625
quadruplet,"[0,2,6,8]",30030,510510,51,2,11 13,13,70368811288576,3,5,"(5,2)",0.3333333333333333,3,0.6666666666666666
quadruplet,"[0,2,6,8]",30030,510510,51,2,11 13,13,70370891661312,18,3,"(8,9)",0.05555555555555555,18,0.3333333333333333
quadruplet,"[0,2,6,8]",30030,510510,51,2,11 13,13,70370891663360,3,5,"(4,9)",0.3333333333333333,3,0.3333333333333333
quadruplet,"[0,2,6,8]",30030,510510,51,2,11 13,13,70370958770176,4,5,"(6,6)",0.25,4,0.5
quadruplet,"[0,2,6,8]",30030,510510,51,2,11 13,14,4096,12,2,"(9,12)",0.08333333333333333,12,0.8333333333333334
quadruplet,"[0,2,6,8]",30030,510510,51,2,11 13,14,134217728,10,2,"(7,7)",0.1,10,0.4
quadruplet,"[0,2,6,8]",30030,510510,51,2,11 13,14,134221824,18,3,"(9,2)",0.05555555555555555,18,0.6666666666666666
quadruplet,"[0,2,6,8]",30030,510510,51,2,11 13,14,4294967296,10,2,"(8,8)",0.1,10,0.0
quadruplet,"[0,2,6,8]",30030,510510,51,2,11 13,14,4294971392,8,3,"(9,9)",0.125,8,0.5
quadruplet,"[0,2,6,8]",30030,510510,51,2,11 13,14,4429185024,16,4,"(9,7)",0.0625,16,0.5
quadruplet,"[0,2,6,8]",30030,510510,51,2,11 13,14,4429189120,4,5,"(9,8)",0.25,4,0.5
quadruplet,"[0,2,6,8]",30030,510510,51,2,11 13,14,140737488355328,12,2,"(8,2)",0.08333333333333333,12,0.8333333333333334
quadruplet,"[0,2,6,8]",30030,510510,51,2,11 13,14,140737488359424,15,4,"(5,9)",0.06666666666666667,15,0.8
quadruplet,"[0,2,6,8]",30030,510510,51,2,11 13,14,140737622573056,8,3,"(6,2)",0.125,8,0.625
quadruplet,"[0,2,6,8]",30030,510510,51,2,11 13,14,140737622577152,3,5,"(5,2)",0.3333333333333333,3,0.6666666666666666
quadruplet,"[0,2,6,8]",30030,510510,51,2,11 13,14,140741783322624,18,3,"(8,9)",0.05555555555555555,18,0.3333333333333333
quadruplet,"[0,2,6,8]",30030,510510,51,2,11 13,14,140741783326720,3,5,"(4,9)",0.3333333333333333,3,0.3333333333333333
quadruplet,"[0,2,6,8]",30030,510510,51,2,11 13,14,140741917540352,4,5,"(6,6)",0.25,4,0.5
quadruplet,"[0,2,6,8]",30030,510510,51,2,11 13,15,8192,12,2,"(9,12)",0.08333333333333333,12,0.8333333333333334
quadruplet,"[0,2,6,8]",30030,510510,51,2,11 13,15,268435456,10,2,"(7,7)",0.1,10,0.4
quadruplet,"[0,2,6,8]",30030,510510,51,2,11 13,15,268443648,18,3,"(9,2)",0.05555555555555555,18,0.6666666666666666
quadruplet,"[0,2,6,8]",30030,510510,51,2,11 13,15,8589934592,10,2,"(8,8)",0.1,10,0.0
quadruplet,"[0,2,6,8]",30030,510510,51,2,11 13,15,8589942784,8,3,"(9,9)",0.125,8,0.5
quadruplet,"[0,2,6,8]",30030,510510,51,2,11 13,15,8858370048,16,4,"(9,7)",0.0625,16,0.5
quadruplet,"[0,2,6,8]",30030,510510,51,2,11 13,15,8858378240,4,5,"(9,8)",0.25,4,0.5
quadruplet,"[0,2,6,8]",30030,510510,51,2,11 13,15,281474976710656,12,2,"(8,2)",0.08333333333333333,12,0.8333333333333334
quadruplet,"[0,2,6,8]",30030,510510,51,2,11 13,15,281474976718848,15,4,"(5,9)",0.06666666666666667,15,0.8
quadruplet,"[0,2,6,8]",30030,510510,51,2,11 13,15,281475245146112,8,3,"(6,2)",0.125,8,0.625
quadruplet,"[0,2,6,8]",30030,510510,51,2,11 13,15,281475245154304,3,5,"(5,2)",0.3333333333333333,3,0.6666666666666666
quadruplet,"[0,2,6,8]",30030,510510,51,2,11 13,15,281483566645248,18,3,"(8,9)",0.05555555555555555,18,0.3333333333333333
quadruplet,"[0,2,6,8]",30030,510510,51,2,11 13,15,281483566653440,3,5,"(4,9)",0.3333333333333333,3,0.3333333333333333
quadruplet,"[0,2,6,8]",30030,510510,51,2,11 13,15,281483835080704,4,5,"(6,6)",0.25,4,0.5
quadruplet,"[0,2,6,8]",30030,510510,51,2,11 13,16,0,2,2,"(10,7)",0.5,2,1.0
quadruplet,"[0,2,6,8]",30030,510510,51,2,11 13,16,16384,12,4,"(9,12)",0.08333333333333333,12,0.8333333333333334
quadruplet,"[0,2,6,8]",30030,510510,51,2,11 13,16,536870912,10,3,"(7,7)",0.1,10,0.4
quadruplet,"[0,2,6,8]",30030,510510,51,2,11 13,16,536887296,18,6,"(9,2)",0.05555555555555555,18,0.6666666666666666
quadruplet,"[0,2,6,8]",30030,510510,51,2,11 13,16,17179869184,10,4,"(8,8)",0.1,10,0.0
quadruplet,"[0,2,6,8]",30030,510510,51,2,11 13,16,17179885568,8,6,"(9,9)",0.125,8,0.5
quadruplet,"[0,2,6,8]",30030,510510,51,2,11 13,16,17716740096,16,8,"(9,7)",0.0625,16,0.5
quadruplet,"[0,2,6,8]",30030,510510,51,2,11 13,16,17716756480,4,10,"(9,8)",0.25,4,0.5
quadruplet,"[0,2,6,8]",30030,510510,51,2,11 13,16,562949953421312,12,4,"(8,2)",0.08333333333333333,12,0.8333333333333334
quadruplet,"[0,2,6,8]",30030,510510,51,2,11 13,16,562949953437696,15,7,"(5,9)",0.06666666666666667,15,0.8
quadruplet,"[0,2,6,8]",30030,510510,51,2,11 13,16,562950490292224,8,6,"(6,2)",0.125,8,0.625
quadruplet,"[0,2,6,8]",30030,510510,51,2,11 13,16,562950490308608,3,9,"(5,2)",0.3333333333333333,3,0.6666666666666666
quadruplet,"[0,2,6,8]",30030,510510,51,2,11 13,16,562967133290496,18,6,"(8,9)",0.05555555555555555,18,0.3333333333333333
quadruplet,"[0,2,6,8]",30030,510510,51,2,11 13,16,562967133306880,3,5,"(4,9)",0.3333333333333333,3,0.3333333333333333
quadruplet,"[0,2,6,8]",30030,510510,51,2,11 13,16,562967670161408,4,5,"(6,6)",0.25,4,0.5
quadruplet,"[0,2,6,8]",30030,510510,51,2,11 13,17,1,8,2,"(8,2)",0.125,8,0.75
quadruplet,"[0,2,6,8]",30030,510510,51,2,11 13,17,32768,15,2,"(9,12)",0.06666666666666667,15,0.8
quadruplet,"[0,2,6,8]",30030,510510,51,2,11 13,17,32769,12,3,"(7,9)",0.08333333333333333,12,0.8333333333333334
quadruplet,"[0,2,6,8]",30030,510510,51,2,11 13,17,1073741824,6,2,"(6,2)",0.16666666666666666,6,0.8333333333333334
quadruplet,"[0,2,6,8]",30030,510510,51,2,11 13,17,1073741825,12,3,"(7,7)",0.08333333333333333,12,0.3333333333333333
quadruplet,"[0,2,6,8]",30030,510510,51,2,11 13,17,1073774592,11,3,"(9,2)",0.09090909090909091,11,1.0
quadruplet,"[0,2,6,8]",30030,510510,51,2,11 13,17,1073774593,10,4,"(7,8)",0.1,10,0.3
quadruplet,"[0,2,6,8]",30030,510510,51,2,11 13,17,34359738368,14,2,"(8,10)",0.07142857142857142,14,0.42857142857142855
quadruplet,"[0,2,6,8]",30030,510510,51,2,11 13,17,34359738369,14,4,"(8,9)",0.07142857142857142,14,0.0
quadruplet,"[0,2,6,8]",30030,510510,51,2,11 13,17,34359771136,10,3,"(9,9)",0.1,10,0.5
quadruplet,"[0,2,6,8]",30030,510510,51,2,11 13,17,34359771137,1,5,"(3,9)",1.0,1,0.0
quadruplet,"[0,2,6,8]",30030,510510,51,2,11 13,17,35433480192,16,4,"(9,7)",0.0625,16,0.625
quadruplet,"[0,2,6,8]",30030,510510,51,2,11 13,17,35433480193,4,6,"(3,7)",0.25,4,0.0
quadruplet,"[0,2,6,8]",30030,510510,51,2,11 13,17,35433512960,2,5,"(9,8)",0.5,2,1.0
quadruplet,"[0,2,6,8]",30030,510510,51,2,11 13,17,35433512961,2,7,"(3,8)",0.5,2,0.0
quadruplet,"[0,2,6,8]",30030,510510,51,2,11 13,18,2,8,2,"(8,2)",0.125,8,0.75
quadruplet,"[0,2,6,8]",30030,510510,51,2,11 13,18,65536,15,2,"(9,12)",0.06666666666666667,15,0.8
quadruplet,"[0,2,6,8]",30030,510510,51,2,11 13,18,65538,12,3,"(7,9)",0.08333333333333333,12,0.8333333333333334
quadruplet,"[0,2,6,8]",30030,510510,51,2,11 13,18,2147483648,6,2,"(6,2)",0.16666666666666666,6,0.8333333333333334
quadruplet,"[0,2,6,8]",30030,510510,51,2,11 13,18,2147483650,12,3,"(7,7)",0.08333333333333333,12,0.3333333333333333
quadruplet,"[0,2,6,8]",30030,510510,51,2,11 13,18,2147549184,11,3,"(9,2)",0.09090909090909091,11,1.0
quadruplet,"[0,2,6,8]",30030,510510,51,2,11 13,18,2147549186,10,4,"(7,8)",0.1,10,0.3
quadruplet,"[0,2,6,8]",30030,510510,51,2,11 13,18,68719476736,14,2,"(8,10)",0.07142857142857142,14,0.42857142857142855
quadruplet,"[0,2,6,8]",30030,510510,51,2,11 13,18,68719476738,14,4,"(8,9)",0.07142857142857142,14,0.0
quadruplet,"[0,2,6,8]",30030,510510,51,2,11 13,18,68719542272,10,3,"(9,9)",0.1,10,0.5
quadruplet,"[0,2,6,8]",30030,510510,51,2,11 13,18,68719542274,1,5,"(3,9)",1.0,1,0.0
quadruplet,"[0,2,6,8]",30030,510510,51,2,11 13,18,70866960384,16,4,"(9,7)",0.0625,16,0.625
quadruplet,"[0,2,6,8]",30030,510510,51,2,11 13,18,70866960386,4,6,"(3,7)",0.25,4,0.0
quadruplet,"[0,2,6,8]",30030,510510,51,2,11 13,18,70867025920,2,5,"(9,8)",0.5,2,1.0
quadruplet,"[0,2,6,8]",30030,510510,51,2,11 13,18,70867025922,2,7,"(3,8)",0.5,2,0.0
quadruplet,"[0,2,6,8]",30030,510510,51,2,11 13,19,4,8,2,"(8,2)",0.125,8,0.75
quadruplet,"[0,2,6,8]",30030,510510,51,2,11 13,19,131072,15,2,"(9,12)",0.06666666666666667,15,0.8
quadruplet,"[0,2,6,8]",30030,510510,51,2,11 13,19,131076,12,3,"(7,9)",0.08333333333333333,12,0.8333333333333334
quadruplet,"[0,2,6,8]",30030,510510,51,2,11 13,19,4294967296,6,2,"(6,2)",0.16666666666666666,6,0.8333333333333334
quadruplet,"[0,2,6,8]",30030,510510,51,2,11 13,19,4294967300,12,3,"(7,7)",0.08333333333333333,12,0.3333333333333333
quadruplet,"[0,2,6,8]",30030,510510,51,2,11 13,19,4295098368,11,3,"(9,2)",0.09090909090909091,11,1.0
quadruplet,"[0,2,6,8]",30030,510510,51,2,11 13,19,4295098372,10,4,"(7,8)",0.1,10,0.3
quadruplet,"[0,2,6,8]",30030,510510,51,2,11 13,19,137438953472,14,2,"(8,10)",0.07142857142857142,14,0.42857142857142855
quadruplet,"[0,2,6,8]",30030,510510,51,2,11 13,19,137438953476,14,4,"(8,9)",0.07142857142857142,14,0.0
quadruplet,"[0,2,6,8]",30030,510510,51,2,11 13,19,137439084544,10,3,"(9,9)",0.1,10,0.5
quadruplet,"[0,2,6,8]",30030,510510,51,2,11 13,19,137439084548,1,5,"(3,9)",1.0,1,0.0
quadruplet,"[0,2,6,8]",30030,510510,51,2,11 13,19,141733920768,16,4,"(9,7)",0.0625,16,0.625
quadruplet,"[0,2,6,8]",30030,510510,51,2,11 13,19,141733920772,4,6,"(3,7)",0.25,4,0.0
quadruplet,"[0,2,6,8]",30030,510510,51,2,11 13,19,141734051840,2,5,"(9,8)",0.5,2,1.0
quadruplet,"[0,2,6,8]",30030,510510,51,2,11 13,19,141734051844,2,7,"(3,8)",0.5,2,0.0
quadruplet,"[0,2,6,8]",30030,510510,51,2,11 13,20,8,8,2,"(8,2)",0.125,8,0.75
quadruplet,"[0,2,6,8]",30030,510510,51,2,11 13,20,262144,15,2,"(9,12)",0.06666666666666667,15,0.8
quadruplet,"[0,2,6,8]",30030,510510,51,2,11 13,20,262152,12,3,"(7,9)",0.08333333333333333,12,0.8333333333333334
quadruplet,"[0,2,6,8]",30030,510510,51,2,11 13,20,8589934592,6,2,"(6,2)",0.16666666666666666,6,0.8333333333333334
quadruplet,"[0,2,6,8]",30030,510510,51,2,11 13,20,8589934600,12,3,"(7,7)",0.08333333333333333,12,0.3333333333333333
quadruplet,"[0,2,6,8]",30030,510510,51,2,11 13,20,8590196736,11,3,"(9,2)",0.09090909090909091,11,1.0
quadruplet,"[0,2,6,8]",30030,510510,51,2,11 13,20,8590196744,10,4,"(7,8)",0.1,10,0.3
quadruplet,"[0,2,6,8]",30030,510510,51,2,11 13,20,274877906944,14,2,"(8,10)",0.07142857142857142,14,0.42857142857142855
quadruplet,"[0,2,6,8]",30030,510510,51,2,11 13,20,274877906952,14,4,"(8,9)",0.07142857142857142,14,0.0
quadruplet,"[0,2,6,8]",30030,510510,51,2,11 13,20,274878169088,10,3,"(9,9)",0.1,10,0.5
quadruplet,"[0,2,6,8]",30030,510510,51,2,11 13,20,274878169096,1,5,"(3,9)",1.0,1,0.0
quadruplet,"[0,2,6,8]",30030,510510,51,2,11 13,20,283467841536,16,4,"(9,7)",0.0625,16,0.625
quadruplet,"[0,2,6,8]",30030,510510,51,2,11 13,20,283467841544,4,6,"(3,7)",0.25,4,0.0
quadruplet,"[0,2,6,8]",30030,510510,51,2,11 13,20,283468103680,2,5,"(9,8)",0.5,2,1.0
quadruplet,"[0,2,6,8]",30030,510510,51,2,11 13,20,283468103688,2,7,"(3,8)",0.5,2,0.0
quadruplet,"[0,2,6,8]",30030,510510,51,2,11 13,21,0,6,2,"(8,11)",0.16666666666666666,6,1.0
quadruplet,"[0,2,6,8]",30030,510510,51,2,11 13,21,16,8,4,"(8,2)",0.125,8,0.75
quadruplet,"[0,2,6,8]",30030,510510,51,2,11 13,21,524288,15,4,"(9,12)",0.06666666666666667,15,0.8
quadruplet,"[0,2,6,8]",30030,510510,51,2,11 13,21,524304,12,6,"(7,9)",0.08333333333333333,12,0.8333333333333334
quadruplet,"[0,2,6,8]",30030,510510,51,2,11 13,21,17179869184,6,4,"(6,2)",0.16666666666666666,6,0.8333333333333334
quadruplet,"[0,2,6,8]",30030,510510,51,2,11 13,21,17179869200,12,6,"(7,7)",0.08333333333333333,12,0.3333333333333333
quadruplet,"[0,2,6,8]",30030,510510,51,2,11 13,21,17180393472,11,6,"(9,2)",0.09090909090909091,11,1.0
quadruplet,"[0,2,6,8]",30030,510510,51,2,11 13,21,17180393488,10,8,"(7,8)",0.1,10,0.3
quadruplet,"[0,2,6,8]",30030,510510,51,2,11 13,21,549755813888,14,4,"(8,10)",0.07142857142857142,14,0.42857142857142855
quadruplet,"[0,2,6,8]",30030,510510,51,2,11 13,21,549755813904,14,8,"(8,9)",0.07142857142857142,14,0.0
quadruplet,"[0,2,6,8]",30030,510510,51,2,11 13,21,549756338176,10,6,"(9,9)",0.1,10,0.5
quadruplet,"[0,2,6,8]",30030,510510,51,2,11 13,21,549756338192,1,5,"(3,9)",1.0,1,0.0
quadruplet,"[0,2,6,8]",30030,510510,51,2,11 13,21,566935683072,16,7,"(9,7)",0.0625,16,0.625
quadruplet,"[0,2,6,8]",30030,510510,51,2,11 13,21,566935683088,4,6,"(3,7)",0.25,4,0.0
quadruplet,"[0,2,6,8]",30030,510510,51,2,11 13,21,566936207360,2,5,"(9,8)",0.5,2,1.0
quadruplet,"[0,2,6,8]",30030,510510,51,2,11 13,21,566936207376,2,7,"(3,8)",0.5,2,0.0
quadruplet,"[0,2,6,8]",30030,510510,51,2,11 13,22,1,2,2,"(8,1)",0.5,2,1.0
quadruplet,"[0,2,6,8]",30030,510510,51,2,11 13,22,32,2,2,"(8,12)",0.5,2,1.0
quadruplet,"[0,2,6,8]",30030,510510,51,2,11 13,22,33,6,4,"(8,2)",0.16666666666666666,6,0.6666666666666666
quadruplet,"[0,2,6,8]",30030,510510,51,2,11 13,22,1048576,8,2,"(9,12)",0.125,8,0.875
quadruplet,"[0,2,6,8]",30030,510510,51,2,11 13,22,1048577,7,3,"(5,10)",0.14285714285714285,7,0.7142857142857143
quadruplet,"[0,2,6,8]",30030,510510,51,2,11 13,22,1048608,10,3,"(7,9)",0.1,10,0.8
quadruplet,"[0,2,6,8]",30030,510510,51,2,11 13,22,1048609,2,5,"(10,5)",0.5,2,1.0
quadruplet,"[0,2,6,8]",30030,510510,51,2,11 13,22,34359738368,2,2,"(6,11)",0.5,2,1.0
quadruplet,"[0,2,6,8]",30030,510510,51,2,11 13,22,34359738369,4,4,"(6,2)",0.25,4,0.75
quadruplet,"[0,2,6,8]",30030,510510,51,2,11 13,22,34359738400,8,3,"(7,7)",0.125,8,0.5
quadruplet,"[0,2,6,8]",30030,510510,51,2,11 13,22,34359738401,4,6,"(5,7)",0.25,4,0.0
quadruplet,"[0,2,6,8]",30030,510510,51,2,11 13,22,34360786944,10,3,"(9,2)",0.1,10,1.0
quadruplet,"[0,2,6,8]",30030,510510,51,2,11 13,22,34360786945,1,5,"(5,1)",1.0,1,1.0
quadruplet,"[0,2,6,8]",30030,510510,51,2,11 13,22,34360786976,8,4,"(7,8)",0.125,8,0.375
quadruplet,"[0,2,6,8]",30030,510510,51,2,11 13,22,34360786977,2,7,"(5,5)",0.5,2,0.0
quadruplet,"[0,2,6,8]",30030,510510,51,2,11 13,22,1099511627776,2,2,"(6,9)",0.5,2,0.5
quadruplet,"[0,2,6,8]",30030,510510,51,2,11 13,22,1099511627777,12,4,"(8,10)",0.08333333333333333,12,0.4166666666666667
quadruplet,"[0,2,6,8]",30030,510510,51,2,11 13,22,1099511627808,4,4,"(8,9)",0.25,4,0.0
quadruplet,"[0,2,6,8]",30030,510510,51,2,11 13,22,1099511627809,10,7,"(8,7)",0.1,10,0.0
quadruplet,"[0,2,6,8]",30030,510510,51,2,11 13,22,1099512676352,7,3,"(9,9)",0.14285714285714285,7,0.5714285714285714
quadruplet,"[0,2,6,8]",30030,510510,51,2,11 13,22,1099512676353,3,5,"(4,5)",0.3333333333333333,3,0.3333333333333333
quadruplet,"[0,2,6,8]",30030,510510,51,2,11 13,22,1099512676384,1,5,"(3,9)",1.0,1,0.0
quadruplet,"[0,2,6,8]",30030,510510,51,2,11 13,22,1133871366144,6,4,"(9,7)",0.16666666666666666,6,0.8333333333333334
quadruplet,"[0,2,6,8]",30030,510510,51,2,11 13,22,1133871366145,10,7,"(6,7)",0.1,10,0.5
quadruplet,"[0,2,6,8]",30030,510510,51,2,11 13,22,1133871366176,4,6,"(3,7)",0.25,4,0.0
quadruplet,"[0,2,6,8]",30030,510510,51,2,11 13,22,1133872414720,2,5,"(9,8)",0.5,2,1.0
quadruplet,"[0,2,6,8]",30030,510510,51,2,11 13,22,1133872414752,2,7,"(3,8)",0.5,2,0.0
quadruplet,"[0,2,6,8]",30030,510510,51,2,11 13,23,2,2,2,"(8,1)",0.5,2,1.0
quadruplet,"[0,2,6,8]",30030,510510,51,2,11 13,23,64,2,2,"(8,12)",0.5,2,1.0
quadruplet,"[0,2,6,8]",30030,510510,51,2,11 13,23,66,6,4,"(8,2)",0.16666666666666666,6,0.6666666666666666
quadruplet,"[0,2,6,8]",30030,510510,51,2,11 13,23,2097152,8,2,"(9,12)",0.125,8,0.875
quadruplet,"[0,2,6,8]",30030,510510,51,2,11 13,23,2097154,7,3,"(5,10)",0.14285714285714285,7,0.7142857142857143
quadruplet,"[0,2,6,8]",30030,510510,51,2,11 13,23,2097216,10,3,"(7,9)",0.1,10,0.8
quadruplet,"[0,2,6,8]",30030,510510,51,2,11 13,23,2097218,2,5,"(10,5)",0.5,2,1.0
quadruplet,"[0,2,6,8]",30030,510510,51,2,11 13,23,68719476736,2,2,"(6,11)",0.5,2,1.0
quadruplet,"[0,2,6,8]",30030,510510,51,2,11 13,23,68719476738,4,4,"(6,2)",0.25,4,0.75
quadruplet,"[0,2,6,8]",30030,510510,51,2,11 13,23,68719476800,8,3,"(7,7)",0.125,8,0.5
quadruplet,"[0,2,6,8]",30030,510510,51,2,11 13,23,68719476802,4,6,"(5,7)",0.25,4,0.0
quadruplet,"[0,2,6,8]",30030,510510,51,2,11 13,23,68721573888,10,3,"(9,2)",0.1,10,1.0
quadruplet,"[0,2,6,8]",30030,510510,51,2,11 13,23,68721573890,1,5,"(5,1)",1.0,1,1.0
quadruplet,"[0,2,6,8]",30030,510510,51,2,11 13,23,68721573952,8,4,"(7,8)",0.125,8,0.375
quadruplet,"[0,2,6,8]",30030,510510,51,2,11 13,23,68721573954,2,7,"(5,5)",0.5,2,0.0
quadruplet,"[0,2,6,8]",30030,510510,51,2,11 13,23,2199023255552,2,2,"(6,9)",0.5,2,0.5
quadruplet,"[0,2,6,8]",30030,510510,51,2,11 13,23,2199023255554,12,4,"(8,10)",0.08333333333333333,12,0.4166666666666667
quadruplet,"[0,2,6,8]",30030,510510,51,2,11 13,23,2199023255616,4,4,"(8,9)",0.25,4,0.0
quadruplet,"[0,2,6,8]",30030,510510,51,2,11 13,23,2199023255618,10,7,"(8,7)",0.1,10,0.0
quadruplet,"[0,2,6,8]",30030,510510,51,2,11 13,23,2199025352704,7,3,"(9,9)",0.14285714285714285,7,0.5714285714285714
quadruplet,"[0,2,6,8]",30030,510510,51,2,11 13,23,2199025352706,3,5,"(4,5)",0.3333333333333333,3,0.3333333333333333
quadruplet,"[0,2,6,8]",30030,510510,51,2,11 13,23,2199025352768,1,5,"(3,9)",1.0,1,0.0
quadruplet,"[0,2,6,8]",30030,510510,51,2,11 13,23,2267742732288,6,4,"(9,7)",0.16666666666666666,6,0.8333333333333334
quadruplet,"[0,2,6,8]",30030,510510,51,2,11 13,23,2267742732290,10,7,"(6,7)",0.1,10,0.5
quadruplet,"[0,2,6,8]",30030,510510,51,2,11 13,23,2267742732352,4,6,"(3,7)",0.25,4,0.0
quadruplet,"[0,2,6,8]",30030,510510,51,2,11 13,23,2267744829440,2,5,"(9,8)",0.5,2,1.0
quadruplet,"[0,2,6,8]",30030,510510,51,2,11 13,23,2267744829504,2,7,"(3,8)",0.5,2,0.0
quadruplet,"[0,2,6,8]",30030,510510,51,2,11 13,24,4,2,2,"(8,1)",0.5,2,1.0
quadruplet,"[0,2,6,8]",30030,510510,51,2,11 13,24,128,2,2,"(8,12)",0.5,2,1.0
quadruplet,"[0,2,6,8]",30030,510510,51,2,11 13,24,132,6,4,"(8,2)",0.16666666666666666,6,0.6666666666666666
quadruplet,"[0,2,6,8]",30030,510510,51,2,11 13,24,4194304,8,2,"(9,12)",0.125,8,0.875
quadruplet,"[0,2,6,8]",30030,510510,51,2,11 13,24,4194308,7,3,"(5,10)",0.14285714285714285,7,0.7142857142857143
quadruplet,"[0,2,6,8]",30030,510510,51,2,11 13,24,4194432,10,3,"(7,9)",0.1,10,0.8
quadruplet,"[0,2,6,8]",30030,510510,51,2,11 13,24,4194436,2,5,"(10,5)",0.5,2,1.0
quadruplet,"[0,2,6,8]",30030,510510,51,2,11 13,24,137438953472,2,2,"(6,11)",0.5,2,1.0
quadruplet,"[0,2,6,8]",30030,510510,51,2,11 13,24,137438953476,4,4,"(6,2)",0.25,4,0.75
quadruplet,"[0,2,6,8]",30030,510510,51,2,11 13,24,137438953600,8,3,"(7,7)",0.125,8,0.5
quadruplet,"[0,2,6,8]",30030,510510,51,2,11 13,24,137438953604,4,6,"(5,7)",0.25,4,0.0
quadruplet,"[0,2,6,8]",30030,510510,51,2,11 13,24,137443147776,10,3,"(9,2)",0.1,10,1.0
quadruplet,"[0,2,6,8]",30030,510510,51,2,11 13,24,137443147780,1,5,"(5,1)",1.0,1,1.0
quadruplet,"[0,2,6,8]",30030,510510,51,2,11 13,24,137443147904,8,4,"(7,8)",0.125,8,0.375
quadruplet,"[0,2,6,8]",30030,510510,51,2,11 13,24,137443147908,2,7,"(5,5)",0.5,2,0.0
quadruplet,"[0,2,6,8]",30030,510510,51,2,11 13,24,4398046511104,2,2,"(6,9)",0.5,2,0.5
quadruplet,"[0,2,6,8]",30030,510510,51,2,11 13,24,4398046511108,12,4,"(8,10)",0.08333333333333333,12,0.4166666666666667
quadruplet,"[0,2,6,8]",30030,510510,51,2,11 13,24,4398046511232,4,4,"(8,9)",0.25,4,0.0
quadruplet,"[0,2,6,8]",30030,510510,51,2,11 13,24,4398046511236,10,7,"(8,7)",0.1,10,0.0
quadruplet,"[0,2,6,8]",30030,510510,51,2,11 13,24,4398050705408,7,3,"(9,9)",0.14285714285714285,7,0.5714285714285714
quadruplet,"[0,2,6,8]",30030,510510,51,2,11 13,24,4398050705412,3,5,"(4,5)",0.3333333333333333,3,0.3333333333333333
quadruplet,"[0,2,6,8]",30030,510510,51,2,11 13,24,4398050705536,1,5,"(3,9)",1.0,1,0.0
quadruplet,"[0,2,6,8]",30030,510510,51,2,11 13,24,4535485464576,6,4,"(9,7)",0.16666666666666666,6,0.8333333333333334
quadruplet,"[0,2,6,8]",30030,510510,51,2,11 13,24,4535485464580,10,7,"(6,7)",0.1,10,0.5
quadruplet,"[0,2,6,8]",30030,510510,51,2,11 13,24,4535485464704,4,6,"(3,7)",0.25,4,0.0
quadruplet,"[0,2,6,8]",30030,510510,51,2,11 13,24,4535489658880,2,5,"(9,8)",0.5,2,1.0
quadruplet,"[0,2,6,8]",30030,510510,51,2,11 13,24,4535489659008,2,7,"(3,8)",0.5,2,0.0
quadruplet,"[0,2,6,8]",30030,510510,51,2,11 13,25,8,2,2,"(8,1)",0.5,2,1.0
quadruplet,"[0,2,6,8]",30030,510510,51,2,11 13,25,256,2,2,"(8,12)",0.5,2,1.0
quadruplet,"[0,2,6,8]",30030,510510,51,2,11 13,25,264,6,4,"(8,2)",0.16666666666666666,6,0.6666666666666666
quadruplet,"[0,2,6,8]",30030,510510,51,2,11 13,25,8388608,8,2,"(9,12)",0.125,8,0.875
quadruplet,"[0,2,6,8]",30030,510510,51,2,11 13,25,8388616,7,3,"(5,10)",0.14285714285714285,7,0.7142857142857143
quadruplet,"[0,2,6,8]",30030,510510,51,2,11 13,25,8388864,10,3,"(7,9)",0.1,10,0.8
quadruplet,"[0,2,6,8]",30030,510510,51,2,11 13,25,8388872,2,5,"(10,5)",0.5,2,1.0
quadruplet,"[0,2,6,8]",30030,510510,51,2,11 13,25,274877906944,2,2,"(6,11)",0.5,2,1.0
quadruplet,"[0,2,6,8]",30030,510510,51,2,11 13,25,274877906952,4,4,"(6,2)",0.25,4,0.75
quadruplet,"[0,2,6,8]",30030,510510,51,2,11 13,25,274877907200,8,3,"(7,7)",0.125,8,0.5
quadruplet,"[0,2,6,8]",30030,510510,51,2,11 13,25,274877907208,4,6,"(5,7)",0.25,4,0.0
quadruplet,"[0,2,6,8]",30030,510510,51,2,11 13,25,274886295552,10,3,"(9,2)",0.1,10,1.0
quadruplet,"[0,2,6,8]",30030,510510,51,2,11 13,25,274886295560,1,5,"(5,1)",1.0,1,1.0
quadruplet,"[0,2,6,8]",30030,510510,51,2,11 13,25,274886295808,8,4,"(7,8)",0.125,8,0.375
quadruplet,"[0,2,6,8]",30030,510510,51,2,11 13,25,274886295816,2,7,"(5,5)",0.5,2,0.0
quadruplet,"[0,2,6,8]",30030,510510,51,2,11 13,25,8796093022208,2,2,"(6,9)",0.5,2,0.5
quadruplet,"[0,2,6,8]",30030,510510,51,2,11 13,25,8796093022216,12,4,"(8,10)",0.08333333333333333,12,0.4166666666666667
quadruplet,"[0,2,6,8]",30030,510510,51,2,11 13,25,8796093022464,4,4,"(8,9)",0.25,4,0.0
quadruplet,"[0,2,6,8]",30030,510510,51,2,11 13,25,8796093022472,10,7,"(8,7)",0.1,10,0.0
quadruplet,"[0,2,6,8]",30030,510510,51,2,11 13,25,8796101410816,7,3,"(9,9)",0.14285714285714285,7,0.5714285714285714
quadruplet,"[0,2,6,8]",30030,510510,51,2,11 13,25,8796101410824,3,5,"(4,5)",0.3333333333333333,3,0.3333333333333333
quadruplet,"[0,2,6,8]",30030,510510,51,2,11 13,25,8796101411072,1,5,"(3,9)",1.0,1,0.0
quadruplet,"[0,2,6,8]",30030,510510,51,2,11 13,25,9070970929152,6,4,"(9,7)",0.16666666666666666,6,0.8333333333333334
quadruplet,"[0,2,6,8]",30030,510510,51,2,11 13,25,9070970929160,10,7,"(6,7)",0.1,10,0.5
quadruplet,"[0,2,6,8]",30030,510510,51,2,11 13,25,9070970929408,4,6,"(3,7)",0.25,4,0.0
quadruplet,"[0,2,6,8]",30030,510510,51,2,11 13,25,9070979317760,2,5,"(9,8)",0.5,2,1.0
quadruplet,"[0,2,6,8]",30030,510510,51,2,11 13,25,9070979318016,2,7,"(3,8)",0.5,2,0.0
quadruplet,"[0,2,6,8]",30030,510510,51,2,11 13,26,16,2,2,"(8,1)",0.5,2,1.0
quadruplet,"[0,2,6,8]",30030,510510,51,2,11 13,26,512,2,2,"(8,12)",0.5,2,1.0
quadruplet,"[0,2,6,8]",30030,510510,51,2,11 13,26,528,6,4,"(8,2)",0.16666666666666666,6,0.6666666666666666
quadruplet,"[0,2,6,8]",30030,510510,51,2,11 13,26,16777216,8,2,"(9,12)",0.125,8,0.875
quadruplet,"[0,2,6,8]",30030,510510,51,2,11 13,26,16777232,7,3,"(5,10)",0.14285714285714285,7,0.7142857142857143
quadruplet,"[0,2,6,8]",30030,510510,51,2,11 13,26,16777728,10,3,"(7,9)",0.1,10,0.8
quadruplet,"[0,2,6,8]",30030,510510,51,2,11 13,26,16777744,2,5,"(10,5)",0.5,2,1.0
quadruplet,"[0,2,6,8]",30030,510510,51,2,11 13,26,549755813888,2,2,"(6,11)",0.5,2,1.0
quadruplet,"[0,2,6,8]",30030,510510,51,2,11 13,26,549755813904,4,4,"(6,2)",0.25,4,0.75
quadruplet,"[0,2,6,8]",30030,510510,51,2,11 13,26,549755814400,8,3,"(7,7)",0.125,8,0.5
quadruplet,"[0,2,6,8]",30030,510510,51,2,11 13,26,549755814416,4,6,"(5,7)",0.25,4,0.0
quadruplet,"[0,2,6,8]",30030,510510,51,2,11 13,26,549772591104,10,3,"(9,2)",0.1,10,1.0
quadruplet,"[0,2,6,8]",30030,510510,51,2,11 13,26,549772591120,1,5,"(5,1)",1.0,1,1.0
quadruplet,"[0,2,6,8]",30030,510510,51,2,11 13,26,549772591616,8,4,"(7,8)",0.125,8,0.375
quadruplet,"[0,2,6,8]",30030,510510,51,2,11 13,26,549772591632,2,7,"(5,5)",0.5,2,0.0
quadruplet,"[0,2,6,8]",30030,510510,51,2,11 13,26,17592186044416,2,2,"(6,9)",0.5,2,0.5
quadruplet,"[0,2,6,8]",30030,510510,51,2,11 13,26,17592186044432,12,4,"(8,10)",0.08333333333333333,12,0.4166666666666667
quadruplet,"[0,2,6,8]",30030,510510,51,2,11 13,26,17592186044928,4,4,"(8,9)",0.25,4,0.0
quadruplet,"[0,2,6,8]",30030,510510,51,2,11 13,26,17592186044944,10,7,"(8,7)",0.1,10,0.0
quadruplet,"[0,2,6,8]",30030,510510,51,2,11 13,26,17592202821632,7,3,"(9,9)",0.14285714285714285,7,0.5714285714285714
quadruplet,"[0,2,6,8]",30030,510510,51,2,11 13,26,17592202821648,3,5,"(4,5)",0.3333333333333333,3,0.3333333333333333
quadruplet,"[0,2,6,8]",30030,510510,51,2,11 13,26,17592202822144,1,5,"(3,9)",1.0,1,0.0
quadruplet,"[0,2,6,8]",30030,510510,51,2,11 13,26,18141941858304,6,4,"(9,7)",0.16666666666666666,6,0.8333333333333334
quadruplet,"[0,2,6,8]",30030,510510,51,2,11 13,26,18141941858320,10,7,"(6,7)",0.1,10,0.5
quadruplet,"[0,2,6,8]",30030,510510,51,2,11 13,26,18141941858816,4,6,"(3,7)",0.25,4,0.0
quadruplet,"[0,2,6,8]",30030,510510,51,2,11 13,26,18141958635520,2,5,"(9,8)",0.5,2,1.0
quadruplet,"[0,2,6,8]",30030,510510,51,2,11 13,26,18141958636032,2,7,"(3,8)",0.5,2,0.0
quadruplet,"[0,2,6,8]",30030,510510,51,2,11 13,27,32,2,2,"(8,1)",0.5,2,1.0
quadruplet,"[0,2,6,8]",30030,510510,51,2,11 13,27,1024,2,2,"(8,12)",0.5,2,1.0
quadruplet,"[0,2,6,8]",30030,510510,51,2,11 13,27,1056,6,4,"(8,2)",0.16666666666666666,6,0.6666666666666666
quadruplet,"[0,2,6,8]",30030,510510,51,2,11 13,27,33554432,8,2,"(9,12)",0.125,8,0.875
quadruplet,"[0,2,6,8]",30030,510510,51,2,11 13,27,33554464,7,3,"(5,10)",0.14285714285714285,7,0.7142857142857143
quadruplet,"[0,2,6,8]",30030,510510,51,2,11 13,27,33555456,10,3,"(7,9)",0.1,10,0.8
quadruplet,"[0,2,6,8]",30030,510510,51,2,11 13,27,33555488,2,5,"(10,5)",0.5,2,1.0
quadruplet,"[0,2,6,8]",30030,510510,51,2,11 13,27,1099511627776,2,2,"(6,11)",0.5,2,1.0
quadruplet,"[0,2,6,8]",30030,510510,51,2,11 13,27,1099511627808,4,4,"(6,2)",0.25,4,0.75
quadruplet,"[0,2,6,8]",30030,510510,51,2,11 13,27,1099511628800,8,3,"(7,7)",0.125,8,0.5
quadruplet,"[0,2,6,8]",30030,510510,51,2,11 13,27,1099511628832,4,6,"(5,7)",0.25,4,0.0
quadruplet,"[0,2,6,8]",30030,510510,51,2,11 13,27,1099545182208,10,3,"(9,2)",0.1,10,1.0
quadruplet,"[0,2,6,8]",30030,510510,51,2,11 13,27,1099545182240,1,5,"(5,1)",1.0,1,1.0
quadruplet,"[0,2,6,8]",30030,510510,51,2,11 13,27,1099545183232,8,4,"(7,8)",0.125,8,0.375
quadruplet,"[0,2,6,8]",30030,510510,51,2,11 13,27,1099545183264,2,7,"(5,5)",0.5,2,0.0
quadruplet,"[0,2,6,8]",30030,510510,51,2,11 13,27,35184372088832,2,2,"(6,9)",0.5,2,0.5
quadruplet,"[0,2,6,8]",30030,510510,51,2,11 13,27,35184372088864,12,4,"(8,10)",0.08333333333333333,12,0.4166666666666667
quadruplet,"[0,2,6,8]",30030,510510,51,2,11 13,27,35184372089856,4,4,"(8,9)",0.25,4,0.0
quadruplet,"[0,2,6,8]",30030,510510,51,2,11 13,27,35184372089888,10,7,"(8,7)",0.1,10,0.0
quadruplet,"[0,2,6,8]",30030,510510,51,2,11 13,27,35184405643264,7,3,"(9,9)",0.14285714285714285,7,0.5714285714285714
quadruplet,"[0,2,6,8]",30030,510510,51,2,11 13,27,35184405643296,3,5,"(4,5)",0.3333333333333333,3,0.3333333333333333
quadruplet,"[0,2,6,8]",30030,510510,51,2,11 13,27,35184405644288,1,5,"(3,9)",1.0,1,0.0
quadruplet,"[0,2,6,8]",30030,510510,51,2,11 13,27,36283883716608,6,4,"(9,7)",0.16666666666666666,6,0.8333333333333334
quadruplet,"[0,2,6,8]",30030,510510,51,2,11 13,27,36283883716640,10,7,"(6,7)",0.1,10,0.5
quadruplet,"[0,2,6,8]",30030,510510,51,2,11 13,27,36283883717632,4,6,"(3,7)",0.25,4,0.0
quadruplet,"[0,2,6,8]",30030,510510,51,2,11 13,27,36283917271040,2,5,"(9,8)",0.5,2,1.0
quadruplet,"[0,2,6,8]",30030,510510,51,2,11 13,27,36283917272064,2,7,"(3,8)",0.5,2,0.0
quadruplet,"[0,2,6,8]",30030,510510,51,2,11 13,28,64,2,2,"(8,1)",0.5,2,1.0
quadruplet,"[0,2,6,8]",30030,510510,51,2,11 13,28,2048,2,2,"(8,12)",0.5,2,1.0
quadruplet,"[0,2,6,8]",30030,510510,51,2,11 13,28,2112,6,4,"(8,2)",0.16666666666666666,6,0.6666666666666666
quadruplet,"[0,2,6,8]",30030,510510,51,2,11 13,28,67108864,8,2,"(9,12)",0.125,8,0.875
quadruplet,"[0,2,6,8]",30030,510510,51,2,11 13,28,67108928,7,3,"(5,10)",0.14285714285714285,7,0.7142857142857143
quadruplet,"[0,2,6,8]",30030,510510,51,2,11 13,28,67110912,10,3,"(7,9)",0.1,10,0.8
quadruplet,"[0,2,6,8]",30030,510510,51,2,11 13,28,67110976,2,5,"(10,5)",0.5,2,1.0
quadruplet,"[0,2,6,8]",30030,510510,51,2,11 13,28,2199023255552,2,2,"(6,11)",0.5,2,1.0
quadruplet,"[0,2,6,8]",30030,510510,51,2,11 13,28,2199023255616,4,4,"(6,2)",0.25,4,0.75
quadruplet,"[0,2,6,8]",30030,510510,51,2,11 13,28,2199023257600,8,3,"(7,7)",0.125,8,0.5
quadruplet,"[0,2,6,8]",30030,510510,51,2,11 13,28,2199023257664,4,6,"(5,7)",0.25,4,0.0
quadruplet,"[0,2,6,8]",30030,510510,51,2,11 13,28,2199090364416,10,3,"(9,2)",0.1,10,1.0
quadruplet,"[0,2,6,8]",30030,510510,51,2,11 13,28,2199090364480,1,5,"(5,1)",1.0,1,1.0
quadruplet,"[0,2,6,8]",30030,510510,51,2,11 13,28,2199090366464,8,4,"(7,8)",0.125,8,0.375
quadruplet,"[0,2,6,8]",30030,510510,51,2,11 13,28,2199090366528,2,7,"(5,5)",0.5,2,0.0
quadruplet,"[0,2,6,8]",30030,510510,51,2,11 13,28,70368744177664,2,2,"(6,9)",0.5,2,0.5
quadruplet,"[0,2,6,8]",30030,510510,51,2,11 13,28,70368744177728,12,4,"(8,10)",0.08333333333333333,12,0.4166666666666667
quadruplet,"[0,2,6,8]",30030,510510,51,2,11 13,28,70368744179712,4,4,"(8,9)",0.25,4,0.0
quadruplet,"[0,2,6,8]",30030,510510,51,2,11 13,28,70368744179776,10,7,"(8,7)",0.1,10,0.0
quadruplet,"[0,2,6,8]",30030,510510,51,2,11 13,28,70368811286528,7,3,"(9,9)",0.14285714285714285,7,0.5714285714285714
quadruplet,"[0,2,6,8]",30030,510510,51,2,11 13,28,70368811286592,3,5,"(4,5)",0.3333333333333333,3,0.3333333333333333
quadruplet,"[0,2,6,8]",30030,510510,51,2,11 13,28,70368811288576,1,5,"(3,9)",1.0,1,0.0
quadruplet,"[0,2,6,8]",30030,510510,51,2,11 13,28,72567767433216,6,4,"(9,7)",0.16666666666666666,6,0.8333333333333334
quadruplet,"[0,2,6,8]",30030,510510,51,2,11 13,28,72567767433280,10,7,"(6,7)",0.1,10,0.5
quadruplet,"[0,2,6,8]",30030,510510,51,2,11 13,28,72567767435264,4,6,"(3,7)",0.25,4,0.0
quadruplet,"[0,2,6,8]",30030,510510,51,2,11 13,28,72567834542080,2,5,"(9,8)",0.5,2,1.0
quadruplet,"[0,2,6,8]",30030,510510,51,2,11 13,28,72567834544128,2,7,"(3,8)",0.5,2,0.0
quadruplet,"[0,2,6,8]",30030,510510,51,2,11 13,29,128,2,2,"(8,1)",0.5,2,1.0
quadruplet,"[0,2,6,8]",30030,510510,51,2,11 13,29,4096,2,2,"(8,12)",0.5,2,1.0
quadruplet,"[0,2,6,8]",30030,510510,51,2,11 13,29,4224,6,4,"(8,2)",0.16666666666666666,6,0.6666666666666666
quadruplet,"[0,2,6,8]",30030,510510,51,2,11 13,29,134217728,8,2,"(9,12)",0.125,8,0.875
quadruplet,"[0,2,6,8]",30030,510510,51,2,11 13,29,134217856,7,3,"(5,10)",0.14285714285714285,7,0.7142857142857143
quadruplet,"[0,2,6,8]",30030,510510,51,2,11 13,29,134221824,10,3,"(7,9)",0.1,10,0.8
quadruplet,"[0,2,6,8]",30030,510510,51,2,11 13,29,134221952,2,5,"(10,5)",0.5,2,1.0
quadruplet,"[0,2,6,8]",30030,510510,51,2,11 13,29,4398046511104,2,2,"(6,11)",0.5,2,1.0
quadruplet,"[0,2,6,8]",30030,510510,51,2,11 13,29,4398046511232,4,4,"(6,2)",0.25,4,0.75
quadruplet,"[0,2,6,8]",30030,510510,51,2,11 13,29,4398046515200,8,3,"(7,7)",0.125,8,0.5
quadruplet,"[0,2,6,8]",30030,510510,51,2,11 13,29,4398046515328,4,6,"(5,7)",0.25,4,0.0
quadruplet,"[0,2,6,8]",30030,510510,51,2,11 13,29,4398180728832,10,3,"(9,2)",0.1,10,1.0
quadruplet,"[0,2,6,8]",30030,510510,51,2,11 13,29,4398180728960,1,5,"(5,1)",1.0,1,1.0
quadruplet,"[0,2,6,8]",30030,510510,51,2,11 13,29,4398180732928,8,4,"(7,8)",0.125,8,0.375
quadruplet,"[0,2,6,8]",30030,510510,51,2,11 13,29,4398180733056,2,7,"(5,5)",0.5,2,0.0
quadruplet,"[0,2,6,8]",30030,510510,51,2,11 13,29,140737488355328,2,2,"(6,9)",0.5,2,0.5
quadruplet,"[0,2,6,8]",30030,510510,51,2,11 13,29,140737488355456,12,4,"(8,10)",0.08333333333333333,12,0.4166666666666667
quadruplet,"[0,2,6,8]",30030,510510,51,2,11 13,29,140737488359424,4,4,"(8,9)",0.25,4,0.0
quadruplet,"[0,2,6,8]",30030,510510,51,2,11 13,29,140737488359552,10,7,"(8,7)",0.1,10,0.0
quadruplet,"[0,2,6,8]",30030,510510,51,2,11 13,29,140737622573056,7,3,"(9,9)",0.14285714285714285,7,0.5714285714285714
quadruplet,"[0,2,6,8]",30030,510510,51,2,11 13,29,140737622573184,3,5,"(4,5)",0.3333333333333333,3,0.3333333333333333
quadruplet,"[0,2,6,8]",30030,510510,51,2,11 13,29,140737622577152,1,5,"(3,9)",1.0,1,0.0
quadruplet,"[0,2,6,8]",30030,510510,51,2,11 13,29,145135534866432,6,4,"(9,7)",0.16666666666666666,6,0.8333333333333334
quadruplet,"[0,2,6,8]",30030,510510,51,2,11 13,29,145135534866560,10,7,"(6,7)",0.1,10,0.5
quadruplet,"[0,2,6,8]",30030,510510,51,2,11 13,29,145135534870528,4,6,"(3,7)",0.25,4,0.0
quadruplet,"[0,2,6,8]",30030,510510,51,2,11 13,29,145135669084160,2,5,"(9,8)",0.5,2,1.0
quadruplet,"[0,2,6,8]",30030,510510,51,2,11 13,29,145135669088256,2,7,"(3,8)",0.5,2,0.0
quadruplet,"[0,2,6,8]",30030,510510,51,2,11 13,30,256,2,2,"(8,1)",0.5,2,1.0
quadruplet,"[0,2,6,8]",30030,510510,51,2,11 13,30,8192,2,2,"(8,12)",0.5,2,1.0
quadruplet,"[0,2,6,8]",30030,510510,51,2,11 13,30,8448,6,4,"(8,2)",0.16666666666666666,6,0.6666666666666666
quadruplet,"[0,2,6,8]",30030,510510,51,2,11 13,30,268435456,8,2,"(9,12)",0.125,8,0.875
quadruplet,"[0,2,6,8]",30030,510510,51,2,11 13,30,268435712,7,3,"(5,10)",0.14285714285714285,7,0.7142857142857143
quadruplet,"[0,2,6,8]",30030,510510,51,2,11 13,30,268443648,10,3,"(7,9)",0.1,10,0.8
quadruplet,"[0,2,6,8]",30030,510510,51,2,11 13,30,268443904,2,5,"(10,5)",0.5,2,1.0
quadruplet,"[0,2,6,8]",30030,510510,51,2,11 13,30,8796093022208,2,2,"(6,11)",0.5,2,1.0
quadruplet,"[0,2,6,8]",30030,510510,51,2,11 13,30,8796093022464,4,4,"(6,2)",0.25,4,0.75
quadruplet,"[0,2,6,8]",30030,510510,51,2,11 13,30,8796093030400,8,3,"(7,7)",0.125,8,0.5
quadruplet,"[0,2,6,8]",30030,510510,51,2,11 13,30,8796093030656,4,6,"(5,7)",0.25,4,0.0
quadruplet,"[0,2,6,8]",30030,510510,51,2,11 13,30,8796361457664,10,3,"(9,2)",0.1,10,1.0
quadruplet,"[0,2,6,8]",30030,510510,51,2,11 13,30,8796361457920,1,5,"(5,1)",1.0,1,1.0
quadruplet,"[0,2,6,8]",30030,510510,51,2,11 13,30,8796361465856,8,4,"(7,8)",0.125,8,0.375
quadruplet,"[0,2,6,8]",30030,510510,51,2,11 13,30,8796361466112,2,7,"(5,5)",0.5,2,0.0
quadruplet,"[0,2,6,8]",30030,510510,51,2,11 13,30,281474976710656,2,2,"(6,9)",0.5,2,0.5
quadruplet,"[0,2,6,8]",30030,510510,51,2,11 13,30,281474976710912,12,4,"(8,10)",0.08333333333333333,12,0.4166666666666667
quadruplet,"[0,2,6,8]",30030,510510,51,2,11 13,30,281474976718848,4,4,"(8,9)",0.25,4,0.0
quadruplet,"[0,2,6,8]",30030,510510,51,2,11 13,30,281474976719104,10,7,"(8,7)",0.1,10,0.0
quadruplet,"[0,2,6,8]",30030,510510,51,2,11 13,30,281475245146112,7,3,"(9,9)",0.14285714285714285,7,0.5714285714285714
quadruplet,"[0,2,6,8]",30030,510510,51,2,11 13,30,281475245146368,3,5,"(4,5)",0.3333333333333333,3,0.3333333333333333
quadruplet,"[0,2,6,8]",30030,510510,51,2,11 13,30,281475245154304,1,5,"(3,9)",1.0,1,0.0
quadruplet,"[0,2,6,8]",30030,510510,51,2,11 13,30,290271069732864,6,4,"(9,7)",0.16666666666666666,6,0.8333333333333334
quadruplet,"[0,2,6,8]",30030,510510,51,2,11 13,30,290271069733120,10,7,"(6,7)",0.1,10,0.5
quadruplet,"[0,2,6,8]",30030,510510,51,2,11 13,30,290271069741056,4,6,"(3,7)",0.25,4,0.0
quadruplet,"[0,2,6,8]",30030,510510,51,2,11 13,30,290271338168320,2,5,"(9,8)",0.5,2,1.0
quadruplet,"[0,2,6,8]",30030,510510,51,2,11 13,30,290271338176512,2,7,"(3,8)",0.5,2,0.0
quadruplet,"[0,2,6,8]",30030,510510,51,2,11 13,31,512,2,2,"(8,1)",0.5,2,1.0
quadruplet,"[0,2,6,8]",30030,510510,51,2,11 13,31,16384,2,2,"(8,12)",0.5,2,1.0
quadruplet,"[0,2,6,8]",30030,510510,51,2,11 13,31,16896,6,4,"(8,2)",0.16666666666666666,6,0.6666666666666666
quadruplet,"[0,2,6,8]",30030,510510,51,2,11 13,31,536870912,8,2,"(9,12)",0.125,8,0.875
quadruplet,"[0,2,6,8]",30030,510510,51,2,11 13,31,536871424,7,3,"(5,10)",0.14285714285714285,7,0.7142857142857143
quadruplet,"[0,2,6,8]",30030,510510,51,2,11 13,31,536887296,10,3,"(7,9)",0.1,10,0.8
quadruplet,"[0,2,6,8]",30030,510510,51,2,11 13,31,536887808,2,5,"(10,5)",0.5,2,1.0
quadruplet,"[0,2,6,8]",30030,510510,51,2,11 13,31,17592186044416,2,2,"(6,11)",0.5,2,1.0
quadruplet,"[0,2,6,8]",30030,510510,51,2,11 13,31,17592186044928,4,4,"(6,2)",0.25,4,0.75
quadruplet,"[0,2,6,8]",30030,510510,51,2,11 13,31,17592186060800,8,3,"(7,7)",0.125,8,0.5
quadruplet,"[0,2,6,8]",30030,510510,51,2,11 13,31,17592186061312,4,6,"(5,7)",0.25,4,0.0
quadruplet,"[0,2,6,8]",30030,510510,51,2,11 13,31,17592722915328,10,3,"(9,2)",0.1,10,1.0
quadruplet,"[0,2,6,8]",30030,510510,51,2,11 13,31,17592722915840,1,5,"(5,1)",1.0,1,1.0
quadruplet,"[0,2,6,8]",30030,510510,51,2,11 13,31,17592722931712,8,4,"(7,8)",0.125,8,0.375
quadruplet,"[0,2,6,8]",30030,510510,51,2,11 13,31,17592722932224,2,7,"(5,5)",0.5,2,0.0
quadruplet,"[0,2,6,8]",30030,510510,51,2,11 13,31,562949953421312,2,2,"(6,9)",0.5,2,0.5
quadruplet,"[0,2,6,8]",30030,510510,51,2,11 13,31,562949953421824,12,4,"(8,10)",0.08333333333333333,12,0.4166666666666667
quadruplet,"[0,2,6,8]",30030,510510,51,2,11 13,31,562949953437696,4,4,"(8,9)",0.25,4,0.0
quadruplet,"[0,2,6,8]",30030,510510,51,2,11 13,31,562949953438208,10,7,"(8,7)",0.1,10,0.0
quadruplet,"[0,2,6,8]",30030,510510,51,2,11 13,31,562950490292224,7,3,"(9,9)",0.14285714285714285,7,0.5714285714285714
quadruplet,"[0,2,6,8]",30030,510510,51,2,11 13,31,562950490292736,3,5,"(4,5)",0.3333333333333333,3,0.3333333333333333
quadruplet,"[0,2,6,8]",30030,510510,51,2,11 13,31,562950490308608,1,5,"(3,9)",1.0,1,0.0
quadruplet,"[0,2,6,8]",30030,510510,51,2,11 13,31,580542139465728,6,4,"(9,7)",0.16666666666666666,6,0.8333333333333334
quadruplet,"[0,2,6,8]",30030,510510,51,2,11 13,31,580542139466240,10,7,"(6,7)",0.1,10,0.5
quadruplet,"[0,2,6,8]",30030,510510,51,2,11 13,31,580542139482112,4,6,"(3,7)",0.25,4,0.0
quadruplet,"[0,2,6,8]",30030,510510,51,2,11 13,31,580542676336640,2,5,"(9,8)",0.5,2,1.0
quadruplet,"[0,2,6,8]",30030,510510,51,2,11 13,31,580542676353024,2,7,"(3,8)",0.5,2,0.0
quadruplet,"[0,2,6,8]",30030,510510,51,2,11 13,32,1024,14,2,"(8,10)",0.07142857142857142,14,0.5
quadruplet,"[0,2,6,8]",30030,510510,51,2,11 13,32,32768,6,2,"(8,9)",0.16666666666666666,6,0.3333333333333333
quadruplet,"[0,2,6,8]",30030,510510,51,2,11 13,32,33792,16,4,"(8,7)",0.0625,16,0.25
quadruplet,"[0,2,6,8]",30030,510510,51,2,11 13,32,1073741824,15,2,"(9,9)",0.06666666666666667,15,0.7333333333333333
quadruplet,"[0,2,6,8]",30030,510510,51,2,11 13,32,1073742848,10,3,"(5,10)",0.1,10,0.6
quadruplet,"[0,2,6,8]",30030,510510,51,2,11 13,32,1073774592,11,3,"(7,9)",0.09090909090909091,11,0.7272727272727273
quadruplet,"[0,2,6,8]",30030,510510,51,2,11 13,32,1073775616,2,5,"(10,5)",0.5,2,1.0
quadruplet,"[0,2,6,8]",30030,510510,51,2,11 13,32,35184372088832,8,2,"(9,7)",0.125,8,0.875
quadruplet,"[0,2,6,8]",30030,510510,51,2,11 13,32,35184372089856,14,4,"(6,7)",0.07142857142857142,14,0.5714285714285714
quadruplet,"[0,2,6,8]",30030,510510,51,2,11 13,32,35184372121600,12,3,"(7,7)",0.08333333333333333,12,0.3333333333333333
quadruplet,"[0,2,6,8]",30030,510510,51,2,11 13,32,35184372122624,4,6,"(5,7)",0.25,4,0.0
quadruplet,"[0,2,6,8]",30030,510510,51,2,11 13,32,35185445830656,12,3,"(9,8)",0.08333333333333333,12,1.0
quadruplet,"[0,2,6,8]",30030,510510,51,2,11 13,32,35185445831680,1,5,"(5,1)",1.0,1,1.0
quadruplet,"[0,2,6,8]",30030,510510,51,2,11 13,32,35185445863424,10,4,"(7,8)",0.1,10,0.3
quadruplet,"[0,2,6,8]",30030,510510,51,2,11 13,32,35185445864448,2,7,"(5,5)",0.5,2,0.0
quadruplet,"[0,2,6,8]",30030,510510,51,2,11 13,33,2048,14,2,"(8,10)",0.07142857142857142,14,0.5
quadruplet,"[0,2,6,8]",30030,510510,51,2,11 13,33,65536,6,2,"(8,9)",0.16666666666666666,6,0.3333333333333333
quadruplet,"[0,2,6,8]",30030,510510,51,2,11 13,33,67584,16,4,"(8,7)",0.0625,16,0.25
quadruplet,"[0,2,6,8]",30030,510510,51,2,11 13,33,2147483648,15,2,"(9,9)",0.06666666666666667,15,0.7333333333333333
quadruplet,"[0,2,6,8]",30030,510510,51,2,11 13,33,2147485696,10,3,"(5,10)",0.1,10,0.6
quadruplet,"[0,2,6,8]",30030,510510,51,2,11 13,33,2147549184,11,3,"(7,9)",0.09090909090909091,11,0.7272727272727273
quadruplet,"[0,2,6,8]",30030,510510,51,2,11 13,33,2147551232,2,5,"(10,5)",0.5,2,1.0
quadruplet,"[0,2,6,8]",30030,510510,51,2,11 13,33,70368744177664,8,2,"(9,7)",0.125,8,0.875
quadruplet,"[0,2,6,8]",30030,510510,51,2,11 13,33,70368744179712,14,4,"(6,7)",0.07142857142857142,14,0.5714285714285714
quadruplet,"[0,2,6,8]",30030,510510,51,2,11 13,33,70368744243200,12,3,"(7,7)",0.08333333333333333,12,0.3333333333333333
quadruplet,"[0,2,6,8]",30030,510510,51,2,11 13,33,70368744245248,4,6,"(5,7)",0.25,4,0.0
quadruplet,"[0,2,6,8]",30030,510510,51,2,11 13,33,70370891661312,12,3,"(9,8)",0.08333333333333333,12,1.0
quadruplet,"[0,2,6,8]",30030,510510,51,2,11 13,33,70370891663360,1,5,"(5,1)",1.0,1,1.0
quadruplet,"[0,2,6,8]",30030,510510,51,2,11 13,33,70370891726848,10,4,"(7,8)",0.1,10,0.3
quadruplet,"[0,2,6,8]",30030,510510,51,2,11 13,33,70370891728896,2,7,"(5,5)",0.5,2,0.0
quadruplet,"[0,2,6,8]",30030,510510,51,2,11 13,34,4096,14,2,"(8,10)",0.07142857142857142,14,0.5
quadruplet,"[0,2,6,8]",30030,510510,51,2,11 13,34,131072,6,2,"(8,9)",0.16666666666666666,6,0.3333333333333333
quadruplet,"[0,2,6,8]",30030,510510,51,2,11 13,34,135168,16,4,"(8,7)",0.0625,16,0.25
quadruplet,"[0,2,6,8]",30030,510510,51,2,11 13,34,4294967296,15,2,"(9,9)",0.06666666666666667,15,0.7333333333333333
quadruplet,"[0,2,6,8]",30030,510510,51,2,11 13,34,4294971392,10,3,"(5,10)",0.1,10,0.6
quadruplet,"[0,2,6,8]",30030,510510,51,2,11 13,34,4295098368,11,3,"(7,9)",0.09090909090909091,11,0.7272727272727273
quadruplet,"[0,2,6,8]",30030,510510,51,2,11 13,34,4295102464,2,5,"(10,5)",0.5,2,1.0
quadruplet,"[0,2,6,8]",30030,510510,51,2,11 13,34,140737488355328,8,2,"(9,7)",0.125,8,0.875
quadruplet,"[0,2,6,8]",30030,510510,51,2,11 13,34,140737488359424,14,4,"(6,7)",0.07142857142857142,14,0.5714285714285714
quadruplet,"[0,2,6,8]",30030,510510,51,2,11 13,34,140737488486400,12,3,"(7,7)",0.08333333333333333,12,0.3333333333333333
quadruplet,"[0,2,6,8]",30030,510510,51,2,11 13,34,140737488490496,4,6,"(5,7)",0.25,4,0.0
quadruplet,"[0,2,6,8]",30030,510510,51,2,11 13,34,140741783322624,12,3,"(9,8)",0.08333333333333333,12,1.0
quadruplet,"[0,2,6,8]",30030,510510,51,2,11 13,34,140741783326720,1,5,"(5,1)",1.0,1,1.0
quadruplet,"[0,2,6,8]",30030,510510,51,2,11 13,34,140741783453696,10,4,"(7,8)",0.1,10,0.3
quadruplet,"[0,2,6,8]",30030,510510,51,2,11 13,34,140741783457792,2,7,"(5,5)",0.5,2,0.0
