tuplet_name,offsets,parent_W,child_W,new_prime,visible_H_first,pre_threshold_H,parent_class_b,parent_class_spin,parent_class_frequency,parent_class_mass_fraction,child_future_classes_produced,extra_child_classes_produced,visible_after_additional_horizon_step
double_twins_p13,"[0,2,26,28]",510510,9699690,19,51,50,0,00000000000000000000000000000000000000000000001000,12,0.0001410354351530822,2,1,1
double_twins_p13,"[0,2,26,28]",510510,9699690,19,51,50,0,00000000000000000000000000000000000000000100000000,17,0.0001998001998001998,2,1,1
double_twins_p13,"[0,2,26,28]",510510,9699690,19,51,50,0,00000000000000000000000000000000000000000100001000,4,4.701181171769407e-05,3,2,1
double_twins_p13,"[0,2,26,28]",510510,9699690,19,51,50,0,00000000000000000000000000000000000010000000000000,50,0.0005876476464711759,2,1,1
double_twins_p13,"[0,2,26,28]",510510,9699690,19,51,50,0,00000000000000000000000000000000000010000000001000,23,0.00027031791737674093,3,2,1
double_twins_p13,"[0,2,26,28]",510510,9699690,19,51,50,0,00000000000000000000000000000000000010000100000000,15,0.00017629429394135277,3,2,1
double_twins_p13,"[0,2,26,28]",510510,9699690,19,51,50,0,00000000000000001000000000000000000000000000000000,47,0.0005523887876829053,2,1,1
double_twins_p13,"[0,2,26,28]",510510,9699690,19,51,50,0,00000000000000001000000000000000000000000000001000,39,0.0004583651642475172,4,3,1
double_twins_p13,"[0,2,26,28]",510510,9699690,19,51,50,0,00000000000000001000000000000000000000000100000000,37,0.00043485925838867017,4,3,1
double_twins_p13,"[0,2,26,28]",510510,9699690,19,51,50,0,00000000000000001000000000000000000000000100001000,4,4.701181171769407e-05,6,5,1
double_twins_p13,"[0,2,26,28]",510510,9699690,19,51,50,0,00000000000000001000000000000000000010000000000000,16,0.0001880472468707763,3,2,1
double_twins_p13,"[0,2,26,28]",510510,9699690,19,51,50,0,00000000000000001000000000000000000010000000001000,18,0.0002115531527296233,5,4,1
double_twins_p13,"[0,2,26,28]",510510,9699690,19,51,50,0,00000000000000001000000000000000000010000100000000,9,0.00010577657636481166,5,4,1
double_twins_p13,"[0,2,26,28]",510510,9699690,19,51,50,0,00000000000100000000000000000000000000000000000000,46,0.0005406358347534819,2,1,1
double_twins_p13,"[0,2,26,28]",510510,9699690,19,51,50,0,00000000000100000000000000000000000000000000001000,29,0.000340835634953282,3,2,1
double_twins_p13,"[0,2,26,28]",510510,9699690,19,51,50,0,00000000000100000000000000000000000000000100000000,63,0.0007404360345536817,4,3,1
double_twins_p13,"[0,2,26,28]",510510,9699690,19,51,50,0,00000000000100000000000000000000000000000100001000,6,7.05177175765411e-05,5,4,1
double_twins_p13,"[0,2,26,28]",510510,9699690,19,51,50,0,00000000000100000000000000000000000010000000000000,52,0.0006111535523300229,4,3,1
double_twins_p13,"[0,2,26,28]",510510,9699690,19,51,50,0,00000000000100000000000000000000000010000000001000,44,0.0005171299288946348,5,4,1
double_twins_p13,"[0,2,26,28]",510510,9699690,19,51,50,0,00000000000100000000000000000000000010000100000000,26,0.00030557677616501144,6,5,1
double_twins_p13,"[0,2,26,28]",510510,9699690,19,51,50,0,00000000000100001000000000000000000000000000000000,20,0.00023505905858847037,3,2,1
double_twins_p13,"[0,2,26,28]",510510,9699690,19,51,50,0,00000000000100001000000000000000000000000000001000,13,0.00015278838808250572,5,4,1
double_twins_p13,"[0,2,26,28]",510510,9699690,19,51,50,0,00000000000100001000000000000000000000000100000000,44,0.0005171299288946348,6,5,1
double_twins_p13,"[0,2,26,28]",510510,9699690,19,51,50,0,00000000000100001000000000000000000000000100001000,8,9.402362343538814e-05,8,7,1
double_twins_p13,"[0,2,26,28]",510510,9699690,19,51,50,0,00000000000100001000000000000000000010000000000000,9,0.00010577657636481166,5,4,1
double_twins_p13,"[0,2,26,28]",510510,9699690,19,51,50,0,00000000000100001000000000000000000010000100000000,2,2.3505905858847036e-05,8,7,1
double_twins_p13,"[0,2,26,28]",510510,9699690,19,51,50,0,00000010000000000000000000000000000000000000000000,24,0.0002820708703061644,2,1,1
double_twins_p13,"[0,2,26,28]",510510,9699690,19,51,50,0,00000010000000000000000000000000000000000000001000,20,0.00023505905858847037,4,3,1
double_twins_p13,"[0,2,26,28]",510510,9699690,19,51,50,0,00000010000000000000000000000000000000000100000000,14,0.00016454134101192923,3,2,1
double_twins_p13,"[0,2,26,28]",510510,9699690,19,51,50,0,00000010000000000000000000000000000000000100001000,8,9.402362343538814e-05,5,4,1
double_twins_p13,"[0,2,26,28]",510510,9699690,19,51,50,0,00000010000000000000000000000000000010000000000000,82,0.0009637421402127284,4,3,1
double_twins_p13,"[0,2,26,28]",510510,9699690,19,51,50,0,00000010000000000000000000000000000010000000001000,87,0.001022506904859846,6,5,1
double_twins_p13,"[0,2,26,28]",510510,9699690,19,51,50,0,00000010000000000000000000000000000010000100000000,31,0.00036434154081212903,5,4,1
double_twins_p13,"[0,2,26,28]",510510,9699690,19,51,50,0,00000010000000001000000000000000000000000000000000,30,0.00035258858788270555,3,2,1
double_twins_p13,"[0,2,26,28]",510510,9699690,19,51,50,0,00000010000000001000000000000000000000000000001000,70,0.0008227067050596463,6,5,1
double_twins_p13,"[0,2,26,28]",510510,9699690,19,51,50,0,00000010000000001000000000000000000000000100000000,32,0.0003760944937415526,5,4,1
double_twins_p13,"[0,2,26,28]",510510,9699690,19,51,50,0,00000010000000001000000000000000000000000100001000,24,0.0002820708703061644,8,7,1
double_twins_p13,"[0,2,26,28]",510510,9699690,19,51,50,0,00000010000000001000000000000000000010000000000000,25,0.00029382382323558796,5,4,1
double_twins_p13,"[0,2,26,28]",510510,9699690,19,51,50,0,00000010000000001000000000000000000010000000001000,68,0.0007992007992007992,8,7,1
double_twins_p13,"[0,2,26,28]",510510,9699690,19,51,50,0,00000010000100000000000000000000000000000000000000,24,0.0002820708703061644,3,2,1
double_twins_p13,"[0,2,26,28]",510510,9699690,19,51,50,0,00000010000100000000000000000000000000000000001000,44,0.0005171299288946348,5,4,1
double_twins_p13,"[0,2,26,28]",510510,9699690,19,51,50,0,00000010000100000000000000000000000000000100000000,31,0.00036434154081212903,5,4,1
double_twins_p13,"[0,2,26,28]",510510,9699690,19,51,50,0,00000010000100000000000000000000000010000000000000,28,0.00032908268202385847,6,5,1
double_twins_p13,"[0,2,26,28]",510510,9699690,19,51,50,0,00000010000100000000000000000000000010000000001000,84,0.0009872480460715754,8,7,1
double_twins_p13,"[0,2,26,28]",510510,9699690,19,51,50,0,00000010000100000000000000000000000010000100000000,32,0.0003760944937415526,8,7,1
double_twins_p13,"[0,2,26,28]",510510,9699690,19,51,50,0,01000000000000000000000000000000000000000000000000,17,0.0001998001998001998,2,1,1
double_twins_p13,"[0,2,26,28]",510510,9699690,19,51,50,0,01000000000000000000000000000000000000000000001000,16,0.0001880472468707763,3,2,1
double_twins_p13,"[0,2,26,28]",510510,9699690,19,51,50,0,01000000000000000000000000000000000000000100000000,45,0.0005288828818240583,4,3,1
double_twins_p13,"[0,2,26,28]",510510,9699690,19,51,50,0,01000000000000000000000000000000000000000100001000,20,0.00023505905858847037,5,4,1
double_twins_p13,"[0,2,26,28]",510510,9699690,19,51,50,0,01000000000000000000000000000000000010000000000000,31,0.00036434154081212903,3,2,1
double_twins_p13,"[0,2,26,28]",510510,9699690,19,51,50,0,01000000000000000000000000000000000010000000001000,11,0.0001292824822236587,4,3,1
double_twins_p13,"[0,2,26,28]",510510,9699690,19,51,50,0,01000000000000000000000000000000000010000100000000,30,0.00035258858788270555,5,4,1
double_twins_p13,"[0,2,26,28]",510510,9699690,19,51,50,0,01000000000000001000000000000000000000000000000000,34,0.0003996003996003996,4,3,1
double_twins_p13,"[0,2,26,28]",510510,9699690,19,51,50,0,01000000000000001000000000000000000000000000001000,52,0.0006111535523300229,6,5,1
double_twins_p13,"[0,2,26,28]",510510,9699690,19,51,50,0,01000000000000001000000000000000000000000100000000,45,0.0005288828818240583,7,6,1
double_twins_p13,"[0,2,26,28]",510510,9699690,19,51,50,0,01000000000000001000000000000000000000000100001000,24,0.0002820708703061644,9,8,1
double_twins_p13,"[0,2,26,28]",510510,9699690,19,51,50,0,01000000000000001000000000000000000010000000000000,11,0.0001292824822236587,5,4,1
double_twins_p13,"[0,2,26,28]",510510,9699690,19,51,50,0,01000000000000001000000000000000000010000000001000,12,0.0001410354351530822,7,6,1
double_twins_p13,"[0,2,26,28]",510510,9699690,19,51,50,0,01000000000000001000000000000000000010000100000000,14,0.00016454134101192923,8,7,1
double_twins_p13,"[0,2,26,28]",510510,9699690,19,51,50,0,01000000000100000000000000000000000000000000000000,16,0.0001880472468707763,3,2,1
double_twins_p13,"[0,2,26,28]",510510,9699690,19,51,50,0,01000000000100000000000000000000000000000000001000,5,5.876476464711759e-05,4,3,1
double_twins_p13,"[0,2,26,28]",510510,9699690,19,51,50,0,01000000000100000000000000000000000000000100000000,99,0.0011635423400129282,6,5,1
double_twins_p13,"[0,2,26,28]",510510,9699690,19,51,50,0,01000000000100000000000000000000000000000100001000,25,0.00029382382323558796,7,6,1
double_twins_p13,"[0,2,26,28]",510510,9699690,19,51,50,0,01000000000100000000000000000000000010000000000000,30,0.00035258858788270555,5,4,1
double_twins_p13,"[0,2,26,28]",510510,9699690,19,51,50,0,01000000000100000000000000000000000010000100000000,74,0.0008697185167773403,8,7,1
double_twins_p13,"[0,2,26,28]",510510,9699690,19,51,50,0,01000000000100001000000000000000000000000000000000,25,0.00029382382323558796,5,4,1
double_twins_p13,"[0,2,26,28]",510510,9699690,19,51,50,0,01000000000100001000000000000000000000000000001000,18,0.0002115531527296233,7,6,1
double_twins_p13,"[0,2,26,28]",510510,9699690,19,51,50,0,01000000000100001000000000000000000000000100000000,56,0.0006581653640477169,8,7,1
double_twins_p13,"[0,2,26,28]",510510,9699690,19,51,50,0,01000000000100001000000000000000000000000100001000,24,0.0002820708703061644,10,9,1
double_twins_p13,"[0,2,26,28]",510510,9699690,19,51,50,0,01000000000100001000000000000000000010000000000000,14,0.00016454134101192923,7,6,1
double_twins_p13,"[0,2,26,28]",510510,9699690,19,51,50,0,01000000000100001000000000000000000010000100000000,10,0.00011752952929423518,10,9,1
double_twins_p13,"[0,2,26,28]",510510,9699690,19,51,50,0,01000010000000000000000000000000000000000000000000,4,4.701181171769407e-05,3,2,1
double_twins_p13,"[0,2,26,28]",510510,9699690,19,51,50,0,01000010000000000000000000000000000000000000001000,8,9.402362343538814e-05,5,4,1
double_twins_p13,"[0,2,26,28]",510510,9699690,19,51,50,0,01000010000000000000000000000000000000000100000000,20,0.00023505905858847037,5,4,1
double_twins_p13,"[0,2,26,28]",510510,9699690,19,51,50,0,01000010000000000000000000000000000000000100001000,36,0.0004231063054592466,7,6,1
double_twins_p13,"[0,2,26,28]",510510,9699690,19,51,50,0,01000010000000000000000000000000000010000000000000,9,0.00010577657636481166,5,4,1
double_twins_p13,"[0,2,26,28]",510510,9699690,19,51,50,0,01000010000000000000000000000000000010000000001000,19,0.00022330610565904683,7,6,1
double_twins_p13,"[0,2,26,28]",510510,9699690,19,51,50,0,01000010000000001000000000000000000000000000000000,4,4.701181171769407e-05,5,4,1
double_twins_p13,"[0,2,26,28]",510510,9699690,19,51,50,0,01000010000000001000000000000000000000000000001000,36,0.0004231063054592466,8,7,1
double_twins_p13,"[0,2,26,28]",510510,9699690,19,51,50,0,01000010000000001000000000000000000000000100000000,12,0.0001410354351530822,8,7,1
double_twins_p13,"[0,2,26,28]",510510,9699690,19,51,50,0,01000010000000001000000000000000000000000100001000,60,0.0007051771757654111,11,10,1
double_twins_p13,"[0,2,26,28]",510510,9699690,19,51,50,0,01000010000000001000000000000000000010000000000000,5,5.876476464711759e-05,7,6,1
double_twins_p13,"[0,2,26,28]",510510,9699690,19,51,50,0,01000010000000001000000000000000000010000000001000,30,0.00035258858788270555,10,9,1
double_twins_p13,"[0,2,26,28]",510510,9699690,19,51,50,1,00000000000000000000000000000000000000000000000000,19,0.00022330610565904683,2,1,1
double_twins_p13,"[0,2,26,28]",510510,9699690,19,51,50,1,00000000000000000000000000000000000000000000010000,12,0.0001410354351530822,4,3,1
double_twins_p13,"[0,2,26,28]",510510,9699690,19,51,50,1,00000000000000000000000000000000000000001000000000,17,0.0001998001998001998,4,3,1
double_twins_p13,"[0,2,26,28]",510510,9699690,19,51,50,1,00000000000000000000000000000000000000001000010000,4,4.701181171769407e-05,3,2,1
double_twins_p13,"[0,2,26,28]",510510,9699690,19,51,50,1,00000000000000000000000000000000000100000000000000,50,0.0005876476464711759,4,3,1
double_twins_p13,"[0,2,26,28]",510510,9699690,19,51,50,1,00000000000000000000000000000000000100000000010000,23,0.00027031791737674093,6,5,1
double_twins_p13,"[0,2,26,28]",510510,9699690,19,51,50,1,00000000000000000000000000000000000100001000000000,15,0.00017629429394135277,6,5,1
double_twins_p13,"[0,2,26,28]",510510,9699690,19,51,50,1,00000000000000010000000000000000000000000000000000,47,0.0005523887876829053,4,3,1
double_twins_p13,"[0,2,26,28]",510510,9699690,19,51,50,1,00000000000000010000000000000000000000000000010000,39,0.0004583651642475172,8,7,1
double_twins_p13,"[0,2,26,28]",510510,9699690,19,51,50,1,00000000000000010000000000000000000000001000000000,37,0.00043485925838867017,8,7,1
double_twins_p13,"[0,2,26,28]",510510,9699690,19,51,50,1,00000000000000010000000000000000000000001000010000,4,4.701181171769407e-05,6,5,1
double_twins_p13,"[0,2,26,28]",510510,9699690,19,51,50,1,00000000000000010000000000000000000100000000000000,16,0.0001880472468707763,6,5,1
double_twins_p13,"[0,2,26,28]",510510,9699690,19,51,50,1,00000000000000010000000000000000000100000000010000,18,0.0002115531527296233,10,9,1
double_twins_p13,"[0,2,26,28]",510510,9699690,19,51,50,1,00000000000000010000000000000000000100001000000000,9,0.00010577657636481166,10,9,1
double_twins_p13,"[0,2,26,28]",510510,9699690,19,51,50,1,00000000001000000000000000000000000000000000000000,46,0.0005406358347534819,4,3,1
double_twins_p13,"[0,2,26,28]",510510,9699690,19,51,50,1,00000000001000000000000000000000000000000000010000,29,0.000340835634953282,6,5,1
double_twins_p13,"[0,2,26,28]",510510,9699690,19,51,50,1,00000000001000000000000000000000000000001000000000,63,0.0007404360345536817,8,7,1
double_twins_p13,"[0,2,26,28]",510510,9699690,19,51,50,1,00000000001000000000000000000000000000001000010000,6,7.05177175765411e-05,5,4,1
double_twins_p13,"[0,2,26,28]",510510,9699690,19,51,50,1,00000000001000000000000000000000000100000000000000,52,0.0006111535523300229,8,7,1
double_twins_p13,"[0,2,26,28]",510510,9699690,19,51,50,1,00000000001000000000000000000000000100000000010000,44,0.0005171299288946348,10,9,1
double_twins_p13,"[0,2,26,28]",510510,9699690,19,51,50,1,00000000001000000000000000000000000100001000000000,26,0.00030557677616501144,11,10,1
double_twins_p13,"[0,2,26,28]",510510,9699690,19,51,50,1,00000000001000010000000000000000000000000000000000,20,0.00023505905858847037,6,5,1
double_twins_p13,"[0,2,26,28]",510510,9699690,19,51,50,1,00000000001000010000000000000000000000000000010000,13,0.00015278838808250572,5,4,1
double_twins_p13,"[0,2,26,28]",510510,9699690,19,51,50,1,00000000001000010000000000000000000000001000000000,44,0.0005171299288946348,12,11,1
double_twins_p13,"[0,2,26,28]",510510,9699690,19,51,50,1,00000000001000010000000000000000000000001000010000,8,9.402362343538814e-05,8,7,1
double_twins_p13,"[0,2,26,28]",510510,9699690,19,51,50,1,00000000001000010000000000000000000100000000000000,9,0.00010577657636481166,10,9,1
double_twins_p13,"[0,2,26,28]",510510,9699690,19,51,50,1,00000000001000010000000000000000000100001000000000,2,2.3505905858847036e-05,10,9,1
double_twins_p13,"[0,2,26,28]",510510,9699690,19,51,50,1,00000100000000000000000000000000000000000000000000,24,0.0002820708703061644,4,3,1
double_twins_p13,"[0,2,26,28]",510510,9699690,19,51,50,1,00000100000000000000000000000000000000000000010000,20,0.00023505905858847037,8,7,1
double_twins_p13,"[0,2,26,28]",510510,9699690,19,51,50,1,00000100000000000000000000000000000000001000000000,14,0.00016454134101192923,6,5,1
double_twins_p13,"[0,2,26,28]",510510,9699690,19,51,50,1,00000100000000000000000000000000000000001000010000,8,9.402362343538814e-05,5,4,1
double_twins_p13,"[0,2,26,28]",510510,9699690,19,51,50,1,00000100000000000000000000000000000100000000000000,82,0.0009637421402127284,8,7,1
double_twins_p13,"[0,2,26,28]",510510,9699690,19,51,50,1,00000100000000000000000000000000000100000000010000,87,0.001022506904859846,12,11,1
double_twins_p13,"[0,2,26,28]",510510,9699690,19,51,50,1,00000100000000000000000000000000000100001000000000,31,0.00036434154081212903,10,9,1
double_twins_p13,"[0,2,26,28]",510510,9699690,19,51,50,1,00000100000000010000000000000000000000000000000000,30,0.00035258858788270555,6,5,1
double_twins_p13,"[0,2,26,28]",510510,9699690,19,51,50,1,00000100000000010000000000000000000000000000010000,70,0.0008227067050596463,12,11,1
double_twins_p13,"[0,2,26,28]",510510,9699690,19,51,50,1,00000100000000010000000000000000000000001000000000,32,0.0003760944937415526,5,4,1
double_twins_p13,"[0,2,26,28]",510510,9699690,19,51,50,1,00000100000000010000000000000000000000001000010000,24,0.0002820708703061644,8,7,1
double_twins_p13,"[0,2,26,28]",510510,9699690,19,51,50,1,00000100000000010000000000000000000100000000000000,25,0.00029382382323558796,10,9,1
double_twins_p13,"[0,2,26,28]",510510,9699690,19,51,50,1,00000100000000010000000000000000000100000000010000,68,0.0007992007992007992,16,15,1
double_twins_p13,"[0,2,26,28]",510510,9699690,19,51,50,1,00000100001000000000000000000000000000000000000000,24,0.0002820708703061644,6,5,1
double_twins_p13,"[0,2,26,28]",510510,9699690,19,51,50,1,00000100001000000000000000000000000000000000010000,44,0.0005171299288946348,10,9,1
double_twins_p13,"[0,2,26,28]",510510,9699690,19,51,50,1,00000100001000000000000000000000000000001000000000,31,0.00036434154081212903,10,9,1
double_twins_p13,"[0,2,26,28]",510510,9699690,19,51,50,1,00000100001000000000000000000000000100000000000000,28,0.00032908268202385847,12,11,1
double_twins_p13,"[0,2,26,28]",510510,9699690,19,51,50,1,00000100001000000000000000000000000100000000010000,84,0.0009872480460715754,16,15,1
double_twins_p13,"[0,2,26,28]",510510,9699690,19,51,50,1,00000100001000000000000000000000000100001000000000,32,0.0003760944937415526,15,14,1
double_twins_p13,"[0,2,26,28]",510510,9699690,19,51,50,1,10000000000000000000000000000000000000000000000000,17,0.0001998001998001998,4,3,1
double_twins_p13,"[0,2,26,28]",510510,9699690,19,51,50,1,10000000000000000000000000000000000000000000010000,16,0.0001880472468707763,3,2,1
double_twins_p13,"[0,2,26,28]",510510,9699690,19,51,50,1,10000000000000000000000000000000000000001000000000,45,0.0005288828818240583,8,7,1
double_twins_p13,"[0,2,26,28]",510510,9699690,19,51,50,1,10000000000000000000000000000000000000001000010000,20,0.00023505905858847037,5,4,1
double_twins_p13,"[0,2,26,28]",510510,9699690,19,51,50,1,10000000000000000000000000000000000100000000000000,31,0.00036434154081212903,6,5,1
double_twins_p13,"[0,2,26,28]",510510,9699690,19,51,50,1,10000000000000000000000000000000000100000000010000,11,0.0001292824822236587,4,3,1
double_twins_p13,"[0,2,26,28]",510510,9699690,19,51,50,1,10000000000000000000000000000000000100001000000000,30,0.00035258858788270555,10,9,1
double_twins_p13,"[0,2,26,28]",510510,9699690,19,51,50,1,10000000000000010000000000000000000000000000000000,34,0.0003996003996003996,8,7,1
double_twins_p13,"[0,2,26,28]",510510,9699690,19,51,50,1,10000000000000010000000000000000000000000000010000,52,0.0006111535523300229,6,5,1
double_twins_p13,"[0,2,26,28]",510510,9699690,19,51,50,1,10000000000000010000000000000000000000001000000000,45,0.0005288828818240583,14,13,1
double_twins_p13,"[0,2,26,28]",510510,9699690,19,51,50,1,10000000000000010000000000000000000000001000010000,24,0.0002820708703061644,9,8,1
double_twins_p13,"[0,2,26,28]",510510,9699690,19,51,50,1,10000000000000010000000000000000000100000000000000,11,0.0001292824822236587,10,9,1
double_twins_p13,"[0,2,26,28]",510510,9699690,19,51,50,1,10000000000000010000000000000000000100000000010000,12,0.0001410354351530822,7,6,1
double_twins_p13,"[0,2,26,28]",510510,9699690,19,51,50,1,10000000000000010000000000000000000100001000000000,14,0.00016454134101192923,16,15,1
double_twins_p13,"[0,2,26,28]",510510,9699690,19,51,50,1,10000000001000000000000000000000000000000000000000,16,0.0001880472468707763,6,5,1
double_twins_p13,"[0,2,26,28]",510510,9699690,19,51,50,1,10000000001000000000000000000000000000000000010000,5,5.876476464711759e-05,4,3,1
double_twins_p13,"[0,2,26,28]",510510,9699690,19,51,50,1,10000000001000000000000000000000000000001000000000,99,0.0011635423400129282,12,11,1
double_twins_p13,"[0,2,26,28]",510510,9699690,19,51,50,1,10000000001000000000000000000000000000001000010000,25,0.00029382382323558796,7,6,1
double_twins_p13,"[0,2,26,28]",510510,9699690,19,51,50,1,10000000001000000000000000000000000100000000000000,30,0.00035258858788270555,10,9,1
double_twins_p13,"[0,2,26,28]",510510,9699690,19,51,50,1,10000000001000000000000000000000000100001000000000,74,0.0008697185167773403,15,14,1
double_twins_p13,"[0,2,26,28]",510510,9699690,19,51,50,1,10000000001000010000000000000000000000000000000000,25,0.00029382382323558796,10,9,1
double_twins_p13,"[0,2,26,28]",510510,9699690,19,51,50,1,10000000001000010000000000000000000000000000010000,18,0.0002115531527296233,7,6,1
double_twins_p13,"[0,2,26,28]",510510,9699690,19,51,50,1,10000000001000010000000000000000000000001000000000,56,0.0006581653640477169,16,15,1
double_twins_p13,"[0,2,26,28]",510510,9699690,19,51,50,1,10000000001000010000000000000000000000001000010000,24,0.0002820708703061644,10,9,1
double_twins_p13,"[0,2,26,28]",510510,9699690,19,51,50,1,10000000001000010000000000000000000100000000000000,14,0.00016454134101192923,14,13,1
double_twins_p13,"[0,2,26,28]",510510,9699690,19,51,50,1,10000000001000010000000000000000000100001000000000,10,0.00011752952929423518,19,18,1
double_twins_p13,"[0,2,26,28]",510510,9699690,19,51,50,1,10000100000000000000000000000000000000000000000000,4,4.701181171769407e-05,3,2,1
double_twins_p13,"[0,2,26,28]",510510,9699690,19,51,50,1,10000100000000000000000000000000000000000000010000,8,9.402362343538814e-05,5,4,1
double_twins_p13,"[0,2,26,28]",510510,9699690,19,51,50,1,10000100000000000000000000000000000000001000000000,20,0.00023505905858847037,5,4,1
double_twins_p13,"[0,2,26,28]",510510,9699690,19,51,50,1,10000100000000000000000000000000000000001000010000,36,0.0004231063054592466,7,6,1
double_twins_p13,"[0,2,26,28]",510510,9699690,19,51,50,1,10000100000000000000000000000000000100000000000000,9,0.00010577657636481166,5,4,1
double_twins_p13,"[0,2,26,28]",510510,9699690,19,51,50,1,10000100000000000000000000000000000100000000010000,19,0.00022330610565904683,7,6,1
double_twins_p13,"[0,2,26,28]",510510,9699690,19,51,50,1,10000100000000010000000000000000000000000000000000,4,4.701181171769407e-05,5,4,1
double_twins_p13,"[0,2,26,28]",510510,9699690,19,51,50,1,10000100000000010000000000000000000000000000010000,36,0.0004231063054592466,8,7,1
double_twins_p13,"[0,2,26,28]",510510,9699690,19,51,50,1,10000100000000010000000000000000000000001000000000,12,0.0001410354351530822,8,7,1
double_twins_p13,"[0,2,26,28]",510510,9699690,19,51,50,1,10000100000000010000000000000000000000001000010000,60,0.0007051771757654111,11,10,1
double_twins_p13,"[0,2,26,28]",510510,9699690,19,51,50,1,10000100000000010000000000000000000100000000000000,5,5.876476464711759e-05,7,6,1
double_twins_p13,"[0,2,26,28]",510510,9699690,19,51,50,1,10000100000000010000000000000000000100000000010000,30,0.00035258858788270555,10,9,1
double_twins_p13,"[0,2,26,28]",510510,9699690,19,51,50,2,00000000000000000000000000000000000000000000000001,17,0.0001998001998001998,2,1,1
double_twins_p13,"[0,2,26,28]",510510,9699690,19,51,50,2,00000000000000000000000000000000000000000000100000,24,0.0002820708703061644,2,1,1
double_twins_p13,"[0,2,26,28]",510510,9699690,19,51,50,2,00000000000000000000000000000000000000000000100001,4,4.701181171769407e-05,3,2,1
double_twins_p13,"[0,2,26,28]",510510,9699690,19,51,50,2,00000000000000000000000000000000000000010000000000,46,0.0005406358347534819,2,1,1
double_twins_p13,"[0,2,26,28]",510510,9699690,19,51,50,2,00000000000000000000000000000000000000010000000001,16,0.0001880472468707763,3,2,1
double_twins_p13,"[0,2,26,28]",510510,9699690,19,51,50,2,00000000000000000000000000000000000000010000100000,24,0.0002820708703061644,3,2,1
double_twins_p13,"[0,2,26,28]",510510,9699690,19,51,50,2,00000000000000000000000000000000001000000000000000,47,0.0005523887876829053,2,1,1
double_twins_p13,"[0,2,26,28]",510510,9699690,19,51,50,2,00000000000000000000000000000000001000000000000001,34,0.0003996003996003996,4,3,1
double_twins_p13,"[0,2,26,28]",510510,9699690,19,51,50,2,00000000000000000000000000000000001000000000100000,30,0.00035258858788270555,3,2,1
double_twins_p13,"[0,2,26,28]",510510,9699690,19,51,50,2,00000000000000000000000000000000001000000000100001,4,4.701181171769407e-05,5,4,1
double_twins_p13,"[0,2,26,28]",510510,9699690,19,51,50,2,00000000000000000000000000000000001000010000000000,20,0.00023505905858847037,3,2,1
double_twins_p13,"[0,2,26,28]",510510,9699690,19,51,50,2,00000000000000000000000000000000001000010000000001,25,0.00029382382323558796,5,4,1
double_twins_p13,"[0,2,26,28]",510510,9699690,19,51,50,2,00000000000000100000000000000000000000000000000000,50,0.0005876476464711759,2,1,1
double_twins_p13,"[0,2,26,28]",510510,9699690,19,51,50,2,00000000000000100000000000000000000000000000000001,31,0.00036434154081212903,3,2,1
double_twins_p13,"[0,2,26,28]",510510,9699690,19,51,50,2,00000000000000100000000000000000000000000000100000,82,0.0009637421402127284,4,3,1
double_twins_p13,"[0,2,26,28]",510510,9699690,19,51,50,2,00000000000000100000000000000000000000000000100001,9,0.00010577657636481166,5,4,1
double_twins_p13,"[0,2,26,28]",510510,9699690,19,51,50,2,00000000000000100000000000000000000000010000000000,52,0.0006111535523300229,4,3,1
double_twins_p13,"[0,2,26,28]",510510,9699690,19,51,50,2,00000000000000100000000000000000000000010000000001,30,0.00035258858788270555,5,4,1
double_twins_p13,"[0,2,26,28]",510510,9699690,19,51,50,2,00000000000000100000000000000000000000010000100000,28,0.00032908268202385847,6,5,1
double_twins_p13,"[0,2,26,28]",510510,9699690,19,51,50,2,00000000000000100000000000000000001000000000000000,16,0.0001880472468707763,3,2,1
double_twins_p13,"[0,2,26,28]",510510,9699690,19,51,50,2,00000000000000100000000000000000001000000000000001,11,0.0001292824822236587,5,4,1
double_twins_p13,"[0,2,26,28]",510510,9699690,19,51,50,2,00000000000000100000000000000000001000000000100000,25,0.00029382382323558796,5,4,1
double_twins_p13,"[0,2,26,28]",510510,9699690,19,51,50,2,00000000000000100000000000000000001000000000100001,5,5.876476464711759e-05,7,6,1
double_twins_p13,"[0,2,26,28]",510510,9699690,19,51,50,2,00000000000000100000000000000000001000010000000000,9,0.00010577657636481166,5,4,1
double_twins_p13,"[0,2,26,28]",510510,9699690,19,51,50,2,00000000000000100000000000000000001000010000000001,14,0.00016454134101192923,7,6,1
double_twins_p13,"[0,2,26,28]",510510,9699690,19,51,50,2,00000000010000000000000000000000000000000000000000,17,0.0001998001998001998,2,1,1
double_twins_p13,"[0,2,26,28]",510510,9699690,19,51,50,2,00000000010000000000000000000000000000000000000001,45,0.0005288828818240583,4,3,1
double_twins_p13,"[0,2,26,28]",510510,9699690,19,51,50,2,00000000010000000000000000000000000000000000100000,14,0.00016454134101192923,3,2,1
double_twins_p13,"[0,2,26,28]",510510,9699690,19,51,50,2,00000000010000000000000000000000000000000000100001,20,0.00023505905858847037,5,4,1
double_twins_p13,"[0,2,26,28]",510510,9699690,19,51,50,2,00000000010000000000000000000000000000010000000000,63,0.0007404360345536817,4,3,1
double_twins_p13,"[0,2,26,28]",510510,9699690,19,51,50,2,00000000010000000000000000000000000000010000000001,99,0.0011635423400129282,6,5,1
double_twins_p13,"[0,2,26,28]",510510,9699690,19,51,50,2,00000000010000000000000000000000000000010000100000,31,0.00036434154081212903,5,4,1
double_twins_p13,"[0,2,26,28]",510510,9699690,19,51,50,2,00000000010000000000000000000000001000000000000000,37,0.00043485925838867017,4,3,1
double_twins_p13,"[0,2,26,28]",510510,9699690,19,51,50,2,00000000010000000000000000000000001000000000000001,45,0.0005288828818240583,7,6,1
double_twins_p13,"[0,2,26,28]",510510,9699690,19,51,50,2,00000000010000000000000000000000001000000000100000,32,0.0003760944937415526,5,4,1
double_twins_p13,"[0,2,26,28]",510510,9699690,19,51,50,2,00000000010000000000000000000000001000000000100001,12,0.0001410354351530822,8,7,1
double_twins_p13,"[0,2,26,28]",510510,9699690,19,51,50,2,00000000010000000000000000000000001000010000000000,44,0.0005171299288946348,6,5,1
double_twins_p13,"[0,2,26,28]",510510,9699690,19,51,50,2,00000000010000000000000000000000001000010000000001,56,0.0006581653640477169,8,7,1
double_twins_p13,"[0,2,26,28]",510510,9699690,19,51,50,2,00000000010000100000000000000000000000000000000000,15,0.00017629429394135277,3,2,1
double_twins_p13,"[0,2,26,28]",510510,9699690,19,51,50,2,00000000010000100000000000000000000000000000000001,30,0.00035258858788270555,5,4,1
double_twins_p13,"[0,2,26,28]",510510,9699690,19,51,50,2,00000000010000100000000000000000000000000000100000,31,0.00036434154081212903,5,4,1
double_twins_p13,"[0,2,26,28]",510510,9699690,19,51,50,2,00000000010000100000000000000000000000010000000000,26,0.00030557677616501144,6,5,1
double_twins_p13,"[0,2,26,28]",510510,9699690,19,51,50,2,00000000010000100000000000000000000000010000000001,74,0.0008697185167773403,8,7,1
double_twins_p13,"[0,2,26,28]",510510,9699690,19,51,50,2,00000000010000100000000000000000000000010000100000,32,0.0003760944937415526,8,7,1
double_twins_p13,"[0,2,26,28]",510510,9699690,19,51,50,2,00000000010000100000000000000000001000000000000000,9,0.00010577657636481166,5,4,1
double_twins_p13,"[0,2,26,28]",510510,9699690,19,51,50,2,00000000010000100000000000000000001000000000000001,14,0.00016454134101192923,8,7,1
double_twins_p13,"[0,2,26,28]",510510,9699690,19,51,50,2,00000000010000100000000000000000001000010000000000,2,2.3505905858847036e-05,8,7,1
double_twins_p13,"[0,2,26,28]",510510,9699690,19,51,50,2,00000000010000100000000000000000001000010000000001,10,0.00011752952929423518,10,9,1
double_twins_p13,"[0,2,26,28]",510510,9699690,19,51,50,2,00001000000000000000000000000000000000000000000000,12,0.0001410354351530822,2,1,1
double_twins_p13,"[0,2,26,28]",510510,9699690,19,51,50,2,00001000000000000000000000000000000000000000000001,16,0.0001880472468707763,3,2,1
double_twins_p13,"[0,2,26,28]",510510,9699690,19,51,50,2,00001000000000000000000000000000000000000000100000,20,0.00023505905858847037,4,3,1
double_twins_p13,"[0,2,26,28]",510510,9699690,19,51,50,2,00001000000000000000000000000000000000000000100001,8,9.402362343538814e-05,5,4,1
double_twins_p13,"[0,2,26,28]",510510,9699690,19,51,50,2,00001000000000000000000000000000000000010000000000,29,0.000340835634953282,3,2,1
double_twins_p13,"[0,2,26,28]",510510,9699690,19,51,50,2,00001000000000000000000000000000000000010000000001,5,5.876476464711759e-05,4,3,1
double_twins_p13,"[0,2,26,28]",510510,9699690,19,51,50,2,00001000000000000000000000000000000000010000100000,44,0.0005171299288946348,5,4,1
double_twins_p13,"[0,2,26,28]",510510,9699690,19,51,50,2,00001000000000000000000000000000001000000000000000,39,0.0004583651642475172,4,3,1
double_twins_p13,"[0,2,26,28]",510510,9699690,19,51,50,2,00001000000000000000000000000000001000000000000001,52,0.0006111535523300229,6,5,1
double_twins_p13,"[0,2,26,28]",510510,9699690,19,51,50,2,00001000000000000000000000000000001000000000100000,70,0.0008227067050596463,6,5,1
double_twins_p13,"[0,2,26,28]",510510,9699690,19,51,50,2,00001000000000000000000000000000001000000000100001,36,0.0004231063054592466,8,7,1
double_twins_p13,"[0,2,26,28]",510510,9699690,19,51,50,2,00001000000000000000000000000000001000010000000000,13,0.00015278838808250572,5,4,1
double_twins_p13,"[0,2,26,28]",510510,9699690,19,51,50,2,00001000000000000000000000000000001000010000000001,18,0.0002115531527296233,7,6,1
double_twins_p13,"[0,2,26,28]",510510,9699690,19,51,50,2,00001000000000100000000000000000000000000000000000,23,0.00027031791737674093,3,2,1
double_twins_p13,"[0,2,26,28]",510510,9699690,19,51,50,2,00001000000000100000000000000000000000000000000001,11,0.0001292824822236587,4,3,1
double_twins_p13,"[0,2,26,28]",510510,9699690,19,51,50,2,00001000000000100000000000000000000000000000100000,87,0.001022506904859846,6,5,1
double_twins_p13,"[0,2,26,28]",510510,9699690,19,51,50,2,00001000000000100000000000000000000000000000100001,19,0.00022330610565904683,7,6,1
double_twins_p13,"[0,2,26,28]",510510,9699690,19,51,50,2,00001000000000100000000000000000000000010000000000,44,0.0005171299288946348,5,4,1
double_twins_p13,"[0,2,26,28]",510510,9699690,19,51,50,2,00001000000000100000000000000000000000010000100000,84,0.0009872480460715754,8,7,1
double_twins_p13,"[0,2,26,28]",510510,9699690,19,51,50,2,00001000000000100000000000000000001000000000000000,18,0.0002115531527296233,5,4,1
double_twins_p13,"[0,2,26,28]",510510,9699690,19,51,50,2,00001000000000100000000000000000001000000000000001,12,0.0001410354351530822,7,6,1
double_twins_p13,"[0,2,26,28]",510510,9699690,19,51,50,2,00001000000000100000000000000000001000000000100000,68,0.0007992007992007992,8,7,1
double_twins_p13,"[0,2,26,28]",510510,9699690,19,51,50,2,00001000000000100000000000000000001000000000100001,30,0.00035258858788270555,10,9,1
double_twins_p13,"[0,2,26,28]",510510,9699690,19,51,50,2,00001000010000000000000000000000000000000000000000,4,4.701181171769407e-05,3,2,1
double_twins_p13,"[0,2,26,28]",510510,9699690,19,51,50,2,00001000010000000000000000000000000000000000000001,20,0.00023505905858847037,5,4,1
double_twins_p13,"[0,2,26,28]",510510,9699690,19,51,50,2,00001000010000000000000000000000000000000000100000,8,9.402362343538814e-05,5,4,1
double_twins_p13,"[0,2,26,28]",510510,9699690,19,51,50,2,00001000010000000000000000000000000000000000100001,36,0.0004231063054592466,7,6,1
double_twins_p13,"[0,2,26,28]",510510,9699690,19,51,50,2,00001000010000000000000000000000000000010000000000,6,7.05177175765411e-05,5,4,1
double_twins_p13,"[0,2,26,28]",510510,9699690,19,51,50,2,00001000010000000000000000000000000000010000000001,25,0.00029382382323558796,7,6,1
double_twins_p13,"[0,2,26,28]",510510,9699690,19,51,50,2,00001000010000000000000000000000001000000000000000,4,4.701181171769407e-05,6,5,1
double_twins_p13,"[0,2,26,28]",510510,9699690,19,51,50,2,00001000010000000000000000000000001000000000000001,24,0.0002820708703061644,9,8,1
double_twins_p13,"[0,2,26,28]",510510,9699690,19,51,50,2,00001000010000000000000000000000001000000000100000,24,0.0002820708703061644,8,7,1
double_twins_p13,"[0,2,26,28]",510510,9699690,19,51,50,2,00001000010000000000000000000000001000000000100001,60,0.0007051771757654111,11,10,1
double_twins_p13,"[0,2,26,28]",510510,9699690,19,51,50,2,00001000010000000000000000000000001000010000000000,8,9.402362343538814e-05,8,7,1
double_twins_p13,"[0,2,26,28]",510510,9699690,19,51,50,2,00001000010000000000000000000000001000010000000001,24,0.0002820708703061644,10,9,1
double_twins_p13,"[0,2,26,28]",510510,9699690,19,51,50,3,00000000000000000000000000000000000000000000000010,17,0.0001998001998001998,2,1,1
double_twins_p13,"[0,2,26,28]",510510,9699690,19,51,50,3,00000000000000000000000000000000000000000001000000,24,0.0002820708703061644,2,1,1
double_twins_p13,"[0,2,26,28]",510510,9699690,19,51,50,3,00000000000000000000000000000000000000000001000010,4,4.701181171769407e-05,3,2,1
double_twins_p13,"[0,2,26,28]",510510,9699690,19,51,50,3,00000000000000000000000000000000000000100000000000,46,0.0005406358347534819,2,1,1
double_twins_p13,"[0,2,26,28]",510510,9699690,19,51,50,3,00000000000000000000000000000000000000100000000010,16,0.0001880472468707763,3,2,1
double_twins_p13,"[0,2,26,28]",510510,9699690,19,51,50,3,00000000000000000000000000000000000000100001000000,24,0.0002820708703061644,3,2,1
double_twins_p13,"[0,2,26,28]",510510,9699690,19,51,50,3,00000000000000000000000000000000010000000000000000,47,0.0005523887876829053,2,1,1
double_twins_p13,"[0,2,26,28]",510510,9699690,19,51,50,3,00000000000000000000000000000000010000000000000010,34,0.0003996003996003996,4,3,1
double_twins_p13,"[0,2,26,28]",510510,9699690,19,51,50,3,00000000000000000000000000000000010000000001000000,30,0.00035258858788270555,3,2,1
double_twins_p13,"[0,2,26,28]",510510,9699690,19,51,50,3,00000000000000000000000000000000010000000001000010,4,4.701181171769407e-05,5,4,1
double_twins_p13,"[0,2,26,28]",510510,9699690,19,51,50,3,00000000000000000000000000000000010000100000000000,20,0.00023505905858847037,3,2,1
double_twins_p13,"[0,2,26,28]",510510,9699690,19,51,50,3,00000000000000000000000000000000010000100000000010,25,0.00029382382323558796,5,4,1
double_twins_p13,"[0,2,26,28]",510510,9699690,19,51,50,3,00000000000001000000000000000000000000000000000000,50,0.0005876476464711759,2,1,1
double_twins_p13,"[0,2,26,28]",510510,9699690,19,51,50,3,00000000000001000000000000000000000000000000000010,31,0.00036434154081212903,3,2,1
double_twins_p13,"[0,2,26,28]",510510,9699690,19,51,50,3,00000000000001000000000000000000000000000001000000,82,0.0009637421402127284,4,3,1
double_twins_p13,"[0,2,26,28]",510510,9699690,19,51,50,3,00000000000001000000000000000000000000000001000010,9,0.00010577657636481166,5,4,1
double_twins_p13,"[0,2,26,28]",510510,9699690,19,51,50,3,00000000000001000000000000000000000000100000000000,52,0.0006111535523300229,4,3,1
double_twins_p13,"[0,2,26,28]",510510,9699690,19,51,50,3,00000000000001000000000000000000000000100000000010,30,0.00035258858788270555,5,4,1
double_twins_p13,"[0,2,26,28]",510510,9699690,19,51,50,3,00000000000001000000000000000000000000100001000000,28,0.00032908268202385847,6,5,1
double_twins_p13,"[0,2,26,28]",510510,9699690,19,51,50,3,00000000000001000000000000000000010000000000000000,16,0.0001880472468707763,3,2,1
double_twins_p13,"[0,2,26,28]",510510,9699690,19,51,50,3,00000000000001000000000000000000010000000000000010,11,0.0001292824822236587,5,4,1
double_twins_p13,"[0,2,26,28]",510510,9699690,19,51,50,3,00000000000001000000000000000000010000000001000000,25,0.00029382382323558796,5,4,1
double_twins_p13,"[0,2,26,28]",510510,9699690,19,51,50,3,00000000000001000000000000000000010000000001000010,5,5.876476464711759e-05,7,6,1
double_twins_p13,"[0,2,26,28]",510510,9699690,19,51,50,3,00000000000001000000000000000000010000100000000000,9,0.00010577657636481166,5,4,1
double_twins_p13,"[0,2,26,28]",510510,9699690,19,51,50,3,00000000000001000000000000000000010000100000000010,14,0.00016454134101192923,7,6,1
double_twins_p13,"[0,2,26,28]",510510,9699690,19,51,50,3,00000000100000000000000000000000000000000000000000,17,0.0001998001998001998,2,1,1
double_twins_p13,"[0,2,26,28]",510510,9699690,19,51,50,3,00000000100000000000000000000000000000000000000010,45,0.0005288828818240583,4,3,1
double_twins_p13,"[0,2,26,28]",510510,9699690,19,51,50,3,00000000100000000000000000000000000000000001000000,14,0.00016454134101192923,3,2,1
double_twins_p13,"[0,2,26,28]",510510,9699690,19,51,50,3,00000000100000000000000000000000000000000001000010,20,0.00023505905858847037,5,4,1
double_twins_p13,"[0,2,26,28]",510510,9699690,19,51,50,3,00000000100000000000000000000000000000100000000000,63,0.0007404360345536817,4,3,1
double_twins_p13,"[0,2,26,28]",510510,9699690,19,51,50,3,00000000100000000000000000000000000000100000000010,99,0.0011635423400129282,6,5,1
double_twins_p13,"[0,2,26,28]",510510,9699690,19,51,50,3,00000000100000000000000000000000000000100001000000,31,0.00036434154081212903,5,4,1
double_twins_p13,"[0,2,26,28]",510510,9699690,19,51,50,3,00000000100000000000000000000000010000000000000000,37,0.00043485925838867017,4,3,1
double_twins_p13,"[0,2,26,28]",510510,9699690,19,51,50,3,00000000100000000000000000000000010000000000000010,45,0.0005288828818240583,7,6,1
double_twins_p13,"[0,2,26,28]",510510,9699690,19,51,50,3,00000000100000000000000000000000010000000001000000,32,0.0003760944937415526,5,4,1
double_twins_p13,"[0,2,26,28]",510510,9699690,19,51,50,3,00000000100000000000000000000000010000000001000010,12,0.0001410354351530822,8,7,1
double_twins_p13,"[0,2,26,28]",510510,9699690,19,51,50,3,00000000100000000000000000000000010000100000000000,44,0.0005171299288946348,6,5,1
double_twins_p13,"[0,2,26,28]",510510,9699690,19,51,50,3,00000000100000000000000000000000010000100000000010,56,0.0006581653640477169,8,7,1
double_twins_p13,"[0,2,26,28]",510510,9699690,19,51,50,3,00000000100001000000000000000000000000000000000000,15,0.00017629429394135277,3,2,1
double_twins_p13,"[0,2,26,28]",510510,9699690,19,51,50,3,00000000100001000000000000000000000000000000000010,30,0.00035258858788270555,5,4,1
double_twins_p13,"[0,2,26,28]",510510,9699690,19,51,50,3,00000000100001000000000000000000000000000001000000,31,0.00036434154081212903,5,4,1
double_twins_p13,"[0,2,26,28]",510510,9699690,19,51,50,3,00000000100001000000000000000000000000100000000000,26,0.00030557677616501144,6,5,1
double_twins_p13,"[0,2,26,28]",510510,9699690,19,51,50,3,00000000100001000000000000000000000000100000000010,74,0.0008697185167773403,8,7,1
double_twins_p13,"[0,2,26,28]",510510,9699690,19,51,50,3,00000000100001000000000000000000000000100001000000,32,0.0003760944937415526,8,7,1
double_twins_p13,"[0,2,26,28]",510510,9699690,19,51,50,3,00000000100001000000000000000000010000000000000000,9,0.00010577657636481166,5,4,1
double_twins_p13,"[0,2,26,28]",510510,9699690,19,51,50,3,00000000100001000000000000000000010000000000000010,14,0.00016454134101192923,8,7,1
double_twins_p13,"[0,2,26,28]",510510,9699690,19,51,50,3,00000000100001000000000000000000010000100000000000,2,2.3505905858847036e-05,8,7,1
double_twins_p13,"[0,2,26,28]",510510,9699690,19,51,50,3,00000000100001000000000000000000010000100000000010,10,0.00011752952929423518,10,9,1
double_twins_p13,"[0,2,26,28]",510510,9699690,19,51,50,3,00010000000000000000000000000000000000000000000000,12,0.0001410354351530822,2,1,1
double_twins_p13,"[0,2,26,28]",510510,9699690,19,51,50,3,00010000000000000000000000000000000000000000000010,16,0.0001880472468707763,3,2,1
double_twins_p13,"[0,2,26,28]",510510,9699690,19,51,50,3,00010000000000000000000000000000000000000001000000,20,0.00023505905858847037,4,3,1
double_twins_p13,"[0,2,26,28]",510510,9699690,19,51,50,3,00010000000000000000000000000000000000000001000010,8,9.402362343538814e-05,5,4,1
double_twins_p13,"[0,2,26,28]",510510,9699690,19,51,50,3,00010000000000000000000000000000000000100000000000,29,0.000340835634953282,3,2,1
double_twins_p13,"[0,2,26,28]",510510,9699690,19,51,50,3,00010000000000000000000000000000000000100000000010,5,5.876476464711759e-05,4,3,1
double_twins_p13,"[0,2,26,28]",510510,9699690,19,51,50,3,00010000000000000000000000000000000000100001000000,44,0.0005171299288946348,5,4,1
double_twins_p13,"[0,2,26,28]",510510,9699690,19,51,50,3,00010000000000000000000000000000010000000000000000,39,0.0004583651642475172,4,3,1
double_twins_p13,"[0,2,26,28]",510510,9699690,19,51,50,3,00010000000000000000000000000000010000000000000010,52,0.0006111535523300229,6,5,1
double_twins_p13,"[0,2,26,28]",510510,9699690,19,51,50,3,00010000000000000000000000000000010000000001000000,70,0.0008227067050596463,6,5,1
double_twins_p13,"[0,2,26,28]",510510,9699690,19,51,50,3,00010000000000000000000000000000010000000001000010,36,0.0004231063054592466,8,7,1
double_twins_p13,"[0,2,26,28]",510510,9699690,19,51,50,3,00010000000000000000000000000000010000100000000000,13,0.00015278838808250572,5,4,1
double_twins_p13,"[0,2,26,28]",510510,9699690,19,51,50,3,00010000000000000000000000000000010000100000000010,18,0.0002115531527296233,7,6,1
double_twins_p13,"[0,2,26,28]",510510,9699690,19,51,50,3,00010000000001000000000000000000000000000000000000,23,0.00027031791737674093,3,2,1
double_twins_p13,"[0,2,26,28]",510510,9699690,19,51,50,3,00010000000001000000000000000000000000000000000010,11,0.0001292824822236587,4,3,1
double_twins_p13,"[0,2,26,28]",510510,9699690,19,51,50,3,00010000000001000000000000000000000000000001000000,87,0.001022506904859846,6,5,1
double_twins_p13,"[0,2,26,28]",510510,9699690,19,51,50,3,00010000000001000000000000000000000000000001000010,19,0.00022330610565904683,7,6,1
double_twins_p13,"[0,2,26,28]",510510,9699690,19,51,50,3,00010000000001000000000000000000000000100000000000,44,0.0005171299288946348,5,4,1
double_twins_p13,"[0,2,26,28]",510510,9699690,19,51,50,3,00010000000001000000000000000000000000100001000000,84,0.0009872480460715754,8,7,1
double_twins_p13,"[0,2,26,28]",510510,9699690,19,51,50,3,00010000000001000000000000000000010000000000000000,18,0.0002115531527296233,5,4,1
double_twins_p13,"[0,2,26,28]",510510,9699690,19,51,50,3,00010000000001000000000000000000010000000000000010,12,0.0001410354351530822,7,6,1
double_twins_p13,"[0,2,26,28]",510510,9699690,19,51,50,3,00010000000001000000000000000000010000000001000000,68,0.0007992007992007992,8,7,1
double_twins_p13,"[0,2,26,28]",510510,9699690,19,51,50,3,00010000000001000000000000000000010000000001000010,30,0.00035258858788270555,10,9,1
double_twins_p13,"[0,2,26,28]",510510,9699690,19,51,50,3,00010000100000000000000000000000000000000000000000,4,4.701181171769407e-05,3,2,1
double_twins_p13,"[0,2,26,28]",510510,9699690,19,51,50,3,00010000100000000000000000000000000000000000000010,20,0.00023505905858847037,5,4,1
double_twins_p13,"[0,2,26,28]",510510,9699690,19,51,50,3,00010000100000000000000000000000000000000001000000,8,9.402362343538814e-05,5,4,1
double_twins_p13,"[0,2,26,28]",510510,9699690,19,51,50,3,00010000100000000000000000000000000000000001000010,36,0.0004231063054592466,7,6,1
double_twins_p13,"[0,2,26,28]",510510,9699690,19,51,50,3,00010000100000000000000000000000000000100000000000,6,7.05177175765411e-05,5,4,1
double_twins_p13,"[0,2,26,28]",510510,9699690,19,51,50,3,00010000100000000000000000000000000000100000000010,25,0.00029382382323558796,7,6,1
double_twins_p13,"[0,2,26,28]",510510,9699690,19,51,50,3,00010000100000000000000000000000010000000000000000,4,4.701181171769407e-05,6,5,1
double_twins_p13,"[0,2,26,28]",510510,9699690,19,51,50,3,00010000100000000000000000000000010000000000000010,24,0.0002820708703061644,9,8,1
double_twins_p13,"[0,2,26,28]",510510,9699690,19,51,50,3,00010000100000000000000000000000010000000001000000,24,0.0002820708703061644,8,7,1
double_twins_p13,"[0,2,26,28]",510510,9699690,19,51,50,3,00010000100000000000000000000000010000000001000010,60,0.0007051771757654111,11,10,1
double_twins_p13,"[0,2,26,28]",510510,9699690,19,51,50,3,00010000100000000000000000000000010000100000000000,8,9.402362343538814e-05,8,7,1
double_twins_p13,"[0,2,26,28]",510510,9699690,19,51,50,3,00010000100000000000000000000000010000100000000010,24,0.0002820708703061644,10,9,1
double_twins_p13,"[0,2,26,28]",510510,9699690,19,51,50,4,00000000000000000000000000000000000000000000000100,17,0.0001998001998001998,2,1,1
double_twins_p13,"[0,2,26,28]",510510,9699690,19,51,50,4,00000000000000000000000000000000000000000010000000,24,0.0002820708703061644,2,1,1
double_twins_p13,"[0,2,26,28]",510510,9699690,19,51,50,4,00000000000000000000000000000000000000000010000100,4,4.701181171769407e-05,3,2,1
double_twins_p13,"[0,2,26,28]",510510,9699690,19,51,50,4,00000000000000000000000000000000000001000000000000,46,0.0005406358347534819,2,1,1
double_twins_p13,"[0,2,26,28]",510510,9699690,19,51,50,4,00000000000000000000000000000000000001000000000100,16,0.0001880472468707763,3,2,1
double_twins_p13,"[0,2,26,28]",510510,9699690,19,51,50,4,00000000000000000000000000000000000001000010000000,24,0.0002820708703061644,3,2,1
double_twins_p13,"[0,2,26,28]",510510,9699690,19,51,50,4,00000000000000000000000000000000100000000000000000,47,0.0005523887876829053,2,1,1
double_twins_p13,"[0,2,26,28]",510510,9699690,19,51,50,4,00000000000000000000000000000000100000000000000100,34,0.0003996003996003996,4,3,1
double_twins_p13,"[0,2,26,28]",510510,9699690,19,51,50,4,00000000000000000000000000000000100000000010000000,30,0.00035258858788270555,3,2,1
double_twins_p13,"[0,2,26,28]",510510,9699690,19,51,50,4,00000000000000000000000000000000100000000010000100,4,4.701181171769407e-05,5,4,1
double_twins_p13,"[0,2,26,28]",510510,9699690,19,51,50,4,00000000000000000000000000000000100001000000000000,20,0.00023505905858847037,3,2,1
double_twins_p13,"[0,2,26,28]",510510,9699690,19,51,50,4,00000000000000000000000000000000100001000000000100,25,0.00029382382323558796,5,4,1
double_twins_p13,"[0,2,26,28]",510510,9699690,19,51,50,4,00000000000010000000000000000000000000000000000000,50,0.0005876476464711759,2,1,1
double_twins_p13,"[0,2,26,28]",510510,9699690,19,51,50,4,00000000000010000000000000000000000000000000000100,31,0.00036434154081212903,3,2,1
double_twins_p13,"[0,2,26,28]",510510,9699690,19,51,50,4,00000000000010000000000000000000000000000010000000,82,0.0009637421402127284,4,3,1
double_twins_p13,"[0,2,26,28]",510510,9699690,19,51,50,4,00000000000010000000000000000000000000000010000100,9,0.00010577657636481166,5,4,1
double_twins_p13,"[0,2,26,28]",510510,9699690,19,51,50,4,00000000000010000000000000000000000001000000000000,52,0.0006111535523300229,4,3,1
double_twins_p13,"[0,2,26,28]",510510,9699690,19,51,50,4,00000000000010000000000000000000000001000000000100,30,0.00035258858788270555,5,4,1
double_twins_p13,"[0,2,26,28]",510510,9699690,19,51,50,4,00000000000010000000000000000000000001000010000000,28,0.00032908268202385847,6,5,1
double_twins_p13,"[0,2,26,28]",510510,9699690,19,51,50,4,00000000000010000000000000000000100000000000000000,16,0.0001880472468707763,3,2,1
double_twins_p13,"[0,2,26,28]",510510,9699690,19,51,50,4,00000000000010000000000000000000100000000000000100,11,0.0001292824822236587,5,4,1
double_twins_p13,"[0,2,26,28]",510510,9699690,19,51,50,4,00000000000010000000000000000000100000000010000000,25,0.00029382382323558796,5,4,1
double_twins_p13,"[0,2,26,28]",510510,9699690,19,51,50,4,00000000000010000000000000000000100000000010000100,5,5.876476464711759e-05,7,6,1
double_twins_p13,"[0,2,26,28]",510510,9699690,19,51,50,4,00000000000010000000000000000000100001000000000000,9,0.00010577657636481166,5,4,1
double_twins_p13,"[0,2,26,28]",510510,9699690,19,51,50,4,00000000000010000000000000000000100001000000000100,14,0.00016454134101192923,7,6,1
double_twins_p13,"[0,2,26,28]",510510,9699690,19,51,50,4,00000001000000000000000000000000000000000000000000,17,0.0001998001998001998,2,1,1
double_twins_p13,"[0,2,26,28]",510510,9699690,19,51,50,4,00000001000000000000000000000000000000000000000100,45,0.0005288828818240583,4,3,1
double_twins_p13,"[0,2,26,28]",510510,9699690,19,51,50,4,00000001000000000000000000000000000000000010000000,14,0.00016454134101192923,3,2,1
double_twins_p13,"[0,2,26,28]",510510,9699690,19,51,50,4,00000001000000000000000000000000000000000010000100,20,0.00023505905858847037,5,4,1
double_twins_p13,"[0,2,26,28]",510510,9699690,19,51,50,4,00000001000000000000000000000000000001000000000000,63,0.0007404360345536817,4,3,1
double_twins_p13,"[0,2,26,28]",510510,9699690,19,51,50,4,00000001000000000000000000000000000001000000000100,99,0.0011635423400129282,6,5,1
double_twins_p13,"[0,2,26,28]",510510,9699690,19,51,50,4,00000001000000000000000000000000000001000010000000,31,0.00036434154081212903,5,4,1
double_twins_p13,"[0,2,26,28]",510510,9699690,19,51,50,4,00000001000000000000000000000000100000000000000000,37,0.00043485925838867017,4,3,1
double_twins_p13,"[0,2,26,28]",510510,9699690,19,51,50,4,00000001000000000000000000000000100000000000000100,45,0.0005288828818240583,7,6,1
double_twins_p13,"[0,2,26,28]",510510,9699690,19,51,50,4,00000001000000000000000000000000100000000010000000,32,0.0003760944937415526,5,4,1
double_twins_p13,"[0,2,26,28]",510510,9699690,19,51,50,4,00000001000000000000000000000000100000000010000100,12,0.0001410354351530822,8,7,1
double_twins_p13,"[0,2,26,28]",510510,9699690,19,51,50,4,00000001000000000000000000000000100001000000000000,44,0.0005171299288946348,6,5,1
double_twins_p13,"[0,2,26,28]",510510,9699690,19,51,50,4,00000001000000000000000000000000100001000000000100,56,0.0006581653640477169,8,7,1
double_twins_p13,"[0,2,26,28]",510510,9699690,19,51,50,4,00000001000010000000000000000000000000000000000000,15,0.00017629429394135277,3,2,1
double_twins_p13,"[0,2,26,28]",510510,9699690,19,51,50,4,00000001000010000000000000000000000000000000000100,30,0.00035258858788270555,5,4,1
double_twins_p13,"[0,2,26,28]",510510,9699690,19,51,50,4,00000001000010000000000000000000000000000010000000,31,0.00036434154081212903,5,4,1
double_twins_p13,"[0,2,26,28]",510510,9699690,19,51,50,4,00000001000010000000000000000000000001000000000000,26,0.00030557677616501144,6,5,1
double_twins_p13,"[0,2,26,28]",510510,9699690,19,51,50,4,00000001000010000000000000000000000001000000000100,74,0.0008697185167773403,8,7,1
double_twins_p13,"[0,2,26,28]",510510,9699690,19,51,50,4,00000001000010000000000000000000000001000010000000,32,0.0003760944937415526,8,7,1
double_twins_p13,"[0,2,26,28]",510510,9699690,19,51,50,4,00000001000010000000000000000000100000000000000000,9,0.00010577657636481166,5,4,1
double_twins_p13,"[0,2,26,28]",510510,9699690,19,51,50,4,00000001000010000000000000000000100000000000000100,14,0.00016454134101192923,8,7,1
double_twins_p13,"[0,2,26,28]",510510,9699690,19,51,50,4,00000001000010000000000000000000100001000000000000,2,2.3505905858847036e-05,8,7,1
double_twins_p13,"[0,2,26,28]",510510,9699690,19,51,50,4,00000001000010000000000000000000100001000000000100,10,0.00011752952929423518,10,9,1
double_twins_p13,"[0,2,26,28]",510510,9699690,19,51,50,4,00100000000000000000000000000000000000000000000000,12,0.0001410354351530822,2,1,1
double_twins_p13,"[0,2,26,28]",510510,9699690,19,51,50,4,00100000000000000000000000000000000000000000000100,16,0.0001880472468707763,3,2,1
double_twins_p13,"[0,2,26,28]",510510,9699690,19,51,50,4,00100000000000000000000000000000000000000010000000,20,0.00023505905858847037,4,3,1
double_twins_p13,"[0,2,26,28]",510510,9699690,19,51,50,4,00100000000000000000000000000000000000000010000100,8,9.402362343538814e-05,5,4,1
double_twins_p13,"[0,2,26,28]",510510,9699690,19,51,50,4,00100000000000000000000000000000000001000000000000,29,0.000340835634953282,3,2,1
double_twins_p13,"[0,2,26,28]",510510,9699690,19,51,50,4,00100000000000000000000000000000000001000000000100,5,5.876476464711759e-05,4,3,1
double_twins_p13,"[0,2,26,28]",510510,9699690,19,51,50,4,00100000000000000000000000000000000001000010000000,44,0.0005171299288946348,5,4,1
double_twins_p13,"[0,2,26,28]",510510,9699690,19,51,50,4,00100000000000000000000000000000100000000000000000,39,0.0004583651642475172,4,3,1
double_twins_p13,"[0,2,26,28]",510510,9699690,19,51,50,4,00100000000000000000000000000000100000000000000100,52,0.0006111535523300229,6,5,1
double_twins_p13,"[0,2,26,28]",510510,9699690,19,51,50,4,00100000000000000000000000000000100000000010000000,70,0.0008227067050596463,6,5,1
double_twins_p13,"[0,2,26,28]",510510,9699690,19,51,50,4,00100000000000000000000000000000100000000010000100,36,0.0004231063054592466,8,7,1
double_twins_p13,"[0,2,26,28]",510510,9699690,19,51,50,4,00100000000000000000000000000000100001000000000000,13,0.00015278838808250572,5,4,1
double_twins_p13,"[0,2,26,28]",510510,9699690,19,51,50,4,00100000000000000000000000000000100001000000000100,18,0.0002115531527296233,7,6,1
double_twins_p13,"[0,2,26,28]",510510,9699690,19,51,50,4,00100000000010000000000000000000000000000000000000,23,0.00027031791737674093,3,2,1
double_twins_p13,"[0,2,26,28]",510510,9699690,19,51,50,4,00100000000010000000000000000000000000000000000100,11,0.0001292824822236587,4,3,1
double_twins_p13,"[0,2,26,28]",510510,9699690,19,51,50,4,00100000000010000000000000000000000000000010000000,87,0.001022506904859846,6,5,1
double_twins_p13,"[0,2,26,28]",510510,9699690,19,51,50,4,00100000000010000000000000000000000000000010000100,19,0.00022330610565904683,7,6,1
double_twins_p13,"[0,2,26,28]",510510,9699690,19,51,50,4,00100000000010000000000000000000000001000000000000,44,0.0005171299288946348,5,4,1
double_twins_p13,"[0,2,26,28]",510510,9699690,19,51,50,4,00100000000010000000000000000000000001000010000000,84,0.0009872480460715754,8,7,1
double_twins_p13,"[0,2,26,28]",510510,9699690,19,51,50,4,00100000000010000000000000000000100000000000000000,18,0.0002115531527296233,5,4,1
double_twins_p13,"[0,2,26,28]",510510,9699690,19,51,50,4,00100000000010000000000000000000100000000000000100,12,0.0001410354351530822,7,6,1
double_twins_p13,"[0,2,26,28]",510510,9699690,19,51,50,4,00100000000010000000000000000000100000000010000000,68,0.0007992007992007992,8,7,1
double_twins_p13,"[0,2,26,28]",510510,9699690,19,51,50,4,00100000000010000000000000000000100000000010000100,30,0.00035258858788270555,10,9,1
double_twins_p13,"[0,2,26,28]",510510,9699690,19,51,50,4,00100001000000000000000000000000000000000000000000,4,4.701181171769407e-05,3,2,1
double_twins_p13,"[0,2,26,28]",510510,9699690,19,51,50,4,00100001000000000000000000000000000000000000000100,20,0.00023505905858847037,5,4,1
double_twins_p13,"[0,2,26,28]",510510,9699690,19,51,50,4,00100001000000000000000000000000000000000010000000,8,9.402362343538814e-05,5,4,1
double_twins_p13,"[0,2,26,28]",510510,9699690,19,51,50,4,00100001000000000000000000000000000000000010000100,36,0.0004231063054592466,7,6,1
double_twins_p13,"[0,2,26,28]",510510,9699690,19,51,50,4,00100001000000000000000000000000000001000000000000,6,7.05177175765411e-05,5,4,1
double_twins_p13,"[0,2,26,28]",510510,9699690,19,51,50,4,00100001000000000000000000000000000001000000000100,25,0.00029382382323558796,7,6,1
double_twins_p13,"[0,2,26,28]",510510,9699690,19,51,50,4,00100001000000000000000000000000100000000000000000,4,4.701181171769407e-05,6,5,1
double_twins_p13,"[0,2,26,28]",510510,9699690,19,51,50,4,00100001000000000000000000000000100000000000000100,24,0.0002820708703061644,9,8,1
double_twins_p13,"[0,2,26,28]",510510,9699690,19,51,50,4,00100001000000000000000000000000100000000010000000,24,0.0002820708703061644,8,7,1
double_twins_p13,"[0,2,26,28]",510510,9699690,19,51,50,4,00100001000000000000000000000000100000000010000100,60,0.0007051771757654111,11,10,1
double_twins_p13,"[0,2,26,28]",510510,9699690,19,51,50,4,00100001000000000000000000000000100001000000000000,8,9.402362343538814e-05,8,7,1
double_twins_p13,"[0,2,26,28]",510510,9699690,19,51,50,4,00100001000000000000000000000000100001000000000100,24,0.0002820708703061644,10,9,1
double_twins_p13,"[0,2,26,28]",510510,9699690,19,51,50,5,00000000000000000000000000000000000000000000001000,17,0.0001998001998001998,2,1,1
double_twins_p13,"[0,2,26,28]",510510,9699690,19,51,50,5,00000000000000000000000000000000000000000100000000,24,0.0002820708703061644,2,1,1
double_twins_p13,"[0,2,26,28]",510510,9699690,19,51,50,5,00000000000000000000000000000000000000000100001000,4,4.701181171769407e-05,3,2,1
double_twins_p13,"[0,2,26,28]",510510,9699690,19,51,50,5,00000000000000000000000000000000000010000000000000,46,0.0005406358347534819,2,1,1
double_twins_p13,"[0,2,26,28]",510510,9699690,19,51,50,5,00000000000000000000000000000000000010000000001000,16,0.0001880472468707763,3,2,1
double_twins_p13,"[0,2,26,28]",510510,9699690,19,51,50,5,00000000000000000000000000000000000010000100000000,24,0.0002820708703061644,3,2,1
double_twins_p13,"[0,2,26,28]",510510,9699690,19,51,50,5,00000000000000000000000000000001000000000000000000,47,0.0005523887876829053,2,1,1
double_twins_p13,"[0,2,26,28]",510510,9699690,19,51,50,5,00000000000000000000000000000001000000000000001000,34,0.0003996003996003996,4,3,1
double_twins_p13,"[0,2,26,28]",510510,9699690,19,51,50,5,00000000000000000000000000000001000000000100000000,30,0.00035258858788270555,3,2,1
double_twins_p13,"[0,2,26,28]",510510,9699690,19,51,50,5,00000000000000000000000000000001000000000100001000,4,4.701181171769407e-05,5,4,1
double_twins_p13,"[0,2,26,28]",510510,9699690,19,51,50,5,00000000000000000000000000000001000010000000000000,20,0.00023505905858847037,3,2,1
double_twins_p13,"[0,2,26,28]",510510,9699690,19,51,50,5,00000000000000000000000000000001000010000000001000,25,0.00029382382323558796,5,4,1
double_twins_p13,"[0,2,26,28]",510510,9699690,19,51,50,5,00000000000100000000000000000000000000000000000000,50,0.0005876476464711759,2,1,1
double_twins_p13,"[0,2,26,28]",510510,9699690,19,51,50,5,00000000000100000000000000000000000000000000001000,31,0.00036434154081212903,3,2,1
double_twins_p13,"[0,2,26,28]",510510,9699690,19,51,50,5,00000000000100000000000000000000000000000100000000,82,0.0009637421402127284,4,3,1
double_twins_p13,"[0,2,26,28]",510510,9699690,19,51,50,5,00000000000100000000000000000000000000000100001000,9,0.00010577657636481166,5,4,1
double_twins_p13,"[0,2,26,28]",510510,9699690,19,51,50,5,00000000000100000000000000000000000010000000000000,52,0.0006111535523300229,4,3,1
double_twins_p13,"[0,2,26,28]",510510,9699690,19,51,50,5,00000000000100000000000000000000000010000000001000,30,0.00035258858788270555,5,4,1
double_twins_p13,"[0,2,26,28]",510510,9699690,19,51,50,5,00000000000100000000000000000000000010000100000000,28,0.00032908268202385847,6,5,1
double_twins_p13,"[0,2,26,28]",510510,9699690,19,51,50,5,00000000000100000000000000000001000000000000000000,16,0.0001880472468707763,3,2,1
double_twins_p13,"[0,2,26,28]",510510,9699690,19,51,50,5,00000000000100000000000000000001000000000000001000,11,0.0001292824822236587,5,4,1
double_twins_p13,"[0,2,26,28]",510510,9699690,19,51,50,5,00000000000100000000000000000001000000000100000000,25,0.00029382382323558796,5,4,1
double_twins_p13,"[0,2,26,28]",510510,9699690,19,51,50,5,00000000000100000000000000000001000000000100001000,5,5.876476464711759e-05,7,6,1
double_twins_p13,"[0,2,26,28]",510510,9699690,19,51,50,5,00000000000100000000000000000001000010000000000000,9,0.00010577657636481166,5,4,1
double_twins_p13,"[0,2,26,28]",510510,9699690,19,51,50,5,00000000000100000000000000000001000010000000001000,14,0.00016454134101192923,7,6,1
double_twins_p13,"[0,2,26,28]",510510,9699690,19,51,50,5,00000010000000000000000000000000000000000000000000,17,0.0001998001998001998,2,1,1
double_twins_p13,"[0,2,26,28]",510510,9699690,19,51,50,5,00000010000000000000000000000000000000000000001000,45,0.0005288828818240583,4,3,1
double_twins_p13,"[0,2,26,28]",510510,9699690,19,51,50,5,00000010000000000000000000000000000000000100000000,14,0.00016454134101192923,3,2,1
double_twins_p13,"[0,2,26,28]",510510,9699690,19,51,50,5,00000010000000000000000000000000000000000100001000,20,0.00023505905858847037,5,4,1
double_twins_p13,"[0,2,26,28]",510510,9699690,19,51,50,5,00000010000000000000000000000000000010000000000000,63,0.0007404360345536817,4,3,1
double_twins_p13,"[0,2,26,28]",510510,9699690,19,51,50,5,00000010000000000000000000000000000010000000001000,99,0.0011635423400129282,6,5,1
double_twins_p13,"[0,2,26,28]",510510,9699690,19,51,50,5,00000010000000000000000000000000000010000100000000,31,0.00036434154081212903,5,4,1
double_twins_p13,"[0,2,26,28]",510510,9699690,19,51,50,5,00000010000000000000000000000001000000000000000000,37,0.00043485925838867017,4,3,1
double_twins_p13,"[0,2,26,28]",510510,9699690,19,51,50,5,00000010000000000000000000000001000000000000001000,45,0.0005288828818240583,7,6,1
double_twins_p13,"[0,2,26,28]",510510,9699690,19,51,50,5,00000010000000000000000000000001000000000100000000,32,0.0003760944937415526,5,4,1
double_twins_p13,"[0,2,26,28]",510510,9699690,19,51,50,5,00000010000000000000000000000001000000000100001000,12,0.0001410354351530822,8,7,1
double_twins_p13,"[0,2,26,28]",510510,9699690,19,51,50,5,00000010000000000000000000000001000010000000000000,44,0.0005171299288946348,6,5,1
double_twins_p13,"[0,2,26,28]",510510,9699690,19,51,50,5,00000010000000000000000000000001000010000000001000,56,0.0006581653640477169,8,7,1
double_twins_p13,"[0,2,26,28]",510510,9699690,19,51,50,5,00000010000100000000000000000000000000000000000000,15,0.00017629429394135277,3,2,1
double_twins_p13,"[0,2,26,28]",510510,9699690,19,51,50,5,00000010000100000000000000000000000000000000001000,30,0.00035258858788270555,5,4,1
double_twins_p13,"[0,2,26,28]",510510,9699690,19,51,50,5,00000010000100000000000000000000000000000100000000,31,0.00036434154081212903,5,4,1
double_twins_p13,"[0,2,26,28]",510510,9699690,19,51,50,5,00000010000100000000000000000000000010000000000000,26,0.00030557677616501144,6,5,1
double_twins_p13,"[0,2,26,28]",510510,9699690,19,51,50,5,00000010000100000000000000000000000010000000001000,74,0.0008697185167773403,8,7,1
double_twins_p13,"[0,2,26,28]",510510,9699690,19,51,50,5,00000010000100000000000000000000000010000100000000,32,0.0003760944937415526,8,7,1
double_twins_p13,"[0,2,26,28]",510510,9699690,19,51,50,5,00000010000100000000000000000001000000000000000000,9,0.00010577657636481166,5,4,1
double_twins_p13,"[0,2,26,28]",510510,9699690,19,51,50,5,00000010000100000000000000000001000000000000001000,14,0.00016454134101192923,8,7,1
double_twins_p13,"[0,2,26,28]",510510,9699690,19,51,50,5,00000010000100000000000000000001000010000000000000,2,2.3505905858847036e-05,8,7,1
double_twins_p13,"[0,2,26,28]",510510,9699690,19,51,50,5,00000010000100000000000000000001000010000000001000,10,0.00011752952929423518,10,9,1
double_twins_p13,"[0,2,26,28]",510510,9699690,19,51,50,5,01000000000000000000000000000000000000000000000000,12,0.0001410354351530822,2,1,1
double_twins_p13,"[0,2,26,28]",510510,9699690,19,51,50,5,01000000000000000000000000000000000000000000001000,16,0.0001880472468707763,3,2,1
double_twins_p13,"[0,2,26,28]",510510,9699690,19,51,50,5,01000000000000000000000000000000000000000100000000,20,0.00023505905858847037,4,3,1
double_twins_p13,"[0,2,26,28]",510510,9699690,19,51,50,5,01000000000000000000000000000000000000000100001000,8,9.402362343538814e-05,5,4,1
double_twins_p13,"[0,2,26,28]",510510,9699690,19,51,50,5,01000000000000000000000000000000000010000000000000,29,0.000340835634953282,3,2,1
double_twins_p13,"[0,2,26,28]",510510,9699690,19,51,50,5,01000000000000000000000000000000000010000000001000,5,5.876476464711759e-05,4,3,1
double_twins_p13,"[0,2,26,28]",510510,9699690,19,51,50,5,01000000000000000000000000000000000010000100000000,44,0.0005171299288946348,5,4,1
double_twins_p13,"[0,2,26,28]",510510,9699690,19,51,50,5,01000000000000000000000000000001000000000000000000,39,0.0004583651642475172,4,3,1
double_twins_p13,"[0,2,26,28]",510510,9699690,19,51,50,5,01000000000000000000000000000001000000000000001000,52,0.0006111535523300229,6,5,1
double_twins_p13,"[0,2,26,28]",510510,9699690,19,51,50,5,01000000000000000000000000000001000000000100000000,70,0.0008227067050596463,6,5,1
double_twins_p13,"[0,2,26,28]",510510,9699690,19,51,50,5,01000000000000000000000000000001000000000100001000,36,0.0004231063054592466,8,7,1
double_twins_p13,"[0,2,26,28]",510510,9699690,19,51,50,5,01000000000000000000000000000001000010000000000000,13,0.00015278838808250572,5,4,1
double_twins_p13,"[0,2,26,28]",510510,9699690,19,51,50,5,01000000000000000000000000000001000010000000001000,18,0.0002115531527296233,7,6,1
double_twins_p13,"[0,2,26,28]",510510,9699690,19,51,50,5,01000000000100000000000000000000000000000000000000,23,0.00027031791737674093,3,2,1
double_twins_p13,"[0,2,26,28]",510510,9699690,19,51,50,5,01000000000100000000000000000000000000000000001000,11,0.0001292824822236587,4,3,1
double_twins_p13,"[0,2,26,28]",510510,9699690,19,51,50,5,01000000000100000000000000000000000000000100000000,87,0.001022506904859846,6,5,1
double_twins_p13,"[0,2,26,28]",510510,9699690,19,51,50,5,01000000000100000000000000000000000000000100001000,19,0.00022330610565904683,7,6,1
double_twins_p13,"[0,2,26,28]",510510,9699690,19,51,50,5,01000000000100000000000000000000000010000000000000,44,0.0005171299288946348,5,4,1
double_twins_p13,"[0,2,26,28]",510510,9699690,19,51,50,5,01000000000100000000000000000000000010000100000000,84,0.0009872480460715754,8,7,1
double_twins_p13,"[0,2,26,28]",510510,9699690,19,51,50,5,01000000000100000000000000000001000000000000000000,18,0.0002115531527296233,5,4,1
double_twins_p13,"[0,2,26,28]",510510,9699690,19,51,50,5,01000000000100000000000000000001000000000000001000,12,0.0001410354351530822,7,6,1
double_twins_p13,"[0,2,26,28]",510510,9699690,19,51,50,5,01000000000100000000000000000001000000000100000000,68,0.0007992007992007992,8,7,1
double_twins_p13,"[0,2,26,28]",510510,9699690,19,51,50,5,01000000000100000000000000000001000000000100001000,30,0.00035258858788270555,10,9,1
double_twins_p13,"[0,2,26,28]",510510,9699690,19,51,50,5,01000010000000000000000000000000000000000000000000,4,4.701181171769407e-05,3,2,1
double_twins_p13,"[0,2,26,28]",510510,9699690,19,51,50,5,01000010000000000000000000000000000000000000001000,20,0.00023505905858847037,5,4,1
double_twins_p13,"[0,2,26,28]",510510,9699690,19,51,50,5,01000010000000000000000000000000000000000100000000,8,9.402362343538814e-05,5,4,1
double_twins_p13,"[0,2,26,28]",510510,9699690,19,51,50,5,01000010000000000000000000000000000000000100001000,36,0.0004231063054592466,7,6,1
double_twins_p13,"[0,2,26,28]",510510,9699690,19,51,50,5,01000010000000000000000000000000000010000000000000,6,7.05177175765411e-05,5,4,1
double_twins_p13,"[0,2,26,28]",510510,9699690,19,51,50,5,01000010000000000000000000000000000010000000001000,25,0.00029382382323558796,7,6,1
double_twins_p13,"[0,2,26,28]",510510,9699690,19,51,50,5,01000010000000000000000000000001000000000000000000,4,4.701181171769407e-05,6,5,1
double_twins_p13,"[0,2,26,28]",510510,9699690,19,51,50,5,01000010000000000000000000000001000000000000001000,24,0.0002820708703061644,9,8,1
double_twins_p13,"[0,2,26,28]",510510,9699690,19,51,50,5,01000010000000000000000000000001000000000100000000,24,0.0002820708703061644,8,7,1
double_twins_p13,"[0,2,26,28]",510510,9699690,19,51,50,5,01000010000000000000000000000001000000000100001000,60,0.0007051771757654111,11,10,1
double_twins_p13,"[0,2,26,28]",510510,9699690,19,51,50,5,01000010000000000000000000000001000010000000000000,8,9.402362343538814e-05,8,7,1
double_twins_p13,"[0,2,26,28]",510510,9699690,19,51,50,5,01000010000000000000000000000001000010000000001000,24,0.0002820708703061644,10,9,1
double_twins_p13,"[0,2,26,28]",510510,9699690,19,51,50,6,00000000000000000000000000000000000000000000010000,17,0.0001998001998001998,2,1,1
double_twins_p13,"[0,2,26,28]",510510,9699690,19,51,50,6,00000000000000000000000000000000000000001000000000,24,0.0002820708703061644,2,1,1
double_twins_p13,"[0,2,26,28]",510510,9699690,19,51,50,6,00000000000000000000000000000000000000001000010000,4,4.701181171769407e-05,3,2,1
double_twins_p13,"[0,2,26,28]",510510,9699690,19,51,50,6,00000000000000000000000000000000000100000000000000,46,0.0005406358347534819,2,1,1
double_twins_p13,"[0,2,26,28]",510510,9699690,19,51,50,6,00000000000000000000000000000000000100000000010000,16,0.0001880472468707763,3,2,1
double_twins_p13,"[0,2,26,28]",510510,9699690,19,51,50,6,00000000000000000000000000000000000100001000000000,24,0.0002820708703061644,3,2,1
double_twins_p13,"[0,2,26,28]",510510,9699690,19,51,50,6,00000000000000000000000000000010000000000000000000,47,0.0005523887876829053,2,1,1
double_twins_p13,"[0,2,26,28]",510510,9699690,19,51,50,6,00000000000000000000000000000010000000000000010000,34,0.0003996003996003996,4,3,1
double_twins_p13,"[0,2,26,28]",510510,9699690,19,51,50,6,00000000000000000000000000000010000000001000000000,30,0.00035258858788270555,3,2,1
double_twins_p13,"[0,2,26,28]",510510,9699690,19,51,50,6,00000000000000000000000000000010000000001000010000,4,4.701181171769407e-05,5,4,1
double_twins_p13,"[0,2,26,28]",510510,9699690,19,51,50,6,00000000000000000000000000000010000100000000000000,20,0.00023505905858847037,3,2,1
double_twins_p13,"[0,2,26,28]",510510,9699690,19,51,50,6,00000000000000000000000000000010000100000000010000,25,0.00029382382323558796,5,4,1
double_twins_p13,"[0,2,26,28]",510510,9699690,19,51,50,6,00000000001000000000000000000000000000000000000000,50,0.0005876476464711759,2,1,1
double_twins_p13,"[0,2,26,28]",510510,9699690,19,51,50,6,00000000001000000000000000000000000000000000010000,31,0.00036434154081212903,3,2,1
double_twins_p13,"[0,2,26,28]",510510,9699690,19,51,50,6,00000000001000000000000000000000000000001000000000,82,0.0009637421402127284,4,3,1
double_twins_p13,"[0,2,26,28]",510510,9699690,19,51,50,6,00000000001000000000000000000000000000001000010000,9,0.00010577657636481166,5,4,1
double_twins_p13,"[0,2,26,28]",510510,9699690,19,51,50,6,00000000001000000000000000000000000100000000000000,52,0.0006111535523300229,4,3,1
double_twins_p13,"[0,2,26,28]",510510,9699690,19,51,50,6,00000000001000000000000000000000000100000000010000,30,0.00035258858788270555,5,4,1
double_twins_p13,"[0,2,26,28]",510510,9699690,19,51,50,6,00000000001000000000000000000000000100001000000000,28,0.00032908268202385847,6,5,1
double_twins_p13,"[0,2,26,28]",510510,9699690,19,51,50,6,00000000001000000000000000000010000000000000000000,16,0.0001880472468707763,3,2,1
double_twins_p13,"[0,2,26,28]",510510,9699690,19,51,50,6,00000000001000000000000000000010000000000000010000,11,0.0001292824822236587,5,4,1
double_twins_p13,"[0,2,26,28]",510510,9699690,19,51,50,6,00000000001000000000000000000010000000001000000000,25,0.00029382382323558796,5,4,1
double_twins_p13,"[0,2,26,28]",510510,9699690,19,51,50,6,00000000001000000000000000000010000000001000010000,5,5.876476464711759e-05,7,6,1
double_twins_p13,"[0,2,26,28]",510510,9699690,19,51,50,6,00000000001000000000000000000010000100000000000000,9,0.00010577657636481166,5,4,1
double_twins_p13,"[0,2,26,28]",510510,9699690,19,51,50,6,00000000001000000000000000000010000100000000010000,14,0.00016454134101192923,7,6,1
double_twins_p13,"[0,2,26,28]",510510,9699690,19,51,50,6,00000100000000000000000000000000000000000000000000,17,0.0001998001998001998,2,1,1
double_twins_p13,"[0,2,26,28]",510510,9699690,19,51,50,6,00000100000000000000000000000000000000000000010000,45,0.0005288828818240583,4,3,1
double_twins_p13,"[0,2,26,28]",510510,9699690,19,51,50,6,00000100000000000000000000000000000000001000000000,14,0.00016454134101192923,3,2,1
double_twins_p13,"[0,2,26,28]",510510,9699690,19,51,50,6,00000100000000000000000000000000000000001000010000,20,0.00023505905858847037,5,4,1
double_twins_p13,"[0,2,26,28]",510510,9699690,19,51,50,6,00000100000000000000000000000000000100000000000000,63,0.0007404360345536817,4,3,1
double_twins_p13,"[0,2,26,28]",510510,9699690,19,51,50,6,00000100000000000000000000000000000100000000010000,99,0.0011635423400129282,6,5,1
double_twins_p13,"[0,2,26,28]",510510,9699690,19,51,50,6,00000100000000000000000000000000000100001000000000,31,0.00036434154081212903,5,4,1
double_twins_p13,"[0,2,26,28]",510510,9699690,19,51,50,6,00000100000000000000000000000010000000000000000000,37,0.00043485925838867017,4,3,1
double_twins_p13,"[0,2,26,28]",510510,9699690,19,51,50,6,00000100000000000000000000000010000000000000010000,45,0.0005288828818240583,7,6,1
double_twins_p13,"[0,2,26,28]",510510,9699690,19,51,50,6,00000100000000000000000000000010000000001000000000,32,0.0003760944937415526,5,4,1
double_twins_p13,"[0,2,26,28]",510510,9699690,19,51,50,6,00000100000000000000000000000010000000001000010000,12,0.0001410354351530822,8,7,1
double_twins_p13,"[0,2,26,28]",510510,9699690,19,51,50,6,00000100000000000000000000000010000100000000000000,44,0.0005171299288946348,6,5,1
double_twins_p13,"[0,2,26,28]",510510,9699690,19,51,50,6,00000100000000000000000000000010000100000000010000,56,0.0006581653640477169,8,7,1
double_twins_p13,"[0,2,26,28]",510510,9699690,19,51,50,6,00000100001000000000000000000000000000000000000000,15,0.00017629429394135277,3,2,1
double_twins_p13,"[0,2,26,28]",510510,9699690,19,51,50,6,00000100001000000000000000000000000000000000010000,30,0.00035258858788270555,5,4,1
double_twins_p13,"[0,2,26,28]",510510,9699690,19,51,50,6,00000100001000000000000000000000000000001000000000,31,0.00036434154081212903,5,4,1
double_twins_p13,"[0,2,26,28]",510510,9699690,19,51,50,6,00000100001000000000000000000000000100000000000000,26,0.00030557677616501144,6,5,1
double_twins_p13,"[0,2,26,28]",510510,9699690,19,51,50,6,00000100001000000000000000000000000100000000010000,74,0.0008697185167773403,8,7,1
double_twins_p13,"[0,2,26,28]",510510,9699690,19,51,50,6,00000100001000000000000000000000000100001000000000,32,0.0003760944937415526,8,7,1
double_twins_p13,"[0,2,26,28]",510510,9699690,19,51,50,6,00000100001000000000000000000010000000000000000000,9,0.00010577657636481166,5,4,1
double_twins_p13,"[0,2,26,28]",510510,9699690,19,51,50,6,00000100001000000000000000000010000000000000010000,14,0.00016454134101192923,8,7,1
double_twins_p13,"[0,2,26,28]",510510,9699690,19,51,50,6,00000100001000000000000000000010000100000000000000,2,2.3505905858847036e-05,8,7,1
double_twins_p13,"[0,2,26,28]",510510,9699690,19,51,50,6,00000100001000000000000000000010000100000000010000,10,0.00011752952929423518,10,9,1
double_twins_p13,"[0,2,26,28]",510510,9699690,19,51,50,6,10000000000000000000000000000000000000000000000000,12,0.0001410354351530822,2,1,1
double_twins_p13,"[0,2,26,28]",510510,9699690,19,51,50,6,10000000000000000000000000000000000000000000010000,16,0.0001880472468707763,3,2,1
double_twins_p13,"[0,2,26,28]",510510,9699690,19,51,50,6,10000000000000000000000000000000000000001000000000,20,0.00023505905858847037,4,3,1
double_twins_p13,"[0,2,26,28]",510510,9699690,19,51,50,6,10000000000000000000000000000000000000001000010000,8,9.402362343538814e-05,5,4,1
double_twins_p13,"[0,2,26,28]",510510,9699690,19,51,50,6,10000000000000000000000000000000000100000000000000,29,0.000340835634953282,3,2,1
double_twins_p13,"[0,2,26,28]",510510,9699690,19,51,50,6,10000000000000000000000000000000000100000000010000,5,5.876476464711759e-05,4,3,1
double_twins_p13,"[0,2,26,28]",510510,9699690,19,51,50,6,10000000000000000000000000000000000100001000000000,44,0.0005171299288946348,5,4,1
double_twins_p13,"[0,2,26,28]",510510,9699690,19,51,50,6,10000000000000000000000000000010000000000000000000,39,0.0004583651642475172,4,3,1
double_twins_p13,"[0,2,26,28]",510510,9699690,19,51,50,6,10000000000000000000000000000010000000000000010000,52,0.0006111535523300229,6,5,1
double_twins_p13,"[0,2,26,28]",510510,9699690,19,51,50,6,10000000000000000000000000000010000000001000000000,70,0.0008227067050596463,6,5,1
double_twins_p13,"[0,2,26,28]",510510,9699690,19,51,50,6,10000000000000000000000000000010000000001000010000,36,0.0004231063054592466,8,7,1
double_twins_p13,"[0,2,26,28]",510510,9699690,19,51,50,6,10000000000000000000000000000010000100000000000000,13,0.00015278838808250572,5,4,1
double_twins_p13,"[0,2,26,28]",510510,9699690,19,51,50,6,10000000000000000000000000000010000100000000010000,18,0.0002115531527296233,7,6,1
double_twins_p13,"[0,2,26,28]",510510,9699690,19,51,50,6,10000000001000000000000000000000000000000000000000,23,0.00027031791737674093,3,2,1
double_twins_p13,"[0,2,26,28]",510510,9699690,19,51,50,6,10000000001000000000000000000000000000000000010000,11,0.0001292824822236587,4,3,1
double_twins_p13,"[0,2,26,28]",510510,9699690,19,51,50,6,10000000001000000000000000000000000000001000000000,87,0.001022506904859846,6,5,1
double_twins_p13,"[0,2,26,28]",510510,9699690,19,51,50,6,10000000001000000000000000000000000000001000010000,19,0.00022330610565904683,7,6,1
double_twins_p13,"[0,2,26,28]",510510,9699690,19,51,50,6,10000000001000000000000000000000000100000000000000,44,0.0005171299288946348,5,4,1
double_twins_p13,"[0,2,26,28]",510510,9699690,19,51,50,6,10000000001000000000000000000000000100001000000000,84,0.0009872480460715754,8,7,1
double_twins_p13,"[0,2,26,28]",510510,9699690,19,51,50,6,10000000001000000000000000000010000000000000000000,18,0.0002115531527296233,5,4,1
double_twins_p13,"[0,2,26,28]",510510,9699690,19,51,50,6,10000000001000000000000000000010000000000000010000,12,0.0001410354351530822,7,6,1
double_twins_p13,"[0,2,26,28]",510510,9699690,19,51,50,6,10000000001000000000000000000010000000001000000000,68,0.0007992007992007992,8,7,1
double_twins_p13,"[0,2,26,28]",510510,9699690,19,51,50,6,10000000001000000000000000000010000000001000010000,30,0.00035258858788270555,10,9,1
double_twins_p13,"[0,2,26,28]",510510,9699690,19,51,50,6,10000100000000000000000000000000000000000000000000,4,4.701181171769407e-05,3,2,1
double_twins_p13,"[0,2,26,28]",510510,9699690,19,51,50,6,10000100000000000000000000000000000000000000010000,20,0.00023505905858847037,5,4,1
double_twins_p13,"[0,2,26,28]",510510,9699690,19,51,50,6,10000100000000000000000000000000000000001000000000,8,9.402362343538814e-05,5,4,1
double_twins_p13,"[0,2,26,28]",510510,9699690,19,51,50,6,10000100000000000000000000000000000000001000010000,36,0.0004231063054592466,7,6,1
double_twins_p13,"[0,2,26,28]",510510,9699690,19,51,50,6,10000100000000000000000000000000000100000000000000,6,7.05177175765411e-05,5,4,1
double_twins_p13,"[0,2,26,28]",510510,9699690,19,51,50,6,10000100000000000000000000000000000100000000010000,25,0.00029382382323558796,7,6,1
double_twins_p13,"[0,2,26,28]",510510,9699690,19,51,50,6,10000100000000000000000000000010000000000000000000,4,4.701181171769407e-05,6,5,1
double_twins_p13,"[0,2,26,28]",510510,9699690,19,51,50,6,10000100000000000000000000000010000000000000010000,24,0.0002820708703061644,9,8,1
double_twins_p13,"[0,2,26,28]",510510,9699690,19,51,50,6,10000100000000000000000000000010000000001000000000,24,0.0002820708703061644,8,7,1
double_twins_p13,"[0,2,26,28]",510510,9699690,19,51,50,6,10000100000000000000000000000010000000001000010000,60,0.0007051771757654111,11,10,1
double_twins_p13,"[0,2,26,28]",510510,9699690,19,51,50,6,10000100000000000000000000000010000100000000000000,8,9.402362343538814e-05,8,7,1
double_twins_p13,"[0,2,26,28]",510510,9699690,19,51,50,6,10000100000000000000000000000010000100000000010000,24,0.0002820708703061644,10,9,1
double_twins_p13,"[0,2,26,28]",510510,9699690,19,51,50,7,00000000000000000000000000000000000000000000100000,33,0.00038784744667097606,2,1,1
double_twins_p13,"[0,2,26,28]",510510,9699690,19,51,50,7,00000000000000000000000000000000000000010000000000,44,0.0005171299288946348,2,1,1
double_twins_p13,"[0,2,26,28]",510510,9699690,19,51,50,7,00000000000000000000000000000000000000010000100000,12,0.0001410354351530822,3,2,1
double_twins_p13,"[0,2,26,28]",510510,9699690,19,51,50,7,00000000000000000000000000000000001000000000000000,75,0.0008814714697067638,2,1,1
double_twins_p13,"[0,2,26,28]",510510,9699690,19,51,50,7,00000000000000000000000000000000001000000000100000,21,0.00024681201151789385,3,2,1
double_twins_p13,"[0,2,26,28]",510510,9699690,19,51,50,7,00000000000000000000000000000000001000010000000000,68,0.0007992007992007992,3,2,1
double_twins_p13,"[0,2,26,28]",510510,9699690,19,51,50,7,00000000000000000000000000000100000000000000000000,86,0.0010107539519304226,2,1,1
double_twins_p13,"[0,2,26,28]",510510,9699690,19,51,50,7,00000000000000000000000000000100000000000000100000,86,0.0010107539519304226,4,3,1
double_twins_p13,"[0,2,26,28]",510510,9699690,19,51,50,7,00000000000000000000000000000100000000010000000000,100,0.0011752952929423518,3,2,1
double_twins_p13,"[0,2,26,28]",510510,9699690,19,51,50,7,00000000000000000000000000000100000000010000100000,40,0.00047011811717694073,5,4,1
double_twins_p13,"[0,2,26,28]",510510,9699690,19,51,50,7,00000000000000000000000000000100001000000000000000,33,0.00038784744667097606,3,2,1
double_twins_p13,"[0,2,26,28]",510510,9699690,19,51,50,7,00000000000000000000000000000100001000000000100000,43,0.0005053769759652113,5,4,1
double_twins_p13,"[0,2,26,28]",510510,9699690,19,51,50,7,00000000010000000000000000000000000000000000000000,73,0.0008579655638479167,2,1,1
double_twins_p13,"[0,2,26,28]",510510,9699690,19,51,50,7,00000000010000000000000000000000000000000000100000,42,0.0004936240230357877,3,2,1
double_twins_p13,"[0,2,26,28]",510510,9699690,19,51,50,7,00000000010000000000000000000000000000010000000000,169,0.0019862490450725744,4,3,1
double_twins_p13,"[0,2,26,28]",510510,9699690,19,51,50,7,00000000010000000000000000000000000000010000100000,28,0.00032908268202385847,5,4,1
double_twins_p13,"[0,2,26,28]",510510,9699690,19,51,50,7,00000000010000000000000000000000001000000000000000,96,0.0011282834812246577,4,3,1
double_twins_p13,"[0,2,26,28]",510510,9699690,19,51,50,7,00000000010000000000000000000000001000000000100000,30,0.00035258858788270555,5,4,1
double_twins_p13,"[0,2,26,28]",510510,9699690,19,51,50,7,00000000010000000000000000000000001000010000000000,112,0.0013163307280954339,6,5,1
double_twins_p13,"[0,2,26,28]",510510,9699690,19,51,50,7,00000000010000000000000000000100000000000000000000,34,0.0003996003996003996,3,2,1
double_twins_p13,"[0,2,26,28]",510510,9699690,19,51,50,7,00000000010000000000000000000100000000000000100000,23,0.00027031791737674093,5,4,1
double_twins_p13,"[0,2,26,28]",510510,9699690,19,51,50,7,00000000010000000000000000000100000000010000000000,93,0.001093024622436387,5,4,1
double_twins_p13,"[0,2,26,28]",510510,9699690,19,51,50,7,00000000010000000000000000000100000000010000100000,35,0.00041135335252982314,7,6,1
double_twins_p13,"[0,2,26,28]",510510,9699690,19,51,50,7,00000000010000000000000000000100001000000000000000,9,0.00010577657636481166,5,4,1
double_twins_p13,"[0,2,26,28]",510510,9699690,19,51,50,7,00000000010000000000000000000100001000000000100000,14,0.00016454134101192923,7,6,1
double_twins_p13,"[0,2,26,28]",510510,9699690,19,51,50,7,00001000000000000000000000000000000000000000000000,21,0.00024681201151789385,2,1,1
double_twins_p13,"[0,2,26,28]",510510,9699690,19,51,50,7,00001000000000000000000000000000000000000000100000,65,0.0007639419404125286,4,3,1
double_twins_p13,"[0,2,26,28]",510510,9699690,19,51,50,7,00001000000000000000000000000000000000010000000000,22,0.0002585649644473174,3,2,1
double_twins_p13,"[0,2,26,28]",510510,9699690,19,51,50,7,00001000000000000000000000000000000000010000100000,56,0.0006581653640477169,5,4,1
double_twins_p13,"[0,2,26,28]",510510,9699690,19,51,50,7,00001000000000000000000000000000001000000000000000,69,0.0008109537521302227,4,3,1
double_twins_p13,"[0,2,26,28]",510510,9699690,19,51,50,7,00001000000000000000000000000000001000000000100000,124,0.0014573661632485161,6,5,1
double_twins_p13,"[0,2,26,28]",510510,9699690,19,51,50,7,00001000000000000000000000000000001000010000000000,31,0.00036434154081212903,5,4,1
double_twins_p13,"[0,2,26,28]",510510,9699690,19,51,50,7,00001000000000000000000000000100000000000000000000,41,0.0004818710701063642,4,3,1
double_twins_p13,"[0,2,26,28]",510510,9699690,19,51,50,7,00001000000000000000000000000100000000000000100000,69,0.0008109537521302227,7,6,1
double_twins_p13,"[0,2,26,28]",510510,9699690,19,51,50,7,00001000000000000000000000000100000000010000000000,56,0.0006581653640477169,5,4,1
double_twins_p13,"[0,2,26,28]",510510,9699690,19,51,50,7,00001000000000000000000000000100000000010000100000,72,0.0008462126109184933,8,7,1
double_twins_p13,"[0,2,26,28]",510510,9699690,19,51,50,7,00001000000000000000000000000100001000000000000000,52,0.0006111535523300229,6,5,1
double_twins_p13,"[0,2,26,28]",510510,9699690,19,51,50,7,00001000000000000000000000000100001000000000100000,80,0.0009402362343538815,8,7,1
double_twins_p13,"[0,2,26,28]",510510,9699690,19,51,50,7,00001000010000000000000000000000000000000000000000,15,0.00017629429394135277,3,2,1
double_twins_p13,"[0,2,26,28]",510510,9699690,19,51,50,7,00001000010000000000000000000000000000000000100000,30,0.00035258858788270555,5,4,1
double_twins_p13,"[0,2,26,28]",510510,9699690,19,51,50,7,00001000010000000000000000000000000000010000000000,31,0.00036434154081212903,5,4,1
double_twins_p13,"[0,2,26,28]",510510,9699690,19,51,50,7,00001000010000000000000000000000001000000000000000,26,0.00030557677616501144,6,5,1
double_twins_p13,"[0,2,26,28]",510510,9699690,19,51,50,7,00001000010000000000000000000000001000000000100000,74,0.0008697185167773403,8,7,1
double_twins_p13,"[0,2,26,28]",510510,9699690,19,51,50,7,00001000010000000000000000000000001000010000000000,32,0.0003760944937415526,8,7,1
double_twins_p13,"[0,2,26,28]",510510,9699690,19,51,50,7,00001000010000000000000000000100000000000000000000,9,0.00010577657636481166,5,4,1
double_twins_p13,"[0,2,26,28]",510510,9699690,19,51,50,7,00001000010000000000000000000100000000000000100000,14,0.00016454134101192923,8,7,1
double_twins_p13,"[0,2,26,28]",510510,9699690,19,51,50,7,00001000010000000000000000000100001000000000000000,2,2.3505905858847036e-05,8,7,1
double_twins_p13,"[0,2,26,28]",510510,9699690,19,51,50,7,00001000010000000000000000000100001000000000100000,10,0.00011752952929423518,10,9,1
double_twins_p13,"[0,2,26,28]",510510,9699690,19,51,50,8,00000000000000000000000000000000000000000001000000,33,0.00038784744667097606,2,1,1
double_twins_p13,"[0,2,26,28]",510510,9699690,19,51,50,8,00000000000000000000000000000000000000100000000000,44,0.0005171299288946348,2,1,1
double_twins_p13,"[0,2,26,28]",510510,9699690,19,51,50,8,00000000000000000000000000000000000000100001000000,12,0.0001410354351530822,3,2,1
double_twins_p13,"[0,2,26,28]",510510,9699690,19,51,50,8,00000000000000000000000000000000010000000000000000,75,0.0008814714697067638,2,1,1
double_twins_p13,"[0,2,26,28]",510510,9699690,19,51,50,8,00000000000000000000000000000000010000000001000000,21,0.00024681201151789385,3,2,1
double_twins_p13,"[0,2,26,28]",510510,9699690,19,51,50,8,00000000000000000000000000000000010000100000000000,68,0.0007992007992007992,3,2,1
double_twins_p13,"[0,2,26,28]",510510,9699690,19,51,50,8,00000000000000000000000000001000000000000000000000,86,0.0010107539519304226,2,1,1
double_twins_p13,"[0,2,26,28]",510510,9699690,19,51,50,8,00000000000000000000000000001000000000000001000000,86,0.0010107539519304226,4,3,1
double_twins_p13,"[0,2,26,28]",510510,9699690,19,51,50,8,00000000000000000000000000001000000000100000000000,100,0.0011752952929423518,3,2,1
double_twins_p13,"[0,2,26,28]",510510,9699690,19,51,50,8,00000000000000000000000000001000000000100001000000,40,0.00047011811717694073,5,4,1
double_twins_p13,"[0,2,26,28]",510510,9699690,19,51,50,8,00000000000000000000000000001000010000000000000000,33,0.00038784744667097606,3,2,1
double_twins_p13,"[0,2,26,28]",510510,9699690,19,51,50,8,00000000000000000000000000001000010000000001000000,43,0.0005053769759652113,5,4,1
double_twins_p13,"[0,2,26,28]",510510,9699690,19,51,50,8,00000000100000000000000000000000000000000000000000,73,0.0008579655638479167,2,1,1
double_twins_p13,"[0,2,26,28]",510510,9699690,19,51,50,8,00000000100000000000000000000000000000000001000000,42,0.0004936240230357877,3,2,1
double_twins_p13,"[0,2,26,28]",510510,9699690,19,51,50,8,00000000100000000000000000000000000000100000000000,169,0.0019862490450725744,4,3,1
double_twins_p13,"[0,2,26,28]",510510,9699690,19,51,50,8,00000000100000000000000000000000000000100001000000,28,0.00032908268202385847,5,4,1
double_twins_p13,"[0,2,26,28]",510510,9699690,19,51,50,8,00000000100000000000000000000000010000000000000000,96,0.0011282834812246577,4,3,1
double_twins_p13,"[0,2,26,28]",510510,9699690,19,51,50,8,00000000100000000000000000000000010000000001000000,30,0.00035258858788270555,5,4,1
double_twins_p13,"[0,2,26,28]",510510,9699690,19,51,50,8,00000000100000000000000000000000010000100000000000,112,0.0013163307280954339,6,5,1
double_twins_p13,"[0,2,26,28]",510510,9699690,19,51,50,8,00000000100000000000000000001000000000000000000000,34,0.0003996003996003996,3,2,1
double_twins_p13,"[0,2,26,28]",510510,9699690,19,51,50,8,00000000100000000000000000001000000000000001000000,23,0.00027031791737674093,5,4,1
double_twins_p13,"[0,2,26,28]",510510,9699690,19,51,50,8,00000000100000000000000000001000000000100000000000,93,0.001093024622436387,5,4,1
double_twins_p13,"[0,2,26,28]",510510,9699690,19,51,50,8,00000000100000000000000000001000000000100001000000,35,0.00041135335252982314,7,6,1
double_twins_p13,"[0,2,26,28]",510510,9699690,19,51,50,8,00000000100000000000000000001000010000000000000000,9,0.00010577657636481166,5,4,1
double_twins_p13,"[0,2,26,28]",510510,9699690,19,51,50,8,00000000100000000000000000001000010000000001000000,14,0.00016454134101192923,7,6,1
double_twins_p13,"[0,2,26,28]",510510,9699690,19,51,50,8,00010000000000000000000000000000000000000000000000,21,0.00024681201151789385,2,1,1
double_twins_p13,"[0,2,26,28]",510510,9699690,19,51,50,8,00010000000000000000000000000000000000000001000000,65,0.0007639419404125286,4,3,1
double_twins_p13,"[0,2,26,28]",510510,9699690,19,51,50,8,00010000000000000000000000000000000000100000000000,22,0.0002585649644473174,3,2,1
double_twins_p13,"[0,2,26,28]",510510,9699690,19,51,50,8,00010000000000000000000000000000000000100001000000,56,0.0006581653640477169,5,4,1
double_twins_p13,"[0,2,26,28]",510510,9699690,19,51,50,8,00010000000000000000000000000000010000000000000000,69,0.0008109537521302227,4,3,1
double_twins_p13,"[0,2,26,28]",510510,9699690,19,51,50,8,00010000000000000000000000000000010000000001000000,124,0.0014573661632485161,6,5,1
double_twins_p13,"[0,2,26,28]",510510,9699690,19,51,50,8,00010000000000000000000000000000010000100000000000,31,0.00036434154081212903,5,4,1
double_twins_p13,"[0,2,26,28]",510510,9699690,19,51,50,8,00010000000000000000000000001000000000000000000000,41,0.0004818710701063642,4,3,1
double_twins_p13,"[0,2,26,28]",510510,9699690,19,51,50,8,00010000000000000000000000001000000000000001000000,69,0.0008109537521302227,7,6,1
double_twins_p13,"[0,2,26,28]",510510,9699690,19,51,50,8,00010000000000000000000000001000000000100000000000,56,0.0006581653640477169,5,4,1
double_twins_p13,"[0,2,26,28]",510510,9699690,19,51,50,8,00010000000000000000000000001000000000100001000000,72,0.0008462126109184933,8,7,1
double_twins_p13,"[0,2,26,28]",510510,9699690,19,51,50,8,00010000000000000000000000001000010000000000000000,52,0.0006111535523300229,6,5,1
double_twins_p13,"[0,2,26,28]",510510,9699690,19,51,50,8,00010000000000000000000000001000010000000001000000,80,0.0009402362343538815,8,7,1
double_twins_p13,"[0,2,26,28]",510510,9699690,19,51,50,8,00010000100000000000000000000000000000000000000000,15,0.00017629429394135277,3,2,1
double_twins_p13,"[0,2,26,28]",510510,9699690,19,51,50,8,00010000100000000000000000000000000000000001000000,30,0.00035258858788270555,5,4,1
double_twins_p13,"[0,2,26,28]",510510,9699690,19,51,50,8,00010000100000000000000000000000000000100000000000,31,0.00036434154081212903,5,4,1
double_twins_p13,"[0,2,26,28]",510510,9699690,19,51,50,8,00010000100000000000000000000000010000000000000000,26,0.00030557677616501144,6,5,1
double_twins_p13,"[0,2,26,28]",510510,9699690,19,51,50,8,00010000100000000000000000000000010000000001000000,74,0.0008697185167773403,8,7,1
double_twins_p13,"[0,2,26,28]",510510,9699690,19,51,50,8,00010000100000000000000000000000010000100000000000,32,0.0003760944937415526,8,7,1
double_twins_p13,"[0,2,26,28]",510510,9699690,19,51,50,8,00010000100000000000000000001000000000000000000000,9,0.00010577657636481166,5,4,1
double_twins_p13,"[0,2,26,28]",510510,9699690,19,51,50,8,00010000100000000000000000001000000000000001000000,14,0.00016454134101192923,8,7,1
double_twins_p13,"[0,2,26,28]",510510,9699690,19,51,50,8,00010000100000000000000000001000010000000000000000,2,2.3505905858847036e-05,8,7,1
double_twins_p13,"[0,2,26,28]",510510,9699690,19,51,50,8,00010000100000000000000000001000010000000001000000,10,0.00011752952929423518,10,9,1
double_twins_p13,"[0,2,26,28]",510510,9699690,19,51,50,9,00000000000000000000000000000000000000000010000000,33,0.00038784744667097606,2,1,1
double_twins_p13,"[0,2,26,28]",510510,9699690,19,51,50,9,00000000000000000000000000000000000001000000000000,44,0.0005171299288946348,2,1,1
double_twins_p13,"[0,2,26,28]",510510,9699690,19,51,50,9,00000000000000000000000000000000000001000010000000,12,0.0001410354351530822,3,2,1
double_twins_p13,"[0,2,26,28]",510510,9699690,19,51,50,9,00000000000000000000000000000000100000000000000000,75,0.0008814714697067638,2,1,1
double_twins_p13,"[0,2,26,28]",510510,9699690,19,51,50,9,00000000000000000000000000000000100000000010000000,21,0.00024681201151789385,3,2,1
double_twins_p13,"[0,2,26,28]",510510,9699690,19,51,50,9,00000000000000000000000000000000100001000000000000,68,0.0007992007992007992,3,2,1
double_twins_p13,"[0,2,26,28]",510510,9699690,19,51,50,9,00000000000000000000000000010000000000000000000000,86,0.0010107539519304226,2,1,1
double_twins_p13,"[0,2,26,28]",510510,9699690,19,51,50,9,00000000000000000000000000010000000000000010000000,86,0.0010107539519304226,4,3,1
double_twins_p13,"[0,2,26,28]",510510,9699690,19,51,50,9,00000000000000000000000000010000000001000000000000,100,0.0011752952929423518,3,2,1
double_twins_p13,"[0,2,26,28]",510510,9699690,19,51,50,9,00000000000000000000000000010000000001000010000000,40,0.00047011811717694073,5,4,1
double_twins_p13,"[0,2,26,28]",510510,9699690,19,51,50,9,00000000000000000000000000010000100000000000000000,33,0.00038784744667097606,3,2,1
double_twins_p13,"[0,2,26,28]",510510,9699690,19,51,50,9,00000000000000000000000000010000100000000010000000,43,0.0005053769759652113,5,4,1
double_twins_p13,"[0,2,26,28]",510510,9699690,19,51,50,9,00000001000000000000000000000000000000000000000000,73,0.0008579655638479167,2,1,1
double_twins_p13,"[0,2,26,28]",510510,9699690,19,51,50,9,00000001000000000000000000000000000000000010000000,42,0.0004936240230357877,3,2,1
double_twins_p13,"[0,2,26,28]",510510,9699690,19,51,50,9,00000001000000000000000000000000000001000000000000,169,0.0019862490450725744,4,3,1
double_twins_p13,"[0,2,26,28]",510510,9699690,19,51,50,9,00000001000000000000000000000000000001000010000000,28,0.00032908268202385847,5,4,1
double_twins_p13,"[0,2,26,28]",510510,9699690,19,51,50,9,00000001000000000000000000000000100000000000000000,96,0.0011282834812246577,4,3,1
double_twins_p13,"[0,2,26,28]",510510,9699690,19,51,50,9,00000001000000000000000000000000100000000010000000,30,0.00035258858788270555,5,4,1
double_twins_p13,"[0,2,26,28]",510510,9699690,19,51,50,9,00000001000000000000000000000000100001000000000000,112,0.0013163307280954339,6,5,1
double_twins_p13,"[0,2,26,28]",510510,9699690,19,51,50,9,00000001000000000000000000010000000000000000000000,34,0.0003996003996003996,3,2,1
double_twins_p13,"[0,2,26,28]",510510,9699690,19,51,50,9,00000001000000000000000000010000000000000010000000,23,0.00027031791737674093,5,4,1
double_twins_p13,"[0,2,26,28]",510510,9699690,19,51,50,9,00000001000000000000000000010000000001000000000000,93,0.001093024622436387,5,4,1
double_twins_p13,"[0,2,26,28]",510510,9699690,19,51,50,9,00000001000000000000000000010000000001000010000000,35,0.00041135335252982314,7,6,1
double_twins_p13,"[0,2,26,28]",510510,9699690,19,51,50,9,00000001000000000000000000010000100000000000000000,9,0.00010577657636481166,5,4,1
double_twins_p13,"[0,2,26,28]",510510,9699690,19,51,50,9,00000001000000000000000000010000100000000010000000,14,0.00016454134101192923,7,6,1
double_twins_p13,"[0,2,26,28]",510510,9699690,19,51,50,9,00100000000000000000000000000000000000000000000000,21,0.00024681201151789385,2,1,1
double_twins_p13,"[0,2,26,28]",510510,9699690,19,51,50,9,00100000000000000000000000000000000000000010000000,65,0.0007639419404125286,4,3,1
double_twins_p13,"[0,2,26,28]",510510,9699690,19,51,50,9,00100000000000000000000000000000000001000000000000,22,0.0002585649644473174,3,2,1
double_twins_p13,"[0,2,26,28]",510510,9699690,19,51,50,9,00100000000000000000000000000000000001000010000000,56,0.0006581653640477169,5,4,1
double_twins_p13,"[0,2,26,28]",510510,9699690,19,51,50,9,00100000000000000000000000000000100000000000000000,69,0.0008109537521302227,4,3,1
double_twins_p13,"[0,2,26,28]",510510,9699690,19,51,50,9,00100000000000000000000000000000100000000010000000,124,0.0014573661632485161,6,5,1
double_twins_p13,"[0,2,26,28]",510510,9699690,19,51,50,9,00100000000000000000000000000000100001000000000000,31,0.00036434154081212903,5,4,1
double_twins_p13,"[0,2,26,28]",510510,9699690,19,51,50,9,00100000000000000000000000010000000000000000000000,41,0.0004818710701063642,4,3,1
double_twins_p13,"[0,2,26,28]",510510,9699690,19,51,50,9,00100000000000000000000000010000000000000010000000,69,0.0008109537521302227,7,6,1
double_twins_p13,"[0,2,26,28]",510510,9699690,19,51,50,9,00100000000000000000000000010000000001000000000000,56,0.0006581653640477169,5,4,1
double_twins_p13,"[0,2,26,28]",510510,9699690,19,51,50,9,00100000000000000000000000010000000001000010000000,72,0.0008462126109184933,8,7,1
double_twins_p13,"[0,2,26,28]",510510,9699690,19,51,50,9,00100000000000000000000000010000100000000000000000,52,0.0006111535523300229,6,5,1
double_twins_p13,"[0,2,26,28]",510510,9699690,19,51,50,9,00100000000000000000000000010000100000000010000000,80,0.0009402362343538815,8,7,1
double_twins_p13,"[0,2,26,28]",510510,9699690,19,51,50,9,00100001000000000000000000000000000000000000000000,15,0.00017629429394135277,3,2,1
double_twins_p13,"[0,2,26,28]",510510,9699690,19,51,50,9,00100001000000000000000000000000000000000010000000,30,0.00035258858788270555,5,4,1
double_twins_p13,"[0,2,26,28]",510510,9699690,19,51,50,9,00100001000000000000000000000000000001000000000000,31,0.00036434154081212903,5,4,1
double_twins_p13,"[0,2,26,28]",510510,9699690,19,51,50,9,00100001000000000000000000000000100000000000000000,26,0.00030557677616501144,6,5,1
double_twins_p13,"[0,2,26,28]",510510,9699690,19,51,50,9,00100001000000000000000000000000100000000010000000,74,0.0008697185167773403,8,7,1
double_twins_p13,"[0,2,26,28]",510510,9699690,19,51,50,9,00100001000000000000000000000000100001000000000000,32,0.0003760944937415526,8,7,1
double_twins_p13,"[0,2,26,28]",510510,9699690,19,51,50,9,00100001000000000000000000010000000000000000000000,9,0.00010577657636481166,5,4,1
double_twins_p13,"[0,2,26,28]",510510,9699690,19,51,50,9,00100001000000000000000000010000000000000010000000,14,0.00016454134101192923,8,7,1
double_twins_p13,"[0,2,26,28]",510510,9699690,19,51,50,9,00100001000000000000000000010000100000000000000000,2,2.3505905858847036e-05,8,7,1
double_twins_p13,"[0,2,26,28]",510510,9699690,19,51,50,9,00100001000000000000000000010000100000000010000000,10,0.00011752952929423518,10,9,1
double_twins_p13,"[0,2,26,28]",510510,9699690,19,51,50,10,00000000000000000000000000000000000000000100000000,33,0.00038784744667097606,2,1,1
double_twins_p13,"[0,2,26,28]",510510,9699690,19,51,50,10,00000000000000000000000000000000000010000000000000,44,0.0005171299288946348,2,1,1
double_twins_p13,"[0,2,26,28]",510510,9699690,19,51,50,10,00000000000000000000000000000000000010000100000000,12,0.0001410354351530822,3,2,1
double_twins_p13,"[0,2,26,28]",510510,9699690,19,51,50,10,00000000000000000000000000000001000000000000000000,75,0.0008814714697067638,2,1,1
double_twins_p13,"[0,2,26,28]",510510,9699690,19,51,50,10,00000000000000000000000000000001000000000100000000,21,0.00024681201151789385,3,2,1
double_twins_p13,"[0,2,26,28]",510510,9699690,19,51,50,10,00000000000000000000000000000001000010000000000000,68,0.0007992007992007992,3,2,1
double_twins_p13,"[0,2,26,28]",510510,9699690,19,51,50,10,00000000000000000000000000100000000000000000000000,86,0.0010107539519304226,2,1,1
double_twins_p13,"[0,2,26,28]",510510,9699690,19,51,50,10,00000000000000000000000000100000000000000100000000,86,0.0010107539519304226,4,3,1
double_twins_p13,"[0,2,26,28]",510510,9699690,19,51,50,10,00000000000000000000000000100000000010000000000000,100,0.0011752952929423518,3,2,1
double_twins_p13,"[0,2,26,28]",510510,9699690,19,51,50,10,00000000000000000000000000100000000010000100000000,40,0.00047011811717694073,5,4,1
double_twins_p13,"[0,2,26,28]",510510,9699690,19,51,50,10,00000000000000000000000000100001000000000000000000,33,0.00038784744667097606,3,2,1
double_twins_p13,"[0,2,26,28]",510510,9699690,19,51,50,10,00000000000000000000000000100001000000000100000000,43,0.0005053769759652113,5,4,1
double_twins_p13,"[0,2,26,28]",510510,9699690,19,51,50,10,00000010000000000000000000000000000000000000000000,73,0.0008579655638479167,2,1,1
double_twins_p13,"[0,2,26,28]",510510,9699690,19,51,50,10,00000010000000000000000000000000000000000100000000,42,0.0004936240230357877,3,2,1
double_twins_p13,"[0,2,26,28]",510510,9699690,19,51,50,10,00000010000000000000000000000000000010000000000000,169,0.0019862490450725744,4,3,1
double_twins_p13,"[0,2,26,28]",510510,9699690,19,51,50,10,00000010000000000000000000000000000010000100000000,28,0.00032908268202385847,5,4,1
double_twins_p13,"[0,2,26,28]",510510,9699690,19,51,50,10,00000010000000000000000000000001000000000000000000,96,0.0011282834812246577,4,3,1
double_twins_p13,"[0,2,26,28]",510510,9699690,19,51,50,10,00000010000000000000000000000001000000000100000000,30,0.00035258858788270555,5,4,1
double_twins_p13,"[0,2,26,28]",510510,9699690,19,51,50,10,00000010000000000000000000000001000010000000000000,112,0.0013163307280954339,6,5,1
double_twins_p13,"[0,2,26,28]",510510,9699690,19,51,50,10,00000010000000000000000000100000000000000000000000,34,0.0003996003996003996,3,2,1
double_twins_p13,"[0,2,26,28]",510510,9699690,19,51,50,10,00000010000000000000000000100000000000000100000000,23,0.00027031791737674093,5,4,1
double_twins_p13,"[0,2,26,28]",510510,9699690,19,51,50,10,00000010000000000000000000100000000010000000000000,93,0.001093024622436387,5,4,1
double_twins_p13,"[0,2,26,28]",510510,9699690,19,51,50,10,00000010000000000000000000100000000010000100000000,35,0.00041135335252982314,7,6,1
double_twins_p13,"[0,2,26,28]",510510,9699690,19,51,50,10,00000010000000000000000000100001000000000000000000,9,0.00010577657636481166,5,4,1
double_twins_p13,"[0,2,26,28]",510510,9699690,19,51,50,10,00000010000000000000000000100001000000000100000000,14,0.00016454134101192923,7,6,1
double_twins_p13,"[0,2,26,28]",510510,9699690,19,51,50,10,01000000000000000000000000000000000000000000000000,21,0.00024681201151789385,2,1,1
double_twins_p13,"[0,2,26,28]",510510,9699690,19,51,50,10,01000000000000000000000000000000000000000100000000,65,0.0007639419404125286,4,3,1
double_twins_p13,"[0,2,26,28]",510510,9699690,19,51,50,10,01000000000000000000000000000000000010000000000000,22,0.0002585649644473174,3,2,1
double_twins_p13,"[0,2,26,28]",510510,9699690,19,51,50,10,01000000000000000000000000000000000010000100000000,56,0.0006581653640477169,5,4,1
double_twins_p13,"[0,2,26,28]",510510,9699690,19,51,50,10,01000000000000000000000000000001000000000000000000,69,0.0008109537521302227,4,3,1
double_twins_p13,"[0,2,26,28]",510510,9699690,19,51,50,10,01000000000000000000000000000001000000000100000000,124,0.0014573661632485161,6,5,1
double_twins_p13,"[0,2,26,28]",510510,9699690,19,51,50,10,01000000000000000000000000000001000010000000000000,31,0.00036434154081212903,5,4,1
double_twins_p13,"[0,2,26,28]",510510,9699690,19,51,50,10,01000000000000000000000000100000000000000000000000,41,0.0004818710701063642,4,3,1
double_twins_p13,"[0,2,26,28]",510510,9699690,19,51,50,10,01000000000000000000000000100000000000000100000000,69,0.0008109537521302227,7,6,1
double_twins_p13,"[0,2,26,28]",510510,9699690,19,51,50,10,01000000000000000000000000100000000010000000000000,56,0.0006581653640477169,5,4,1
double_twins_p13,"[0,2,26,28]",510510,9699690,19,51,50,10,01000000000000000000000000100000000010000100000000,72,0.0008462126109184933,8,7,1
double_twins_p13,"[0,2,26,28]",510510,9699690,19,51,50,10,01000000000000000000000000100001000000000000000000,52,0.0006111535523300229,6,5,1
double_twins_p13,"[0,2,26,28]",510510,9699690,19,51,50,10,01000000000000000000000000100001000000000100000000,80,0.0009402362343538815,8,7,1
double_twins_p13,"[0,2,26,28]",510510,9699690,19,51,50,10,01000010000000000000000000000000000000000000000000,15,0.00017629429394135277,3,2,1
double_twins_p13,"[0,2,26,28]",510510,9699690,19,51,50,10,01000010000000000000000000000000000000000100000000,30,0.00035258858788270555,5,4,1
double_twins_p13,"[0,2,26,28]",510510,9699690,19,51,50,10,01000010000000000000000000000000000010000000000000,31,0.00036434154081212903,5,4,1
double_twins_p13,"[0,2,26,28]",510510,9699690,19,51,50,10,01000010000000000000000000000001000000000000000000,26,0.00030557677616501144,6,5,1
double_twins_p13,"[0,2,26,28]",510510,9699690,19,51,50,10,01000010000000000000000000000001000000000100000000,74,0.0008697185167773403,8,7,1
double_twins_p13,"[0,2,26,28]",510510,9699690,19,51,50,10,01000010000000000000000000000001000010000000000000,32,0.0003760944937415526,8,7,1
double_twins_p13,"[0,2,26,28]",510510,9699690,19,51,50,10,01000010000000000000000000100000000000000000000000,9,0.00010577657636481166,5,4,1
double_twins_p13,"[0,2,26,28]",510510,9699690,19,51,50,10,01000010000000000000000000100000000000000100000000,14,0.00016454134101192923,8,7,1
double_twins_p13,"[0,2,26,28]",510510,9699690,19,51,50,10,01000010000000000000000000100001000000000000000000,2,2.3505905858847036e-05,8,7,1
double_twins_p13,"[0,2,26,28]",510510,9699690,19,51,50,10,01000010000000000000000000100001000000000100000000,10,0.00011752952929423518,10,9,1
double_twins_p13,"[0,2,26,28]",510510,9699690,19,51,50,11,00000000000000000000000000000000000000001000000000,33,0.00038784744667097606,2,1,1
double_twins_p13,"[0,2,26,28]",510510,9699690,19,51,50,11,00000000000000000000000000000000000100000000000000,44,0.0005171299288946348,2,1,1
double_twins_p13,"[0,2,26,28]",510510,9699690,19,51,50,11,00000000000000000000000000000000000100001000000000,12,0.0001410354351530822,3,2,1
double_twins_p13,"[0,2,26,28]",510510,9699690,19,51,50,11,00000000000000000000000000000010000000000000000000,75,0.0008814714697067638,2,1,1
double_twins_p13,"[0,2,26,28]",510510,9699690,19,51,50,11,00000000000000000000000000000010000000001000000000,21,0.00024681201151789385,3,2,1
double_twins_p13,"[0,2,26,28]",510510,9699690,19,51,50,11,00000000000000000000000000000010000100000000000000,68,0.0007992007992007992,3,2,1
double_twins_p13,"[0,2,26,28]",510510,9699690,19,51,50,11,00000000000000000000000001000000000000000000000000,86,0.0010107539519304226,2,1,1
double_twins_p13,"[0,2,26,28]",510510,9699690,19,51,50,11,00000000000000000000000001000000000000001000000000,86,0.0010107539519304226,4,3,1
double_twins_p13,"[0,2,26,28]",510510,9699690,19,51,50,11,00000000000000000000000001000000000100000000000000,100,0.0011752952929423518,3,2,1
double_twins_p13,"[0,2,26,28]",510510,9699690,19,51,50,11,00000000000000000000000001000000000100001000000000,40,0.00047011811717694073,5,4,1
double_twins_p13,"[0,2,26,28]",510510,9699690,19,51,50,11,00000000000000000000000001000010000000000000000000,33,0.00038784744667097606,3,2,1
double_twins_p13,"[0,2,26,28]",510510,9699690,19,51,50,11,00000000000000000000000001000010000000001000000000,43,0.0005053769759652113,5,4,1
double_twins_p13,"[0,2,26,28]",510510,9699690,19,51,50,11,00000100000000000000000000000000000000000000000000,73,0.0008579655638479167,2,1,1
double_twins_p13,"[0,2,26,28]",510510,9699690,19,51,50,11,00000100000000000000000000000000000000001000000000,42,0.0004936240230357877,3,2,1
double_twins_p13,"[0,2,26,28]",510510,9699690,19,51,50,11,00000100000000000000000000000000000100000000000000,169,0.0019862490450725744,4,3,1
double_twins_p13,"[0,2,26,28]",510510,9699690,19,51,50,11,00000100000000000000000000000000000100001000000000,28,0.00032908268202385847,5,4,1
double_twins_p13,"[0,2,26,28]",510510,9699690,19,51,50,11,00000100000000000000000000000010000000000000000000,96,0.0011282834812246577,4,3,1
double_twins_p13,"[0,2,26,28]",510510,9699690,19,51,50,11,00000100000000000000000000000010000000001000000000,30,0.00035258858788270555,5,4,1
double_twins_p13,"[0,2,26,28]",510510,9699690,19,51,50,11,00000100000000000000000000000010000100000000000000,112,0.0013163307280954339,6,5,1
double_twins_p13,"[0,2,26,28]",510510,9699690,19,51,50,11,00000100000000000000000001000000000000000000000000,34,0.0003996003996003996,3,2,1
double_twins_p13,"[0,2,26,28]",510510,9699690,19,51,50,11,00000100000000000000000001000000000000001000000000,23,0.00027031791737674093,5,4,1
double_twins_p13,"[0,2,26,28]",510510,9699690,19,51,50,11,00000100000000000000000001000000000100000000000000,93,0.001093024622436387,5,4,1
double_twins_p13,"[0,2,26,28]",510510,9699690,19,51,50,11,00000100000000000000000001000000000100001000000000,35,0.00041135335252982314,7,6,1
double_twins_p13,"[0,2,26,28]",510510,9699690,19,51,50,11,00000100000000000000000001000010000000000000000000,9,0.00010577657636481166,5,4,1
double_twins_p13,"[0,2,26,28]",510510,9699690,19,51,50,11,00000100000000000000000001000010000000001000000000,14,0.00016454134101192923,7,6,1
double_twins_p13,"[0,2,26,28]",510510,9699690,19,51,50,11,10000000000000000000000000000000000000000000000000,21,0.00024681201151789385,2,1,1
double_twins_p13,"[0,2,26,28]",510510,9699690,19,51,50,11,10000000000000000000000000000000000000001000000000,65,0.0007639419404125286,4,3,1
double_twins_p13,"[0,2,26,28]",510510,9699690,19,51,50,11,10000000000000000000000000000000000100000000000000,22,0.0002585649644473174,3,2,1
double_twins_p13,"[0,2,26,28]",510510,9699690,19,51,50,11,10000000000000000000000000000000000100001000000000,56,0.0006581653640477169,5,4,1
double_twins_p13,"[0,2,26,28]",510510,9699690,19,51,50,11,10000000000000000000000000000010000000000000000000,69,0.0008109537521302227,4,3,1
double_twins_p13,"[0,2,26,28]",510510,9699690,19,51,50,11,10000000000000000000000000000010000000001000000000,124,0.0014573661632485161,6,5,1
double_twins_p13,"[0,2,26,28]",510510,9699690,19,51,50,11,10000000000000000000000000000010000100000000000000,31,0.00036434154081212903,5,4,1
double_twins_p13,"[0,2,26,28]",510510,9699690,19,51,50,11,10000000000000000000000001000000000000000000000000,41,0.0004818710701063642,4,3,1
double_twins_p13,"[0,2,26,28]",510510,9699690,19,51,50,11,10000000000000000000000001000000000000001000000000,69,0.0008109537521302227,7,6,1
double_twins_p13,"[0,2,26,28]",510510,9699690,19,51,50,11,10000000000000000000000001000000000100000000000000,56,0.0006581653640477169,5,4,1
double_twins_p13,"[0,2,26,28]",510510,9699690,19,51,50,11,10000000000000000000000001000000000100001000000000,72,0.0008462126109184933,8,7,1
double_twins_p13,"[0,2,26,28]",510510,9699690,19,51,50,11,10000000000000000000000001000010000000000000000000,52,0.0006111535523300229,6,5,1
double_twins_p13,"[0,2,26,28]",510510,9699690,19,51,50,11,10000000000000000000000001000010000000001000000000,80,0.0009402362343538815,8,7,1
double_twins_p13,"[0,2,26,28]",510510,9699690,19,51,50,11,10000100000000000000000000000000000000000000000000,15,0.00017629429394135277,3,2,1
double_twins_p13,"[0,2,26,28]",510510,9699690,19,51,50,11,10000100000000000000000000000000000000001000000000,30,0.00035258858788270555,5,4,1
double_twins_p13,"[0,2,26,28]",510510,9699690,19,51,50,11,10000100000000000000000000000000000100000000000000,31,0.00036434154081212903,5,4,1
double_twins_p13,"[0,2,26,28]",510510,9699690,19,51,50,11,10000100000000000000000000000010000000000000000000,26,0.00030557677616501144,6,5,1
double_twins_p13,"[0,2,26,28]",510510,9699690,19,51,50,11,10000100000000000000000000000010000000001000000000,74,0.0008697185167773403,8,7,1
double_twins_p13,"[0,2,26,28]",510510,9699690,19,51,50,11,10000100000000000000000000000010000100000000000000,32,0.0003760944937415526,8,7,1
double_twins_p13,"[0,2,26,28]",510510,9699690,19,51,50,11,10000100000000000000000001000000000000000000000000,9,0.00010577657636481166,5,4,1
double_twins_p13,"[0,2,26,28]",510510,9699690,19,51,50,11,10000100000000000000000001000000000000001000000000,14,0.00016454134101192923,8,7,1
double_twins_p13,"[0,2,26,28]",510510,9699690,19,51,50,11,10000100000000000000000001000010000000000000000000,2,2.3505905858847036e-05,8,7,1
double_twins_p13,"[0,2,26,28]",510510,9699690,19,51,50,11,10000100000000000000000001000010000000001000000000,10,0.00011752952929423518,10,9,1
double_twins_p13,"[0,2,26,28]",510510,9699690,19,51,50,12,00000000000000000000000000000000000000010000000000,98,0.0011517893870835046,2,1,1
double_twins_p13,"[0,2,26,28]",510510,9699690,19,51,50,12,00000000000000000000000000000000001000000000000000,66,0.0007756948933419521,2,1,1
double_twins_p13,"[0,2,26,28]",510510,9699690,19,51,50,12,00000000000000000000000000000000001000010000000000,68,0.0007992007992007992,3,2,1
double_twins_p13,"[0,2,26,28]",510510,9699690,19,51,50,12,00000000000000000000000000000100000000000000000000,144,0.0016924252218369865,2,1,1
double_twins_p13,"[0,2,26,28]",510510,9699690,19,51,50,12,00000000000000000000000000000100000000010000000000,145,0.00170417817476641,3,2,1
double_twins_p13,"[0,2,26,28]",510510,9699690,19,51,50,12,00000000000000000000000000000100001000000000000000,99,0.0011635423400129282,3,2,1
double_twins_p13,"[0,2,26,28]",510510,9699690,19,51,50,12,00000000000000000000000010000000000000000000000000,127,0.0014926250220367867,2,1,1
double_twins_p13,"[0,2,26,28]",510510,9699690,19,51,50,12,00000000000000000000000010000000000000010000000000,155,0.0018217077040606452,4,3,1
double_twins_p13,"[0,2,26,28]",510510,9699690,19,51,50,12,00000000000000000000000010000000001000000000000000,156,0.0018334606569900688,3,2,1
double_twins_p13,"[0,2,26,28]",510510,9699690,19,51,50,12,00000000000000000000000010000000001000010000000000,112,0.0013163307280954339,5,4,1
double_twins_p13,"[0,2,26,28]",510510,9699690,19,51,50,12,00000000000000000000000010000100000000000000000000,85,0.000999000999000999,3,2,1
double_twins_p13,"[0,2,26,28]",510510,9699690,19,51,50,12,00000000000000000000000010000100000000010000000000,123,0.0014456132103190928,5,4,1
double_twins_p13,"[0,2,26,28]",510510,9699690,19,51,50,12,00001000000000000000000000000000000000000000000000,88,0.0010342598577892696,2,1,1
double_twins_p13,"[0,2,26,28]",510510,9699690,19,51,50,12,00001000000000000000000000000000000000010000000000,72,0.0008462126109184933,3,2,1
double_twins_p13,"[0,2,26,28]",510510,9699690,19,51,50,12,00001000000000000000000000000000001000000000000000,200,0.0023505905858847037,4,3,1
double_twins_p13,"[0,2,26,28]",510510,9699690,19,51,50,12,00001000000000000000000000000000001000010000000000,28,0.00032908268202385847,5,4,1
double_twins_p13,"[0,2,26,28]",510510,9699690,19,51,50,12,00001000000000000000000000000100000000000000000000,122,0.0014338602573896692,4,3,1
double_twins_p13,"[0,2,26,28]",510510,9699690,19,51,50,12,00001000000000000000000000000100000000010000000000,104,0.0012223071046600458,5,4,1
double_twins_p13,"[0,2,26,28]",510510,9699690,19,51,50,12,00001000000000000000000000000100001000000000000000,144,0.0016924252218369865,6,5,1
double_twins_p13,"[0,2,26,28]",510510,9699690,19,51,50,12,00001000000000000000000010000000000000000000000000,43,0.0005053769759652113,3,2,1
double_twins_p13,"[0,2,26,28]",510510,9699690,19,51,50,12,00001000000000000000000010000000000000010000000000,37,0.00043485925838867017,5,4,1
double_twins_p13,"[0,2,26,28]",510510,9699690,19,51,50,12,00001000000000000000000010000000001000000000000000,93,0.001093024622436387,5,4,1
double_twins_p13,"[0,2,26,28]",510510,9699690,19,51,50,12,00001000000000000000000010000000001000010000000000,35,0.00041135335252982314,7,6,1
double_twins_p13,"[0,2,26,28]",510510,9699690,19,51,50,12,00001000000000000000000010000100000000000000000000,11,0.0001292824822236587,5,4,1
double_twins_p13,"[0,2,26,28]",510510,9699690,19,51,50,12,00001000000000000000000010000100000000010000000000,24,0.0002820708703061644,7,6,1
double_twins_p13,"[0,2,26,28]",510510,9699690,19,51,50,13,00000000000000000000000000000000000000100000000000,98,0.0011517893870835046,2,1,1
double_twins_p13,"[0,2,26,28]",510510,9699690,19,51,50,13,00000000000000000000000000000000010000000000000000,66,0.0007756948933419521,2,1,1
double_twins_p13,"[0,2,26,28]",510510,9699690,19,51,50,13,00000000000000000000000000000000010000100000000000,68,0.0007992007992007992,3,2,1
double_twins_p13,"[0,2,26,28]",510510,9699690,19,51,50,13,00000000000000000000000000001000000000000000000000,144,0.0016924252218369865,2,1,1
double_twins_p13,"[0,2,26,28]",510510,9699690,19,51,50,13,00000000000000000000000000001000000000100000000000,145,0.00170417817476641,3,2,1
double_twins_p13,"[0,2,26,28]",510510,9699690,19,51,50,13,00000000000000000000000000001000010000000000000000,99,0.0011635423400129282,3,2,1
double_twins_p13,"[0,2,26,28]",510510,9699690,19,51,50,13,00000000000000000000000100000000000000000000000000,127,0.0014926250220367867,2,1,1
double_twins_p13,"[0,2,26,28]",510510,9699690,19,51,50,13,00000000000000000000000100000000000000100000000000,155,0.0018217077040606452,4,3,1
double_twins_p13,"[0,2,26,28]",510510,9699690,19,51,50,13,00000000000000000000000100000000010000000000000000,156,0.0018334606569900688,3,2,1
double_twins_p13,"[0,2,26,28]",510510,9699690,19,51,50,13,00000000000000000000000100000000010000100000000000,112,0.0013163307280954339,5,4,1
double_twins_p13,"[0,2,26,28]",510510,9699690,19,51,50,13,00000000000000000000000100001000000000000000000000,85,0.000999000999000999,3,2,1
double_twins_p13,"[0,2,26,28]",510510,9699690,19,51,50,13,00000000000000000000000100001000000000100000000000,123,0.0014456132103190928,5,4,1
double_twins_p13,"[0,2,26,28]",510510,9699690,19,51,50,13,00010000000000000000000000000000000000000000000000,88,0.0010342598577892696,2,1,1
double_twins_p13,"[0,2,26,28]",510510,9699690,19,51,50,13,00010000000000000000000000000000000000100000000000,72,0.0008462126109184933,3,2,1
double_twins_p13,"[0,2,26,28]",510510,9699690,19,51,50,13,00010000000000000000000000000000010000000000000000,200,0.0023505905858847037,4,3,1
double_twins_p13,"[0,2,26,28]",510510,9699690,19,51,50,13,00010000000000000000000000000000010000100000000000,28,0.00032908268202385847,5,4,1
double_twins_p13,"[0,2,26,28]",510510,9699690,19,51,50,13,00010000000000000000000000001000000000000000000000,122,0.0014338602573896692,4,3,1
double_twins_p13,"[0,2,26,28]",510510,9699690,19,51,50,13,00010000000000000000000000001000000000100000000000,104,0.0012223071046600458,5,4,1
double_twins_p13,"[0,2,26,28]",510510,9699690,19,51,50,13,00010000000000000000000000001000010000000000000000,144,0.0016924252218369865,6,5,1
double_twins_p13,"[0,2,26,28]",510510,9699690,19,51,50,13,00010000000000000000000100000000000000000000000000,43,0.0005053769759652113,3,2,1
double_twins_p13,"[0,2,26,28]",510510,9699690,19,51,50,13,00010000000000000000000100000000000000100000000000,37,0.00043485925838867017,5,4,1
double_twins_p13,"[0,2,26,28]",510510,9699690,19,51,50,13,00010000000000000000000100000000010000000000000000,93,0.001093024622436387,5,4,1
double_twins_p13,"[0,2,26,28]",510510,9699690,19,51,50,13,00010000000000000000000100000000010000100000000000,35,0.00041135335252982314,7,6,1
double_twins_p13,"[0,2,26,28]",510510,9699690,19,51,50,13,00010000000000000000000100001000000000000000000000,11,0.0001292824822236587,5,4,1
double_twins_p13,"[0,2,26,28]",510510,9699690,19,51,50,13,00010000000000000000000100001000000000100000000000,24,0.0002820708703061644,7,6,1
double_twins_p13,"[0,2,26,28]",510510,9699690,19,51,50,14,00000000000000000000000000000000000001000000000000,98,0.0011517893870835046,2,1,1
double_twins_p13,"[0,2,26,28]",510510,9699690,19,51,50,14,00000000000000000000000000000000100000000000000000,66,0.0007756948933419521,2,1,1
double_twins_p13,"[0,2,26,28]",510510,9699690,19,51,50,14,00000000000000000000000000000000100001000000000000,68,0.0007992007992007992,3,2,1
double_twins_p13,"[0,2,26,28]",510510,9699690,19,51,50,14,00000000000000000000000000010000000000000000000000,144,0.0016924252218369865,2,1,1
double_twins_p13,"[0,2,26,28]",510510,9699690,19,51,50,14,00000000000000000000000000010000000001000000000000,145,0.00170417817476641,3,2,1
double_twins_p13,"[0,2,26,28]",510510,9699690,19,51,50,14,00000000000000000000000000010000100000000000000000,99,0.0011635423400129282,3,2,1
double_twins_p13,"[0,2,26,28]",510510,9699690,19,51,50,14,00000000000000000000001000000000000000000000000000,127,0.0014926250220367867,2,1,1
double_twins_p13,"[0,2,26,28]",510510,9699690,19,51,50,14,00000000000000000000001000000000000001000000000000,155,0.0018217077040606452,4,3,1
double_twins_p13,"[0,2,26,28]",510510,9699690,19,51,50,14,00000000000000000000001000000000100000000000000000,156,0.0018334606569900688,3,2,1
double_twins_p13,"[0,2,26,28]",510510,9699690,19,51,50,14,00000000000000000000001000000000100001000000000000,112,0.0013163307280954339,5,4,1
double_twins_p13,"[0,2,26,28]",510510,9699690,19,51,50,14,00000000000000000000001000010000000000000000000000,85,0.000999000999000999,3,2,1
double_twins_p13,"[0,2,26,28]",510510,9699690,19,51,50,14,00000000000000000000001000010000000001000000000000,123,0.0014456132103190928,5,4,1
double_twins_p13,"[0,2,26,28]",510510,9699690,19,51,50,14,00100000000000000000000000000000000000000000000000,88,0.0010342598577892696,2,1,1
double_twins_p13,"[0,2,26,28]",510510,9699690,19,51,50,14,00100000000000000000000000000000000001000000000000,72,0.0008462126109184933,3,2,1
double_twins_p13,"[0,2,26,28]",510510,9699690,19,51,50,14,00100000000000000000000000000000100000000000000000,200,0.0023505905858847037,4,3,1
double_twins_p13,"[0,2,26,28]",510510,9699690,19,51,50,14,00100000000000000000000000000000100001000000000000,28,0.00032908268202385847,5,4,1
double_twins_p13,"[0,2,26,28]",510510,9699690,19,51,50,14,00100000000000000000000000010000000000000000000000,122,0.0014338602573896692,4,3,1
double_twins_p13,"[0,2,26,28]",510510,9699690,19,51,50,14,00100000000000000000000000010000000001000000000000,104,0.0012223071046600458,5,4,1
double_twins_p13,"[0,2,26,28]",510510,9699690,19,51,50,14,00100000000000000000000000010000100000000000000000,144,0.0016924252218369865,6,5,1
double_twins_p13,"[0,2,26,28]",510510,9699690,19,51,50,14,00100000000000000000001000000000000000000000000000,43,0.0005053769759652113,3,2,1
double_twins_p13,"[0,2,26,28]",510510,9699690,19,51,50,14,00100000000000000000001000000000000001000000000000,37,0.00043485925838867017,5,4,1
double_twins_p13,"[0,2,26,28]",510510,9699690,19,51,50,14,00100000000000000000001000000000100000000000000000,93,0.001093024622436387,5,4,1
double_twins_p13,"[0,2,26,28]",510510,9699690,19,51,50,14,00100000000000000000001000000000100001000000000000,35,0.00041135335252982314,7,6,1
double_twins_p13,"[0,2,26,28]",510510,9699690,19,51,50,14,00100000000000000000001000010000000000000000000000,11,0.0001292824822236587,5,4,1
double_twins_p13,"[0,2,26,28]",510510,9699690,19,51,50,14,00100000000000000000001000010000000001000000000000,24,0.0002820708703061644,7,6,1
double_twins_p13,"[0,2,26,28]",510510,9699690,19,51,50,15,00000000000000000000000000000000000010000000000000,98,0.0011517893870835046,2,1,1
double_twins_p13,"[0,2,26,28]",510510,9699690,19,51,50,15,00000000000000000000000000000001000000000000000000,66,0.0007756948933419521,2,1,1
double_twins_p13,"[0,2,26,28]",510510,9699690,19,51,50,15,00000000000000000000000000000001000010000000000000,68,0.0007992007992007992,3,2,1
double_twins_p13,"[0,2,26,28]",510510,9699690,19,51,50,15,00000000000000000000000000100000000000000000000000,144,0.0016924252218369865,2,1,1
double_twins_p13,"[0,2,26,28]",510510,9699690,19,51,50,15,00000000000000000000000000100000000010000000000000,145,0.00170417817476641,3,2,1
double_twins_p13,"[0,2,26,28]",510510,9699690,19,51,50,15,00000000000000000000000000100001000000000000000000,99,0.0011635423400129282,3,2,1
double_twins_p13,"[0,2,26,28]",510510,9699690,19,51,50,15,00000000000000000000010000000000000000000000000000,127,0.0014926250220367867,2,1,1
double_twins_p13,"[0,2,26,28]",510510,9699690,19,51,50,15,00000000000000000000010000000000000010000000000000,155,0.0018217077040606452,4,3,1
double_twins_p13,"[0,2,26,28]",510510,9699690,19,51,50,15,00000000000000000000010000000001000000000000000000,156,0.0018334606569900688,3,2,1
double_twins_p13,"[0,2,26,28]",510510,9699690,19,51,50,15,00000000000000000000010000000001000010000000000000,112,0.0013163307280954339,5,4,1
double_twins_p13,"[0,2,26,28]",510510,9699690,19,51,50,15,00000000000000000000010000100000000000000000000000,85,0.000999000999000999,3,2,1
double_twins_p13,"[0,2,26,28]",510510,9699690,19,51,50,15,00000000000000000000010000100000000010000000000000,123,0.0014456132103190928,5,4,1
double_twins_p13,"[0,2,26,28]",510510,9699690,19,51,50,15,01000000000000000000000000000000000000000000000000,88,0.0010342598577892696,2,1,1
double_twins_p13,"[0,2,26,28]",510510,9699690,19,51,50,15,01000000000000000000000000000000000010000000000000,72,0.0008462126109184933,3,2,1
double_twins_p13,"[0,2,26,28]",510510,9699690,19,51,50,15,01000000000000000000000000000001000000000000000000,200,0.0023505905858847037,4,3,1
double_twins_p13,"[0,2,26,28]",510510,9699690,19,51,50,15,01000000000000000000000000000001000010000000000000,28,0.00032908268202385847,5,4,1
double_twins_p13,"[0,2,26,28]",510510,9699690,19,51,50,15,01000000000000000000000000100000000000000000000000,122,0.0014338602573896692,4,3,1
double_twins_p13,"[0,2,26,28]",510510,9699690,19,51,50,15,01000000000000000000000000100000000010000000000000,104,0.0012223071046600458,5,4,1
double_twins_p13,"[0,2,26,28]",510510,9699690,19,51,50,15,01000000000000000000000000100001000000000000000000,144,0.0016924252218369865,6,5,1
double_twins_p13,"[0,2,26,28]",510510,9699690,19,51,50,15,01000000000000000000010000000000000000000000000000,43,0.0005053769759652113,3,2,1
double_twins_p13,"[0,2,26,28]",510510,9699690,19,51,50,15,01000000000000000000010000000000000010000000000000,37,0.00043485925838867017,5,4,1
double_twins_p13,"[0,2,26,28]",510510,9699690,19,51,50,15,01000000000000000000010000000001000000000000000000,93,0.001093024622436387,5,4,1
double_twins_p13,"[0,2,26,28]",510510,9699690,19,51,50,15,01000000000000000000010000000001000010000000000000,35,0.00041135335252982314,7,6,1
double_twins_p13,"[0,2,26,28]",510510,9699690,19,51,50,15,01000000000000000000010000100000000000000000000000,11,0.0001292824822236587,5,4,1
double_twins_p13,"[0,2,26,28]",510510,9699690,19,51,50,15,01000000000000000000010000100000000010000000000000,24,0.0002820708703061644,7,6,1
double_twins_p13,"[0,2,26,28]",510510,9699690,19,51,50,16,00000000000000000000000000000000000100000000000000,98,0.0011517893870835046,2,1,1
double_twins_p13,"[0,2,26,28]",510510,9699690,19,51,50,16,00000000000000000000000000000010000000000000000000,66,0.0007756948933419521,2,1,1
double_twins_p13,"[0,2,26,28]",510510,9699690,19,51,50,16,00000000000000000000000000000010000100000000000000,68,0.0007992007992007992,3,2,1
double_twins_p13,"[0,2,26,28]",510510,9699690,19,51,50,16,00000000000000000000000001000000000000000000000000,144,0.0016924252218369865,2,1,1
double_twins_p13,"[0,2,26,28]",510510,9699690,19,51,50,16,00000000000000000000000001000000000100000000000000,145,0.00170417817476641,3,2,1
double_twins_p13,"[0,2,26,28]",510510,9699690,19,51,50,16,00000000000000000000000001000010000000000000000000,99,0.0011635423400129282,3,2,1
double_twins_p13,"[0,2,26,28]",510510,9699690,19,51,50,16,00000000000000000000100000000000000000000000000000,127,0.0014926250220367867,2,1,1
double_twins_p13,"[0,2,26,28]",510510,9699690,19,51,50,16,00000000000000000000100000000000000100000000000000,155,0.0018217077040606452,4,3,1
double_twins_p13,"[0,2,26,28]",510510,9699690,19,51,50,16,00000000000000000000100000000010000000000000000000,156,0.0018334606569900688,3,2,1
double_twins_p13,"[0,2,26,28]",510510,9699690,19,51,50,16,00000000000000000000100000000010000100000000000000,112,0.0013163307280954339,5,4,1
double_twins_p13,"[0,2,26,28]",510510,9699690,19,51,50,16,00000000000000000000100001000000000000000000000000,85,0.000999000999000999,3,2,1
double_twins_p13,"[0,2,26,28]",510510,9699690,19,51,50,16,00000000000000000000100001000000000100000000000000,123,0.0014456132103190928,5,4,1
double_twins_p13,"[0,2,26,28]",510510,9699690,19,51,50,16,10000000000000000000000000000000000000000000000000,88,0.0010342598577892696,2,1,1
double_twins_p13,"[0,2,26,28]",510510,9699690,19,51,50,16,10000000000000000000000000000000000100000000000000,72,0.0008462126109184933,3,2,1
double_twins_p13,"[0,2,26,28]",510510,9699690,19,51,50,16,10000000000000000000000000000010000000000000000000,200,0.0023505905858847037,4,3,1
double_twins_p13,"[0,2,26,28]",510510,9699690,19,51,50,16,10000000000000000000000000000010000100000000000000,28,0.00032908268202385847,5,4,1
double_twins_p13,"[0,2,26,28]",510510,9699690,19,51,50,16,10000000000000000000000001000000000000000000000000,122,0.0014338602573896692,4,3,1
double_twins_p13,"[0,2,26,28]",510510,9699690,19,51,50,16,10000000000000000000000001000000000100000000000000,104,0.0012223071046600458,5,4,1
double_twins_p13,"[0,2,26,28]",510510,9699690,19,51,50,16,10000000000000000000000001000010000000000000000000,144,0.0016924252218369865,6,5,1
double_twins_p13,"[0,2,26,28]",510510,9699690,19,51,50,16,10000000000000000000100000000000000000000000000000,43,0.0005053769759652113,3,2,1
double_twins_p13,"[0,2,26,28]",510510,9699690,19,51,50,16,10000000000000000000100000000000000100000000000000,37,0.00043485925838867017,5,4,1
double_twins_p13,"[0,2,26,28]",510510,9699690,19,51,50,16,10000000000000000000100000000010000000000000000000,93,0.001093024622436387,5,4,1
double_twins_p13,"[0,2,26,28]",510510,9699690,19,51,50,16,10000000000000000000100000000010000100000000000000,35,0.00041135335252982314,7,6,1
double_twins_p13,"[0,2,26,28]",510510,9699690,19,51,50,16,10000000000000000000100001000000000000000000000000,11,0.0001292824822236587,5,4,1
double_twins_p13,"[0,2,26,28]",510510,9699690,19,51,50,16,10000000000000000000100001000000000100000000000000,24,0.0002820708703061644,7,6,1
double_twins_p13,"[0,2,26,28]",510510,9699690,19,51,50,17,00000000000000000000000000000000001000000000000000,170,0.001998001998001998,2,1,1
double_twins_p13,"[0,2,26,28]",510510,9699690,19,51,50,17,00000000000000000000000000000100000000000000000000,266,0.0031262854792266557,2,1,1
double_twins_p13,"[0,2,26,28]",510510,9699690,19,51,50,17,00000000000000000000000000000100001000000000000000,96,0.0011282834812246577,3,2,1
double_twins_p13,"[0,2,26,28]",510510,9699690,19,51,50,17,00000000000000000000000010000000000000000000000000,266,0.0031262854792266557,2,1,1
double_twins_p13,"[0,2,26,28]",510510,9699690,19,51,50,17,00000000000000000000000010000000001000000000000000,249,0.002926485279426456,3,2,1
double_twins_p13,"[0,2,26,28]",510510,9699690,19,51,50,17,00000000000000000000000010000100000000000000000000,243,0.0028559675618499147,3,2,1
double_twins_p13,"[0,2,26,28]",510510,9699690,19,51,50,17,00000000000000000001000000000000000000000000000000,170,0.001998001998001998,2,1,1
double_twins_p13,"[0,2,26,28]",510510,9699690,19,51,50,17,00000000000000000001000000000000001000000000000000,192,0.0022565669624493153,4,3,1
double_twins_p13,"[0,2,26,28]",510510,9699690,19,51,50,17,00000000000000000001000000000100000000000000000000,249,0.002926485279426456,3,2,1
double_twins_p13,"[0,2,26,28]",510510,9699690,19,51,50,17,00000000000000000001000000000100001000000000000000,147,0.001727684080625257,5,4,1
double_twins_p13,"[0,2,26,28]",510510,9699690,19,51,50,17,00000000000000000001000010000000000000000000000000,96,0.0011282834812246577,3,2,1
double_twins_p13,"[0,2,26,28]",510510,9699690,19,51,50,17,00000000000000000001000010000000001000000000000000,147,0.001727684080625257,5,4,1
double_twins_p13,"[0,2,26,28]",510510,9699690,19,51,50,18,00000000000000000000000000000000010000000000000000,170,0.001998001998001998,2,1,1
double_twins_p13,"[0,2,26,28]",510510,9699690,19,51,50,18,00000000000000000000000000001000000000000000000000,266,0.0031262854792266557,2,1,1
double_twins_p13,"[0,2,26,28]",510510,9699690,19,51,50,18,00000000000000000000000000001000010000000000000000,96,0.0011282834812246577,3,2,1
double_twins_p13,"[0,2,26,28]",510510,9699690,19,51,50,18,00000000000000000000000100000000000000000000000000,266,0.0031262854792266557,2,1,1
double_twins_p13,"[0,2,26,28]",510510,9699690,19,51,50,18,00000000000000000000000100000000010000000000000000,249,0.002926485279426456,3,2,1
double_twins_p13,"[0,2,26,28]",510510,9699690,19,51,50,18,00000000000000000000000100001000000000000000000000,243,0.0028559675618499147,3,2,1
double_twins_p13,"[0,2,26,28]",510510,9699690,19,51,50,18,00000000000000000010000000000000000000000000000000,170,0.001998001998001998,2,1,1
double_twins_p13,"[0,2,26,28]",510510,9699690,19,51,50,18,00000000000000000010000000000000010000000000000000,192,0.0022565669624493153,4,3,1
double_twins_p13,"[0,2,26,28]",510510,9699690,19,51,50,18,00000000000000000010000000001000000000000000000000,249,0.002926485279426456,3,2,1
double_twins_p13,"[0,2,26,28]",510510,9699690,19,51,50,18,00000000000000000010000000001000010000000000000000,147,0.001727684080625257,5,4,1
double_twins_p13,"[0,2,26,28]",510510,9699690,19,51,50,18,00000000000000000010000100000000000000000000000000,96,0.0011282834812246577,3,2,1
double_twins_p13,"[0,2,26,28]",510510,9699690,19,51,50,18,00000000000000000010000100000000010000000000000000,147,0.001727684080625257,5,4,1
double_twins_p13,"[0,2,26,28]",510510,9699690,19,51,50,19,00000000000000000000000000000000100000000000000000,170,0.001998001998001998,2,1,1
double_twins_p13,"[0,2,26,28]",510510,9699690,19,51,50,19,00000000000000000000000000010000000000000000000000,266,0.0031262854792266557,2,1,1
double_twins_p13,"[0,2,26,28]",510510,9699690,19,51,50,19,00000000000000000000000000010000100000000000000000,96,0.0011282834812246577,3,2,1
double_twins_p13,"[0,2,26,28]",510510,9699690,19,51,50,19,00000000000000000000001000000000000000000000000000,266,0.0031262854792266557,2,1,1
double_twins_p13,"[0,2,26,28]",510510,9699690,19,51,50,19,00000000000000000000001000000000100000000000000000,249,0.002926485279426456,3,2,1
double_twins_p13,"[0,2,26,28]",510510,9699690,19,51,50,19,00000000000000000000001000010000000000000000000000,243,0.0028559675618499147,3,2,1
double_twins_p13,"[0,2,26,28]",510510,9699690,19,51,50,19,00000000000000000100000000000000000000000000000000,170,0.001998001998001998,2,1,1
double_twins_p13,"[0,2,26,28]",510510,9699690,19,51,50,19,00000000000000000100000000000000100000000000000000,192,0.0022565669624493153,4,3,1
double_twins_p13,"[0,2,26,28]",510510,9699690,19,51,50,19,00000000000000000100000000010000000000000000000000,249,0.002926485279426456,3,2,1
double_twins_p13,"[0,2,26,28]",510510,9699690,19,51,50,19,00000000000000000100000000010000100000000000000000,147,0.001727684080625257,5,4,1
double_twins_p13,"[0,2,26,28]",510510,9699690,19,51,50,19,00000000000000000100001000000000000000000000000000,96,0.0011282834812246577,3,2,1
double_twins_p13,"[0,2,26,28]",510510,9699690,19,51,50,19,00000000000000000100001000000000100000000000000000,147,0.001727684080625257,5,4,1
double_twins_p13,"[0,2,26,28]",510510,9699690,19,51,50,20,00000000000000000000000000000001000000000000000000,170,0.001998001998001998,2,1,1
double_twins_p13,"[0,2,26,28]",510510,9699690,19,51,50,20,00000000000000000000000000100000000000000000000000,266,0.0031262854792266557,2,1,1
double_twins_p13,"[0,2,26,28]",510510,9699690,19,51,50,20,00000000000000000000000000100001000000000000000000,96,0.0011282834812246577,3,2,1
double_twins_p13,"[0,2,26,28]",510510,9699690,19,51,50,20,00000000000000000000010000000000000000000000000000,266,0.0031262854792266557,2,1,1
double_twins_p13,"[0,2,26,28]",510510,9699690,19,51,50,20,00000000000000000000010000000001000000000000000000,249,0.002926485279426456,3,2,1
double_twins_p13,"[0,2,26,28]",510510,9699690,19,51,50,20,00000000000000000000010000100000000000000000000000,243,0.0028559675618499147,3,2,1
double_twins_p13,"[0,2,26,28]",510510,9699690,19,51,50,20,00000000000000001000000000000000000000000000000000,170,0.001998001998001998,2,1,1
double_twins_p13,"[0,2,26,28]",510510,9699690,19,51,50,20,00000000000000001000000000000001000000000000000000,192,0.0022565669624493153,4,3,1
double_twins_p13,"[0,2,26,28]",510510,9699690,19,51,50,20,00000000000000001000000000100000000000000000000000,249,0.002926485279426456,3,2,1
double_twins_p13,"[0,2,26,28]",510510,9699690,19,51,50,20,00000000000000001000000000100001000000000000000000,147,0.001727684080625257,5,4,1
double_twins_p13,"[0,2,26,28]",510510,9699690,19,51,50,20,00000000000000001000010000000000000000000000000000,96,0.0011282834812246577,3,2,1
double_twins_p13,"[0,2,26,28]",510510,9699690,19,51,50,20,00000000000000001000010000000001000000000000000000,147,0.001727684080625257,5,4,1
double_twins_p13,"[0,2,26,28]",510510,9699690,19,51,50,21,00000000000000000000000000000000000000000000000000,140,0.0016454134101192926,2,1,1
double_twins_p13,"[0,2,26,28]",510510,9699690,19,51,50,21,00000000000000000000000000000010000000000000000000,170,0.001998001998001998,4,3,1
double_twins_p13,"[0,2,26,28]",510510,9699690,19,51,50,21,00000000000000000000000001000000000000000000000000,266,0.0031262854792266557,4,3,1
double_twins_p13,"[0,2,26,28]",510510,9699690,19,51,50,21,00000000000000000000000001000010000000000000000000,96,0.0011282834812246577,6,5,1
double_twins_p13,"[0,2,26,28]",510510,9699690,19,51,50,21,00000000000000000000100000000000000000000000000000,266,0.0031262854792266557,4,3,1
double_twins_p13,"[0,2,26,28]",510510,9699690,19,51,50,21,00000000000000000000100000000010000000000000000000,249,0.002926485279426456,6,5,1
double_twins_p13,"[0,2,26,28]",510510,9699690,19,51,50,21,00000000000000000000100001000000000000000000000000,243,0.0028559675618499147,6,5,1
double_twins_p13,"[0,2,26,28]",510510,9699690,19,51,50,21,00000000000000010000000000000000000000000000000000,170,0.001998001998001998,4,3,1
double_twins_p13,"[0,2,26,28]",510510,9699690,19,51,50,21,00000000000000010000000000000010000000000000000000,192,0.0022565669624493153,8,7,1
double_twins_p13,"[0,2,26,28]",510510,9699690,19,51,50,21,00000000000000010000000001000000000000000000000000,249,0.002926485279426456,6,5,1
double_twins_p13,"[0,2,26,28]",510510,9699690,19,51,50,21,00000000000000010000000001000010000000000000000000,147,0.001727684080625257,10,9,1
double_twins_p13,"[0,2,26,28]",510510,9699690,19,51,50,21,00000000000000010000100000000000000000000000000000,96,0.0011282834812246577,6,5,1
double_twins_p13,"[0,2,26,28]",510510,9699690,19,51,50,21,00000000000000010000100000000010000000000000000000,147,0.001727684080625257,10,9,1
double_twins_p13,"[0,2,26,28]",510510,9699690,19,51,50,22,00000000000000000000000000000000000000000000000001,88,0.0010342598577892696,2,1,1
double_twins_p13,"[0,2,26,28]",510510,9699690,19,51,50,22,00000000000000000000000000000100000000000000000000,127,0.0014926250220367867,2,1,1
double_twins_p13,"[0,2,26,28]",510510,9699690,19,51,50,22,00000000000000000000000000000100000000000000000001,43,0.0005053769759652113,3,2,1
double_twins_p13,"[0,2,26,28]",510510,9699690,19,51,50,22,00000000000000000000000010000000000000000000000000,144,0.0016924252218369865,2,1,1
double_twins_p13,"[0,2,26,28]",510510,9699690,19,51,50,22,00000000000000000000000010000000000000000000000001,122,0.0014338602573896692,4,3,1
double_twins_p13,"[0,2,26,28]",510510,9699690,19,51,50,22,00000000000000000000000010000100000000000000000000,85,0.000999000999000999,3,2,1
double_twins_p13,"[0,2,26,28]",510510,9699690,19,51,50,22,00000000000000000000000010000100000000000000000001,11,0.0001292824822236587,5,4,1
double_twins_p13,"[0,2,26,28]",510510,9699690,19,51,50,22,00000000000000000001000000000000000000000000000000,66,0.0007756948933419521,2,1,1
double_twins_p13,"[0,2,26,28]",510510,9699690,19,51,50,22,00000000000000000001000000000000000000000000000001,200,0.0023505905858847037,4,3,1
double_twins_p13,"[0,2,26,28]",510510,9699690,19,51,50,22,00000000000000000001000000000100000000000000000000,156,0.0018334606569900688,3,2,1
double_twins_p13,"[0,2,26,28]",510510,9699690,19,51,50,22,00000000000000000001000000000100000000000000000001,93,0.001093024622436387,5,4,1
double_twins_p13,"[0,2,26,28]",510510,9699690,19,51,50,22,00000000000000000001000010000000000000000000000000,99,0.0011635423400129282,3,2,1
double_twins_p13,"[0,2,26,28]",510510,9699690,19,51,50,22,00000000000000000001000010000000000000000000000001,144,0.0016924252218369865,6,5,1
double_twins_p13,"[0,2,26,28]",510510,9699690,19,51,50,22,00000000000000100000000000000000000000000000000000,98,0.0011517893870835046,2,1,1
double_twins_p13,"[0,2,26,28]",510510,9699690,19,51,50,22,00000000000000100000000000000000000000000000000001,72,0.0008462126109184933,3,2,1
double_twins_p13,"[0,2,26,28]",510510,9699690,19,51,50,22,00000000000000100000000000000100000000000000000000,155,0.0018217077040606452,4,3,1
double_twins_p13,"[0,2,26,28]",510510,9699690,19,51,50,22,00000000000000100000000000000100000000000000000001,37,0.00043485925838867017,5,4,1
double_twins_p13,"[0,2,26,28]",510510,9699690,19,51,50,22,00000000000000100000000010000000000000000000000000,145,0.00170417817476641,3,2,1
double_twins_p13,"[0,2,26,28]",510510,9699690,19,51,50,22,00000000000000100000000010000000000000000000000001,104,0.0012223071046600458,5,4,1
double_twins_p13,"[0,2,26,28]",510510,9699690,19,51,50,22,00000000000000100000000010000100000000000000000000,123,0.0014456132103190928,5,4,1
double_twins_p13,"[0,2,26,28]",510510,9699690,19,51,50,22,00000000000000100000000010000100000000000000000001,24,0.0002820708703061644,7,6,1
double_twins_p13,"[0,2,26,28]",510510,9699690,19,51,50,22,00000000000000100001000000000000000000000000000000,68,0.0007992007992007992,3,2,1
double_twins_p13,"[0,2,26,28]",510510,9699690,19,51,50,22,00000000000000100001000000000000000000000000000001,28,0.00032908268202385847,5,4,1
double_twins_p13,"[0,2,26,28]",510510,9699690,19,51,50,22,00000000000000100001000000000100000000000000000000,112,0.0013163307280954339,5,4,1
double_twins_p13,"[0,2,26,28]",510510,9699690,19,51,50,22,00000000000000100001000000000100000000000000000001,35,0.00041135335252982314,7,6,1
double_twins_p13,"[0,2,26,28]",510510,9699690,19,51,50,23,00000000000000000000000000000000000000000000000010,88,0.0010342598577892696,2,1,1
double_twins_p13,"[0,2,26,28]",510510,9699690,19,51,50,23,00000000000000000000000000001000000000000000000000,127,0.0014926250220367867,2,1,1
double_twins_p13,"[0,2,26,28]",510510,9699690,19,51,50,23,00000000000000000000000000001000000000000000000010,43,0.0005053769759652113,3,2,1
double_twins_p13,"[0,2,26,28]",510510,9699690,19,51,50,23,00000000000000000000000100000000000000000000000000,144,0.0016924252218369865,2,1,1
double_twins_p13,"[0,2,26,28]",510510,9699690,19,51,50,23,00000000000000000000000100000000000000000000000010,122,0.0014338602573896692,4,3,1
double_twins_p13,"[0,2,26,28]",510510,9699690,19,51,50,23,00000000000000000000000100001000000000000000000000,85,0.000999000999000999,3,2,1
double_twins_p13,"[0,2,26,28]",510510,9699690,19,51,50,23,00000000000000000000000100001000000000000000000010,11,0.0001292824822236587,5,4,1
double_twins_p13,"[0,2,26,28]",510510,9699690,19,51,50,23,00000000000000000010000000000000000000000000000000,66,0.0007756948933419521,2,1,1
double_twins_p13,"[0,2,26,28]",510510,9699690,19,51,50,23,00000000000000000010000000000000000000000000000010,200,0.0023505905858847037,4,3,1
double_twins_p13,"[0,2,26,28]",510510,9699690,19,51,50,23,00000000000000000010000000001000000000000000000000,156,0.0018334606569900688,3,2,1
double_twins_p13,"[0,2,26,28]",510510,9699690,19,51,50,23,00000000000000000010000000001000000000000000000010,93,0.001093024622436387,5,4,1
double_twins_p13,"[0,2,26,28]",510510,9699690,19,51,50,23,00000000000000000010000100000000000000000000000000,99,0.0011635423400129282,3,2,1
double_twins_p13,"[0,2,26,28]",510510,9699690,19,51,50,23,00000000000000000010000100000000000000000000000010,144,0.0016924252218369865,6,5,1
double_twins_p13,"[0,2,26,28]",510510,9699690,19,51,50,23,00000000000001000000000000000000000000000000000000,98,0.0011517893870835046,2,1,1
double_twins_p13,"[0,2,26,28]",510510,9699690,19,51,50,23,00000000000001000000000000000000000000000000000010,72,0.0008462126109184933,3,2,1
double_twins_p13,"[0,2,26,28]",510510,9699690,19,51,50,23,00000000000001000000000000001000000000000000000000,155,0.0018217077040606452,4,3,1
double_twins_p13,"[0,2,26,28]",510510,9699690,19,51,50,23,00000000000001000000000000001000000000000000000010,37,0.00043485925838867017,5,4,1
double_twins_p13,"[0,2,26,28]",510510,9699690,19,51,50,23,00000000000001000000000100000000000000000000000000,145,0.00170417817476641,3,2,1
double_twins_p13,"[0,2,26,28]",510510,9699690,19,51,50,23,00000000000001000000000100000000000000000000000010,104,0.0012223071046600458,5,4,1
double_twins_p13,"[0,2,26,28]",510510,9699690,19,51,50,23,00000000000001000000000100001000000000000000000000,123,0.0014456132103190928,5,4,1
double_twins_p13,"[0,2,26,28]",510510,9699690,19,51,50,23,00000000000001000000000100001000000000000000000010,24,0.0002820708703061644,7,6,1
double_twins_p13,"[0,2,26,28]",510510,9699690,19,51,50,23,00000000000001000010000000000000000000000000000000,68,0.0007992007992007992,3,2,1
double_twins_p13,"[0,2,26,28]",510510,9699690,19,51,50,23,00000000000001000010000000000000000000000000000010,28,0.00032908268202385847,5,4,1
double_twins_p13,"[0,2,26,28]",510510,9699690,19,51,50,23,00000000000001000010000000001000000000000000000000,112,0.0013163307280954339,5,4,1
double_twins_p13,"[0,2,26,28]",510510,9699690,19,51,50,23,00000000000001000010000000001000000000000000000010,35,0.00041135335252982314,7,6,1
double_twins_p13,"[0,2,26,28]",510510,9699690,19,51,50,24,00000000000000000000000000000000000000000000000100,88,0.0010342598577892696,2,1,1
double_twins_p13,"[0,2,26,28]",510510,9699690,19,51,50,24,00000000000000000000000000010000000000000000000000,127,0.0014926250220367867,2,1,1
double_twins_p13,"[0,2,26,28]",510510,9699690,19,51,50,24,00000000000000000000000000010000000000000000000100,43,0.0005053769759652113,3,2,1
double_twins_p13,"[0,2,26,28]",510510,9699690,19,51,50,24,00000000000000000000001000000000000000000000000000,144,0.0016924252218369865,2,1,1
double_twins_p13,"[0,2,26,28]",510510,9699690,19,51,50,24,00000000000000000000001000000000000000000000000100,122,0.0014338602573896692,4,3,1
double_twins_p13,"[0,2,26,28]",510510,9699690,19,51,50,24,00000000000000000000001000010000000000000000000000,85,0.000999000999000999,3,2,1
double_twins_p13,"[0,2,26,28]",510510,9699690,19,51,50,24,00000000000000000000001000010000000000000000000100,11,0.0001292824822236587,5,4,1
double_twins_p13,"[0,2,26,28]",510510,9699690,19,51,50,24,00000000000000000100000000000000000000000000000000,66,0.0007756948933419521,2,1,1
double_twins_p13,"[0,2,26,28]",510510,9699690,19,51,50,24,00000000000000000100000000000000000000000000000100,200,0.0023505905858847037,4,3,1
double_twins_p13,"[0,2,26,28]",510510,9699690,19,51,50,24,00000000000000000100000000010000000000000000000000,156,0.0018334606569900688,3,2,1
double_twins_p13,"[0,2,26,28]",510510,9699690,19,51,50,24,00000000000000000100000000010000000000000000000100,93,0.001093024622436387,5,4,1
double_twins_p13,"[0,2,26,28]",510510,9699690,19,51,50,24,00000000000000000100001000000000000000000000000000,99,0.0011635423400129282,3,2,1
double_twins_p13,"[0,2,26,28]",510510,9699690,19,51,50,24,00000000000000000100001000000000000000000000000100,144,0.0016924252218369865,6,5,1
double_twins_p13,"[0,2,26,28]",510510,9699690,19,51,50,24,00000000000010000000000000000000000000000000000000,98,0.0011517893870835046,2,1,1
double_twins_p13,"[0,2,26,28]",510510,9699690,19,51,50,24,00000000000010000000000000000000000000000000000100,72,0.0008462126109184933,3,2,1
double_twins_p13,"[0,2,26,28]",510510,9699690,19,51,50,24,00000000000010000000000000010000000000000000000000,155,0.0018217077040606452,4,3,1
double_twins_p13,"[0,2,26,28]",510510,9699690,19,51,50,24,00000000000010000000000000010000000000000000000100,37,0.00043485925838867017,5,4,1
double_twins_p13,"[0,2,26,28]",510510,9699690,19,51,50,24,00000000000010000000001000000000000000000000000000,145,0.00170417817476641,3,2,1
double_twins_p13,"[0,2,26,28]",510510,9699690,19,51,50,24,00000000000010000000001000000000000000000000000100,104,0.0012223071046600458,5,4,1
double_twins_p13,"[0,2,26,28]",510510,9699690,19,51,50,24,00000000000010000000001000010000000000000000000000,123,0.0014456132103190928,5,4,1
double_twins_p13,"[0,2,26,28]",510510,9699690,19,51,50,24,00000000000010000000001000010000000000000000000100,24,0.0002820708703061644,7,6,1
double_twins_p13,"[0,2,26,28]",510510,9699690,19,51,50,24,00000000000010000100000000000000000000000000000000,68,0.0007992007992007992,3,2,1
double_twins_p13,"[0,2,26,28]",510510,9699690,19,51,50,24,00000000000010000100000000000000000000000000000100,28,0.00032908268202385847,5,4,1
double_twins_p13,"[0,2,26,28]",510510,9699690,19,51,50,24,00000000000010000100000000010000000000000000000000,112,0.0013163307280954339,5,4,1
double_twins_p13,"[0,2,26,28]",510510,9699690,19,51,50,24,00000000000010000100000000010000000000000000000100,35,0.00041135335252982314,7,6,1
double_twins_p13,"[0,2,26,28]",510510,9699690,19,51,50,25,00000000000000000000000000000000000000000000001000,88,0.0010342598577892696,2,1,1
double_twins_p13,"[0,2,26,28]",510510,9699690,19,51,50,25,00000000000000000000000000100000000000000000000000,127,0.0014926250220367867,2,1,1
double_twins_p13,"[0,2,26,28]",510510,9699690,19,51,50,25,00000000000000000000000000100000000000000000001000,43,0.0005053769759652113,3,2,1
double_twins_p13,"[0,2,26,28]",510510,9699690,19,51,50,25,00000000000000000000010000000000000000000000000000,144,0.0016924252218369865,2,1,1
double_twins_p13,"[0,2,26,28]",510510,9699690,19,51,50,25,00000000000000000000010000000000000000000000001000,122,0.0014338602573896692,4,3,1
double_twins_p13,"[0,2,26,28]",510510,9699690,19,51,50,25,00000000000000000000010000100000000000000000000000,85,0.000999000999000999,3,2,1
double_twins_p13,"[0,2,26,28]",510510,9699690,19,51,50,25,00000000000000000000010000100000000000000000001000,11,0.0001292824822236587,5,4,1
double_twins_p13,"[0,2,26,28]",510510,9699690,19,51,50,25,00000000000000001000000000000000000000000000000000,66,0.0007756948933419521,2,1,1
double_twins_p13,"[0,2,26,28]",510510,9699690,19,51,50,25,00000000000000001000000000000000000000000000001000,200,0.0023505905858847037,4,3,1
double_twins_p13,"[0,2,26,28]",510510,9699690,19,51,50,25,00000000000000001000000000100000000000000000000000,156,0.0018334606569900688,3,2,1
double_twins_p13,"[0,2,26,28]",510510,9699690,19,51,50,25,00000000000000001000000000100000000000000000001000,93,0.001093024622436387,5,4,1
double_twins_p13,"[0,2,26,28]",510510,9699690,19,51,50,25,00000000000000001000010000000000000000000000000000,99,0.0011635423400129282,3,2,1
double_twins_p13,"[0,2,26,28]",510510,9699690,19,51,50,25,00000000000000001000010000000000000000000000001000,144,0.0016924252218369865,6,5,1
double_twins_p13,"[0,2,26,28]",510510,9699690,19,51,50,25,00000000000100000000000000000000000000000000000000,98,0.0011517893870835046,2,1,1
double_twins_p13,"[0,2,26,28]",510510,9699690,19,51,50,25,00000000000100000000000000000000000000000000001000,72,0.0008462126109184933,3,2,1
double_twins_p13,"[0,2,26,28]",510510,9699690,19,51,50,25,00000000000100000000000000100000000000000000000000,155,0.0018217077040606452,4,3,1
double_twins_p13,"[0,2,26,28]",510510,9699690,19,51,50,25,00000000000100000000000000100000000000000000001000,37,0.00043485925838867017,5,4,1
double_twins_p13,"[0,2,26,28]",510510,9699690,19,51,50,25,00000000000100000000010000000000000000000000000000,145,0.00170417817476641,3,2,1
double_twins_p13,"[0,2,26,28]",510510,9699690,19,51,50,25,00000000000100000000010000000000000000000000001000,104,0.0012223071046600458,5,4,1
double_twins_p13,"[0,2,26,28]",510510,9699690,19,51,50,25,00000000000100000000010000100000000000000000000000,123,0.0014456132103190928,5,4,1
double_twins_p13,"[0,2,26,28]",510510,9699690,19,51,50,25,00000000000100000000010000100000000000000000001000,24,0.0002820708703061644,7,6,1
double_twins_p13,"[0,2,26,28]",510510,9699690,19,51,50,25,00000000000100001000000000000000000000000000000000,68,0.0007992007992007992,3,2,1
double_twins_p13,"[0,2,26,28]",510510,9699690,19,51,50,25,00000000000100001000000000000000000000000000001000,28,0.00032908268202385847,5,4,1
double_twins_p13,"[0,2,26,28]",510510,9699690,19,51,50,25,00000000000100001000000000100000000000000000000000,112,0.0013163307280954339,5,4,1
double_twins_p13,"[0,2,26,28]",510510,9699690,19,51,50,25,00000000000100001000000000100000000000000000001000,35,0.00041135335252982314,7,6,1
double_twins_p13,"[0,2,26,28]",510510,9699690,19,51,50,26,00000000000000000000000000000000000000000000000000,52,0.0006111535523300229,2,1,1
double_twins_p13,"[0,2,26,28]",510510,9699690,19,51,50,26,00000000000000000000000000000000000000000000010000,88,0.0010342598577892696,4,3,1
double_twins_p13,"[0,2,26,28]",510510,9699690,19,51,50,26,00000000000000000000000001000000000000000000000000,127,0.0014926250220367867,4,3,1
double_twins_p13,"[0,2,26,28]",510510,9699690,19,51,50,26,00000000000000000000000001000000000000000000010000,43,0.0005053769759652113,6,5,1
double_twins_p13,"[0,2,26,28]",510510,9699690,19,51,50,26,00000000000000000000100000000000000000000000000000,144,0.0016924252218369865,4,3,1
double_twins_p13,"[0,2,26,28]",510510,9699690,19,51,50,26,00000000000000000000100000000000000000000000010000,122,0.0014338602573896692,8,7,1
double_twins_p13,"[0,2,26,28]",510510,9699690,19,51,50,26,00000000000000000000100001000000000000000000000000,85,0.000999000999000999,6,5,1
double_twins_p13,"[0,2,26,28]",510510,9699690,19,51,50,26,00000000000000000000100001000000000000000000010000,11,0.0001292824822236587,10,9,1
double_twins_p13,"[0,2,26,28]",510510,9699690,19,51,50,26,00000000000000010000000000000000000000000000000000,66,0.0007756948933419521,4,3,1
double_twins_p13,"[0,2,26,28]",510510,9699690,19,51,50,26,00000000000000010000000000000000000000000000010000,200,0.0023505905858847037,8,7,1
double_twins_p13,"[0,2,26,28]",510510,9699690,19,51,50,26,00000000000000010000000001000000000000000000000000,156,0.0018334606569900688,6,5,1
double_twins_p13,"[0,2,26,28]",510510,9699690,19,51,50,26,00000000000000010000000001000000000000000000010000,93,0.001093024622436387,5,4,1
double_twins_p13,"[0,2,26,28]",510510,9699690,19,51,50,26,00000000000000010000100000000000000000000000000000,99,0.0011635423400129282,6,5,1
double_twins_p13,"[0,2,26,28]",510510,9699690,19,51,50,26,00000000000000010000100000000000000000000000010000,144,0.0016924252218369865,12,11,1
double_twins_p13,"[0,2,26,28]",510510,9699690,19,51,50,26,00000000001000000000000000000000000000000000000000,98,0.0011517893870835046,4,3,1
double_twins_p13,"[0,2,26,28]",510510,9699690,19,51,50,26,00000000001000000000000000000000000000000000010000,72,0.0008462126109184933,6,5,1
double_twins_p13,"[0,2,26,28]",510510,9699690,19,51,50,26,00000000001000000000000001000000000000000000000000,155,0.0018217077040606452,7,6,1
double_twins_p13,"[0,2,26,28]",510510,9699690,19,51,50,26,00000000001000000000000001000000000000000000010000,37,0.00043485925838867017,9,8,1
double_twins_p13,"[0,2,26,28]",510510,9699690,19,51,50,26,00000000001000000000100000000000000000000000000000,145,0.00170417817476641,6,5,1
double_twins_p13,"[0,2,26,28]",510510,9699690,19,51,50,26,00000000001000000000100000000000000000000000010000,104,0.0012223071046600458,10,9,1
double_twins_p13,"[0,2,26,28]",510510,9699690,19,51,50,26,00000000001000000000100001000000000000000000000000,123,0.0014456132103190928,9,8,1
double_twins_p13,"[0,2,26,28]",510510,9699690,19,51,50,26,00000000001000000000100001000000000000000000010000,24,0.0002820708703061644,13,12,1
double_twins_p13,"[0,2,26,28]",510510,9699690,19,51,50,26,00000000001000010000000000000000000000000000000000,68,0.0007992007992007992,6,5,1
double_twins_p13,"[0,2,26,28]",510510,9699690,19,51,50,26,00000000001000010000000000000000000000000000010000,28,0.00032908268202385847,5,4,1
double_twins_p13,"[0,2,26,28]",510510,9699690,19,51,50,26,00000000001000010000000001000000000000000000000000,112,0.0013163307280954339,9,8,1
double_twins_p13,"[0,2,26,28]",510510,9699690,19,51,50,26,00000000001000010000000001000000000000000000010000,35,0.00041135335252982314,7,6,1
double_twins_p13,"[0,2,26,28]",510510,9699690,19,51,50,27,00000000000000000000000000000000000000000000000001,21,0.00024681201151789385,2,1,1
double_twins_p13,"[0,2,26,28]",510510,9699690,19,51,50,27,00000000000000000000000000000000000000000000100000,73,0.0008579655638479167,2,1,1
double_twins_p13,"[0,2,26,28]",510510,9699690,19,51,50,27,00000000000000000000000000000000000000000000100001,15,0.00017629429394135277,3,2,1
double_twins_p13,"[0,2,26,28]",510510,9699690,19,51,50,27,00000000000000000000000010000000000000000000000000,86,0.0010107539519304226,2,1,1
double_twins_p13,"[0,2,26,28]",510510,9699690,19,51,50,27,00000000000000000000000010000000000000000000000001,41,0.0004818710701063642,4,3,1
double_twins_p13,"[0,2,26,28]",510510,9699690,19,51,50,27,00000000000000000000000010000000000000000000100000,34,0.0003996003996003996,3,2,1
double_twins_p13,"[0,2,26,28]",510510,9699690,19,51,50,27,00000000000000000000000010000000000000000000100001,9,0.00010577657636481166,5,4,1
double_twins_p13,"[0,2,26,28]",510510,9699690,19,51,50,27,00000000000000000001000000000000000000000000000000,75,0.0008814714697067638,2,1,1
double_twins_p13,"[0,2,26,28]",510510,9699690,19,51,50,27,00000000000000000001000000000000000000000000000001,69,0.0008109537521302227,4,3,1
double_twins_p13,"[0,2,26,28]",510510,9699690,19,51,50,27,00000000000000000001000000000000000000000000100000,96,0.0011282834812246577,4,3,1
double_twins_p13,"[0,2,26,28]",510510,9699690,19,51,50,27,00000000000000000001000000000000000000000000100001,26,0.00030557677616501144,6,5,1
double_twins_p13,"[0,2,26,28]",510510,9699690,19,51,50,27,00000000000000000001000010000000000000000000000000,33,0.00038784744667097606,3,2,1
double_twins_p13,"[0,2,26,28]",510510,9699690,19,51,50,27,00000000000000000001000010000000000000000000000001,52,0.0006111535523300229,6,5,1
double_twins_p13,"[0,2,26,28]",510510,9699690,19,51,50,27,00000000000000000001000010000000000000000000100000,9,0.00010577657636481166,5,4,1
double_twins_p13,"[0,2,26,28]",510510,9699690,19,51,50,27,00000000000000000001000010000000000000000000100001,2,2.3505905858847036e-05,8,7,1
double_twins_p13,"[0,2,26,28]",510510,9699690,19,51,50,27,00000000000000100000000000000000000000000000000000,44,0.0005171299288946348,2,1,1
double_twins_p13,"[0,2,26,28]",510510,9699690,19,51,50,27,00000000000000100000000000000000000000000000000001,22,0.0002585649644473174,3,2,1
double_twins_p13,"[0,2,26,28]",510510,9699690,19,51,50,27,00000000000000100000000000000000000000000000100000,169,0.0019862490450725744,4,3,1
double_twins_p13,"[0,2,26,28]",510510,9699690,19,51,50,27,00000000000000100000000000000000000000000000100001,31,0.00036434154081212903,5,4,1
double_twins_p13,"[0,2,26,28]",510510,9699690,19,51,50,27,00000000000000100000000010000000000000000000000000,100,0.0011752952929423518,3,2,1
double_twins_p13,"[0,2,26,28]",510510,9699690,19,51,50,27,00000000000000100000000010000000000000000000000001,56,0.0006581653640477169,5,4,1
double_twins_p13,"[0,2,26,28]",510510,9699690,19,51,50,27,00000000000000100000000010000000000000000000100000,93,0.001093024622436387,5,4,1
double_twins_p13,"[0,2,26,28]",510510,9699690,19,51,50,27,00000000000000100001000000000000000000000000000000,68,0.0007992007992007992,3,2,1
double_twins_p13,"[0,2,26,28]",510510,9699690,19,51,50,27,00000000000000100001000000000000000000000000000001,31,0.00036434154081212903,5,4,1
double_twins_p13,"[0,2,26,28]",510510,9699690,19,51,50,27,00000000000000100001000000000000000000000000100000,112,0.0013163307280954339,6,5,1
double_twins_p13,"[0,2,26,28]",510510,9699690,19,51,50,27,00000000000000100001000000000000000000000000100001,32,0.0003760944937415526,8,7,1
double_twins_p13,"[0,2,26,28]",510510,9699690,19,51,50,27,00000000010000000000000000000000000000000000000000,33,0.00038784744667097606,2,1,1
double_twins_p13,"[0,2,26,28]",510510,9699690,19,51,50,27,00000000010000000000000000000000000000000000000001,65,0.0007639419404125286,4,3,1
double_twins_p13,"[0,2,26,28]",510510,9699690,19,51,50,27,00000000010000000000000000000000000000000000100000,42,0.0004936240230357877,3,2,1
double_twins_p13,"[0,2,26,28]",510510,9699690,19,51,50,27,00000000010000000000000000000000000000000000100001,30,0.00035258858788270555,5,4,1
double_twins_p13,"[0,2,26,28]",510510,9699690,19,51,50,27,00000000010000000000000010000000000000000000000000,86,0.0010107539519304226,4,3,1
double_twins_p13,"[0,2,26,28]",510510,9699690,19,51,50,27,00000000010000000000000010000000000000000000000001,69,0.0008109537521302227,7,6,1
double_twins_p13,"[0,2,26,28]",510510,9699690,19,51,50,27,00000000010000000000000010000000000000000000100000,23,0.00027031791737674093,5,4,1
double_twins_p13,"[0,2,26,28]",510510,9699690,19,51,50,27,00000000010000000000000010000000000000000000100001,14,0.00016454134101192923,8,7,1
double_twins_p13,"[0,2,26,28]",510510,9699690,19,51,50,27,00000000010000000001000000000000000000000000000000,21,0.00024681201151789385,3,2,1
double_twins_p13,"[0,2,26,28]",510510,9699690,19,51,50,27,00000000010000000001000000000000000000000000000001,124,0.0014573661632485161,6,5,1
double_twins_p13,"[0,2,26,28]",510510,9699690,19,51,50,27,00000000010000000001000000000000000000000000100000,30,0.00035258858788270555,5,4,1
double_twins_p13,"[0,2,26,28]",510510,9699690,19,51,50,27,00000000010000000001000000000000000000000000100001,74,0.0008697185167773403,8,7,1
double_twins_p13,"[0,2,26,28]",510510,9699690,19,51,50,27,00000000010000000001000010000000000000000000000000,43,0.0005053769759652113,5,4,1
double_twins_p13,"[0,2,26,28]",510510,9699690,19,51,50,27,00000000010000000001000010000000000000000000000001,80,0.0009402362343538815,8,7,1
double_twins_p13,"[0,2,26,28]",510510,9699690,19,51,50,27,00000000010000000001000010000000000000000000100000,14,0.00016454134101192923,7,6,1
double_twins_p13,"[0,2,26,28]",510510,9699690,19,51,50,27,00000000010000000001000010000000000000000000100001,10,0.00011752952929423518,10,9,1
double_twins_p13,"[0,2,26,28]",510510,9699690,19,51,50,27,00000000010000100000000000000000000000000000000000,12,0.0001410354351530822,3,2,1
double_twins_p13,"[0,2,26,28]",510510,9699690,19,51,50,27,00000000010000100000000000000000000000000000000001,56,0.0006581653640477169,5,4,1
double_twins_p13,"[0,2,26,28]",510510,9699690,19,51,50,27,00000000010000100000000000000000000000000000100000,28,0.00032908268202385847,5,4,1
double_twins_p13,"[0,2,26,28]",510510,9699690,19,51,50,27,00000000010000100000000010000000000000000000000000,40,0.00047011811717694073,5,4,1
double_twins_p13,"[0,2,26,28]",510510,9699690,19,51,50,27,00000000010000100000000010000000000000000000000001,72,0.0008462126109184933,8,7,1
double_twins_p13,"[0,2,26,28]",510510,9699690,19,51,50,27,00000000010000100000000010000000000000000000100000,35,0.00041135335252982314,7,6,1
double_twins_p13,"[0,2,26,28]",510510,9699690,19,51,50,28,00000000000000000000000000000000000000000000000010,21,0.00024681201151789385,2,1,1
double_twins_p13,"[0,2,26,28]",510510,9699690,19,51,50,28,00000000000000000000000000000000000000000001000000,73,0.0008579655638479167,2,1,1
double_twins_p13,"[0,2,26,28]",510510,9699690,19,51,50,28,00000000000000000000000000000000000000000001000010,15,0.00017629429394135277,3,2,1
double_twins_p13,"[0,2,26,28]",510510,9699690,19,51,50,28,00000000000000000000000100000000000000000000000000,86,0.0010107539519304226,2,1,1
double_twins_p13,"[0,2,26,28]",510510,9699690,19,51,50,28,00000000000000000000000100000000000000000000000010,41,0.0004818710701063642,4,3,1
double_twins_p13,"[0,2,26,28]",510510,9699690,19,51,50,28,00000000000000000000000100000000000000000001000000,34,0.0003996003996003996,3,2,1
double_twins_p13,"[0,2,26,28]",510510,9699690,19,51,50,28,00000000000000000000000100000000000000000001000010,9,0.00010577657636481166,5,4,1
double_twins_p13,"[0,2,26,28]",510510,9699690,19,51,50,28,00000000000000000010000000000000000000000000000000,75,0.0008814714697067638,2,1,1
double_twins_p13,"[0,2,26,28]",510510,9699690,19,51,50,28,00000000000000000010000000000000000000000000000010,69,0.0008109537521302227,4,3,1
double_twins_p13,"[0,2,26,28]",510510,9699690,19,51,50,28,00000000000000000010000000000000000000000001000000,96,0.0011282834812246577,4,3,1
double_twins_p13,"[0,2,26,28]",510510,9699690,19,51,50,28,00000000000000000010000000000000000000000001000010,26,0.00030557677616501144,6,5,1
double_twins_p13,"[0,2,26,28]",510510,9699690,19,51,50,28,00000000000000000010000100000000000000000000000000,33,0.00038784744667097606,3,2,1
double_twins_p13,"[0,2,26,28]",510510,9699690,19,51,50,28,00000000000000000010000100000000000000000000000010,52,0.0006111535523300229,6,5,1
double_twins_p13,"[0,2,26,28]",510510,9699690,19,51,50,28,00000000000000000010000100000000000000000001000000,9,0.00010577657636481166,5,4,1
double_twins_p13,"[0,2,26,28]",510510,9699690,19,51,50,28,00000000000000000010000100000000000000000001000010,2,2.3505905858847036e-05,8,7,1
double_twins_p13,"[0,2,26,28]",510510,9699690,19,51,50,28,00000000000001000000000000000000000000000000000000,44,0.0005171299288946348,2,1,1
double_twins_p13,"[0,2,26,28]",510510,9699690,19,51,50,28,00000000000001000000000000000000000000000000000010,22,0.0002585649644473174,3,2,1
double_twins_p13,"[0,2,26,28]",510510,9699690,19,51,50,28,00000000000001000000000000000000000000000001000000,169,0.0019862490450725744,4,3,1
double_twins_p13,"[0,2,26,28]",510510,9699690,19,51,50,28,00000000000001000000000000000000000000000001000010,31,0.00036434154081212903,5,4,1
double_twins_p13,"[0,2,26,28]",510510,9699690,19,51,50,28,00000000000001000000000100000000000000000000000000,100,0.0011752952929423518,3,2,1
double_twins_p13,"[0,2,26,28]",510510,9699690,19,51,50,28,00000000000001000000000100000000000000000000000010,56,0.0006581653640477169,5,4,1
double_twins_p13,"[0,2,26,28]",510510,9699690,19,51,50,28,00000000000001000000000100000000000000000001000000,93,0.001093024622436387,5,4,1
double_twins_p13,"[0,2,26,28]",510510,9699690,19,51,50,28,00000000000001000010000000000000000000000000000000,68,0.0007992007992007992,3,2,1
double_twins_p13,"[0,2,26,28]",510510,9699690,19,51,50,28,00000000000001000010000000000000000000000000000010,31,0.00036434154081212903,5,4,1
double_twins_p13,"[0,2,26,28]",510510,9699690,19,51,50,28,00000000000001000010000000000000000000000001000000,112,0.0013163307280954339,6,5,1
double_twins_p13,"[0,2,26,28]",510510,9699690,19,51,50,28,00000000000001000010000000000000000000000001000010,32,0.0003760944937415526,8,7,1
double_twins_p13,"[0,2,26,28]",510510,9699690,19,51,50,28,00000000100000000000000000000000000000000000000000,33,0.00038784744667097606,2,1,1
double_twins_p13,"[0,2,26,28]",510510,9699690,19,51,50,28,00000000100000000000000000000000000000000000000010,65,0.0007639419404125286,4,3,1
double_twins_p13,"[0,2,26,28]",510510,9699690,19,51,50,28,00000000100000000000000000000000000000000001000000,42,0.0004936240230357877,3,2,1
double_twins_p13,"[0,2,26,28]",510510,9699690,19,51,50,28,00000000100000000000000000000000000000000001000010,30,0.00035258858788270555,5,4,1
double_twins_p13,"[0,2,26,28]",510510,9699690,19,51,50,28,00000000100000000000000100000000000000000000000000,86,0.0010107539519304226,4,3,1
double_twins_p13,"[0,2,26,28]",510510,9699690,19,51,50,28,00000000100000000000000100000000000000000000000010,69,0.0008109537521302227,7,6,1
double_twins_p13,"[0,2,26,28]",510510,9699690,19,51,50,28,00000000100000000000000100000000000000000001000000,23,0.00027031791737674093,5,4,1
double_twins_p13,"[0,2,26,28]",510510,9699690,19,51,50,28,00000000100000000000000100000000000000000001000010,14,0.00016454134101192923,8,7,1
double_twins_p13,"[0,2,26,28]",510510,9699690,19,51,50,28,00000000100000000010000000000000000000000000000000,21,0.00024681201151789385,3,2,1
double_twins_p13,"[0,2,26,28]",510510,9699690,19,51,50,28,00000000100000000010000000000000000000000000000010,124,0.0014573661632485161,6,5,1
double_twins_p13,"[0,2,26,28]",510510,9699690,19,51,50,28,00000000100000000010000000000000000000000001000000,30,0.00035258858788270555,5,4,1
double_twins_p13,"[0,2,26,28]",510510,9699690,19,51,50,28,00000000100000000010000000000000000000000001000010,74,0.0008697185167773403,8,7,1
double_twins_p13,"[0,2,26,28]",510510,9699690,19,51,50,28,00000000100000000010000100000000000000000000000000,43,0.0005053769759652113,5,4,1
double_twins_p13,"[0,2,26,28]",510510,9699690,19,51,50,28,00000000100000000010000100000000000000000000000010,80,0.0009402362343538815,8,7,1
double_twins_p13,"[0,2,26,28]",510510,9699690,19,51,50,28,00000000100000000010000100000000000000000001000000,14,0.00016454134101192923,7,6,1
double_twins_p13,"[0,2,26,28]",510510,9699690,19,51,50,28,00000000100000000010000100000000000000000001000010,10,0.00011752952929423518,10,9,1
double_twins_p13,"[0,2,26,28]",510510,9699690,19,51,50,28,00000000100001000000000000000000000000000000000000,12,0.0001410354351530822,3,2,1
double_twins_p13,"[0,2,26,28]",510510,9699690,19,51,50,28,00000000100001000000000000000000000000000000000010,56,0.0006581653640477169,5,4,1
double_twins_p13,"[0,2,26,28]",510510,9699690,19,51,50,28,00000000100001000000000000000000000000000001000000,28,0.00032908268202385847,5,4,1
double_twins_p13,"[0,2,26,28]",510510,9699690,19,51,50,28,00000000100001000000000100000000000000000000000000,40,0.00047011811717694073,5,4,1
double_twins_p13,"[0,2,26,28]",510510,9699690,19,51,50,28,00000000100001000000000100000000000000000000000010,72,0.0008462126109184933,8,7,1
double_twins_p13,"[0,2,26,28]",510510,9699690,19,51,50,28,00000000100001000000000100000000000000000001000000,35,0.00041135335252982314,7,6,1
double_twins_p13,"[0,2,26,28]",510510,9699690,19,51,50,29,00000000000000000000000000000000000000000000000100,21,0.00024681201151789385,2,1,1
double_twins_p13,"[0,2,26,28]",510510,9699690,19,51,50,29,00000000000000000000000000000000000000000010000000,73,0.0008579655638479167,2,1,1
double_twins_p13,"[0,2,26,28]",510510,9699690,19,51,50,29,00000000000000000000000000000000000000000010000100,15,0.00017629429394135277,3,2,1
double_twins_p13,"[0,2,26,28]",510510,9699690,19,51,50,29,00000000000000000000001000000000000000000000000000,86,0.0010107539519304226,2,1,1
double_twins_p13,"[0,2,26,28]",510510,9699690,19,51,50,29,00000000000000000000001000000000000000000000000100,41,0.0004818710701063642,4,3,1
double_twins_p13,"[0,2,26,28]",510510,9699690,19,51,50,29,00000000000000000000001000000000000000000010000000,34,0.0003996003996003996,3,2,1
double_twins_p13,"[0,2,26,28]",510510,9699690,19,51,50,29,00000000000000000000001000000000000000000010000100,9,0.00010577657636481166,5,4,1
double_twins_p13,"[0,2,26,28]",510510,9699690,19,51,50,29,00000000000000000100000000000000000000000000000000,75,0.0008814714697067638,2,1,1
double_twins_p13,"[0,2,26,28]",510510,9699690,19,51,50,29,00000000000000000100000000000000000000000000000100,69,0.0008109537521302227,4,3,1
double_twins_p13,"[0,2,26,28]",510510,9699690,19,51,50,29,00000000000000000100000000000000000000000010000000,96,0.0011282834812246577,4,3,1
double_twins_p13,"[0,2,26,28]",510510,9699690,19,51,50,29,00000000000000000100000000000000000000000010000100,26,0.00030557677616501144,6,5,1
double_twins_p13,"[0,2,26,28]",510510,9699690,19,51,50,29,00000000000000000100001000000000000000000000000000,33,0.00038784744667097606,3,2,1
double_twins_p13,"[0,2,26,28]",510510,9699690,19,51,50,29,00000000000000000100001000000000000000000000000100,52,0.0006111535523300229,6,5,1
double_twins_p13,"[0,2,26,28]",510510,9699690,19,51,50,29,00000000000000000100001000000000000000000010000000,9,0.00010577657636481166,5,4,1
double_twins_p13,"[0,2,26,28]",510510,9699690,19,51,50,29,00000000000000000100001000000000000000000010000100,2,2.3505905858847036e-05,8,7,1
double_twins_p13,"[0,2,26,28]",510510,9699690,19,51,50,29,00000000000010000000000000000000000000000000000000,44,0.0005171299288946348,2,1,1
double_twins_p13,"[0,2,26,28]",510510,9699690,19,51,50,29,00000000000010000000000000000000000000000000000100,22,0.0002585649644473174,3,2,1
double_twins_p13,"[0,2,26,28]",510510,9699690,19,51,50,29,00000000000010000000000000000000000000000010000000,169,0.0019862490450725744,4,3,1
double_twins_p13,"[0,2,26,28]",510510,9699690,19,51,50,29,00000000000010000000000000000000000000000010000100,31,0.00036434154081212903,5,4,1
double_twins_p13,"[0,2,26,28]",510510,9699690,19,51,50,29,00000000000010000000001000000000000000000000000000,100,0.0011752952929423518,3,2,1
double_twins_p13,"[0,2,26,28]",510510,9699690,19,51,50,29,00000000000010000000001000000000000000000000000100,56,0.0006581653640477169,5,4,1
double_twins_p13,"[0,2,26,28]",510510,9699690,19,51,50,29,00000000000010000000001000000000000000000010000000,93,0.001093024622436387,5,4,1
double_twins_p13,"[0,2,26,28]",510510,9699690,19,51,50,29,00000000000010000100000000000000000000000000000000,68,0.0007992007992007992,3,2,1
double_twins_p13,"[0,2,26,28]",510510,9699690,19,51,50,29,00000000000010000100000000000000000000000000000100,31,0.00036434154081212903,5,4,1
double_twins_p13,"[0,2,26,28]",510510,9699690,19,51,50,29,00000000000010000100000000000000000000000010000000,112,0.0013163307280954339,6,5,1
double_twins_p13,"[0,2,26,28]",510510,9699690,19,51,50,29,00000000000010000100000000000000000000000010000100,32,0.0003760944937415526,8,7,1
double_twins_p13,"[0,2,26,28]",510510,9699690,19,51,50,29,00000001000000000000000000000000000000000000000000,33,0.00038784744667097606,2,1,1
double_twins_p13,"[0,2,26,28]",510510,9699690,19,51,50,29,00000001000000000000000000000000000000000000000100,65,0.0007639419404125286,4,3,1
double_twins_p13,"[0,2,26,28]",510510,9699690,19,51,50,29,00000001000000000000000000000000000000000010000000,42,0.0004936240230357877,3,2,1
double_twins_p13,"[0,2,26,28]",510510,9699690,19,51,50,29,00000001000000000000000000000000000000000010000100,30,0.00035258858788270555,5,4,1
double_twins_p13,"[0,2,26,28]",510510,9699690,19,51,50,29,00000001000000000000001000000000000000000000000000,86,0.0010107539519304226,4,3,1
double_twins_p13,"[0,2,26,28]",510510,9699690,19,51,50,29,00000001000000000000001000000000000000000000000100,69,0.0008109537521302227,7,6,1
double_twins_p13,"[0,2,26,28]",510510,9699690,19,51,50,29,00000001000000000000001000000000000000000010000000,23,0.00027031791737674093,5,4,1
double_twins_p13,"[0,2,26,28]",510510,9699690,19,51,50,29,00000001000000000000001000000000000000000010000100,14,0.00016454134101192923,8,7,1
double_twins_p13,"[0,2,26,28]",510510,9699690,19,51,50,29,00000001000000000100000000000000000000000000000000,21,0.00024681201151789385,3,2,1
double_twins_p13,"[0,2,26,28]",510510,9699690,19,51,50,29,00000001000000000100000000000000000000000000000100,124,0.0014573661632485161,6,5,1
double_twins_p13,"[0,2,26,28]",510510,9699690,19,51,50,29,00000001000000000100000000000000000000000010000000,30,0.00035258858788270555,5,4,1
double_twins_p13,"[0,2,26,28]",510510,9699690,19,51,50,29,00000001000000000100000000000000000000000010000100,74,0.0008697185167773403,8,7,1
double_twins_p13,"[0,2,26,28]",510510,9699690,19,51,50,29,00000001000000000100001000000000000000000000000000,43,0.0005053769759652113,5,4,1
double_twins_p13,"[0,2,26,28]",510510,9699690,19,51,50,29,00000001000000000100001000000000000000000000000100,80,0.0009402362343538815,8,7,1
double_twins_p13,"[0,2,26,28]",510510,9699690,19,51,50,29,00000001000000000100001000000000000000000010000000,14,0.00016454134101192923,7,6,1
double_twins_p13,"[0,2,26,28]",510510,9699690,19,51,50,29,00000001000000000100001000000000000000000010000100,10,0.00011752952929423518,10,9,1
double_twins_p13,"[0,2,26,28]",510510,9699690,19,51,50,29,00000001000010000000000000000000000000000000000000,12,0.0001410354351530822,3,2,1
double_twins_p13,"[0,2,26,28]",510510,9699690,19,51,50,29,00000001000010000000000000000000000000000000000100,56,0.0006581653640477169,5,4,1
double_twins_p13,"[0,2,26,28]",510510,9699690,19,51,50,29,00000001000010000000000000000000000000000010000000,28,0.00032908268202385847,5,4,1
double_twins_p13,"[0,2,26,28]",510510,9699690,19,51,50,29,00000001000010000000001000000000000000000000000000,40,0.00047011811717694073,5,4,1
double_twins_p13,"[0,2,26,28]",510510,9699690,19,51,50,29,00000001000010000000001000000000000000000000000100,72,0.0008462126109184933,8,7,1
double_twins_p13,"[0,2,26,28]",510510,9699690,19,51,50,29,00000001000010000000001000000000000000000010000000,35,0.00041135335252982314,7,6,1
double_twins_p13,"[0,2,26,28]",510510,9699690,19,51,50,30,00000000000000000000000000000000000000000000001000,21,0.00024681201151789385,2,1,1
double_twins_p13,"[0,2,26,28]",510510,9699690,19,51,50,30,00000000000000000000000000000000000000000100000000,73,0.0008579655638479167,2,1,1
double_twins_p13,"[0,2,26,28]",510510,9699690,19,51,50,30,00000000000000000000000000000000000000000100001000,15,0.00017629429394135277,3,2,1
double_twins_p13,"[0,2,26,28]",510510,9699690,19,51,50,30,00000000000000000000010000000000000000000000000000,86,0.0010107539519304226,2,1,1
double_twins_p13,"[0,2,26,28]",510510,9699690,19,51,50,30,00000000000000000000010000000000000000000000001000,41,0.0004818710701063642,4,3,1
double_twins_p13,"[0,2,26,28]",510510,9699690,19,51,50,30,00000000000000000000010000000000000000000100000000,34,0.0003996003996003996,3,2,1
double_twins_p13,"[0,2,26,28]",510510,9699690,19,51,50,30,00000000000000000000010000000000000000000100001000,9,0.00010577657636481166,5,4,1
double_twins_p13,"[0,2,26,28]",510510,9699690,19,51,50,30,00000000000000001000000000000000000000000000000000,75,0.0008814714697067638,2,1,1
double_twins_p13,"[0,2,26,28]",510510,9699690,19,51,50,30,00000000000000001000000000000000000000000000001000,69,0.0008109537521302227,4,3,1
double_twins_p13,"[0,2,26,28]",510510,9699690,19,51,50,30,00000000000000001000000000000000000000000100000000,96,0.0011282834812246577,4,3,1
double_twins_p13,"[0,2,26,28]",510510,9699690,19,51,50,30,00000000000000001000000000000000000000000100001000,26,0.00030557677616501144,6,5,1
double_twins_p13,"[0,2,26,28]",510510,9699690,19,51,50,30,00000000000000001000010000000000000000000000000000,33,0.00038784744667097606,3,2,1
double_twins_p13,"[0,2,26,28]",510510,9699690,19,51,50,30,00000000000000001000010000000000000000000000001000,52,0.0006111535523300229,6,5,1
double_twins_p13,"[0,2,26,28]",510510,9699690,19,51,50,30,00000000000000001000010000000000000000000100000000,9,0.00010577657636481166,5,4,1
double_twins_p13,"[0,2,26,28]",510510,9699690,19,51,50,30,00000000000000001000010000000000000000000100001000,2,2.3505905858847036e-05,8,7,1
double_twins_p13,"[0,2,26,28]",510510,9699690,19,51,50,30,00000000000100000000000000000000000000000000000000,44,0.0005171299288946348,2,1,1
double_twins_p13,"[0,2,26,28]",510510,9699690,19,51,50,30,00000000000100000000000000000000000000000000001000,22,0.0002585649644473174,3,2,1
double_twins_p13,"[0,2,26,28]",510510,9699690,19,51,50,30,00000000000100000000000000000000000000000100000000,169,0.0019862490450725744,4,3,1
double_twins_p13,"[0,2,26,28]",510510,9699690,19,51,50,30,00000000000100000000000000000000000000000100001000,31,0.00036434154081212903,5,4,1
double_twins_p13,"[0,2,26,28]",510510,9699690,19,51,50,30,00000000000100000000010000000000000000000000000000,100,0.0011752952929423518,3,2,1
double_twins_p13,"[0,2,26,28]",510510,9699690,19,51,50,30,00000000000100000000010000000000000000000000001000,56,0.0006581653640477169,5,4,1
double_twins_p13,"[0,2,26,28]",510510,9699690,19,51,50,30,00000000000100000000010000000000000000000100000000,93,0.001093024622436387,5,4,1
double_twins_p13,"[0,2,26,28]",510510,9699690,19,51,50,30,00000000000100001000000000000000000000000000000000,68,0.0007992007992007992,3,2,1
double_twins_p13,"[0,2,26,28]",510510,9699690,19,51,50,30,00000000000100001000000000000000000000000000001000,31,0.00036434154081212903,5,4,1
double_twins_p13,"[0,2,26,28]",510510,9699690,19,51,50,30,00000000000100001000000000000000000000000100000000,112,0.0013163307280954339,6,5,1
double_twins_p13,"[0,2,26,28]",510510,9699690,19,51,50,30,00000000000100001000000000000000000000000100001000,32,0.0003760944937415526,8,7,1
double_twins_p13,"[0,2,26,28]",510510,9699690,19,51,50,30,00000010000000000000000000000000000000000000000000,33,0.00038784744667097606,2,1,1
double_twins_p13,"[0,2,26,28]",510510,9699690,19,51,50,30,00000010000000000000000000000000000000000000001000,65,0.0007639419404125286,4,3,1
double_twins_p13,"[0,2,26,28]",510510,9699690,19,51,50,30,00000010000000000000000000000000000000000100000000,42,0.0004936240230357877,3,2,1
double_twins_p13,"[0,2,26,28]",510510,9699690,19,51,50,30,00000010000000000000000000000000000000000100001000,30,0.00035258858788270555,5,4,1
double_twins_p13,"[0,2,26,28]",510510,9699690,19,51,50,30,00000010000000000000010000000000000000000000000000,86,0.0010107539519304226,4,3,1
double_twins_p13,"[0,2,26,28]",510510,9699690,19,51,50,30,00000010000000000000010000000000000000000000001000,69,0.0008109537521302227,7,6,1
double_twins_p13,"[0,2,26,28]",510510,9699690,19,51,50,30,00000010000000000000010000000000000000000100000000,23,0.00027031791737674093,5,4,1
double_twins_p13,"[0,2,26,28]",510510,9699690,19,51,50,30,00000010000000000000010000000000000000000100001000,14,0.00016454134101192923,8,7,1
double_twins_p13,"[0,2,26,28]",510510,9699690,19,51,50,30,00000010000000001000000000000000000000000000000000,21,0.00024681201151789385,3,2,1
double_twins_p13,"[0,2,26,28]",510510,9699690,19,51,50,30,00000010000000001000000000000000000000000000001000,124,0.0014573661632485161,6,5,1
double_twins_p13,"[0,2,26,28]",510510,9699690,19,51,50,30,00000010000000001000000000000000000000000100000000,30,0.00035258858788270555,5,4,1
double_twins_p13,"[0,2,26,28]",510510,9699690,19,51,50,30,00000010000000001000000000000000000000000100001000,74,0.0008697185167773403,8,7,1
double_twins_p13,"[0,2,26,28]",510510,9699690,19,51,50,30,00000010000000001000010000000000000000000000000000,43,0.0005053769759652113,5,4,1
double_twins_p13,"[0,2,26,28]",510510,9699690,19,51,50,30,00000010000000001000010000000000000000000000001000,80,0.0009402362343538815,8,7,1
double_twins_p13,"[0,2,26,28]",510510,9699690,19,51,50,30,00000010000000001000010000000000000000000100000000,14,0.00016454134101192923,7,6,1
double_twins_p13,"[0,2,26,28]",510510,9699690,19,51,50,30,00000010000000001000010000000000000000000100001000,10,0.00011752952929423518,10,9,1
double_twins_p13,"[0,2,26,28]",510510,9699690,19,51,50,30,00000010000100000000000000000000000000000000000000,12,0.0001410354351530822,3,2,1
double_twins_p13,"[0,2,26,28]",510510,9699690,19,51,50,30,00000010000100000000000000000000000000000000001000,56,0.0006581653640477169,5,4,1
double_twins_p13,"[0,2,26,28]",510510,9699690,19,51,50,30,00000010000100000000000000000000000000000100000000,28,0.00032908268202385847,5,4,1
double_twins_p13,"[0,2,26,28]",510510,9699690,19,51,50,30,00000010000100000000010000000000000000000000000000,40,0.00047011811717694073,5,4,1
double_twins_p13,"[0,2,26,28]",510510,9699690,19,51,50,30,00000010000100000000010000000000000000000000001000,72,0.0008462126109184933,8,7,1
double_twins_p13,"[0,2,26,28]",510510,9699690,19,51,50,30,00000010000100000000010000000000000000000100000000,35,0.00041135335252982314,7,6,1
double_twins_p13,"[0,2,26,28]",510510,9699690,19,51,50,31,00000000000000000000000000000000000000000000000000,31,0.00036434154081212903,2,1,1
double_twins_p13,"[0,2,26,28]",510510,9699690,19,51,50,31,00000000000000000000000000000000000000000000010000,21,0.00024681201151789385,4,3,1
double_twins_p13,"[0,2,26,28]",510510,9699690,19,51,50,31,00000000000000000000000000000000000000001000000000,73,0.0008579655638479167,4,3,1
double_twins_p13,"[0,2,26,28]",510510,9699690,19,51,50,31,00000000000000000000000000000000000000001000010000,15,0.00017629429394135277,3,2,1
double_twins_p13,"[0,2,26,28]",510510,9699690,19,51,50,31,00000000000000000000100000000000000000000000000000,86,0.0010107539519304226,4,3,1
double_twins_p13,"[0,2,26,28]",510510,9699690,19,51,50,31,00000000000000000000100000000000000000000000010000,41,0.0004818710701063642,8,7,1
double_twins_p13,"[0,2,26,28]",510510,9699690,19,51,50,31,00000000000000000000100000000000000000001000000000,34,0.0003996003996003996,6,5,1
double_twins_p13,"[0,2,26,28]",510510,9699690,19,51,50,31,00000000000000000000100000000000000000001000010000,9,0.00010577657636481166,5,4,1
double_twins_p13,"[0,2,26,28]",510510,9699690,19,51,50,31,00000000000000010000000000000000000000000000000000,75,0.0008814714697067638,4,3,1
double_twins_p13,"[0,2,26,28]",510510,9699690,19,51,50,31,00000000000000010000000000000000000000000000010000,69,0.0008109537521302227,8,7,1
double_twins_p13,"[0,2,26,28]",510510,9699690,19,51,50,31,00000000000000010000000000000000000000001000000000,96,0.0011282834812246577,8,7,1
double_twins_p13,"[0,2,26,28]",510510,9699690,19,51,50,31,00000000000000010000000000000000000000001000010000,26,0.00030557677616501144,6,5,1
double_twins_p13,"[0,2,26,28]",510510,9699690,19,51,50,31,00000000000000010000100000000000000000000000000000,33,0.00038784744667097606,6,5,1
double_twins_p13,"[0,2,26,28]",510510,9699690,19,51,50,31,00000000000000010000100000000000000000000000010000,52,0.0006111535523300229,12,11,1
double_twins_p13,"[0,2,26,28]",510510,9699690,19,51,50,31,00000000000000010000100000000000000000001000000000,9,0.00010577657636481166,5,4,1
double_twins_p13,"[0,2,26,28]",510510,9699690,19,51,50,31,00000000000000010000100000000000000000001000010000,2,2.3505905858847036e-05,8,7,1
double_twins_p13,"[0,2,26,28]",510510,9699690,19,51,50,31,00000000001000000000000000000000000000000000000000,44,0.0005171299288946348,4,3,1
double_twins_p13,"[0,2,26,28]",510510,9699690,19,51,50,31,00000000001000000000000000000000000000000000010000,22,0.0002585649644473174,6,5,1
double_twins_p13,"[0,2,26,28]",510510,9699690,19,51,50,31,00000000001000000000000000000000000000001000000000,169,0.0019862490450725744,8,7,1
double_twins_p13,"[0,2,26,28]",510510,9699690,19,51,50,31,00000000001000000000000000000000000000001000010000,31,0.00036434154081212903,5,4,1
double_twins_p13,"[0,2,26,28]",510510,9699690,19,51,50,31,00000000001000000000100000000000000000000000000000,100,0.0011752952929423518,6,5,1
double_twins_p13,"[0,2,26,28]",510510,9699690,19,51,50,31,00000000001000000000100000000000000000000000010000,56,0.0006581653640477169,10,9,1
double_twins_p13,"[0,2,26,28]",510510,9699690,19,51,50,31,00000000001000000000100000000000000000001000000000,93,0.001093024622436387,10,9,1
double_twins_p13,"[0,2,26,28]",510510,9699690,19,51,50,31,00000000001000010000000000000000000000000000000000,68,0.0007992007992007992,6,5,1
double_twins_p13,"[0,2,26,28]",510510,9699690,19,51,50,31,00000000001000010000000000000000000000000000010000,31,0.00036434154081212903,5,4,1
double_twins_p13,"[0,2,26,28]",510510,9699690,19,51,50,31,00000000001000010000000000000000000000001000000000,112,0.0013163307280954339,12,11,1
double_twins_p13,"[0,2,26,28]",510510,9699690,19,51,50,31,00000000001000010000000000000000000000001000010000,32,0.0003760944937415526,8,7,1
double_twins_p13,"[0,2,26,28]",510510,9699690,19,51,50,31,00000100000000000000000000000000000000000000000000,33,0.00038784744667097606,4,3,1
double_twins_p13,"[0,2,26,28]",510510,9699690,19,51,50,31,00000100000000000000000000000000000000000000010000,65,0.0007639419404125286,8,7,1
double_twins_p13,"[0,2,26,28]",510510,9699690,19,51,50,31,00000100000000000000000000000000000000001000000000,42,0.0004936240230357877,6,5,1
double_twins_p13,"[0,2,26,28]",510510,9699690,19,51,50,31,00000100000000000000000000000000000000001000010000,30,0.00035258858788270555,5,4,1
double_twins_p13,"[0,2,26,28]",510510,9699690,19,51,50,31,00000100000000000000100000000000000000000000000000,86,0.0010107539519304226,8,7,1
double_twins_p13,"[0,2,26,28]",510510,9699690,19,51,50,31,00000100000000000000100000000000000000000000010000,69,0.0008109537521302227,14,13,1
double_twins_p13,"[0,2,26,28]",510510,9699690,19,51,50,31,00000100000000000000100000000000000000001000000000,23,0.00027031791737674093,10,9,1
double_twins_p13,"[0,2,26,28]",510510,9699690,19,51,50,31,00000100000000000000100000000000000000001000010000,14,0.00016454134101192923,8,7,1
double_twins_p13,"[0,2,26,28]",510510,9699690,19,51,50,31,00000100000000010000000000000000000000000000000000,21,0.00024681201151789385,6,5,1
double_twins_p13,"[0,2,26,28]",510510,9699690,19,51,50,31,00000100000000010000000000000000000000000000010000,124,0.0014573661632485161,12,11,1
double_twins_p13,"[0,2,26,28]",510510,9699690,19,51,50,31,00000100000000010000000000000000000000001000000000,30,0.00035258858788270555,5,4,1
double_twins_p13,"[0,2,26,28]",510510,9699690,19,51,50,31,00000100000000010000000000000000000000001000010000,74,0.0008697185167773403,8,7,1
double_twins_p13,"[0,2,26,28]",510510,9699690,19,51,50,31,00000100000000010000100000000000000000000000000000,43,0.0005053769759652113,10,9,1
double_twins_p13,"[0,2,26,28]",510510,9699690,19,51,50,31,00000100000000010000100000000000000000000000010000,80,0.0009402362343538815,16,15,1
double_twins_p13,"[0,2,26,28]",510510,9699690,19,51,50,31,00000100000000010000100000000000000000001000000000,14,0.00016454134101192923,7,6,1
double_twins_p13,"[0,2,26,28]",510510,9699690,19,51,50,31,00000100000000010000100000000000000000001000010000,10,0.00011752952929423518,10,9,1
double_twins_p13,"[0,2,26,28]",510510,9699690,19,51,50,31,00000100001000000000000000000000000000000000000000,12,0.0001410354351530822,6,5,1
double_twins_p13,"[0,2,26,28]",510510,9699690,19,51,50,31,00000100001000000000000000000000000000000000010000,56,0.0006581653640477169,10,9,1
double_twins_p13,"[0,2,26,28]",510510,9699690,19,51,50,31,00000100001000000000000000000000000000001000000000,28,0.00032908268202385847,10,9,1
double_twins_p13,"[0,2,26,28]",510510,9699690,19,51,50,31,00000100001000000000100000000000000000000000000000,40,0.00047011811717694073,10,9,1
double_twins_p13,"[0,2,26,28]",510510,9699690,19,51,50,31,00000100001000000000100000000000000000000000010000,72,0.0008462126109184933,16,15,1
double_twins_p13,"[0,2,26,28]",510510,9699690,19,51,50,31,00000100001000000000100000000000000000001000000000,35,0.00041135335252982314,14,13,1
double_twins_p13,"[0,2,26,28]",510510,9699690,19,51,50,32,00000000000000000000000000000000000000000000000001,12,0.0001410354351530822,2,1,1
double_twins_p13,"[0,2,26,28]",510510,9699690,19,51,50,32,00000000000000000000000000000000000000000000100000,17,0.0001998001998001998,2,1,1
double_twins_p13,"[0,2,26,28]",510510,9699690,19,51,50,32,00000000000000000000000000000000000000000000100001,4,4.701181171769407e-05,3,2,1
double_twins_p13,"[0,2,26,28]",510510,9699690,19,51,50,32,00000000000000000000000000000000000000010000000000,50,0.0005876476464711759,2,1,1
double_twins_p13,"[0,2,26,28]",510510,9699690,19,51,50,32,00000000000000000000000000000000000000010000000001,23,0.00027031791737674093,3,2,1
double_twins_p13,"[0,2,26,28]",510510,9699690,19,51,50,32,00000000000000000000000000000000000000010000100000,15,0.00017629429394135277,3,2,1
double_twins_p13,"[0,2,26,28]",510510,9699690,19,51,50,32,00000000000000000001000000000000000000000000000000,47,0.0005523887876829053,2,1,1
double_twins_p13,"[0,2,26,28]",510510,9699690,19,51,50,32,00000000000000000001000000000000000000000000000001,39,0.0004583651642475172,4,3,1
double_twins_p13,"[0,2,26,28]",510510,9699690,19,51,50,32,00000000000000000001000000000000000000000000100000,37,0.00043485925838867017,4,3,1
double_twins_p13,"[0,2,26,28]",510510,9699690,19,51,50,32,00000000000000000001000000000000000000000000100001,4,4.701181171769407e-05,6,5,1
double_twins_p13,"[0,2,26,28]",510510,9699690,19,51,50,32,00000000000000000001000000000000000000010000000000,16,0.0001880472468707763,3,2,1
double_twins_p13,"[0,2,26,28]",510510,9699690,19,51,50,32,00000000000000000001000000000000000000010000000001,18,0.0002115531527296233,5,4,1
double_twins_p13,"[0,2,26,28]",510510,9699690,19,51,50,32,00000000000000000001000000000000000000010000100000,9,0.00010577657636481166,5,4,1
double_twins_p13,"[0,2,26,28]",510510,9699690,19,51,50,32,00000000000000100000000000000000000000000000000000,46,0.0005406358347534819,2,1,1
double_twins_p13,"[0,2,26,28]",510510,9699690,19,51,50,32,00000000000000100000000000000000000000000000000001,29,0.000340835634953282,3,2,1
double_twins_p13,"[0,2,26,28]",510510,9699690,19,51,50,32,00000000000000100000000000000000000000000000100000,63,0.0007404360345536817,4,3,1
double_twins_p13,"[0,2,26,28]",510510,9699690,19,51,50,32,00000000000000100000000000000000000000000000100001,6,7.05177175765411e-05,5,4,1
double_twins_p13,"[0,2,26,28]",510510,9699690,19,51,50,32,00000000000000100000000000000000000000010000000000,52,0.0006111535523300229,4,3,1
double_twins_p13,"[0,2,26,28]",510510,9699690,19,51,50,32,00000000000000100000000000000000000000010000000001,44,0.0005171299288946348,5,4,1
double_twins_p13,"[0,2,26,28]",510510,9699690,19,51,50,32,00000000000000100000000000000000000000010000100000,26,0.00030557677616501144,6,5,1
double_twins_p13,"[0,2,26,28]",510510,9699690,19,51,50,32,00000000000000100001000000000000000000000000000000,20,0.00023505905858847037,3,2,1
double_twins_p13,"[0,2,26,28]",510510,9699690,19,51,50,32,00000000000000100001000000000000000000000000000001,13,0.00015278838808250572,5,4,1
double_twins_p13,"[0,2,26,28]",510510,9699690,19,51,50,32,00000000000000100001000000000000000000000000100000,44,0.0005171299288946348,6,5,1
double_twins_p13,"[0,2,26,28]",510510,9699690,19,51,50,32,00000000000000100001000000000000000000000000100001,8,9.402362343538814e-05,8,7,1
double_twins_p13,"[0,2,26,28]",510510,9699690,19,51,50,32,00000000000000100001000000000000000000010000000000,9,0.00010577657636481166,5,4,1
double_twins_p13,"[0,2,26,28]",510510,9699690,19,51,50,32,00000000000000100001000000000000000000010000100000,2,2.3505905858847036e-05,8,7,1
double_twins_p13,"[0,2,26,28]",510510,9699690,19,51,50,32,00000000010000000000000000000000000000000000000000,24,0.0002820708703061644,2,1,1
double_twins_p13,"[0,2,26,28]",510510,9699690,19,51,50,32,00000000010000000000000000000000000000000000000001,20,0.00023505905858847037,4,3,1
double_twins_p13,"[0,2,26,28]",510510,9699690,19,51,50,32,00000000010000000000000000000000000000000000100000,14,0.00016454134101192923,3,2,1
double_twins_p13,"[0,2,26,28]",510510,9699690,19,51,50,32,00000000010000000000000000000000000000000000100001,8,9.402362343538814e-05,5,4,1
double_twins_p13,"[0,2,26,28]",510510,9699690,19,51,50,32,00000000010000000000000000000000000000010000000000,82,0.0009637421402127284,4,3,1
double_twins_p13,"[0,2,26,28]",510510,9699690,19,51,50,32,00000000010000000000000000000000000000010000000001,87,0.001022506904859846,6,5,1
double_twins_p13,"[0,2,26,28]",510510,9699690,19,51,50,32,00000000010000000000000000000000000000010000100000,31,0.00036434154081212903,5,4,1
double_twins_p13,"[0,2,26,28]",510510,9699690,19,51,50,32,00000000010000000001000000000000000000000000000000,30,0.00035258858788270555,3,2,1
double_twins_p13,"[0,2,26,28]",510510,9699690,19,51,50,32,00000000010000000001000000000000000000000000000001,70,0.0008227067050596463,6,5,1
double_twins_p13,"[0,2,26,28]",510510,9699690,19,51,50,32,00000000010000000001000000000000000000000000100000,32,0.0003760944937415526,5,4,1
double_twins_p13,"[0,2,26,28]",510510,9699690,19,51,50,32,00000000010000000001000000000000000000000000100001,24,0.0002820708703061644,8,7,1
double_twins_p13,"[0,2,26,28]",510510,9699690,19,51,50,32,00000000010000000001000000000000000000010000000000,25,0.00029382382323558796,5,4,1
double_twins_p13,"[0,2,26,28]",510510,9699690,19,51,50,32,00000000010000000001000000000000000000010000000001,68,0.0007992007992007992,8,7,1
double_twins_p13,"[0,2,26,28]",510510,9699690,19,51,50,32,00000000010000100000000000000000000000000000000000,24,0.0002820708703061644,3,2,1
double_twins_p13,"[0,2,26,28]",510510,9699690,19,51,50,32,00000000010000100000000000000000000000000000000001,44,0.0005171299288946348,5,4,1
double_twins_p13,"[0,2,26,28]",510510,9699690,19,51,50,32,00000000010000100000000000000000000000000000100000,31,0.00036434154081212903,5,4,1
double_twins_p13,"[0,2,26,28]",510510,9699690,19,51,50,32,00000000010000100000000000000000000000010000000000,28,0.00032908268202385847,6,5,1
double_twins_p13,"[0,2,26,28]",510510,9699690,19,51,50,32,00000000010000100000000000000000000000010000000001,84,0.0009872480460715754,8,7,1
double_twins_p13,"[0,2,26,28]",510510,9699690,19,51,50,32,00000000010000100000000000000000000000010000100000,32,0.0003760944937415526,8,7,1
double_twins_p13,"[0,2,26,28]",510510,9699690,19,51,50,32,00001000000000000000000000000000000000000000000000,17,0.0001998001998001998,2,1,1
double_twins_p13,"[0,2,26,28]",510510,9699690,19,51,50,32,00001000000000000000000000000000000000000000000001,16,0.0001880472468707763,3,2,1
double_twins_p13,"[0,2,26,28]",510510,9699690,19,51,50,32,00001000000000000000000000000000000000000000100000,45,0.0005288828818240583,4,3,1
double_twins_p13,"[0,2,26,28]",510510,9699690,19,51,50,32,00001000000000000000000000000000000000000000100001,20,0.00023505905858847037,5,4,1
double_twins_p13,"[0,2,26,28]",510510,9699690,19,51,50,32,00001000000000000000000000000000000000010000000000,31,0.00036434154081212903,3,2,1
double_twins_p13,"[0,2,26,28]",510510,9699690,19,51,50,32,00001000000000000000000000000000000000010000000001,11,0.0001292824822236587,4,3,1
double_twins_p13,"[0,2,26,28]",510510,9699690,19,51,50,32,00001000000000000000000000000000000000010000100000,30,0.00035258858788270555,5,4,1
double_twins_p13,"[0,2,26,28]",510510,9699690,19,51,50,32,00001000000000000001000000000000000000000000000000,34,0.0003996003996003996,4,3,1
double_twins_p13,"[0,2,26,28]",510510,9699690,19,51,50,32,00001000000000000001000000000000000000000000000001,52,0.0006111535523300229,6,5,1
double_twins_p13,"[0,2,26,28]",510510,9699690,19,51,50,32,00001000000000000001000000000000000000000000100000,45,0.0005288828818240583,7,6,1
double_twins_p13,"[0,2,26,28]",510510,9699690,19,51,50,32,00001000000000000001000000000000000000000000100001,24,0.0002820708703061644,9,8,1
double_twins_p13,"[0,2,26,28]",510510,9699690,19,51,50,32,00001000000000000001000000000000000000010000000000,11,0.0001292824822236587,5,4,1
double_twins_p13,"[0,2,26,28]",510510,9699690,19,51,50,32,00001000000000000001000000000000000000010000000001,12,0.0001410354351530822,7,6,1
double_twins_p13,"[0,2,26,28]",510510,9699690,19,51,50,32,00001000000000000001000000000000000000010000100000,14,0.00016454134101192923,8,7,1
double_twins_p13,"[0,2,26,28]",510510,9699690,19,51,50,32,00001000000000100000000000000000000000000000000000,16,0.0001880472468707763,3,2,1
double_twins_p13,"[0,2,26,28]",510510,9699690,19,51,50,32,00001000000000100000000000000000000000000000000001,5,5.876476464711759e-05,4,3,1
double_twins_p13,"[0,2,26,28]",510510,9699690,19,51,50,32,00001000000000100000000000000000000000000000100000,99,0.0011635423400129282,6,5,1
double_twins_p13,"[0,2,26,28]",510510,9699690,19,51,50,32,00001000000000100000000000000000000000000000100001,25,0.00029382382323558796,7,6,1
double_twins_p13,"[0,2,26,28]",510510,9699690,19,51,50,32,00001000000000100000000000000000000000010000000000,30,0.00035258858788270555,5,4,1
double_twins_p13,"[0,2,26,28]",510510,9699690,19,51,50,32,00001000000000100000000000000000000000010000100000,74,0.0008697185167773403,8,7,1
double_twins_p13,"[0,2,26,28]",510510,9699690,19,51,50,32,00001000000000100001000000000000000000000000000000,25,0.00029382382323558796,5,4,1
double_twins_p13,"[0,2,26,28]",510510,9699690,19,51,50,32,00001000000000100001000000000000000000000000000001,18,0.0002115531527296233,7,6,1
double_twins_p13,"[0,2,26,28]",510510,9699690,19,51,50,32,00001000000000100001000000000000000000000000100000,56,0.0006581653640477169,8,7,1
double_twins_p13,"[0,2,26,28]",510510,9699690,19,51,50,32,00001000000000100001000000000000000000000000100001,24,0.0002820708703061644,10,9,1
double_twins_p13,"[0,2,26,28]",510510,9699690,19,51,50,32,00001000000000100001000000000000000000010000000000,14,0.00016454134101192923,7,6,1
double_twins_p13,"[0,2,26,28]",510510,9699690,19,51,50,32,00001000000000100001000000000000000000010000100000,10,0.00011752952929423518,10,9,1
double_twins_p13,"[0,2,26,28]",510510,9699690,19,51,50,32,00001000010000000000000000000000000000000000000000,4,4.701181171769407e-05,3,2,1
double_twins_p13,"[0,2,26,28]",510510,9699690,19,51,50,32,00001000010000000000000000000000000000000000000001,8,9.402362343538814e-05,5,4,1
double_twins_p13,"[0,2,26,28]",510510,9699690,19,51,50,32,00001000010000000000000000000000000000000000100000,20,0.00023505905858847037,5,4,1
double_twins_p13,"[0,2,26,28]",510510,9699690,19,51,50,32,00001000010000000000000000000000000000000000100001,36,0.0004231063054592466,7,6,1
double_twins_p13,"[0,2,26,28]",510510,9699690,19,51,50,32,00001000010000000000000000000000000000010000000000,9,0.00010577657636481166,5,4,1
double_twins_p13,"[0,2,26,28]",510510,9699690,19,51,50,32,00001000010000000000000000000000000000010000000001,19,0.00022330610565904683,7,6,1
double_twins_p13,"[0,2,26,28]",510510,9699690,19,51,50,32,00001000010000000001000000000000000000000000000000,4,4.701181171769407e-05,5,4,1
double_twins_p13,"[0,2,26,28]",510510,9699690,19,51,50,32,00001000010000000001000000000000000000000000000001,36,0.0004231063054592466,8,7,1
double_twins_p13,"[0,2,26,28]",510510,9699690,19,51,50,32,00001000010000000001000000000000000000000000100000,12,0.0001410354351530822,8,7,1
double_twins_p13,"[0,2,26,28]",510510,9699690,19,51,50,32,00001000010000000001000000000000000000000000100001,60,0.0007051771757654111,11,10,1
double_twins_p13,"[0,2,26,28]",510510,9699690,19,51,50,32,00001000010000000001000000000000000000010000000000,5,5.876476464711759e-05,7,6,1
double_twins_p13,"[0,2,26,28]",510510,9699690,19,51,50,32,00001000010000000001000000000000000000010000000001,30,0.00035258858788270555,10,9,1
double_twins_p13,"[0,2,26,28]",510510,9699690,19,51,50,33,00000000000000000000000000000000000000000000000010,12,0.0001410354351530822,2,1,1
double_twins_p13,"[0,2,26,28]",510510,9699690,19,51,50,33,00000000000000000000000000000000000000000001000000,17,0.0001998001998001998,2,1,1
double_twins_p13,"[0,2,26,28]",510510,9699690,19,51,50,33,00000000000000000000000000000000000000000001000010,4,4.701181171769407e-05,3,2,1
double_twins_p13,"[0,2,26,28]",510510,9699690,19,51,50,33,00000000000000000000000000000000000000100000000000,50,0.0005876476464711759,2,1,1
double_twins_p13,"[0,2,26,28]",510510,9699690,19,51,50,33,00000000000000000000000000000000000000100000000010,23,0.00027031791737674093,3,2,1
double_twins_p13,"[0,2,26,28]",510510,9699690,19,51,50,33,00000000000000000000000000000000000000100001000000,15,0.00017629429394135277,3,2,1
double_twins_p13,"[0,2,26,28]",510510,9699690,19,51,50,33,00000000000000000010000000000000000000000000000000,47,0.0005523887876829053,2,1,1
double_twins_p13,"[0,2,26,28]",510510,9699690,19,51,50,33,00000000000000000010000000000000000000000000000010,39,0.0004583651642475172,4,3,1
double_twins_p13,"[0,2,26,28]",510510,9699690,19,51,50,33,00000000000000000010000000000000000000000001000000,37,0.00043485925838867017,4,3,1
double_twins_p13,"[0,2,26,28]",510510,9699690,19,51,50,33,00000000000000000010000000000000000000000001000010,4,4.701181171769407e-05,6,5,1
double_twins_p13,"[0,2,26,28]",510510,9699690,19,51,50,33,00000000000000000010000000000000000000100000000000,16,0.0001880472468707763,3,2,1
double_twins_p13,"[0,2,26,28]",510510,9699690,19,51,50,33,00000000000000000010000000000000000000100000000010,18,0.0002115531527296233,5,4,1
double_twins_p13,"[0,2,26,28]",510510,9699690,19,51,50,33,00000000000000000010000000000000000000100001000000,9,0.00010577657636481166,5,4,1
double_twins_p13,"[0,2,26,28]",510510,9699690,19,51,50,33,00000000000001000000000000000000000000000000000000,46,0.0005406358347534819,2,1,1
double_twins_p13,"[0,2,26,28]",510510,9699690,19,51,50,33,00000000000001000000000000000000000000000000000010,29,0.000340835634953282,3,2,1
double_twins_p13,"[0,2,26,28]",510510,9699690,19,51,50,33,00000000000001000000000000000000000000000001000000,63,0.0007404360345536817,4,3,1
double_twins_p13,"[0,2,26,28]",510510,9699690,19,51,50,33,00000000000001000000000000000000000000000001000010,6,7.05177175765411e-05,5,4,1
double_twins_p13,"[0,2,26,28]",510510,9699690,19,51,50,33,00000000000001000000000000000000000000100000000000,52,0.0006111535523300229,4,3,1
double_twins_p13,"[0,2,26,28]",510510,9699690,19,51,50,33,00000000000001000000000000000000000000100000000010,44,0.0005171299288946348,5,4,1
double_twins_p13,"[0,2,26,28]",510510,9699690,19,51,50,33,00000000000001000000000000000000000000100001000000,26,0.00030557677616501144,6,5,1
double_twins_p13,"[0,2,26,28]",510510,9699690,19,51,50,33,00000000000001000010000000000000000000000000000000,20,0.00023505905858847037,3,2,1
double_twins_p13,"[0,2,26,28]",510510,9699690,19,51,50,33,00000000000001000010000000000000000000000000000010,13,0.00015278838808250572,5,4,1
double_twins_p13,"[0,2,26,28]",510510,9699690,19,51,50,33,00000000000001000010000000000000000000000001000000,44,0.0005171299288946348,6,5,1
double_twins_p13,"[0,2,26,28]",510510,9699690,19,51,50,33,00000000000001000010000000000000000000000001000010,8,9.402362343538814e-05,8,7,1
double_twins_p13,"[0,2,26,28]",510510,9699690,19,51,50,33,00000000000001000010000000000000000000100000000000,9,0.00010577657636481166,5,4,1
double_twins_p13,"[0,2,26,28]",510510,9699690,19,51,50,33,00000000000001000010000000000000000000100001000000,2,2.3505905858847036e-05,8,7,1
double_twins_p13,"[0,2,26,28]",510510,9699690,19,51,50,33,00000000100000000000000000000000000000000000000000,24,0.0002820708703061644,2,1,1
double_twins_p13,"[0,2,26,28]",510510,9699690,19,51,50,33,00000000100000000000000000000000000000000000000010,20,0.00023505905858847037,4,3,1
double_twins_p13,"[0,2,26,28]",510510,9699690,19,51,50,33,00000000100000000000000000000000000000000001000000,14,0.00016454134101192923,3,2,1
double_twins_p13,"[0,2,26,28]",510510,9699690,19,51,50,33,00000000100000000000000000000000000000000001000010,8,9.402362343538814e-05,5,4,1
double_twins_p13,"[0,2,26,28]",510510,9699690,19,51,50,33,00000000100000000000000000000000000000100000000000,82,0.0009637421402127284,4,3,1
double_twins_p13,"[0,2,26,28]",510510,9699690,19,51,50,33,00000000100000000000000000000000000000100000000010,87,0.001022506904859846,6,5,1
double_twins_p13,"[0,2,26,28]",510510,9699690,19,51,50,33,00000000100000000000000000000000000000100001000000,31,0.00036434154081212903,5,4,1
double_twins_p13,"[0,2,26,28]",510510,9699690,19,51,50,33,00000000100000000010000000000000000000000000000000,30,0.00035258858788270555,3,2,1
double_twins_p13,"[0,2,26,28]",510510,9699690,19,51,50,33,00000000100000000010000000000000000000000000000010,70,0.0008227067050596463,6,5,1
double_twins_p13,"[0,2,26,28]",510510,9699690,19,51,50,33,00000000100000000010000000000000000000000001000000,32,0.0003760944937415526,5,4,1
double_twins_p13,"[0,2,26,28]",510510,9699690,19,51,50,33,00000000100000000010000000000000000000000001000010,24,0.0002820708703061644,8,7,1
double_twins_p13,"[0,2,26,28]",510510,9699690,19,51,50,33,00000000100000000010000000000000000000100000000000,25,0.00029382382323558796,5,4,1
double_twins_p13,"[0,2,26,28]",510510,9699690,19,51,50,33,00000000100000000010000000000000000000100000000010,68,0.0007992007992007992,8,7,1
double_twins_p13,"[0,2,26,28]",510510,9699690,19,51,50,33,00000000100001000000000000000000000000000000000000,24,0.0002820708703061644,3,2,1
double_twins_p13,"[0,2,26,28]",510510,9699690,19,51,50,33,00000000100001000000000000000000000000000000000010,44,0.0005171299288946348,5,4,1
double_twins_p13,"[0,2,26,28]",510510,9699690,19,51,50,33,00000000100001000000000000000000000000000001000000,31,0.00036434154081212903,5,4,1
double_twins_p13,"[0,2,26,28]",510510,9699690,19,51,50,33,00000000100001000000000000000000000000100000000000,28,0.00032908268202385847,6,5,1
double_twins_p13,"[0,2,26,28]",510510,9699690,19,51,50,33,00000000100001000000000000000000000000100000000010,84,0.0009872480460715754,8,7,1
double_twins_p13,"[0,2,26,28]",510510,9699690,19,51,50,33,00000000100001000000000000000000000000100001000000,32,0.0003760944937415526,8,7,1
double_twins_p13,"[0,2,26,28]",510510,9699690,19,51,50,33,00010000000000000000000000000000000000000000000000,17,0.0001998001998001998,2,1,1
double_twins_p13,"[0,2,26,28]",510510,9699690,19,51,50,33,00010000000000000000000000000000000000000000000010,16,0.0001880472468707763,3,2,1
double_twins_p13,"[0,2,26,28]",510510,9699690,19,51,50,33,00010000000000000000000000000000000000000001000000,45,0.0005288828818240583,4,3,1
double_twins_p13,"[0,2,26,28]",510510,9699690,19,51,50,33,00010000000000000000000000000000000000000001000010,20,0.00023505905858847037,5,4,1
double_twins_p13,"[0,2,26,28]",510510,9699690,19,51,50,33,00010000000000000000000000000000000000100000000000,31,0.00036434154081212903,3,2,1
double_twins_p13,"[0,2,26,28]",510510,9699690,19,51,50,33,00010000000000000000000000000000000000100000000010,11,0.0001292824822236587,4,3,1
double_twins_p13,"[0,2,26,28]",510510,9699690,19,51,50,33,00010000000000000000000000000000000000100001000000,30,0.00035258858788270555,5,4,1
double_twins_p13,"[0,2,26,28]",510510,9699690,19,51,50,33,00010000000000000010000000000000000000000000000000,34,0.0003996003996003996,4,3,1
double_twins_p13,"[0,2,26,28]",510510,9699690,19,51,50,33,00010000000000000010000000000000000000000000000010,52,0.0006111535523300229,6,5,1
double_twins_p13,"[0,2,26,28]",510510,9699690,19,51,50,33,00010000000000000010000000000000000000000001000000,45,0.0005288828818240583,7,6,1
double_twins_p13,"[0,2,26,28]",510510,9699690,19,51,50,33,00010000000000000010000000000000000000000001000010,24,0.0002820708703061644,9,8,1
double_twins_p13,"[0,2,26,28]",510510,9699690,19,51,50,33,00010000000000000010000000000000000000100000000000,11,0.0001292824822236587,5,4,1
double_twins_p13,"[0,2,26,28]",510510,9699690,19,51,50,33,00010000000000000010000000000000000000100000000010,12,0.0001410354351530822,7,6,1
double_twins_p13,"[0,2,26,28]",510510,9699690,19,51,50,33,00010000000000000010000000000000000000100001000000,14,0.00016454134101192923,8,7,1
double_twins_p13,"[0,2,26,28]",510510,9699690,19,51,50,33,00010000000001000000000000000000000000000000000000,16,0.0001880472468707763,3,2,1
double_twins_p13,"[0,2,26,28]",510510,9699690,19,51,50,33,00010000000001000000000000000000000000000000000010,5,5.876476464711759e-05,4,3,1
double_twins_p13,"[0,2,26,28]",510510,9699690,19,51,50,33,00010000000001000000000000000000000000000001000000,99,0.0011635423400129282,6,5,1
double_twins_p13,"[0,2,26,28]",510510,9699690,19,51,50,33,00010000000001000000000000000000000000000001000010,25,0.00029382382323558796,7,6,1
double_twins_p13,"[0,2,26,28]",510510,9699690,19,51,50,33,00010000000001000000000000000000000000100000000000,30,0.00035258858788270555,5,4,1
double_twins_p13,"[0,2,26,28]",510510,9699690,19,51,50,33,00010000000001000000000000000000000000100001000000,74,0.0008697185167773403,8,7,1
double_twins_p13,"[0,2,26,28]",510510,9699690,19,51,50,33,00010000000001000010000000000000000000000000000000,25,0.00029382382323558796,5,4,1
double_twins_p13,"[0,2,26,28]",510510,9699690,19,51,50,33,00010000000001000010000000000000000000000000000010,18,0.0002115531527296233,7,6,1
double_twins_p13,"[0,2,26,28]",510510,9699690,19,51,50,33,00010000000001000010000000000000000000000001000000,56,0.0006581653640477169,8,7,1
double_twins_p13,"[0,2,26,28]",510510,9699690,19,51,50,33,00010000000001000010000000000000000000000001000010,24,0.0002820708703061644,10,9,1
double_twins_p13,"[0,2,26,28]",510510,9699690,19,51,50,33,00010000000001000010000000000000000000100000000000,14,0.00016454134101192923,7,6,1
double_twins_p13,"[0,2,26,28]",510510,9699690,19,51,50,33,00010000000001000010000000000000000000100001000000,10,0.00011752952929423518,10,9,1
double_twins_p13,"[0,2,26,28]",510510,9699690,19,51,50,33,00010000100000000000000000000000000000000000000000,4,4.701181171769407e-05,3,2,1
double_twins_p13,"[0,2,26,28]",510510,9699690,19,51,50,33,00010000100000000000000000000000000000000000000010,8,9.402362343538814e-05,5,4,1
double_twins_p13,"[0,2,26,28]",510510,9699690,19,51,50,33,00010000100000000000000000000000000000000001000000,20,0.00023505905858847037,5,4,1
double_twins_p13,"[0,2,26,28]",510510,9699690,19,51,50,33,00010000100000000000000000000000000000000001000010,36,0.0004231063054592466,7,6,1
double_twins_p13,"[0,2,26,28]",510510,9699690,19,51,50,33,00010000100000000000000000000000000000100000000000,9,0.00010577657636481166,5,4,1
double_twins_p13,"[0,2,26,28]",510510,9699690,19,51,50,33,00010000100000000000000000000000000000100000000010,19,0.00022330610565904683,7,6,1
double_twins_p13,"[0,2,26,28]",510510,9699690,19,51,50,33,00010000100000000010000000000000000000000000000000,4,4.701181171769407e-05,5,4,1
double_twins_p13,"[0,2,26,28]",510510,9699690,19,51,50,33,00010000100000000010000000000000000000000000000010,36,0.0004231063054592466,8,7,1
double_twins_p13,"[0,2,26,28]",510510,9699690,19,51,50,33,00010000100000000010000000000000000000000001000000,12,0.0001410354351530822,8,7,1
double_twins_p13,"[0,2,26,28]",510510,9699690,19,51,50,33,00010000100000000010000000000000000000000001000010,60,0.0007051771757654111,11,10,1
double_twins_p13,"[0,2,26,28]",510510,9699690,19,51,50,33,00010000100000000010000000000000000000100000000000,5,5.876476464711759e-05,7,6,1
double_twins_p13,"[0,2,26,28]",510510,9699690,19,51,50,33,00010000100000000010000000000000000000100000000010,30,0.00035258858788270555,10,9,1
double_twins_p13,"[0,2,26,28]",510510,9699690,19,51,50,34,00000000000000000000000000000000000000000000000100,12,0.0001410354351530822,2,1,1
double_twins_p13,"[0,2,26,28]",510510,9699690,19,51,50,34,00000000000000000000000000000000000000000010000000,17,0.0001998001998001998,2,1,1
double_twins_p13,"[0,2,26,28]",510510,9699690,19,51,50,34,00000000000000000000000000000000000000000010000100,4,4.701181171769407e-05,3,2,1
double_twins_p13,"[0,2,26,28]",510510,9699690,19,51,50,34,00000000000000000000000000000000000001000000000000,50,0.0005876476464711759,2,1,1
double_twins_p13,"[0,2,26,28]",510510,9699690,19,51,50,34,00000000000000000000000000000000000001000000000100,23,0.00027031791737674093,3,2,1
double_twins_p13,"[0,2,26,28]",510510,9699690,19,51,50,34,00000000000000000000000000000000000001000010000000,15,0.00017629429394135277,3,2,1
double_twins_p13,"[0,2,26,28]",510510,9699690,19,51,50,34,00000000000000000100000000000000000000000000000000,47,0.0005523887876829053,2,1,1
double_twins_p13,"[0,2,26,28]",510510,9699690,19,51,50,34,00000000000000000100000000000000000000000000000100,39,0.0004583651642475172,4,3,1
double_twins_p13,"[0,2,26,28]",510510,9699690,19,51,50,34,00000000000000000100000000000000000000000010000000,37,0.00043485925838867017,4,3,1
double_twins_p13,"[0,2,26,28]",510510,9699690,19,51,50,34,00000000000000000100000000000000000000000010000100,4,4.701181171769407e-05,6,5,1
double_twins_p13,"[0,2,26,28]",510510,9699690,19,51,50,34,00000000000000000100000000000000000001000000000000,16,0.0001880472468707763,3,2,1
double_twins_p13,"[0,2,26,28]",510510,9699690,19,51,50,34,00000000000000000100000000000000000001000000000100,18,0.0002115531527296233,5,4,1
double_twins_p13,"[0,2,26,28]",510510,9699690,19,51,50,34,00000000000000000100000000000000000001000010000000,9,0.00010577657636481166,5,4,1
double_twins_p13,"[0,2,26,28]",510510,9699690,19,51,50,34,00000000000010000000000000000000000000000000000000,46,0.0005406358347534819,2,1,1
double_twins_p13,"[0,2,26,28]",510510,9699690,19,51,50,34,00000000000010000000000000000000000000000000000100,29,0.000340835634953282,3,2,1
double_twins_p13,"[0,2,26,28]",510510,9699690,19,51,50,34,00000000000010000000000000000000000000000010000000,63,0.0007404360345536817,4,3,1
double_twins_p13,"[0,2,26,28]",510510,9699690,19,51,50,34,00000000000010000000000000000000000000000010000100,6,7.05177175765411e-05,5,4,1
double_twins_p13,"[0,2,26,28]",510510,9699690,19,51,50,34,00000000000010000000000000000000000001000000000000,52,0.0006111535523300229,4,3,1
double_twins_p13,"[0,2,26,28]",510510,9699690,19,51,50,34,00000000000010000000000000000000000001000000000100,44,0.0005171299288946348,5,4,1
double_twins_p13,"[0,2,26,28]",510510,9699690,19,51,50,34,00000000000010000000000000000000000001000010000000,26,0.00030557677616501144,6,5,1
double_twins_p13,"[0,2,26,28]",510510,9699690,19,51,50,34,00000000000010000100000000000000000000000000000000,20,0.00023505905858847037,3,2,1
double_twins_p13,"[0,2,26,28]",510510,9699690,19,51,50,34,00000000000010000100000000000000000000000000000100,13,0.00015278838808250572,5,4,1
double_twins_p13,"[0,2,26,28]",510510,9699690,19,51,50,34,00000000000010000100000000000000000000000010000000,44,0.0005171299288946348,6,5,1
double_twins_p13,"[0,2,26,28]",510510,9699690,19,51,50,34,00000000000010000100000000000000000000000010000100,8,9.402362343538814e-05,8,7,1
double_twins_p13,"[0,2,26,28]",510510,9699690,19,51,50,34,00000000000010000100000000000000000001000000000000,9,0.00010577657636481166,5,4,1
double_twins_p13,"[0,2,26,28]",510510,9699690,19,51,50,34,00000000000010000100000000000000000001000010000000,2,2.3505905858847036e-05,8,7,1
double_twins_p13,"[0,2,26,28]",510510,9699690,19,51,50,34,00000001000000000000000000000000000000000000000000,24,0.0002820708703061644,2,1,1
double_twins_p13,"[0,2,26,28]",510510,9699690,19,51,50,34,00000001000000000000000000000000000000000000000100,20,0.00023505905858847037,4,3,1
double_twins_p13,"[0,2,26,28]",510510,9699690,19,51,50,34,00000001000000000000000000000000000000000010000000,14,0.00016454134101192923,3,2,1
double_twins_p13,"[0,2,26,28]",510510,9699690,19,51,50,34,00000001000000000000000000000000000000000010000100,8,9.402362343538814e-05,5,4,1
double_twins_p13,"[0,2,26,28]",510510,9699690,19,51,50,34,00000001000000000000000000000000000001000000000000,82,0.0009637421402127284,4,3,1
double_twins_p13,"[0,2,26,28]",510510,9699690,19,51,50,34,00000001000000000000000000000000000001000000000100,87,0.001022506904859846,6,5,1
double_twins_p13,"[0,2,26,28]",510510,9699690,19,51,50,34,00000001000000000000000000000000000001000010000000,31,0.00036434154081212903,5,4,1
double_twins_p13,"[0,2,26,28]",510510,9699690,19,51,50,34,00000001000000000100000000000000000000000000000000,30,0.00035258858788270555,3,2,1
double_twins_p13,"[0,2,26,28]",510510,9699690,19,51,50,34,00000001000000000100000000000000000000000000000100,70,0.0008227067050596463,6,5,1
double_twins_p13,"[0,2,26,28]",510510,9699690,19,51,50,34,00000001000000000100000000000000000000000010000000,32,0.0003760944937415526,5,4,1
double_twins_p13,"[0,2,26,28]",510510,9699690,19,51,50,34,00000001000000000100000000000000000000000010000100,24,0.0002820708703061644,8,7,1
double_twins_p13,"[0,2,26,28]",510510,9699690,19,51,50,34,00000001000000000100000000000000000001000000000000,25,0.00029382382323558796,5,4,1
double_twins_p13,"[0,2,26,28]",510510,9699690,19,51,50,34,00000001000000000100000000000000000001000000000100,68,0.0007992007992007992,8,7,1
double_twins_p13,"[0,2,26,28]",510510,9699690,19,51,50,34,00000001000010000000000000000000000000000000000000,24,0.0002820708703061644,3,2,1
double_twins_p13,"[0,2,26,28]",510510,9699690,19,51,50,34,00000001000010000000000000000000000000000000000100,44,0.0005171299288946348,5,4,1
double_twins_p13,"[0,2,26,28]",510510,9699690,19,51,50,34,00000001000010000000000000000000000000000010000000,31,0.00036434154081212903,5,4,1
double_twins_p13,"[0,2,26,28]",510510,9699690,19,51,50,34,00000001000010000000000000000000000001000000000000,28,0.00032908268202385847,6,5,1
double_twins_p13,"[0,2,26,28]",510510,9699690,19,51,50,34,00000001000010000000000000000000000001000000000100,84,0.0009872480460715754,8,7,1
double_twins_p13,"[0,2,26,28]",510510,9699690,19,51,50,34,00000001000010000000000000000000000001000010000000,32,0.0003760944937415526,8,7,1
double_twins_p13,"[0,2,26,28]",510510,9699690,19,51,50,34,00100000000000000000000000000000000000000000000000,17,0.0001998001998001998,2,1,1
double_twins_p13,"[0,2,26,28]",510510,9699690,19,51,50,34,00100000000000000000000000000000000000000000000100,16,0.0001880472468707763,3,2,1
double_twins_p13,"[0,2,26,28]",510510,9699690,19,51,50,34,00100000000000000000000000000000000000000010000000,45,0.0005288828818240583,4,3,1
double_twins_p13,"[0,2,26,28]",510510,9699690,19,51,50,34,00100000000000000000000000000000000000000010000100,20,0.00023505905858847037,5,4,1
double_twins_p13,"[0,2,26,28]",510510,9699690,19,51,50,34,00100000000000000000000000000000000001000000000000,31,0.00036434154081212903,3,2,1
double_twins_p13,"[0,2,26,28]",510510,9699690,19,51,50,34,00100000000000000000000000000000000001000000000100,11,0.0001292824822236587,4,3,1
double_twins_p13,"[0,2,26,28]",510510,9699690,19,51,50,34,00100000000000000000000000000000000001000010000000,30,0.00035258858788270555,5,4,1
double_twins_p13,"[0,2,26,28]",510510,9699690,19,51,50,34,00100000000000000100000000000000000000000000000000,34,0.0003996003996003996,4,3,1
double_twins_p13,"[0,2,26,28]",510510,9699690,19,51,50,34,00100000000000000100000000000000000000000000000100,52,0.0006111535523300229,6,5,1
double_twins_p13,"[0,2,26,28]",510510,9699690,19,51,50,34,00100000000000000100000000000000000000000010000000,45,0.0005288828818240583,7,6,1
double_twins_p13,"[0,2,26,28]",510510,9699690,19,51,50,34,00100000000000000100000000000000000000000010000100,24,0.0002820708703061644,9,8,1
double_twins_p13,"[0,2,26,28]",510510,9699690,19,51,50,34,00100000000000000100000000000000000001000000000000,11,0.0001292824822236587,5,4,1
double_twins_p13,"[0,2,26,28]",510510,9699690,19,51,50,34,00100000000000000100000000000000000001000000000100,12,0.0001410354351530822,7,6,1
double_twins_p13,"[0,2,26,28]",510510,9699690,19,51,50,34,00100000000000000100000000000000000001000010000000,14,0.00016454134101192923,8,7,1
double_twins_p13,"[0,2,26,28]",510510,9699690,19,51,50,34,00100000000010000000000000000000000000000000000000,16,0.0001880472468707763,3,2,1
double_twins_p13,"[0,2,26,28]",510510,9699690,19,51,50,34,00100000000010000000000000000000000000000000000100,5,5.876476464711759e-05,4,3,1
double_twins_p13,"[0,2,26,28]",510510,9699690,19,51,50,34,00100000000010000000000000000000000000000010000000,99,0.0011635423400129282,6,5,1
double_twins_p13,"[0,2,26,28]",510510,9699690,19,51,50,34,00100000000010000000000000000000000000000010000100,25,0.00029382382323558796,7,6,1
double_twins_p13,"[0,2,26,28]",510510,9699690,19,51,50,34,00100000000010000000000000000000000001000000000000,30,0.00035258858788270555,5,4,1
double_twins_p13,"[0,2,26,28]",510510,9699690,19,51,50,34,00100000000010000000000000000000000001000010000000,74,0.0008697185167773403,8,7,1
double_twins_p13,"[0,2,26,28]",510510,9699690,19,51,50,34,00100000000010000100000000000000000000000000000000,25,0.00029382382323558796,5,4,1
double_twins_p13,"[0,2,26,28]",510510,9699690,19,51,50,34,00100000000010000100000000000000000000000000000100,18,0.0002115531527296233,7,6,1
double_twins_p13,"[0,2,26,28]",510510,9699690,19,51,50,34,00100000000010000100000000000000000000000010000000,56,0.0006581653640477169,8,7,1
double_twins_p13,"[0,2,26,28]",510510,9699690,19,51,50,34,00100000000010000100000000000000000000000010000100,24,0.0002820708703061644,10,9,1
double_twins_p13,"[0,2,26,28]",510510,9699690,19,51,50,34,00100000000010000100000000000000000001000000000000,14,0.00016454134101192923,7,6,1
double_twins_p13,"[0,2,26,28]",510510,9699690,19,51,50,34,00100000000010000100000000000000000001000010000000,10,0.00011752952929423518,10,9,1
double_twins_p13,"[0,2,26,28]",510510,9699690,19,51,50,34,00100001000000000000000000000000000000000000000000,4,4.701181171769407e-05,3,2,1
double_twins_p13,"[0,2,26,28]",510510,9699690,19,51,50,34,00100001000000000000000000000000000000000000000100,8,9.402362343538814e-05,5,4,1
double_twins_p13,"[0,2,26,28]",510510,9699690,19,51,50,34,00100001000000000000000000000000000000000010000000,20,0.00023505905858847037,5,4,1
double_twins_p13,"[0,2,26,28]",510510,9699690,19,51,50,34,00100001000000000000000000000000000000000010000100,36,0.0004231063054592466,7,6,1
double_twins_p13,"[0,2,26,28]",510510,9699690,19,51,50,34,00100001000000000000000000000000000001000000000000,9,0.00010577657636481166,5,4,1
double_twins_p13,"[0,2,26,28]",510510,9699690,19,51,50,34,00100001000000000000000000000000000001000000000100,19,0.00022330610565904683,7,6,1
double_twins_p13,"[0,2,26,28]",510510,9699690,19,51,50,34,00100001000000000100000000000000000000000000000000,4,4.701181171769407e-05,5,4,1
double_twins_p13,"[0,2,26,28]",510510,9699690,19,51,50,34,00100001000000000100000000000000000000000000000100,36,0.0004231063054592466,8,7,1
double_twins_p13,"[0,2,26,28]",510510,9699690,19,51,50,34,00100001000000000100000000000000000000000010000000,12,0.0001410354351530822,8,7,1
double_twins_p13,"[0,2,26,28]",510510,9699690,19,51,50,34,00100001000000000100000000000000000000000010000100,60,0.0007051771757654111,11,10,1
double_twins_p13,"[0,2,26,28]",510510,9699690,19,51,50,34,00100001000000000100000000000000000001000000000000,5,5.876476464711759e-05,7,6,1
double_twins_p13,"[0,2,26,28]",510510,9699690,19,51,50,34,00100001000000000100000000000000000001000000000100,30,0.00035258858788270555,10,9,1
quadruplet,"[0,2,6,8]",30030,510510,17,51,50,0,00000000000000000000000000000000000010000000000000,14,0.002797202797202797,2,1,1
quadruplet,"[0,2,6,8]",30030,510510,17,51,50,0,00000000000000000000000000000001000000000000000000,6,0.0011988011988011988,2,1,1
quadruplet,"[0,2,6,8]",30030,510510,17,51,50,0,00000000000000000000000000000001000010000000000000,16,0.003196803196803197,4,3,1
quadruplet,"[0,2,6,8]",30030,510510,17,51,50,0,00000000000000001000000000000000000000000000000000,15,0.002997002997002997,2,1,1
quadruplet,"[0,2,6,8]",30030,510510,17,51,50,0,00000000000000001000000000000000000010000000000000,10,0.001998001998001998,3,2,1
quadruplet,"[0,2,6,8]",30030,510510,17,51,50,0,00000000000000001000000000000001000000000000000000,11,0.002197802197802198,3,2,1
quadruplet,"[0,2,6,8]",30030,510510,17,51,50,0,00000000000000001000000000000001000010000000000000,2,0.0003996003996003996,5,4,1
quadruplet,"[0,2,6,8]",30030,510510,17,51,50,0,01000000000000000000000000000000000000000000000000,8,0.0015984015984015984,2,1,1
quadruplet,"[0,2,6,8]",30030,510510,17,51,50,0,01000000000000000000000000000000000010000000000000,14,0.002797202797202797,4,3,1
quadruplet,"[0,2,6,8]",30030,510510,17,51,50,0,01000000000000000000000000000001000000000000000000,12,0.0023976023976023976,3,2,1
quadruplet,"[0,2,6,8]",30030,510510,17,51,50,0,01000000000000000000000000000001000010000000000000,4,0.0007992007992007992,6,5,1
quadruplet,"[0,2,6,8]",30030,510510,17,51,50,0,01000000000000001000000000000000000000000000000000,12,0.0023976023976023976,3,2,1
quadruplet,"[0,2,6,8]",30030,510510,17,51,50,0,01000000000000001000000000000000000010000000000000,1,0.0001998001998001998,5,4,1
quadruplet,"[0,2,6,8]",30030,510510,17,51,50,0,01000000000000001000000000000001000000000000000000,10,0.001998001998001998,4,3,1
quadruplet,"[0,2,6,8]",30030,510510,17,51,50,0,01000000000000001000000000000001000010000000000000,2,0.0003996003996003996,7,6,1
quadruplet,"[0,2,6,8]",30030,510510,17,51,50,1,00000000000000000000000000000000000000000000000000,6,0.0011988011988011988,2,1,1
quadruplet,"[0,2,6,8]",30030,510510,17,51,50,1,00000000000000000000000000000000000100000000000000,14,0.002797202797202797,4,3,1
quadruplet,"[0,2,6,8]",30030,510510,17,51,50,1,00000000000000000000000000000010000000000000000000,6,0.0011988011988011988,3,2,1
quadruplet,"[0,2,6,8]",30030,510510,17,51,50,1,00000000000000000000000000000010000100000000000000,16,0.003196803196803197,8,7,1
quadruplet,"[0,2,6,8]",30030,510510,17,51,50,1,00000000000000010000000000000000000000000000000000,15,0.002997002997002997,4,3,1
quadruplet,"[0,2,6,8]",30030,510510,17,51,50,1,00000000000000010000000000000000000100000000000000,10,0.001998001998001998,6,5,1
quadruplet,"[0,2,6,8]",30030,510510,17,51,50,1,00000000000000010000000000000010000000000000000000,11,0.002197802197802198,6,5,1
quadruplet,"[0,2,6,8]",30030,510510,17,51,50,1,00000000000000010000000000000010000100000000000000,2,0.0003996003996003996,5,4,1
quadruplet,"[0,2,6,8]",30030,510510,17,51,50,1,10000000000000000000000000000000000000000000000000,8,0.0015984015984015984,4,3,1
quadruplet,"[0,2,6,8]",30030,510510,17,51,50,1,10000000000000000000000000000000000100000000000000,14,0.002797202797202797,7,6,1
quadruplet,"[0,2,6,8]",30030,510510,17,51,50,1,10000000000000000000000000000010000000000000000000,12,0.0023976023976023976,6,5,1
quadruplet,"[0,2,6,8]",30030,510510,17,51,50,1,10000000000000000000000000000010000100000000000000,4,0.0007992007992007992,6,5,1
quadruplet,"[0,2,6,8]",30030,510510,17,51,50,1,10000000000000010000000000000000000000000000000000,12,0.0023976023976023976,6,5,1
quadruplet,"[0,2,6,8]",30030,510510,17,51,50,1,10000000000000010000000000000000000100000000000000,1,0.0001998001998001998,5,4,1
quadruplet,"[0,2,6,8]",30030,510510,17,51,50,1,10000000000000010000000000000010000000000000000000,10,0.001998001998001998,8,7,1
quadruplet,"[0,2,6,8]",30030,510510,17,51,50,1,10000000000000010000000000000010000100000000000000,2,0.0003996003996003996,7,6,1
quadruplet,"[0,2,6,8]",30030,510510,17,51,50,2,00000000000000000000000000000000000000000000000001,12,0.0023976023976023976,2,1,1
quadruplet,"[0,2,6,8]",30030,510510,17,51,50,2,00000000000000000000000000000000001000000000000000,10,0.001998001998001998,2,1,1
quadruplet,"[0,2,6,8]",30030,510510,17,51,50,2,00000000000000000000000000000000001000000000000001,18,0.0035964035964035964,3,2,1
quadruplet,"[0,2,6,8]",30030,510510,17,51,50,2,00000000000000000000000000000100000000000000000000,10,0.001998001998001998,2,1,1
quadruplet,"[0,2,6,8]",30030,510510,17,51,50,2,00000000000000000000000000000100000000000000000001,8,0.0015984015984015984,3,2,1
quadruplet,"[0,2,6,8]",30030,510510,17,51,50,2,00000000000000000000000000000100001000000000000000,16,0.003196803196803197,4,3,1
quadruplet,"[0,2,6,8]",30030,510510,17,51,50,2,00000000000000000000000000000100001000000000000001,4,0.0007992007992007992,5,4,1
quadruplet,"[0,2,6,8]",30030,510510,17,51,50,2,00000000000000100000000000000000000000000000000000,12,0.0023976023976023976,2,1,1
quadruplet,"[0,2,6,8]",30030,510510,17,51,50,2,00000000000000100000000000000000000000000000000001,15,0.002997002997002997,4,3,1
quadruplet,"[0,2,6,8]",30030,510510,17,51,50,2,00000000000000100000000000000000001000000000000000,8,0.0015984015984015984,3,2,1
quadruplet,"[0,2,6,8]",30030,510510,17,51,50,2,00000000000000100000000000000000001000000000000001,3,0.0005994005994005994,5,4,1
quadruplet,"[0,2,6,8]",30030,510510,17,51,50,2,00000000000000100000000000000100000000000000000000,18,0.0035964035964035964,3,2,1
quadruplet,"[0,2,6,8]",30030,510510,17,51,50,2,00000000000000100000000000000100000000000000000001,3,0.0005994005994005994,5,4,1
quadruplet,"[0,2,6,8]",30030,510510,17,51,50,2,00000000000000100000000000000100001000000000000000,4,0.0007992007992007992,5,4,1
quadruplet,"[0,2,6,8]",30030,510510,17,51,50,3,00000000000000000000000000000000000000000000000010,12,0.0023976023976023976,2,1,1
quadruplet,"[0,2,6,8]",30030,510510,17,51,50,3,00000000000000000000000000000000010000000000000000,10,0.001998001998001998,2,1,1
quadruplet,"[0,2,6,8]",30030,510510,17,51,50,3,00000000000000000000000000000000010000000000000010,18,0.0035964035964035964,3,2,1
quadruplet,"[0,2,6,8]",30030,510510,17,51,50,3,00000000000000000000000000001000000000000000000000,10,0.001998001998001998,2,1,1
quadruplet,"[0,2,6,8]",30030,510510,17,51,50,3,00000000000000000000000000001000000000000000000010,8,0.0015984015984015984,3,2,1
quadruplet,"[0,2,6,8]",30030,510510,17,51,50,3,00000000000000000000000000001000010000000000000000,16,0.003196803196803197,4,3,1
quadruplet,"[0,2,6,8]",30030,510510,17,51,50,3,00000000000000000000000000001000010000000000000010,4,0.0007992007992007992,5,4,1
quadruplet,"[0,2,6,8]",30030,510510,17,51,50,3,00000000000001000000000000000000000000000000000000,12,0.0023976023976023976,2,1,1
quadruplet,"[0,2,6,8]",30030,510510,17,51,50,3,00000000000001000000000000000000000000000000000010,15,0.002997002997002997,4,3,1
quadruplet,"[0,2,6,8]",30030,510510,17,51,50,3,00000000000001000000000000000000010000000000000000,8,0.0015984015984015984,3,2,1
quadruplet,"[0,2,6,8]",30030,510510,17,51,50,3,00000000000001000000000000000000010000000000000010,3,0.0005994005994005994,5,4,1
quadruplet,"[0,2,6,8]",30030,510510,17,51,50,3,00000000000001000000000000001000000000000000000000,18,0.0035964035964035964,3,2,1
quadruplet,"[0,2,6,8]",30030,510510,17,51,50,3,00000000000001000000000000001000000000000000000010,3,0.0005994005994005994,5,4,1
quadruplet,"[0,2,6,8]",30030,510510,17,51,50,3,00000000000001000000000000001000010000000000000000,4,0.0007992007992007992,5,4,1
quadruplet,"[0,2,6,8]",30030,510510,17,51,50,4,00000000000000000000000000000000000000000000000100,12,0.0023976023976023976,2,1,1
quadruplet,"[0,2,6,8]",30030,510510,17,51,50,4,00000000000000000000000000000000100000000000000000,10,0.001998001998001998,2,1,1
quadruplet,"[0,2,6,8]",30030,510510,17,51,50,4,00000000000000000000000000000000100000000000000100,18,0.0035964035964035964,3,2,1
quadruplet,"[0,2,6,8]",30030,510510,17,51,50,4,00000000000000000000000000010000000000000000000000,10,0.001998001998001998,2,1,1
quadruplet,"[0,2,6,8]",30030,510510,17,51,50,4,00000000000000000000000000010000000000000000000100,8,0.0015984015984015984,3,2,1
quadruplet,"[0,2,6,8]",30030,510510,17,51,50,4,00000000000000000000000000010000100000000000000000,16,0.003196803196803197,4,3,1
quadruplet,"[0,2,6,8]",30030,510510,17,51,50,4,00000000000000000000000000010000100000000000000100,4,0.0007992007992007992,5,4,1
quadruplet,"[0,2,6,8]",30030,510510,17,51,50,4,00000000000010000000000000000000000000000000000000,12,0.0023976023976023976,2,1,1
quadruplet,"[0,2,6,8]",30030,510510,17,51,50,4,00000000000010000000000000000000000000000000000100,15,0.002997002997002997,4,3,1
quadruplet,"[0,2,6,8]",30030,510510,17,51,50,4,00000000000010000000000000000000100000000000000000,8,0.0015984015984015984,3,2,1
quadruplet,"[0,2,6,8]",30030,510510,17,51,50,4,00000000000010000000000000000000100000000000000100,3,0.0005994005994005994,5,4,1
quadruplet,"[0,2,6,8]",30030,510510,17,51,50,4,00000000000010000000000000010000000000000000000000,18,0.0035964035964035964,3,2,1
quadruplet,"[0,2,6,8]",30030,510510,17,51,50,4,00000000000010000000000000010000000000000000000100,3,0.0005994005994005994,5,4,1
quadruplet,"[0,2,6,8]",30030,510510,17,51,50,4,00000000000010000000000000010000100000000000000000,4,0.0007992007992007992,5,4,1
quadruplet,"[0,2,6,8]",30030,510510,17,51,50,5,00000000000000000000000000000000000000000000001000,12,0.0023976023976023976,2,1,1
quadruplet,"[0,2,6,8]",30030,510510,17,51,50,5,00000000000000000000000000000001000000000000000000,10,0.001998001998001998,2,1,1
quadruplet,"[0,2,6,8]",30030,510510,17,51,50,5,00000000000000000000000000000001000000000000001000,18,0.0035964035964035964,3,2,1
quadruplet,"[0,2,6,8]",30030,510510,17,51,50,5,00000000000000000000000000100000000000000000000000,10,0.001998001998001998,2,1,1
quadruplet,"[0,2,6,8]",30030,510510,17,51,50,5,00000000000000000000000000100000000000000000001000,8,0.0015984015984015984,3,2,1
quadruplet,"[0,2,6,8]",30030,510510,17,51,50,5,00000000000000000000000000100001000000000000000000,16,0.003196803196803197,4,3,1
quadruplet,"[0,2,6,8]",30030,510510,17,51,50,5,00000000000000000000000000100001000000000000001000,4,0.0007992007992007992,5,4,1
quadruplet,"[0,2,6,8]",30030,510510,17,51,50,5,00000000000100000000000000000000000000000000000000,12,0.0023976023976023976,2,1,1
quadruplet,"[0,2,6,8]",30030,510510,17,51,50,5,00000000000100000000000000000000000000000000001000,15,0.002997002997002997,4,3,1
quadruplet,"[0,2,6,8]",30030,510510,17,51,50,5,00000000000100000000000000000001000000000000000000,8,0.0015984015984015984,3,2,1
quadruplet,"[0,2,6,8]",30030,510510,17,51,50,5,00000000000100000000000000000001000000000000001000,3,0.0005994005994005994,5,4,1
quadruplet,"[0,2,6,8]",30030,510510,17,51,50,5,00000000000100000000000000100000000000000000000000,18,0.0035964035964035964,3,2,1
quadruplet,"[0,2,6,8]",30030,510510,17,51,50,5,00000000000100000000000000100000000000000000001000,3,0.0005994005994005994,5,4,1
quadruplet,"[0,2,6,8]",30030,510510,17,51,50,5,00000000000100000000000000100001000000000000000000,4,0.0007992007992007992,5,4,1
quadruplet,"[0,2,6,8]",30030,510510,17,51,50,6,00000000000000000000000000000000000000000000010000,12,0.0023976023976023976,2,1,1
quadruplet,"[0,2,6,8]",30030,510510,17,51,50,6,00000000000000000000000000000010000000000000000000,10,0.001998001998001998,2,1,1
quadruplet,"[0,2,6,8]",30030,510510,17,51,50,6,00000000000000000000000000000010000000000000010000,18,0.0035964035964035964,3,2,1
quadruplet,"[0,2,6,8]",30030,510510,17,51,50,6,00000000000000000000000001000000000000000000000000,10,0.001998001998001998,2,1,1
quadruplet,"[0,2,6,8]",30030,510510,17,51,50,6,00000000000000000000000001000000000000000000010000,8,0.0015984015984015984,3,2,1
quadruplet,"[0,2,6,8]",30030,510510,17,51,50,6,00000000000000000000000001000010000000000000000000,16,0.003196803196803197,4,3,1
quadruplet,"[0,2,6,8]",30030,510510,17,51,50,6,00000000000000000000000001000010000000000000010000,4,0.0007992007992007992,5,4,1
quadruplet,"[0,2,6,8]",30030,510510,17,51,50,6,00000000001000000000000000000000000000000000000000,12,0.0023976023976023976,2,1,1
quadruplet,"[0,2,6,8]",30030,510510,17,51,50,6,00000000001000000000000000000000000000000000010000,15,0.002997002997002997,4,3,1
quadruplet,"[0,2,6,8]",30030,510510,17,51,50,6,00000000001000000000000000000010000000000000000000,8,0.0015984015984015984,3,2,1
quadruplet,"[0,2,6,8]",30030,510510,17,51,50,6,00000000001000000000000000000010000000000000010000,3,0.0005994005994005994,5,4,1
quadruplet,"[0,2,6,8]",30030,510510,17,51,50,6,00000000001000000000000001000000000000000000000000,18,0.0035964035964035964,3,2,1
quadruplet,"[0,2,6,8]",30030,510510,17,51,50,6,00000000001000000000000001000000000000000000010000,3,0.0005994005994005994,5,4,1
quadruplet,"[0,2,6,8]",30030,510510,17,51,50,6,00000000001000000000000001000010000000000000000000,4,0.0007992007992007992,5,4,1
quadruplet,"[0,2,6,8]",30030,510510,17,51,50,7,00000000000000000000000000000000000000000000100000,12,0.0023976023976023976,2,1,1
quadruplet,"[0,2,6,8]",30030,510510,17,51,50,7,00000000000000000000000000000100000000000000000000,10,0.001998001998001998,2,1,1
quadruplet,"[0,2,6,8]",30030,510510,17,51,50,7,00000000000000000000000000000100000000000000100000,18,0.0035964035964035964,3,2,1
quadruplet,"[0,2,6,8]",30030,510510,17,51,50,7,00000000000000000000000010000000000000000000000000,10,0.001998001998001998,2,1,1
quadruplet,"[0,2,6,8]",30030,510510,17,51,50,7,00000000000000000000000010000000000000000000100000,8,0.0015984015984015984,3,2,1
quadruplet,"[0,2,6,8]",30030,510510,17,51,50,7,00000000000000000000000010000100000000000000000000,16,0.003196803196803197,4,3,1
quadruplet,"[0,2,6,8]",30030,510510,17,51,50,7,00000000000000000000000010000100000000000000100000,4,0.0007992007992007992,5,4,1
quadruplet,"[0,2,6,8]",30030,510510,17,51,50,7,00000000010000000000000000000000000000000000000000,12,0.0023976023976023976,2,1,1
quadruplet,"[0,2,6,8]",30030,510510,17,51,50,7,00000000010000000000000000000000000000000000100000,15,0.002997002997002997,4,3,1
quadruplet,"[0,2,6,8]",30030,510510,17,51,50,7,00000000010000000000000000000100000000000000000000,8,0.0015984015984015984,3,2,1
quadruplet,"[0,2,6,8]",30030,510510,17,51,50,7,00000000010000000000000000000100000000000000100000,3,0.0005994005994005994,5,4,1
quadruplet,"[0,2,6,8]",30030,510510,17,51,50,7,00000000010000000000000010000000000000000000000000,18,0.0035964035964035964,3,2,1
quadruplet,"[0,2,6,8]",30030,510510,17,51,50,7,00000000010000000000000010000000000000000000100000,3,0.0005994005994005994,5,4,1
quadruplet,"[0,2,6,8]",30030,510510,17,51,50,7,00000000010000000000000010000100000000000000000000,4,0.0007992007992007992,5,4,1
quadruplet,"[0,2,6,8]",30030,510510,17,51,50,8,00000000000000000000000000000000000000000001000000,12,0.0023976023976023976,2,1,1
quadruplet,"[0,2,6,8]",30030,510510,17,51,50,8,00000000000000000000000000001000000000000000000000,10,0.001998001998001998,2,1,1
quadruplet,"[0,2,6,8]",30030,510510,17,51,50,8,00000000000000000000000000001000000000000001000000,18,0.0035964035964035964,3,2,1
quadruplet,"[0,2,6,8]",30030,510510,17,51,50,8,00000000000000000000000100000000000000000000000000,10,0.001998001998001998,2,1,1
quadruplet,"[0,2,6,8]",30030,510510,17,51,50,8,00000000000000000000000100000000000000000001000000,8,0.0015984015984015984,3,2,1
quadruplet,"[0,2,6,8]",30030,510510,17,51,50,8,00000000000000000000000100001000000000000000000000,16,0.003196803196803197,4,3,1
quadruplet,"[0,2,6,8]",30030,510510,17,51,50,8,00000000000000000000000100001000000000000001000000,4,0.0007992007992007992,5,4,1
quadruplet,"[0,2,6,8]",30030,510510,17,51,50,8,00000000100000000000000000000000000000000000000000,12,0.0023976023976023976,2,1,1
quadruplet,"[0,2,6,8]",30030,510510,17,51,50,8,00000000100000000000000000000000000000000001000000,15,0.002997002997002997,4,3,1
quadruplet,"[0,2,6,8]",30030,510510,17,51,50,8,00000000100000000000000000001000000000000000000000,8,0.0015984015984015984,3,2,1
quadruplet,"[0,2,6,8]",30030,510510,17,51,50,8,00000000100000000000000000001000000000000001000000,3,0.0005994005994005994,5,4,1
quadruplet,"[0,2,6,8]",30030,510510,17,51,50,8,00000000100000000000000100000000000000000000000000,18,0.0035964035964035964,3,2,1
quadruplet,"[0,2,6,8]",30030,510510,17,51,50,8,00000000100000000000000100000000000000000001000000,3,0.0005994005994005994,5,4,1
quadruplet,"[0,2,6,8]",30030,510510,17,51,50,8,00000000100000000000000100001000000000000000000000,4,0.0007992007992007992,5,4,1
quadruplet,"[0,2,6,8]",30030,510510,17,51,50,9,00000000000000000000000000000000000000000010000000,12,0.0023976023976023976,2,1,1
quadruplet,"[0,2,6,8]",30030,510510,17,51,50,9,00000000000000000000000000010000000000000000000000,10,0.001998001998001998,2,1,1
quadruplet,"[0,2,6,8]",30030,510510,17,51,50,9,00000000000000000000000000010000000000000010000000,18,0.0035964035964035964,3,2,1
quadruplet,"[0,2,6,8]",30030,510510,17,51,50,9,00000000000000000000001000000000000000000000000000,10,0.001998001998001998,2,1,1
quadruplet,"[0,2,6,8]",30030,510510,17,51,50,9,00000000000000000000001000000000000000000010000000,8,0.0015984015984015984,3,2,1
quadruplet,"[0,2,6,8]",30030,510510,17,51,50,9,00000000000000000000001000010000000000000000000000,16,0.003196803196803197,4,3,1
quadruplet,"[0,2,6,8]",30030,510510,17,51,50,9,00000000000000000000001000010000000000000010000000,4,0.0007992007992007992,5,4,1
quadruplet,"[0,2,6,8]",30030,510510,17,51,50,9,00000001000000000000000000000000000000000000000000,12,0.0023976023976023976,2,1,1
quadruplet,"[0,2,6,8]",30030,510510,17,51,50,9,00000001000000000000000000000000000000000010000000,15,0.002997002997002997,4,3,1
quadruplet,"[0,2,6,8]",30030,510510,17,51,50,9,00000001000000000000000000010000000000000000000000,8,0.0015984015984015984,3,2,1
quadruplet,"[0,2,6,8]",30030,510510,17,51,50,9,00000001000000000000000000010000000000000010000000,3,0.0005994005994005994,5,4,1
quadruplet,"[0,2,6,8]",30030,510510,17,51,50,9,00000001000000000000001000000000000000000000000000,18,0.0035964035964035964,3,2,1
quadruplet,"[0,2,6,8]",30030,510510,17,51,50,9,00000001000000000000001000000000000000000010000000,3,0.0005994005994005994,5,4,1
quadruplet,"[0,2,6,8]",30030,510510,17,51,50,9,00000001000000000000001000010000000000000000000000,4,0.0007992007992007992,5,4,1
quadruplet,"[0,2,6,8]",30030,510510,17,51,50,10,00000000000000000000000000000000000000000100000000,12,0.0023976023976023976,2,1,1
quadruplet,"[0,2,6,8]",30030,510510,17,51,50,10,00000000000000000000000000100000000000000000000000,10,0.001998001998001998,2,1,1
quadruplet,"[0,2,6,8]",30030,510510,17,51,50,10,00000000000000000000000000100000000000000100000000,18,0.0035964035964035964,3,2,1
quadruplet,"[0,2,6,8]",30030,510510,17,51,50,10,00000000000000000000010000000000000000000000000000,10,0.001998001998001998,2,1,1
quadruplet,"[0,2,6,8]",30030,510510,17,51,50,10,00000000000000000000010000000000000000000100000000,8,0.0015984015984015984,3,2,1
quadruplet,"[0,2,6,8]",30030,510510,17,51,50,10,00000000000000000000010000100000000000000000000000,16,0.003196803196803197,4,3,1
quadruplet,"[0,2,6,8]",30030,510510,17,51,50,10,00000000000000000000010000100000000000000100000000,4,0.0007992007992007992,5,4,1
quadruplet,"[0,2,6,8]",30030,510510,17,51,50,10,00000010000000000000000000000000000000000000000000,12,0.0023976023976023976,2,1,1
quadruplet,"[0,2,6,8]",30030,510510,17,51,50,10,00000010000000000000000000000000000000000100000000,15,0.002997002997002997,4,3,1
quadruplet,"[0,2,6,8]",30030,510510,17,51,50,10,00000010000000000000000000100000000000000000000000,8,0.0015984015984015984,3,2,1
quadruplet,"[0,2,6,8]",30030,510510,17,51,50,10,00000010000000000000000000100000000000000100000000,3,0.0005994005994005994,5,4,1
quadruplet,"[0,2,6,8]",30030,510510,17,51,50,10,00000010000000000000010000000000000000000000000000,18,0.0035964035964035964,3,2,1
quadruplet,"[0,2,6,8]",30030,510510,17,51,50,10,00000010000000000000010000000000000000000100000000,3,0.0005994005994005994,5,4,1
quadruplet,"[0,2,6,8]",30030,510510,17,51,50,10,00000010000000000000010000100000000000000000000000,4,0.0007992007992007992,5,4,1
quadruplet,"[0,2,6,8]",30030,510510,17,51,50,11,00000000000000000000000000000000000000001000000000,12,0.0023976023976023976,2,1,1
quadruplet,"[0,2,6,8]",30030,510510,17,51,50,11,00000000000000000000000001000000000000000000000000,10,0.001998001998001998,2,1,1
quadruplet,"[0,2,6,8]",30030,510510,17,51,50,11,00000000000000000000000001000000000000001000000000,18,0.0035964035964035964,3,2,1
quadruplet,"[0,2,6,8]",30030,510510,17,51,50,11,00000000000000000000100000000000000000000000000000,10,0.001998001998001998,2,1,1
quadruplet,"[0,2,6,8]",30030,510510,17,51,50,11,00000000000000000000100000000000000000001000000000,8,0.0015984015984015984,3,2,1
quadruplet,"[0,2,6,8]",30030,510510,17,51,50,11,00000000000000000000100001000000000000000000000000,16,0.003196803196803197,4,3,1
quadruplet,"[0,2,6,8]",30030,510510,17,51,50,11,00000000000000000000100001000000000000001000000000,4,0.0007992007992007992,5,4,1
quadruplet,"[0,2,6,8]",30030,510510,17,51,50,11,00000100000000000000000000000000000000000000000000,12,0.0023976023976023976,2,1,1
quadruplet,"[0,2,6,8]",30030,510510,17,51,50,11,00000100000000000000000000000000000000001000000000,15,0.002997002997002997,4,3,1
quadruplet,"[0,2,6,8]",30030,510510,17,51,50,11,00000100000000000000000001000000000000000000000000,8,0.0015984015984015984,3,2,1
quadruplet,"[0,2,6,8]",30030,510510,17,51,50,11,00000100000000000000000001000000000000001000000000,3,0.0005994005994005994,5,4,1
quadruplet,"[0,2,6,8]",30030,510510,17,51,50,11,00000100000000000000100000000000000000000000000000,18,0.0035964035964035964,3,2,1
quadruplet,"[0,2,6,8]",30030,510510,17,51,50,11,00000100000000000000100000000000000000001000000000,3,0.0005994005994005994,5,4,1
quadruplet,"[0,2,6,8]",30030,510510,17,51,50,11,00000100000000000000100001000000000000000000000000,4,0.0007992007992007992,5,4,1
quadruplet,"[0,2,6,8]",30030,510510,17,51,50,12,00000000000000000000000000000000000000010000000000,12,0.0023976023976023976,2,1,1
quadruplet,"[0,2,6,8]",30030,510510,17,51,50,12,00000000000000000000000010000000000000000000000000,10,0.001998001998001998,2,1,1
quadruplet,"[0,2,6,8]",30030,510510,17,51,50,12,00000000000000000000000010000000000000010000000000,18,0.0035964035964035964,3,2,1
quadruplet,"[0,2,6,8]",30030,510510,17,51,50,12,00000000000000000001000000000000000000000000000000,10,0.001998001998001998,2,1,1
quadruplet,"[0,2,6,8]",30030,510510,17,51,50,12,00000000000000000001000000000000000000010000000000,8,0.0015984015984015984,3,2,1
quadruplet,"[0,2,6,8]",30030,510510,17,51,50,12,00000000000000000001000010000000000000000000000000,16,0.003196803196803197,4,3,1
quadruplet,"[0,2,6,8]",30030,510510,17,51,50,12,00000000000000000001000010000000000000010000000000,4,0.0007992007992007992,5,4,1
quadruplet,"[0,2,6,8]",30030,510510,17,51,50,12,00001000000000000000000000000000000000000000000000,12,0.0023976023976023976,2,1,1
quadruplet,"[0,2,6,8]",30030,510510,17,51,50,12,00001000000000000000000000000000000000010000000000,15,0.002997002997002997,4,3,1
quadruplet,"[0,2,6,8]",30030,510510,17,51,50,12,00001000000000000000000010000000000000000000000000,8,0.0015984015984015984,3,2,1
quadruplet,"[0,2,6,8]",30030,510510,17,51,50,12,00001000000000000000000010000000000000010000000000,3,0.0005994005994005994,5,4,1
quadruplet,"[0,2,6,8]",30030,510510,17,51,50,12,00001000000000000001000000000000000000000000000000,18,0.0035964035964035964,3,2,1
quadruplet,"[0,2,6,8]",30030,510510,17,51,50,12,00001000000000000001000000000000000000010000000000,3,0.0005994005994005994,5,4,1
quadruplet,"[0,2,6,8]",30030,510510,17,51,50,12,00001000000000000001000010000000000000000000000000,4,0.0007992007992007992,5,4,1
quadruplet,"[0,2,6,8]",30030,510510,17,51,50,13,00000000000000000000000000000000000000100000000000,12,0.0023976023976023976,2,1,1
quadruplet,"[0,2,6,8]",30030,510510,17,51,50,13,00000000000000000000000100000000000000000000000000,10,0.001998001998001998,2,1,1
quadruplet,"[0,2,6,8]",30030,510510,17,51,50,13,00000000000000000000000100000000000000100000000000,18,0.0035964035964035964,3,2,1
quadruplet,"[0,2,6,8]",30030,510510,17,51,50,13,00000000000000000010000000000000000000000000000000,10,0.001998001998001998,2,1,1
quadruplet,"[0,2,6,8]",30030,510510,17,51,50,13,00000000000000000010000000000000000000100000000000,8,0.0015984015984015984,3,2,1
quadruplet,"[0,2,6,8]",30030,510510,17,51,50,13,00000000000000000010000100000000000000000000000000,16,0.003196803196803197,4,3,1
quadruplet,"[0,2,6,8]",30030,510510,17,51,50,13,00000000000000000010000100000000000000100000000000,4,0.0007992007992007992,5,4,1
quadruplet,"[0,2,6,8]",30030,510510,17,51,50,13,00010000000000000000000000000000000000000000000000,12,0.0023976023976023976,2,1,1
quadruplet,"[0,2,6,8]",30030,510510,17,51,50,13,00010000000000000000000000000000000000100000000000,15,0.002997002997002997,4,3,1
quadruplet,"[0,2,6,8]",30030,510510,17,51,50,13,00010000000000000000000100000000000000000000000000,8,0.0015984015984015984,3,2,1
quadruplet,"[0,2,6,8]",30030,510510,17,51,50,13,00010000000000000000000100000000000000100000000000,3,0.0005994005994005994,5,4,1
quadruplet,"[0,2,6,8]",30030,510510,17,51,50,13,00010000000000000010000000000000000000000000000000,18,0.0035964035964035964,3,2,1
quadruplet,"[0,2,6,8]",30030,510510,17,51,50,13,00010000000000000010000000000000000000100000000000,3,0.0005994005994005994,5,4,1
quadruplet,"[0,2,6,8]",30030,510510,17,51,50,13,00010000000000000010000100000000000000000000000000,4,0.0007992007992007992,5,4,1
quadruplet,"[0,2,6,8]",30030,510510,17,51,50,14,00000000000000000000000000000000000001000000000000,12,0.0023976023976023976,2,1,1
quadruplet,"[0,2,6,8]",30030,510510,17,51,50,14,00000000000000000000001000000000000000000000000000,10,0.001998001998001998,2,1,1
quadruplet,"[0,2,6,8]",30030,510510,17,51,50,14,00000000000000000000001000000000000001000000000000,18,0.0035964035964035964,3,2,1
quadruplet,"[0,2,6,8]",30030,510510,17,51,50,14,00000000000000000100000000000000000000000000000000,10,0.001998001998001998,2,1,1
quadruplet,"[0,2,6,8]",30030,510510,17,51,50,14,00000000000000000100000000000000000001000000000000,8,0.0015984015984015984,3,2,1
quadruplet,"[0,2,6,8]",30030,510510,17,51,50,14,00000000000000000100001000000000000000000000000000,16,0.003196803196803197,4,3,1
quadruplet,"[0,2,6,8]",30030,510510,17,51,50,14,00000000000000000100001000000000000001000000000000,4,0.0007992007992007992,5,4,1
quadruplet,"[0,2,6,8]",30030,510510,17,51,50,14,00100000000000000000000000000000000000000000000000,12,0.0023976023976023976,2,1,1
quadruplet,"[0,2,6,8]",30030,510510,17,51,50,14,00100000000000000000000000000000000001000000000000,15,0.002997002997002997,4,3,1
quadruplet,"[0,2,6,8]",30030,510510,17,51,50,14,00100000000000000000001000000000000000000000000000,8,0.0015984015984015984,3,2,1
quadruplet,"[0,2,6,8]",30030,510510,17,51,50,14,00100000000000000000001000000000000001000000000000,3,0.0005994005994005994,5,4,1
quadruplet,"[0,2,6,8]",30030,510510,17,51,50,14,00100000000000000100000000000000000000000000000000,18,0.0035964035964035964,3,2,1
quadruplet,"[0,2,6,8]",30030,510510,17,51,50,14,00100000000000000100000000000000000001000000000000,3,0.0005994005994005994,5,4,1
quadruplet,"[0,2,6,8]",30030,510510,17,51,50,14,00100000000000000100001000000000000000000000000000,4,0.0007992007992007992,5,4,1
quadruplet,"[0,2,6,8]",30030,510510,17,51,50,15,00000000000000000000000000000000000010000000000000,12,0.0023976023976023976,2,1,1
quadruplet,"[0,2,6,8]",30030,510510,17,51,50,15,00000000000000000000010000000000000000000000000000,10,0.001998001998001998,2,1,1
quadruplet,"[0,2,6,8]",30030,510510,17,51,50,15,00000000000000000000010000000000000010000000000000,18,0.0035964035964035964,3,2,1
quadruplet,"[0,2,6,8]",30030,510510,17,51,50,15,00000000000000001000000000000000000000000000000000,10,0.001998001998001998,2,1,1
quadruplet,"[0,2,6,8]",30030,510510,17,51,50,15,00000000000000001000000000000000000010000000000000,8,0.0015984015984015984,3,2,1
quadruplet,"[0,2,6,8]",30030,510510,17,51,50,15,00000000000000001000010000000000000000000000000000,16,0.003196803196803197,4,3,1
quadruplet,"[0,2,6,8]",30030,510510,17,51,50,15,00000000000000001000010000000000000010000000000000,4,0.0007992007992007992,5,4,1
quadruplet,"[0,2,6,8]",30030,510510,17,51,50,15,01000000000000000000000000000000000000000000000000,12,0.0023976023976023976,2,1,1
quadruplet,"[0,2,6,8]",30030,510510,17,51,50,15,01000000000000000000000000000000000010000000000000,15,0.002997002997002997,4,3,1
quadruplet,"[0,2,6,8]",30030,510510,17,51,50,15,01000000000000000000010000000000000000000000000000,8,0.0015984015984015984,3,2,1
quadruplet,"[0,2,6,8]",30030,510510,17,51,50,15,01000000000000000000010000000000000010000000000000,3,0.0005994005994005994,5,4,1
quadruplet,"[0,2,6,8]",30030,510510,17,51,50,15,01000000000000001000000000000000000000000000000000,18,0.0035964035964035964,3,2,1
quadruplet,"[0,2,6,8]",30030,510510,17,51,50,15,01000000000000001000000000000000000010000000000000,3,0.0005994005994005994,5,4,1
quadruplet,"[0,2,6,8]",30030,510510,17,51,50,15,01000000000000001000010000000000000000000000000000,4,0.0007992007992007992,5,4,1
quadruplet,"[0,2,6,8]",30030,510510,17,51,50,16,00000000000000000000000000000000000000000000000000,2,0.0003996003996003996,2,1,1
quadruplet,"[0,2,6,8]",30030,510510,17,51,50,16,00000000000000000000000000000000000100000000000000,12,0.0023976023976023976,4,3,1
quadruplet,"[0,2,6,8]",30030,510510,17,51,50,16,00000000000000000000100000000000000000000000000000,10,0.001998001998001998,3,2,1
quadruplet,"[0,2,6,8]",30030,510510,17,51,50,16,00000000000000000000100000000000000100000000000000,18,0.0035964035964035964,6,5,1
quadruplet,"[0,2,6,8]",30030,510510,17,51,50,16,00000000000000010000000000000000000000000000000000,10,0.001998001998001998,4,3,1
quadruplet,"[0,2,6,8]",30030,510510,17,51,50,16,00000000000000010000000000000000000100000000000000,8,0.0015984015984015984,6,5,1
quadruplet,"[0,2,6,8]",30030,510510,17,51,50,16,00000000000000010000100000000000000000000000000000,16,0.003196803196803197,8,7,1
quadruplet,"[0,2,6,8]",30030,510510,17,51,50,16,00000000000000010000100000000000000100000000000000,4,0.0007992007992007992,10,9,1
quadruplet,"[0,2,6,8]",30030,510510,17,51,50,16,10000000000000000000000000000000000000000000000000,12,0.0023976023976023976,4,3,1
quadruplet,"[0,2,6,8]",30030,510510,17,51,50,16,10000000000000000000000000000000000100000000000000,15,0.002997002997002997,7,6,1
quadruplet,"[0,2,6,8]",30030,510510,17,51,50,16,10000000000000000000100000000000000000000000000000,8,0.0015984015984015984,6,5,1
quadruplet,"[0,2,6,8]",30030,510510,17,51,50,16,10000000000000000000100000000000000100000000000000,3,0.0005994005994005994,9,8,1
quadruplet,"[0,2,6,8]",30030,510510,17,51,50,16,10000000000000010000000000000000000000000000000000,18,0.0035964035964035964,6,5,1
quadruplet,"[0,2,6,8]",30030,510510,17,51,50,16,10000000000000010000000000000000000100000000000000,3,0.0005994005994005994,5,4,1
quadruplet,"[0,2,6,8]",30030,510510,17,51,50,16,10000000000000010000100000000000000000000000000000,4,0.0007992007992007992,5,4,1
quadruplet,"[0,2,6,8]",30030,510510,17,51,50,17,00000000000000000000000000000000000000000000000001,8,0.0015984015984015984,2,1,1
quadruplet,"[0,2,6,8]",30030,510510,17,51,50,17,00000000000000000000000000000000001000000000000000,15,0.002997002997002997,2,1,1
quadruplet,"[0,2,6,8]",30030,510510,17,51,50,17,00000000000000000000000000000000001000000000000001,12,0.0023976023976023976,3,2,1
quadruplet,"[0,2,6,8]",30030,510510,17,51,50,17,00000000000000000001000000000000000000000000000000,6,0.0011988011988011988,2,1,1
quadruplet,"[0,2,6,8]",30030,510510,17,51,50,17,00000000000000000001000000000000000000000000000001,12,0.0023976023976023976,3,2,1
quadruplet,"[0,2,6,8]",30030,510510,17,51,50,17,00000000000000000001000000000000001000000000000000,11,0.002197802197802198,3,2,1
quadruplet,"[0,2,6,8]",30030,510510,17,51,50,17,00000000000000000001000000000000001000000000000001,10,0.001998001998001998,4,3,1
quadruplet,"[0,2,6,8]",30030,510510,17,51,50,17,00000000000000100000000000000000000000000000000000,14,0.002797202797202797,2,1,1
quadruplet,"[0,2,6,8]",30030,510510,17,51,50,17,00000000000000100000000000000000000000000000000001,14,0.002797202797202797,4,3,1
quadruplet,"[0,2,6,8]",30030,510510,17,51,50,17,00000000000000100000000000000000001000000000000000,10,0.001998001998001998,3,2,1
quadruplet,"[0,2,6,8]",30030,510510,17,51,50,17,00000000000000100000000000000000001000000000000001,1,0.0001998001998001998,5,4,1
quadruplet,"[0,2,6,8]",30030,510510,17,51,50,17,00000000000000100001000000000000000000000000000000,16,0.003196803196803197,4,3,1
quadruplet,"[0,2,6,8]",30030,510510,17,51,50,17,00000000000000100001000000000000000000000000000001,4,0.0007992007992007992,6,5,1
quadruplet,"[0,2,6,8]",30030,510510,17,51,50,17,00000000000000100001000000000000001000000000000000,2,0.0003996003996003996,5,4,1
quadruplet,"[0,2,6,8]",30030,510510,17,51,50,17,00000000000000100001000000000000001000000000000001,2,0.0003996003996003996,7,6,1
quadruplet,"[0,2,6,8]",30030,510510,17,51,50,18,00000000000000000000000000000000000000000000000010,8,0.0015984015984015984,2,1,1
quadruplet,"[0,2,6,8]",30030,510510,17,51,50,18,00000000000000000000000000000000010000000000000000,15,0.002997002997002997,2,1,1
quadruplet,"[0,2,6,8]",30030,510510,17,51,50,18,00000000000000000000000000000000010000000000000010,12,0.0023976023976023976,3,2,1
quadruplet,"[0,2,6,8]",30030,510510,17,51,50,18,00000000000000000010000000000000000000000000000000,6,0.0011988011988011988,2,1,1
quadruplet,"[0,2,6,8]",30030,510510,17,51,50,18,00000000000000000010000000000000000000000000000010,12,0.0023976023976023976,3,2,1
quadruplet,"[0,2,6,8]",30030,510510,17,51,50,18,00000000000000000010000000000000010000000000000000,11,0.002197802197802198,3,2,1
quadruplet,"[0,2,6,8]",30030,510510,17,51,50,18,00000000000000000010000000000000010000000000000010,10,0.001998001998001998,4,3,1
quadruplet,"[0,2,6,8]",30030,510510,17,51,50,18,00000000000001000000000000000000000000000000000000,14,0.002797202797202797,2,1,1
quadruplet,"[0,2,6,8]",30030,510510,17,51,50,18,00000000000001000000000000000000000000000000000010,14,0.002797202797202797,4,3,1
quadruplet,"[0,2,6,8]",30030,510510,17,51,50,18,00000000000001000000000000000000010000000000000000,10,0.001998001998001998,3,2,1
quadruplet,"[0,2,6,8]",30030,510510,17,51,50,18,00000000000001000000000000000000010000000000000010,1,0.0001998001998001998,5,4,1
quadruplet,"[0,2,6,8]",30030,510510,17,51,50,18,00000000000001000010000000000000000000000000000000,16,0.003196803196803197,4,3,1
quadruplet,"[0,2,6,8]",30030,510510,17,51,50,18,00000000000001000010000000000000000000000000000010,4,0.0007992007992007992,6,5,1
quadruplet,"[0,2,6,8]",30030,510510,17,51,50,18,00000000000001000010000000000000010000000000000000,2,0.0003996003996003996,5,4,1
quadruplet,"[0,2,6,8]",30030,510510,17,51,50,18,00000000000001000010000000000000010000000000000010,2,0.0003996003996003996,7,6,1
quadruplet,"[0,2,6,8]",30030,510510,17,51,50,19,00000000000000000000000000000000000000000000000100,8,0.0015984015984015984,2,1,1
quadruplet,"[0,2,6,8]",30030,510510,17,51,50,19,00000000000000000000000000000000100000000000000000,15,0.002997002997002997,2,1,1
quadruplet,"[0,2,6,8]",30030,510510,17,51,50,19,00000000000000000000000000000000100000000000000100,12,0.0023976023976023976,3,2,1
quadruplet,"[0,2,6,8]",30030,510510,17,51,50,19,00000000000000000100000000000000000000000000000000,6,0.0011988011988011988,2,1,1
quadruplet,"[0,2,6,8]",30030,510510,17,51,50,19,00000000000000000100000000000000000000000000000100,12,0.0023976023976023976,3,2,1
quadruplet,"[0,2,6,8]",30030,510510,17,51,50,19,00000000000000000100000000000000100000000000000000,11,0.002197802197802198,3,2,1
quadruplet,"[0,2,6,8]",30030,510510,17,51,50,19,00000000000000000100000000000000100000000000000100,10,0.001998001998001998,4,3,1
quadruplet,"[0,2,6,8]",30030,510510,17,51,50,19,00000000000010000000000000000000000000000000000000,14,0.002797202797202797,2,1,1
quadruplet,"[0,2,6,8]",30030,510510,17,51,50,19,00000000000010000000000000000000000000000000000100,14,0.002797202797202797,4,3,1
quadruplet,"[0,2,6,8]",30030,510510,17,51,50,19,00000000000010000000000000000000100000000000000000,10,0.001998001998001998,3,2,1
quadruplet,"[0,2,6,8]",30030,510510,17,51,50,19,00000000000010000000000000000000100000000000000100,1,0.0001998001998001998,5,4,1
quadruplet,"[0,2,6,8]",30030,510510,17,51,50,19,00000000000010000100000000000000000000000000000000,16,0.003196803196803197,4,3,1
quadruplet,"[0,2,6,8]",30030,510510,17,51,50,19,00000000000010000100000000000000000000000000000100,4,0.0007992007992007992,6,5,1
quadruplet,"[0,2,6,8]",30030,510510,17,51,50,19,00000000000010000100000000000000100000000000000000,2,0.0003996003996003996,5,4,1
quadruplet,"[0,2,6,8]",30030,510510,17,51,50,19,00000000000010000100000000000000100000000000000100,2,0.0003996003996003996,7,6,1
quadruplet,"[0,2,6,8]",30030,510510,17,51,50,20,00000000000000000000000000000000000000000000001000,8,0.0015984015984015984,2,1,1
quadruplet,"[0,2,6,8]",30030,510510,17,51,50,20,00000000000000000000000000000001000000000000000000,15,0.002997002997002997,2,1,1
quadruplet,"[0,2,6,8]",30030,510510,17,51,50,20,00000000000000000000000000000001000000000000001000,12,0.0023976023976023976,3,2,1
quadruplet,"[0,2,6,8]",30030,510510,17,51,50,20,00000000000000001000000000000000000000000000000000,6,0.0011988011988011988,2,1,1
quadruplet,"[0,2,6,8]",30030,510510,17,51,50,20,00000000000000001000000000000000000000000000001000,12,0.0023976023976023976,3,2,1
quadruplet,"[0,2,6,8]",30030,510510,17,51,50,20,00000000000000001000000000000001000000000000000000,11,0.002197802197802198,3,2,1
quadruplet,"[0,2,6,8]",30030,510510,17,51,50,20,00000000000000001000000000000001000000000000001000,10,0.001998001998001998,4,3,1
quadruplet,"[0,2,6,8]",30030,510510,17,51,50,20,00000000000100000000000000000000000000000000000000,14,0.002797202797202797,2,1,1
quadruplet,"[0,2,6,8]",30030,510510,17,51,50,20,00000000000100000000000000000000000000000000001000,14,0.002797202797202797,4,3,1
quadruplet,"[0,2,6,8]",30030,510510,17,51,50,20,00000000000100000000000000000001000000000000000000,10,0.001998001998001998,3,2,1
quadruplet,"[0,2,6,8]",30030,510510,17,51,50,20,00000000000100000000000000000001000000000000001000,1,0.0001998001998001998,5,4,1
quadruplet,"[0,2,6,8]",30030,510510,17,51,50,20,00000000000100001000000000000000000000000000000000,16,0.003196803196803197,4,3,1
quadruplet,"[0,2,6,8]",30030,510510,17,51,50,20,00000000000100001000000000000000000000000000001000,4,0.0007992007992007992,6,5,1
quadruplet,"[0,2,6,8]",30030,510510,17,51,50,20,00000000000100001000000000000001000000000000000000,2,0.0003996003996003996,5,4,1
quadruplet,"[0,2,6,8]",30030,510510,17,51,50,20,00000000000100001000000000000001000000000000001000,2,0.0003996003996003996,7,6,1
quadruplet,"[0,2,6,8]",30030,510510,17,51,50,21,00000000000000000000000000000000000000000000000000,6,0.0011988011988011988,2,1,1
quadruplet,"[0,2,6,8]",30030,510510,17,51,50,21,00000000000000000000000000000000000000000000010000,8,0.0015984015984015984,4,3,1
quadruplet,"[0,2,6,8]",30030,510510,17,51,50,21,00000000000000000000000000000010000000000000000000,15,0.002997002997002997,4,3,1
quadruplet,"[0,2,6,8]",30030,510510,17,51,50,21,00000000000000000000000000000010000000000000010000,12,0.0023976023976023976,6,5,1
quadruplet,"[0,2,6,8]",30030,510510,17,51,50,21,00000000000000010000000000000000000000000000000000,6,0.0011988011988011988,4,3,1
quadruplet,"[0,2,6,8]",30030,510510,17,51,50,21,00000000000000010000000000000000000000000000010000,12,0.0023976023976023976,6,5,1
quadruplet,"[0,2,6,8]",30030,510510,17,51,50,21,00000000000000010000000000000010000000000000000000,11,0.002197802197802198,6,5,1
quadruplet,"[0,2,6,8]",30030,510510,17,51,50,21,00000000000000010000000000000010000000000000010000,10,0.001998001998001998,8,7,1
quadruplet,"[0,2,6,8]",30030,510510,17,51,50,21,00000000001000000000000000000000000000000000000000,14,0.002797202797202797,4,3,1
quadruplet,"[0,2,6,8]",30030,510510,17,51,50,21,00000000001000000000000000000000000000000000010000,14,0.002797202797202797,8,7,1
quadruplet,"[0,2,6,8]",30030,510510,17,51,50,21,00000000001000000000000000000010000000000000000000,10,0.001998001998001998,6,5,1
quadruplet,"[0,2,6,8]",30030,510510,17,51,50,21,00000000001000000000000000000010000000000000010000,1,0.0001998001998001998,5,4,1
quadruplet,"[0,2,6,8]",30030,510510,17,51,50,21,00000000001000010000000000000000000000000000000000,16,0.003196803196803197,7,6,1
quadruplet,"[0,2,6,8]",30030,510510,17,51,50,21,00000000001000010000000000000000000000000000010000,4,0.0007992007992007992,6,5,1
quadruplet,"[0,2,6,8]",30030,510510,17,51,50,21,00000000001000010000000000000010000000000000000000,2,0.0003996003996003996,5,4,1
quadruplet,"[0,2,6,8]",30030,510510,17,51,50,21,00000000001000010000000000000010000000000000010000,2,0.0003996003996003996,7,6,1
quadruplet,"[0,2,6,8]",30030,510510,17,51,50,22,00000000000000000000000000000000000000000000000001,2,0.0003996003996003996,2,1,1
quadruplet,"[0,2,6,8]",30030,510510,17,51,50,22,00000000000000000000000000000000000000000000100000,2,0.0003996003996003996,2,1,1
quadruplet,"[0,2,6,8]",30030,510510,17,51,50,22,00000000000000000000000000000000000000000000100001,6,0.0011988011988011988,4,3,1
quadruplet,"[0,2,6,8]",30030,510510,17,51,50,22,00000000000000000000000000000100000000000000000000,8,0.0015984015984015984,2,1,1
quadruplet,"[0,2,6,8]",30030,510510,17,51,50,22,00000000000000000000000000000100000000000000000001,7,0.0013986013986013986,3,2,1
quadruplet,"[0,2,6,8]",30030,510510,17,51,50,22,00000000000000000000000000000100000000000000100000,10,0.001998001998001998,3,2,1
quadruplet,"[0,2,6,8]",30030,510510,17,51,50,22,00000000000000000000000000000100000000000000100001,2,0.0003996003996003996,5,4,1
quadruplet,"[0,2,6,8]",30030,510510,17,51,50,22,00000000000000100000000000000000000000000000000000,2,0.0003996003996003996,2,1,1
quadruplet,"[0,2,6,8]",30030,510510,17,51,50,22,00000000000000100000000000000000000000000000000001,4,0.0007992007992007992,4,3,1
quadruplet,"[0,2,6,8]",30030,510510,17,51,50,22,00000000000000100000000000000000000000000000100000,8,0.0015984015984015984,3,2,1
quadruplet,"[0,2,6,8]",30030,510510,17,51,50,22,00000000000000100000000000000000000000000000100001,4,0.0007992007992007992,6,5,1
quadruplet,"[0,2,6,8]",30030,510510,17,51,50,22,00000000000000100000000000000100000000000000000000,10,0.001998001998001998,3,2,1
quadruplet,"[0,2,6,8]",30030,510510,17,51,50,22,00000000000000100000000000000100000000000000000001,1,0.0001998001998001998,5,4,1
quadruplet,"[0,2,6,8]",30030,510510,17,51,50,22,00000000000000100000000000000100000000000000100000,8,0.0015984015984015984,4,3,1
quadruplet,"[0,2,6,8]",30030,510510,17,51,50,22,00000000000000100000000000000100000000000000100001,2,0.0003996003996003996,7,6,1
quadruplet,"[0,2,6,8]",30030,510510,17,51,50,22,00000000010000000000000000000000000000000000000000,2,0.0003996003996003996,2,1,1
quadruplet,"[0,2,6,8]",30030,510510,17,51,50,22,00000000010000000000000000000000000000000000000001,12,0.0023976023976023976,4,3,1
quadruplet,"[0,2,6,8]",30030,510510,17,51,50,22,00000000010000000000000000000000000000000000100000,4,0.0007992007992007992,4,3,1
quadruplet,"[0,2,6,8]",30030,510510,17,51,50,22,00000000010000000000000000000000000000000000100001,10,0.001998001998001998,7,6,1
quadruplet,"[0,2,6,8]",30030,510510,17,51,50,22,00000000010000000000000000000100000000000000000000,7,0.0013986013986013986,3,2,1
quadruplet,"[0,2,6,8]",30030,510510,17,51,50,22,00000000010000000000000000000100000000000000000001,3,0.0005994005994005994,5,4,1
quadruplet,"[0,2,6,8]",30030,510510,17,51,50,22,00000000010000000000000000000100000000000000100000,1,0.0001998001998001998,5,4,1
quadruplet,"[0,2,6,8]",30030,510510,17,51,50,22,00000000010000100000000000000000000000000000000000,6,0.0011988011988011988,4,3,1
quadruplet,"[0,2,6,8]",30030,510510,17,51,50,22,00000000010000100000000000000000000000000000000001,10,0.001998001998001998,7,6,1
quadruplet,"[0,2,6,8]",30030,510510,17,51,50,22,00000000010000100000000000000000000000000000100000,4,0.0007992007992007992,6,5,1
quadruplet,"[0,2,6,8]",30030,510510,17,51,50,22,00000000010000100000000000000100000000000000000000,2,0.0003996003996003996,5,4,1
quadruplet,"[0,2,6,8]",30030,510510,17,51,50,22,00000000010000100000000000000100000000000000100000,2,0.0003996003996003996,7,6,1
quadruplet,"[0,2,6,8]",30030,510510,17,51,50,23,00000000000000000000000000000000000000000000000010,2,0.0003996003996003996,2,1,1
quadruplet,"[0,2,6,8]",30030,510510,17,51,50,23,00000000000000000000000000000000000000000001000000,2,0.0003996003996003996,2,1,1
quadruplet,"[0,2,6,8]",30030,510510,17,51,50,23,00000000000000000000000000000000000000000001000010,6,0.0011988011988011988,4,3,1
quadruplet,"[0,2,6,8]",30030,510510,17,51,50,23,00000000000000000000000000001000000000000000000000,8,0.0015984015984015984,2,1,1
quadruplet,"[0,2,6,8]",30030,510510,17,51,50,23,00000000000000000000000000001000000000000000000010,7,0.0013986013986013986,3,2,1
quadruplet,"[0,2,6,8]",30030,510510,17,51,50,23,00000000000000000000000000001000000000000001000000,10,0.001998001998001998,3,2,1
quadruplet,"[0,2,6,8]",30030,510510,17,51,50,23,00000000000000000000000000001000000000000001000010,2,0.0003996003996003996,5,4,1
quadruplet,"[0,2,6,8]",30030,510510,17,51,50,23,00000000000001000000000000000000000000000000000000,2,0.0003996003996003996,2,1,1
quadruplet,"[0,2,6,8]",30030,510510,17,51,50,23,00000000000001000000000000000000000000000000000010,4,0.0007992007992007992,4,3,1
quadruplet,"[0,2,6,8]",30030,510510,17,51,50,23,00000000000001000000000000000000000000000001000000,8,0.0015984015984015984,3,2,1
quadruplet,"[0,2,6,8]",30030,510510,17,51,50,23,00000000000001000000000000000000000000000001000010,4,0.0007992007992007992,6,5,1
quadruplet,"[0,2,6,8]",30030,510510,17,51,50,23,00000000000001000000000000001000000000000000000000,10,0.001998001998001998,3,2,1
quadruplet,"[0,2,6,8]",30030,510510,17,51,50,23,00000000000001000000000000001000000000000000000010,1,0.0001998001998001998,5,4,1
quadruplet,"[0,2,6,8]",30030,510510,17,51,50,23,00000000000001000000000000001000000000000001000000,8,0.0015984015984015984,4,3,1
quadruplet,"[0,2,6,8]",30030,510510,17,51,50,23,00000000000001000000000000001000000000000001000010,2,0.0003996003996003996,7,6,1
quadruplet,"[0,2,6,8]",30030,510510,17,51,50,23,00000000100000000000000000000000000000000000000000,2,0.0003996003996003996,2,1,1
quadruplet,"[0,2,6,8]",30030,510510,17,51,50,23,00000000100000000000000000000000000000000000000010,12,0.0023976023976023976,4,3,1
quadruplet,"[0,2,6,8]",30030,510510,17,51,50,23,00000000100000000000000000000000000000000001000000,4,0.0007992007992007992,4,3,1
quadruplet,"[0,2,6,8]",30030,510510,17,51,50,23,00000000100000000000000000000000000000000001000010,10,0.001998001998001998,7,6,1
quadruplet,"[0,2,6,8]",30030,510510,17,51,50,23,00000000100000000000000000001000000000000000000000,7,0.0013986013986013986,3,2,1
quadruplet,"[0,2,6,8]",30030,510510,17,51,50,23,00000000100000000000000000001000000000000000000010,3,0.0005994005994005994,5,4,1
quadruplet,"[0,2,6,8]",30030,510510,17,51,50,23,00000000100000000000000000001000000000000001000000,1,0.0001998001998001998,5,4,1
quadruplet,"[0,2,6,8]",30030,510510,17,51,50,23,00000000100001000000000000000000000000000000000000,6,0.0011988011988011988,4,3,1
quadruplet,"[0,2,6,8]",30030,510510,17,51,50,23,00000000100001000000000000000000000000000000000010,10,0.001998001998001998,7,6,1
quadruplet,"[0,2,6,8]",30030,510510,17,51,50,23,00000000100001000000000000000000000000000001000000,4,0.0007992007992007992,6,5,1
quadruplet,"[0,2,6,8]",30030,510510,17,51,50,23,00000000100001000000000000001000000000000000000000,2,0.0003996003996003996,5,4,1
quadruplet,"[0,2,6,8]",30030,510510,17,51,50,23,00000000100001000000000000001000000000000001000000,2,0.0003996003996003996,7,6,1
quadruplet,"[0,2,6,8]",30030,510510,17,51,50,24,00000000000000000000000000000000000000000000000100,2,0.0003996003996003996,2,1,1
quadruplet,"[0,2,6,8]",30030,510510,17,51,50,24,00000000000000000000000000000000000000000010000000,2,0.0003996003996003996,2,1,1
quadruplet,"[0,2,6,8]",30030,510510,17,51,50,24,00000000000000000000000000000000000000000010000100,6,0.0011988011988011988,4,3,1
quadruplet,"[0,2,6,8]",30030,510510,17,51,50,24,00000000000000000000000000010000000000000000000000,8,0.0015984015984015984,2,1,1
quadruplet,"[0,2,6,8]",30030,510510,17,51,50,24,00000000000000000000000000010000000000000000000100,7,0.0013986013986013986,3,2,1
quadruplet,"[0,2,6,8]",30030,510510,17,51,50,24,00000000000000000000000000010000000000000010000000,10,0.001998001998001998,3,2,1
quadruplet,"[0,2,6,8]",30030,510510,17,51,50,24,00000000000000000000000000010000000000000010000100,2,0.0003996003996003996,5,4,1
quadruplet,"[0,2,6,8]",30030,510510,17,51,50,24,00000000000010000000000000000000000000000000000000,2,0.0003996003996003996,2,1,1
quadruplet,"[0,2,6,8]",30030,510510,17,51,50,24,00000000000010000000000000000000000000000000000100,4,0.0007992007992007992,4,3,1
quadruplet,"[0,2,6,8]",30030,510510,17,51,50,24,00000000000010000000000000000000000000000010000000,8,0.0015984015984015984,3,2,1
quadruplet,"[0,2,6,8]",30030,510510,17,51,50,24,00000000000010000000000000000000000000000010000100,4,0.0007992007992007992,6,5,1
quadruplet,"[0,2,6,8]",30030,510510,17,51,50,24,00000000000010000000000000010000000000000000000000,10,0.001998001998001998,3,2,1
quadruplet,"[0,2,6,8]",30030,510510,17,51,50,24,00000000000010000000000000010000000000000000000100,1,0.0001998001998001998,5,4,1
quadruplet,"[0,2,6,8]",30030,510510,17,51,50,24,00000000000010000000000000010000000000000010000000,8,0.0015984015984015984,4,3,1
quadruplet,"[0,2,6,8]",30030,510510,17,51,50,24,00000000000010000000000000010000000000000010000100,2,0.0003996003996003996,7,6,1
quadruplet,"[0,2,6,8]",30030,510510,17,51,50,24,00000001000000000000000000000000000000000000000000,2,0.0003996003996003996,2,1,1
quadruplet,"[0,2,6,8]",30030,510510,17,51,50,24,00000001000000000000000000000000000000000000000100,12,0.0023976023976023976,4,3,1
quadruplet,"[0,2,6,8]",30030,510510,17,51,50,24,00000001000000000000000000000000000000000010000000,4,0.0007992007992007992,4,3,1
quadruplet,"[0,2,6,8]",30030,510510,17,51,50,24,00000001000000000000000000000000000000000010000100,10,0.001998001998001998,7,6,1
quadruplet,"[0,2,6,8]",30030,510510,17,51,50,24,00000001000000000000000000010000000000000000000000,7,0.0013986013986013986,3,2,1
quadruplet,"[0,2,6,8]",30030,510510,17,51,50,24,00000001000000000000000000010000000000000000000100,3,0.0005994005994005994,5,4,1
quadruplet,"[0,2,6,8]",30030,510510,17,51,50,24,00000001000000000000000000010000000000000010000000,1,0.0001998001998001998,5,4,1
quadruplet,"[0,2,6,8]",30030,510510,17,51,50,24,00000001000010000000000000000000000000000000000000,6,0.0011988011988011988,4,3,1
quadruplet,"[0,2,6,8]",30030,510510,17,51,50,24,00000001000010000000000000000000000000000000000100,10,0.001998001998001998,7,6,1
quadruplet,"[0,2,6,8]",30030,510510,17,51,50,24,00000001000010000000000000000000000000000010000000,4,0.0007992007992007992,6,5,1
quadruplet,"[0,2,6,8]",30030,510510,17,51,50,24,00000001000010000000000000010000000000000000000000,2,0.0003996003996003996,5,4,1
quadruplet,"[0,2,6,8]",30030,510510,17,51,50,24,00000001000010000000000000010000000000000010000000,2,0.0003996003996003996,7,6,1
quadruplet,"[0,2,6,8]",30030,510510,17,51,50,25,00000000000000000000000000000000000000000000001000,2,0.0003996003996003996,2,1,1
quadruplet,"[0,2,6,8]",30030,510510,17,51,50,25,00000000000000000000000000000000000000000100000000,2,0.0003996003996003996,2,1,1
quadruplet,"[0,2,6,8]",30030,510510,17,51,50,25,00000000000000000000000000000000000000000100001000,6,0.0011988011988011988,4,3,1
quadruplet,"[0,2,6,8]",30030,510510,17,51,50,25,00000000000000000000000000100000000000000000000000,8,0.0015984015984015984,2,1,1
quadruplet,"[0,2,6,8]",30030,510510,17,51,50,25,00000000000000000000000000100000000000000000001000,7,0.0013986013986013986,3,2,1
quadruplet,"[0,2,6,8]",30030,510510,17,51,50,25,00000000000000000000000000100000000000000100000000,10,0.001998001998001998,3,2,1
quadruplet,"[0,2,6,8]",30030,510510,17,51,50,25,00000000000000000000000000100000000000000100001000,2,0.0003996003996003996,5,4,1
quadruplet,"[0,2,6,8]",30030,510510,17,51,50,25,00000000000100000000000000000000000000000000000000,2,0.0003996003996003996,2,1,1
quadruplet,"[0,2,6,8]",30030,510510,17,51,50,25,00000000000100000000000000000000000000000000001000,4,0.0007992007992007992,4,3,1
quadruplet,"[0,2,6,8]",30030,510510,17,51,50,25,00000000000100000000000000000000000000000100000000,8,0.0015984015984015984,3,2,1
quadruplet,"[0,2,6,8]",30030,510510,17,51,50,25,00000000000100000000000000000000000000000100001000,4,0.0007992007992007992,6,5,1
quadruplet,"[0,2,6,8]",30030,510510,17,51,50,25,00000000000100000000000000100000000000000000000000,10,0.001998001998001998,3,2,1
quadruplet,"[0,2,6,8]",30030,510510,17,51,50,25,00000000000100000000000000100000000000000000001000,1,0.0001998001998001998,5,4,1
quadruplet,"[0,2,6,8]",30030,510510,17,51,50,25,00000000000100000000000000100000000000000100000000,8,0.0015984015984015984,4,3,1
quadruplet,"[0,2,6,8]",30030,510510,17,51,50,25,00000000000100000000000000100000000000000100001000,2,0.0003996003996003996,7,6,1
quadruplet,"[0,2,6,8]",30030,510510,17,51,50,25,00000010000000000000000000000000000000000000000000,2,0.0003996003996003996,2,1,1
quadruplet,"[0,2,6,8]",30030,510510,17,51,50,25,00000010000000000000000000000000000000000000001000,12,0.0023976023976023976,4,3,1
quadruplet,"[0,2,6,8]",30030,510510,17,51,50,25,00000010000000000000000000000000000000000100000000,4,0.0007992007992007992,4,3,1
quadruplet,"[0,2,6,8]",30030,510510,17,51,50,25,00000010000000000000000000000000000000000100001000,10,0.001998001998001998,7,6,1
quadruplet,"[0,2,6,8]",30030,510510,17,51,50,25,00000010000000000000000000100000000000000000000000,7,0.0013986013986013986,3,2,1
quadruplet,"[0,2,6,8]",30030,510510,17,51,50,25,00000010000000000000000000100000000000000000001000,3,0.0005994005994005994,5,4,1
quadruplet,"[0,2,6,8]",30030,510510,17,51,50,25,00000010000000000000000000100000000000000100000000,1,0.0001998001998001998,5,4,1
quadruplet,"[0,2,6,8]",30030,510510,17,51,50,25,00000010000100000000000000000000000000000000000000,6,0.0011988011988011988,4,3,1
quadruplet,"[0,2,6,8]",30030,510510,17,51,50,25,00000010000100000000000000000000000000000000001000,10,0.001998001998001998,7,6,1
quadruplet,"[0,2,6,8]",30030,510510,17,51,50,25,00000010000100000000000000000000000000000100000000,4,0.0007992007992007992,6,5,1
quadruplet,"[0,2,6,8]",30030,510510,17,51,50,25,00000010000100000000000000100000000000000000000000,2,0.0003996003996003996,5,4,1
quadruplet,"[0,2,6,8]",30030,510510,17,51,50,25,00000010000100000000000000100000000000000100000000,2,0.0003996003996003996,7,6,1
quadruplet,"[0,2,6,8]",30030,510510,17,51,50,26,00000000000000000000000000000000000000000000010000,2,0.0003996003996003996,2,1,1
quadruplet,"[0,2,6,8]",30030,510510,17,51,50,26,00000000000000000000000000000000000000001000000000,2,0.0003996003996003996,2,1,1
quadruplet,"[0,2,6,8]",30030,510510,17,51,50,26,00000000000000000000000000000000000000001000010000,6,0.0011988011988011988,4,3,1
quadruplet,"[0,2,6,8]",30030,510510,17,51,50,26,00000000000000000000000001000000000000000000000000,8,0.0015984015984015984,2,1,1
quadruplet,"[0,2,6,8]",30030,510510,17,51,50,26,00000000000000000000000001000000000000000000010000,7,0.0013986013986013986,3,2,1
quadruplet,"[0,2,6,8]",30030,510510,17,51,50,26,00000000000000000000000001000000000000001000000000,10,0.001998001998001998,3,2,1
quadruplet,"[0,2,6,8]",30030,510510,17,51,50,26,00000000000000000000000001000000000000001000010000,2,0.0003996003996003996,5,4,1
quadruplet,"[0,2,6,8]",30030,510510,17,51,50,26,00000000001000000000000000000000000000000000000000,2,0.0003996003996003996,2,1,1
quadruplet,"[0,2,6,8]",30030,510510,17,51,50,26,00000000001000000000000000000000000000000000010000,4,0.0007992007992007992,4,3,1
quadruplet,"[0,2,6,8]",30030,510510,17,51,50,26,00000000001000000000000000000000000000001000000000,8,0.0015984015984015984,3,2,1
quadruplet,"[0,2,6,8]",30030,510510,17,51,50,26,00000000001000000000000000000000000000001000010000,4,0.0007992007992007992,6,5,1
quadruplet,"[0,2,6,8]",30030,510510,17,51,50,26,00000000001000000000000001000000000000000000000000,10,0.001998001998001998,3,2,1
quadruplet,"[0,2,6,8]",30030,510510,17,51,50,26,00000000001000000000000001000000000000000000010000,1,0.0001998001998001998,5,4,1
quadruplet,"[0,2,6,8]",30030,510510,17,51,50,26,00000000001000000000000001000000000000001000000000,8,0.0015984015984015984,4,3,1
quadruplet,"[0,2,6,8]",30030,510510,17,51,50,26,00000000001000000000000001000000000000001000010000,2,0.0003996003996003996,7,6,1
quadruplet,"[0,2,6,8]",30030,510510,17,51,50,26,00000100000000000000000000000000000000000000000000,2,0.0003996003996003996,2,1,1
quadruplet,"[0,2,6,8]",30030,510510,17,51,50,26,00000100000000000000000000000000000000000000010000,12,0.0023976023976023976,4,3,1
quadruplet,"[0,2,6,8]",30030,510510,17,51,50,26,00000100000000000000000000000000000000001000000000,4,0.0007992007992007992,4,3,1
quadruplet,"[0,2,6,8]",30030,510510,17,51,50,26,00000100000000000000000000000000000000001000010000,10,0.001998001998001998,7,6,1
quadruplet,"[0,2,6,8]",30030,510510,17,51,50,26,00000100000000000000000001000000000000000000000000,7,0.0013986013986013986,3,2,1
quadruplet,"[0,2,6,8]",30030,510510,17,51,50,26,00000100000000000000000001000000000000000000010000,3,0.0005994005994005994,5,4,1
quadruplet,"[0,2,6,8]",30030,510510,17,51,50,26,00000100000000000000000001000000000000001000000000,1,0.0001998001998001998,5,4,1
quadruplet,"[0,2,6,8]",30030,510510,17,51,50,26,00000100001000000000000000000000000000000000000000,6,0.0011988011988011988,4,3,1
quadruplet,"[0,2,6,8]",30030,510510,17,51,50,26,00000100001000000000000000000000000000000000010000,10,0.001998001998001998,7,6,1
quadruplet,"[0,2,6,8]",30030,510510,17,51,50,26,00000100001000000000000000000000000000001000000000,4,0.0007992007992007992,6,5,1
quadruplet,"[0,2,6,8]",30030,510510,17,51,50,26,00000100001000000000000001000000000000000000000000,2,0.0003996003996003996,5,4,1
quadruplet,"[0,2,6,8]",30030,510510,17,51,50,26,00000100001000000000000001000000000000001000000000,2,0.0003996003996003996,7,6,1
quadruplet,"[0,2,6,8]",30030,510510,17,51,50,27,00000000000000000000000000000000000000000000100000,2,0.0003996003996003996,2,1,1
quadruplet,"[0,2,6,8]",30030,510510,17,51,50,27,00000000000000000000000000000000000000010000000000,2,0.0003996003996003996,2,1,1
quadruplet,"[0,2,6,8]",30030,510510,17,51,50,27,00000000000000000000000000000000000000010000100000,6,0.0011988011988011988,4,3,1
quadruplet,"[0,2,6,8]",30030,510510,17,51,50,27,00000000000000000000000010000000000000000000000000,8,0.0015984015984015984,2,1,1
quadruplet,"[0,2,6,8]",30030,510510,17,51,50,27,00000000000000000000000010000000000000000000100000,7,0.0013986013986013986,3,2,1
quadruplet,"[0,2,6,8]",30030,510510,17,51,50,27,00000000000000000000000010000000000000010000000000,10,0.001998001998001998,3,2,1
quadruplet,"[0,2,6,8]",30030,510510,17,51,50,27,00000000000000000000000010000000000000010000100000,2,0.0003996003996003996,5,4,1
quadruplet,"[0,2,6,8]",30030,510510,17,51,50,27,00000000010000000000000000000000000000000000000000,2,0.0003996003996003996,2,1,1
quadruplet,"[0,2,6,8]",30030,510510,17,51,50,27,00000000010000000000000000000000000000000000100000,4,0.0007992007992007992,4,3,1
quadruplet,"[0,2,6,8]",30030,510510,17,51,50,27,00000000010000000000000000000000000000010000000000,8,0.0015984015984015984,3,2,1
quadruplet,"[0,2,6,8]",30030,510510,17,51,50,27,00000000010000000000000000000000000000010000100000,4,0.0007992007992007992,6,5,1
quadruplet,"[0,2,6,8]",30030,510510,17,51,50,27,00000000010000000000000010000000000000000000000000,10,0.001998001998001998,3,2,1
quadruplet,"[0,2,6,8]",30030,510510,17,51,50,27,00000000010000000000000010000000000000000000100000,1,0.0001998001998001998,5,4,1
quadruplet,"[0,2,6,8]",30030,510510,17,51,50,27,00000000010000000000000010000000000000010000000000,8,0.0015984015984015984,4,3,1
quadruplet,"[0,2,6,8]",30030,510510,17,51,50,27,00000000010000000000000010000000000000010000100000,2,0.0003996003996003996,7,6,1
quadruplet,"[0,2,6,8]",30030,510510,17,51,50,27,00001000000000000000000000000000000000000000000000,2,0.0003996003996003996,2,1,1
quadruplet,"[0,2,6,8]",30030,510510,17,51,50,27,00001000000000000000000000000000000000000000100000,12,0.0023976023976023976,4,3,1
quadruplet,"[0,2,6,8]",30030,510510,17,51,50,27,00001000000000000000000000000000000000010000000000,4,0.0007992007992007992,4,3,1
quadruplet,"[0,2,6,8]",30030,510510,17,51,50,27,00001000000000000000000000000000000000010000100000,10,0.001998001998001998,7,6,1
quadruplet,"[0,2,6,8]",30030,510510,17,51,50,27,00001000000000000000000010000000000000000000000000,7,0.0013986013986013986,3,2,1
quadruplet,"[0,2,6,8]",30030,510510,17,51,50,27,00001000000000000000000010000000000000000000100000,3,0.0005994005994005994,5,4,1
quadruplet,"[0,2,6,8]",30030,510510,17,51,50,27,00001000000000000000000010000000000000010000000000,1,0.0001998001998001998,5,4,1
quadruplet,"[0,2,6,8]",30030,510510,17,51,50,27,00001000010000000000000000000000000000000000000000,6,0.0011988011988011988,4,3,1
quadruplet,"[0,2,6,8]",30030,510510,17,51,50,27,00001000010000000000000000000000000000000000100000,10,0.001998001998001998,7,6,1
quadruplet,"[0,2,6,8]",30030,510510,17,51,50,27,00001000010000000000000000000000000000010000000000,4,0.0007992007992007992,6,5,1
quadruplet,"[0,2,6,8]",30030,510510,17,51,50,27,00001000010000000000000010000000000000000000000000,2,0.0003996003996003996,5,4,1
quadruplet,"[0,2,6,8]",30030,510510,17,51,50,27,00001000010000000000000010000000000000010000000000,2,0.0003996003996003996,7,6,1
quadruplet,"[0,2,6,8]",30030,510510,17,51,50,28,00000000000000000000000000000000000000000001000000,2,0.0003996003996003996,2,1,1
quadruplet,"[0,2,6,8]",30030,510510,17,51,50,28,00000000000000000000000000000000000000100000000000,2,0.0003996003996003996,2,1,1
quadruplet,"[0,2,6,8]",30030,510510,17,51,50,28,00000000000000000000000000000000000000100001000000,6,0.0011988011988011988,4,3,1
quadruplet,"[0,2,6,8]",30030,510510,17,51,50,28,00000000000000000000000100000000000000000000000000,8,0.0015984015984015984,2,1,1
quadruplet,"[0,2,6,8]",30030,510510,17,51,50,28,00000000000000000000000100000000000000000001000000,7,0.0013986013986013986,3,2,1
quadruplet,"[0,2,6,8]",30030,510510,17,51,50,28,00000000000000000000000100000000000000100000000000,10,0.001998001998001998,3,2,1
quadruplet,"[0,2,6,8]",30030,510510,17,51,50,28,00000000000000000000000100000000000000100001000000,2,0.0003996003996003996,5,4,1
quadruplet,"[0,2,6,8]",30030,510510,17,51,50,28,00000000100000000000000000000000000000000000000000,2,0.0003996003996003996,2,1,1
quadruplet,"[0,2,6,8]",30030,510510,17,51,50,28,00000000100000000000000000000000000000000001000000,4,0.0007992007992007992,4,3,1
quadruplet,"[0,2,6,8]",30030,510510,17,51,50,28,00000000100000000000000000000000000000100000000000,8,0.0015984015984015984,3,2,1
quadruplet,"[0,2,6,8]",30030,510510,17,51,50,28,00000000100000000000000000000000000000100001000000,4,0.0007992007992007992,6,5,1
quadruplet,"[0,2,6,8]",30030,510510,17,51,50,28,00000000100000000000000100000000000000000000000000,10,0.001998001998001998,3,2,1
quadruplet,"[0,2,6,8]",30030,510510,17,51,50,28,00000000100000000000000100000000000000000001000000,1,0.0001998001998001998,5,4,1
quadruplet,"[0,2,6,8]",30030,510510,17,51,50,28,00000000100000000000000100000000000000100000000000,8,0.0015984015984015984,4,3,1
quadruplet,"[0,2,6,8]",30030,510510,17,51,50,28,00000000100000000000000100000000000000100001000000,2,0.0003996003996003996,7,6,1
quadruplet,"[0,2,6,8]",30030,510510,17,51,50,28,00010000000000000000000000000000000000000000000000,2,0.0003996003996003996,2,1,1
quadruplet,"[0,2,6,8]",30030,510510,17,51,50,28,00010000000000000000000000000000000000000001000000,12,0.0023976023976023976,4,3,1
quadruplet,"[0,2,6,8]",30030,510510,17,51,50,28,00010000000000000000000000000000000000100000000000,4,0.0007992007992007992,4,3,1
quadruplet,"[0,2,6,8]",30030,510510,17,51,50,28,00010000000000000000000000000000000000100001000000,10,0.001998001998001998,7,6,1
quadruplet,"[0,2,6,8]",30030,510510,17,51,50,28,00010000000000000000000100000000000000000000000000,7,0.0013986013986013986,3,2,1
quadruplet,"[0,2,6,8]",30030,510510,17,51,50,28,00010000000000000000000100000000000000000001000000,3,0.0005994005994005994,5,4,1
quadruplet,"[0,2,6,8]",30030,510510,17,51,50,28,00010000000000000000000100000000000000100000000000,1,0.0001998001998001998,5,4,1
quadruplet,"[0,2,6,8]",30030,510510,17,51,50,28,00010000100000000000000000000000000000000000000000,6,0.0011988011988011988,4,3,1
quadruplet,"[0,2,6,8]",30030,510510,17,51,50,28,00010000100000000000000000000000000000000001000000,10,0.001998001998001998,7,6,1
quadruplet,"[0,2,6,8]",30030,510510,17,51,50,28,00010000100000000000000000000000000000100000000000,4,0.0007992007992007992,6,5,1
quadruplet,"[0,2,6,8]",30030,510510,17,51,50,28,00010000100000000000000100000000000000000000000000,2,0.0003996003996003996,5,4,1
quadruplet,"[0,2,6,8]",30030,510510,17,51,50,28,00010000100000000000000100000000000000100000000000,2,0.0003996003996003996,7,6,1
quadruplet,"[0,2,6,8]",30030,510510,17,51,50,29,00000000000000000000000000000000000000000010000000,2,0.0003996003996003996,2,1,1
quadruplet,"[0,2,6,8]",30030,510510,17,51,50,29,00000000000000000000000000000000000001000000000000,2,0.0003996003996003996,2,1,1
quadruplet,"[0,2,6,8]",30030,510510,17,51,50,29,00000000000000000000000000000000000001000010000000,6,0.0011988011988011988,4,3,1
quadruplet,"[0,2,6,8]",30030,510510,17,51,50,29,00000000000000000000001000000000000000000000000000,8,0.0015984015984015984,2,1,1
quadruplet,"[0,2,6,8]",30030,510510,17,51,50,29,00000000000000000000001000000000000000000010000000,7,0.0013986013986013986,3,2,1
quadruplet,"[0,2,6,8]",30030,510510,17,51,50,29,00000000000000000000001000000000000001000000000000,10,0.001998001998001998,3,2,1
quadruplet,"[0,2,6,8]",30030,510510,17,51,50,29,00000000000000000000001000000000000001000010000000,2,0.0003996003996003996,5,4,1
quadruplet,"[0,2,6,8]",30030,510510,17,51,50,29,00000001000000000000000000000000000000000000000000,2,0.0003996003996003996,2,1,1
quadruplet,"[0,2,6,8]",30030,510510,17,51,50,29,00000001000000000000000000000000000000000010000000,4,0.0007992007992007992,4,3,1
quadruplet,"[0,2,6,8]",30030,510510,17,51,50,29,00000001000000000000000000000000000001000000000000,8,0.0015984015984015984,3,2,1
quadruplet,"[0,2,6,8]",30030,510510,17,51,50,29,00000001000000000000000000000000000001000010000000,4,0.0007992007992007992,6,5,1
quadruplet,"[0,2,6,8]",30030,510510,17,51,50,29,00000001000000000000001000000000000000000000000000,10,0.001998001998001998,3,2,1
quadruplet,"[0,2,6,8]",30030,510510,17,51,50,29,00000001000000000000001000000000000000000010000000,1,0.0001998001998001998,5,4,1
quadruplet,"[0,2,6,8]",30030,510510,17,51,50,29,00000001000000000000001000000000000001000000000000,8,0.0015984015984015984,4,3,1
quadruplet,"[0,2,6,8]",30030,510510,17,51,50,29,00000001000000000000001000000000000001000010000000,2,0.0003996003996003996,7,6,1
quadruplet,"[0,2,6,8]",30030,510510,17,51,50,29,00100000000000000000000000000000000000000000000000,2,0.0003996003996003996,2,1,1
quadruplet,"[0,2,6,8]",30030,510510,17,51,50,29,00100000000000000000000000000000000000000010000000,12,0.0023976023976023976,4,3,1
quadruplet,"[0,2,6,8]",30030,510510,17,51,50,29,00100000000000000000000000000000000001000000000000,4,0.0007992007992007992,4,3,1
quadruplet,"[0,2,6,8]",30030,510510,17,51,50,29,00100000000000000000000000000000000001000010000000,10,0.001998001998001998,7,6,1
quadruplet,"[0,2,6,8]",30030,510510,17,51,50,29,00100000000000000000001000000000000000000000000000,7,0.0013986013986013986,3,2,1
quadruplet,"[0,2,6,8]",30030,510510,17,51,50,29,00100000000000000000001000000000000000000010000000,3,0.0005994005994005994,5,4,1
quadruplet,"[0,2,6,8]",30030,510510,17,51,50,29,00100000000000000000001000000000000001000000000000,1,0.0001998001998001998,5,4,1
quadruplet,"[0,2,6,8]",30030,510510,17,51,50,29,00100001000000000000000000000000000000000000000000,6,0.0011988011988011988,4,3,1
quadruplet,"[0,2,6,8]",30030,510510,17,51,50,29,00100001000000000000000000000000000000000010000000,10,0.001998001998001998,7,6,1
quadruplet,"[0,2,6,8]",30030,510510,17,51,50,29,00100001000000000000000000000000000001000000000000,4,0.0007992007992007992,6,5,1
quadruplet,"[0,2,6,8]",30030,510510,17,51,50,29,00100001000000000000001000000000000000000000000000,2,0.0003996003996003996,5,4,1
quadruplet,"[0,2,6,8]",30030,510510,17,51,50,29,00100001000000000000001000000000000001000000000000,2,0.0003996003996003996,7,6,1
quadruplet,"[0,2,6,8]",30030,510510,17,51,50,30,00000000000000000000000000000000000000000100000000,2,0.0003996003996003996,2,1,1
quadruplet,"[0,2,6,8]",30030,510510,17,51,50,30,00000000000000000000000000000000000010000000000000,2,0.0003996003996003996,2,1,1
quadruplet,"[0,2,6,8]",30030,510510,17,51,50,30,00000000000000000000000000000000000010000100000000,6,0.0011988011988011988,4,3,1
quadruplet,"[0,2,6,8]",30030,510510,17,51,50,30,00000000000000000000010000000000000000000000000000,8,0.0015984015984015984,2,1,1
quadruplet,"[0,2,6,8]",30030,510510,17,51,50,30,00000000000000000000010000000000000000000100000000,7,0.0013986013986013986,3,2,1
quadruplet,"[0,2,6,8]",30030,510510,17,51,50,30,00000000000000000000010000000000000010000000000000,10,0.001998001998001998,3,2,1
quadruplet,"[0,2,6,8]",30030,510510,17,51,50,30,00000000000000000000010000000000000010000100000000,2,0.0003996003996003996,5,4,1
quadruplet,"[0,2,6,8]",30030,510510,17,51,50,30,00000010000000000000000000000000000000000000000000,2,0.0003996003996003996,2,1,1
quadruplet,"[0,2,6,8]",30030,510510,17,51,50,30,00000010000000000000000000000000000000000100000000,4,0.0007992007992007992,4,3,1
quadruplet,"[0,2,6,8]",30030,510510,17,51,50,30,00000010000000000000000000000000000010000000000000,8,0.0015984015984015984,3,2,1
quadruplet,"[0,2,6,8]",30030,510510,17,51,50,30,00000010000000000000000000000000000010000100000000,4,0.0007992007992007992,6,5,1
quadruplet,"[0,2,6,8]",30030,510510,17,51,50,30,00000010000000000000010000000000000000000000000000,10,0.001998001998001998,3,2,1
quadruplet,"[0,2,6,8]",30030,510510,17,51,50,30,00000010000000000000010000000000000000000100000000,1,0.0001998001998001998,5,4,1
quadruplet,"[0,2,6,8]",30030,510510,17,51,50,30,00000010000000000000010000000000000010000000000000,8,0.0015984015984015984,4,3,1
quadruplet,"[0,2,6,8]",30030,510510,17,51,50,30,00000010000000000000010000000000000010000100000000,2,0.0003996003996003996,7,6,1
quadruplet,"[0,2,6,8]",30030,510510,17,51,50,30,01000000000000000000000000000000000000000000000000,2,0.0003996003996003996,2,1,1
quadruplet,"[0,2,6,8]",30030,510510,17,51,50,30,01000000000000000000000000000000000000000100000000,12,0.0023976023976023976,4,3,1
quadruplet,"[0,2,6,8]",30030,510510,17,51,50,30,01000000000000000000000000000000000010000000000000,4,0.0007992007992007992,4,3,1
quadruplet,"[0,2,6,8]",30030,510510,17,51,50,30,01000000000000000000000000000000000010000100000000,10,0.001998001998001998,7,6,1
quadruplet,"[0,2,6,8]",30030,510510,17,51,50,30,01000000000000000000010000000000000000000000000000,7,0.0013986013986013986,3,2,1
quadruplet,"[0,2,6,8]",30030,510510,17,51,50,30,01000000000000000000010000000000000000000100000000,3,0.0005994005994005994,5,4,1
quadruplet,"[0,2,6,8]",30030,510510,17,51,50,30,01000000000000000000010000000000000010000000000000,1,0.0001998001998001998,5,4,1
quadruplet,"[0,2,6,8]",30030,510510,17,51,50,30,01000010000000000000000000000000000000000000000000,6,0.0011988011988011988,4,3,1
quadruplet,"[0,2,6,8]",30030,510510,17,51,50,30,01000010000000000000000000000000000000000100000000,10,0.001998001998001998,7,6,1
quadruplet,"[0,2,6,8]",30030,510510,17,51,50,30,01000010000000000000000000000000000010000000000000,4,0.0007992007992007992,6,5,1
quadruplet,"[0,2,6,8]",30030,510510,17,51,50,30,01000010000000000000010000000000000000000000000000,2,0.0003996003996003996,5,4,1
quadruplet,"[0,2,6,8]",30030,510510,17,51,50,30,01000010000000000000010000000000000010000000000000,2,0.0003996003996003996,7,6,1
quadruplet,"[0,2,6,8]",30030,510510,17,51,50,31,00000000000000000000000000000000000000001000000000,2,0.0003996003996003996,2,1,1
quadruplet,"[0,2,6,8]",30030,510510,17,51,50,31,00000000000000000000000000000000000100000000000000,2,0.0003996003996003996,2,1,1
quadruplet,"[0,2,6,8]",30030,510510,17,51,50,31,00000000000000000000000000000000000100001000000000,6,0.0011988011988011988,4,3,1
quadruplet,"[0,2,6,8]",30030,510510,17,51,50,31,00000000000000000000100000000000000000000000000000,8,0.0015984015984015984,2,1,1
quadruplet,"[0,2,6,8]",30030,510510,17,51,50,31,00000000000000000000100000000000000000001000000000,7,0.0013986013986013986,3,2,1
quadruplet,"[0,2,6,8]",30030,510510,17,51,50,31,00000000000000000000100000000000000100000000000000,10,0.001998001998001998,3,2,1
quadruplet,"[0,2,6,8]",30030,510510,17,51,50,31,00000000000000000000100000000000000100001000000000,2,0.0003996003996003996,5,4,1
quadruplet,"[0,2,6,8]",30030,510510,17,51,50,31,00000100000000000000000000000000000000000000000000,2,0.0003996003996003996,2,1,1
quadruplet,"[0,2,6,8]",30030,510510,17,51,50,31,00000100000000000000000000000000000000001000000000,4,0.0007992007992007992,4,3,1
quadruplet,"[0,2,6,8]",30030,510510,17,51,50,31,00000100000000000000000000000000000100000000000000,8,0.0015984015984015984,3,2,1
quadruplet,"[0,2,6,8]",30030,510510,17,51,50,31,00000100000000000000000000000000000100001000000000,4,0.0007992007992007992,6,5,1
quadruplet,"[0,2,6,8]",30030,510510,17,51,50,31,00000100000000000000100000000000000000000000000000,10,0.001998001998001998,3,2,1
quadruplet,"[0,2,6,8]",30030,510510,17,51,50,31,00000100000000000000100000000000000000001000000000,1,0.0001998001998001998,5,4,1
quadruplet,"[0,2,6,8]",30030,510510,17,51,50,31,00000100000000000000100000000000000100000000000000,8,0.0015984015984015984,4,3,1
quadruplet,"[0,2,6,8]",30030,510510,17,51,50,31,00000100000000000000100000000000000100001000000000,2,0.0003996003996003996,7,6,1
quadruplet,"[0,2,6,8]",30030,510510,17,51,50,31,10000000000000000000000000000000000000000000000000,2,0.0003996003996003996,2,1,1
quadruplet,"[0,2,6,8]",30030,510510,17,51,50,31,10000000000000000000000000000000000000001000000000,12,0.0023976023976023976,4,3,1
quadruplet,"[0,2,6,8]",30030,510510,17,51,50,31,10000000000000000000000000000000000100000000000000,4,0.0007992007992007992,4,3,1
quadruplet,"[0,2,6,8]",30030,510510,17,51,50,31,10000000000000000000000000000000000100001000000000,10,0.001998001998001998,7,6,1
quadruplet,"[0,2,6,8]",30030,510510,17,51,50,31,10000000000000000000100000000000000000000000000000,7,0.0013986013986013986,3,2,1
quadruplet,"[0,2,6,8]",30030,510510,17,51,50,31,10000000000000000000100000000000000000001000000000,3,0.0005994005994005994,5,4,1
quadruplet,"[0,2,6,8]",30030,510510,17,51,50,31,10000000000000000000100000000000000100000000000000,1,0.0001998001998001998,5,4,1
quadruplet,"[0,2,6,8]",30030,510510,17,51,50,31,10000100000000000000000000000000000000000000000000,6,0.0011988011988011988,4,3,1
quadruplet,"[0,2,6,8]",30030,510510,17,51,50,31,10000100000000000000000000000000000000001000000000,10,0.001998001998001998,7,6,1
quadruplet,"[0,2,6,8]",30030,510510,17,51,50,31,10000100000000000000000000000000000100000000000000,4,0.0007992007992007992,6,5,1
quadruplet,"[0,2,6,8]",30030,510510,17,51,50,31,10000100000000000000100000000000000000000000000000,2,0.0003996003996003996,5,4,1
quadruplet,"[0,2,6,8]",30030,510510,17,51,50,31,10000100000000000000100000000000000100000000000000,2,0.0003996003996003996,7,6,1
quadruplet,"[0,2,6,8]",30030,510510,17,51,50,32,00000000000000000000000000000000000000010000000000,14,0.002797202797202797,2,1,1
quadruplet,"[0,2,6,8]",30030,510510,17,51,50,32,00000000000000000000000000000000001000000000000000,6,0.0011988011988011988,2,1,1
quadruplet,"[0,2,6,8]",30030,510510,17,51,50,32,00000000000000000000000000000000001000010000000000,16,0.003196803196803197,4,3,1
quadruplet,"[0,2,6,8]",30030,510510,17,51,50,32,00000000000000000001000000000000000000000000000000,15,0.002997002997002997,2,1,1
quadruplet,"[0,2,6,8]",30030,510510,17,51,50,32,00000000000000000001000000000000000000010000000000,10,0.001998001998001998,3,2,1
quadruplet,"[0,2,6,8]",30030,510510,17,51,50,32,00000000000000000001000000000000001000000000000000,11,0.002197802197802198,3,2,1
quadruplet,"[0,2,6,8]",30030,510510,17,51,50,32,00000000000000000001000000000000001000010000000000,2,0.0003996003996003996,5,4,1
quadruplet,"[0,2,6,8]",30030,510510,17,51,50,32,00001000000000000000000000000000000000000000000000,8,0.0015984015984015984,2,1,1
quadruplet,"[0,2,6,8]",30030,510510,17,51,50,32,00001000000000000000000000000000000000010000000000,14,0.002797202797202797,4,3,1
quadruplet,"[0,2,6,8]",30030,510510,17,51,50,32,00001000000000000000000000000000001000000000000000,12,0.0023976023976023976,3,2,1
quadruplet,"[0,2,6,8]",30030,510510,17,51,50,32,00001000000000000000000000000000001000010000000000,4,0.0007992007992007992,6,5,1
quadruplet,"[0,2,6,8]",30030,510510,17,51,50,32,00001000000000000001000000000000000000000000000000,12,0.0023976023976023976,3,2,1
quadruplet,"[0,2,6,8]",30030,510510,17,51,50,32,00001000000000000001000000000000000000010000000000,1,0.0001998001998001998,5,4,1
quadruplet,"[0,2,6,8]",30030,510510,17,51,50,32,00001000000000000001000000000000001000000000000000,10,0.001998001998001998,4,3,1
quadruplet,"[0,2,6,8]",30030,510510,17,51,50,32,00001000000000000001000000000000001000010000000000,2,0.0003996003996003996,7,6,1
quadruplet,"[0,2,6,8]",30030,510510,17,51,50,33,00000000000000000000000000000000000000100000000000,14,0.002797202797202797,2,1,1
quadruplet,"[0,2,6,8]",30030,510510,17,51,50,33,00000000000000000000000000000000010000000000000000,6,0.0011988011988011988,2,1,1
quadruplet,"[0,2,6,8]",30030,510510,17,51,50,33,00000000000000000000000000000000010000100000000000,16,0.003196803196803197,4,3,1
quadruplet,"[0,2,6,8]",30030,510510,17,51,50,33,00000000000000000010000000000000000000000000000000,15,0.002997002997002997,2,1,1
quadruplet,"[0,2,6,8]",30030,510510,17,51,50,33,00000000000000000010000000000000000000100000000000,10,0.001998001998001998,3,2,1
quadruplet,"[0,2,6,8]",30030,510510,17,51,50,33,00000000000000000010000000000000010000000000000000,11,0.002197802197802198,3,2,1
quadruplet,"[0,2,6,8]",30030,510510,17,51,50,33,00000000000000000010000000000000010000100000000000,2,0.0003996003996003996,5,4,1
quadruplet,"[0,2,6,8]",30030,510510,17,51,50,33,00010000000000000000000000000000000000000000000000,8,0.0015984015984015984,2,1,1
quadruplet,"[0,2,6,8]",30030,510510,17,51,50,33,00010000000000000000000000000000000000100000000000,14,0.002797202797202797,4,3,1
quadruplet,"[0,2,6,8]",30030,510510,17,51,50,33,00010000000000000000000000000000010000000000000000,12,0.0023976023976023976,3,2,1
quadruplet,"[0,2,6,8]",30030,510510,17,51,50,33,00010000000000000000000000000000010000100000000000,4,0.0007992007992007992,6,5,1
quadruplet,"[0,2,6,8]",30030,510510,17,51,50,33,00010000000000000010000000000000000000000000000000,12,0.0023976023976023976,3,2,1
quadruplet,"[0,2,6,8]",30030,510510,17,51,50,33,00010000000000000010000000000000000000100000000000,1,0.0001998001998001998,5,4,1
quadruplet,"[0,2,6,8]",30030,510510,17,51,50,33,00010000000000000010000000000000010000000000000000,10,0.001998001998001998,4,3,1
quadruplet,"[0,2,6,8]",30030,510510,17,51,50,33,00010000000000000010000000000000010000100000000000,2,0.0003996003996003996,7,6,1
quadruplet,"[0,2,6,8]",30030,510510,17,51,50,34,00000000000000000000000000000000000001000000000000,14,0.002797202797202797,2,1,1
quadruplet,"[0,2,6,8]",30030,510510,17,51,50,34,00000000000000000000000000000000100000000000000000,6,0.0011988011988011988,2,1,1
quadruplet,"[0,2,6,8]",30030,510510,17,51,50,34,00000000000000000000000000000000100001000000000000,16,0.003196803196803197,4,3,1
quadruplet,"[0,2,6,8]",30030,510510,17,51,50,34,00000000000000000100000000000000000000000000000000,15,0.002997002997002997,2,1,1
quadruplet,"[0,2,6,8]",30030,510510,17,51,50,34,00000000000000000100000000000000000001000000000000,10,0.001998001998001998,3,2,1
quadruplet,"[0,2,6,8]",30030,510510,17,51,50,34,00000000000000000100000000000000100000000000000000,11,0.002197802197802198,3,2,1
quadruplet,"[0,2,6,8]",30030,510510,17,51,50,34,00000000000000000100000000000000100001000000000000,2,0.0003996003996003996,5,4,1
quadruplet,"[0,2,6,8]",30030,510510,17,51,50,34,00100000000000000000000000000000000000000000000000,8,0.0015984015984015984,2,1,1
quadruplet,"[0,2,6,8]",30030,510510,17,51,50,34,00100000000000000000000000000000000001000000000000,14,0.002797202797202797,4,3,1
quadruplet,"[0,2,6,8]",30030,510510,17,51,50,34,00100000000000000000000000000000100000000000000000,12,0.0023976023976023976,3,2,1
quadruplet,"[0,2,6,8]",30030,510510,17,51,50,34,00100000000000000000000000000000100001000000000000,4,0.0007992007992007992,6,5,1
quadruplet,"[0,2,6,8]",30030,510510,17,51,50,34,00100000000000000100000000000000000000000000000000,12,0.0023976023976023976,3,2,1
quadruplet,"[0,2,6,8]",30030,510510,17,51,50,34,00100000000000000100000000000000000001000000000000,1,0.0001998001998001998,5,4,1
quadruplet,"[0,2,6,8]",30030,510510,17,51,50,34,00100000000000000100000000000000100000000000000000,10,0.001998001998001998,4,3,1
quadruplet,"[0,2,6,8]",30030,510510,17,51,50,34,00100000000000000100000000000000100001000000000000,2,0.0003996003996003996,7,6,1
double_twins_p17,"[0,2,34,36]",30030,510510,17,41,40,0,0000000000000000000000000000000000000100,4,0.0007992007992007992,2,1,1
double_twins_p17,"[0,2,34,36]",30030,510510,17,41,40,0,0000000000000000000000100000000000000000,14,0.002797202797202797,2,1,1
double_twins_p17,"[0,2,34,36]",30030,510510,17,41,40,0,0000000000000000000000100000000000000100,1,0.0001998001998001998,3,2,1
double_twins_p17,"[0,2,34,36]",30030,510510,17,41,40,0,0000000000000000010000000000000000000000,14,0.002797202797202797,2,1,1
double_twins_p17,"[0,2,34,36]",30030,510510,17,41,40,0,0000000000000000010000000000000000000100,12,0.0023976023976023976,3,2,1
double_twins_p17,"[0,2,34,36]",30030,510510,17,41,40,0,0000000000000000010000100000000000000000,8,0.0015984015984015984,3,2,1
double_twins_p17,"[0,2,34,36]",30030,510510,17,41,40,0,0000000000000000010000100000000000000100,4,0.0007992007992007992,4,3,1
double_twins_p17,"[0,2,34,36]",30030,510510,17,41,40,0,0010000000000000000000000000000000000000,4,0.0007992007992007992,2,1,1
double_twins_p17,"[0,2,34,36]",30030,510510,17,41,40,0,0010000000000000000000000000000000000100,6,0.0011988011988011988,3,2,1
double_twins_p17,"[0,2,34,36]",30030,510510,17,41,40,0,0010000000000000000000100000000000000000,12,0.0023976023976023976,3,2,1
double_twins_p17,"[0,2,34,36]",30030,510510,17,41,40,0,0010000000000000000000100000000000000100,16,0.003196803196803197,4,3,1
double_twins_p17,"[0,2,34,36]",30030,510510,17,41,40,0,0010000000000000010000000000000000000000,1,0.0001998001998001998,3,2,1
double_twins_p17,"[0,2,34,36]",30030,510510,17,41,40,0,0010000000000000010000000000000000000100,16,0.003196803196803197,4,3,1
double_twins_p17,"[0,2,34,36]",30030,510510,17,41,40,0,0010000000000000010000100000000000000000,4,0.0007992007992007992,4,3,1
double_twins_p17,"[0,2,34,36]",30030,510510,17,41,40,0,0010000000000000010000100000000000000100,4,0.0007992007992007992,5,4,1
double_twins_p17,"[0,2,34,36]",30030,510510,17,41,40,1,0000000000000000000000000000000000001000,4,0.0007992007992007992,2,1,1
double_twins_p17,"[0,2,34,36]",30030,510510,17,41,40,1,0000000000000000000001000000000000000000,14,0.002797202797202797,2,1,1
double_twins_p17,"[0,2,34,36]",30030,510510,17,41,40,1,0000000000000000000001000000000000001000,1,0.0001998001998001998,3,2,1
double_twins_p17,"[0,2,34,36]",30030,510510,17,41,40,1,0000000000000000100000000000000000000000,14,0.002797202797202797,2,1,1
double_twins_p17,"[0,2,34,36]",30030,510510,17,41,40,1,0000000000000000100000000000000000001000,12,0.0023976023976023976,3,2,1
double_twins_p17,"[0,2,34,36]",30030,510510,17,41,40,1,0000000000000000100001000000000000000000,8,0.0015984015984015984,3,2,1
double_twins_p17,"[0,2,34,36]",30030,510510,17,41,40,1,0000000000000000100001000000000000001000,4,0.0007992007992007992,4,3,1
double_twins_p17,"[0,2,34,36]",30030,510510,17,41,40,1,0100000000000000000000000000000000000000,4,0.0007992007992007992,2,1,1
double_twins_p17,"[0,2,34,36]",30030,510510,17,41,40,1,0100000000000000000000000000000000001000,6,0.0011988011988011988,3,2,1
double_twins_p17,"[0,2,34,36]",30030,510510,17,41,40,1,0100000000000000000001000000000000000000,12,0.0023976023976023976,3,2,1
double_twins_p17,"[0,2,34,36]",30030,510510,17,41,40,1,0100000000000000000001000000000000001000,16,0.003196803196803197,4,3,1
double_twins_p17,"[0,2,34,36]",30030,510510,17,41,40,1,0100000000000000100000000000000000000000,1,0.0001998001998001998,3,2,1
double_twins_p17,"[0,2,34,36]",30030,510510,17,41,40,1,0100000000000000100000000000000000001000,16,0.003196803196803197,4,3,1
double_twins_p17,"[0,2,34,36]",30030,510510,17,41,40,1,0100000000000000100001000000000000000000,4,0.0007992007992007992,4,3,1
double_twins_p17,"[0,2,34,36]",30030,510510,17,41,40,1,0100000000000000100001000000000000001000,4,0.0007992007992007992,5,4,1
double_twins_p17,"[0,2,34,36]",30030,510510,17,41,40,2,0000000000000000000000000000000000010000,4,0.0007992007992007992,2,1,1
double_twins_p17,"[0,2,34,36]",30030,510510,17,41,40,2,0000000000000000000010000000000000000000,14,0.002797202797202797,2,1,1
double_twins_p17,"[0,2,34,36]",30030,510510,17,41,40,2,0000000000000000000010000000000000010000,1,0.0001998001998001998,3,2,1
double_twins_p17,"[0,2,34,36]",30030,510510,17,41,40,2,0000000000000001000000000000000000000000,14,0.002797202797202797,2,1,1
double_twins_p17,"[0,2,34,36]",30030,510510,17,41,40,2,0000000000000001000000000000000000010000,12,0.0023976023976023976,3,2,1
double_twins_p17,"[0,2,34,36]",30030,510510,17,41,40,2,0000000000000001000010000000000000000000,8,0.0015984015984015984,3,2,1
double_twins_p17,"[0,2,34,36]",30030,510510,17,41,40,2,0000000000000001000010000000000000010000,4,0.0007992007992007992,4,3,1
double_twins_p17,"[0,2,34,36]",30030,510510,17,41,40,2,1000000000000000000000000000000000000000,4,0.0007992007992007992,2,1,1
double_twins_p17,"[0,2,34,36]",30030,510510,17,41,40,2,1000000000000000000000000000000000010000,6,0.0011988011988011988,3,2,1
double_twins_p17,"[0,2,34,36]",30030,510510,17,41,40,2,1000000000000000000010000000000000000000,12,0.0023976023976023976,3,2,1
double_twins_p17,"[0,2,34,36]",30030,510510,17,41,40,2,1000000000000000000010000000000000010000,16,0.003196803196803197,4,3,1
double_twins_p17,"[0,2,34,36]",30030,510510,17,41,40,2,1000000000000001000000000000000000000000,1,0.0001998001998001998,3,2,1
double_twins_p17,"[0,2,34,36]",30030,510510,17,41,40,2,1000000000000001000000000000000000010000,16,0.003196803196803197,4,3,1
double_twins_p17,"[0,2,34,36]",30030,510510,17,41,40,2,1000000000000001000010000000000000000000,4,0.0007992007992007992,4,3,1
double_twins_p17,"[0,2,34,36]",30030,510510,17,41,40,2,1000000000000001000010000000000000010000,4,0.0007992007992007992,5,4,1
double_twins_p17,"[0,2,34,36]",30030,510510,17,41,40,3,0000000000000000000000000000000000100000,10,0.001998001998001998,2,1,1
double_twins_p17,"[0,2,34,36]",30030,510510,17,41,40,3,0000000000000000000100000000000000000000,26,0.005194805194805195,2,1,1
double_twins_p17,"[0,2,34,36]",30030,510510,17,41,40,3,0000000000000000000100000000000000100000,17,0.0033966033966033966,3,2,1
double_twins_p17,"[0,2,34,36]",30030,510510,17,41,40,3,0000000000000010000000000000000000000000,15,0.002997002997002997,2,1,1
double_twins_p17,"[0,2,34,36]",30030,510510,17,41,40,3,0000000000000010000000000000000000100000,28,0.005594405594405594,3,2,1
double_twins_p17,"[0,2,34,36]",30030,510510,17,41,40,3,0000000000000010000100000000000000000000,12,0.0023976023976023976,3,2,1
double_twins_p17,"[0,2,34,36]",30030,510510,17,41,40,3,0000000000000010000100000000000000100000,8,0.0015984015984015984,4,3,1
double_twins_p17,"[0,2,34,36]",30030,510510,17,41,40,4,0000000000000000000000000000000001000000,10,0.001998001998001998,2,1,1
double_twins_p17,"[0,2,34,36]",30030,510510,17,41,40,4,0000000000000000001000000000000000000000,26,0.005194805194805195,2,1,1
double_twins_p17,"[0,2,34,36]",30030,510510,17,41,40,4,0000000000000000001000000000000001000000,17,0.0033966033966033966,3,2,1
double_twins_p17,"[0,2,34,36]",30030,510510,17,41,40,4,0000000000000100000000000000000000000000,15,0.002997002997002997,2,1,1
double_twins_p17,"[0,2,34,36]",30030,510510,17,41,40,4,0000000000000100000000000000000001000000,28,0.005594405594405594,3,2,1
double_twins_p17,"[0,2,34,36]",30030,510510,17,41,40,4,0000000000000100001000000000000000000000,12,0.0023976023976023976,3,2,1
double_twins_p17,"[0,2,34,36]",30030,510510,17,41,40,4,0000000000000100001000000000000001000000,8,0.0015984015984015984,4,3,1
double_twins_p17,"[0,2,34,36]",30030,510510,17,41,40,5,0000000000000000000000000000000010000000,10,0.001998001998001998,2,1,1
double_twins_p17,"[0,2,34,36]",30030,510510,17,41,40,5,0000000000000000010000000000000000000000,26,0.005194805194805195,2,1,1
double_twins_p17,"[0,2,34,36]",30030,510510,17,41,40,5,0000000000000000010000000000000010000000,17,0.0033966033966033966,3,2,1
double_twins_p17,"[0,2,34,36]",30030,510510,17,41,40,5,0000000000001000000000000000000000000000,15,0.002997002997002997,2,1,1
double_twins_p17,"[0,2,34,36]",30030,510510,17,41,40,5,0000000000001000000000000000000010000000,28,0.005594405594405594,3,2,1
double_twins_p17,"[0,2,34,36]",30030,510510,17,41,40,5,0000000000001000010000000000000000000000,12,0.0023976023976023976,3,2,1
double_twins_p17,"[0,2,34,36]",30030,510510,17,41,40,5,0000000000001000010000000000000010000000,8,0.0015984015984015984,4,3,1
double_twins_p17,"[0,2,34,36]",30030,510510,17,41,40,6,0000000000000000000000000000000100000000,10,0.001998001998001998,2,1,1
double_twins_p17,"[0,2,34,36]",30030,510510,17,41,40,6,0000000000000000100000000000000000000000,26,0.005194805194805195,2,1,1
double_twins_p17,"[0,2,34,36]",30030,510510,17,41,40,6,0000000000000000100000000000000100000000,17,0.0033966033966033966,3,2,1
double_twins_p17,"[0,2,34,36]",30030,510510,17,41,40,6,0000000000010000000000000000000000000000,15,0.002997002997002997,2,1,1
double_twins_p17,"[0,2,34,36]",30030,510510,17,41,40,6,0000000000010000000000000000000100000000,28,0.005594405594405594,3,2,1
double_twins_p17,"[0,2,34,36]",30030,510510,17,41,40,6,0000000000010000100000000000000000000000,12,0.0023976023976023976,3,2,1
double_twins_p17,"[0,2,34,36]",30030,510510,17,41,40,6,0000000000010000100000000000000100000000,8,0.0015984015984015984,4,3,1
double_twins_p17,"[0,2,34,36]",30030,510510,17,41,40,7,0000000000000000000000000000001000000000,10,0.001998001998001998,2,1,1
double_twins_p17,"[0,2,34,36]",30030,510510,17,41,40,7,0000000000000001000000000000000000000000,26,0.005194805194805195,2,1,1
double_twins_p17,"[0,2,34,36]",30030,510510,17,41,40,7,0000000000000001000000000000001000000000,17,0.0033966033966033966,3,2,1
double_twins_p17,"[0,2,34,36]",30030,510510,17,41,40,7,0000000000100000000000000000000000000000,15,0.002997002997002997,2,1,1
double_twins_p17,"[0,2,34,36]",30030,510510,17,41,40,7,0000000000100000000000000000001000000000,28,0.005594405594405594,3,2,1
double_twins_p17,"[0,2,34,36]",30030,510510,17,41,40,7,0000000000100001000000000000000000000000,12,0.0023976023976023976,3,2,1
double_twins_p17,"[0,2,34,36]",30030,510510,17,41,40,7,0000000000100001000000000000001000000000,8,0.0015984015984015984,4,3,1
double_twins_p17,"[0,2,34,36]",30030,510510,17,41,40,8,0000000000000000000000000000010000000000,10,0.001998001998001998,2,1,1
double_twins_p17,"[0,2,34,36]",30030,510510,17,41,40,8,0000000000000010000000000000000000000000,26,0.005194805194805195,2,1,1
double_twins_p17,"[0,2,34,36]",30030,510510,17,41,40,8,0000000000000010000000000000010000000000,17,0.0033966033966033966,3,2,1
double_twins_p17,"[0,2,34,36]",30030,510510,17,41,40,8,0000000001000000000000000000000000000000,15,0.002997002997002997,2,1,1
double_twins_p17,"[0,2,34,36]",30030,510510,17,41,40,8,0000000001000000000000000000010000000000,28,0.005594405594405594,3,2,1
double_twins_p17,"[0,2,34,36]",30030,510510,17,41,40,8,0000000001000010000000000000000000000000,12,0.0023976023976023976,3,2,1
double_twins_p17,"[0,2,34,36]",30030,510510,17,41,40,8,0000000001000010000000000000010000000000,8,0.0015984015984015984,4,3,1
double_twins_p17,"[0,2,34,36]",30030,510510,17,41,40,9,0000000000000000000000000000100000000000,10,0.001998001998001998,2,1,1
double_twins_p17,"[0,2,34,36]",30030,510510,17,41,40,9,0000000000000100000000000000000000000000,26,0.005194805194805195,2,1,1
double_twins_p17,"[0,2,34,36]",30030,510510,17,41,40,9,0000000000000100000000000000100000000000,17,0.0033966033966033966,3,2,1
double_twins_p17,"[0,2,34,36]",30030,510510,17,41,40,9,0000000010000000000000000000000000000000,15,0.002997002997002997,2,1,1
double_twins_p17,"[0,2,34,36]",30030,510510,17,41,40,9,0000000010000000000000000000100000000000,28,0.005594405594405594,3,2,1
double_twins_p17,"[0,2,34,36]",30030,510510,17,41,40,9,0000000010000100000000000000000000000000,12,0.0023976023976023976,3,2,1
double_twins_p17,"[0,2,34,36]",30030,510510,17,41,40,9,0000000010000100000000000000100000000000,8,0.0015984015984015984,4,3,1
double_twins_p17,"[0,2,34,36]",30030,510510,17,41,40,10,0000000000000000000000000001000000000000,10,0.001998001998001998,2,1,1
double_twins_p17,"[0,2,34,36]",30030,510510,17,41,40,10,0000000000001000000000000000000000000000,26,0.005194805194805195,2,1,1
double_twins_p17,"[0,2,34,36]",30030,510510,17,41,40,10,0000000000001000000000000001000000000000,17,0.0033966033966033966,3,2,1
double_twins_p17,"[0,2,34,36]",30030,510510,17,41,40,10,0000000100000000000000000000000000000000,15,0.002997002997002997,2,1,1
double_twins_p17,"[0,2,34,36]",30030,510510,17,41,40,10,0000000100000000000000000001000000000000,28,0.005594405594405594,3,2,1
double_twins_p17,"[0,2,34,36]",30030,510510,17,41,40,10,0000000100001000000000000000000000000000,12,0.0023976023976023976,3,2,1
double_twins_p17,"[0,2,34,36]",30030,510510,17,41,40,10,0000000100001000000000000001000000000000,8,0.0015984015984015984,4,3,1
double_twins_p17,"[0,2,34,36]",30030,510510,17,41,40,11,0000000000000000000000000010000000000000,10,0.001998001998001998,2,1,1
double_twins_p17,"[0,2,34,36]",30030,510510,17,41,40,11,0000000000010000000000000000000000000000,26,0.005194805194805195,2,1,1
double_twins_p17,"[0,2,34,36]",30030,510510,17,41,40,11,0000000000010000000000000010000000000000,17,0.0033966033966033966,3,2,1
double_twins_p17,"[0,2,34,36]",30030,510510,17,41,40,11,0000001000000000000000000000000000000000,15,0.002997002997002997,2,1,1
double_twins_p17,"[0,2,34,36]",30030,510510,17,41,40,11,0000001000000000000000000010000000000000,28,0.005594405594405594,3,2,1
double_twins_p17,"[0,2,34,36]",30030,510510,17,41,40,11,0000001000010000000000000000000000000000,12,0.0023976023976023976,3,2,1
double_twins_p17,"[0,2,34,36]",30030,510510,17,41,40,11,0000001000010000000000000010000000000000,8,0.0015984015984015984,4,3,1
double_twins_p17,"[0,2,34,36]",30030,510510,17,41,40,12,0000000000000000000000000000000000000000,27,0.005394605394605395,2,1,1
double_twins_p17,"[0,2,34,36]",30030,510510,17,41,40,12,0000000000000000000000000100000000000000,10,0.001998001998001998,4,3,1
double_twins_p17,"[0,2,34,36]",30030,510510,17,41,40,12,0000000000100000000000000000000000000000,26,0.005194805194805195,4,3,1
double_twins_p17,"[0,2,34,36]",30030,510510,17,41,40,12,0000000000100000000000000100000000000000,17,0.0033966033966033966,6,5,1
double_twins_p17,"[0,2,34,36]",30030,510510,17,41,40,12,0000010000000000000000000000000000000000,15,0.002997002997002997,4,3,1
double_twins_p17,"[0,2,34,36]",30030,510510,17,41,40,12,0000010000000000000000000100000000000000,28,0.005594405594405594,6,5,1
double_twins_p17,"[0,2,34,36]",30030,510510,17,41,40,12,0000010000100000000000000000000000000000,12,0.0023976023976023976,6,5,1
double_twins_p17,"[0,2,34,36]",30030,510510,17,41,40,12,0000010000100000000000000100000000000000,8,0.0015984015984015984,8,7,1
double_twins_p17,"[0,2,34,36]",30030,510510,17,41,40,13,0000000000000000000000000000000000000001,13,0.0025974025974025974,2,1,1
double_twins_p17,"[0,2,34,36]",30030,510510,17,41,40,13,0000000000000000000000001000000000000000,8,0.0015984015984015984,2,1,1
double_twins_p17,"[0,2,34,36]",30030,510510,17,41,40,13,0000000000000000000000001000000000000001,2,0.0003996003996003996,3,2,1
double_twins_p17,"[0,2,34,36]",30030,510510,17,41,40,13,0000000001000000000000000000000000000000,23,0.004595404595404595,2,1,1
double_twins_p17,"[0,2,34,36]",30030,510510,17,41,40,13,0000000001000000000000000000000000000001,3,0.0005994005994005994,3,2,1
double_twins_p17,"[0,2,34,36]",30030,510510,17,41,40,13,0000000001000000000000001000000000000000,14,0.002797202797202797,3,2,1
double_twins_p17,"[0,2,34,36]",30030,510510,17,41,40,13,0000000001000000000000001000000000000001,3,0.0005994005994005994,4,3,1
double_twins_p17,"[0,2,34,36]",30030,510510,17,41,40,13,0000100000000000000000000000000000000000,2,0.0003996003996003996,2,1,1
double_twins_p17,"[0,2,34,36]",30030,510510,17,41,40,13,0000100000000000000000000000000000000001,13,0.0025974025974025974,3,2,1
double_twins_p17,"[0,2,34,36]",30030,510510,17,41,40,13,0000100000000000000000001000000000000000,14,0.002797202797202797,3,2,1
double_twins_p17,"[0,2,34,36]",30030,510510,17,41,40,13,0000100000000000000000001000000000000001,14,0.002797202797202797,4,3,1
double_twins_p17,"[0,2,34,36]",30030,510510,17,41,40,13,0000100001000000000000000000000000000000,3,0.0005994005994005994,3,2,1
double_twins_p17,"[0,2,34,36]",30030,510510,17,41,40,13,0000100001000000000000000000000000000001,9,0.0017982017982017982,4,3,1
double_twins_p17,"[0,2,34,36]",30030,510510,17,41,40,13,0000100001000000000000001000000000000000,2,0.0003996003996003996,4,3,1
double_twins_p17,"[0,2,34,36]",30030,510510,17,41,40,13,0000100001000000000000001000000000000001,6,0.0011988011988011988,5,4,1
double_twins_p17,"[0,2,34,36]",30030,510510,17,41,40,14,0000000000000000000000000000000000000010,13,0.0025974025974025974,2,1,1
double_twins_p17,"[0,2,34,36]",30030,510510,17,41,40,14,0000000000000000000000010000000000000000,8,0.0015984015984015984,2,1,1
double_twins_p17,"[0,2,34,36]",30030,510510,17,41,40,14,0000000000000000000000010000000000000010,2,0.0003996003996003996,3,2,1
double_twins_p17,"[0,2,34,36]",30030,510510,17,41,40,14,0000000010000000000000000000000000000000,23,0.004595404595404595,2,1,1
double_twins_p17,"[0,2,34,36]",30030,510510,17,41,40,14,0000000010000000000000000000000000000010,3,0.0005994005994005994,3,2,1
double_twins_p17,"[0,2,34,36]",30030,510510,17,41,40,14,0000000010000000000000010000000000000000,14,0.002797202797202797,3,2,1
double_twins_p17,"[0,2,34,36]",30030,510510,17,41,40,14,0000000010000000000000010000000000000010,3,0.0005994005994005994,4,3,1
double_twins_p17,"[0,2,34,36]",30030,510510,17,41,40,14,0001000000000000000000000000000000000000,2,0.0003996003996003996,2,1,1
double_twins_p17,"[0,2,34,36]",30030,510510,17,41,40,14,0001000000000000000000000000000000000010,13,0.0025974025974025974,3,2,1
double_twins_p17,"[0,2,34,36]",30030,510510,17,41,40,14,0001000000000000000000010000000000000000,14,0.002797202797202797,3,2,1
double_twins_p17,"[0,2,34,36]",30030,510510,17,41,40,14,0001000000000000000000010000000000000010,14,0.002797202797202797,4,3,1
double_twins_p17,"[0,2,34,36]",30030,510510,17,41,40,14,0001000010000000000000000000000000000000,3,0.0005994005994005994,3,2,1
double_twins_p17,"[0,2,34,36]",30030,510510,17,41,40,14,0001000010000000000000000000000000000010,9,0.0017982017982017982,4,3,1
double_twins_p17,"[0,2,34,36]",30030,510510,17,41,40,14,0001000010000000000000010000000000000000,2,0.0003996003996003996,4,3,1
double_twins_p17,"[0,2,34,36]",30030,510510,17,41,40,14,0001000010000000000000010000000000000010,6,0.0011988011988011988,5,4,1
double_twins_p17,"[0,2,34,36]",30030,510510,17,41,40,15,0000000000000000000000000000000000000100,13,0.0025974025974025974,2,1,1
double_twins_p17,"[0,2,34,36]",30030,510510,17,41,40,15,0000000000000000000000100000000000000000,8,0.0015984015984015984,2,1,1
double_twins_p17,"[0,2,34,36]",30030,510510,17,41,40,15,0000000000000000000000100000000000000100,2,0.0003996003996003996,3,2,1
double_twins_p17,"[0,2,34,36]",30030,510510,17,41,40,15,0000000100000000000000000000000000000000,23,0.004595404595404595,2,1,1
double_twins_p17,"[0,2,34,36]",30030,510510,17,41,40,15,0000000100000000000000000000000000000100,3,0.0005994005994005994,3,2,1
double_twins_p17,"[0,2,34,36]",30030,510510,17,41,40,15,0000000100000000000000100000000000000000,14,0.002797202797202797,3,2,1
double_twins_p17,"[0,2,34,36]",30030,510510,17,41,40,15,0000000100000000000000100000000000000100,3,0.0005994005994005994,4,3,1
double_twins_p17,"[0,2,34,36]",30030,510510,17,41,40,15,0010000000000000000000000000000000000000,2,0.0003996003996003996,2,1,1
double_twins_p17,"[0,2,34,36]",30030,510510,17,41,40,15,0010000000000000000000000000000000000100,13,0.0025974025974025974,3,2,1
double_twins_p17,"[0,2,34,36]",30030,510510,17,41,40,15,0010000000000000000000100000000000000000,14,0.002797202797202797,3,2,1
double_twins_p17,"[0,2,34,36]",30030,510510,17,41,40,15,0010000000000000000000100000000000000100,14,0.002797202797202797,4,3,1
double_twins_p17,"[0,2,34,36]",30030,510510,17,41,40,15,0010000100000000000000000000000000000000,3,0.0005994005994005994,3,2,1
double_twins_p17,"[0,2,34,36]",30030,510510,17,41,40,15,0010000100000000000000000000000000000100,9,0.0017982017982017982,4,3,1
double_twins_p17,"[0,2,34,36]",30030,510510,17,41,40,15,0010000100000000000000100000000000000000,2,0.0003996003996003996,4,3,1
double_twins_p17,"[0,2,34,36]",30030,510510,17,41,40,15,0010000100000000000000100000000000000100,6,0.0011988011988011988,5,4,1
double_twins_p17,"[0,2,34,36]",30030,510510,17,41,40,16,0000000000000000000000000000000000001000,13,0.0025974025974025974,2,1,1
double_twins_p17,"[0,2,34,36]",30030,510510,17,41,40,16,0000000000000000000001000000000000000000,8,0.0015984015984015984,2,1,1
double_twins_p17,"[0,2,34,36]",30030,510510,17,41,40,16,0000000000000000000001000000000000001000,2,0.0003996003996003996,3,2,1
double_twins_p17,"[0,2,34,36]",30030,510510,17,41,40,16,0000001000000000000000000000000000000000,23,0.004595404595404595,2,1,1
double_twins_p17,"[0,2,34,36]",30030,510510,17,41,40,16,0000001000000000000000000000000000001000,3,0.0005994005994005994,3,2,1
double_twins_p17,"[0,2,34,36]",30030,510510,17,41,40,16,0000001000000000000001000000000000000000,14,0.002797202797202797,3,2,1
double_twins_p17,"[0,2,34,36]",30030,510510,17,41,40,16,0000001000000000000001000000000000001000,3,0.0005994005994005994,4,3,1
double_twins_p17,"[0,2,34,36]",30030,510510,17,41,40,16,0100000000000000000000000000000000000000,2,0.0003996003996003996,2,1,1
double_twins_p17,"[0,2,34,36]",30030,510510,17,41,40,16,0100000000000000000000000000000000001000,13,0.0025974025974025974,3,2,1
double_twins_p17,"[0,2,34,36]",30030,510510,17,41,40,16,0100000000000000000001000000000000000000,14,0.002797202797202797,3,2,1
double_twins_p17,"[0,2,34,36]",30030,510510,17,41,40,16,0100000000000000000001000000000000001000,14,0.002797202797202797,4,3,1
double_twins_p17,"[0,2,34,36]",30030,510510,17,41,40,16,0100001000000000000000000000000000000000,3,0.0005994005994005994,3,2,1
double_twins_p17,"[0,2,34,36]",30030,510510,17,41,40,16,0100001000000000000000000000000000001000,9,0.0017982017982017982,4,3,1
double_twins_p17,"[0,2,34,36]",30030,510510,17,41,40,16,0100001000000000000001000000000000000000,2,0.0003996003996003996,4,3,1
double_twins_p17,"[0,2,34,36]",30030,510510,17,41,40,16,0100001000000000000001000000000000001000,6,0.0011988011988011988,5,4,1
double_twins_p17,"[0,2,34,36]",30030,510510,17,41,40,17,0000000000000000000000000000000000000000,14,0.002797202797202797,2,1,1
double_twins_p17,"[0,2,34,36]",30030,510510,17,41,40,17,0000000000000000000000000000000000010000,13,0.0025974025974025974,4,3,1
double_twins_p17,"[0,2,34,36]",30030,510510,17,41,40,17,0000000000000000000010000000000000000000,8,0.0015984015984015984,4,3,1
double_twins_p17,"[0,2,34,36]",30030,510510,17,41,40,17,0000000000000000000010000000000000010000,2,0.0003996003996003996,3,2,1
double_twins_p17,"[0,2,34,36]",30030,510510,17,41,40,17,0000010000000000000000000000000000000000,23,0.004595404595404595,4,3,1
double_twins_p17,"[0,2,34,36]",30030,510510,17,41,40,17,0000010000000000000000000000000000010000,3,0.0005994005994005994,4,3,1
double_twins_p17,"[0,2,34,36]",30030,510510,17,41,40,17,0000010000000000000010000000000000000000,14,0.002797202797202797,6,5,1
double_twins_p17,"[0,2,34,36]",30030,510510,17,41,40,17,0000010000000000000010000000000000010000,3,0.0005994005994005994,4,3,1
double_twins_p17,"[0,2,34,36]",30030,510510,17,41,40,17,1000000000000000000000000000000000000000,2,0.0003996003996003996,2,1,1
double_twins_p17,"[0,2,34,36]",30030,510510,17,41,40,17,1000000000000000000000000000000000010000,13,0.0025974025974025974,6,5,1
double_twins_p17,"[0,2,34,36]",30030,510510,17,41,40,17,1000000000000000000010000000000000000000,14,0.002797202797202797,6,5,1
double_twins_p17,"[0,2,34,36]",30030,510510,17,41,40,17,1000000000000000000010000000000000010000,14,0.002797202797202797,8,7,1
double_twins_p17,"[0,2,34,36]",30030,510510,17,41,40,17,1000010000000000000000000000000000000000,3,0.0005994005994005994,6,5,1
double_twins_p17,"[0,2,34,36]",30030,510510,17,41,40,17,1000010000000000000000000000000000010000,9,0.0017982017982017982,8,7,1
double_twins_p17,"[0,2,34,36]",30030,510510,17,41,40,17,1000010000000000000010000000000000000000,2,0.0003996003996003996,6,5,1
double_twins_p17,"[0,2,34,36]",30030,510510,17,41,40,17,1000010000000000000010000000000000010000,6,0.0011988011988011988,7,6,1
double_twins_p17,"[0,2,34,36]",30030,510510,17,41,40,18,0000000000000000000000000000000000000001,2,0.0003996003996003996,2,1,1
double_twins_p17,"[0,2,34,36]",30030,510510,17,41,40,18,0000000000000000000000000000000000100000,23,0.004595404595404595,2,1,1
double_twins_p17,"[0,2,34,36]",30030,510510,17,41,40,18,0000000000000000000000000000000000100001,3,0.0005994005994005994,3,2,1
double_twins_p17,"[0,2,34,36]",30030,510510,17,41,40,18,0000000000000000000100000000000000000000,8,0.0015984015984015984,2,1,1
double_twins_p17,"[0,2,34,36]",30030,510510,17,41,40,18,0000000000000000000100000000000000000001,14,0.002797202797202797,3,2,1
double_twins_p17,"[0,2,34,36]",30030,510510,17,41,40,18,0000000000000000000100000000000000100000,14,0.002797202797202797,3,2,1
double_twins_p17,"[0,2,34,36]",30030,510510,17,41,40,18,0000000000000000000100000000000000100001,2,0.0003996003996003996,4,3,1
double_twins_p17,"[0,2,34,36]",30030,510510,17,41,40,18,0000100000000000000000000000000000000000,13,0.0025974025974025974,2,1,1
double_twins_p17,"[0,2,34,36]",30030,510510,17,41,40,18,0000100000000000000000000000000000000001,13,0.0025974025974025974,3,2,1
double_twins_p17,"[0,2,34,36]",30030,510510,17,41,40,18,0000100000000000000000000000000000100000,3,0.0005994005994005994,3,2,1
double_twins_p17,"[0,2,34,36]",30030,510510,17,41,40,18,0000100000000000000000000000000000100001,9,0.0017982017982017982,4,3,1
double_twins_p17,"[0,2,34,36]",30030,510510,17,41,40,18,0000100000000000000100000000000000000000,2,0.0003996003996003996,3,2,1
double_twins_p17,"[0,2,34,36]",30030,510510,17,41,40,18,0000100000000000000100000000000000000001,14,0.002797202797202797,4,3,1
double_twins_p17,"[0,2,34,36]",30030,510510,17,41,40,18,0000100000000000000100000000000000100000,3,0.0005994005994005994,4,3,1
double_twins_p17,"[0,2,34,36]",30030,510510,17,41,40,18,0000100000000000000100000000000000100001,6,0.0011988011988011988,5,4,1
double_twins_p17,"[0,2,34,36]",30030,510510,17,41,40,19,0000000000000000000000000000000000000010,2,0.0003996003996003996,2,1,1
double_twins_p17,"[0,2,34,36]",30030,510510,17,41,40,19,0000000000000000000000000000000001000000,23,0.004595404595404595,2,1,1
double_twins_p17,"[0,2,34,36]",30030,510510,17,41,40,19,0000000000000000000000000000000001000010,3,0.0005994005994005994,3,2,1
double_twins_p17,"[0,2,34,36]",30030,510510,17,41,40,19,0000000000000000001000000000000000000000,8,0.0015984015984015984,2,1,1
double_twins_p17,"[0,2,34,36]",30030,510510,17,41,40,19,0000000000000000001000000000000000000010,14,0.002797202797202797,3,2,1
double_twins_p17,"[0,2,34,36]",30030,510510,17,41,40,19,0000000000000000001000000000000001000000,14,0.002797202797202797,3,2,1
double_twins_p17,"[0,2,34,36]",30030,510510,17,41,40,19,0000000000000000001000000000000001000010,2,0.0003996003996003996,4,3,1
double_twins_p17,"[0,2,34,36]",30030,510510,17,41,40,19,0001000000000000000000000000000000000000,13,0.0025974025974025974,2,1,1
double_twins_p17,"[0,2,34,36]",30030,510510,17,41,40,19,0001000000000000000000000000000000000010,13,0.0025974025974025974,3,2,1
double_twins_p17,"[0,2,34,36]",30030,510510,17,41,40,19,0001000000000000000000000000000001000000,3,0.0005994005994005994,3,2,1
double_twins_p17,"[0,2,34,36]",30030,510510,17,41,40,19,0001000000000000000000000000000001000010,9,0.0017982017982017982,4,3,1
double_twins_p17,"[0,2,34,36]",30030,510510,17,41,40,19,0001000000000000001000000000000000000000,2,0.0003996003996003996,3,2,1
double_twins_p17,"[0,2,34,36]",30030,510510,17,41,40,19,0001000000000000001000000000000000000010,14,0.002797202797202797,4,3,1
double_twins_p17,"[0,2,34,36]",30030,510510,17,41,40,19,0001000000000000001000000000000001000000,3,0.0005994005994005994,4,3,1
double_twins_p17,"[0,2,34,36]",30030,510510,17,41,40,19,0001000000000000001000000000000001000010,6,0.0011988011988011988,5,4,1
double_twins_p17,"[0,2,34,36]",30030,510510,17,41,40,20,0000000000000000000000000000000000000100,2,0.0003996003996003996,2,1,1
double_twins_p17,"[0,2,34,36]",30030,510510,17,41,40,20,0000000000000000000000000000000010000000,23,0.004595404595404595,2,1,1
double_twins_p17,"[0,2,34,36]",30030,510510,17,41,40,20,0000000000000000000000000000000010000100,3,0.0005994005994005994,3,2,1
double_twins_p17,"[0,2,34,36]",30030,510510,17,41,40,20,0000000000000000010000000000000000000000,8,0.0015984015984015984,2,1,1
double_twins_p17,"[0,2,34,36]",30030,510510,17,41,40,20,0000000000000000010000000000000000000100,14,0.002797202797202797,3,2,1
double_twins_p17,"[0,2,34,36]",30030,510510,17,41,40,20,0000000000000000010000000000000010000000,14,0.002797202797202797,3,2,1
double_twins_p17,"[0,2,34,36]",30030,510510,17,41,40,20,0000000000000000010000000000000010000100,2,0.0003996003996003996,4,3,1
double_twins_p17,"[0,2,34,36]",30030,510510,17,41,40,20,0010000000000000000000000000000000000000,13,0.0025974025974025974,2,1,1
double_twins_p17,"[0,2,34,36]",30030,510510,17,41,40,20,0010000000000000000000000000000000000100,13,0.0025974025974025974,3,2,1
double_twins_p17,"[0,2,34,36]",30030,510510,17,41,40,20,0010000000000000000000000000000010000000,3,0.0005994005994005994,3,2,1
double_twins_p17,"[0,2,34,36]",30030,510510,17,41,40,20,0010000000000000000000000000000010000100,9,0.0017982017982017982,4,3,1
double_twins_p17,"[0,2,34,36]",30030,510510,17,41,40,20,0010000000000000010000000000000000000000,2,0.0003996003996003996,3,2,1
double_twins_p17,"[0,2,34,36]",30030,510510,17,41,40,20,0010000000000000010000000000000000000100,14,0.002797202797202797,4,3,1
double_twins_p17,"[0,2,34,36]",30030,510510,17,41,40,20,0010000000000000010000000000000010000000,3,0.0005994005994005994,4,3,1
double_twins_p17,"[0,2,34,36]",30030,510510,17,41,40,20,0010000000000000010000000000000010000100,6,0.0011988011988011988,5,4,1
double_twins_p17,"[0,2,34,36]",30030,510510,17,41,40,21,0000000000000000000000000000000000001000,2,0.0003996003996003996,2,1,1
double_twins_p17,"[0,2,34,36]",30030,510510,17,41,40,21,0000000000000000000000000000000100000000,23,0.004595404595404595,2,1,1
double_twins_p17,"[0,2,34,36]",30030,510510,17,41,40,21,0000000000000000000000000000000100001000,3,0.0005994005994005994,3,2,1
double_twins_p17,"[0,2,34,36]",30030,510510,17,41,40,21,0000000000000000100000000000000000000000,8,0.0015984015984015984,2,1,1
double_twins_p17,"[0,2,34,36]",30030,510510,17,41,40,21,0000000000000000100000000000000000001000,14,0.002797202797202797,3,2,1
double_twins_p17,"[0,2,34,36]",30030,510510,17,41,40,21,0000000000000000100000000000000100000000,14,0.002797202797202797,3,2,1
double_twins_p17,"[0,2,34,36]",30030,510510,17,41,40,21,0000000000000000100000000000000100001000,2,0.0003996003996003996,4,3,1
double_twins_p17,"[0,2,34,36]",30030,510510,17,41,40,21,0100000000000000000000000000000000000000,13,0.0025974025974025974,2,1,1
double_twins_p17,"[0,2,34,36]",30030,510510,17,41,40,21,0100000000000000000000000000000000001000,13,0.0025974025974025974,3,2,1
double_twins_p17,"[0,2,34,36]",30030,510510,17,41,40,21,0100000000000000000000000000000100000000,3,0.0005994005994005994,3,2,1
double_twins_p17,"[0,2,34,36]",30030,510510,17,41,40,21,0100000000000000000000000000000100001000,9,0.0017982017982017982,4,3,1
double_twins_p17,"[0,2,34,36]",30030,510510,17,41,40,21,0100000000000000100000000000000000000000,2,0.0003996003996003996,3,2,1
double_twins_p17,"[0,2,34,36]",30030,510510,17,41,40,21,0100000000000000100000000000000000001000,14,0.002797202797202797,4,3,1
double_twins_p17,"[0,2,34,36]",30030,510510,17,41,40,21,0100000000000000100000000000000100000000,3,0.0005994005994005994,4,3,1
double_twins_p17,"[0,2,34,36]",30030,510510,17,41,40,21,0100000000000000100000000000000100001000,6,0.0011988011988011988,5,4,1
double_twins_p17,"[0,2,34,36]",30030,510510,17,41,40,22,0000000000000000000000000000000000010000,2,0.0003996003996003996,2,1,1
double_twins_p17,"[0,2,34,36]",30030,510510,17,41,40,22,0000000000000000000000000000001000000000,23,0.004595404595404595,2,1,1
double_twins_p17,"[0,2,34,36]",30030,510510,17,41,40,22,0000000000000000000000000000001000010000,3,0.0005994005994005994,3,2,1
double_twins_p17,"[0,2,34,36]",30030,510510,17,41,40,22,0000000000000001000000000000000000000000,8,0.0015984015984015984,2,1,1
double_twins_p17,"[0,2,34,36]",30030,510510,17,41,40,22,0000000000000001000000000000000000010000,14,0.002797202797202797,3,2,1
double_twins_p17,"[0,2,34,36]",30030,510510,17,41,40,22,0000000000000001000000000000001000000000,14,0.002797202797202797,3,2,1
double_twins_p17,"[0,2,34,36]",30030,510510,17,41,40,22,0000000000000001000000000000001000010000,2,0.0003996003996003996,4,3,1
double_twins_p17,"[0,2,34,36]",30030,510510,17,41,40,22,1000000000000000000000000000000000000000,13,0.0025974025974025974,2,1,1
double_twins_p17,"[0,2,34,36]",30030,510510,17,41,40,22,1000000000000000000000000000000000010000,13,0.0025974025974025974,3,2,1
double_twins_p17,"[0,2,34,36]",30030,510510,17,41,40,22,1000000000000000000000000000001000000000,3,0.0005994005994005994,3,2,1
double_twins_p17,"[0,2,34,36]",30030,510510,17,41,40,22,1000000000000000000000000000001000010000,9,0.0017982017982017982,4,3,1
double_twins_p17,"[0,2,34,36]",30030,510510,17,41,40,22,1000000000000001000000000000000000000000,2,0.0003996003996003996,3,2,1
double_twins_p17,"[0,2,34,36]",30030,510510,17,41,40,22,1000000000000001000000000000000000010000,14,0.002797202797202797,4,3,1
double_twins_p17,"[0,2,34,36]",30030,510510,17,41,40,22,1000000000000001000000000000001000000000,3,0.0005994005994005994,4,3,1
double_twins_p17,"[0,2,34,36]",30030,510510,17,41,40,22,1000000000000001000000000000001000010000,6,0.0011988011988011988,5,4,1
double_twins_p17,"[0,2,34,36]",30030,510510,17,41,40,23,0000000000000000000000000000000000100000,15,0.002997002997002997,2,1,1
double_twins_p17,"[0,2,34,36]",30030,510510,17,41,40,23,0000000000000000000000000000010000000000,26,0.005194805194805195,2,1,1
double_twins_p17,"[0,2,34,36]",30030,510510,17,41,40,23,0000000000000000000000000000010000100000,12,0.0023976023976023976,3,2,1
double_twins_p17,"[0,2,34,36]",30030,510510,17,41,40,23,0000000000000010000000000000000000000000,10,0.001998001998001998,2,1,1
double_twins_p17,"[0,2,34,36]",30030,510510,17,41,40,23,0000000000000010000000000000000000100000,28,0.005594405594405594,3,2,1
double_twins_p17,"[0,2,34,36]",30030,510510,17,41,40,23,0000000000000010000000000000010000000000,17,0.0033966033966033966,3,2,1
double_twins_p17,"[0,2,34,36]",30030,510510,17,41,40,23,0000000000000010000000000000010000100000,8,0.0015984015984015984,4,3,1
double_twins_p17,"[0,2,34,36]",30030,510510,17,41,40,24,0000000000000000000000000000000001000000,15,0.002997002997002997,2,1,1
double_twins_p17,"[0,2,34,36]",30030,510510,17,41,40,24,0000000000000000000000000000100000000000,26,0.005194805194805195,2,1,1
double_twins_p17,"[0,2,34,36]",30030,510510,17,41,40,24,0000000000000000000000000000100001000000,12,0.0023976023976023976,3,2,1
double_twins_p17,"[0,2,34,36]",30030,510510,17,41,40,24,0000000000000100000000000000000000000000,10,0.001998001998001998,2,1,1
double_twins_p17,"[0,2,34,36]",30030,510510,17,41,40,24,0000000000000100000000000000000001000000,28,0.005594405594405594,3,2,1
double_twins_p17,"[0,2,34,36]",30030,510510,17,41,40,24,0000000000000100000000000000100000000000,17,0.0033966033966033966,3,2,1
double_twins_p17,"[0,2,34,36]",30030,510510,17,41,40,24,0000000000000100000000000000100001000000,8,0.0015984015984015984,4,3,1
double_twins_p17,"[0,2,34,36]",30030,510510,17,41,40,25,0000000000000000000000000000000010000000,15,0.002997002997002997,2,1,1
double_twins_p17,"[0,2,34,36]",30030,510510,17,41,40,25,0000000000000000000000000001000000000000,26,0.005194805194805195,2,1,1
double_twins_p17,"[0,2,34,36]",30030,510510,17,41,40,25,0000000000000000000000000001000010000000,12,0.0023976023976023976,3,2,1
double_twins_p17,"[0,2,34,36]",30030,510510,17,41,40,25,0000000000001000000000000000000000000000,10,0.001998001998001998,2,1,1
double_twins_p17,"[0,2,34,36]",30030,510510,17,41,40,25,0000000000001000000000000000000010000000,28,0.005594405594405594,3,2,1
double_twins_p17,"[0,2,34,36]",30030,510510,17,41,40,25,0000000000001000000000000001000000000000,17,0.0033966033966033966,3,2,1
double_twins_p17,"[0,2,34,36]",30030,510510,17,41,40,25,0000000000001000000000000001000010000000,8,0.0015984015984015984,4,3,1
double_twins_p17,"[0,2,34,36]",30030,510510,17,41,40,26,0000000000000000000000000000000100000000,15,0.002997002997002997,2,1,1
double_twins_p17,"[0,2,34,36]",30030,510510,17,41,40,26,0000000000000000000000000010000000000000,26,0.005194805194805195,2,1,1
double_twins_p17,"[0,2,34,36]",30030,510510,17,41,40,26,0000000000000000000000000010000100000000,12,0.0023976023976023976,3,2,1
double_twins_p17,"[0,2,34,36]",30030,510510,17,41,40,26,0000000000010000000000000000000000000000,10,0.001998001998001998,2,1,1
double_twins_p17,"[0,2,34,36]",30030,510510,17,41,40,26,0000000000010000000000000000000100000000,28,0.005594405594405594,3,2,1
double_twins_p17,"[0,2,34,36]",30030,510510,17,41,40,26,0000000000010000000000000010000000000000,17,0.0033966033966033966,3,2,1
double_twins_p17,"[0,2,34,36]",30030,510510,17,41,40,26,0000000000010000000000000010000100000000,8,0.0015984015984015984,4,3,1
double_twins_p17,"[0,2,34,36]",30030,510510,17,41,40,27,0000000000000000000000000000001000000000,15,0.002997002997002997,2,1,1
double_twins_p17,"[0,2,34,36]",30030,510510,17,41,40,27,0000000000000000000000000100000000000000,26,0.005194805194805195,2,1,1
double_twins_p17,"[0,2,34,36]",30030,510510,17,41,40,27,0000000000000000000000000100001000000000,12,0.0023976023976023976,3,2,1
double_twins_p17,"[0,2,34,36]",30030,510510,17,41,40,27,0000000000100000000000000000000000000000,10,0.001998001998001998,2,1,1
double_twins_p17,"[0,2,34,36]",30030,510510,17,41,40,27,0000000000100000000000000000001000000000,28,0.005594405594405594,3,2,1
double_twins_p17,"[0,2,34,36]",30030,510510,17,41,40,27,0000000000100000000000000100000000000000,17,0.0033966033966033966,3,2,1
double_twins_p17,"[0,2,34,36]",30030,510510,17,41,40,27,0000000000100000000000000100001000000000,8,0.0015984015984015984,4,3,1
double_twins_p17,"[0,2,34,36]",30030,510510,17,41,40,28,0000000000000000000000000000010000000000,15,0.002997002997002997,2,1,1
double_twins_p17,"[0,2,34,36]",30030,510510,17,41,40,28,0000000000000000000000001000000000000000,26,0.005194805194805195,2,1,1
double_twins_p17,"[0,2,34,36]",30030,510510,17,41,40,28,0000000000000000000000001000010000000000,12,0.0023976023976023976,3,2,1
double_twins_p17,"[0,2,34,36]",30030,510510,17,41,40,28,0000000001000000000000000000000000000000,10,0.001998001998001998,2,1,1
double_twins_p17,"[0,2,34,36]",30030,510510,17,41,40,28,0000000001000000000000000000010000000000,28,0.005594405594405594,3,2,1
double_twins_p17,"[0,2,34,36]",30030,510510,17,41,40,28,0000000001000000000000001000000000000000,17,0.0033966033966033966,3,2,1
double_twins_p17,"[0,2,34,36]",30030,510510,17,41,40,28,0000000001000000000000001000010000000000,8,0.0015984015984015984,4,3,1
double_twins_p17,"[0,2,34,36]",30030,510510,17,41,40,29,0000000000000000000000000000100000000000,15,0.002997002997002997,2,1,1
double_twins_p17,"[0,2,34,36]",30030,510510,17,41,40,29,0000000000000000000000010000000000000000,26,0.005194805194805195,2,1,1
double_twins_p17,"[0,2,34,36]",30030,510510,17,41,40,29,0000000000000000000000010000100000000000,12,0.0023976023976023976,3,2,1
double_twins_p17,"[0,2,34,36]",30030,510510,17,41,40,29,0000000010000000000000000000000000000000,10,0.001998001998001998,2,1,1
double_twins_p17,"[0,2,34,36]",30030,510510,17,41,40,29,0000000010000000000000000000100000000000,28,0.005594405594405594,3,2,1
double_twins_p17,"[0,2,34,36]",30030,510510,17,41,40,29,0000000010000000000000010000000000000000,17,0.0033966033966033966,3,2,1
double_twins_p17,"[0,2,34,36]",30030,510510,17,41,40,29,0000000010000000000000010000100000000000,8,0.0015984015984015984,4,3,1
double_twins_p17,"[0,2,34,36]",30030,510510,17,41,40,30,0000000000000000000000000001000000000000,15,0.002997002997002997,2,1,1
double_twins_p17,"[0,2,34,36]",30030,510510,17,41,40,30,0000000000000000000000100000000000000000,26,0.005194805194805195,2,1,1
double_twins_p17,"[0,2,34,36]",30030,510510,17,41,40,30,0000000000000000000000100001000000000000,12,0.0023976023976023976,3,2,1
double_twins_p17,"[0,2,34,36]",30030,510510,17,41,40,30,0000000100000000000000000000000000000000,10,0.001998001998001998,2,1,1
double_twins_p17,"[0,2,34,36]",30030,510510,17,41,40,30,0000000100000000000000000001000000000000,28,0.005594405594405594,3,2,1
double_twins_p17,"[0,2,34,36]",30030,510510,17,41,40,30,0000000100000000000000100000000000000000,17,0.0033966033966033966,3,2,1
double_twins_p17,"[0,2,34,36]",30030,510510,17,41,40,30,0000000100000000000000100001000000000000,8,0.0015984015984015984,4,3,1
double_twins_p17,"[0,2,34,36]",30030,510510,17,41,40,31,0000000000000000000000000010000000000000,15,0.002997002997002997,2,1,1
double_twins_p17,"[0,2,34,36]",30030,510510,17,41,40,31,0000000000000000000001000000000000000000,26,0.005194805194805195,2,1,1
double_twins_p17,"[0,2,34,36]",30030,510510,17,41,40,31,0000000000000000000001000010000000000000,12,0.0023976023976023976,3,2,1
double_twins_p17,"[0,2,34,36]",30030,510510,17,41,40,31,0000001000000000000000000000000000000000,10,0.001998001998001998,2,1,1
double_twins_p17,"[0,2,34,36]",30030,510510,17,41,40,31,0000001000000000000000000010000000000000,28,0.005594405594405594,3,2,1
double_twins_p17,"[0,2,34,36]",30030,510510,17,41,40,31,0000001000000000000001000000000000000000,17,0.0033966033966033966,3,2,1
double_twins_p17,"[0,2,34,36]",30030,510510,17,41,40,31,0000001000000000000001000010000000000000,8,0.0015984015984015984,4,3,1
double_twins_p17,"[0,2,34,36]",30030,510510,17,41,40,32,0000000000000000000000000000000000000000,27,0.005394605394605395,2,1,1
double_twins_p17,"[0,2,34,36]",30030,510510,17,41,40,32,0000000000000000000000000100000000000000,15,0.002997002997002997,4,3,1
double_twins_p17,"[0,2,34,36]",30030,510510,17,41,40,32,0000000000000000000010000000000000000000,26,0.005194805194805195,4,3,1
double_twins_p17,"[0,2,34,36]",30030,510510,17,41,40,32,0000000000000000000010000100000000000000,12,0.0023976023976023976,6,5,1
double_twins_p17,"[0,2,34,36]",30030,510510,17,41,40,32,0000010000000000000000000000000000000000,10,0.001998001998001998,4,3,1
double_twins_p17,"[0,2,34,36]",30030,510510,17,41,40,32,0000010000000000000000000100000000000000,28,0.005594405594405594,6,5,1
double_twins_p17,"[0,2,34,36]",30030,510510,17,41,40,32,0000010000000000000010000000000000000000,17,0.0033966033966033966,6,5,1
double_twins_p17,"[0,2,34,36]",30030,510510,17,41,40,32,0000010000000000000010000100000000000000,8,0.0015984015984015984,8,7,1
double_twins_p17,"[0,2,34,36]",30030,510510,17,41,40,33,0000000000000000000000000000000000000001,4,0.0007992007992007992,2,1,1
double_twins_p17,"[0,2,34,36]",30030,510510,17,41,40,33,0000000000000000000000001000000000000000,14,0.002797202797202797,2,1,1
double_twins_p17,"[0,2,34,36]",30030,510510,17,41,40,33,0000000000000000000000001000000000000001,1,0.0001998001998001998,3,2,1
double_twins_p17,"[0,2,34,36]",30030,510510,17,41,40,33,0000000000000000000100000000000000000000,14,0.002797202797202797,2,1,1
double_twins_p17,"[0,2,34,36]",30030,510510,17,41,40,33,0000000000000000000100000000000000000001,12,0.0023976023976023976,3,2,1
double_twins_p17,"[0,2,34,36]",30030,510510,17,41,40,33,0000000000000000000100001000000000000000,8,0.0015984015984015984,3,2,1
double_twins_p17,"[0,2,34,36]",30030,510510,17,41,40,33,0000000000000000000100001000000000000001,4,0.0007992007992007992,4,3,1
double_twins_p17,"[0,2,34,36]",30030,510510,17,41,40,33,0000100000000000000000000000000000000000,4,0.0007992007992007992,2,1,1
double_twins_p17,"[0,2,34,36]",30030,510510,17,41,40,33,0000100000000000000000000000000000000001,6,0.0011988011988011988,3,2,1
double_twins_p17,"[0,2,34,36]",30030,510510,17,41,40,33,0000100000000000000000001000000000000000,12,0.0023976023976023976,3,2,1
double_twins_p17,"[0,2,34,36]",30030,510510,17,41,40,33,0000100000000000000000001000000000000001,16,0.003196803196803197,4,3,1
double_twins_p17,"[0,2,34,36]",30030,510510,17,41,40,33,0000100000000000000100000000000000000000,1,0.0001998001998001998,3,2,1
double_twins_p17,"[0,2,34,36]",30030,510510,17,41,40,33,0000100000000000000100000000000000000001,16,0.003196803196803197,4,3,1
double_twins_p17,"[0,2,34,36]",30030,510510,17,41,40,33,0000100000000000000100001000000000000000,4,0.0007992007992007992,4,3,1
double_twins_p17,"[0,2,34,36]",30030,510510,17,41,40,33,0000100000000000000100001000000000000001,4,0.0007992007992007992,5,4,1
double_twins_p17,"[0,2,34,36]",30030,510510,17,41,40,34,0000000000000000000000000000000000000010,4,0.0007992007992007992,2,1,1
double_twins_p17,"[0,2,34,36]",30030,510510,17,41,40,34,0000000000000000000000010000000000000000,14,0.002797202797202797,2,1,1
double_twins_p17,"[0,2,34,36]",30030,510510,17,41,40,34,0000000000000000000000010000000000000010,1,0.0001998001998001998,3,2,1
double_twins_p17,"[0,2,34,36]",30030,510510,17,41,40,34,0000000000000000001000000000000000000000,14,0.002797202797202797,2,1,1
double_twins_p17,"[0,2,34,36]",30030,510510,17,41,40,34,0000000000000000001000000000000000000010,12,0.0023976023976023976,3,2,1
double_twins_p17,"[0,2,34,36]",30030,510510,17,41,40,34,0000000000000000001000010000000000000000,8,0.0015984015984015984,3,2,1
double_twins_p17,"[0,2,34,36]",30030,510510,17,41,40,34,0000000000000000001000010000000000000010,4,0.0007992007992007992,4,3,1
double_twins_p17,"[0,2,34,36]",30030,510510,17,41,40,34,0001000000000000000000000000000000000000,4,0.0007992007992007992,2,1,1
double_twins_p17,"[0,2,34,36]",30030,510510,17,41,40,34,0001000000000000000000000000000000000010,6,0.0011988011988011988,3,2,1
double_twins_p17,"[0,2,34,36]",30030,510510,17,41,40,34,0001000000000000000000010000000000000000,12,0.0023976023976023976,3,2,1
double_twins_p17,"[0,2,34,36]",30030,510510,17,41,40,34,0001000000000000000000010000000000000010,16,0.003196803196803197,4,3,1
double_twins_p17,"[0,2,34,36]",30030,510510,17,41,40,34,0001000000000000001000000000000000000000,1,0.0001998001998001998,3,2,1
double_twins_p17,"[0,2,34,36]",30030,510510,17,41,40,34,0001000000000000001000000000000000000010,16,0.003196803196803197,4,3,1
double_twins_p17,"[0,2,34,36]",30030,510510,17,41,40,34,0001000000000000001000010000000000000000,4,0.0007992007992007992,4,3,1
double_twins_p17,"[0,2,34,36]",30030,510510,17,41,40,34,0001000000000000001000010000000000000010,4,0.0007992007992007992,5,4,1
double_twins_p19,"[0,2,38,40]",510510,9699690,19,34,33,0,000000000000000010000000000000000,110,0.001292824822236587,2,1,1
double_twins_p19,"[0,2,38,40]",510510,9699690,19,34,33,0,000000000001000000000000000000000,179,0.0021037785743668095,2,1,1
double_twins_p19,"[0,2,38,40]",510510,9699690,19,34,33,0,000000000001000010000000000000000,102,0.0011988011988011988,3,2,1
double_twins_p19,"[0,2,38,40]",510510,9699690,19,34,33,0,000000000100000000000000000000000,189,0.002221308103661045,2,1,1
double_twins_p19,"[0,2,38,40]",510510,9699690,19,34,33,0,000000000100000010000000000000000,140,0.0016454134101192926,3,2,1
double_twins_p19,"[0,2,38,40]",510510,9699690,19,34,33,0,000000000101000000000000000000000,67,0.0007874478462713757,3,2,1
double_twins_p19,"[0,2,38,40]",510510,9699690,19,34,33,0,000000000101000010000000000000000,51,0.0005994005994005994,4,3,1
double_twins_p19,"[0,2,38,40]",510510,9699690,19,34,33,0,000000100000000000000000000000000,221,0.0025974025974025974,2,1,1
double_twins_p19,"[0,2,38,40]",510510,9699690,19,34,33,0,000000100000000010000000000000000,108,0.00126931891637774,3,2,1
double_twins_p19,"[0,2,38,40]",510510,9699690,19,34,33,0,000000100001000000000000000000000,114,0.001339836633954281,3,2,1
double_twins_p19,"[0,2,38,40]",510510,9699690,19,34,33,0,000000100001000010000000000000000,8,9.402362343538814e-05,4,3,1
double_twins_p19,"[0,2,38,40]",510510,9699690,19,34,33,0,000000100100000000000000000000000,104,0.0012223071046600458,3,2,1
double_twins_p19,"[0,2,38,40]",510510,9699690,19,34,33,0,000000100100000010000000000000000,20,0.00023505905858847037,4,3,1
double_twins_p19,"[0,2,38,40]",510510,9699690,19,34,33,0,000000100101000000000000000000000,23,0.00027031791737674093,4,3,1
double_twins_p19,"[0,2,38,40]",510510,9699690,19,34,33,0,000000100101000010000000000000000,5,5.876476464711759e-05,5,4,1
double_twins_p19,"[0,2,38,40]",510510,9699690,19,34,33,0,000010000000000000000000000000000,165,0.0019392372333548805,2,1,1
double_twins_p19,"[0,2,38,40]",510510,9699690,19,34,33,0,000010000000000010000000000000000,116,0.001363342539813128,3,2,1
double_twins_p19,"[0,2,38,40]",510510,9699690,19,34,33,0,000010000001000000000000000000000,104,0.0012223071046600458,3,2,1
double_twins_p19,"[0,2,38,40]",510510,9699690,19,34,33,0,000010000001000010000000000000000,26,0.00030557677616501144,4,3,1
double_twins_p19,"[0,2,38,40]",510510,9699690,19,34,33,0,000010000100000000000000000000000,87,0.001022506904859846,3,2,1
double_twins_p19,"[0,2,38,40]",510510,9699690,19,34,33,0,000010000100000010000000000000000,35,0.00041135335252982314,4,3,1
double_twins_p19,"[0,2,38,40]",510510,9699690,19,34,33,0,000010000101000000000000000000000,56,0.0006581653640477169,4,3,1
double_twins_p19,"[0,2,38,40]",510510,9699690,19,34,33,0,000010000101000010000000000000000,14,0.00016454134101192923,5,4,1
double_twins_p19,"[0,2,38,40]",510510,9699690,19,34,33,0,000010100000000000000000000000000,53,0.0006229065052594465,3,2,1
double_twins_p19,"[0,2,38,40]",510510,9699690,19,34,33,0,000010100000000010000000000000000,65,0.0007639419404125286,4,3,1
double_twins_p19,"[0,2,38,40]",510510,9699690,19,34,33,0,000010100001000000000000000000000,56,0.0006581653640477169,4,3,1
double_twins_p19,"[0,2,38,40]",510510,9699690,19,34,33,0,000010100001000010000000000000000,14,0.00016454134101192923,5,4,1
double_twins_p19,"[0,2,38,40]",510510,9699690,19,34,33,0,000010100100000000000000000000000,23,0.00027031791737674093,4,3,1
double_twins_p19,"[0,2,38,40]",510510,9699690,19,34,33,0,000010100100000010000000000000000,5,5.876476464711759e-05,5,4,1
double_twins_p19,"[0,2,38,40]",510510,9699690,19,34,33,1,000000000000000000000000000000000,171,0.0020097549509314216,2,1,1
double_twins_p19,"[0,2,38,40]",510510,9699690,19,34,33,1,000000000000000100000000000000000,110,0.001292824822236587,4,3,1
double_twins_p19,"[0,2,38,40]",510510,9699690,19,34,33,1,000000000010000000000000000000000,179,0.0021037785743668095,4,3,1
double_twins_p19,"[0,2,38,40]",510510,9699690,19,34,33,1,000000000010000100000000000000000,102,0.0011988011988011988,6,5,1
double_twins_p19,"[0,2,38,40]",510510,9699690,19,34,33,1,000000001000000000000000000000000,189,0.002221308103661045,4,3,1
double_twins_p19,"[0,2,38,40]",510510,9699690,19,34,33,1,000000001000000100000000000000000,140,0.0016454134101192926,6,5,1
double_twins_p19,"[0,2,38,40]",510510,9699690,19,34,33,1,000000001010000000000000000000000,67,0.0007874478462713757,6,5,1
double_twins_p19,"[0,2,38,40]",510510,9699690,19,34,33,1,000000001010000100000000000000000,51,0.0005994005994005994,8,7,1
double_twins_p19,"[0,2,38,40]",510510,9699690,19,34,33,1,000001000000000000000000000000000,221,0.0025974025974025974,4,3,1
double_twins_p19,"[0,2,38,40]",510510,9699690,19,34,33,1,000001000000000100000000000000000,108,0.00126931891637774,6,5,1
double_twins_p19,"[0,2,38,40]",510510,9699690,19,34,33,1,000001000010000000000000000000000,114,0.001339836633954281,6,5,1
double_twins_p19,"[0,2,38,40]",510510,9699690,19,34,33,1,000001000010000100000000000000000,8,9.402362343538814e-05,4,3,1
double_twins_p19,"[0,2,38,40]",510510,9699690,19,34,33,1,000001001000000000000000000000000,104,0.0012223071046600458,6,5,1
double_twins_p19,"[0,2,38,40]",510510,9699690,19,34,33,1,000001001000000100000000000000000,20,0.00023505905858847037,8,7,1
double_twins_p19,"[0,2,38,40]",510510,9699690,19,34,33,1,000001001010000000000000000000000,23,0.00027031791737674093,8,7,1
double_twins_p19,"[0,2,38,40]",510510,9699690,19,34,33,1,000001001010000100000000000000000,5,5.876476464711759e-05,5,4,1
double_twins_p19,"[0,2,38,40]",510510,9699690,19,34,33,1,000100000000000000000000000000000,165,0.0019392372333548805,4,3,1
double_twins_p19,"[0,2,38,40]",510510,9699690,19,34,33,1,000100000000000100000000000000000,116,0.001363342539813128,6,5,1
double_twins_p19,"[0,2,38,40]",510510,9699690,19,34,33,1,000100000010000000000000000000000,104,0.0012223071046600458,6,5,1
double_twins_p19,"[0,2,38,40]",510510,9699690,19,34,33,1,000100000010000100000000000000000,26,0.00030557677616501144,4,3,1
double_twins_p19,"[0,2,38,40]",510510,9699690,19,34,33,1,000100001000000000000000000000000,87,0.001022506904859846,6,5,1
double_twins_p19,"[0,2,38,40]",510510,9699690,19,34,33,1,000100001000000100000000000000000,35,0.00041135335252982314,4,3,1
double_twins_p19,"[0,2,38,40]",510510,9699690,19,34,33,1,000100001010000000000000000000000,56,0.0006581653640477169,8,7,1
double_twins_p19,"[0,2,38,40]",510510,9699690,19,34,33,1,000100001010000100000000000000000,14,0.00016454134101192923,5,4,1
double_twins_p19,"[0,2,38,40]",510510,9699690,19,34,33,1,000101000000000000000000000000000,53,0.0006229065052594465,6,5,1
double_twins_p19,"[0,2,38,40]",510510,9699690,19,34,33,1,000101000000000100000000000000000,65,0.0007639419404125286,8,7,1
double_twins_p19,"[0,2,38,40]",510510,9699690,19,34,33,1,000101000010000000000000000000000,56,0.0006581653640477169,8,7,1
double_twins_p19,"[0,2,38,40]",510510,9699690,19,34,33,1,000101000010000100000000000000000,14,0.00016454134101192923,5,4,1
double_twins_p19,"[0,2,38,40]",510510,9699690,19,34,33,1,000101001000000000000000000000000,23,0.00027031791737674093,4,3,1
double_twins_p19,"[0,2,38,40]",510510,9699690,19,34,33,1,000101001000000100000000000000000,5,5.876476464711759e-05,5,4,1
double_twins_p19,"[0,2,38,40]",510510,9699690,19,34,33,2,000000000000000000000000000000001,55,0.0006464124111182935,2,1,1
double_twins_p19,"[0,2,38,40]",510510,9699690,19,34,33,2,000000000000001000000000000000000,75,0.0008814714697067638,2,1,1
double_twins_p19,"[0,2,38,40]",510510,9699690,19,34,33,2,000000000000001000000000000000001,35,0.00041135335252982314,3,2,1
double_twins_p19,"[0,2,38,40]",510510,9699690,19,34,33,2,000000000100000000000000000000000,122,0.0014338602573896692,2,1,1
double_twins_p19,"[0,2,38,40]",510510,9699690,19,34,33,2,000000000100000000000000000000001,57,0.0006699183169771405,3,2,1
double_twins_p19,"[0,2,38,40]",510510,9699690,19,34,33,2,000000000100001000000000000000000,84,0.0009872480460715754,3,2,1
double_twins_p19,"[0,2,38,40]",510510,9699690,19,34,33,2,000000000100001000000000000000001,18,0.0002115531527296233,4,3,1
double_twins_p19,"[0,2,38,40]",510510,9699690,19,34,33,2,000000010000000000000000000000000,166,0.0019509901862843038,2,1,1
double_twins_p19,"[0,2,38,40]",510510,9699690,19,34,33,2,000000010000000000000000000000001,23,0.00027031791737674093,4,3,1
double_twins_p19,"[0,2,38,40]",510510,9699690,19,34,33,2,000000010000001000000000000000000,114,0.001339836633954281,3,2,1
double_twins_p19,"[0,2,38,40]",510510,9699690,19,34,33,2,000000010000001000000000000000001,26,0.00030557677616501144,5,4,1
double_twins_p19,"[0,2,38,40]",510510,9699690,19,34,33,2,000000010100000000000000000000000,54,0.00063465945818887,3,2,1
double_twins_p19,"[0,2,38,40]",510510,9699690,19,34,33,2,000000010100000000000000000000001,13,0.00015278838808250572,5,4,1
double_twins_p19,"[0,2,38,40]",510510,9699690,19,34,33,2,000000010100001000000000000000000,39,0.0004583651642475172,4,3,1
double_twins_p19,"[0,2,38,40]",510510,9699690,19,34,33,2,000000010100001000000000000000001,12,0.0001410354351530822,6,5,1
double_twins_p19,"[0,2,38,40]",510510,9699690,19,34,33,2,000010000000000000000000000000000,117,0.0013750954927425516,2,1,1
double_twins_p19,"[0,2,38,40]",510510,9699690,19,34,33,2,000010000000000000000000000000001,104,0.0012223071046600458,3,2,1
double_twins_p19,"[0,2,38,40]",510510,9699690,19,34,33,2,000010000000001000000000000000000,31,0.00036434154081212903,3,2,1
double_twins_p19,"[0,2,38,40]",510510,9699690,19,34,33,2,000010000000001000000000000000001,77,0.0009049773755656109,4,3,1
double_twins_p19,"[0,2,38,40]",510510,9699690,19,34,33,2,000010000100000000000000000000000,31,0.00036434154081212903,3,2,1
double_twins_p19,"[0,2,38,40]",510510,9699690,19,34,33,2,000010000100000000000000000000001,83,0.0009754950931421519,4,3,1
double_twins_p19,"[0,2,38,40]",510510,9699690,19,34,33,2,000010000100001000000000000000000,8,9.402362343538814e-05,4,3,1
double_twins_p19,"[0,2,38,40]",510510,9699690,19,34,33,2,000010010000000000000000000000000,71,0.0008344596579890698,3,2,1
double_twins_p19,"[0,2,38,40]",510510,9699690,19,34,33,2,000010010000000000000000000000001,33,0.00038784744667097606,5,4,1
double_twins_p19,"[0,2,38,40]",510510,9699690,19,34,33,2,000010010000001000000000000000000,10,0.00011752952929423518,4,3,1
double_twins_p19,"[0,2,38,40]",510510,9699690,19,34,33,2,000010010000001000000000000000001,10,0.00011752952929423518,6,5,1
double_twins_p19,"[0,2,38,40]",510510,9699690,19,34,33,2,000010010100000000000000000000000,2,2.3505905858847036e-05,4,3,1
double_twins_p19,"[0,2,38,40]",510510,9699690,19,34,33,2,000010010100000000000000000000001,21,0.00024681201151789385,6,5,1
double_twins_p19,"[0,2,38,40]",510510,9699690,19,34,33,2,000010010100001000000000000000000,5,5.876476464711759e-05,5,4,1
double_twins_p19,"[0,2,38,40]",510510,9699690,19,34,33,2,001000000000000000000000000000000,112,0.0013163307280954339,2,1,1
double_twins_p19,"[0,2,38,40]",510510,9699690,19,34,33,2,001000000000000000000000000000001,53,0.0006229065052594465,3,2,1
double_twins_p19,"[0,2,38,40]",510510,9699690,19,34,33,2,001000000000001000000000000000000,65,0.0007639419404125286,3,2,1
double_twins_p19,"[0,2,38,40]",510510,9699690,19,34,33,2,001000000000001000000000000000001,51,0.0005994005994005994,4,3,1
double_twins_p19,"[0,2,38,40]",510510,9699690,19,34,33,2,001000000100000000000000000000000,54,0.00063465945818887,3,2,1
double_twins_p19,"[0,2,38,40]",510510,9699690,19,34,33,2,001000000100000000000000000000001,50,0.0005876476464711759,4,3,1
double_twins_p19,"[0,2,38,40]",510510,9699690,19,34,33,2,001000000100001000000000000000000,26,0.00030557677616501144,4,3,1
double_twins_p19,"[0,2,38,40]",510510,9699690,19,34,33,2,001000010000000000000000000000000,63,0.0007404360345536817,3,2,1
double_twins_p19,"[0,2,38,40]",510510,9699690,19,34,33,2,001000010000000000000000000000001,24,0.0002820708703061644,5,4,1
double_twins_p19,"[0,2,38,40]",510510,9699690,19,34,33,2,001000010000001000000000000000000,35,0.00041135335252982314,4,3,1
double_twins_p19,"[0,2,38,40]",510510,9699690,19,34,33,2,001000010100000000000000000000000,38,0.00044661221131809365,4,3,1
double_twins_p19,"[0,2,38,40]",510510,9699690,19,34,33,2,001000010100000000000000000000001,18,0.0002115531527296233,6,5,1
double_twins_p19,"[0,2,38,40]",510510,9699690,19,34,33,2,001000010100001000000000000000000,14,0.00016454134101192923,5,4,1
double_twins_p19,"[0,2,38,40]",510510,9699690,19,34,33,2,001010000000000000000000000000000,46,0.0005406358347534819,3,2,1
double_twins_p19,"[0,2,38,40]",510510,9699690,19,34,33,2,001010000000000000000000000000001,7,8.227067050596462e-05,4,3,1
double_twins_p19,"[0,2,38,40]",510510,9699690,19,34,33,2,001010000000001000000000000000000,44,0.0005171299288946348,4,3,1
double_twins_p19,"[0,2,38,40]",510510,9699690,19,34,33,2,001010000000001000000000000000001,21,0.00024681201151789385,5,4,1
double_twins_p19,"[0,2,38,40]",510510,9699690,19,34,33,2,001010000100000000000000000000000,28,0.00032908268202385847,4,3,1
double_twins_p19,"[0,2,38,40]",510510,9699690,19,34,33,2,001010000100000000000000000000001,28,0.00032908268202385847,5,4,1
double_twins_p19,"[0,2,38,40]",510510,9699690,19,34,33,2,001010000100001000000000000000000,14,0.00016454134101192923,5,4,1
double_twins_p19,"[0,2,38,40]",510510,9699690,19,34,33,2,001010010000000000000000000000000,23,0.00027031791737674093,4,3,1
double_twins_p19,"[0,2,38,40]",510510,9699690,19,34,33,2,001010010000001000000000000000000,5,5.876476464711759e-05,5,4,1
double_twins_p19,"[0,2,38,40]",510510,9699690,19,34,33,3,000000000000000000000000000000010,55,0.0006464124111182935,2,1,1
double_twins_p19,"[0,2,38,40]",510510,9699690,19,34,33,3,000000000000010000000000000000000,75,0.0008814714697067638,2,1,1
double_twins_p19,"[0,2,38,40]",510510,9699690,19,34,33,3,000000000000010000000000000000010,35,0.00041135335252982314,3,2,1
double_twins_p19,"[0,2,38,40]",510510,9699690,19,34,33,3,000000001000000000000000000000000,122,0.0014338602573896692,2,1,1
double_twins_p19,"[0,2,38,40]",510510,9699690,19,34,33,3,000000001000000000000000000000010,57,0.0006699183169771405,3,2,1
double_twins_p19,"[0,2,38,40]",510510,9699690,19,34,33,3,000000001000010000000000000000000,84,0.0009872480460715754,3,2,1
double_twins_p19,"[0,2,38,40]",510510,9699690,19,34,33,3,000000001000010000000000000000010,18,0.0002115531527296233,4,3,1
double_twins_p19,"[0,2,38,40]",510510,9699690,19,34,33,3,000000100000000000000000000000000,166,0.0019509901862843038,2,1,1
double_twins_p19,"[0,2,38,40]",510510,9699690,19,34,33,3,000000100000000000000000000000010,23,0.00027031791737674093,4,3,1
double_twins_p19,"[0,2,38,40]",510510,9699690,19,34,33,3,000000100000010000000000000000000,114,0.001339836633954281,3,2,1
double_twins_p19,"[0,2,38,40]",510510,9699690,19,34,33,3,000000100000010000000000000000010,26,0.00030557677616501144,5,4,1
double_twins_p19,"[0,2,38,40]",510510,9699690,19,34,33,3,000000101000000000000000000000000,54,0.00063465945818887,3,2,1
double_twins_p19,"[0,2,38,40]",510510,9699690,19,34,33,3,000000101000000000000000000000010,13,0.00015278838808250572,5,4,1
double_twins_p19,"[0,2,38,40]",510510,9699690,19,34,33,3,000000101000010000000000000000000,39,0.0004583651642475172,4,3,1
double_twins_p19,"[0,2,38,40]",510510,9699690,19,34,33,3,000000101000010000000000000000010,12,0.0001410354351530822,6,5,1
double_twins_p19,"[0,2,38,40]",510510,9699690,19,34,33,3,000100000000000000000000000000000,117,0.0013750954927425516,2,1,1
double_twins_p19,"[0,2,38,40]",510510,9699690,19,34,33,3,000100000000000000000000000000010,104,0.0012223071046600458,3,2,1
double_twins_p19,"[0,2,38,40]",510510,9699690,19,34,33,3,000100000000010000000000000000000,31,0.00036434154081212903,3,2,1
double_twins_p19,"[0,2,38,40]",510510,9699690,19,34,33,3,000100000000010000000000000000010,77,0.0009049773755656109,4,3,1
double_twins_p19,"[0,2,38,40]",510510,9699690,19,34,33,3,000100001000000000000000000000000,31,0.00036434154081212903,3,2,1
double_twins_p19,"[0,2,38,40]",510510,9699690,19,34,33,3,000100001000000000000000000000010,83,0.0009754950931421519,4,3,1
double_twins_p19,"[0,2,38,40]",510510,9699690,19,34,33,3,000100001000010000000000000000000,8,9.402362343538814e-05,4,3,1
double_twins_p19,"[0,2,38,40]",510510,9699690,19,34,33,3,000100100000000000000000000000000,71,0.0008344596579890698,3,2,1
double_twins_p19,"[0,2,38,40]",510510,9699690,19,34,33,3,000100100000000000000000000000010,33,0.00038784744667097606,5,4,1
double_twins_p19,"[0,2,38,40]",510510,9699690,19,34,33,3,000100100000010000000000000000000,10,0.00011752952929423518,4,3,1
double_twins_p19,"[0,2,38,40]",510510,9699690,19,34,33,3,000100100000010000000000000000010,10,0.00011752952929423518,6,5,1
double_twins_p19,"[0,2,38,40]",510510,9699690,19,34,33,3,000100101000000000000000000000000,2,2.3505905858847036e-05,4,3,1
double_twins_p19,"[0,2,38,40]",510510,9699690,19,34,33,3,000100101000000000000000000000010,21,0.00024681201151789385,6,5,1
double_twins_p19,"[0,2,38,40]",510510,9699690,19,34,33,3,000100101000010000000000000000000,5,5.876476464711759e-05,5,4,1
double_twins_p19,"[0,2,38,40]",510510,9699690,19,34,33,3,010000000000000000000000000000000,112,0.0013163307280954339,2,1,1
double_twins_p19,"[0,2,38,40]",510510,9699690,19,34,33,3,010000000000000000000000000000010,53,0.0006229065052594465,3,2,1
double_twins_p19,"[0,2,38,40]",510510,9699690,19,34,33,3,010000000000010000000000000000000,65,0.0007639419404125286,3,2,1
double_twins_p19,"[0,2,38,40]",510510,9699690,19,34,33,3,010000000000010000000000000000010,51,0.0005994005994005994,4,3,1
double_twins_p19,"[0,2,38,40]",510510,9699690,19,34,33,3,010000001000000000000000000000000,54,0.00063465945818887,3,2,1
double_twins_p19,"[0,2,38,40]",510510,9699690,19,34,33,3,010000001000000000000000000000010,50,0.0005876476464711759,4,3,1
double_twins_p19,"[0,2,38,40]",510510,9699690,19,34,33,3,010000001000010000000000000000000,26,0.00030557677616501144,4,3,1
double_twins_p19,"[0,2,38,40]",510510,9699690,19,34,33,3,010000100000000000000000000000000,63,0.0007404360345536817,3,2,1
double_twins_p19,"[0,2,38,40]",510510,9699690,19,34,33,3,010000100000000000000000000000010,24,0.0002820708703061644,5,4,1
double_twins_p19,"[0,2,38,40]",510510,9699690,19,34,33,3,010000100000010000000000000000000,35,0.00041135335252982314,4,3,1
double_twins_p19,"[0,2,38,40]",510510,9699690,19,34,33,3,010000101000000000000000000000000,38,0.00044661221131809365,4,3,1
double_twins_p19,"[0,2,38,40]",510510,9699690,19,34,33,3,010000101000000000000000000000010,18,0.0002115531527296233,6,5,1
double_twins_p19,"[0,2,38,40]",510510,9699690,19,34,33,3,010000101000010000000000000000000,14,0.00016454134101192923,5,4,1
double_twins_p19,"[0,2,38,40]",510510,9699690,19,34,33,3,010100000000000000000000000000000,46,0.0005406358347534819,3,2,1
double_twins_p19,"[0,2,38,40]",510510,9699690,19,34,33,3,010100000000000000000000000000010,7,8.227067050596462e-05,4,3,1
double_twins_p19,"[0,2,38,40]",510510,9699690,19,34,33,3,010100000000010000000000000000000,44,0.0005171299288946348,4,3,1
double_twins_p19,"[0,2,38,40]",510510,9699690,19,34,33,3,010100000000010000000000000000010,21,0.00024681201151789385,5,4,1
double_twins_p19,"[0,2,38,40]",510510,9699690,19,34,33,3,010100001000000000000000000000000,28,0.00032908268202385847,4,3,1
double_twins_p19,"[0,2,38,40]",510510,9699690,19,34,33,3,010100001000000000000000000000010,28,0.00032908268202385847,5,4,1
double_twins_p19,"[0,2,38,40]",510510,9699690,19,34,33,3,010100001000010000000000000000000,14,0.00016454134101192923,5,4,1
double_twins_p19,"[0,2,38,40]",510510,9699690,19,34,33,3,010100100000000000000000000000000,23,0.00027031791737674093,4,3,1
double_twins_p19,"[0,2,38,40]",510510,9699690,19,34,33,3,010100100000010000000000000000000,5,5.876476464711759e-05,5,4,1
double_twins_p19,"[0,2,38,40]",510510,9699690,19,34,33,4,000000000000000000000000000000100,55,0.0006464124111182935,2,1,1
double_twins_p19,"[0,2,38,40]",510510,9699690,19,34,33,4,000000000000100000000000000000000,75,0.0008814714697067638,2,1,1
double_twins_p19,"[0,2,38,40]",510510,9699690,19,34,33,4,000000000000100000000000000000100,35,0.00041135335252982314,3,2,1
double_twins_p19,"[0,2,38,40]",510510,9699690,19,34,33,4,000000010000000000000000000000000,122,0.0014338602573896692,2,1,1
double_twins_p19,"[0,2,38,40]",510510,9699690,19,34,33,4,000000010000000000000000000000100,57,0.0006699183169771405,3,2,1
double_twins_p19,"[0,2,38,40]",510510,9699690,19,34,33,4,000000010000100000000000000000000,84,0.0009872480460715754,3,2,1
double_twins_p19,"[0,2,38,40]",510510,9699690,19,34,33,4,000000010000100000000000000000100,18,0.0002115531527296233,4,3,1
double_twins_p19,"[0,2,38,40]",510510,9699690,19,34,33,4,000001000000000000000000000000000,166,0.0019509901862843038,2,1,1
double_twins_p19,"[0,2,38,40]",510510,9699690,19,34,33,4,000001000000000000000000000000100,23,0.00027031791737674093,4,3,1
double_twins_p19,"[0,2,38,40]",510510,9699690,19,34,33,4,000001000000100000000000000000000,114,0.001339836633954281,3,2,1
double_twins_p19,"[0,2,38,40]",510510,9699690,19,34,33,4,000001000000100000000000000000100,26,0.00030557677616501144,5,4,1
double_twins_p19,"[0,2,38,40]",510510,9699690,19,34,33,4,000001010000000000000000000000000,54,0.00063465945818887,3,2,1
double_twins_p19,"[0,2,38,40]",510510,9699690,19,34,33,4,000001010000000000000000000000100,13,0.00015278838808250572,5,4,1
double_twins_p19,"[0,2,38,40]",510510,9699690,19,34,33,4,000001010000100000000000000000000,39,0.0004583651642475172,4,3,1
double_twins_p19,"[0,2,38,40]",510510,9699690,19,34,33,4,000001010000100000000000000000100,12,0.0001410354351530822,6,5,1
double_twins_p19,"[0,2,38,40]",510510,9699690,19,34,33,4,001000000000000000000000000000000,117,0.0013750954927425516,2,1,1
double_twins_p19,"[0,2,38,40]",510510,9699690,19,34,33,4,001000000000000000000000000000100,104,0.0012223071046600458,3,2,1
double_twins_p19,"[0,2,38,40]",510510,9699690,19,34,33,4,001000000000100000000000000000000,31,0.00036434154081212903,3,2,1
double_twins_p19,"[0,2,38,40]",510510,9699690,19,34,33,4,001000000000100000000000000000100,77,0.0009049773755656109,4,3,1
double_twins_p19,"[0,2,38,40]",510510,9699690,19,34,33,4,001000010000000000000000000000000,31,0.00036434154081212903,3,2,1
double_twins_p19,"[0,2,38,40]",510510,9699690,19,34,33,4,001000010000000000000000000000100,83,0.0009754950931421519,4,3,1
double_twins_p19,"[0,2,38,40]",510510,9699690,19,34,33,4,001000010000100000000000000000000,8,9.402362343538814e-05,4,3,1
double_twins_p19,"[0,2,38,40]",510510,9699690,19,34,33,4,001001000000000000000000000000000,71,0.0008344596579890698,3,2,1
double_twins_p19,"[0,2,38,40]",510510,9699690,19,34,33,4,001001000000000000000000000000100,33,0.00038784744667097606,5,4,1
double_twins_p19,"[0,2,38,40]",510510,9699690,19,34,33,4,001001000000100000000000000000000,10,0.00011752952929423518,4,3,1
double_twins_p19,"[0,2,38,40]",510510,9699690,19,34,33,4,001001000000100000000000000000100,10,0.00011752952929423518,6,5,1
double_twins_p19,"[0,2,38,40]",510510,9699690,19,34,33,4,001001010000000000000000000000000,2,2.3505905858847036e-05,4,3,1
double_twins_p19,"[0,2,38,40]",510510,9699690,19,34,33,4,001001010000000000000000000000100,21,0.00024681201151789385,6,5,1
double_twins_p19,"[0,2,38,40]",510510,9699690,19,34,33,4,001001010000100000000000000000000,5,5.876476464711759e-05,5,4,1
double_twins_p19,"[0,2,38,40]",510510,9699690,19,34,33,4,100000000000000000000000000000000,112,0.0013163307280954339,2,1,1
double_twins_p19,"[0,2,38,40]",510510,9699690,19,34,33,4,100000000000000000000000000000100,53,0.0006229065052594465,3,2,1
double_twins_p19,"[0,2,38,40]",510510,9699690,19,34,33,4,100000000000100000000000000000000,65,0.0007639419404125286,3,2,1
double_twins_p19,"[0,2,38,40]",510510,9699690,19,34,33,4,100000000000100000000000000000100,51,0.0005994005994005994,4,3,1
double_twins_p19,"[0,2,38,40]",510510,9699690,19,34,33,4,100000010000000000000000000000000,54,0.00063465945818887,3,2,1
double_twins_p19,"[0,2,38,40]",510510,9699690,19,34,33,4,100000010000000000000000000000100,50,0.0005876476464711759,4,3,1
double_twins_p19,"[0,2,38,40]",510510,9699690,19,34,33,4,100000010000100000000000000000000,26,0.00030557677616501144,4,3,1
double_twins_p19,"[0,2,38,40]",510510,9699690,19,34,33,4,100001000000000000000000000000000,63,0.0007404360345536817,3,2,1
double_twins_p19,"[0,2,38,40]",510510,9699690,19,34,33,4,100001000000000000000000000000100,24,0.0002820708703061644,5,4,1
double_twins_p19,"[0,2,38,40]",510510,9699690,19,34,33,4,100001000000100000000000000000000,35,0.00041135335252982314,4,3,1
double_twins_p19,"[0,2,38,40]",510510,9699690,19,34,33,4,100001010000000000000000000000000,38,0.00044661221131809365,4,3,1
double_twins_p19,"[0,2,38,40]",510510,9699690,19,34,33,4,100001010000000000000000000000100,18,0.0002115531527296233,6,5,1
double_twins_p19,"[0,2,38,40]",510510,9699690,19,34,33,4,100001010000100000000000000000000,14,0.00016454134101192923,5,4,1
double_twins_p19,"[0,2,38,40]",510510,9699690,19,34,33,4,101000000000000000000000000000000,46,0.0005406358347534819,3,2,1
double_twins_p19,"[0,2,38,40]",510510,9699690,19,34,33,4,101000000000000000000000000000100,7,8.227067050596462e-05,4,3,1
double_twins_p19,"[0,2,38,40]",510510,9699690,19,34,33,4,101000000000100000000000000000000,44,0.0005171299288946348,4,3,1
double_twins_p19,"[0,2,38,40]",510510,9699690,19,34,33,4,101000000000100000000000000000100,21,0.00024681201151789385,5,4,1
double_twins_p19,"[0,2,38,40]",510510,9699690,19,34,33,4,101000010000000000000000000000000,28,0.00032908268202385847,4,3,1
double_twins_p19,"[0,2,38,40]",510510,9699690,19,34,33,4,101000010000000000000000000000100,28,0.00032908268202385847,5,4,1
double_twins_p19,"[0,2,38,40]",510510,9699690,19,34,33,4,101000010000100000000000000000000,14,0.00016454134101192923,5,4,1
double_twins_p19,"[0,2,38,40]",510510,9699690,19,34,33,4,101001000000000000000000000000000,23,0.00027031791737674093,4,3,1
double_twins_p19,"[0,2,38,40]",510510,9699690,19,34,33,4,101001000000100000000000000000000,5,5.876476464711759e-05,5,4,1
double_twins_p19,"[0,2,38,40]",510510,9699690,19,34,33,5,000000000000000000000000000001000,108,0.00126931891637774,2,1,1
double_twins_p19,"[0,2,38,40]",510510,9699690,19,34,33,5,000000000001000000000000000000000,140,0.0016454134101192926,2,1,1
double_twins_p19,"[0,2,38,40]",510510,9699690,19,34,33,5,000000000001000000000000000001000,86,0.0010107539519304226,3,2,1
double_twins_p19,"[0,2,38,40]",510510,9699690,19,34,33,5,000000100000000000000000000000000,176,0.002068519715578539,2,1,1
double_twins_p19,"[0,2,38,40]",510510,9699690,19,34,33,5,000000100000000000000000000001000,107,0.0012575659634483163,3,2,1
double_twins_p19,"[0,2,38,40]",510510,9699690,19,34,33,5,000000100001000000000000000000000,110,0.001292824822236587,3,2,1
double_twins_p19,"[0,2,38,40]",510510,9699690,19,34,33,5,000000100001000000000000000001000,18,0.0002115531527296233,4,3,1
double_twins_p19,"[0,2,38,40]",510510,9699690,19,34,33,5,000010000000000000000000000000000,229,0.0026914262208379857,2,1,1
double_twins_p19,"[0,2,38,40]",510510,9699690,19,34,33,5,000010000000000000000000000001000,47,0.0005523887876829053,4,3,1
double_twins_p19,"[0,2,38,40]",510510,9699690,19,34,33,5,000010000001000000000000000000000,149,0.001751189986484104,3,2,1
double_twins_p19,"[0,2,38,40]",510510,9699690,19,34,33,5,000010000001000000000000000001000,26,0.00030557677616501144,5,4,1
double_twins_p19,"[0,2,38,40]",510510,9699690,19,34,33,5,000010100000000000000000000000000,92,0.0010812716695069637,3,2,1
double_twins_p19,"[0,2,38,40]",510510,9699690,19,34,33,5,000010100000000000000000000001000,31,0.00036434154081212903,5,4,1
double_twins_p19,"[0,2,38,40]",510510,9699690,19,34,33,5,000010100001000000000000000000000,53,0.0006229065052594465,4,3,1
double_twins_p19,"[0,2,38,40]",510510,9699690,19,34,33,5,000010100001000000000000000001000,12,0.0001410354351530822,6,5,1
double_twins_p19,"[0,2,38,40]",510510,9699690,19,34,33,5,010000000000000000000000000000000,163,0.0019157313274960333,2,1,1
double_twins_p19,"[0,2,38,40]",510510,9699690,19,34,33,5,010000000000000000000000000001000,111,0.0013045777751660105,3,2,1
double_twins_p19,"[0,2,38,40]",510510,9699690,19,34,33,5,010000000001000000000000000000000,75,0.0008814714697067638,3,2,1
double_twins_p19,"[0,2,38,40]",510510,9699690,19,34,33,5,010000000001000000000000000001000,98,0.0011517893870835046,4,3,1
double_twins_p19,"[0,2,38,40]",510510,9699690,19,34,33,5,010000100000000000000000000000000,59,0.0006934242228359875,3,2,1
double_twins_p19,"[0,2,38,40]",510510,9699690,19,34,33,5,010000100000000000000000000001000,111,0.0013045777751660105,4,3,1
double_twins_p19,"[0,2,38,40]",510510,9699690,19,34,33,5,010000100001000000000000000000000,22,0.0002585649644473174,4,3,1
double_twins_p19,"[0,2,38,40]",510510,9699690,19,34,33,5,010010000000000000000000000000000,94,0.0011047775753658107,3,2,1
double_twins_p19,"[0,2,38,40]",510510,9699690,19,34,33,5,010010000000000000000000000001000,33,0.00038784744667097606,5,4,1
double_twins_p19,"[0,2,38,40]",510510,9699690,19,34,33,5,010010000001000000000000000000000,15,0.00017629429394135277,4,3,1
double_twins_p19,"[0,2,38,40]",510510,9699690,19,34,33,5,010010000001000000000000000001000,10,0.00011752952929423518,6,5,1
double_twins_p19,"[0,2,38,40]",510510,9699690,19,34,33,5,010010100000000000000000000000000,2,2.3505905858847036e-05,4,3,1
double_twins_p19,"[0,2,38,40]",510510,9699690,19,34,33,5,010010100000000000000000000001000,21,0.00024681201151789385,6,5,1
double_twins_p19,"[0,2,38,40]",510510,9699690,19,34,33,5,010010100001000000000000000000000,5,5.876476464711759e-05,5,4,1
double_twins_p19,"[0,2,38,40]",510510,9699690,19,34,33,6,000000000000000000000000000000000,228,0.002679673267908562,2,1,1
double_twins_p19,"[0,2,38,40]",510510,9699690,19,34,33,6,000000000000000000000000000010000,108,0.00126931891637774,4,3,1
double_twins_p19,"[0,2,38,40]",510510,9699690,19,34,33,6,000000000010000000000000000000000,140,0.0016454134101192926,4,3,1
double_twins_p19,"[0,2,38,40]",510510,9699690,19,34,33,6,000000000010000000000000000010000,86,0.0010107539519304226,6,5,1
double_twins_p19,"[0,2,38,40]",510510,9699690,19,34,33,6,000001000000000000000000000000000,176,0.002068519715578539,4,3,1
double_twins_p19,"[0,2,38,40]",510510,9699690,19,34,33,6,000001000000000000000000000010000,107,0.0012575659634483163,6,5,1
double_twins_p19,"[0,2,38,40]",510510,9699690,19,34,33,6,000001000010000000000000000000000,110,0.001292824822236587,6,5,1
double_twins_p19,"[0,2,38,40]",510510,9699690,19,34,33,6,000001000010000000000000000010000,18,0.0002115531527296233,4,3,1
double_twins_p19,"[0,2,38,40]",510510,9699690,19,34,33,6,000100000000000000000000000000000,229,0.0026914262208379857,4,3,1
double_twins_p19,"[0,2,38,40]",510510,9699690,19,34,33,6,000100000000000000000000000010000,47,0.0005523887876829053,8,7,1
double_twins_p19,"[0,2,38,40]",510510,9699690,19,34,33,6,000100000010000000000000000000000,149,0.001751189986484104,6,5,1
double_twins_p19,"[0,2,38,40]",510510,9699690,19,34,33,6,000100000010000000000000000010000,26,0.00030557677616501144,5,4,1
double_twins_p19,"[0,2,38,40]",510510,9699690,19,34,33,6,000101000000000000000000000000000,92,0.0010812716695069637,6,5,1
double_twins_p19,"[0,2,38,40]",510510,9699690,19,34,33,6,000101000000000000000000000010000,31,0.00036434154081212903,10,9,1
double_twins_p19,"[0,2,38,40]",510510,9699690,19,34,33,6,000101000010000000000000000000000,53,0.0006229065052594465,8,7,1
double_twins_p19,"[0,2,38,40]",510510,9699690,19,34,33,6,000101000010000000000000000010000,12,0.0001410354351530822,6,5,1
double_twins_p19,"[0,2,38,40]",510510,9699690,19,34,33,6,100000000000000000000000000000000,163,0.0019157313274960333,4,3,1
double_twins_p19,"[0,2,38,40]",510510,9699690,19,34,33,6,100000000000000000000000000010000,111,0.0013045777751660105,6,5,1
double_twins_p19,"[0,2,38,40]",510510,9699690,19,34,33,6,100000000010000000000000000000000,75,0.0008814714697067638,6,5,1
double_twins_p19,"[0,2,38,40]",510510,9699690,19,34,33,6,100000000010000000000000000010000,98,0.0011517893870835046,8,7,1
double_twins_p19,"[0,2,38,40]",510510,9699690,19,34,33,6,100001000000000000000000000000000,59,0.0006934242228359875,6,5,1
double_twins_p19,"[0,2,38,40]",510510,9699690,19,34,33,6,100001000000000000000000000010000,111,0.0013045777751660105,8,7,1
double_twins_p19,"[0,2,38,40]",510510,9699690,19,34,33,6,100001000010000000000000000000000,22,0.0002585649644473174,5,4,1
double_twins_p19,"[0,2,38,40]",510510,9699690,19,34,33,6,100100000000000000000000000000000,94,0.0011047775753658107,6,5,1
double_twins_p19,"[0,2,38,40]",510510,9699690,19,34,33,6,100100000000000000000000000010000,33,0.00038784744667097606,10,9,1
double_twins_p19,"[0,2,38,40]",510510,9699690,19,34,33,6,100100000010000000000000000000000,15,0.00017629429394135277,8,7,1
double_twins_p19,"[0,2,38,40]",510510,9699690,19,34,33,6,100100000010000000000000000010000,10,0.00011752952929423518,6,5,1
double_twins_p19,"[0,2,38,40]",510510,9699690,19,34,33,6,100101000000000000000000000000000,2,2.3505905858847036e-05,8,7,1
double_twins_p19,"[0,2,38,40]",510510,9699690,19,34,33,6,100101000000000000000000000010000,21,0.00024681201151789385,12,11,1
double_twins_p19,"[0,2,38,40]",510510,9699690,19,34,33,6,100101000010000000000000000000000,5,5.876476464711759e-05,6,5,1
double_twins_p19,"[0,2,38,40]",510510,9699690,19,34,33,7,000000000000000000000000000000001,102,0.0011988011988011988,2,1,1
double_twins_p19,"[0,2,38,40]",510510,9699690,19,34,33,7,000000000000000000000000000100000,182,0.0021390374331550803,2,1,1
double_twins_p19,"[0,2,38,40]",510510,9699690,19,34,33,7,000000000000000000000000000100001,37,0.00043485925838867017,3,2,1
double_twins_p19,"[0,2,38,40]",510510,9699690,19,34,33,7,000000000100000000000000000000000,145,0.00170417817476641,2,1,1
double_twins_p19,"[0,2,38,40]",510510,9699690,19,34,33,7,000000000100000000000000000000001,70,0.0008227067050596463,3,2,1
double_twins_p19,"[0,2,38,40]",510510,9699690,19,34,33,7,000000000100000000000000000100000,154,0.0018099547511312218,3,2,1
double_twins_p19,"[0,2,38,40]",510510,9699690,19,34,33,7,000000000100000000000000000100001,30,0.00035258858788270555,4,3,1
double_twins_p19,"[0,2,38,40]",510510,9699690,19,34,33,7,000010000000000000000000000000000,122,0.0014338602573896692,2,1,1
double_twins_p19,"[0,2,38,40]",510510,9699690,19,34,33,7,000010000000000000000000000000001,113,0.0013280836810248575,3,2,1
double_twins_p19,"[0,2,38,40]",510510,9699690,19,34,33,7,000010000000000000000000000100000,107,0.0012575659634483163,3,2,1
double_twins_p19,"[0,2,38,40]",510510,9699690,19,34,33,7,000010000000000000000000000100001,111,0.0013045777751660105,4,3,1
double_twins_p19,"[0,2,38,40]",510510,9699690,19,34,33,7,000010000100000000000000000000000,28,0.00032908268202385847,3,2,1
double_twins_p19,"[0,2,38,40]",510510,9699690,19,34,33,7,000010000100000000000000000000001,104,0.0012223071046600458,4,3,1
double_twins_p19,"[0,2,38,40]",510510,9699690,19,34,33,7,000010000100000000000000000100000,18,0.0002115531527296233,4,3,1
double_twins_p19,"[0,2,38,40]",510510,9699690,19,34,33,7,001000000000000000000000000000000,216,0.00253863783275548,2,1,1
double_twins_p19,"[0,2,38,40]",510510,9699690,19,34,33,7,001000000000000000000000000000001,107,0.0012575659634483163,3,2,1
double_twins_p19,"[0,2,38,40]",510510,9699690,19,34,33,7,001000000000000000000000000100000,59,0.0006934242228359875,4,3,1
double_twins_p19,"[0,2,38,40]",510510,9699690,19,34,33,7,001000000000000000000000000100001,21,0.00024681201151789385,5,4,1
double_twins_p19,"[0,2,38,40]",510510,9699690,19,34,33,7,001000000100000000000000000000000,96,0.0011282834812246577,3,2,1
double_twins_p19,"[0,2,38,40]",510510,9699690,19,34,33,7,001000000100000000000000000000001,68,0.0007992007992007992,4,3,1
double_twins_p19,"[0,2,38,40]",510510,9699690,19,34,33,7,001000000100000000000000000100000,36,0.0004231063054592466,5,4,1
double_twins_p19,"[0,2,38,40]",510510,9699690,19,34,33,7,001010000000000000000000000000000,87,0.001022506904859846,3,2,1
double_twins_p19,"[0,2,38,40]",510510,9699690,19,34,33,7,001010000000000000000000000000001,7,8.227067050596462e-05,4,3,1
double_twins_p19,"[0,2,38,40]",510510,9699690,19,34,33,7,001010000000000000000000000100000,31,0.00036434154081212903,5,4,1
double_twins_p19,"[0,2,38,40]",510510,9699690,19,34,33,7,001010000000000000000000000100001,21,0.00024681201151789385,6,5,1
double_twins_p19,"[0,2,38,40]",510510,9699690,19,34,33,7,001010000100000000000000000000000,30,0.00035258858788270555,4,3,1
double_twins_p19,"[0,2,38,40]",510510,9699690,19,34,33,7,001010000100000000000000000000001,28,0.00032908268202385847,5,4,1
double_twins_p19,"[0,2,38,40]",510510,9699690,19,34,33,7,001010000100000000000000000100000,12,0.0001410354351530822,6,5,1
double_twins_p19,"[0,2,38,40]",510510,9699690,19,34,33,8,000000000000000000000000000000000,289,0.0033966033966033966,2,1,1
double_twins_p19,"[0,2,38,40]",510510,9699690,19,34,33,8,000000000000000000000000000000010,102,0.0011988011988011988,4,3,1
double_twins_p19,"[0,2,38,40]",510510,9699690,19,34,33,8,000000000000000000000000001000000,182,0.0021390374331550803,4,3,1
double_twins_p19,"[0,2,38,40]",510510,9699690,19,34,33,8,000000000000000000000000001000010,37,0.00043485925838867017,6,5,1
double_twins_p19,"[0,2,38,40]",510510,9699690,19,34,33,8,000000001000000000000000000000000,145,0.00170417817476641,4,3,1
double_twins_p19,"[0,2,38,40]",510510,9699690,19,34,33,8,000000001000000000000000000000010,70,0.0008227067050596463,6,5,1
double_twins_p19,"[0,2,38,40]",510510,9699690,19,34,33,8,000000001000000000000000001000000,154,0.0018099547511312218,6,5,1
double_twins_p19,"[0,2,38,40]",510510,9699690,19,34,33,8,000000001000000000000000001000010,30,0.00035258858788270555,8,7,1
double_twins_p19,"[0,2,38,40]",510510,9699690,19,34,33,8,000100000000000000000000000000000,122,0.0014338602573896692,4,3,1
double_twins_p19,"[0,2,38,40]",510510,9699690,19,34,33,8,000100000000000000000000000000010,113,0.0013280836810248575,6,5,1
double_twins_p19,"[0,2,38,40]",510510,9699690,19,34,33,8,000100000000000000000000001000000,107,0.0012575659634483163,6,5,1
double_twins_p19,"[0,2,38,40]",510510,9699690,19,34,33,8,000100000000000000000000001000010,111,0.0013045777751660105,8,7,1
double_twins_p19,"[0,2,38,40]",510510,9699690,19,34,33,8,000100001000000000000000000000000,28,0.00032908268202385847,6,5,1
double_twins_p19,"[0,2,38,40]",510510,9699690,19,34,33,8,000100001000000000000000000000010,104,0.0012223071046600458,8,7,1
double_twins_p19,"[0,2,38,40]",510510,9699690,19,34,33,8,000100001000000000000000001000000,18,0.0002115531527296233,4,3,1
double_twins_p19,"[0,2,38,40]",510510,9699690,19,34,33,8,010000000000000000000000000000000,216,0.00253863783275548,4,3,1
double_twins_p19,"[0,2,38,40]",510510,9699690,19,34,33,8,010000000000000000000000000000010,107,0.0012575659634483163,6,5,1
double_twins_p19,"[0,2,38,40]",510510,9699690,19,34,33,8,010000000000000000000000001000000,59,0.0006934242228359875,7,6,1
double_twins_p19,"[0,2,38,40]",510510,9699690,19,34,33,8,010000000000000000000000001000010,21,0.00024681201151789385,9,8,1
double_twins_p19,"[0,2,38,40]",510510,9699690,19,34,33,8,010000001000000000000000000000000,96,0.0011282834812246577,6,5,1
double_twins_p19,"[0,2,38,40]",510510,9699690,19,34,33,8,010000001000000000000000000000010,68,0.0007992007992007992,8,7,1
double_twins_p19,"[0,2,38,40]",510510,9699690,19,34,33,8,010000001000000000000000001000000,36,0.0004231063054592466,5,4,1
double_twins_p19,"[0,2,38,40]",510510,9699690,19,34,33,8,010100000000000000000000000000000,87,0.001022506904859846,6,5,1
double_twins_p19,"[0,2,38,40]",510510,9699690,19,34,33,8,010100000000000000000000000000010,7,8.227067050596462e-05,4,3,1
double_twins_p19,"[0,2,38,40]",510510,9699690,19,34,33,8,010100000000000000000000001000000,31,0.00036434154081212903,9,8,1
double_twins_p19,"[0,2,38,40]",510510,9699690,19,34,33,8,010100000000000000000000001000010,21,0.00024681201151789385,6,5,1
double_twins_p19,"[0,2,38,40]",510510,9699690,19,34,33,8,010100001000000000000000000000000,30,0.00035258858788270555,8,7,1
double_twins_p19,"[0,2,38,40]",510510,9699690,19,34,33,8,010100001000000000000000000000010,28,0.00032908268202385847,5,4,1
double_twins_p19,"[0,2,38,40]",510510,9699690,19,34,33,8,010100001000000000000000001000000,12,0.0001410354351530822,6,5,1
double_twins_p19,"[0,2,38,40]",510510,9699690,19,34,33,9,000000000000000000000000000000001,114,0.001339836633954281,2,1,1
double_twins_p19,"[0,2,38,40]",510510,9699690,19,34,33,9,000000000000000000000000000000100,54,0.00063465945818887,2,1,1
double_twins_p19,"[0,2,38,40]",510510,9699690,19,34,33,9,000000000000000000000000000000101,48,0.0005641417406123288,3,2,1
double_twins_p19,"[0,2,38,40]",510510,9699690,19,34,33,9,000000000000000000000000010000000,110,0.001292824822236587,2,1,1
double_twins_p19,"[0,2,38,40]",510510,9699690,19,34,33,9,000000000000000000000000010000001,72,0.0008462126109184933,3,2,1
double_twins_p19,"[0,2,38,40]",510510,9699690,19,34,33,9,000000000000000000000000010000100,16,0.0001880472468707763,3,2,1
double_twins_p19,"[0,2,38,40]",510510,9699690,19,34,33,9,000000000000000000000000010000101,21,0.00024681201151789385,4,3,1
double_twins_p19,"[0,2,38,40]",510510,9699690,19,34,33,9,000000010000000000000000000000000,110,0.001292824822236587,2,1,1
double_twins_p19,"[0,2,38,40]",510510,9699690,19,34,33,9,000000010000000000000000000000001,35,0.00041135335252982314,4,3,1
double_twins_p19,"[0,2,38,40]",510510,9699690,19,34,33,9,000000010000000000000000000000100,51,0.0005994005994005994,3,2,1
double_twins_p19,"[0,2,38,40]",510510,9699690,19,34,33,9,000000010000000000000000000000101,19,0.00022330610565904683,5,4,1
double_twins_p19,"[0,2,38,40]",510510,9699690,19,34,33,9,000000010000000000000000010000000,118,0.001386848445671975,3,2,1
double_twins_p19,"[0,2,38,40]",510510,9699690,19,34,33,9,000000010000000000000000010000001,36,0.0004231063054592466,5,4,1
double_twins_p19,"[0,2,38,40]",510510,9699690,19,34,33,9,000000010000000000000000010000100,18,0.0002115531527296233,4,3,1
double_twins_p19,"[0,2,38,40]",510510,9699690,19,34,33,9,000000010000000000000000010000101,12,0.0001410354351530822,6,5,1
double_twins_p19,"[0,2,38,40]",510510,9699690,19,34,33,9,001000000000000000000000000000000,54,0.00063465945818887,2,1,1
double_twins_p19,"[0,2,38,40]",510510,9699690,19,34,33,9,001000000000000000000000000000001,68,0.0007992007992007992,3,2,1
double_twins_p19,"[0,2,38,40]",510510,9699690,19,34,33,9,001000000000000000000000000000100,106,0.001245813010518893,3,2,1
double_twins_p19,"[0,2,38,40]",510510,9699690,19,34,33,9,001000000000000000000000000000101,7,8.227067050596462e-05,4,3,1
double_twins_p19,"[0,2,38,40]",510510,9699690,19,34,33,9,001000000000000000000000010000000,51,0.0005994005994005994,3,2,1
double_twins_p19,"[0,2,38,40]",510510,9699690,19,34,33,9,001000000000000000000000010000001,56,0.0006581653640477169,4,3,1
double_twins_p19,"[0,2,38,40]",510510,9699690,19,34,33,9,001000000000000000000000010000100,83,0.0009754950931421519,4,3,1
double_twins_p19,"[0,2,38,40]",510510,9699690,19,34,33,9,001000000000000000000000010000101,28,0.00032908268202385847,5,4,1
double_twins_p19,"[0,2,38,40]",510510,9699690,19,34,33,9,001000010000000000000000000000000,16,0.0001880472468707763,3,2,1
double_twins_p19,"[0,2,38,40]",510510,9699690,19,34,33,9,001000010000000000000000000000001,12,0.0001410354351530822,5,4,1
double_twins_p19,"[0,2,38,40]",510510,9699690,19,34,33,9,001000010000000000000000000000100,83,0.0009754950931421519,4,3,1
double_twins_p19,"[0,2,38,40]",510510,9699690,19,34,33,9,001000010000000000000000000000101,21,0.00024681201151789385,6,5,1
double_twins_p19,"[0,2,38,40]",510510,9699690,19,34,33,9,001000010000000000000000010000000,18,0.0002115531527296233,4,3,1
double_twins_p19,"[0,2,38,40]",510510,9699690,19,34,33,9,100000000000000000000000000000000,114,0.001339836633954281,2,1,1
double_twins_p19,"[0,2,38,40]",510510,9699690,19,34,33,9,100000000000000000000000000000001,102,0.0011988011988011988,4,3,1
double_twins_p19,"[0,2,38,40]",510510,9699690,19,34,33,9,100000000000000000000000000000100,68,0.0007992007992007992,3,2,1
double_twins_p19,"[0,2,38,40]",510510,9699690,19,34,33,9,100000000000000000000000000000101,39,0.0004583651642475172,5,4,1
double_twins_p19,"[0,2,38,40]",510510,9699690,19,34,33,9,100000000000000000000000010000000,35,0.00041135335252982314,4,3,1
double_twins_p19,"[0,2,38,40]",510510,9699690,19,34,33,9,100000000000000000000000010000001,24,0.0002820708703061644,5,4,1
double_twins_p19,"[0,2,38,40]",510510,9699690,19,34,33,9,100000000000000000000000010000100,12,0.0001410354351530822,5,4,1
double_twins_p19,"[0,2,38,40]",510510,9699690,19,34,33,9,100000000000000000000000010000101,9,0.00010577657636481166,6,5,1
double_twins_p19,"[0,2,38,40]",510510,9699690,19,34,33,9,100000010000000000000000000000000,72,0.0008462126109184933,3,2,1
double_twins_p19,"[0,2,38,40]",510510,9699690,19,34,33,9,100000010000000000000000000000001,24,0.0002820708703061644,5,4,1
double_twins_p19,"[0,2,38,40]",510510,9699690,19,34,33,9,100000010000000000000000000000100,56,0.0006581653640477169,4,3,1
double_twins_p19,"[0,2,38,40]",510510,9699690,19,34,33,9,100000010000000000000000000000101,12,0.0001410354351530822,6,5,1
double_twins_p19,"[0,2,38,40]",510510,9699690,19,34,33,9,100000010000000000000000010000000,36,0.0004231063054592466,5,4,1
double_twins_p19,"[0,2,38,40]",510510,9699690,19,34,33,9,101000000000000000000000000000000,48,0.0005641417406123288,3,2,1
double_twins_p19,"[0,2,38,40]",510510,9699690,19,34,33,9,101000000000000000000000000000001,39,0.0004583651642475172,5,4,1
double_twins_p19,"[0,2,38,40]",510510,9699690,19,34,33,9,101000000000000000000000000000100,7,8.227067050596462e-05,4,3,1
double_twins_p19,"[0,2,38,40]",510510,9699690,19,34,33,9,101000000000000000000000010000000,19,0.00022330610565904683,5,4,1
double_twins_p19,"[0,2,38,40]",510510,9699690,19,34,33,9,101000000000000000000000010000001,12,0.0001410354351530822,6,5,1
double_twins_p19,"[0,2,38,40]",510510,9699690,19,34,33,9,101000000000000000000000010000100,21,0.00024681201151789385,6,5,1
double_twins_p19,"[0,2,38,40]",510510,9699690,19,34,33,9,101000010000000000000000000000000,21,0.00024681201151789385,4,3,1
double_twins_p19,"[0,2,38,40]",510510,9699690,19,34,33,9,101000010000000000000000000000001,9,0.00010577657636481166,6,5,1
double_twins_p19,"[0,2,38,40]",510510,9699690,19,34,33,9,101000010000000000000000000000100,28,0.00032908268202385847,5,4,1
double_twins_p19,"[0,2,38,40]",510510,9699690,19,34,33,9,101000010000000000000000010000000,12,0.0001410354351530822,6,5,1
double_twins_p19,"[0,2,38,40]",510510,9699690,19,34,33,10,000000000000000000000000000000010,216,0.00253863783275548,2,1,1
double_twins_p19,"[0,2,38,40]",510510,9699690,19,34,33,10,000000000000000000000000000001000,122,0.0014338602573896692,2,1,1
double_twins_p19,"[0,2,38,40]",510510,9699690,19,34,33,10,000000000000000000000000000001010,87,0.001022506904859846,3,2,1
double_twins_p19,"[0,2,38,40]",510510,9699690,19,34,33,10,000000000000000000000000100000000,145,0.00170417817476641,2,1,1
double_twins_p19,"[0,2,38,40]",510510,9699690,19,34,33,10,000000000000000000000000100000010,96,0.0011282834812246577,3,2,1
double_twins_p19,"[0,2,38,40]",510510,9699690,19,34,33,10,000000000000000000000000100001000,28,0.00032908268202385847,3,2,1
double_twins_p19,"[0,2,38,40]",510510,9699690,19,34,33,10,000000000000000000000000100001010,30,0.00035258858788270555,4,3,1
double_twins_p19,"[0,2,38,40]",510510,9699690,19,34,33,10,000000100000000000000000000000000,182,0.0021390374331550803,2,1,1
double_twins_p19,"[0,2,38,40]",510510,9699690,19,34,33,10,000000100000000000000000000000010,59,0.0006934242228359875,4,3,1
double_twins_p19,"[0,2,38,40]",510510,9699690,19,34,33,10,000000100000000000000000000001000,107,0.0012575659634483163,3,2,1
double_twins_p19,"[0,2,38,40]",510510,9699690,19,34,33,10,000000100000000000000000000001010,31,0.00036434154081212903,5,4,1
double_twins_p19,"[0,2,38,40]",510510,9699690,19,34,33,10,000000100000000000000000100000000,154,0.0018099547511312218,3,2,1
double_twins_p19,"[0,2,38,40]",510510,9699690,19,34,33,10,000000100000000000000000100000010,36,0.0004231063054592466,5,4,1
double_twins_p19,"[0,2,38,40]",510510,9699690,19,34,33,10,000000100000000000000000100001000,18,0.0002115531527296233,4,3,1
double_twins_p19,"[0,2,38,40]",510510,9699690,19,34,33,10,000000100000000000000000100001010,12,0.0001410354351530822,6,5,1
double_twins_p19,"[0,2,38,40]",510510,9699690,19,34,33,10,010000000000000000000000000000000,102,0.0011988011988011988,2,1,1
double_twins_p19,"[0,2,38,40]",510510,9699690,19,34,33,10,010000000000000000000000000000010,107,0.0012575659634483163,3,2,1
double_twins_p19,"[0,2,38,40]",510510,9699690,19,34,33,10,010000000000000000000000000001000,113,0.0013280836810248575,3,2,1
double_twins_p19,"[0,2,38,40]",510510,9699690,19,34,33,10,010000000000000000000000000001010,7,8.227067050596462e-05,4,3,1
double_twins_p19,"[0,2,38,40]",510510,9699690,19,34,33,10,010000000000000000000000100000000,70,0.0008227067050596463,3,2,1
double_twins_p19,"[0,2,38,40]",510510,9699690,19,34,33,10,010000000000000000000000100000010,68,0.0007992007992007992,4,3,1
double_twins_p19,"[0,2,38,40]",510510,9699690,19,34,33,10,010000000000000000000000100001000,104,0.0012223071046600458,4,3,1
double_twins_p19,"[0,2,38,40]",510510,9699690,19,34,33,10,010000000000000000000000100001010,28,0.00032908268202385847,5,4,1
double_twins_p19,"[0,2,38,40]",510510,9699690,19,34,33,10,010000100000000000000000000000000,37,0.00043485925838867017,3,2,1
double_twins_p19,"[0,2,38,40]",510510,9699690,19,34,33,10,010000100000000000000000000000010,21,0.00024681201151789385,5,4,1
double_twins_p19,"[0,2,38,40]",510510,9699690,19,34,33,10,010000100000000000000000000001000,111,0.0013045777751660105,4,3,1
double_twins_p19,"[0,2,38,40]",510510,9699690,19,34,33,10,010000100000000000000000000001010,21,0.00024681201151789385,6,5,1
double_twins_p19,"[0,2,38,40]",510510,9699690,19,34,33,10,010000100000000000000000100000000,30,0.00035258858788270555,4,3,1
double_twins_p19,"[0,2,38,40]",510510,9699690,19,34,33,11,000000000000000000000000000000000,289,0.0033966033966033966,2,1,1
double_twins_p19,"[0,2,38,40]",510510,9699690,19,34,33,11,000000000000000000000000000000100,216,0.00253863783275548,4,3,1
double_twins_p19,"[0,2,38,40]",510510,9699690,19,34,33,11,000000000000000000000000000010000,122,0.0014338602573896692,4,3,1
double_twins_p19,"[0,2,38,40]",510510,9699690,19,34,33,11,000000000000000000000000000010100,87,0.001022506904859846,6,5,1
double_twins_p19,"[0,2,38,40]",510510,9699690,19,34,33,11,000000000000000000000001000000000,145,0.00170417817476641,4,3,1
double_twins_p19,"[0,2,38,40]",510510,9699690,19,34,33,11,000000000000000000000001000000100,96,0.0011282834812246577,6,5,1
double_twins_p19,"[0,2,38,40]",510510,9699690,19,34,33,11,000000000000000000000001000010000,28,0.00032908268202385847,3,2,1
double_twins_p19,"[0,2,38,40]",510510,9699690,19,34,33,11,000000000000000000000001000010100,30,0.00035258858788270555,4,3,1
double_twins_p19,"[0,2,38,40]",510510,9699690,19,34,33,11,000001000000000000000000000000000,182,0.0021390374331550803,4,3,1
double_twins_p19,"[0,2,38,40]",510510,9699690,19,34,33,11,000001000000000000000000000000100,59,0.0006934242228359875,8,7,1
double_twins_p19,"[0,2,38,40]",510510,9699690,19,34,33,11,000001000000000000000000000010000,107,0.0012575659634483163,6,5,1
double_twins_p19,"[0,2,38,40]",510510,9699690,19,34,33,11,000001000000000000000000000010100,31,0.00036434154081212903,10,9,1
double_twins_p19,"[0,2,38,40]",510510,9699690,19,34,33,11,000001000000000000000001000000000,154,0.0018099547511312218,6,5,1
double_twins_p19,"[0,2,38,40]",510510,9699690,19,34,33,11,000001000000000000000001000000100,36,0.0004231063054592466,10,9,1
double_twins_p19,"[0,2,38,40]",510510,9699690,19,34,33,11,000001000000000000000001000010000,18,0.0002115531527296233,4,3,1
double_twins_p19,"[0,2,38,40]",510510,9699690,19,34,33,11,000001000000000000000001000010100,12,0.0001410354351530822,6,5,1
double_twins_p19,"[0,2,38,40]",510510,9699690,19,34,33,11,100000000000000000000000000000000,102,0.0011988011988011988,4,3,1
double_twins_p19,"[0,2,38,40]",510510,9699690,19,34,33,11,100000000000000000000000000000100,107,0.0012575659634483163,6,5,1
double_twins_p19,"[0,2,38,40]",510510,9699690,19,34,33,11,100000000000000000000000000010000,113,0.0013280836810248575,6,5,1
double_twins_p19,"[0,2,38,40]",510510,9699690,19,34,33,11,100000000000000000000000000010100,7,8.227067050596462e-05,8,7,1
double_twins_p19,"[0,2,38,40]",510510,9699690,19,34,33,11,100000000000000000000001000000000,70,0.0008227067050596463,6,5,1
double_twins_p19,"[0,2,38,40]",510510,9699690,19,34,33,11,100000000000000000000001000000100,68,0.0007992007992007992,8,7,1
double_twins_p19,"[0,2,38,40]",510510,9699690,19,34,33,11,100000000000000000000001000010000,104,0.0012223071046600458,8,7,1
double_twins_p19,"[0,2,38,40]",510510,9699690,19,34,33,11,100000000000000000000001000010100,28,0.00032908268202385847,10,9,1
double_twins_p19,"[0,2,38,40]",510510,9699690,19,34,33,11,100001000000000000000000000000000,37,0.00043485925838867017,6,5,1
double_twins_p19,"[0,2,38,40]",510510,9699690,19,34,33,11,100001000000000000000000000000100,21,0.00024681201151789385,10,9,1
double_twins_p19,"[0,2,38,40]",510510,9699690,19,34,33,11,100001000000000000000000000010000,111,0.0013045777751660105,8,7,1
double_twins_p19,"[0,2,38,40]",510510,9699690,19,34,33,11,100001000000000000000000000010100,21,0.00024681201151789385,12,11,1
double_twins_p19,"[0,2,38,40]",510510,9699690,19,34,33,11,100001000000000000000001000000000,30,0.00035258858788270555,8,7,1
double_twins_p19,"[0,2,38,40]",510510,9699690,19,34,33,12,000000000000000000000000000000001,163,0.0019157313274960333,2,1,1
double_twins_p19,"[0,2,38,40]",510510,9699690,19,34,33,12,000000000000000000000000000001000,229,0.0026914262208379857,2,1,1
double_twins_p19,"[0,2,38,40]",510510,9699690,19,34,33,12,000000000000000000000000000001001,94,0.0011047775753658107,3,2,1
double_twins_p19,"[0,2,38,40]",510510,9699690,19,34,33,12,000000000000000000000000000100000,176,0.002068519715578539,2,1,1
double_twins_p19,"[0,2,38,40]",510510,9699690,19,34,33,12,000000000000000000000000000100001,59,0.0006934242228359875,3,2,1
double_twins_p19,"[0,2,38,40]",510510,9699690,19,34,33,12,000000000000000000000000000101000,92,0.0010812716695069637,3,2,1
double_twins_p19,"[0,2,38,40]",510510,9699690,19,34,33,12,000000000000000000000000000101001,2,2.3505905858847036e-05,4,3,1
double_twins_p19,"[0,2,38,40]",510510,9699690,19,34,33,12,000000000000000000000010000000000,140,0.0016454134101192926,2,1,1
double_twins_p19,"[0,2,38,40]",510510,9699690,19,34,33,12,000000000000000000000010000000001,75,0.0008814714697067638,3,2,1
double_twins_p19,"[0,2,38,40]",510510,9699690,19,34,33,12,000000000000000000000010000001000,149,0.001751189986484104,3,2,1
double_twins_p19,"[0,2,38,40]",510510,9699690,19,34,33,12,000000000000000000000010000001001,15,0.00017629429394135277,4,3,1
double_twins_p19,"[0,2,38,40]",510510,9699690,19,34,33,12,000000000000000000000010000100000,110,0.001292824822236587,3,2,1
double_twins_p19,"[0,2,38,40]",510510,9699690,19,34,33,12,000000000000000000000010000100001,22,0.0002585649644473174,4,3,1
double_twins_p19,"[0,2,38,40]",510510,9699690,19,34,33,12,000000000000000000000010000101000,53,0.0006229065052594465,4,3,1
double_twins_p19,"[0,2,38,40]",510510,9699690,19,34,33,12,000000000000000000000010000101001,5,5.876476464711759e-05,5,4,1
double_twins_p19,"[0,2,38,40]",510510,9699690,19,34,33,12,000010000000000000000000000000000,108,0.00126931891637774,2,1,1
double_twins_p19,"[0,2,38,40]",510510,9699690,19,34,33,12,000010000000000000000000000000001,111,0.0013045777751660105,3,2,1
double_twins_p19,"[0,2,38,40]",510510,9699690,19,34,33,12,000010000000000000000000000001000,47,0.0005523887876829053,4,3,1
double_twins_p19,"[0,2,38,40]",510510,9699690,19,34,33,12,000010000000000000000000000001001,33,0.00038784744667097606,5,4,1
double_twins_p19,"[0,2,38,40]",510510,9699690,19,34,33,12,000010000000000000000000000100000,107,0.0012575659634483163,3,2,1
double_twins_p19,"[0,2,38,40]",510510,9699690,19,34,33,12,000010000000000000000000000100001,111,0.0013045777751660105,4,3,1
double_twins_p19,"[0,2,38,40]",510510,9699690,19,34,33,12,000010000000000000000000000101000,31,0.00036434154081212903,5,4,1
double_twins_p19,"[0,2,38,40]",510510,9699690,19,34,33,12,000010000000000000000000000101001,21,0.00024681201151789385,6,5,1
double_twins_p19,"[0,2,38,40]",510510,9699690,19,34,33,12,000010000000000000000010000000000,86,0.0010107539519304226,3,2,1
double_twins_p19,"[0,2,38,40]",510510,9699690,19,34,33,12,000010000000000000000010000000001,98,0.0011517893870835046,4,3,1
double_twins_p19,"[0,2,38,40]",510510,9699690,19,34,33,12,000010000000000000000010000001000,26,0.00030557677616501144,5,4,1
double_twins_p19,"[0,2,38,40]",510510,9699690,19,34,33,12,000010000000000000000010000001001,10,0.00011752952929423518,6,5,1
double_twins_p19,"[0,2,38,40]",510510,9699690,19,34,33,12,000010000000000000000010000100000,18,0.0002115531527296233,4,3,1
double_twins_p19,"[0,2,38,40]",510510,9699690,19,34,33,12,000010000000000000000010000101000,12,0.0001410354351530822,6,5,1
double_twins_p19,"[0,2,38,40]",510510,9699690,19,34,33,13,000000000000000000000000000000000,228,0.002679673267908562,2,1,1
double_twins_p19,"[0,2,38,40]",510510,9699690,19,34,33,13,000000000000000000000000000000010,163,0.0019157313274960333,4,3,1
double_twins_p19,"[0,2,38,40]",510510,9699690,19,34,33,13,000000000000000000000000000010000,229,0.0026914262208379857,4,3,1
double_twins_p19,"[0,2,38,40]",510510,9699690,19,34,33,13,000000000000000000000000000010010,94,0.0011047775753658107,6,5,1
double_twins_p19,"[0,2,38,40]",510510,9699690,19,34,33,13,000000000000000000000000001000000,176,0.002068519715578539,4,3,1
double_twins_p19,"[0,2,38,40]",510510,9699690,19,34,33,13,000000000000000000000000001000010,59,0.0006934242228359875,6,5,1
double_twins_p19,"[0,2,38,40]",510510,9699690,19,34,33,13,000000000000000000000000001010000,92,0.0010812716695069637,6,5,1
double_twins_p19,"[0,2,38,40]",510510,9699690,19,34,33,13,000000000000000000000000001010010,2,2.3505905858847036e-05,4,3,1
double_twins_p19,"[0,2,38,40]",510510,9699690,19,34,33,13,000000000000000000000100000000000,140,0.0016454134101192926,4,3,1
double_twins_p19,"[0,2,38,40]",510510,9699690,19,34,33,13,000000000000000000000100000000010,75,0.0008814714697067638,6,5,1
double_twins_p19,"[0,2,38,40]",510510,9699690,19,34,33,13,000000000000000000000100000010000,149,0.001751189986484104,6,5,1
double_twins_p19,"[0,2,38,40]",510510,9699690,19,34,33,13,000000000000000000000100000010010,15,0.00017629429394135277,8,7,1
double_twins_p19,"[0,2,38,40]",510510,9699690,19,34,33,13,000000000000000000000100001000000,110,0.001292824822236587,6,5,1
double_twins_p19,"[0,2,38,40]",510510,9699690,19,34,33,13,000000000000000000000100001000010,22,0.0002585649644473174,8,7,1
double_twins_p19,"[0,2,38,40]",510510,9699690,19,34,33,13,000000000000000000000100001010000,53,0.0006229065052594465,8,7,1
double_twins_p19,"[0,2,38,40]",510510,9699690,19,34,33,13,000000000000000000000100001010010,5,5.876476464711759e-05,5,4,1
double_twins_p19,"[0,2,38,40]",510510,9699690,19,34,33,13,000100000000000000000000000000000,108,0.00126931891637774,4,3,1
double_twins_p19,"[0,2,38,40]",510510,9699690,19,34,33,13,000100000000000000000000000000010,111,0.0013045777751660105,6,5,1
double_twins_p19,"[0,2,38,40]",510510,9699690,19,34,33,13,000100000000000000000000000010000,47,0.0005523887876829053,8,7,1
double_twins_p19,"[0,2,38,40]",510510,9699690,19,34,33,13,000100000000000000000000000010010,33,0.00038784744667097606,5,4,1
double_twins_p19,"[0,2,38,40]",510510,9699690,19,34,33,13,000100000000000000000000001000000,107,0.0012575659634483163,6,5,1
double_twins_p19,"[0,2,38,40]",510510,9699690,19,34,33,13,000100000000000000000000001000010,111,0.0013045777751660105,8,7,1
double_twins_p19,"[0,2,38,40]",510510,9699690,19,34,33,13,000100000000000000000000001010000,31,0.00036434154081212903,10,9,1
double_twins_p19,"[0,2,38,40]",510510,9699690,19,34,33,13,000100000000000000000000001010010,21,0.00024681201151789385,6,5,1
double_twins_p19,"[0,2,38,40]",510510,9699690,19,34,33,13,000100000000000000000100000000000,86,0.0010107539519304226,6,5,1
double_twins_p19,"[0,2,38,40]",510510,9699690,19,34,33,13,000100000000000000000100000000010,98,0.0011517893870835046,8,7,1
double_twins_p19,"[0,2,38,40]",510510,9699690,19,34,33,13,000100000000000000000100000010000,26,0.00030557677616501144,5,4,1
double_twins_p19,"[0,2,38,40]",510510,9699690,19,34,33,13,000100000000000000000100000010010,10,0.00011752952929423518,6,5,1
double_twins_p19,"[0,2,38,40]",510510,9699690,19,34,33,13,000100000000000000000100001000000,18,0.0002115531527296233,4,3,1
double_twins_p19,"[0,2,38,40]",510510,9699690,19,34,33,13,000100000000000000000100001010000,12,0.0001410354351530822,6,5,1
double_twins_p19,"[0,2,38,40]",510510,9699690,19,34,33,14,000000000000000000000000000000001,112,0.0013163307280954339,2,1,1
double_twins_p19,"[0,2,38,40]",510510,9699690,19,34,33,14,000000000000000000000000000000100,117,0.0013750954927425516,2,1,1
double_twins_p19,"[0,2,38,40]",510510,9699690,19,34,33,14,000000000000000000000000000000101,46,0.0005406358347534819,3,2,1
double_twins_p19,"[0,2,38,40]",510510,9699690,19,34,33,14,000000000000000000000000000100000,166,0.0019509901862843038,2,1,1
double_twins_p19,"[0,2,38,40]",510510,9699690,19,34,33,14,000000000000000000000000000100001,63,0.0007404360345536817,3,2,1
double_twins_p19,"[0,2,38,40]",510510,9699690,19,34,33,14,000000000000000000000000000100100,71,0.0008344596579890698,3,2,1
double_twins_p19,"[0,2,38,40]",510510,9699690,19,34,33,14,000000000000000000000000000100101,23,0.00027031791737674093,4,3,1
double_twins_p19,"[0,2,38,40]",510510,9699690,19,34,33,14,000000000000000000000000010000000,122,0.0014338602573896692,2,1,1
double_twins_p19,"[0,2,38,40]",510510,9699690,19,34,33,14,000000000000000000000000010000001,54,0.00063465945818887,3,2,1
double_twins_p19,"[0,2,38,40]",510510,9699690,19,34,33,14,000000000000000000000000010000100,31,0.00036434154081212903,3,2,1
double_twins_p19,"[0,2,38,40]",510510,9699690,19,34,33,14,000000000000000000000000010000101,28,0.00032908268202385847,4,3,1
double_twins_p19,"[0,2,38,40]",510510,9699690,19,34,33,14,000000000000000000000000010100000,54,0.00063465945818887,3,2,1
double_twins_p19,"[0,2,38,40]",510510,9699690,19,34,33,14,000000000000000000000000010100001,38,0.00044661221131809365,4,3,1
double_twins_p19,"[0,2,38,40]",510510,9699690,19,34,33,14,000000000000000000000000010100100,2,2.3505905858847036e-05,4,3,1
double_twins_p19,"[0,2,38,40]",510510,9699690,19,34,33,14,000000000000000000001000000000000,75,0.0008814714697067638,2,1,1
double_twins_p19,"[0,2,38,40]",510510,9699690,19,34,33,14,000000000000000000001000000000001,65,0.0007639419404125286,3,2,1
double_twins_p19,"[0,2,38,40]",510510,9699690,19,34,33,14,000000000000000000001000000000100,31,0.00036434154081212903,3,2,1
double_twins_p19,"[0,2,38,40]",510510,9699690,19,34,33,14,000000000000000000001000000000101,44,0.0005171299288946348,4,3,1
double_twins_p19,"[0,2,38,40]",510510,9699690,19,34,33,14,000000000000000000001000000100000,114,0.001339836633954281,3,2,1
double_twins_p19,"[0,2,38,40]",510510,9699690,19,34,33,14,000000000000000000001000000100001,35,0.00041135335252982314,4,3,1
double_twins_p19,"[0,2,38,40]",510510,9699690,19,34,33,14,000000000000000000001000000100100,10,0.00011752952929423518,4,3,1
double_twins_p19,"[0,2,38,40]",510510,9699690,19,34,33,14,000000000000000000001000000100101,5,5.876476464711759e-05,5,4,1
double_twins_p19,"[0,2,38,40]",510510,9699690,19,34,33,14,000000000000000000001000010000000,84,0.0009872480460715754,3,2,1
double_twins_p19,"[0,2,38,40]",510510,9699690,19,34,33,14,000000000000000000001000010000001,26,0.00030557677616501144,4,3,1
double_twins_p19,"[0,2,38,40]",510510,9699690,19,34,33,14,000000000000000000001000010000100,8,9.402362343538814e-05,4,3,1
double_twins_p19,"[0,2,38,40]",510510,9699690,19,34,33,14,000000000000000000001000010000101,14,0.00016454134101192923,5,4,1
double_twins_p19,"[0,2,38,40]",510510,9699690,19,34,33,14,000000000000000000001000010100000,39,0.0004583651642475172,4,3,1
double_twins_p19,"[0,2,38,40]",510510,9699690,19,34,33,14,000000000000000000001000010100001,14,0.00016454134101192923,5,4,1
double_twins_p19,"[0,2,38,40]",510510,9699690,19,34,33,14,000000000000000000001000010100100,5,5.876476464711759e-05,5,4,1
double_twins_p19,"[0,2,38,40]",510510,9699690,19,34,33,14,001000000000000000000000000000000,55,0.0006464124111182935,2,1,1
double_twins_p19,"[0,2,38,40]",510510,9699690,19,34,33,14,001000000000000000000000000000001,53,0.0006229065052594465,3,2,1
double_twins_p19,"[0,2,38,40]",510510,9699690,19,34,33,14,001000000000000000000000000000100,104,0.0012223071046600458,3,2,1
double_twins_p19,"[0,2,38,40]",510510,9699690,19,34,33,14,001000000000000000000000000000101,7,8.227067050596462e-05,4,3,1
double_twins_p19,"[0,2,38,40]",510510,9699690,19,34,33,14,001000000000000000000000000100000,23,0.00027031791737674093,4,3,1
double_twins_p19,"[0,2,38,40]",510510,9699690,19,34,33,14,001000000000000000000000000100001,24,0.0002820708703061644,5,4,1
double_twins_p19,"[0,2,38,40]",510510,9699690,19,34,33,14,001000000000000000000000000100100,33,0.00038784744667097606,5,4,1
double_twins_p19,"[0,2,38,40]",510510,9699690,19,34,33,14,001000000000000000000000010000000,57,0.0006699183169771405,3,2,1
double_twins_p19,"[0,2,38,40]",510510,9699690,19,34,33,14,001000000000000000000000010000001,50,0.0005876476464711759,4,3,1
double_twins_p19,"[0,2,38,40]",510510,9699690,19,34,33,14,001000000000000000000000010000100,83,0.0009754950931421519,4,3,1
double_twins_p19,"[0,2,38,40]",510510,9699690,19,34,33,14,001000000000000000000000010000101,28,0.00032908268202385847,5,4,1
double_twins_p19,"[0,2,38,40]",510510,9699690,19,34,33,14,001000000000000000000000010100000,13,0.00015278838808250572,5,4,1
double_twins_p19,"[0,2,38,40]",510510,9699690,19,34,33,14,001000000000000000000000010100001,18,0.0002115531527296233,6,5,1
double_twins_p19,"[0,2,38,40]",510510,9699690,19,34,33,14,001000000000000000000000010100100,21,0.00024681201151789385,6,5,1
double_twins_p19,"[0,2,38,40]",510510,9699690,19,34,33,14,001000000000000000001000000000000,35,0.00041135335252982314,3,2,1
double_twins_p19,"[0,2,38,40]",510510,9699690,19,34,33,14,001000000000000000001000000000001,51,0.0005994005994005994,4,3,1
double_twins_p19,"[0,2,38,40]",510510,9699690,19,34,33,14,001000000000000000001000000000100,77,0.0009049773755656109,4,3,1
double_twins_p19,"[0,2,38,40]",510510,9699690,19,34,33,14,001000000000000000001000000000101,21,0.00024681201151789385,5,4,1
double_twins_p19,"[0,2,38,40]",510510,9699690,19,34,33,14,001000000000000000001000000100000,26,0.00030557677616501144,5,4,1
double_twins_p19,"[0,2,38,40]",510510,9699690,19,34,33,14,001000000000000000001000000100100,10,0.00011752952929423518,6,5,1
double_twins_p19,"[0,2,38,40]",510510,9699690,19,34,33,14,001000000000000000001000010000000,18,0.0002115531527296233,4,3,1
double_twins_p19,"[0,2,38,40]",510510,9699690,19,34,33,14,001000000000000000001000010100000,12,0.0001410354351530822,6,5,1
double_twins_p19,"[0,2,38,40]",510510,9699690,19,34,33,15,000000000000000000000000000000010,112,0.0013163307280954339,2,1,1
double_twins_p19,"[0,2,38,40]",510510,9699690,19,34,33,15,000000000000000000000000000001000,117,0.0013750954927425516,2,1,1
double_twins_p19,"[0,2,38,40]",510510,9699690,19,34,33,15,000000000000000000000000000001010,46,0.0005406358347534819,3,2,1
double_twins_p19,"[0,2,38,40]",510510,9699690,19,34,33,15,000000000000000000000000001000000,166,0.0019509901862843038,2,1,1
double_twins_p19,"[0,2,38,40]",510510,9699690,19,34,33,15,000000000000000000000000001000010,63,0.0007404360345536817,3,2,1
double_twins_p19,"[0,2,38,40]",510510,9699690,19,34,33,15,000000000000000000000000001001000,71,0.0008344596579890698,3,2,1
double_twins_p19,"[0,2,38,40]",510510,9699690,19,34,33,15,000000000000000000000000001001010,23,0.00027031791737674093,4,3,1
double_twins_p19,"[0,2,38,40]",510510,9699690,19,34,33,15,000000000000000000000000100000000,122,0.0014338602573896692,2,1,1
double_twins_p19,"[0,2,38,40]",510510,9699690,19,34,33,15,000000000000000000000000100000010,54,0.00063465945818887,3,2,1
double_twins_p19,"[0,2,38,40]",510510,9699690,19,34,33,15,000000000000000000000000100001000,31,0.00036434154081212903,3,2,1
double_twins_p19,"[0,2,38,40]",510510,9699690,19,34,33,15,000000000000000000000000100001010,28,0.00032908268202385847,4,3,1
double_twins_p19,"[0,2,38,40]",510510,9699690,19,34,33,15,000000000000000000000000101000000,54,0.00063465945818887,3,2,1
double_twins_p19,"[0,2,38,40]",510510,9699690,19,34,33,15,000000000000000000000000101000010,38,0.00044661221131809365,4,3,1
double_twins_p19,"[0,2,38,40]",510510,9699690,19,34,33,15,000000000000000000000000101001000,2,2.3505905858847036e-05,4,3,1
double_twins_p19,"[0,2,38,40]",510510,9699690,19,34,33,15,000000000000000000010000000000000,75,0.0008814714697067638,2,1,1
double_twins_p19,"[0,2,38,40]",510510,9699690,19,34,33,15,000000000000000000010000000000010,65,0.0007639419404125286,3,2,1
double_twins_p19,"[0,2,38,40]",510510,9699690,19,34,33,15,000000000000000000010000000001000,31,0.00036434154081212903,3,2,1
double_twins_p19,"[0,2,38,40]",510510,9699690,19,34,33,15,000000000000000000010000000001010,44,0.0005171299288946348,4,3,1
double_twins_p19,"[0,2,38,40]",510510,9699690,19,34,33,15,000000000000000000010000001000000,114,0.001339836633954281,3,2,1
double_twins_p19,"[0,2,38,40]",510510,9699690,19,34,33,15,000000000000000000010000001000010,35,0.00041135335252982314,4,3,1
double_twins_p19,"[0,2,38,40]",510510,9699690,19,34,33,15,000000000000000000010000001001000,10,0.00011752952929423518,4,3,1
double_twins_p19,"[0,2,38,40]",510510,9699690,19,34,33,15,000000000000000000010000001001010,5,5.876476464711759e-05,5,4,1
double_twins_p19,"[0,2,38,40]",510510,9699690,19,34,33,15,000000000000000000010000100000000,84,0.0009872480460715754,3,2,1
double_twins_p19,"[0,2,38,40]",510510,9699690,19,34,33,15,000000000000000000010000100000010,26,0.00030557677616501144,4,3,1
double_twins_p19,"[0,2,38,40]",510510,9699690,19,34,33,15,000000000000000000010000100001000,8,9.402362343538814e-05,4,3,1
double_twins_p19,"[0,2,38,40]",510510,9699690,19,34,33,15,000000000000000000010000100001010,14,0.00016454134101192923,5,4,1
double_twins_p19,"[0,2,38,40]",510510,9699690,19,34,33,15,000000000000000000010000101000000,39,0.0004583651642475172,4,3,1
double_twins_p19,"[0,2,38,40]",510510,9699690,19,34,33,15,000000000000000000010000101000010,14,0.00016454134101192923,5,4,1
double_twins_p19,"[0,2,38,40]",510510,9699690,19,34,33,15,000000000000000000010000101001000,5,5.876476464711759e-05,5,4,1
double_twins_p19,"[0,2,38,40]",510510,9699690,19,34,33,15,010000000000000000000000000000000,55,0.0006464124111182935,2,1,1
double_twins_p19,"[0,2,38,40]",510510,9699690,19,34,33,15,010000000000000000000000000000010,53,0.0006229065052594465,3,2,1
double_twins_p19,"[0,2,38,40]",510510,9699690,19,34,33,15,010000000000000000000000000001000,104,0.0012223071046600458,3,2,1
double_twins_p19,"[0,2,38,40]",510510,9699690,19,34,33,15,010000000000000000000000000001010,7,8.227067050596462e-05,4,3,1
double_twins_p19,"[0,2,38,40]",510510,9699690,19,34,33,15,010000000000000000000000001000000,23,0.00027031791737674093,4,3,1
double_twins_p19,"[0,2,38,40]",510510,9699690,19,34,33,15,010000000000000000000000001000010,24,0.0002820708703061644,5,4,1
double_twins_p19,"[0,2,38,40]",510510,9699690,19,34,33,15,010000000000000000000000001001000,33,0.00038784744667097606,5,4,1
double_twins_p19,"[0,2,38,40]",510510,9699690,19,34,33,15,010000000000000000000000100000000,57,0.0006699183169771405,3,2,1
double_twins_p19,"[0,2,38,40]",510510,9699690,19,34,33,15,010000000000000000000000100000010,50,0.0005876476464711759,4,3,1
double_twins_p19,"[0,2,38,40]",510510,9699690,19,34,33,15,010000000000000000000000100001000,83,0.0009754950931421519,4,3,1
double_twins_p19,"[0,2,38,40]",510510,9699690,19,34,33,15,010000000000000000000000100001010,28,0.00032908268202385847,5,4,1
double_twins_p19,"[0,2,38,40]",510510,9699690,19,34,33,15,010000000000000000000000101000000,13,0.00015278838808250572,5,4,1
double_twins_p19,"[0,2,38,40]",510510,9699690,19,34,33,15,010000000000000000000000101000010,18,0.0002115531527296233,6,5,1
double_twins_p19,"[0,2,38,40]",510510,9699690,19,34,33,15,010000000000000000000000101001000,21,0.00024681201151789385,6,5,1
double_twins_p19,"[0,2,38,40]",510510,9699690,19,34,33,15,010000000000000000010000000000000,35,0.00041135335252982314,3,2,1
double_twins_p19,"[0,2,38,40]",510510,9699690,19,34,33,15,010000000000000000010000000000010,51,0.0005994005994005994,4,3,1
double_twins_p19,"[0,2,38,40]",510510,9699690,19,34,33,15,010000000000000000010000000001000,77,0.0009049773755656109,4,3,1
double_twins_p19,"[0,2,38,40]",510510,9699690,19,34,33,15,010000000000000000010000000001010,21,0.00024681201151789385,5,4,1
double_twins_p19,"[0,2,38,40]",510510,9699690,19,34,33,15,010000000000000000010000001000000,26,0.00030557677616501144,5,4,1
double_twins_p19,"[0,2,38,40]",510510,9699690,19,34,33,15,010000000000000000010000001001000,10,0.00011752952929423518,6,5,1
double_twins_p19,"[0,2,38,40]",510510,9699690,19,34,33,15,010000000000000000010000100000000,18,0.0002115531527296233,4,3,1
double_twins_p19,"[0,2,38,40]",510510,9699690,19,34,33,15,010000000000000000010000101000000,12,0.0001410354351530822,6,5,1
double_twins_p19,"[0,2,38,40]",510510,9699690,19,34,33,16,000000000000000000000000000000100,112,0.0013163307280954339,2,1,1
double_twins_p19,"[0,2,38,40]",510510,9699690,19,34,33,16,000000000000000000000000000010000,117,0.0013750954927425516,2,1,1
double_twins_p19,"[0,2,38,40]",510510,9699690,19,34,33,16,000000000000000000000000000010100,46,0.0005406358347534819,3,2,1
double_twins_p19,"[0,2,38,40]",510510,9699690,19,34,33,16,000000000000000000000000010000000,166,0.0019509901862843038,2,1,1
double_twins_p19,"[0,2,38,40]",510510,9699690,19,34,33,16,000000000000000000000000010000100,63,0.0007404360345536817,3,2,1
double_twins_p19,"[0,2,38,40]",510510,9699690,19,34,33,16,000000000000000000000000010010000,71,0.0008344596579890698,3,2,1
double_twins_p19,"[0,2,38,40]",510510,9699690,19,34,33,16,000000000000000000000000010010100,23,0.00027031791737674093,4,3,1
double_twins_p19,"[0,2,38,40]",510510,9699690,19,34,33,16,000000000000000000000001000000000,122,0.0014338602573896692,2,1,1
double_twins_p19,"[0,2,38,40]",510510,9699690,19,34,33,16,000000000000000000000001000000100,54,0.00063465945818887,3,2,1
double_twins_p19,"[0,2,38,40]",510510,9699690,19,34,33,16,000000000000000000000001000010000,31,0.00036434154081212903,3,2,1
double_twins_p19,"[0,2,38,40]",510510,9699690,19,34,33,16,000000000000000000000001000010100,28,0.00032908268202385847,4,3,1
double_twins_p19,"[0,2,38,40]",510510,9699690,19,34,33,16,000000000000000000000001010000000,54,0.00063465945818887,3,2,1
double_twins_p19,"[0,2,38,40]",510510,9699690,19,34,33,16,000000000000000000000001010000100,38,0.00044661221131809365,4,3,1
double_twins_p19,"[0,2,38,40]",510510,9699690,19,34,33,16,000000000000000000000001010010000,2,2.3505905858847036e-05,4,3,1
double_twins_p19,"[0,2,38,40]",510510,9699690,19,34,33,16,000000000000000000100000000000000,75,0.0008814714697067638,2,1,1
double_twins_p19,"[0,2,38,40]",510510,9699690,19,34,33,16,000000000000000000100000000000100,65,0.0007639419404125286,3,2,1
double_twins_p19,"[0,2,38,40]",510510,9699690,19,34,33,16,000000000000000000100000000010000,31,0.00036434154081212903,3,2,1
double_twins_p19,"[0,2,38,40]",510510,9699690,19,34,33,16,000000000000000000100000000010100,44,0.0005171299288946348,4,3,1
double_twins_p19,"[0,2,38,40]",510510,9699690,19,34,33,16,000000000000000000100000010000000,114,0.001339836633954281,3,2,1
double_twins_p19,"[0,2,38,40]",510510,9699690,19,34,33,16,000000000000000000100000010000100,35,0.00041135335252982314,4,3,1
double_twins_p19,"[0,2,38,40]",510510,9699690,19,34,33,16,000000000000000000100000010010000,10,0.00011752952929423518,4,3,1
double_twins_p19,"[0,2,38,40]",510510,9699690,19,34,33,16,000000000000000000100000010010100,5,5.876476464711759e-05,5,4,1
double_twins_p19,"[0,2,38,40]",510510,9699690,19,34,33,16,000000000000000000100001000000000,84,0.0009872480460715754,3,2,1
double_twins_p19,"[0,2,38,40]",510510,9699690,19,34,33,16,000000000000000000100001000000100,26,0.00030557677616501144,4,3,1
double_twins_p19,"[0,2,38,40]",510510,9699690,19,34,33,16,000000000000000000100001000010000,8,9.402362343538814e-05,4,3,1
double_twins_p19,"[0,2,38,40]",510510,9699690,19,34,33,16,000000000000000000100001000010100,14,0.00016454134101192923,5,4,1
double_twins_p19,"[0,2,38,40]",510510,9699690,19,34,33,16,000000000000000000100001010000000,39,0.0004583651642475172,4,3,1
double_twins_p19,"[0,2,38,40]",510510,9699690,19,34,33,16,000000000000000000100001010000100,14,0.00016454134101192923,5,4,1
double_twins_p19,"[0,2,38,40]",510510,9699690,19,34,33,16,000000000000000000100001010010000,5,5.876476464711759e-05,5,4,1
double_twins_p19,"[0,2,38,40]",510510,9699690,19,34,33,16,100000000000000000000000000000000,55,0.0006464124111182935,2,1,1
double_twins_p19,"[0,2,38,40]",510510,9699690,19,34,33,16,100000000000000000000000000000100,53,0.0006229065052594465,3,2,1
double_twins_p19,"[0,2,38,40]",510510,9699690,19,34,33,16,100000000000000000000000000010000,104,0.0012223071046600458,3,2,1
double_twins_p19,"[0,2,38,40]",510510,9699690,19,34,33,16,100000000000000000000000000010100,7,8.227067050596462e-05,4,3,1
double_twins_p19,"[0,2,38,40]",510510,9699690,19,34,33,16,100000000000000000000000010000000,23,0.00027031791737674093,4,3,1
double_twins_p19,"[0,2,38,40]",510510,9699690,19,34,33,16,100000000000000000000000010000100,24,0.0002820708703061644,5,4,1
double_twins_p19,"[0,2,38,40]",510510,9699690,19,34,33,16,100000000000000000000000010010000,33,0.00038784744667097606,5,4,1
double_twins_p19,"[0,2,38,40]",510510,9699690,19,34,33,16,100000000000000000000001000000000,57,0.0006699183169771405,3,2,1
double_twins_p19,"[0,2,38,40]",510510,9699690,19,34,33,16,100000000000000000000001000000100,50,0.0005876476464711759,4,3,1
double_twins_p19,"[0,2,38,40]",510510,9699690,19,34,33,16,100000000000000000000001000010000,83,0.0009754950931421519,4,3,1
double_twins_p19,"[0,2,38,40]",510510,9699690,19,34,33,16,100000000000000000000001000010100,28,0.00032908268202385847,5,4,1
double_twins_p19,"[0,2,38,40]",510510,9699690,19,34,33,16,100000000000000000000001010000000,13,0.00015278838808250572,5,4,1
double_twins_p19,"[0,2,38,40]",510510,9699690,19,34,33,16,100000000000000000000001010000100,18,0.0002115531527296233,6,5,1
double_twins_p19,"[0,2,38,40]",510510,9699690,19,34,33,16,100000000000000000000001010010000,21,0.00024681201151789385,6,5,1
double_twins_p19,"[0,2,38,40]",510510,9699690,19,34,33,16,100000000000000000100000000000000,35,0.00041135335252982314,3,2,1
double_twins_p19,"[0,2,38,40]",510510,9699690,19,34,33,16,100000000000000000100000000000100,51,0.0005994005994005994,4,3,1
double_twins_p19,"[0,2,38,40]",510510,9699690,19,34,33,16,100000000000000000100000000010000,77,0.0009049773755656109,4,3,1
double_twins_p19,"[0,2,38,40]",510510,9699690,19,34,33,16,100000000000000000100000000010100,21,0.00024681201151789385,5,4,1
double_twins_p19,"[0,2,38,40]",510510,9699690,19,34,33,16,100000000000000000100000010000000,26,0.00030557677616501144,5,4,1
double_twins_p19,"[0,2,38,40]",510510,9699690,19,34,33,16,100000000000000000100000010010000,10,0.00011752952929423518,6,5,1
double_twins_p19,"[0,2,38,40]",510510,9699690,19,34,33,16,100000000000000000100001000000000,18,0.0002115531527296233,4,3,1
double_twins_p19,"[0,2,38,40]",510510,9699690,19,34,33,16,100000000000000000100001010000000,12,0.0001410354351530822,6,5,1
double_twins_p19,"[0,2,38,40]",510510,9699690,19,34,33,17,000000000000000000000000000001000,165,0.0019392372333548805,2,1,1
double_twins_p19,"[0,2,38,40]",510510,9699690,19,34,33,17,000000000000000000000000000100000,221,0.0025974025974025974,2,1,1
double_twins_p19,"[0,2,38,40]",510510,9699690,19,34,33,17,000000000000000000000000000101000,53,0.0006229065052594465,3,2,1
double_twins_p19,"[0,2,38,40]",510510,9699690,19,34,33,17,000000000000000000000000100000000,189,0.002221308103661045,2,1,1
double_twins_p19,"[0,2,38,40]",510510,9699690,19,34,33,17,000000000000000000000000100001000,87,0.001022506904859846,3,2,1
double_twins_p19,"[0,2,38,40]",510510,9699690,19,34,33,17,000000000000000000000000100100000,104,0.0012223071046600458,3,2,1
double_twins_p19,"[0,2,38,40]",510510,9699690,19,34,33,17,000000000000000000000000100101000,23,0.00027031791737674093,4,3,1
double_twins_p19,"[0,2,38,40]",510510,9699690,19,34,33,17,000000000000000000000010000000000,179,0.0021037785743668095,2,1,1
double_twins_p19,"[0,2,38,40]",510510,9699690,19,34,33,17,000000000000000000000010000001000,104,0.0012223071046600458,3,2,1
double_twins_p19,"[0,2,38,40]",510510,9699690,19,34,33,17,000000000000000000000010000100000,114,0.001339836633954281,3,2,1
double_twins_p19,"[0,2,38,40]",510510,9699690,19,34,33,17,000000000000000000000010000101000,56,0.0006581653640477169,4,3,1
double_twins_p19,"[0,2,38,40]",510510,9699690,19,34,33,17,000000000000000000000010100000000,67,0.0007874478462713757,3,2,1
double_twins_p19,"[0,2,38,40]",510510,9699690,19,34,33,17,000000000000000000000010100001000,56,0.0006581653640477169,4,3,1
double_twins_p19,"[0,2,38,40]",510510,9699690,19,34,33,17,000000000000000000000010100100000,23,0.00027031791737674093,4,3,1
double_twins_p19,"[0,2,38,40]",510510,9699690,19,34,33,17,000000000000000001000000000000000,110,0.001292824822236587,2,1,1
double_twins_p19,"[0,2,38,40]",510510,9699690,19,34,33,17,000000000000000001000000000001000,116,0.001363342539813128,3,2,1
double_twins_p19,"[0,2,38,40]",510510,9699690,19,34,33,17,000000000000000001000000000100000,108,0.00126931891637774,3,2,1
double_twins_p19,"[0,2,38,40]",510510,9699690,19,34,33,17,000000000000000001000000000101000,65,0.0007639419404125286,4,3,1
double_twins_p19,"[0,2,38,40]",510510,9699690,19,34,33,17,000000000000000001000000100000000,140,0.0016454134101192926,3,2,1
double_twins_p19,"[0,2,38,40]",510510,9699690,19,34,33,17,000000000000000001000000100001000,35,0.00041135335252982314,4,3,1
double_twins_p19,"[0,2,38,40]",510510,9699690,19,34,33,17,000000000000000001000000100100000,20,0.00023505905858847037,4,3,1
double_twins_p19,"[0,2,38,40]",510510,9699690,19,34,33,17,000000000000000001000000100101000,5,5.876476464711759e-05,5,4,1
double_twins_p19,"[0,2,38,40]",510510,9699690,19,34,33,17,000000000000000001000010000000000,102,0.0011988011988011988,3,2,1
double_twins_p19,"[0,2,38,40]",510510,9699690,19,34,33,17,000000000000000001000010000001000,26,0.00030557677616501144,4,3,1
double_twins_p19,"[0,2,38,40]",510510,9699690,19,34,33,17,000000000000000001000010000100000,8,9.402362343538814e-05,4,3,1
double_twins_p19,"[0,2,38,40]",510510,9699690,19,34,33,17,000000000000000001000010000101000,14,0.00016454134101192923,5,4,1
double_twins_p19,"[0,2,38,40]",510510,9699690,19,34,33,17,000000000000000001000010100000000,51,0.0005994005994005994,4,3,1
double_twins_p19,"[0,2,38,40]",510510,9699690,19,34,33,17,000000000000000001000010100001000,14,0.00016454134101192923,5,4,1
double_twins_p19,"[0,2,38,40]",510510,9699690,19,34,33,17,000000000000000001000010100100000,5,5.876476464711759e-05,5,4,1
double_twins_p19,"[0,2,38,40]",510510,9699690,19,34,33,18,000000000000000000000000000000000,171,0.0020097549509314216,2,1,1
double_twins_p19,"[0,2,38,40]",510510,9699690,19,34,33,18,000000000000000000000000000010000,165,0.0019392372333548805,4,3,1
double_twins_p19,"[0,2,38,40]",510510,9699690,19,34,33,18,000000000000000000000000001000000,221,0.0025974025974025974,4,3,1
double_twins_p19,"[0,2,38,40]",510510,9699690,19,34,33,18,000000000000000000000000001010000,53,0.0006229065052594465,6,5,1
double_twins_p19,"[0,2,38,40]",510510,9699690,19,34,33,18,000000000000000000000001000000000,189,0.002221308103661045,4,3,1
double_twins_p19,"[0,2,38,40]",510510,9699690,19,34,33,18,000000000000000000000001000010000,87,0.001022506904859846,6,5,1
double_twins_p19,"[0,2,38,40]",510510,9699690,19,34,33,18,000000000000000000000001001000000,104,0.0012223071046600458,6,5,1
double_twins_p19,"[0,2,38,40]",510510,9699690,19,34,33,18,000000000000000000000001001010000,23,0.00027031791737674093,8,7,1
double_twins_p19,"[0,2,38,40]",510510,9699690,19,34,33,18,000000000000000000000100000000000,179,0.0021037785743668095,4,3,1
double_twins_p19,"[0,2,38,40]",510510,9699690,19,34,33,18,000000000000000000000100000010000,104,0.0012223071046600458,6,5,1
double_twins_p19,"[0,2,38,40]",510510,9699690,19,34,33,18,000000000000000000000100001000000,114,0.001339836633954281,6,5,1
double_twins_p19,"[0,2,38,40]",510510,9699690,19,34,33,18,000000000000000000000100001010000,56,0.0006581653640477169,8,7,1
double_twins_p19,"[0,2,38,40]",510510,9699690,19,34,33,18,000000000000000000000101000000000,67,0.0007874478462713757,6,5,1
double_twins_p19,"[0,2,38,40]",510510,9699690,19,34,33,18,000000000000000000000101000010000,56,0.0006581653640477169,8,7,1
double_twins_p19,"[0,2,38,40]",510510,9699690,19,34,33,18,000000000000000000000101001000000,23,0.00027031791737674093,8,7,1
double_twins_p19,"[0,2,38,40]",510510,9699690,19,34,33,18,000000000000000010000000000000000,110,0.001292824822236587,4,3,1
double_twins_p19,"[0,2,38,40]",510510,9699690,19,34,33,18,000000000000000010000000000010000,116,0.001363342539813128,6,5,1
double_twins_p19,"[0,2,38,40]",510510,9699690,19,34,33,18,000000000000000010000000001000000,108,0.00126931891637774,6,5,1
double_twins_p19,"[0,2,38,40]",510510,9699690,19,34,33,18,000000000000000010000000001010000,65,0.0007639419404125286,8,7,1
double_twins_p19,"[0,2,38,40]",510510,9699690,19,34,33,18,000000000000000010000001000000000,140,0.0016454134101192926,6,5,1
double_twins_p19,"[0,2,38,40]",510510,9699690,19,34,33,18,000000000000000010000001000010000,35,0.00041135335252982314,4,3,1
double_twins_p19,"[0,2,38,40]",510510,9699690,19,34,33,18,000000000000000010000001001000000,20,0.00023505905858847037,8,7,1
double_twins_p19,"[0,2,38,40]",510510,9699690,19,34,33,18,000000000000000010000001001010000,5,5.876476464711759e-05,5,4,1
double_twins_p19,"[0,2,38,40]",510510,9699690,19,34,33,18,000000000000000010000100000000000,102,0.0011988011988011988,6,5,1
double_twins_p19,"[0,2,38,40]",510510,9699690,19,34,33,18,000000000000000010000100000010000,26,0.00030557677616501144,4,3,1
double_twins_p19,"[0,2,38,40]",510510,9699690,19,34,33,18,000000000000000010000100001000000,8,9.402362343538814e-05,4,3,1
double_twins_p19,"[0,2,38,40]",510510,9699690,19,34,33,18,000000000000000010000100001010000,14,0.00016454134101192923,5,4,1
double_twins_p19,"[0,2,38,40]",510510,9699690,19,34,33,18,000000000000000010000101000000000,51,0.0005994005994005994,8,7,1
double_twins_p19,"[0,2,38,40]",510510,9699690,19,34,33,18,000000000000000010000101000010000,14,0.00016454134101192923,5,4,1
double_twins_p19,"[0,2,38,40]",510510,9699690,19,34,33,18,000000000000000010000101001000000,5,5.876476464711759e-05,5,4,1
double_twins_p19,"[0,2,38,40]",510510,9699690,19,34,33,19,000000000000000000000000000000001,66,0.0007756948933419521,2,1,1
double_twins_p19,"[0,2,38,40]",510510,9699690,19,34,33,19,000000000000000000000000000100000,120,0.0014103543515308222,2,1,1
double_twins_p19,"[0,2,38,40]",510510,9699690,19,34,33,19,000000000000000000000000000100001,45,0.0005288828818240583,3,2,1
double_twins_p19,"[0,2,38,40]",510510,9699690,19,34,33,19,000000000000000000000000010000000,137,0.001610154551331022,2,1,1
double_twins_p19,"[0,2,38,40]",510510,9699690,19,34,33,19,000000000000000000000000010000001,84,0.0009872480460715754,3,2,1
double_twins_p19,"[0,2,38,40]",510510,9699690,19,34,33,19,000000000000000000000000010100000,44,0.0005171299288946348,3,2,1
double_twins_p19,"[0,2,38,40]",510510,9699690,19,34,33,19,000000000000000000000000010100001,9,0.00010577657636481166,4,3,1
double_twins_p19,"[0,2,38,40]",510510,9699690,19,34,33,19,000000000000000000000010000000000,137,0.001610154551331022,2,1,1
double_twins_p19,"[0,2,38,40]",510510,9699690,19,34,33,19,000000000000000000000010000000001,52,0.0006111535523300229,3,2,1
double_twins_p19,"[0,2,38,40]",510510,9699690,19,34,33,19,000000000000000000000010000100000,79,0.0009284832814244579,3,2,1
double_twins_p19,"[0,2,38,40]",510510,9699690,19,34,33,19,000000000000000000000010000100001,8,9.402362343538814e-05,4,3,1
double_twins_p19,"[0,2,38,40]",510510,9699690,19,34,33,19,000000000000000000000010010000000,94,0.0011047775753658107,3,2,1
double_twins_p19,"[0,2,38,40]",510510,9699690,19,34,33,19,000000000000000000000010010000001,10,0.00011752952929423518,4,3,1
double_twins_p19,"[0,2,38,40]",510510,9699690,19,34,33,19,000000000000000000000010010100000,18,0.0002115531527296233,4,3,1
double_twins_p19,"[0,2,38,40]",510510,9699690,19,34,33,19,000000000000000000000010010100001,5,5.876476464711759e-05,5,4,1
double_twins_p19,"[0,2,38,40]",510510,9699690,19,34,33,19,000000000000000000001000000000000,120,0.0014103543515308222,2,1,1
double_twins_p19,"[0,2,38,40]",510510,9699690,19,34,33,19,000000000000000000001000000000001,59,0.0006934242228359875,3,2,1
double_twins_p19,"[0,2,38,40]",510510,9699690,19,34,33,19,000000000000000000001000000100000,78,0.0009167303284950344,3,2,1
double_twins_p19,"[0,2,38,40]",510510,9699690,19,34,33,19,000000000000000000001000000100001,26,0.00030557677616501144,4,3,1
double_twins_p19,"[0,2,38,40]",510510,9699690,19,34,33,19,000000000000000000001000010000000,79,0.0009284832814244579,3,2,1
double_twins_p19,"[0,2,38,40]",510510,9699690,19,34,33,19,000000000000000000001000010000001,35,0.00041135335252982314,4,3,1
double_twins_p19,"[0,2,38,40]",510510,9699690,19,34,33,19,000000000000000000001000010100000,42,0.0004936240230357877,4,3,1
double_twins_p19,"[0,2,38,40]",510510,9699690,19,34,33,19,000000000000000000001000010100001,14,0.00016454134101192923,5,4,1
double_twins_p19,"[0,2,38,40]",510510,9699690,19,34,33,19,000000000000000000001010000000000,44,0.0005171299288946348,3,2,1
double_twins_p19,"[0,2,38,40]",510510,9699690,19,34,33,19,000000000000000000001010000000001,23,0.00027031791737674093,4,3,1
double_twins_p19,"[0,2,38,40]",510510,9699690,19,34,33,19,000000000000000000001010000100000,42,0.0004936240230357877,4,3,1
double_twins_p19,"[0,2,38,40]",510510,9699690,19,34,33,19,000000000000000000001010000100001,14,0.00016454134101192923,5,4,1
double_twins_p19,"[0,2,38,40]",510510,9699690,19,34,33,19,000000000000000000001010010000000,18,0.0002115531527296233,4,3,1
double_twins_p19,"[0,2,38,40]",510510,9699690,19,34,33,19,000000000000000000001010010000001,5,5.876476464711759e-05,5,4,1
double_twins_p19,"[0,2,38,40]",510510,9699690,19,34,33,19,000000000000000100000000000000000,66,0.0007756948933419521,2,1,1
double_twins_p19,"[0,2,38,40]",510510,9699690,19,34,33,19,000000000000000100000000000000001,44,0.0005171299288946348,3,2,1
double_twins_p19,"[0,2,38,40]",510510,9699690,19,34,33,19,000000000000000100000000000100000,59,0.0006934242228359875,3,2,1
double_twins_p19,"[0,2,38,40]",510510,9699690,19,34,33,19,000000000000000100000000000100001,57,0.0006699183169771405,4,3,1
double_twins_p19,"[0,2,38,40]",510510,9699690,19,34,33,19,000000000000000100000000010000000,52,0.0006111535523300229,3,2,1
double_twins_p19,"[0,2,38,40]",510510,9699690,19,34,33,19,000000000000000100000000010000001,56,0.0006581653640477169,4,3,1
double_twins_p19,"[0,2,38,40]",510510,9699690,19,34,33,19,000000000000000100000000010100000,23,0.00027031791737674093,4,3,1
double_twins_p19,"[0,2,38,40]",510510,9699690,19,34,33,19,000000000000000100000000010100001,42,0.0004936240230357877,5,4,1
double_twins_p19,"[0,2,38,40]",510510,9699690,19,34,33,19,000000000000000100000010000000000,84,0.0009872480460715754,3,2,1
double_twins_p19,"[0,2,38,40]",510510,9699690,19,34,33,19,000000000000000100000010000000001,56,0.0006581653640477169,4,3,1
double_twins_p19,"[0,2,38,40]",510510,9699690,19,34,33,19,000000000000000100000010000100000,35,0.00041135335252982314,4,3,1
double_twins_p19,"[0,2,38,40]",510510,9699690,19,34,33,19,000000000000000100000010010000000,10,0.00011752952929423518,4,3,1
double_twins_p19,"[0,2,38,40]",510510,9699690,19,34,33,19,000000000000000100000010010000001,10,0.00011752952929423518,5,4,1
double_twins_p19,"[0,2,38,40]",510510,9699690,19,34,33,19,000000000000000100000010010100000,5,5.876476464711759e-05,5,4,1
double_twins_p19,"[0,2,38,40]",510510,9699690,19,34,33,19,000000000000000100001000000000000,45,0.0005288828818240583,3,2,1
double_twins_p19,"[0,2,38,40]",510510,9699690,19,34,33,19,000000000000000100001000000000001,57,0.0006699183169771405,4,3,1
double_twins_p19,"[0,2,38,40]",510510,9699690,19,34,33,19,000000000000000100001000000100000,26,0.00030557677616501144,4,3,1
double_twins_p19,"[0,2,38,40]",510510,9699690,19,34,33,19,000000000000000100001000010000000,8,9.402362343538814e-05,4,3,1
double_twins_p19,"[0,2,38,40]",510510,9699690,19,34,33,19,000000000000000100001000010100000,14,0.00016454134101192923,5,4,1
double_twins_p19,"[0,2,38,40]",510510,9699690,19,34,33,19,000000000000000100001010000000000,9,0.00010577657636481166,4,3,1
double_twins_p19,"[0,2,38,40]",510510,9699690,19,34,33,19,000000000000000100001010000000001,42,0.0004936240230357877,5,4,1
double_twins_p19,"[0,2,38,40]",510510,9699690,19,34,33,19,000000000000000100001010000100000,14,0.00016454134101192923,5,4,1
double_twins_p19,"[0,2,38,40]",510510,9699690,19,34,33,19,000000000000000100001010010000000,5,5.876476464711759e-05,5,4,1
double_twins_p19,"[0,2,38,40]",510510,9699690,19,34,33,20,000000000000000000000000000000010,66,0.0007756948933419521,2,1,1
double_twins_p19,"[0,2,38,40]",510510,9699690,19,34,33,20,000000000000000000000000001000000,120,0.0014103543515308222,2,1,1
double_twins_p19,"[0,2,38,40]",510510,9699690,19,34,33,20,000000000000000000000000001000010,45,0.0005288828818240583,3,2,1
double_twins_p19,"[0,2,38,40]",510510,9699690,19,34,33,20,000000000000000000000000100000000,137,0.001610154551331022,2,1,1
double_twins_p19,"[0,2,38,40]",510510,9699690,19,34,33,20,000000000000000000000000100000010,84,0.0009872480460715754,3,2,1
double_twins_p19,"[0,2,38,40]",510510,9699690,19,34,33,20,000000000000000000000000101000000,44,0.0005171299288946348,3,2,1
double_twins_p19,"[0,2,38,40]",510510,9699690,19,34,33,20,000000000000000000000000101000010,9,0.00010577657636481166,4,3,1
double_twins_p19,"[0,2,38,40]",510510,9699690,19,34,33,20,000000000000000000000100000000000,137,0.001610154551331022,2,1,1
double_twins_p19,"[0,2,38,40]",510510,9699690,19,34,33,20,000000000000000000000100000000010,52,0.0006111535523300229,3,2,1
double_twins_p19,"[0,2,38,40]",510510,9699690,19,34,33,20,000000000000000000000100001000000,79,0.0009284832814244579,3,2,1
double_twins_p19,"[0,2,38,40]",510510,9699690,19,34,33,20,000000000000000000000100001000010,8,9.402362343538814e-05,4,3,1
double_twins_p19,"[0,2,38,40]",510510,9699690,19,34,33,20,000000000000000000000100100000000,94,0.0011047775753658107,3,2,1
double_twins_p19,"[0,2,38,40]",510510,9699690,19,34,33,20,000000000000000000000100100000010,10,0.00011752952929423518,4,3,1
double_twins_p19,"[0,2,38,40]",510510,9699690,19,34,33,20,000000000000000000000100101000000,18,0.0002115531527296233,4,3,1
double_twins_p19,"[0,2,38,40]",510510,9699690,19,34,33,20,000000000000000000000100101000010,5,5.876476464711759e-05,5,4,1
double_twins_p19,"[0,2,38,40]",510510,9699690,19,34,33,20,000000000000000000010000000000000,120,0.0014103543515308222,2,1,1
double_twins_p19,"[0,2,38,40]",510510,9699690,19,34,33,20,000000000000000000010000000000010,59,0.0006934242228359875,3,2,1
double_twins_p19,"[0,2,38,40]",510510,9699690,19,34,33,20,000000000000000000010000001000000,78,0.0009167303284950344,3,2,1
double_twins_p19,"[0,2,38,40]",510510,9699690,19,34,33,20,000000000000000000010000001000010,26,0.00030557677616501144,4,3,1
double_twins_p19,"[0,2,38,40]",510510,9699690,19,34,33,20,000000000000000000010000100000000,79,0.0009284832814244579,3,2,1
double_twins_p19,"[0,2,38,40]",510510,9699690,19,34,33,20,000000000000000000010000100000010,35,0.00041135335252982314,4,3,1
double_twins_p19,"[0,2,38,40]",510510,9699690,19,34,33,20,000000000000000000010000101000000,42,0.0004936240230357877,4,3,1
double_twins_p19,"[0,2,38,40]",510510,9699690,19,34,33,20,000000000000000000010000101000010,14,0.00016454134101192923,5,4,1
double_twins_p19,"[0,2,38,40]",510510,9699690,19,34,33,20,000000000000000000010100000000000,44,0.0005171299288946348,3,2,1
double_twins_p19,"[0,2,38,40]",510510,9699690,19,34,33,20,000000000000000000010100000000010,23,0.00027031791737674093,4,3,1
double_twins_p19,"[0,2,38,40]",510510,9699690,19,34,33,20,000000000000000000010100001000000,42,0.0004936240230357877,4,3,1
double_twins_p19,"[0,2,38,40]",510510,9699690,19,34,33,20,000000000000000000010100001000010,14,0.00016454134101192923,5,4,1
double_twins_p19,"[0,2,38,40]",510510,9699690,19,34,33,20,000000000000000000010100100000000,18,0.0002115531527296233,4,3,1
double_twins_p19,"[0,2,38,40]",510510,9699690,19,34,33,20,000000000000000000010100100000010,5,5.876476464711759e-05,5,4,1
double_twins_p19,"[0,2,38,40]",510510,9699690,19,34,33,20,000000000000001000000000000000000,66,0.0007756948933419521,2,1,1
double_twins_p19,"[0,2,38,40]",510510,9699690,19,34,33,20,000000000000001000000000000000010,44,0.0005171299288946348,3,2,1
double_twins_p19,"[0,2,38,40]",510510,9699690,19,34,33,20,000000000000001000000000001000000,59,0.0006934242228359875,3,2,1
double_twins_p19,"[0,2,38,40]",510510,9699690,19,34,33,20,000000000000001000000000001000010,57,0.0006699183169771405,4,3,1
double_twins_p19,"[0,2,38,40]",510510,9699690,19,34,33,20,000000000000001000000000100000000,52,0.0006111535523300229,3,2,1
double_twins_p19,"[0,2,38,40]",510510,9699690,19,34,33,20,000000000000001000000000100000010,56,0.0006581653640477169,4,3,1
double_twins_p19,"[0,2,38,40]",510510,9699690,19,34,33,20,000000000000001000000000101000000,23,0.00027031791737674093,4,3,1
double_twins_p19,"[0,2,38,40]",510510,9699690,19,34,33,20,000000000000001000000000101000010,42,0.0004936240230357877,5,4,1
double_twins_p19,"[0,2,38,40]",510510,9699690,19,34,33,20,000000000000001000000100000000000,84,0.0009872480460715754,3,2,1
double_twins_p19,"[0,2,38,40]",510510,9699690,19,34,33,20,000000000000001000000100000000010,56,0.0006581653640477169,4,3,1
double_twins_p19,"[0,2,38,40]",510510,9699690,19,34,33,20,000000000000001000000100001000000,35,0.00041135335252982314,4,3,1
double_twins_p19,"[0,2,38,40]",510510,9699690,19,34,33,20,000000000000001000000100100000000,10,0.00011752952929423518,4,3,1
double_twins_p19,"[0,2,38,40]",510510,9699690,19,34,33,20,000000000000001000000100100000010,10,0.00011752952929423518,5,4,1
double_twins_p19,"[0,2,38,40]",510510,9699690,19,34,33,20,000000000000001000000100101000000,5,5.876476464711759e-05,5,4,1
double_twins_p19,"[0,2,38,40]",510510,9699690,19,34,33,20,000000000000001000010000000000000,45,0.0005288828818240583,3,2,1
double_twins_p19,"[0,2,38,40]",510510,9699690,19,34,33,20,000000000000001000010000000000010,57,0.0006699183169771405,4,3,1
double_twins_p19,"[0,2,38,40]",510510,9699690,19,34,33,20,000000000000001000010000001000000,26,0.00030557677616501144,4,3,1
double_twins_p19,"[0,2,38,40]",510510,9699690,19,34,33,20,000000000000001000010000100000000,8,9.402362343538814e-05,4,3,1
double_twins_p19,"[0,2,38,40]",510510,9699690,19,34,33,20,000000000000001000010000101000000,14,0.00016454134101192923,5,4,1
double_twins_p19,"[0,2,38,40]",510510,9699690,19,34,33,20,000000000000001000010100000000000,9,0.00010577657636481166,4,3,1
double_twins_p19,"[0,2,38,40]",510510,9699690,19,34,33,20,000000000000001000010100000000010,42,0.0004936240230357877,5,4,1
double_twins_p19,"[0,2,38,40]",510510,9699690,19,34,33,20,000000000000001000010100001000000,14,0.00016454134101192923,5,4,1
double_twins_p19,"[0,2,38,40]",510510,9699690,19,34,33,20,000000000000001000010100100000000,5,5.876476464711759e-05,5,4,1
double_twins_p19,"[0,2,38,40]",510510,9699690,19,34,33,21,000000000000000000000000000000100,66,0.0007756948933419521,2,1,1
double_twins_p19,"[0,2,38,40]",510510,9699690,19,34,33,21,000000000000000000000000010000000,120,0.0014103543515308222,2,1,1
double_twins_p19,"[0,2,38,40]",510510,9699690,19,34,33,21,000000000000000000000000010000100,45,0.0005288828818240583,3,2,1
double_twins_p19,"[0,2,38,40]",510510,9699690,19,34,33,21,000000000000000000000001000000000,137,0.001610154551331022,2,1,1
double_twins_p19,"[0,2,38,40]",510510,9699690,19,34,33,21,000000000000000000000001000000100,84,0.0009872480460715754,3,2,1
double_twins_p19,"[0,2,38,40]",510510,9699690,19,34,33,21,000000000000000000000001010000000,44,0.0005171299288946348,3,2,1
double_twins_p19,"[0,2,38,40]",510510,9699690,19,34,33,21,000000000000000000000001010000100,9,0.00010577657636481166,4,3,1
double_twins_p19,"[0,2,38,40]",510510,9699690,19,34,33,21,000000000000000000001000000000000,137,0.001610154551331022,2,1,1
double_twins_p19,"[0,2,38,40]",510510,9699690,19,34,33,21,000000000000000000001000000000100,52,0.0006111535523300229,3,2,1
double_twins_p19,"[0,2,38,40]",510510,9699690,19,34,33,21,000000000000000000001000010000000,79,0.0009284832814244579,3,2,1
double_twins_p19,"[0,2,38,40]",510510,9699690,19,34,33,21,000000000000000000001000010000100,8,9.402362343538814e-05,4,3,1
double_twins_p19,"[0,2,38,40]",510510,9699690,19,34,33,21,000000000000000000001001000000000,94,0.0011047775753658107,3,2,1
double_twins_p19,"[0,2,38,40]",510510,9699690,19,34,33,21,000000000000000000001001000000100,10,0.00011752952929423518,4,3,1
double_twins_p19,"[0,2,38,40]",510510,9699690,19,34,33,21,000000000000000000001001010000000,18,0.0002115531527296233,4,3,1
double_twins_p19,"[0,2,38,40]",510510,9699690,19,34,33,21,000000000000000000001001010000100,5,5.876476464711759e-05,5,4,1
double_twins_p19,"[0,2,38,40]",510510,9699690,19,34,33,21,000000000000000000100000000000000,120,0.0014103543515308222,2,1,1
double_twins_p19,"[0,2,38,40]",510510,9699690,19,34,33,21,000000000000000000100000000000100,59,0.0006934242228359875,3,2,1
double_twins_p19,"[0,2,38,40]",510510,9699690,19,34,33,21,000000000000000000100000010000000,78,0.0009167303284950344,3,2,1
double_twins_p19,"[0,2,38,40]",510510,9699690,19,34,33,21,000000000000000000100000010000100,26,0.00030557677616501144,4,3,1
double_twins_p19,"[0,2,38,40]",510510,9699690,19,34,33,21,000000000000000000100001000000000,79,0.0009284832814244579,3,2,1
double_twins_p19,"[0,2,38,40]",510510,9699690,19,34,33,21,000000000000000000100001000000100,35,0.00041135335252982314,4,3,1
double_twins_p19,"[0,2,38,40]",510510,9699690,19,34,33,21,000000000000000000100001010000000,42,0.0004936240230357877,4,3,1
double_twins_p19,"[0,2,38,40]",510510,9699690,19,34,33,21,000000000000000000100001010000100,14,0.00016454134101192923,5,4,1
double_twins_p19,"[0,2,38,40]",510510,9699690,19,34,33,21,000000000000000000101000000000000,44,0.0005171299288946348,3,2,1
double_twins_p19,"[0,2,38,40]",510510,9699690,19,34,33,21,000000000000000000101000000000100,23,0.00027031791737674093,4,3,1
double_twins_p19,"[0,2,38,40]",510510,9699690,19,34,33,21,000000000000000000101000010000000,42,0.0004936240230357877,4,3,1
double_twins_p19,"[0,2,38,40]",510510,9699690,19,34,33,21,000000000000000000101000010000100,14,0.00016454134101192923,5,4,1
double_twins_p19,"[0,2,38,40]",510510,9699690,19,34,33,21,000000000000000000101001000000000,18,0.0002115531527296233,4,3,1
double_twins_p19,"[0,2,38,40]",510510,9699690,19,34,33,21,000000000000000000101001000000100,5,5.876476464711759e-05,5,4,1
double_twins_p19,"[0,2,38,40]",510510,9699690,19,34,33,21,000000000000010000000000000000000,66,0.0007756948933419521,2,1,1
double_twins_p19,"[0,2,38,40]",510510,9699690,19,34,33,21,000000000000010000000000000000100,44,0.0005171299288946348,3,2,1
double_twins_p19,"[0,2,38,40]",510510,9699690,19,34,33,21,000000000000010000000000010000000,59,0.0006934242228359875,3,2,1
double_twins_p19,"[0,2,38,40]",510510,9699690,19,34,33,21,000000000000010000000000010000100,57,0.0006699183169771405,4,3,1
double_twins_p19,"[0,2,38,40]",510510,9699690,19,34,33,21,000000000000010000000001000000000,52,0.0006111535523300229,3,2,1
double_twins_p19,"[0,2,38,40]",510510,9699690,19,34,33,21,000000000000010000000001000000100,56,0.0006581653640477169,4,3,1
double_twins_p19,"[0,2,38,40]",510510,9699690,19,34,33,21,000000000000010000000001010000000,23,0.00027031791737674093,4,3,1
double_twins_p19,"[0,2,38,40]",510510,9699690,19,34,33,21,000000000000010000000001010000100,42,0.0004936240230357877,5,4,1
double_twins_p19,"[0,2,38,40]",510510,9699690,19,34,33,21,000000000000010000001000000000000,84,0.0009872480460715754,3,2,1
double_twins_p19,"[0,2,38,40]",510510,9699690,19,34,33,21,000000000000010000001000000000100,56,0.0006581653640477169,4,3,1
double_twins_p19,"[0,2,38,40]",510510,9699690,19,34,33,21,000000000000010000001000010000000,35,0.00041135335252982314,4,3,1
double_twins_p19,"[0,2,38,40]",510510,9699690,19,34,33,21,000000000000010000001001000000000,10,0.00011752952929423518,4,3,1
double_twins_p19,"[0,2,38,40]",510510,9699690,19,34,33,21,000000000000010000001001000000100,10,0.00011752952929423518,5,4,1
double_twins_p19,"[0,2,38,40]",510510,9699690,19,34,33,21,000000000000010000001001010000000,5,5.876476464711759e-05,5,4,1
double_twins_p19,"[0,2,38,40]",510510,9699690,19,34,33,21,000000000000010000100000000000000,45,0.0005288828818240583,3,2,1
double_twins_p19,"[0,2,38,40]",510510,9699690,19,34,33,21,000000000000010000100000000000100,57,0.0006699183169771405,4,3,1
double_twins_p19,"[0,2,38,40]",510510,9699690,19,34,33,21,000000000000010000100000010000000,26,0.00030557677616501144,4,3,1
double_twins_p19,"[0,2,38,40]",510510,9699690,19,34,33,21,000000000000010000100001000000000,8,9.402362343538814e-05,4,3,1
double_twins_p19,"[0,2,38,40]",510510,9699690,19,34,33,21,000000000000010000100001010000000,14,0.00016454134101192923,5,4,1
double_twins_p19,"[0,2,38,40]",510510,9699690,19,34,33,21,000000000000010000101000000000000,9,0.00010577657636481166,4,3,1
double_twins_p19,"[0,2,38,40]",510510,9699690,19,34,33,21,000000000000010000101000000000100,42,0.0004936240230357877,5,4,1
double_twins_p19,"[0,2,38,40]",510510,9699690,19,34,33,21,000000000000010000101000010000000,14,0.00016454134101192923,5,4,1
double_twins_p19,"[0,2,38,40]",510510,9699690,19,34,33,21,000000000000010000101001000000000,5,5.876476464711759e-05,5,4,1
double_twins_p19,"[0,2,38,40]",510510,9699690,19,34,33,22,000000000000000000000000000001000,66,0.0007756948933419521,2,1,1
double_twins_p19,"[0,2,38,40]",510510,9699690,19,34,33,22,000000000000000000000000100000000,120,0.0014103543515308222,2,1,1
double_twins_p19,"[0,2,38,40]",510510,9699690,19,34,33,22,000000000000000000000000100001000,45,0.0005288828818240583,3,2,1
double_twins_p19,"[0,2,38,40]",510510,9699690,19,34,33,22,000000000000000000000010000000000,137,0.001610154551331022,2,1,1
double_twins_p19,"[0,2,38,40]",510510,9699690,19,34,33,22,000000000000000000000010000001000,84,0.0009872480460715754,3,2,1
double_twins_p19,"[0,2,38,40]",510510,9699690,19,34,33,22,000000000000000000000010100000000,44,0.0005171299288946348,3,2,1
double_twins_p19,"[0,2,38,40]",510510,9699690,19,34,33,22,000000000000000000000010100001000,9,0.00010577657636481166,4,3,1
double_twins_p19,"[0,2,38,40]",510510,9699690,19,34,33,22,000000000000000000010000000000000,137,0.001610154551331022,2,1,1
double_twins_p19,"[0,2,38,40]",510510,9699690,19,34,33,22,000000000000000000010000000001000,52,0.0006111535523300229,3,2,1
double_twins_p19,"[0,2,38,40]",510510,9699690,19,34,33,22,000000000000000000010000100000000,79,0.0009284832814244579,3,2,1
double_twins_p19,"[0,2,38,40]",510510,9699690,19,34,33,22,000000000000000000010000100001000,8,9.402362343538814e-05,4,3,1
double_twins_p19,"[0,2,38,40]",510510,9699690,19,34,33,22,000000000000000000010010000000000,94,0.0011047775753658107,3,2,1
double_twins_p19,"[0,2,38,40]",510510,9699690,19,34,33,22,000000000000000000010010000001000,10,0.00011752952929423518,4,3,1
double_twins_p19,"[0,2,38,40]",510510,9699690,19,34,33,22,000000000000000000010010100000000,18,0.0002115531527296233,4,3,1
double_twins_p19,"[0,2,38,40]",510510,9699690,19,34,33,22,000000000000000000010010100001000,5,5.876476464711759e-05,5,4,1
double_twins_p19,"[0,2,38,40]",510510,9699690,19,34,33,22,000000000000000001000000000000000,120,0.0014103543515308222,2,1,1
double_twins_p19,"[0,2,38,40]",510510,9699690,19,34,33,22,000000000000000001000000000001000,59,0.0006934242228359875,3,2,1
double_twins_p19,"[0,2,38,40]",510510,9699690,19,34,33,22,000000000000000001000000100000000,78,0.0009167303284950344,3,2,1
double_twins_p19,"[0,2,38,40]",510510,9699690,19,34,33,22,000000000000000001000000100001000,26,0.00030557677616501144,4,3,1
double_twins_p19,"[0,2,38,40]",510510,9699690,19,34,33,22,000000000000000001000010000000000,79,0.0009284832814244579,3,2,1
double_twins_p19,"[0,2,38,40]",510510,9699690,19,34,33,22,000000000000000001000010000001000,35,0.00041135335252982314,4,3,1
double_twins_p19,"[0,2,38,40]",510510,9699690,19,34,33,22,000000000000000001000010100000000,42,0.0004936240230357877,4,3,1
double_twins_p19,"[0,2,38,40]",510510,9699690,19,34,33,22,000000000000000001000010100001000,14,0.00016454134101192923,5,4,1
double_twins_p19,"[0,2,38,40]",510510,9699690,19,34,33,22,000000000000000001010000000000000,44,0.0005171299288946348,3,2,1
double_twins_p19,"[0,2,38,40]",510510,9699690,19,34,33,22,000000000000000001010000000001000,23,0.00027031791737674093,4,3,1
double_twins_p19,"[0,2,38,40]",510510,9699690,19,34,33,22,000000000000000001010000100000000,42,0.0004936240230357877,4,3,1
double_twins_p19,"[0,2,38,40]",510510,9699690,19,34,33,22,000000000000000001010000100001000,14,0.00016454134101192923,5,4,1
double_twins_p19,"[0,2,38,40]",510510,9699690,19,34,33,22,000000000000000001010010000000000,18,0.0002115531527296233,4,3,1
double_twins_p19,"[0,2,38,40]",510510,9699690,19,34,33,22,000000000000000001010010000001000,5,5.876476464711759e-05,5,4,1
double_twins_p19,"[0,2,38,40]",510510,9699690,19,34,33,22,000000000000100000000000000000000,66,0.0007756948933419521,2,1,1
double_twins_p19,"[0,2,38,40]",510510,9699690,19,34,33,22,000000000000100000000000000001000,44,0.0005171299288946348,3,2,1
double_twins_p19,"[0,2,38,40]",510510,9699690,19,34,33,22,000000000000100000000000100000000,59,0.0006934242228359875,3,2,1
double_twins_p19,"[0,2,38,40]",510510,9699690,19,34,33,22,000000000000100000000000100001000,57,0.0006699183169771405,4,3,1
double_twins_p19,"[0,2,38,40]",510510,9699690,19,34,33,22,000000000000100000000010000000000,52,0.0006111535523300229,3,2,1
double_twins_p19,"[0,2,38,40]",510510,9699690,19,34,33,22,000000000000100000000010000001000,56,0.0006581653640477169,4,3,1
double_twins_p19,"[0,2,38,40]",510510,9699690,19,34,33,22,000000000000100000000010100000000,23,0.00027031791737674093,4,3,1
double_twins_p19,"[0,2,38,40]",510510,9699690,19,34,33,22,000000000000100000000010100001000,42,0.0004936240230357877,5,4,1
double_twins_p19,"[0,2,38,40]",510510,9699690,19,34,33,22,000000000000100000010000000000000,84,0.0009872480460715754,3,2,1
double_twins_p19,"[0,2,38,40]",510510,9699690,19,34,33,22,000000000000100000010000000001000,56,0.0006581653640477169,4,3,1
double_twins_p19,"[0,2,38,40]",510510,9699690,19,34,33,22,000000000000100000010000100000000,35,0.00041135335252982314,4,3,1
double_twins_p19,"[0,2,38,40]",510510,9699690,19,34,33,22,000000000000100000010010000000000,10,0.00011752952929423518,4,3,1
double_twins_p19,"[0,2,38,40]",510510,9699690,19,34,33,22,000000000000100000010010000001000,10,0.00011752952929423518,5,4,1
double_twins_p19,"[0,2,38,40]",510510,9699690,19,34,33,22,000000000000100000010010100000000,5,5.876476464711759e-05,5,4,1
double_twins_p19,"[0,2,38,40]",510510,9699690,19,34,33,22,000000000000100001000000000000000,45,0.0005288828818240583,3,2,1
double_twins_p19,"[0,2,38,40]",510510,9699690,19,34,33,22,000000000000100001000000000001000,57,0.0006699183169771405,4,3,1
double_twins_p19,"[0,2,38,40]",510510,9699690,19,34,33,22,000000000000100001000000100000000,26,0.00030557677616501144,4,3,1
double_twins_p19,"[0,2,38,40]",510510,9699690,19,34,33,22,000000000000100001000010000000000,8,9.402362343538814e-05,4,3,1
double_twins_p19,"[0,2,38,40]",510510,9699690,19,34,33,22,000000000000100001000010100000000,14,0.00016454134101192923,5,4,1
double_twins_p19,"[0,2,38,40]",510510,9699690,19,34,33,22,000000000000100001010000000000000,9,0.00010577657636481166,4,3,1
double_twins_p19,"[0,2,38,40]",510510,9699690,19,34,33,22,000000000000100001010000000001000,42,0.0004936240230357877,5,4,1
double_twins_p19,"[0,2,38,40]",510510,9699690,19,34,33,22,000000000000100001010000100000000,14,0.00016454134101192923,5,4,1
double_twins_p19,"[0,2,38,40]",510510,9699690,19,34,33,22,000000000000100001010010000000000,5,5.876476464711759e-05,5,4,1
double_twins_p19,"[0,2,38,40]",510510,9699690,19,34,33,23,000000000000000000000000000010000,66,0.0007756948933419521,2,1,1
double_twins_p19,"[0,2,38,40]",510510,9699690,19,34,33,23,000000000000000000000001000000000,120,0.0014103543515308222,2,1,1
double_twins_p19,"[0,2,38,40]",510510,9699690,19,34,33,23,000000000000000000000001000010000,45,0.0005288828818240583,3,2,1
double_twins_p19,"[0,2,38,40]",510510,9699690,19,34,33,23,000000000000000000000100000000000,137,0.001610154551331022,2,1,1
double_twins_p19,"[0,2,38,40]",510510,9699690,19,34,33,23,000000000000000000000100000010000,84,0.0009872480460715754,3,2,1
double_twins_p19,"[0,2,38,40]",510510,9699690,19,34,33,23,000000000000000000000101000000000,44,0.0005171299288946348,3,2,1
double_twins_p19,"[0,2,38,40]",510510,9699690,19,34,33,23,000000000000000000000101000010000,9,0.00010577657636481166,4,3,1
double_twins_p19,"[0,2,38,40]",510510,9699690,19,34,33,23,000000000000000000100000000000000,137,0.001610154551331022,2,1,1
double_twins_p19,"[0,2,38,40]",510510,9699690,19,34,33,23,000000000000000000100000000010000,52,0.0006111535523300229,3,2,1
double_twins_p19,"[0,2,38,40]",510510,9699690,19,34,33,23,000000000000000000100001000000000,79,0.0009284832814244579,3,2,1
double_twins_p19,"[0,2,38,40]",510510,9699690,19,34,33,23,000000000000000000100001000010000,8,9.402362343538814e-05,4,3,1
double_twins_p19,"[0,2,38,40]",510510,9699690,19,34,33,23,000000000000000000100100000000000,94,0.0011047775753658107,3,2,1
double_twins_p19,"[0,2,38,40]",510510,9699690,19,34,33,23,000000000000000000100100000010000,10,0.00011752952929423518,4,3,1
double_twins_p19,"[0,2,38,40]",510510,9699690,19,34,33,23,000000000000000000100101000000000,18,0.0002115531527296233,4,3,1
double_twins_p19,"[0,2,38,40]",510510,9699690,19,34,33,23,000000000000000000100101000010000,5,5.876476464711759e-05,5,4,1
double_twins_p19,"[0,2,38,40]",510510,9699690,19,34,33,23,000000000000000010000000000000000,120,0.0014103543515308222,2,1,1
double_twins_p19,"[0,2,38,40]",510510,9699690,19,34,33,23,000000000000000010000000000010000,59,0.0006934242228359875,3,2,1
double_twins_p19,"[0,2,38,40]",510510,9699690,19,34,33,23,000000000000000010000001000000000,78,0.0009167303284950344,3,2,1
double_twins_p19,"[0,2,38,40]",510510,9699690,19,34,33,23,000000000000000010000001000010000,26,0.00030557677616501144,4,3,1
double_twins_p19,"[0,2,38,40]",510510,9699690,19,34,33,23,000000000000000010000100000000000,79,0.0009284832814244579,3,2,1
double_twins_p19,"[0,2,38,40]",510510,9699690,19,34,33,23,000000000000000010000100000010000,35,0.00041135335252982314,4,3,1
double_twins_p19,"[0,2,38,40]",510510,9699690,19,34,33,23,000000000000000010000101000000000,42,0.0004936240230357877,4,3,1
double_twins_p19,"[0,2,38,40]",510510,9699690,19,34,33,23,000000000000000010000101000010000,14,0.00016454134101192923,5,4,1
double_twins_p19,"[0,2,38,40]",510510,9699690,19,34,33,23,000000000000000010100000000000000,44,0.0005171299288946348,3,2,1
double_twins_p19,"[0,2,38,40]",510510,9699690,19,34,33,23,000000000000000010100000000010000,23,0.00027031791737674093,4,3,1
double_twins_p19,"[0,2,38,40]",510510,9699690,19,34,33,23,000000000000000010100001000000000,42,0.0004936240230357877,4,3,1
double_twins_p19,"[0,2,38,40]",510510,9699690,19,34,33,23,000000000000000010100001000010000,14,0.00016454134101192923,5,4,1
double_twins_p19,"[0,2,38,40]",510510,9699690,19,34,33,23,000000000000000010100100000000000,18,0.0002115531527296233,4,3,1
double_twins_p19,"[0,2,38,40]",510510,9699690,19,34,33,23,000000000000000010100100000010000,5,5.876476464711759e-05,5,4,1
double_twins_p19,"[0,2,38,40]",510510,9699690,19,34,33,23,000000000001000000000000000000000,66,0.0007756948933419521,2,1,1
double_twins_p19,"[0,2,38,40]",510510,9699690,19,34,33,23,000000000001000000000000000010000,44,0.0005171299288946348,3,2,1
double_twins_p19,"[0,2,38,40]",510510,9699690,19,34,33,23,000000000001000000000001000000000,59,0.0006934242228359875,3,2,1
double_twins_p19,"[0,2,38,40]",510510,9699690,19,34,33,23,000000000001000000000001000010000,57,0.0006699183169771405,4,3,1
double_twins_p19,"[0,2,38,40]",510510,9699690,19,34,33,23,000000000001000000000100000000000,52,0.0006111535523300229,3,2,1
double_twins_p19,"[0,2,38,40]",510510,9699690,19,34,33,23,000000000001000000000100000010000,56,0.0006581653640477169,4,3,1
double_twins_p19,"[0,2,38,40]",510510,9699690,19,34,33,23,000000000001000000000101000000000,23,0.00027031791737674093,4,3,1
double_twins_p19,"[0,2,38,40]",510510,9699690,19,34,33,23,000000000001000000000101000010000,42,0.0004936240230357877,5,4,1
double_twins_p19,"[0,2,38,40]",510510,9699690,19,34,33,23,000000000001000000100000000000000,84,0.0009872480460715754,3,2,1
double_twins_p19,"[0,2,38,40]",510510,9699690,19,34,33,23,000000000001000000100000000010000,56,0.0006581653640477169,4,3,1
double_twins_p19,"[0,2,38,40]",510510,9699690,19,34,33,23,000000000001000000100001000000000,35,0.00041135335252982314,4,3,1
double_twins_p19,"[0,2,38,40]",510510,9699690,19,34,33,23,000000000001000000100100000000000,10,0.00011752952929423518,4,3,1
double_twins_p19,"[0,2,38,40]",510510,9699690,19,34,33,23,000000000001000000100100000010000,10,0.00011752952929423518,5,4,1
double_twins_p19,"[0,2,38,40]",510510,9699690,19,34,33,23,000000000001000000100101000000000,5,5.876476464711759e-05,5,4,1
double_twins_p19,"[0,2,38,40]",510510,9699690,19,34,33,23,000000000001000010000000000000000,45,0.0005288828818240583,3,2,1
double_twins_p19,"[0,2,38,40]",510510,9699690,19,34,33,23,000000000001000010000000000010000,57,0.0006699183169771405,4,3,1
double_twins_p19,"[0,2,38,40]",510510,9699690,19,34,33,23,000000000001000010000001000000000,26,0.00030557677616501144,4,3,1
double_twins_p19,"[0,2,38,40]",510510,9699690,19,34,33,23,000000000001000010000100000000000,8,9.402362343538814e-05,4,3,1
double_twins_p19,"[0,2,38,40]",510510,9699690,19,34,33,23,000000000001000010000101000000000,14,0.00016454134101192923,5,4,1
double_twins_p19,"[0,2,38,40]",510510,9699690,19,34,33,23,000000000001000010100000000000000,9,0.00010577657636481166,4,3,1
double_twins_p19,"[0,2,38,40]",510510,9699690,19,34,33,23,000000000001000010100000000010000,42,0.0004936240230357877,5,4,1
double_twins_p19,"[0,2,38,40]",510510,9699690,19,34,33,23,000000000001000010100001000000000,14,0.00016454134101192923,5,4,1
double_twins_p19,"[0,2,38,40]",510510,9699690,19,34,33,23,000000000001000010100100000000000,5,5.876476464711759e-05,5,4,1
double_twins_p19,"[0,2,38,40]",510510,9699690,19,34,33,24,000000000000000000000000000100000,66,0.0007756948933419521,2,1,1
double_twins_p19,"[0,2,38,40]",510510,9699690,19,34,33,24,000000000000000000000010000000000,120,0.0014103543515308222,2,1,1
double_twins_p19,"[0,2,38,40]",510510,9699690,19,34,33,24,000000000000000000000010000100000,45,0.0005288828818240583,3,2,1
double_twins_p19,"[0,2,38,40]",510510,9699690,19,34,33,24,000000000000000000001000000000000,137,0.001610154551331022,2,1,1
double_twins_p19,"[0,2,38,40]",510510,9699690,19,34,33,24,000000000000000000001000000100000,84,0.0009872480460715754,3,2,1
double_twins_p19,"[0,2,38,40]",510510,9699690,19,34,33,24,000000000000000000001010000000000,44,0.0005171299288946348,3,2,1
double_twins_p19,"[0,2,38,40]",510510,9699690,19,34,33,24,000000000000000000001010000100000,9,0.00010577657636481166,4,3,1
double_twins_p19,"[0,2,38,40]",510510,9699690,19,34,33,24,000000000000000001000000000000000,137,0.001610154551331022,2,1,1
double_twins_p19,"[0,2,38,40]",510510,9699690,19,34,33,24,000000000000000001000000000100000,52,0.0006111535523300229,3,2,1
double_twins_p19,"[0,2,38,40]",510510,9699690,19,34,33,24,000000000000000001000010000000000,79,0.0009284832814244579,3,2,1
double_twins_p19,"[0,2,38,40]",510510,9699690,19,34,33,24,000000000000000001000010000100000,8,9.402362343538814e-05,4,3,1
double_twins_p19,"[0,2,38,40]",510510,9699690,19,34,33,24,000000000000000001001000000000000,94,0.0011047775753658107,3,2,1
double_twins_p19,"[0,2,38,40]",510510,9699690,19,34,33,24,000000000000000001001000000100000,10,0.00011752952929423518,4,3,1
double_twins_p19,"[0,2,38,40]",510510,9699690,19,34,33,24,000000000000000001001010000000000,18,0.0002115531527296233,4,3,1
double_twins_p19,"[0,2,38,40]",510510,9699690,19,34,33,24,000000000000000001001010000100000,5,5.876476464711759e-05,5,4,1
double_twins_p19,"[0,2,38,40]",510510,9699690,19,34,33,24,000000000000000100000000000000000,120,0.0014103543515308222,2,1,1
double_twins_p19,"[0,2,38,40]",510510,9699690,19,34,33,24,000000000000000100000000000100000,59,0.0006934242228359875,3,2,1
double_twins_p19,"[0,2,38,40]",510510,9699690,19,34,33,24,000000000000000100000010000000000,78,0.0009167303284950344,3,2,1
double_twins_p19,"[0,2,38,40]",510510,9699690,19,34,33,24,000000000000000100000010000100000,26,0.00030557677616501144,4,3,1
double_twins_p19,"[0,2,38,40]",510510,9699690,19,34,33,24,000000000000000100001000000000000,79,0.0009284832814244579,3,2,1
double_twins_p19,"[0,2,38,40]",510510,9699690,19,34,33,24,000000000000000100001000000100000,35,0.00041135335252982314,4,3,1
double_twins_p19,"[0,2,38,40]",510510,9699690,19,34,33,24,000000000000000100001010000000000,42,0.0004936240230357877,4,3,1
double_twins_p19,"[0,2,38,40]",510510,9699690,19,34,33,24,000000000000000100001010000100000,14,0.00016454134101192923,5,4,1
double_twins_p19,"[0,2,38,40]",510510,9699690,19,34,33,24,000000000000000101000000000000000,44,0.0005171299288946348,3,2,1
double_twins_p19,"[0,2,38,40]",510510,9699690,19,34,33,24,000000000000000101000000000100000,23,0.00027031791737674093,4,3,1
double_twins_p19,"[0,2,38,40]",510510,9699690,19,34,33,24,000000000000000101000010000000000,42,0.0004936240230357877,4,3,1
double_twins_p19,"[0,2,38,40]",510510,9699690,19,34,33,24,000000000000000101000010000100000,14,0.00016454134101192923,5,4,1
double_twins_p19,"[0,2,38,40]",510510,9699690,19,34,33,24,000000000000000101001000000000000,18,0.0002115531527296233,4,3,1
double_twins_p19,"[0,2,38,40]",510510,9699690,19,34,33,24,000000000000000101001000000100000,5,5.876476464711759e-05,5,4,1
double_twins_p19,"[0,2,38,40]",510510,9699690,19,34,33,24,000000000010000000000000000000000,66,0.0007756948933419521,2,1,1
double_twins_p19,"[0,2,38,40]",510510,9699690,19,34,33,24,000000000010000000000000000100000,44,0.0005171299288946348,3,2,1
double_twins_p19,"[0,2,38,40]",510510,9699690,19,34,33,24,000000000010000000000010000000000,59,0.0006934242228359875,3,2,1
double_twins_p19,"[0,2,38,40]",510510,9699690,19,34,33,24,000000000010000000000010000100000,57,0.0006699183169771405,4,3,1
double_twins_p19,"[0,2,38,40]",510510,9699690,19,34,33,24,000000000010000000001000000000000,52,0.0006111535523300229,3,2,1
double_twins_p19,"[0,2,38,40]",510510,9699690,19,34,33,24,000000000010000000001000000100000,56,0.0006581653640477169,4,3,1
double_twins_p19,"[0,2,38,40]",510510,9699690,19,34,33,24,000000000010000000001010000000000,23,0.00027031791737674093,4,3,1
double_twins_p19,"[0,2,38,40]",510510,9699690,19,34,33,24,000000000010000000001010000100000,42,0.0004936240230357877,5,4,1
double_twins_p19,"[0,2,38,40]",510510,9699690,19,34,33,24,000000000010000001000000000000000,84,0.0009872480460715754,3,2,1
double_twins_p19,"[0,2,38,40]",510510,9699690,19,34,33,24,000000000010000001000000000100000,56,0.0006581653640477169,4,3,1
double_twins_p19,"[0,2,38,40]",510510,9699690,19,34,33,24,000000000010000001000010000000000,35,0.00041135335252982314,4,3,1
double_twins_p19,"[0,2,38,40]",510510,9699690,19,34,33,24,000000000010000001001000000000000,10,0.00011752952929423518,4,3,1
double_twins_p19,"[0,2,38,40]",510510,9699690,19,34,33,24,000000000010000001001000000100000,10,0.00011752952929423518,5,4,1
double_twins_p19,"[0,2,38,40]",510510,9699690,19,34,33,24,000000000010000001001010000000000,5,5.876476464711759e-05,5,4,1
double_twins_p19,"[0,2,38,40]",510510,9699690,19,34,33,24,000000000010000100000000000000000,45,0.0005288828818240583,3,2,1
double_twins_p19,"[0,2,38,40]",510510,9699690,19,34,33,24,000000000010000100000000000100000,57,0.0006699183169771405,4,3,1
double_twins_p19,"[0,2,38,40]",510510,9699690,19,34,33,24,000000000010000100000010000000000,26,0.00030557677616501144,4,3,1
double_twins_p19,"[0,2,38,40]",510510,9699690,19,34,33,24,000000000010000100001000000000000,8,9.402362343538814e-05,4,3,1
double_twins_p19,"[0,2,38,40]",510510,9699690,19,34,33,24,000000000010000100001010000000000,14,0.00016454134101192923,5,4,1
double_twins_p19,"[0,2,38,40]",510510,9699690,19,34,33,24,000000000010000101000000000000000,9,0.00010577657636481166,4,3,1
double_twins_p19,"[0,2,38,40]",510510,9699690,19,34,33,24,000000000010000101000000000100000,42,0.0004936240230357877,5,4,1
double_twins_p19,"[0,2,38,40]",510510,9699690,19,34,33,24,000000000010000101000010000000000,14,0.00016454134101192923,5,4,1
double_twins_p19,"[0,2,38,40]",510510,9699690,19,34,33,24,000000000010000101001000000000000,5,5.876476464711759e-05,5,4,1
double_twins_p19,"[0,2,38,40]",510510,9699690,19,34,33,25,000000000000000000000000001000000,66,0.0007756948933419521,2,1,1
double_twins_p19,"[0,2,38,40]",510510,9699690,19,34,33,25,000000000000000000000100000000000,120,0.0014103543515308222,2,1,1
double_twins_p19,"[0,2,38,40]",510510,9699690,19,34,33,25,000000000000000000000100001000000,45,0.0005288828818240583,3,2,1
double_twins_p19,"[0,2,38,40]",510510,9699690,19,34,33,25,000000000000000000010000000000000,137,0.001610154551331022,2,1,1
double_twins_p19,"[0,2,38,40]",510510,9699690,19,34,33,25,000000000000000000010000001000000,84,0.0009872480460715754,3,2,1
double_twins_p19,"[0,2,38,40]",510510,9699690,19,34,33,25,000000000000000000010100000000000,44,0.0005171299288946348,3,2,1
double_twins_p19,"[0,2,38,40]",510510,9699690,19,34,33,25,000000000000000000010100001000000,9,0.00010577657636481166,4,3,1
double_twins_p19,"[0,2,38,40]",510510,9699690,19,34,33,25,000000000000000010000000000000000,137,0.001610154551331022,2,1,1
double_twins_p19,"[0,2,38,40]",510510,9699690,19,34,33,25,000000000000000010000000001000000,52,0.0006111535523300229,3,2,1
double_twins_p19,"[0,2,38,40]",510510,9699690,19,34,33,25,000000000000000010000100000000000,79,0.0009284832814244579,3,2,1
double_twins_p19,"[0,2,38,40]",510510,9699690,19,34,33,25,000000000000000010000100001000000,8,9.402362343538814e-05,4,3,1
double_twins_p19,"[0,2,38,40]",510510,9699690,19,34,33,25,000000000000000010010000000000000,94,0.0011047775753658107,3,2,1
double_twins_p19,"[0,2,38,40]",510510,9699690,19,34,33,25,000000000000000010010000001000000,10,0.00011752952929423518,4,3,1
double_twins_p19,"[0,2,38,40]",510510,9699690,19,34,33,25,000000000000000010010100000000000,18,0.0002115531527296233,4,3,1
double_twins_p19,"[0,2,38,40]",510510,9699690,19,34,33,25,000000000000000010010100001000000,5,5.876476464711759e-05,5,4,1
double_twins_p19,"[0,2,38,40]",510510,9699690,19,34,33,25,000000000000001000000000000000000,120,0.0014103543515308222,2,1,1
double_twins_p19,"[0,2,38,40]",510510,9699690,19,34,33,25,000000000000001000000000001000000,59,0.0006934242228359875,3,2,1
double_twins_p19,"[0,2,38,40]",510510,9699690,19,34,33,25,000000000000001000000100000000000,78,0.0009167303284950344,3,2,1
double_twins_p19,"[0,2,38,40]",510510,9699690,19,34,33,25,000000000000001000000100001000000,26,0.00030557677616501144,4,3,1
double_twins_p19,"[0,2,38,40]",510510,9699690,19,34,33,25,000000000000001000010000000000000,79,0.0009284832814244579,3,2,1
double_twins_p19,"[0,2,38,40]",510510,9699690,19,34,33,25,000000000000001000010000001000000,35,0.00041135335252982314,4,3,1
double_twins_p19,"[0,2,38,40]",510510,9699690,19,34,33,25,000000000000001000010100000000000,42,0.0004936240230357877,4,3,1
double_twins_p19,"[0,2,38,40]",510510,9699690,19,34,33,25,000000000000001000010100001000000,14,0.00016454134101192923,5,4,1
double_twins_p19,"[0,2,38,40]",510510,9699690,19,34,33,25,000000000000001010000000000000000,44,0.0005171299288946348,3,2,1
double_twins_p19,"[0,2,38,40]",510510,9699690,19,34,33,25,000000000000001010000000001000000,23,0.00027031791737674093,4,3,1
double_twins_p19,"[0,2,38,40]",510510,9699690,19,34,33,25,000000000000001010000100000000000,42,0.0004936240230357877,4,3,1
double_twins_p19,"[0,2,38,40]",510510,9699690,19,34,33,25,000000000000001010000100001000000,14,0.00016454134101192923,5,4,1
double_twins_p19,"[0,2,38,40]",510510,9699690,19,34,33,25,000000000000001010010000000000000,18,0.0002115531527296233,4,3,1
double_twins_p19,"[0,2,38,40]",510510,9699690,19,34,33,25,000000000000001010010000001000000,5,5.876476464711759e-05,5,4,1
double_twins_p19,"[0,2,38,40]",510510,9699690,19,34,33,25,000000000100000000000000000000000,66,0.0007756948933419521,2,1,1
double_twins_p19,"[0,2,38,40]",510510,9699690,19,34,33,25,000000000100000000000000001000000,44,0.0005171299288946348,3,2,1
double_twins_p19,"[0,2,38,40]",510510,9699690,19,34,33,25,000000000100000000000100000000000,59,0.0006934242228359875,3,2,1
double_twins_p19,"[0,2,38,40]",510510,9699690,19,34,33,25,000000000100000000000100001000000,57,0.0006699183169771405,4,3,1
double_twins_p19,"[0,2,38,40]",510510,9699690,19,34,33,25,000000000100000000010000000000000,52,0.0006111535523300229,3,2,1
double_twins_p19,"[0,2,38,40]",510510,9699690,19,34,33,25,000000000100000000010000001000000,56,0.0006581653640477169,4,3,1
double_twins_p19,"[0,2,38,40]",510510,9699690,19,34,33,25,000000000100000000010100000000000,23,0.00027031791737674093,4,3,1
double_twins_p19,"[0,2,38,40]",510510,9699690,19,34,33,25,000000000100000000010100001000000,42,0.0004936240230357877,5,4,1
double_twins_p19,"[0,2,38,40]",510510,9699690,19,34,33,25,000000000100000010000000000000000,84,0.0009872480460715754,3,2,1
double_twins_p19,"[0,2,38,40]",510510,9699690,19,34,33,25,000000000100000010000000001000000,56,0.0006581653640477169,4,3,1
double_twins_p19,"[0,2,38,40]",510510,9699690,19,34,33,25,000000000100000010000100000000000,35,0.00041135335252982314,4,3,1
double_twins_p19,"[0,2,38,40]",510510,9699690,19,34,33,25,000000000100000010010000000000000,10,0.00011752952929423518,4,3,1
double_twins_p19,"[0,2,38,40]",510510,9699690,19,34,33,25,000000000100000010010000001000000,10,0.00011752952929423518,5,4,1
double_twins_p19,"[0,2,38,40]",510510,9699690,19,34,33,25,000000000100000010010100000000000,5,5.876476464711759e-05,5,4,1
double_twins_p19,"[0,2,38,40]",510510,9699690,19,34,33,25,000000000100001000000000000000000,45,0.0005288828818240583,3,2,1
double_twins_p19,"[0,2,38,40]",510510,9699690,19,34,33,25,000000000100001000000000001000000,57,0.0006699183169771405,4,3,1
double_twins_p19,"[0,2,38,40]",510510,9699690,19,34,33,25,000000000100001000000100000000000,26,0.00030557677616501144,4,3,1
double_twins_p19,"[0,2,38,40]",510510,9699690,19,34,33,25,000000000100001000010000000000000,8,9.402362343538814e-05,4,3,1
double_twins_p19,"[0,2,38,40]",510510,9699690,19,34,33,25,000000000100001000010100000000000,14,0.00016454134101192923,5,4,1
double_twins_p19,"[0,2,38,40]",510510,9699690,19,34,33,25,000000000100001010000000000000000,9,0.00010577657636481166,4,3,1
double_twins_p19,"[0,2,38,40]",510510,9699690,19,34,33,25,000000000100001010000000001000000,42,0.0004936240230357877,5,4,1
double_twins_p19,"[0,2,38,40]",510510,9699690,19,34,33,25,000000000100001010000100000000000,14,0.00016454134101192923,5,4,1
double_twins_p19,"[0,2,38,40]",510510,9699690,19,34,33,25,000000000100001010010000000000000,5,5.876476464711759e-05,5,4,1
double_twins_p19,"[0,2,38,40]",510510,9699690,19,34,33,26,000000000000000000000000010000000,66,0.0007756948933419521,2,1,1
double_twins_p19,"[0,2,38,40]",510510,9699690,19,34,33,26,000000000000000000001000000000000,120,0.0014103543515308222,2,1,1
double_twins_p19,"[0,2,38,40]",510510,9699690,19,34,33,26,000000000000000000001000010000000,45,0.0005288828818240583,3,2,1
double_twins_p19,"[0,2,38,40]",510510,9699690,19,34,33,26,000000000000000000100000000000000,137,0.001610154551331022,2,1,1
double_twins_p19,"[0,2,38,40]",510510,9699690,19,34,33,26,000000000000000000100000010000000,84,0.0009872480460715754,3,2,1
double_twins_p19,"[0,2,38,40]",510510,9699690,19,34,33,26,000000000000000000101000000000000,44,0.0005171299288946348,3,2,1
double_twins_p19,"[0,2,38,40]",510510,9699690,19,34,33,26,000000000000000000101000010000000,9,0.00010577657636481166,4,3,1
double_twins_p19,"[0,2,38,40]",510510,9699690,19,34,33,26,000000000000000100000000000000000,137,0.001610154551331022,2,1,1
double_twins_p19,"[0,2,38,40]",510510,9699690,19,34,33,26,000000000000000100000000010000000,52,0.0006111535523300229,3,2,1
double_twins_p19,"[0,2,38,40]",510510,9699690,19,34,33,26,000000000000000100001000000000000,79,0.0009284832814244579,3,2,1
double_twins_p19,"[0,2,38,40]",510510,9699690,19,34,33,26,000000000000000100001000010000000,8,9.402362343538814e-05,4,3,1
double_twins_p19,"[0,2,38,40]",510510,9699690,19,34,33,26,000000000000000100100000000000000,94,0.0011047775753658107,3,2,1
double_twins_p19,"[0,2,38,40]",510510,9699690,19,34,33,26,000000000000000100100000010000000,10,0.00011752952929423518,4,3,1
double_twins_p19,"[0,2,38,40]",510510,9699690,19,34,33,26,000000000000000100101000000000000,18,0.0002115531527296233,4,3,1
double_twins_p19,"[0,2,38,40]",510510,9699690,19,34,33,26,000000000000000100101000010000000,5,5.876476464711759e-05,5,4,1
double_twins_p19,"[0,2,38,40]",510510,9699690,19,34,33,26,000000000000010000000000000000000,120,0.0014103543515308222,2,1,1
double_twins_p19,"[0,2,38,40]",510510,9699690,19,34,33,26,000000000000010000000000010000000,59,0.0006934242228359875,3,2,1
double_twins_p19,"[0,2,38,40]",510510,9699690,19,34,33,26,000000000000010000001000000000000,78,0.0009167303284950344,3,2,1
double_twins_p19,"[0,2,38,40]",510510,9699690,19,34,33,26,000000000000010000001000010000000,26,0.00030557677616501144,4,3,1
double_twins_p19,"[0,2,38,40]",510510,9699690,19,34,33,26,000000000000010000100000000000000,79,0.0009284832814244579,3,2,1
double_twins_p19,"[0,2,38,40]",510510,9699690,19,34,33,26,000000000000010000100000010000000,35,0.00041135335252982314,4,3,1
double_twins_p19,"[0,2,38,40]",510510,9699690,19,34,33,26,000000000000010000101000000000000,42,0.0004936240230357877,4,3,1
double_twins_p19,"[0,2,38,40]",510510,9699690,19,34,33,26,000000000000010000101000010000000,14,0.00016454134101192923,5,4,1
double_twins_p19,"[0,2,38,40]",510510,9699690,19,34,33,26,000000000000010100000000000000000,44,0.0005171299288946348,3,2,1
double_twins_p19,"[0,2,38,40]",510510,9699690,19,34,33,26,000000000000010100000000010000000,23,0.00027031791737674093,4,3,1
double_twins_p19,"[0,2,38,40]",510510,9699690,19,34,33,26,000000000000010100001000000000000,42,0.0004936240230357877,4,3,1
double_twins_p19,"[0,2,38,40]",510510,9699690,19,34,33,26,000000000000010100001000010000000,14,0.00016454134101192923,5,4,1
double_twins_p19,"[0,2,38,40]",510510,9699690,19,34,33,26,000000000000010100100000000000000,18,0.0002115531527296233,4,3,1
double_twins_p19,"[0,2,38,40]",510510,9699690,19,34,33,26,000000000000010100100000010000000,5,5.876476464711759e-05,5,4,1
double_twins_p19,"[0,2,38,40]",510510,9699690,19,34,33,26,000000001000000000000000000000000,66,0.0007756948933419521,2,1,1
double_twins_p19,"[0,2,38,40]",510510,9699690,19,34,33,26,000000001000000000000000010000000,44,0.0005171299288946348,3,2,1
double_twins_p19,"[0,2,38,40]",510510,9699690,19,34,33,26,000000001000000000001000000000000,59,0.0006934242228359875,3,2,1
double_twins_p19,"[0,2,38,40]",510510,9699690,19,34,33,26,000000001000000000001000010000000,57,0.0006699183169771405,4,3,1
double_twins_p19,"[0,2,38,40]",510510,9699690,19,34,33,26,000000001000000000100000000000000,52,0.0006111535523300229,3,2,1
double_twins_p19,"[0,2,38,40]",510510,9699690,19,34,33,26,000000001000000000100000010000000,56,0.0006581653640477169,4,3,1
double_twins_p19,"[0,2,38,40]",510510,9699690,19,34,33,26,000000001000000000101000000000000,23,0.00027031791737674093,4,3,1
double_twins_p19,"[0,2,38,40]",510510,9699690,19,34,33,26,000000001000000000101000010000000,42,0.0004936240230357877,5,4,1
double_twins_p19,"[0,2,38,40]",510510,9699690,19,34,33,26,000000001000000100000000000000000,84,0.0009872480460715754,3,2,1
double_twins_p19,"[0,2,38,40]",510510,9699690,19,34,33,26,000000001000000100000000010000000,56,0.0006581653640477169,4,3,1
double_twins_p19,"[0,2,38,40]",510510,9699690,19,34,33,26,000000001000000100001000000000000,35,0.00041135335252982314,4,3,1
double_twins_p19,"[0,2,38,40]",510510,9699690,19,34,33,26,000000001000000100100000000000000,10,0.00011752952929423518,4,3,1
double_twins_p19,"[0,2,38,40]",510510,9699690,19,34,33,26,000000001000000100100000010000000,10,0.00011752952929423518,5,4,1
double_twins_p19,"[0,2,38,40]",510510,9699690,19,34,33,26,000000001000000100101000000000000,5,5.876476464711759e-05,5,4,1
double_twins_p19,"[0,2,38,40]",510510,9699690,19,34,33,26,000000001000010000000000000000000,45,0.0005288828818240583,3,2,1
double_twins_p19,"[0,2,38,40]",510510,9699690,19,34,33,26,000000001000010000000000010000000,57,0.0006699183169771405,4,3,1
double_twins_p19,"[0,2,38,40]",510510,9699690,19,34,33,26,000000001000010000001000000000000,26,0.00030557677616501144,4,3,1
double_twins_p19,"[0,2,38,40]",510510,9699690,19,34,33,26,000000001000010000100000000000000,8,9.402362343538814e-05,4,3,1
double_twins_p19,"[0,2,38,40]",510510,9699690,19,34,33,26,000000001000010000101000000000000,14,0.00016454134101192923,5,4,1
double_twins_p19,"[0,2,38,40]",510510,9699690,19,34,33,26,000000001000010100000000000000000,9,0.00010577657636481166,4,3,1
double_twins_p19,"[0,2,38,40]",510510,9699690,19,34,33,26,000000001000010100000000010000000,42,0.0004936240230357877,5,4,1
double_twins_p19,"[0,2,38,40]",510510,9699690,19,34,33,26,000000001000010100001000000000000,14,0.00016454134101192923,5,4,1
double_twins_p19,"[0,2,38,40]",510510,9699690,19,34,33,26,000000001000010100100000000000000,5,5.876476464711759e-05,5,4,1
double_twins_p19,"[0,2,38,40]",510510,9699690,19,34,33,27,000000000000000000000000100000000,66,0.0007756948933419521,2,1,1
double_twins_p19,"[0,2,38,40]",510510,9699690,19,34,33,27,000000000000000000010000000000000,120,0.0014103543515308222,2,1,1
double_twins_p19,"[0,2,38,40]",510510,9699690,19,34,33,27,000000000000000000010000100000000,45,0.0005288828818240583,3,2,1
double_twins_p19,"[0,2,38,40]",510510,9699690,19,34,33,27,000000000000000001000000000000000,137,0.001610154551331022,2,1,1
double_twins_p19,"[0,2,38,40]",510510,9699690,19,34,33,27,000000000000000001000000100000000,84,0.0009872480460715754,3,2,1
double_twins_p19,"[0,2,38,40]",510510,9699690,19,34,33,27,000000000000000001010000000000000,44,0.0005171299288946348,3,2,1
double_twins_p19,"[0,2,38,40]",510510,9699690,19,34,33,27,000000000000000001010000100000000,9,0.00010577657636481166,4,3,1
double_twins_p19,"[0,2,38,40]",510510,9699690,19,34,33,27,000000000000001000000000000000000,137,0.001610154551331022,2,1,1
double_twins_p19,"[0,2,38,40]",510510,9699690,19,34,33,27,000000000000001000000000100000000,52,0.0006111535523300229,3,2,1
double_twins_p19,"[0,2,38,40]",510510,9699690,19,34,33,27,000000000000001000010000000000000,79,0.0009284832814244579,3,2,1
double_twins_p19,"[0,2,38,40]",510510,9699690,19,34,33,27,000000000000001000010000100000000,8,9.402362343538814e-05,4,3,1
double_twins_p19,"[0,2,38,40]",510510,9699690,19,34,33,27,000000000000001001000000000000000,94,0.0011047775753658107,3,2,1
double_twins_p19,"[0,2,38,40]",510510,9699690,19,34,33,27,000000000000001001000000100000000,10,0.00011752952929423518,4,3,1
double_twins_p19,"[0,2,38,40]",510510,9699690,19,34,33,27,000000000000001001010000000000000,18,0.0002115531527296233,4,3,1
double_twins_p19,"[0,2,38,40]",510510,9699690,19,34,33,27,000000000000001001010000100000000,5,5.876476464711759e-05,5,4,1
double_twins_p19,"[0,2,38,40]",510510,9699690,19,34,33,27,000000000000100000000000000000000,120,0.0014103543515308222,2,1,1
double_twins_p19,"[0,2,38,40]",510510,9699690,19,34,33,27,000000000000100000000000100000000,59,0.0006934242228359875,3,2,1
double_twins_p19,"[0,2,38,40]",510510,9699690,19,34,33,27,000000000000100000010000000000000,78,0.0009167303284950344,3,2,1
double_twins_p19,"[0,2,38,40]",510510,9699690,19,34,33,27,000000000000100000010000100000000,26,0.00030557677616501144,4,3,1
double_twins_p19,"[0,2,38,40]",510510,9699690,19,34,33,27,000000000000100001000000000000000,79,0.0009284832814244579,3,2,1
double_twins_p19,"[0,2,38,40]",510510,9699690,19,34,33,27,000000000000100001000000100000000,35,0.00041135335252982314,4,3,1
double_twins_p19,"[0,2,38,40]",510510,9699690,19,34,33,27,000000000000100001010000000000000,42,0.0004936240230357877,4,3,1
double_twins_p19,"[0,2,38,40]",510510,9699690,19,34,33,27,000000000000100001010000100000000,14,0.00016454134101192923,5,4,1
double_twins_p19,"[0,2,38,40]",510510,9699690,19,34,33,27,000000000000101000000000000000000,44,0.0005171299288946348,3,2,1
double_twins_p19,"[0,2,38,40]",510510,9699690,19,34,33,27,000000000000101000000000100000000,23,0.00027031791737674093,4,3,1
double_twins_p19,"[0,2,38,40]",510510,9699690,19,34,33,27,000000000000101000010000000000000,42,0.0004936240230357877,4,3,1
double_twins_p19,"[0,2,38,40]",510510,9699690,19,34,33,27,000000000000101000010000100000000,14,0.00016454134101192923,5,4,1
double_twins_p19,"[0,2,38,40]",510510,9699690,19,34,33,27,000000000000101001000000000000000,18,0.0002115531527296233,4,3,1
double_twins_p19,"[0,2,38,40]",510510,9699690,19,34,33,27,000000000000101001000000100000000,5,5.876476464711759e-05,5,4,1
double_twins_p19,"[0,2,38,40]",510510,9699690,19,34,33,27,000000010000000000000000000000000,66,0.0007756948933419521,2,1,1
double_twins_p19,"[0,2,38,40]",510510,9699690,19,34,33,27,000000010000000000000000100000000,44,0.0005171299288946348,3,2,1
double_twins_p19,"[0,2,38,40]",510510,9699690,19,34,33,27,000000010000000000010000000000000,59,0.0006934242228359875,3,2,1
double_twins_p19,"[0,2,38,40]",510510,9699690,19,34,33,27,000000010000000000010000100000000,57,0.0006699183169771405,4,3,1
double_twins_p19,"[0,2,38,40]",510510,9699690,19,34,33,27,000000010000000001000000000000000,52,0.0006111535523300229,3,2,1
double_twins_p19,"[0,2,38,40]",510510,9699690,19,34,33,27,000000010000000001000000100000000,56,0.0006581653640477169,4,3,1
double_twins_p19,"[0,2,38,40]",510510,9699690,19,34,33,27,000000010000000001010000000000000,23,0.00027031791737674093,4,3,1
double_twins_p19,"[0,2,38,40]",510510,9699690,19,34,33,27,000000010000000001010000100000000,42,0.0004936240230357877,5,4,1
double_twins_p19,"[0,2,38,40]",510510,9699690,19,34,33,27,000000010000001000000000000000000,84,0.0009872480460715754,3,2,1
double_twins_p19,"[0,2,38,40]",510510,9699690,19,34,33,27,000000010000001000000000100000000,56,0.0006581653640477169,4,3,1
double_twins_p19,"[0,2,38,40]",510510,9699690,19,34,33,27,000000010000001000010000000000000,35,0.00041135335252982314,4,3,1
double_twins_p19,"[0,2,38,40]",510510,9699690,19,34,33,27,000000010000001001000000000000000,10,0.00011752952929423518,4,3,1
double_twins_p19,"[0,2,38,40]",510510,9699690,19,34,33,27,000000010000001001000000100000000,10,0.00011752952929423518,5,4,1
double_twins_p19,"[0,2,38,40]",510510,9699690,19,34,33,27,000000010000001001010000000000000,5,5.876476464711759e-05,5,4,1
double_twins_p19,"[0,2,38,40]",510510,9699690,19,34,33,27,000000010000100000000000000000000,45,0.0005288828818240583,3,2,1
double_twins_p19,"[0,2,38,40]",510510,9699690,19,34,33,27,000000010000100000000000100000000,57,0.0006699183169771405,4,3,1
double_twins_p19,"[0,2,38,40]",510510,9699690,19,34,33,27,000000010000100000010000000000000,26,0.00030557677616501144,4,3,1
double_twins_p19,"[0,2,38,40]",510510,9699690,19,34,33,27,000000010000100001000000000000000,8,9.402362343538814e-05,4,3,1
double_twins_p19,"[0,2,38,40]",510510,9699690,19,34,33,27,000000010000100001010000000000000,14,0.00016454134101192923,5,4,1
double_twins_p19,"[0,2,38,40]",510510,9699690,19,34,33,27,000000010000101000000000000000000,9,0.00010577657636481166,4,3,1
double_twins_p19,"[0,2,38,40]",510510,9699690,19,34,33,27,000000010000101000000000100000000,42,0.0004936240230357877,5,4,1
double_twins_p19,"[0,2,38,40]",510510,9699690,19,34,33,27,000000010000101000010000000000000,14,0.00016454134101192923,5,4,1
double_twins_p19,"[0,2,38,40]",510510,9699690,19,34,33,27,000000010000101001000000000000000,5,5.876476464711759e-05,5,4,1
double_twins_p19,"[0,2,38,40]",510510,9699690,19,34,33,28,000000000000000000000001000000000,66,0.0007756948933419521,2,1,1
double_twins_p19,"[0,2,38,40]",510510,9699690,19,34,33,28,000000000000000000100000000000000,120,0.0014103543515308222,2,1,1
double_twins_p19,"[0,2,38,40]",510510,9699690,19,34,33,28,000000000000000000100001000000000,45,0.0005288828818240583,3,2,1
double_twins_p19,"[0,2,38,40]",510510,9699690,19,34,33,28,000000000000000010000000000000000,137,0.001610154551331022,2,1,1
double_twins_p19,"[0,2,38,40]",510510,9699690,19,34,33,28,000000000000000010000001000000000,84,0.0009872480460715754,3,2,1
double_twins_p19,"[0,2,38,40]",510510,9699690,19,34,33,28,000000000000000010100000000000000,44,0.0005171299288946348,3,2,1
double_twins_p19,"[0,2,38,40]",510510,9699690,19,34,33,28,000000000000000010100001000000000,9,0.00010577657636481166,4,3,1
double_twins_p19,"[0,2,38,40]",510510,9699690,19,34,33,28,000000000000010000000000000000000,137,0.001610154551331022,2,1,1
double_twins_p19,"[0,2,38,40]",510510,9699690,19,34,33,28,000000000000010000000001000000000,52,0.0006111535523300229,3,2,1
double_twins_p19,"[0,2,38,40]",510510,9699690,19,34,33,28,000000000000010000100000000000000,79,0.0009284832814244579,3,2,1
double_twins_p19,"[0,2,38,40]",510510,9699690,19,34,33,28,000000000000010000100001000000000,8,9.402362343538814e-05,4,3,1
double_twins_p19,"[0,2,38,40]",510510,9699690,19,34,33,28,000000000000010010000000000000000,94,0.0011047775753658107,3,2,1
double_twins_p19,"[0,2,38,40]",510510,9699690,19,34,33,28,000000000000010010000001000000000,10,0.00011752952929423518,4,3,1
double_twins_p19,"[0,2,38,40]",510510,9699690,19,34,33,28,000000000000010010100000000000000,18,0.0002115531527296233,4,3,1
double_twins_p19,"[0,2,38,40]",510510,9699690,19,34,33,28,000000000000010010100001000000000,5,5.876476464711759e-05,5,4,1
double_twins_p19,"[0,2,38,40]",510510,9699690,19,34,33,28,000000000001000000000000000000000,120,0.0014103543515308222,2,1,1
double_twins_p19,"[0,2,38,40]",510510,9699690,19,34,33,28,000000000001000000000001000000000,59,0.0006934242228359875,3,2,1
double_twins_p19,"[0,2,38,40]",510510,9699690,19,34,33,28,000000000001000000100000000000000,78,0.0009167303284950344,3,2,1
double_twins_p19,"[0,2,38,40]",510510,9699690,19,34,33,28,000000000001000000100001000000000,26,0.00030557677616501144,4,3,1
double_twins_p19,"[0,2,38,40]",510510,9699690,19,34,33,28,000000000001000010000000000000000,79,0.0009284832814244579,3,2,1
double_twins_p19,"[0,2,38,40]",510510,9699690,19,34,33,28,000000000001000010000001000000000,35,0.00041135335252982314,4,3,1
double_twins_p19,"[0,2,38,40]",510510,9699690,19,34,33,28,000000000001000010100000000000000,42,0.0004936240230357877,4,3,1
double_twins_p19,"[0,2,38,40]",510510,9699690,19,34,33,28,000000000001000010100001000000000,14,0.00016454134101192923,5,4,1
double_twins_p19,"[0,2,38,40]",510510,9699690,19,34,33,28,000000000001010000000000000000000,44,0.0005171299288946348,3,2,1
double_twins_p19,"[0,2,38,40]",510510,9699690,19,34,33,28,000000000001010000000001000000000,23,0.00027031791737674093,4,3,1
double_twins_p19,"[0,2,38,40]",510510,9699690,19,34,33,28,000000000001010000100000000000000,42,0.0004936240230357877,4,3,1
double_twins_p19,"[0,2,38,40]",510510,9699690,19,34,33,28,000000000001010000100001000000000,14,0.00016454134101192923,5,4,1
double_twins_p19,"[0,2,38,40]",510510,9699690,19,34,33,28,000000000001010010000000000000000,18,0.0002115531527296233,4,3,1
double_twins_p19,"[0,2,38,40]",510510,9699690,19,34,33,28,000000000001010010000001000000000,5,5.876476464711759e-05,5,4,1
double_twins_p19,"[0,2,38,40]",510510,9699690,19,34,33,28,000000100000000000000000000000000,66,0.0007756948933419521,2,1,1
double_twins_p19,"[0,2,38,40]",510510,9699690,19,34,33,28,000000100000000000000001000000000,44,0.0005171299288946348,3,2,1
double_twins_p19,"[0,2,38,40]",510510,9699690,19,34,33,28,000000100000000000100000000000000,59,0.0006934242228359875,3,2,1
double_twins_p19,"[0,2,38,40]",510510,9699690,19,34,33,28,000000100000000000100001000000000,57,0.0006699183169771405,4,3,1
double_twins_p19,"[0,2,38,40]",510510,9699690,19,34,33,28,000000100000000010000000000000000,52,0.0006111535523300229,3,2,1
double_twins_p19,"[0,2,38,40]",510510,9699690,19,34,33,28,000000100000000010000001000000000,56,0.0006581653640477169,4,3,1
double_twins_p19,"[0,2,38,40]",510510,9699690,19,34,33,28,000000100000000010100000000000000,23,0.00027031791737674093,4,3,1
double_twins_p19,"[0,2,38,40]",510510,9699690,19,34,33,28,000000100000000010100001000000000,42,0.0004936240230357877,5,4,1
double_twins_p19,"[0,2,38,40]",510510,9699690,19,34,33,28,000000100000010000000000000000000,84,0.0009872480460715754,3,2,1
double_twins_p19,"[0,2,38,40]",510510,9699690,19,34,33,28,000000100000010000000001000000000,56,0.0006581653640477169,4,3,1
double_twins_p19,"[0,2,38,40]",510510,9699690,19,34,33,28,000000100000010000100000000000000,35,0.00041135335252982314,4,3,1
double_twins_p19,"[0,2,38,40]",510510,9699690,19,34,33,28,000000100000010010000000000000000,10,0.00011752952929423518,4,3,1
double_twins_p19,"[0,2,38,40]",510510,9699690,19,34,33,28,000000100000010010000001000000000,10,0.00011752952929423518,5,4,1
double_twins_p19,"[0,2,38,40]",510510,9699690,19,34,33,28,000000100000010010100000000000000,5,5.876476464711759e-05,5,4,1
double_twins_p19,"[0,2,38,40]",510510,9699690,19,34,33,28,000000100001000000000000000000000,45,0.0005288828818240583,3,2,1
double_twins_p19,"[0,2,38,40]",510510,9699690,19,34,33,28,000000100001000000000001000000000,57,0.0006699183169771405,4,3,1
double_twins_p19,"[0,2,38,40]",510510,9699690,19,34,33,28,000000100001000000100000000000000,26,0.00030557677616501144,4,3,1
double_twins_p19,"[0,2,38,40]",510510,9699690,19,34,33,28,000000100001000010000000000000000,8,9.402362343538814e-05,4,3,1
double_twins_p19,"[0,2,38,40]",510510,9699690,19,34,33,28,000000100001000010100000000000000,14,0.00016454134101192923,5,4,1
double_twins_p19,"[0,2,38,40]",510510,9699690,19,34,33,28,000000100001010000000000000000000,9,0.00010577657636481166,4,3,1
double_twins_p19,"[0,2,38,40]",510510,9699690,19,34,33,28,000000100001010000000001000000000,42,0.0004936240230357877,5,4,1
double_twins_p19,"[0,2,38,40]",510510,9699690,19,34,33,28,000000100001010000100000000000000,14,0.00016454134101192923,5,4,1
double_twins_p19,"[0,2,38,40]",510510,9699690,19,34,33,28,000000100001010010000000000000000,5,5.876476464711759e-05,5,4,1
double_twins_p19,"[0,2,38,40]",510510,9699690,19,34,33,29,000000000000000000000010000000000,66,0.0007756948933419521,2,1,1
double_twins_p19,"[0,2,38,40]",510510,9699690,19,34,33,29,000000000000000001000000000000000,120,0.0014103543515308222,2,1,1
double_twins_p19,"[0,2,38,40]",510510,9699690,19,34,33,29,000000000000000001000010000000000,45,0.0005288828818240583,3,2,1
double_twins_p19,"[0,2,38,40]",510510,9699690,19,34,33,29,000000000000000100000000000000000,137,0.001610154551331022,2,1,1
double_twins_p19,"[0,2,38,40]",510510,9699690,19,34,33,29,000000000000000100000010000000000,84,0.0009872480460715754,3,2,1
double_twins_p19,"[0,2,38,40]",510510,9699690,19,34,33,29,000000000000000101000000000000000,44,0.0005171299288946348,3,2,1
double_twins_p19,"[0,2,38,40]",510510,9699690,19,34,33,29,000000000000000101000010000000000,9,0.00010577657636481166,4,3,1
double_twins_p19,"[0,2,38,40]",510510,9699690,19,34,33,29,000000000000100000000000000000000,137,0.001610154551331022,2,1,1
double_twins_p19,"[0,2,38,40]",510510,9699690,19,34,33,29,000000000000100000000010000000000,52,0.0006111535523300229,3,2,1
double_twins_p19,"[0,2,38,40]",510510,9699690,19,34,33,29,000000000000100001000000000000000,79,0.0009284832814244579,3,2,1
double_twins_p19,"[0,2,38,40]",510510,9699690,19,34,33,29,000000000000100001000010000000000,8,9.402362343538814e-05,4,3,1
double_twins_p19,"[0,2,38,40]",510510,9699690,19,34,33,29,000000000000100100000000000000000,94,0.0011047775753658107,3,2,1
double_twins_p19,"[0,2,38,40]",510510,9699690,19,34,33,29,000000000000100100000010000000000,10,0.00011752952929423518,4,3,1
double_twins_p19,"[0,2,38,40]",510510,9699690,19,34,33,29,000000000000100101000000000000000,18,0.0002115531527296233,4,3,1
double_twins_p19,"[0,2,38,40]",510510,9699690,19,34,33,29,000000000000100101000010000000000,5,5.876476464711759e-05,5,4,1
double_twins_p19,"[0,2,38,40]",510510,9699690,19,34,33,29,000000000010000000000000000000000,120,0.0014103543515308222,2,1,1
double_twins_p19,"[0,2,38,40]",510510,9699690,19,34,33,29,000000000010000000000010000000000,59,0.0006934242228359875,3,2,1
double_twins_p19,"[0,2,38,40]",510510,9699690,19,34,33,29,000000000010000001000000000000000,78,0.0009167303284950344,3,2,1
double_twins_p19,"[0,2,38,40]",510510,9699690,19,34,33,29,000000000010000001000010000000000,26,0.00030557677616501144,4,3,1
double_twins_p19,"[0,2,38,40]",510510,9699690,19,34,33,29,000000000010000100000000000000000,79,0.0009284832814244579,3,2,1
double_twins_p19,"[0,2,38,40]",510510,9699690,19,34,33,29,000000000010000100000010000000000,35,0.00041135335252982314,4,3,1
double_twins_p19,"[0,2,38,40]",510510,9699690,19,34,33,29,000000000010000101000000000000000,42,0.0004936240230357877,4,3,1
double_twins_p19,"[0,2,38,40]",510510,9699690,19,34,33,29,000000000010000101000010000000000,14,0.00016454134101192923,5,4,1
double_twins_p19,"[0,2,38,40]",510510,9699690,19,34,33,29,000000000010100000000000000000000,44,0.0005171299288946348,3,2,1
double_twins_p19,"[0,2,38,40]",510510,9699690,19,34,33,29,000000000010100000000010000000000,23,0.00027031791737674093,4,3,1
double_twins_p19,"[0,2,38,40]",510510,9699690,19,34,33,29,000000000010100001000000000000000,42,0.0004936240230357877,4,3,1
double_twins_p19,"[0,2,38,40]",510510,9699690,19,34,33,29,000000000010100001000010000000000,14,0.00016454134101192923,5,4,1
double_twins_p19,"[0,2,38,40]",510510,9699690,19,34,33,29,000000000010100100000000000000000,18,0.0002115531527296233,4,3,1
double_twins_p19,"[0,2,38,40]",510510,9699690,19,34,33,29,000000000010100100000010000000000,5,5.876476464711759e-05,5,4,1
double_twins_p19,"[0,2,38,40]",510510,9699690,19,34,33,29,000001000000000000000000000000000,66,0.0007756948933419521,2,1,1
double_twins_p19,"[0,2,38,40]",510510,9699690,19,34,33,29,000001000000000000000010000000000,44,0.0005171299288946348,3,2,1
double_twins_p19,"[0,2,38,40]",510510,9699690,19,34,33,29,000001000000000001000000000000000,59,0.0006934242228359875,3,2,1
double_twins_p19,"[0,2,38,40]",510510,9699690,19,34,33,29,000001000000000001000010000000000,57,0.0006699183169771405,4,3,1
double_twins_p19,"[0,2,38,40]",510510,9699690,19,34,33,29,000001000000000100000000000000000,52,0.0006111535523300229,3,2,1
double_twins_p19,"[0,2,38,40]",510510,9699690,19,34,33,29,000001000000000100000010000000000,56,0.0006581653640477169,4,3,1
double_twins_p19,"[0,2,38,40]",510510,9699690,19,34,33,29,000001000000000101000000000000000,23,0.00027031791737674093,4,3,1
double_twins_p19,"[0,2,38,40]",510510,9699690,19,34,33,29,000001000000000101000010000000000,42,0.0004936240230357877,5,4,1
double_twins_p19,"[0,2,38,40]",510510,9699690,19,34,33,29,000001000000100000000000000000000,84,0.0009872480460715754,3,2,1
double_twins_p19,"[0,2,38,40]",510510,9699690,19,34,33,29,000001000000100000000010000000000,56,0.0006581653640477169,4,3,1
double_twins_p19,"[0,2,38,40]",510510,9699690,19,34,33,29,000001000000100001000000000000000,35,0.00041135335252982314,4,3,1
double_twins_p19,"[0,2,38,40]",510510,9699690,19,34,33,29,000001000000100100000000000000000,10,0.00011752952929423518,4,3,1
double_twins_p19,"[0,2,38,40]",510510,9699690,19,34,33,29,000001000000100100000010000000000,10,0.00011752952929423518,5,4,1
double_twins_p19,"[0,2,38,40]",510510,9699690,19,34,33,29,000001000000100101000000000000000,5,5.876476464711759e-05,5,4,1
double_twins_p19,"[0,2,38,40]",510510,9699690,19,34,33,29,000001000010000000000000000000000,45,0.0005288828818240583,3,2,1
double_twins_p19,"[0,2,38,40]",510510,9699690,19,34,33,29,000001000010000000000010000000000,57,0.0006699183169771405,4,3,1
double_twins_p19,"[0,2,38,40]",510510,9699690,19,34,33,29,000001000010000001000000000000000,26,0.00030557677616501144,4,3,1
double_twins_p19,"[0,2,38,40]",510510,9699690,19,34,33,29,000001000010000100000000000000000,8,9.402362343538814e-05,4,3,1
double_twins_p19,"[0,2,38,40]",510510,9699690,19,34,33,29,000001000010000101000000000000000,14,0.00016454134101192923,5,4,1
double_twins_p19,"[0,2,38,40]",510510,9699690,19,34,33,29,000001000010100000000000000000000,9,0.00010577657636481166,4,3,1
double_twins_p19,"[0,2,38,40]",510510,9699690,19,34,33,29,000001000010100000000010000000000,42,0.0004936240230357877,5,4,1
double_twins_p19,"[0,2,38,40]",510510,9699690,19,34,33,29,000001000010100001000000000000000,14,0.00016454134101192923,5,4,1
double_twins_p19,"[0,2,38,40]",510510,9699690,19,34,33,29,000001000010100100000000000000000,5,5.876476464711759e-05,5,4,1
double_twins_p19,"[0,2,38,40]",510510,9699690,19,34,33,30,000000000000000000000100000000000,66,0.0007756948933419521,2,1,1
double_twins_p19,"[0,2,38,40]",510510,9699690,19,34,33,30,000000000000000010000000000000000,120,0.0014103543515308222,2,1,1
double_twins_p19,"[0,2,38,40]",510510,9699690,19,34,33,30,000000000000000010000100000000000,45,0.0005288828818240583,3,2,1
double_twins_p19,"[0,2,38,40]",510510,9699690,19,34,33,30,000000000000001000000000000000000,137,0.001610154551331022,2,1,1
double_twins_p19,"[0,2,38,40]",510510,9699690,19,34,33,30,000000000000001000000100000000000,84,0.0009872480460715754,3,2,1
double_twins_p19,"[0,2,38,40]",510510,9699690,19,34,33,30,000000000000001010000000000000000,44,0.0005171299288946348,3,2,1
double_twins_p19,"[0,2,38,40]",510510,9699690,19,34,33,30,000000000000001010000100000000000,9,0.00010577657636481166,4,3,1
double_twins_p19,"[0,2,38,40]",510510,9699690,19,34,33,30,000000000001000000000000000000000,137,0.001610154551331022,2,1,1
double_twins_p19,"[0,2,38,40]",510510,9699690,19,34,33,30,000000000001000000000100000000000,52,0.0006111535523300229,3,2,1
double_twins_p19,"[0,2,38,40]",510510,9699690,19,34,33,30,000000000001000010000000000000000,79,0.0009284832814244579,3,2,1
double_twins_p19,"[0,2,38,40]",510510,9699690,19,34,33,30,000000000001000010000100000000000,8,9.402362343538814e-05,4,3,1
double_twins_p19,"[0,2,38,40]",510510,9699690,19,34,33,30,000000000001001000000000000000000,94,0.0011047775753658107,3,2,1
double_twins_p19,"[0,2,38,40]",510510,9699690,19,34,33,30,000000000001001000000100000000000,10,0.00011752952929423518,4,3,1
double_twins_p19,"[0,2,38,40]",510510,9699690,19,34,33,30,000000000001001010000000000000000,18,0.0002115531527296233,4,3,1
double_twins_p19,"[0,2,38,40]",510510,9699690,19,34,33,30,000000000001001010000100000000000,5,5.876476464711759e-05,5,4,1
double_twins_p19,"[0,2,38,40]",510510,9699690,19,34,33,30,000000000100000000000000000000000,120,0.0014103543515308222,2,1,1
double_twins_p19,"[0,2,38,40]",510510,9699690,19,34,33,30,000000000100000000000100000000000,59,0.0006934242228359875,3,2,1
double_twins_p19,"[0,2,38,40]",510510,9699690,19,34,33,30,000000000100000010000000000000000,78,0.0009167303284950344,3,2,1
double_twins_p19,"[0,2,38,40]",510510,9699690,19,34,33,30,000000000100000010000100000000000,26,0.00030557677616501144,4,3,1
double_twins_p19,"[0,2,38,40]",510510,9699690,19,34,33,30,000000000100001000000000000000000,79,0.0009284832814244579,3,2,1
double_twins_p19,"[0,2,38,40]",510510,9699690,19,34,33,30,000000000100001000000100000000000,35,0.00041135335252982314,4,3,1
double_twins_p19,"[0,2,38,40]",510510,9699690,19,34,33,30,000000000100001010000000000000000,42,0.0004936240230357877,4,3,1
double_twins_p19,"[0,2,38,40]",510510,9699690,19,34,33,30,000000000100001010000100000000000,14,0.00016454134101192923,5,4,1
double_twins_p19,"[0,2,38,40]",510510,9699690,19,34,33,30,000000000101000000000000000000000,44,0.0005171299288946348,3,2,1
double_twins_p19,"[0,2,38,40]",510510,9699690,19,34,33,30,000000000101000000000100000000000,23,0.00027031791737674093,4,3,1
double_twins_p19,"[0,2,38,40]",510510,9699690,19,34,33,30,000000000101000010000000000000000,42,0.0004936240230357877,4,3,1
double_twins_p19,"[0,2,38,40]",510510,9699690,19,34,33,30,000000000101000010000100000000000,14,0.00016454134101192923,5,4,1
double_twins_p19,"[0,2,38,40]",510510,9699690,19,34,33,30,000000000101001000000000000000000,18,0.0002115531527296233,4,3,1
double_twins_p19,"[0,2,38,40]",510510,9699690,19,34,33,30,000000000101001000000100000000000,5,5.876476464711759e-05,5,4,1
double_twins_p19,"[0,2,38,40]",510510,9699690,19,34,33,30,000010000000000000000000000000000,66,0.0007756948933419521,2,1,1
double_twins_p19,"[0,2,38,40]",510510,9699690,19,34,33,30,000010000000000000000100000000000,44,0.0005171299288946348,3,2,1
double_twins_p19,"[0,2,38,40]",510510,9699690,19,34,33,30,000010000000000010000000000000000,59,0.0006934242228359875,3,2,1
double_twins_p19,"[0,2,38,40]",510510,9699690,19,34,33,30,000010000000000010000100000000000,57,0.0006699183169771405,4,3,1
double_twins_p19,"[0,2,38,40]",510510,9699690,19,34,33,30,000010000000001000000000000000000,52,0.0006111535523300229,3,2,1
double_twins_p19,"[0,2,38,40]",510510,9699690,19,34,33,30,000010000000001000000100000000000,56,0.0006581653640477169,4,3,1
double_twins_p19,"[0,2,38,40]",510510,9699690,19,34,33,30,000010000000001010000000000000000,23,0.00027031791737674093,4,3,1
double_twins_p19,"[0,2,38,40]",510510,9699690,19,34,33,30,000010000000001010000100000000000,42,0.0004936240230357877,5,4,1
double_twins_p19,"[0,2,38,40]",510510,9699690,19,34,33,30,000010000001000000000000000000000,84,0.0009872480460715754,3,2,1
double_twins_p19,"[0,2,38,40]",510510,9699690,19,34,33,30,000010000001000000000100000000000,56,0.0006581653640477169,4,3,1
double_twins_p19,"[0,2,38,40]",510510,9699690,19,34,33,30,000010000001000010000000000000000,35,0.00041135335252982314,4,3,1
double_twins_p19,"[0,2,38,40]",510510,9699690,19,34,33,30,000010000001001000000000000000000,10,0.00011752952929423518,4,3,1
double_twins_p19,"[0,2,38,40]",510510,9699690,19,34,33,30,000010000001001000000100000000000,10,0.00011752952929423518,5,4,1
double_twins_p19,"[0,2,38,40]",510510,9699690,19,34,33,30,000010000001001010000000000000000,5,5.876476464711759e-05,5,4,1
double_twins_p19,"[0,2,38,40]",510510,9699690,19,34,33,30,000010000100000000000000000000000,45,0.0005288828818240583,3,2,1
double_twins_p19,"[0,2,38,40]",510510,9699690,19,34,33,30,000010000100000000000100000000000,57,0.0006699183169771405,4,3,1
double_twins_p19,"[0,2,38,40]",510510,9699690,19,34,33,30,000010000100000010000000000000000,26,0.00030557677616501144,4,3,1
double_twins_p19,"[0,2,38,40]",510510,9699690,19,34,33,30,000010000100001000000000000000000,8,9.402362343538814e-05,4,3,1
double_twins_p19,"[0,2,38,40]",510510,9699690,19,34,33,30,000010000100001010000000000000000,14,0.00016454134101192923,5,4,1
double_twins_p19,"[0,2,38,40]",510510,9699690,19,34,33,30,000010000101000000000000000000000,9,0.00010577657636481166,4,3,1
double_twins_p19,"[0,2,38,40]",510510,9699690,19,34,33,30,000010000101000000000100000000000,42,0.0004936240230357877,5,4,1
double_twins_p19,"[0,2,38,40]",510510,9699690,19,34,33,30,000010000101000010000000000000000,14,0.00016454134101192923,5,4,1
double_twins_p19,"[0,2,38,40]",510510,9699690,19,34,33,30,000010000101001000000000000000000,5,5.876476464711759e-05,5,4,1
double_twins_p19,"[0,2,38,40]",510510,9699690,19,34,33,31,000000000000000000001000000000000,66,0.0007756948933419521,2,1,1
double_twins_p19,"[0,2,38,40]",510510,9699690,19,34,33,31,000000000000000100000000000000000,120,0.0014103543515308222,2,1,1
double_twins_p19,"[0,2,38,40]",510510,9699690,19,34,33,31,000000000000000100001000000000000,45,0.0005288828818240583,3,2,1
double_twins_p19,"[0,2,38,40]",510510,9699690,19,34,33,31,000000000000010000000000000000000,137,0.001610154551331022,2,1,1
double_twins_p19,"[0,2,38,40]",510510,9699690,19,34,33,31,000000000000010000001000000000000,84,0.0009872480460715754,3,2,1
double_twins_p19,"[0,2,38,40]",510510,9699690,19,34,33,31,000000000000010100000000000000000,44,0.0005171299288946348,3,2,1
double_twins_p19,"[0,2,38,40]",510510,9699690,19,34,33,31,000000000000010100001000000000000,9,0.00010577657636481166,4,3,1
double_twins_p19,"[0,2,38,40]",510510,9699690,19,34,33,31,000000000010000000000000000000000,137,0.001610154551331022,2,1,1
double_twins_p19,"[0,2,38,40]",510510,9699690,19,34,33,31,000000000010000000001000000000000,52,0.0006111535523300229,3,2,1
double_twins_p19,"[0,2,38,40]",510510,9699690,19,34,33,31,000000000010000100000000000000000,79,0.0009284832814244579,3,2,1
double_twins_p19,"[0,2,38,40]",510510,9699690,19,34,33,31,000000000010000100001000000000000,8,9.402362343538814e-05,4,3,1
double_twins_p19,"[0,2,38,40]",510510,9699690,19,34,33,31,000000000010010000000000000000000,94,0.0011047775753658107,3,2,1
double_twins_p19,"[0,2,38,40]",510510,9699690,19,34,33,31,000000000010010000001000000000000,10,0.00011752952929423518,4,3,1
double_twins_p19,"[0,2,38,40]",510510,9699690,19,34,33,31,000000000010010100000000000000000,18,0.0002115531527296233,4,3,1
double_twins_p19,"[0,2,38,40]",510510,9699690,19,34,33,31,000000000010010100001000000000000,5,5.876476464711759e-05,5,4,1
double_twins_p19,"[0,2,38,40]",510510,9699690,19,34,33,31,000000001000000000000000000000000,120,0.0014103543515308222,2,1,1
double_twins_p19,"[0,2,38,40]",510510,9699690,19,34,33,31,000000001000000000001000000000000,59,0.0006934242228359875,3,2,1
double_twins_p19,"[0,2,38,40]",510510,9699690,19,34,33,31,000000001000000100000000000000000,78,0.0009167303284950344,3,2,1
double_twins_p19,"[0,2,38,40]",510510,9699690,19,34,33,31,000000001000000100001000000000000,26,0.00030557677616501144,4,3,1
double_twins_p19,"[0,2,38,40]",510510,9699690,19,34,33,31,000000001000010000000000000000000,79,0.0009284832814244579,3,2,1
double_twins_p19,"[0,2,38,40]",510510,9699690,19,34,33,31,000000001000010000001000000000000,35,0.00041135335252982314,4,3,1
double_twins_p19,"[0,2,38,40]",510510,9699690,19,34,33,31,000000001000010100000000000000000,42,0.0004936240230357877,4,3,1
double_twins_p19,"[0,2,38,40]",510510,9699690,19,34,33,31,000000001000010100001000000000000,14,0.00016454134101192923,5,4,1
double_twins_p19,"[0,2,38,40]",510510,9699690,19,34,33,31,000000001010000000000000000000000,44,0.0005171299288946348,3,2,1
double_twins_p19,"[0,2,38,40]",510510,9699690,19,34,33,31,000000001010000000001000000000000,23,0.00027031791737674093,4,3,1
double_twins_p19,"[0,2,38,40]",510510,9699690,19,34,33,31,000000001010000100000000000000000,42,0.0004936240230357877,4,3,1
double_twins_p19,"[0,2,38,40]",510510,9699690,19,34,33,31,000000001010000100001000000000000,14,0.00016454134101192923,5,4,1
double_twins_p19,"[0,2,38,40]",510510,9699690,19,34,33,31,000000001010010000000000000000000,18,0.0002115531527296233,4,3,1
double_twins_p19,"[0,2,38,40]",510510,9699690,19,34,33,31,000000001010010000001000000000000,5,5.876476464711759e-05,5,4,1
double_twins_p19,"[0,2,38,40]",510510,9699690,19,34,33,31,000100000000000000000000000000000,66,0.0007756948933419521,2,1,1
double_twins_p19,"[0,2,38,40]",510510,9699690,19,34,33,31,000100000000000000001000000000000,44,0.0005171299288946348,3,2,1
double_twins_p19,"[0,2,38,40]",510510,9699690,19,34,33,31,000100000000000100000000000000000,59,0.0006934242228359875,3,2,1
double_twins_p19,"[0,2,38,40]",510510,9699690,19,34,33,31,000100000000000100001000000000000,57,0.0006699183169771405,4,3,1
double_twins_p19,"[0,2,38,40]",510510,9699690,19,34,33,31,000100000000010000000000000000000,52,0.0006111535523300229,3,2,1
double_twins_p19,"[0,2,38,40]",510510,9699690,19,34,33,31,000100000000010000001000000000000,56,0.0006581653640477169,4,3,1
double_twins_p19,"[0,2,38,40]",510510,9699690,19,34,33,31,000100000000010100000000000000000,23,0.00027031791737674093,4,3,1
double_twins_p19,"[0,2,38,40]",510510,9699690,19,34,33,31,000100000000010100001000000000000,42,0.0004936240230357877,5,4,1
double_twins_p19,"[0,2,38,40]",510510,9699690,19,34,33,31,000100000010000000000000000000000,84,0.0009872480460715754,3,2,1
double_twins_p19,"[0,2,38,40]",510510,9699690,19,34,33,31,000100000010000000001000000000000,56,0.0006581653640477169,4,3,1
double_twins_p19,"[0,2,38,40]",510510,9699690,19,34,33,31,000100000010000100000000000000000,35,0.00041135335252982314,4,3,1
double_twins_p19,"[0,2,38,40]",510510,9699690,19,34,33,31,000100000010010000000000000000000,10,0.00011752952929423518,4,3,1
double_twins_p19,"[0,2,38,40]",510510,9699690,19,34,33,31,000100000010010000001000000000000,10,0.00011752952929423518,5,4,1
double_twins_p19,"[0,2,38,40]",510510,9699690,19,34,33,31,000100000010010100000000000000000,5,5.876476464711759e-05,5,4,1
double_twins_p19,"[0,2,38,40]",510510,9699690,19,34,33,31,000100001000000000000000000000000,45,0.0005288828818240583,3,2,1
double_twins_p19,"[0,2,38,40]",510510,9699690,19,34,33,31,000100001000000000001000000000000,57,0.0006699183169771405,4,3,1
double_twins_p19,"[0,2,38,40]",510510,9699690,19,34,33,31,000100001000000100000000000000000,26,0.00030557677616501144,4,3,1
double_twins_p19,"[0,2,38,40]",510510,9699690,19,34,33,31,000100001000010000000000000000000,8,9.402362343538814e-05,4,3,1
double_twins_p19,"[0,2,38,40]",510510,9699690,19,34,33,31,000100001000010100000000000000000,14,0.00016454134101192923,5,4,1
double_twins_p19,"[0,2,38,40]",510510,9699690,19,34,33,31,000100001010000000000000000000000,9,0.00010577657636481166,4,3,1
double_twins_p19,"[0,2,38,40]",510510,9699690,19,34,33,31,000100001010000000001000000000000,42,0.0004936240230357877,5,4,1
double_twins_p19,"[0,2,38,40]",510510,9699690,19,34,33,31,000100001010000100000000000000000,14,0.00016454134101192923,5,4,1
double_twins_p19,"[0,2,38,40]",510510,9699690,19,34,33,31,000100001010010000000000000000000,5,5.876476464711759e-05,5,4,1
double_twins_p19,"[0,2,38,40]",510510,9699690,19,34,33,32,000000000000000000010000000000000,66,0.0007756948933419521,2,1,1
double_twins_p19,"[0,2,38,40]",510510,9699690,19,34,33,32,000000000000001000000000000000000,120,0.0014103543515308222,2,1,1
double_twins_p19,"[0,2,38,40]",510510,9699690,19,34,33,32,000000000000001000010000000000000,45,0.0005288828818240583,3,2,1
double_twins_p19,"[0,2,38,40]",510510,9699690,19,34,33,32,000000000000100000000000000000000,137,0.001610154551331022,2,1,1
double_twins_p19,"[0,2,38,40]",510510,9699690,19,34,33,32,000000000000100000010000000000000,84,0.0009872480460715754,3,2,1
double_twins_p19,"[0,2,38,40]",510510,9699690,19,34,33,32,000000000000101000000000000000000,44,0.0005171299288946348,3,2,1
double_twins_p19,"[0,2,38,40]",510510,9699690,19,34,33,32,000000000000101000010000000000000,9,0.00010577657636481166,4,3,1
double_twins_p19,"[0,2,38,40]",510510,9699690,19,34,33,32,000000000100000000000000000000000,137,0.001610154551331022,2,1,1
double_twins_p19,"[0,2,38,40]",510510,9699690,19,34,33,32,000000000100000000010000000000000,52,0.0006111535523300229,3,2,1
double_twins_p19,"[0,2,38,40]",510510,9699690,19,34,33,32,000000000100001000000000000000000,79,0.0009284832814244579,3,2,1
double_twins_p19,"[0,2,38,40]",510510,9699690,19,34,33,32,000000000100001000010000000000000,8,9.402362343538814e-05,4,3,1
double_twins_p19,"[0,2,38,40]",510510,9699690,19,34,33,32,000000000100100000000000000000000,94,0.0011047775753658107,3,2,1
double_twins_p19,"[0,2,38,40]",510510,9699690,19,34,33,32,000000000100100000010000000000000,10,0.00011752952929423518,4,3,1
double_twins_p19,"[0,2,38,40]",510510,9699690,19,34,33,32,000000000100101000000000000000000,18,0.0002115531527296233,4,3,1
double_twins_p19,"[0,2,38,40]",510510,9699690,19,34,33,32,000000000100101000010000000000000,5,5.876476464711759e-05,5,4,1
double_twins_p19,"[0,2,38,40]",510510,9699690,19,34,33,32,000000010000000000000000000000000,120,0.0014103543515308222,2,1,1
double_twins_p19,"[0,2,38,40]",510510,9699690,19,34,33,32,000000010000000000010000000000000,59,0.0006934242228359875,3,2,1
double_twins_p19,"[0,2,38,40]",510510,9699690,19,34,33,32,000000010000001000000000000000000,78,0.0009167303284950344,3,2,1
double_twins_p19,"[0,2,38,40]",510510,9699690,19,34,33,32,000000010000001000010000000000000,26,0.00030557677616501144,4,3,1
double_twins_p19,"[0,2,38,40]",510510,9699690,19,34,33,32,000000010000100000000000000000000,79,0.0009284832814244579,3,2,1
double_twins_p19,"[0,2,38,40]",510510,9699690,19,34,33,32,000000010000100000010000000000000,35,0.00041135335252982314,4,3,1
double_twins_p19,"[0,2,38,40]",510510,9699690,19,34,33,32,000000010000101000000000000000000,42,0.0004936240230357877,4,3,1
double_twins_p19,"[0,2,38,40]",510510,9699690,19,34,33,32,000000010000101000010000000000000,14,0.00016454134101192923,5,4,1
double_twins_p19,"[0,2,38,40]",510510,9699690,19,34,33,32,000000010100000000000000000000000,44,0.0005171299288946348,3,2,1
double_twins_p19,"[0,2,38,40]",510510,9699690,19,34,33,32,000000010100000000010000000000000,23,0.00027031791737674093,4,3,1
double_twins_p19,"[0,2,38,40]",510510,9699690,19,34,33,32,000000010100001000000000000000000,42,0.0004936240230357877,4,3,1
double_twins_p19,"[0,2,38,40]",510510,9699690,19,34,33,32,000000010100001000010000000000000,14,0.00016454134101192923,5,4,1
double_twins_p19,"[0,2,38,40]",510510,9699690,19,34,33,32,000000010100100000000000000000000,18,0.0002115531527296233,4,3,1
double_twins_p19,"[0,2,38,40]",510510,9699690,19,34,33,32,000000010100100000010000000000000,5,5.876476464711759e-05,5,4,1
double_twins_p19,"[0,2,38,40]",510510,9699690,19,34,33,32,001000000000000000000000000000000,66,0.0007756948933419521,2,1,1
double_twins_p19,"[0,2,38,40]",510510,9699690,19,34,33,32,001000000000000000010000000000000,44,0.0005171299288946348,3,2,1
double_twins_p19,"[0,2,38,40]",510510,9699690,19,34,33,32,001000000000001000000000000000000,59,0.0006934242228359875,3,2,1
double_twins_p19,"[0,2,38,40]",510510,9699690,19,34,33,32,001000000000001000010000000000000,57,0.0006699183169771405,4,3,1
double_twins_p19,"[0,2,38,40]",510510,9699690,19,34,33,32,001000000000100000000000000000000,52,0.0006111535523300229,3,2,1
double_twins_p19,"[0,2,38,40]",510510,9699690,19,34,33,32,001000000000100000010000000000000,56,0.0006581653640477169,4,3,1
double_twins_p19,"[0,2,38,40]",510510,9699690,19,34,33,32,001000000000101000000000000000000,23,0.00027031791737674093,4,3,1
double_twins_p19,"[0,2,38,40]",510510,9699690,19,34,33,32,001000000000101000010000000000000,42,0.0004936240230357877,5,4,1
double_twins_p19,"[0,2,38,40]",510510,9699690,19,34,33,32,001000000100000000000000000000000,84,0.0009872480460715754,3,2,1
double_twins_p19,"[0,2,38,40]",510510,9699690,19,34,33,32,001000000100000000010000000000000,56,0.0006581653640477169,4,3,1
double_twins_p19,"[0,2,38,40]",510510,9699690,19,34,33,32,001000000100001000000000000000000,35,0.00041135335252982314,4,3,1
double_twins_p19,"[0,2,38,40]",510510,9699690,19,34,33,32,001000000100100000000000000000000,10,0.00011752952929423518,4,3,1
double_twins_p19,"[0,2,38,40]",510510,9699690,19,34,33,32,001000000100100000010000000000000,10,0.00011752952929423518,5,4,1
double_twins_p19,"[0,2,38,40]",510510,9699690,19,34,33,32,001000000100101000000000000000000,5,5.876476464711759e-05,5,4,1
double_twins_p19,"[0,2,38,40]",510510,9699690,19,34,33,32,001000010000000000000000000000000,45,0.0005288828818240583,3,2,1
double_twins_p19,"[0,2,38,40]",510510,9699690,19,34,33,32,001000010000000000010000000000000,57,0.0006699183169771405,4,3,1
double_twins_p19,"[0,2,38,40]",510510,9699690,19,34,33,32,001000010000001000000000000000000,26,0.00030557677616501144,4,3,1
double_twins_p19,"[0,2,38,40]",510510,9699690,19,34,33,32,001000010000100000000000000000000,8,9.402362343538814e-05,4,3,1
double_twins_p19,"[0,2,38,40]",510510,9699690,19,34,33,32,001000010000101000000000000000000,14,0.00016454134101192923,5,4,1
double_twins_p19,"[0,2,38,40]",510510,9699690,19,34,33,32,001000010100000000000000000000000,9,0.00010577657636481166,4,3,1
double_twins_p19,"[0,2,38,40]",510510,9699690,19,34,33,32,001000010100000000010000000000000,42,0.0004936240230357877,5,4,1
double_twins_p19,"[0,2,38,40]",510510,9699690,19,34,33,32,001000010100001000000000000000000,14,0.00016454134101192923,5,4,1
double_twins_p19,"[0,2,38,40]",510510,9699690,19,34,33,32,001000010100100000000000000000000,5,5.876476464711759e-05,5,4,1
double_twins_p19,"[0,2,38,40]",510510,9699690,19,34,33,33,000000000000000000100000000000000,66,0.0007756948933419521,2,1,1
double_twins_p19,"[0,2,38,40]",510510,9699690,19,34,33,33,000000000000010000000000000000000,120,0.0014103543515308222,2,1,1
double_twins_p19,"[0,2,38,40]",510510,9699690,19,34,33,33,000000000000010000100000000000000,45,0.0005288828818240583,3,2,1
double_twins_p19,"[0,2,38,40]",510510,9699690,19,34,33,33,000000000001000000000000000000000,137,0.001610154551331022,2,1,1
double_twins_p19,"[0,2,38,40]",510510,9699690,19,34,33,33,000000000001000000100000000000000,84,0.0009872480460715754,3,2,1
double_twins_p19,"[0,2,38,40]",510510,9699690,19,34,33,33,000000000001010000000000000000000,44,0.0005171299288946348,3,2,1
double_twins_p19,"[0,2,38,40]",510510,9699690,19,34,33,33,000000000001010000100000000000000,9,0.00010577657636481166,4,3,1
double_twins_p19,"[0,2,38,40]",510510,9699690,19,34,33,33,000000001000000000000000000000000,137,0.001610154551331022,2,1,1
double_twins_p19,"[0,2,38,40]",510510,9699690,19,34,33,33,000000001000000000100000000000000,52,0.0006111535523300229,3,2,1
double_twins_p19,"[0,2,38,40]",510510,9699690,19,34,33,33,000000001000010000000000000000000,79,0.0009284832814244579,3,2,1
double_twins_p19,"[0,2,38,40]",510510,9699690,19,34,33,33,000000001000010000100000000000000,8,9.402362343538814e-05,4,3,1
double_twins_p19,"[0,2,38,40]",510510,9699690,19,34,33,33,000000001001000000000000000000000,94,0.0011047775753658107,3,2,1
double_twins_p19,"[0,2,38,40]",510510,9699690,19,34,33,33,000000001001000000100000000000000,10,0.00011752952929423518,4,3,1
double_twins_p19,"[0,2,38,40]",510510,9699690,19,34,33,33,000000001001010000000000000000000,18,0.0002115531527296233,4,3,1
double_twins_p19,"[0,2,38,40]",510510,9699690,19,34,33,33,000000001001010000100000000000000,5,5.876476464711759e-05,5,4,1
double_twins_p19,"[0,2,38,40]",510510,9699690,19,34,33,33,000000100000000000000000000000000,120,0.0014103543515308222,2,1,1
double_twins_p19,"[0,2,38,40]",510510,9699690,19,34,33,33,000000100000000000100000000000000,59,0.0006934242228359875,3,2,1
double_twins_p19,"[0,2,38,40]",510510,9699690,19,34,33,33,000000100000010000000000000000000,78,0.0009167303284950344,3,2,1
double_twins_p19,"[0,2,38,40]",510510,9699690,19,34,33,33,000000100000010000100000000000000,26,0.00030557677616501144,4,3,1
double_twins_p19,"[0,2,38,40]",510510,9699690,19,34,33,33,000000100001000000000000000000000,79,0.0009284832814244579,3,2,1
double_twins_p19,"[0,2,38,40]",510510,9699690,19,34,33,33,000000100001000000100000000000000,35,0.00041135335252982314,4,3,1
double_twins_p19,"[0,2,38,40]",510510,9699690,19,34,33,33,000000100001010000000000000000000,42,0.0004936240230357877,4,3,1
double_twins_p19,"[0,2,38,40]",510510,9699690,19,34,33,33,000000100001010000100000000000000,14,0.00016454134101192923,5,4,1
double_twins_p19,"[0,2,38,40]",510510,9699690,19,34,33,33,000000101000000000000000000000000,44,0.0005171299288946348,3,2,1
double_twins_p19,"[0,2,38,40]",510510,9699690,19,34,33,33,000000101000000000100000000000000,23,0.00027031791737674093,4,3,1
double_twins_p19,"[0,2,38,40]",510510,9699690,19,34,33,33,000000101000010000000000000000000,42,0.0004936240230357877,4,3,1
double_twins_p19,"[0,2,38,40]",510510,9699690,19,34,33,33,000000101000010000100000000000000,14,0.00016454134101192923,5,4,1
double_twins_p19,"[0,2,38,40]",510510,9699690,19,34,33,33,000000101001000000000000000000000,18,0.0002115531527296233,4,3,1
double_twins_p19,"[0,2,38,40]",510510,9699690,19,34,33,33,000000101001000000100000000000000,5,5.876476464711759e-05,5,4,1
double_twins_p19,"[0,2,38,40]",510510,9699690,19,34,33,33,010000000000000000000000000000000,66,0.0007756948933419521,2,1,1
double_twins_p19,"[0,2,38,40]",510510,9699690,19,34,33,33,010000000000000000100000000000000,44,0.0005171299288946348,3,2,1
double_twins_p19,"[0,2,38,40]",510510,9699690,19,34,33,33,010000000000010000000000000000000,59,0.0006934242228359875,3,2,1
double_twins_p19,"[0,2,38,40]",510510,9699690,19,34,33,33,010000000000010000100000000000000,57,0.0006699183169771405,4,3,1
double_twins_p19,"[0,2,38,40]",510510,9699690,19,34,33,33,010000000001000000000000000000000,52,0.0006111535523300229,3,2,1
double_twins_p19,"[0,2,38,40]",510510,9699690,19,34,33,33,010000000001000000100000000000000,56,0.0006581653640477169,4,3,1
double_twins_p19,"[0,2,38,40]",510510,9699690,19,34,33,33,010000000001010000000000000000000,23,0.00027031791737674093,4,3,1
double_twins_p19,"[0,2,38,40]",510510,9699690,19,34,33,33,010000000001010000100000000000000,42,0.0004936240230357877,5,4,1
double_twins_p19,"[0,2,38,40]",510510,9699690,19,34,33,33,010000001000000000000000000000000,84,0.0009872480460715754,3,2,1
double_twins_p19,"[0,2,38,40]",510510,9699690,19,34,33,33,010000001000000000100000000000000,56,0.0006581653640477169,4,3,1
double_twins_p19,"[0,2,38,40]",510510,9699690,19,34,33,33,010000001000010000000000000000000,35,0.00041135335252982314,4,3,1
double_twins_p19,"[0,2,38,40]",510510,9699690,19,34,33,33,010000001001000000000000000000000,10,0.00011752952929423518,4,3,1
double_twins_p19,"[0,2,38,40]",510510,9699690,19,34,33,33,010000001001000000100000000000000,10,0.00011752952929423518,5,4,1
double_twins_p19,"[0,2,38,40]",510510,9699690,19,34,33,33,010000001001010000000000000000000,5,5.876476464711759e-05,5,4,1
double_twins_p19,"[0,2,38,40]",510510,9699690,19,34,33,33,010000100000000000000000000000000,45,0.0005288828818240583,3,2,1
double_twins_p19,"[0,2,38,40]",510510,9699690,19,34,33,33,010000100000000000100000000000000,57,0.0006699183169771405,4,3,1
double_twins_p19,"[0,2,38,40]",510510,9699690,19,34,33,33,010000100000010000000000000000000,26,0.00030557677616501144,4,3,1
double_twins_p19,"[0,2,38,40]",510510,9699690,19,34,33,33,010000100001000000000000000000000,8,9.402362343538814e-05,4,3,1
double_twins_p19,"[0,2,38,40]",510510,9699690,19,34,33,33,010000100001010000000000000000000,14,0.00016454134101192923,5,4,1
double_twins_p19,"[0,2,38,40]",510510,9699690,19,34,33,33,010000101000000000000000000000000,9,0.00010577657636481166,4,3,1
double_twins_p19,"[0,2,38,40]",510510,9699690,19,34,33,33,010000101000000000100000000000000,42,0.0004936240230357877,5,4,1
double_twins_p19,"[0,2,38,40]",510510,9699690,19,34,33,33,010000101000010000000000000000000,14,0.00016454134101192923,5,4,1
double_twins_p19,"[0,2,38,40]",510510,9699690,19,34,33,33,010000101001000000000000000000000,5,5.876476464711759e-05,5,4,1
double_twins_p19,"[0,2,38,40]",510510,9699690,19,34,33,34,000000000000000001000000000000000,66,0.0007756948933419521,2,1,1
double_twins_p19,"[0,2,38,40]",510510,9699690,19,34,33,34,000000000000100000000000000000000,120,0.0014103543515308222,2,1,1
double_twins_p19,"[0,2,38,40]",510510,9699690,19,34,33,34,000000000000100001000000000000000,45,0.0005288828818240583,3,2,1
double_twins_p19,"[0,2,38,40]",510510,9699690,19,34,33,34,000000000010000000000000000000000,137,0.001610154551331022,2,1,1
double_twins_p19,"[0,2,38,40]",510510,9699690,19,34,33,34,000000000010000001000000000000000,84,0.0009872480460715754,3,2,1
double_twins_p19,"[0,2,38,40]",510510,9699690,19,34,33,34,000000000010100000000000000000000,44,0.0005171299288946348,3,2,1
double_twins_p19,"[0,2,38,40]",510510,9699690,19,34,33,34,000000000010100001000000000000000,9,0.00010577657636481166,4,3,1
double_twins_p19,"[0,2,38,40]",510510,9699690,19,34,33,34,000000010000000000000000000000000,137,0.001610154551331022,2,1,1
double_twins_p19,"[0,2,38,40]",510510,9699690,19,34,33,34,000000010000000001000000000000000,52,0.0006111535523300229,3,2,1
double_twins_p19,"[0,2,38,40]",510510,9699690,19,34,33,34,000000010000100000000000000000000,79,0.0009284832814244579,3,2,1
double_twins_p19,"[0,2,38,40]",510510,9699690,19,34,33,34,000000010000100001000000000000000,8,9.402362343538814e-05,4,3,1
double_twins_p19,"[0,2,38,40]",510510,9699690,19,34,33,34,000000010010000000000000000000000,94,0.0011047775753658107,3,2,1
double_twins_p19,"[0,2,38,40]",510510,9699690,19,34,33,34,000000010010000001000000000000000,10,0.00011752952929423518,4,3,1
double_twins_p19,"[0,2,38,40]",510510,9699690,19,34,33,34,000000010010100000000000000000000,18,0.0002115531527296233,4,3,1
double_twins_p19,"[0,2,38,40]",510510,9699690,19,34,33,34,000000010010100001000000000000000,5,5.876476464711759e-05,5,4,1
double_twins_p19,"[0,2,38,40]",510510,9699690,19,34,33,34,000001000000000000000000000000000,120,0.0014103543515308222,2,1,1
double_twins_p19,"[0,2,38,40]",510510,9699690,19,34,33,34,000001000000000001000000000000000,59,0.0006934242228359875,3,2,1
double_twins_p19,"[0,2,38,40]",510510,9699690,19,34,33,34,000001000000100000000000000000000,78,0.0009167303284950344,3,2,1
double_twins_p19,"[0,2,38,40]",510510,9699690,19,34,33,34,000001000000100001000000000000000,26,0.00030557677616501144,4,3,1
double_twins_p19,"[0,2,38,40]",510510,9699690,19,34,33,34,000001000010000000000000000000000,79,0.0009284832814244579,3,2,1
double_twins_p19,"[0,2,38,40]",510510,9699690,19,34,33,34,000001000010000001000000000000000,35,0.00041135335252982314,4,3,1
double_twins_p19,"[0,2,38,40]",510510,9699690,19,34,33,34,000001000010100000000000000000000,42,0.0004936240230357877,4,3,1
double_twins_p19,"[0,2,38,40]",510510,9699690,19,34,33,34,000001000010100001000000000000000,14,0.00016454134101192923,5,4,1
double_twins_p19,"[0,2,38,40]",510510,9699690,19,34,33,34,000001010000000000000000000000000,44,0.0005171299288946348,3,2,1
double_twins_p19,"[0,2,38,40]",510510,9699690,19,34,33,34,000001010000000001000000000000000,23,0.00027031791737674093,4,3,1
double_twins_p19,"[0,2,38,40]",510510,9699690,19,34,33,34,000001010000100000000000000000000,42,0.0004936240230357877,4,3,1
double_twins_p19,"[0,2,38,40]",510510,9699690,19,34,33,34,000001010000100001000000000000000,14,0.00016454134101192923,5,4,1
double_twins_p19,"[0,2,38,40]",510510,9699690,19,34,33,34,000001010010000000000000000000000,18,0.0002115531527296233,4,3,1
double_twins_p19,"[0,2,38,40]",510510,9699690,19,34,33,34,000001010010000001000000000000000,5,5.876476464711759e-05,5,4,1
double_twins_p19,"[0,2,38,40]",510510,9699690,19,34,33,34,100000000000000000000000000000000,66,0.0007756948933419521,2,1,1
double_twins_p19,"[0,2,38,40]",510510,9699690,19,34,33,34,100000000000000001000000000000000,44,0.0005171299288946348,3,2,1
double_twins_p19,"[0,2,38,40]",510510,9699690,19,34,33,34,100000000000100000000000000000000,59,0.0006934242228359875,3,2,1
double_twins_p19,"[0,2,38,40]",510510,9699690,19,34,33,34,100000000000100001000000000000000,57,0.0006699183169771405,4,3,1
double_twins_p19,"[0,2,38,40]",510510,9699690,19,34,33,34,100000000010000000000000000000000,52,0.0006111535523300229,3,2,1
double_twins_p19,"[0,2,38,40]",510510,9699690,19,34,33,34,100000000010000001000000000000000,56,0.0006581653640477169,4,3,1
double_twins_p19,"[0,2,38,40]",510510,9699690,19,34,33,34,100000000010100000000000000000000,23,0.00027031791737674093,4,3,1
double_twins_p19,"[0,2,38,40]",510510,9699690,19,34,33,34,100000000010100001000000000000000,42,0.0004936240230357877,5,4,1
double_twins_p19,"[0,2,38,40]",510510,9699690,19,34,33,34,100000010000000000000000000000000,84,0.0009872480460715754,3,2,1
double_twins_p19,"[0,2,38,40]",510510,9699690,19,34,33,34,100000010000000001000000000000000,56,0.0006581653640477169,4,3,1
double_twins_p19,"[0,2,38,40]",510510,9699690,19,34,33,34,100000010000100000000000000000000,35,0.00041135335252982314,4,3,1
double_twins_p19,"[0,2,38,40]",510510,9699690,19,34,33,34,100000010010000000000000000000000,10,0.00011752952929423518,4,3,1
double_twins_p19,"[0,2,38,40]",510510,9699690,19,34,33,34,100000010010000001000000000000000,10,0.00011752952929423518,5,4,1
double_twins_p19,"[0,2,38,40]",510510,9699690,19,34,33,34,100000010010100000000000000000000,5,5.876476464711759e-05,5,4,1
double_twins_p19,"[0,2,38,40]",510510,9699690,19,34,33,34,100001000000000000000000000000000,45,0.0005288828818240583,3,2,1
double_twins_p19,"[0,2,38,40]",510510,9699690,19,34,33,34,100001000000000001000000000000000,57,0.0006699183169771405,4,3,1
double_twins_p19,"[0,2,38,40]",510510,9699690,19,34,33,34,100001000000100000000000000000000,26,0.00030557677616501144,4,3,1
double_twins_p19,"[0,2,38,40]",510510,9699690,19,34,33,34,100001000010000000000000000000000,8,9.402362343538814e-05,4,3,1
double_twins_p19,"[0,2,38,40]",510510,9699690,19,34,33,34,100001000010100000000000000000000,14,0.00016454134101192923,5,4,1
double_twins_p19,"[0,2,38,40]",510510,9699690,19,34,33,34,100001010000000000000000000000000,9,0.00010577657636481166,4,3,1
double_twins_p19,"[0,2,38,40]",510510,9699690,19,34,33,34,100001010000000001000000000000000,42,0.0004936240230357877,5,4,1
double_twins_p19,"[0,2,38,40]",510510,9699690,19,34,33,34,100001010000100000000000000000000,14,0.00016454134101192923,5,4,1
double_twins_p19,"[0,2,38,40]",510510,9699690,19,34,33,34,100001010010000000000000000000000,5,5.876476464711759e-05,5,4,1
triplet,"[0,2,6]",510510,9699690,19,26,25,0,0000000000000000000000100,78,0.0009167303284950344,2,1,1
triplet,"[0,2,6]",510510,9699690,19,26,25,0,0000000000000000010000000,19,0.00022330610565904683,2,1,1
triplet,"[0,2,6]",510510,9699690,19,26,25,0,0000000000000000010000100,50,0.0005876476464711759,3,2,1
triplet,"[0,2,6]",510510,9699690,19,26,25,0,0000000000000000100000000,38,0.00044661221131809365,2,1,1
triplet,"[0,2,6]",510510,9699690,19,26,25,0,0000000000000000100000100,54,0.00063465945818887,4,3,1
triplet,"[0,2,6]",510510,9699690,19,26,25,0,0000000000000000110000000,62,0.0007286830816242581,4,3,1
triplet,"[0,2,6]",510510,9699690,19,26,25,0,0000000000000000110000100,72,0.0008462126109184933,6,5,1
triplet,"[0,2,6]",510510,9699690,19,26,25,0,0000001000000000000000000,23,0.00027031791737674093,2,1,1
triplet,"[0,2,6]",510510,9699690,19,26,25,0,0000001000000000000000100,42,0.0004936240230357877,3,2,1
triplet,"[0,2,6]",510510,9699690,19,26,25,0,0000001000000000010000000,49,0.0005758946935417523,3,2,1
triplet,"[0,2,6]",510510,9699690,19,26,25,0,0000001000000000010000100,64,0.0007521889874831051,4,3,1
triplet,"[0,2,6]",510510,9699690,19,26,25,0,0000001000000000100000000,32,0.0003760944937415526,3,2,1
triplet,"[0,2,6]",510510,9699690,19,26,25,0,0000001000000000100000100,20,0.00023505905858847037,5,4,1
triplet,"[0,2,6]",510510,9699690,19,26,25,0,0000001000000000110000000,79,0.0009284832814244579,5,4,1
triplet,"[0,2,6]",510510,9699690,19,26,25,0,0000001000000000110000100,43,0.0005053769759652113,7,6,1
triplet,"[0,2,6]",510510,9699690,19,26,25,0,0010000000000000000000000,31,0.00036434154081212903,2,1,1
triplet,"[0,2,6]",510510,9699690,19,26,25,0,0010000000000000000000100,25,0.00029382382323558796,4,3,1
triplet,"[0,2,6]",510510,9699690,19,26,25,0,0010000000000000010000000,19,0.00022330610565904683,3,2,1
triplet,"[0,2,6]",510510,9699690,19,26,25,0,0010000000000000010000100,31,0.00036434154081212903,5,4,1
triplet,"[0,2,6]",510510,9699690,19,26,25,0,0010000000000000100000000,63,0.0007404360345536817,3,2,1
triplet,"[0,2,6]",510510,9699690,19,26,25,0,0010000000000000100000100,37,0.00043485925838867017,6,5,1
triplet,"[0,2,6]",510510,9699690,19,26,25,0,0010000000000000110000000,45,0.0005288828818240583,5,4,1
triplet,"[0,2,6]",510510,9699690,19,26,25,0,0010000000000000110000100,5,5.876476464711759e-05,8,7,1
triplet,"[0,2,6]",510510,9699690,19,26,25,0,0010001000000000000000000,55,0.0006464124111182935,3,2,1
triplet,"[0,2,6]",510510,9699690,19,26,25,0,0010001000000000000000100,33,0.00038784744667097606,5,4,1
triplet,"[0,2,6]",510510,9699690,19,26,25,0,0010001000000000010000000,63,0.0007404360345536817,4,3,1
triplet,"[0,2,6]",510510,9699690,19,26,25,0,0010001000000000010000100,29,0.000340835634953282,6,5,1
triplet,"[0,2,6]",510510,9699690,19,26,25,0,0010001000000000100000000,35,0.00041135335252982314,4,3,1
triplet,"[0,2,6]",510510,9699690,19,26,25,0,0010001000000000100000100,3,3.525885878827055e-05,7,6,1
triplet,"[0,2,6]",510510,9699690,19,26,25,0,0010001000000000110000000,64,0.0007521889874831051,6,5,1
triplet,"[0,2,6]",510510,9699690,19,26,25,0,0010001000000000110000100,6,7.05177175765411e-05,9,8,1
triplet,"[0,2,6]",510510,9699690,19,26,25,0,0100000000000000000000000,68,0.0007992007992007992,2,1,1
triplet,"[0,2,6]",510510,9699690,19,26,25,0,0100000000000000000000100,125,0.0014691191161779397,3,2,1
triplet,"[0,2,6]",510510,9699690,19,26,25,0,0100000000000000010000000,4,4.701181171769407e-05,3,2,1
triplet,"[0,2,6]",510510,9699690,19,26,25,0,0100000000000000010000100,11,0.0001292824822236587,4,3,1
triplet,"[0,2,6]",510510,9699690,19,26,25,0,0100000000000000100000000,23,0.00027031791737674093,3,2,1
triplet,"[0,2,6]",510510,9699690,19,26,25,0,0100000000000000100000100,35,0.00041135335252982314,5,4,1
triplet,"[0,2,6]",510510,9699690,19,26,25,0,0100000000000000110000000,13,0.00015278838808250572,5,4,1
triplet,"[0,2,6]",510510,9699690,19,26,25,0,0100000000000000110000100,25,0.00029382382323558796,7,6,1
triplet,"[0,2,6]",510510,9699690,19,26,25,0,0100001000000000000000000,17,0.0001998001998001998,3,2,1
triplet,"[0,2,6]",510510,9699690,19,26,25,0,0100001000000000000000100,26,0.00030557677616501144,4,3,1
triplet,"[0,2,6]",510510,9699690,19,26,25,0,0100001000000000010000000,47,0.0005523887876829053,4,3,1
triplet,"[0,2,6]",510510,9699690,19,26,25,0,0100001000000000010000100,54,0.00063465945818887,5,4,1
triplet,"[0,2,6]",510510,9699690,19,26,25,0,0100001000000000100000000,20,0.00023505905858847037,4,3,1
triplet,"[0,2,6]",510510,9699690,19,26,25,0,0100001000000000100000100,10,0.00011752952929423518,6,5,1
triplet,"[0,2,6]",510510,9699690,19,26,25,0,0100001000000000110000000,40,0.00047011811717694073,6,5,1
triplet,"[0,2,6]",510510,9699690,19,26,25,0,0100001000000000110000100,26,0.00030557677616501144,8,7,1
triplet,"[0,2,6]",510510,9699690,19,26,25,0,0110000000000000000000000,53,0.0006229065052594465,4,3,1
triplet,"[0,2,6]",510510,9699690,19,26,25,0,0110000000000000000000100,59,0.0006934242228359875,6,5,1
triplet,"[0,2,6]",510510,9699690,19,26,25,0,0110000000000000010000000,17,0.0001998001998001998,5,4,1
triplet,"[0,2,6]",510510,9699690,19,26,25,0,0110000000000000010000100,21,0.00024681201151789385,7,6,1
triplet,"[0,2,6]",510510,9699690,19,26,25,0,0110000000000000100000000,75,0.0008814714697067638,5,4,1
triplet,"[0,2,6]",510510,9699690,19,26,25,0,0110000000000000100000100,57,0.0006699183169771405,8,7,1
triplet,"[0,2,6]",510510,9699690,19,26,25,0,0110000000000000110000000,39,0.0004583651642475172,7,6,1
triplet,"[0,2,6]",510510,9699690,19,26,25,0,0110000000000000110000100,15,0.00017629429394135277,10,9,1
triplet,"[0,2,6]",510510,9699690,19,26,25,0,0110001000000000000000000,60,0.0007051771757654111,5,4,1
triplet,"[0,2,6]",510510,9699690,19,26,25,0,0110001000000000000000100,30,0.00035258858788270555,7,6,1
triplet,"[0,2,6]",510510,9699690,19,26,25,0,0110001000000000010000000,44,0.0005171299288946348,6,5,1
triplet,"[0,2,6]",510510,9699690,19,26,25,0,0110001000000000010000100,22,0.0002585649644473174,8,7,1
triplet,"[0,2,6]",510510,9699690,19,26,25,0,0110001000000000100000000,36,0.0004231063054592466,6,5,1
triplet,"[0,2,6]",510510,9699690,19,26,25,0,0110001000000000100000100,6,7.05177175765411e-05,9,8,1
triplet,"[0,2,6]",510510,9699690,19,26,25,0,0110001000000000110000000,36,0.0004231063054592466,8,7,1
triplet,"[0,2,6]",510510,9699690,19,26,25,0,0110001000000000110000100,6,7.05177175765411e-05,11,10,1
triplet,"[0,2,6]",510510,9699690,19,26,25,1,0000000000000000000001000,78,0.0009167303284950344,2,1,1
triplet,"[0,2,6]",510510,9699690,19,26,25,1,0000000000000000100000000,19,0.00022330610565904683,2,1,1
triplet,"[0,2,6]",510510,9699690,19,26,25,1,0000000000000000100001000,50,0.0005876476464711759,3,2,1
triplet,"[0,2,6]",510510,9699690,19,26,25,1,0000000000000001000000000,38,0.00044661221131809365,2,1,1
triplet,"[0,2,6]",510510,9699690,19,26,25,1,0000000000000001000001000,54,0.00063465945818887,4,3,1
triplet,"[0,2,6]",510510,9699690,19,26,25,1,0000000000000001100000000,62,0.0007286830816242581,4,3,1
triplet,"[0,2,6]",510510,9699690,19,26,25,1,0000000000000001100001000,72,0.0008462126109184933,6,5,1
triplet,"[0,2,6]",510510,9699690,19,26,25,1,0000010000000000000000000,23,0.00027031791737674093,2,1,1
triplet,"[0,2,6]",510510,9699690,19,26,25,1,0000010000000000000001000,42,0.0004936240230357877,3,2,1
triplet,"[0,2,6]",510510,9699690,19,26,25,1,0000010000000000100000000,49,0.0005758946935417523,3,2,1
triplet,"[0,2,6]",510510,9699690,19,26,25,1,0000010000000000100001000,64,0.0007521889874831051,4,3,1
triplet,"[0,2,6]",510510,9699690,19,26,25,1,0000010000000001000000000,32,0.0003760944937415526,3,2,1
triplet,"[0,2,6]",510510,9699690,19,26,25,1,0000010000000001000001000,20,0.00023505905858847037,5,4,1
triplet,"[0,2,6]",510510,9699690,19,26,25,1,0000010000000001100000000,79,0.0009284832814244579,5,4,1
triplet,"[0,2,6]",510510,9699690,19,26,25,1,0000010000000001100001000,43,0.0005053769759652113,7,6,1
triplet,"[0,2,6]",510510,9699690,19,26,25,1,0100000000000000000000000,31,0.00036434154081212903,2,1,1
triplet,"[0,2,6]",510510,9699690,19,26,25,1,0100000000000000000001000,25,0.00029382382323558796,4,3,1
triplet,"[0,2,6]",510510,9699690,19,26,25,1,0100000000000000100000000,19,0.00022330610565904683,3,2,1
triplet,"[0,2,6]",510510,9699690,19,26,25,1,0100000000000000100001000,31,0.00036434154081212903,5,4,1
triplet,"[0,2,6]",510510,9699690,19,26,25,1,0100000000000001000000000,63,0.0007404360345536817,3,2,1
triplet,"[0,2,6]",510510,9699690,19,26,25,1,0100000000000001000001000,37,0.00043485925838867017,6,5,1
triplet,"[0,2,6]",510510,9699690,19,26,25,1,0100000000000001100000000,45,0.0005288828818240583,5,4,1
triplet,"[0,2,6]",510510,9699690,19,26,25,1,0100000000000001100001000,5,5.876476464711759e-05,8,7,1
triplet,"[0,2,6]",510510,9699690,19,26,25,1,0100010000000000000000000,55,0.0006464124111182935,3,2,1
triplet,"[0,2,6]",510510,9699690,19,26,25,1,0100010000000000000001000,33,0.00038784744667097606,5,4,1
triplet,"[0,2,6]",510510,9699690,19,26,25,1,0100010000000000100000000,63,0.0007404360345536817,4,3,1
triplet,"[0,2,6]",510510,9699690,19,26,25,1,0100010000000000100001000,29,0.000340835634953282,6,5,1
triplet,"[0,2,6]",510510,9699690,19,26,25,1,0100010000000001000000000,35,0.00041135335252982314,4,3,1
triplet,"[0,2,6]",510510,9699690,19,26,25,1,0100010000000001000001000,3,3.525885878827055e-05,7,6,1
triplet,"[0,2,6]",510510,9699690,19,26,25,1,0100010000000001100000000,64,0.0007521889874831051,6,5,1
triplet,"[0,2,6]",510510,9699690,19,26,25,1,0100010000000001100001000,6,7.05177175765411e-05,9,8,1
triplet,"[0,2,6]",510510,9699690,19,26,25,1,1000000000000000000000000,68,0.0007992007992007992,2,1,1
triplet,"[0,2,6]",510510,9699690,19,26,25,1,1000000000000000000001000,125,0.0014691191161779397,3,2,1
triplet,"[0,2,6]",510510,9699690,19,26,25,1,1000000000000000100000000,4,4.701181171769407e-05,3,2,1
triplet,"[0,2,6]",510510,9699690,19,26,25,1,1000000000000000100001000,11,0.0001292824822236587,4,3,1
triplet,"[0,2,6]",510510,9699690,19,26,25,1,1000000000000001000000000,23,0.00027031791737674093,3,2,1
triplet,"[0,2,6]",510510,9699690,19,26,25,1,1000000000000001000001000,35,0.00041135335252982314,5,4,1
triplet,"[0,2,6]",510510,9699690,19,26,25,1,1000000000000001100000000,13,0.00015278838808250572,5,4,1
triplet,"[0,2,6]",510510,9699690,19,26,25,1,1000000000000001100001000,25,0.00029382382323558796,7,6,1
triplet,"[0,2,6]",510510,9699690,19,26,25,1,1000010000000000000000000,17,0.0001998001998001998,3,2,1
triplet,"[0,2,6]",510510,9699690,19,26,25,1,1000010000000000000001000,26,0.00030557677616501144,4,3,1
triplet,"[0,2,6]",510510,9699690,19,26,25,1,1000010000000000100000000,47,0.0005523887876829053,4,3,1
triplet,"[0,2,6]",510510,9699690,19,26,25,1,1000010000000000100001000,54,0.00063465945818887,5,4,1
triplet,"[0,2,6]",510510,9699690,19,26,25,1,1000010000000001000000000,20,0.00023505905858847037,4,3,1
triplet,"[0,2,6]",510510,9699690,19,26,25,1,1000010000000001000001000,10,0.00011752952929423518,6,5,1
triplet,"[0,2,6]",510510,9699690,19,26,25,1,1000010000000001100000000,40,0.00047011811717694073,6,5,1
triplet,"[0,2,6]",510510,9699690,19,26,25,1,1000010000000001100001000,26,0.00030557677616501144,8,7,1
triplet,"[0,2,6]",510510,9699690,19,26,25,1,1100000000000000000000000,53,0.0006229065052594465,4,3,1
triplet,"[0,2,6]",510510,9699690,19,26,25,1,1100000000000000000001000,59,0.0006934242228359875,6,5,1
triplet,"[0,2,6]",510510,9699690,19,26,25,1,1100000000000000100000000,17,0.0001998001998001998,5,4,1
triplet,"[0,2,6]",510510,9699690,19,26,25,1,1100000000000000100001000,21,0.00024681201151789385,7,6,1
triplet,"[0,2,6]",510510,9699690,19,26,25,1,1100000000000001000000000,75,0.0008814714697067638,5,4,1
triplet,"[0,2,6]",510510,9699690,19,26,25,1,1100000000000001000001000,57,0.0006699183169771405,8,7,1
triplet,"[0,2,6]",510510,9699690,19,26,25,1,1100000000000001100000000,39,0.0004583651642475172,7,6,1
triplet,"[0,2,6]",510510,9699690,19,26,25,1,1100000000000001100001000,15,0.00017629429394135277,10,9,1
triplet,"[0,2,6]",510510,9699690,19,26,25,1,1100010000000000000000000,60,0.0007051771757654111,5,4,1
triplet,"[0,2,6]",510510,9699690,19,26,25,1,1100010000000000000001000,30,0.00035258858788270555,7,6,1
triplet,"[0,2,6]",510510,9699690,19,26,25,1,1100010000000000100000000,44,0.0005171299288946348,6,5,1
triplet,"[0,2,6]",510510,9699690,19,26,25,1,1100010000000000100001000,22,0.0002585649644473174,8,7,1
triplet,"[0,2,6]",510510,9699690,19,26,25,1,1100010000000001000000000,36,0.0004231063054592466,6,5,1
triplet,"[0,2,6]",510510,9699690,19,26,25,1,1100010000000001000001000,6,7.05177175765411e-05,9,8,1
triplet,"[0,2,6]",510510,9699690,19,26,25,1,1100010000000001100000000,36,0.0004231063054592466,8,7,1
triplet,"[0,2,6]",510510,9699690,19,26,25,1,1100010000000001100001000,6,7.05177175765411e-05,11,10,1
triplet,"[0,2,6]",510510,9699690,19,26,25,2,0000000000000000000000000,110,0.001292824822236587,2,1,1
triplet,"[0,2,6]",510510,9699690,19,26,25,2,0000000000000000000010000,203,0.002385849444672974,4,3,1
triplet,"[0,2,6]",510510,9699690,19,26,25,2,0000000000000001000000000,23,0.00027031791737674093,4,3,1
triplet,"[0,2,6]",510510,9699690,19,26,25,2,0000000000000001000010000,61,0.0007169301286948346,6,5,1
triplet,"[0,2,6]",510510,9699690,19,26,25,2,0000000000000010000000000,61,0.0007169301286948346,4,3,1
triplet,"[0,2,6]",510510,9699690,19,26,25,2,0000000000000010000010000,89,0.0010460128107186932,8,7,1
triplet,"[0,2,6]",510510,9699690,19,26,25,2,0000000000000011000000000,75,0.0008814714697067638,8,7,1
triplet,"[0,2,6]",510510,9699690,19,26,25,2,0000000000000011000010000,97,0.0011400364341540813,12,11,1
triplet,"[0,2,6]",510510,9699690,19,26,25,2,0000100000000000000000000,40,0.00047011811717694073,4,3,1
triplet,"[0,2,6]",510510,9699690,19,26,25,2,0000100000000000000010000,68,0.0007992007992007992,6,5,1
triplet,"[0,2,6]",510510,9699690,19,26,25,2,0000100000000001000000000,96,0.0011282834812246577,6,5,1
triplet,"[0,2,6]",510510,9699690,19,26,25,2,0000100000000001000010000,118,0.001386848445671975,8,7,1
triplet,"[0,2,6]",510510,9699690,19,26,25,2,0000100000000010000000000,52,0.0006111535523300229,6,5,1
triplet,"[0,2,6]",510510,9699690,19,26,25,2,0000100000000010000010000,30,0.00035258858788270555,10,9,1
triplet,"[0,2,6]",510510,9699690,19,26,25,2,0000100000000011000000000,119,0.0013986013986013986,10,9,1
triplet,"[0,2,6]",510510,9699690,19,26,25,2,0000100000000011000010000,69,0.0008109537521302227,14,13,1
triplet,"[0,2,6]",510510,9699690,19,26,25,2,1000000000000000000000000,84,0.0009872480460715754,4,3,1
triplet,"[0,2,6]",510510,9699690,19,26,25,2,1000000000000000000010000,84,0.0009872480460715754,8,7,1
triplet,"[0,2,6]",510510,9699690,19,26,25,2,1000000000000001000000000,36,0.0004231063054592466,6,5,1
triplet,"[0,2,6]",510510,9699690,19,26,25,2,1000000000000001000010000,52,0.0006111535523300229,10,9,1
triplet,"[0,2,6]",510510,9699690,19,26,25,2,1000000000000010000000000,138,0.0016219075042604454,6,5,1
triplet,"[0,2,6]",510510,9699690,19,26,25,2,1000000000000010000010000,94,0.0011047775753658107,12,11,1
triplet,"[0,2,6]",510510,9699690,19,26,25,2,1000000000000011000000000,84,0.0009872480460715754,10,9,1
triplet,"[0,2,6]",510510,9699690,19,26,25,2,1000000000000011000010000,20,0.00023505905858847037,16,15,1
triplet,"[0,2,6]",510510,9699690,19,26,25,2,1000100000000000000000000,115,0.0013515895868837044,6,5,1
triplet,"[0,2,6]",510510,9699690,19,26,25,2,1000100000000000000010000,63,0.0007404360345536817,10,9,1
triplet,"[0,2,6]",510510,9699690,19,26,25,2,1000100000000001000000000,107,0.0012575659634483163,8,7,1
triplet,"[0,2,6]",510510,9699690,19,26,25,2,1000100000000001000010000,51,0.0005994005994005994,12,11,1
triplet,"[0,2,6]",510510,9699690,19,26,25,2,1000100000000010000000000,71,0.0008344596579890698,8,7,1
triplet,"[0,2,6]",510510,9699690,19,26,25,2,1000100000000010000010000,9,0.00010577657636481166,14,13,1
triplet,"[0,2,6]",510510,9699690,19,26,25,2,1000100000000011000000000,100,0.0011752952929423518,12,11,1
triplet,"[0,2,6]",510510,9699690,19,26,25,2,1000100000000011000010000,12,0.0001410354351530822,18,17,1
triplet,"[0,2,6]",510510,9699690,19,26,25,3,0000000000000000000000001,60,0.0007051771757654111,2,1,1
triplet,"[0,2,6]",510510,9699690,19,26,25,3,0000000000000000000100000,193,0.002268319915378739,2,1,1
triplet,"[0,2,6]",510510,9699690,19,26,25,3,0000000000000000000100001,94,0.0011047775753658107,3,2,1
triplet,"[0,2,6]",510510,9699690,19,26,25,3,0000000000000010000000000,35,0.00041135335252982314,2,1,1
triplet,"[0,2,6]",510510,9699690,19,26,25,3,0000000000000010000000001,24,0.0002820708703061644,3,2,1
triplet,"[0,2,6]",510510,9699690,19,26,25,3,0000000000000010000100000,101,0.0011870482458717752,3,2,1
triplet,"[0,2,6]",510510,9699690,19,26,25,3,0000000000000010000100001,12,0.0001410354351530822,4,3,1
triplet,"[0,2,6]",510510,9699690,19,26,25,3,0000000000000100000000000,75,0.0008814714697067638,2,1,1
triplet,"[0,2,6]",510510,9699690,19,26,25,3,0000000000000100000000001,124,0.0014573661632485161,3,2,1
triplet,"[0,2,6]",510510,9699690,19,26,25,3,0000000000000100000100000,61,0.0007169301286948346,4,3,1
triplet,"[0,2,6]",510510,9699690,19,26,25,3,0000000000000100000100001,122,0.0014338602573896692,5,4,1
triplet,"[0,2,6]",510510,9699690,19,26,25,3,0000000000000110000000000,75,0.0008814714697067638,4,3,1
triplet,"[0,2,6]",510510,9699690,19,26,25,3,0000000000000110000000001,84,0.0009872480460715754,5,4,1
triplet,"[0,2,6]",510510,9699690,19,26,25,3,0000000000000110000100000,45,0.0005288828818240583,6,5,1
triplet,"[0,2,6]",510510,9699690,19,26,25,3,0000000000000110000100001,72,0.0008462126109184933,7,6,1
triplet,"[0,2,6]",510510,9699690,19,26,25,3,0001000000000000000000000,74,0.0008697185167773403,2,1,1
triplet,"[0,2,6]",510510,9699690,19,26,25,3,0001000000000000000000001,81,0.000951989187283305,3,2,1
triplet,"[0,2,6]",510510,9699690,19,26,25,3,0001000000000000000100000,80,0.0009402362343538815,3,2,1
triplet,"[0,2,6]",510510,9699690,19,26,25,3,0001000000000000000100001,51,0.0005994005994005994,4,3,1
triplet,"[0,2,6]",510510,9699690,19,26,25,3,0001000000000010000000000,125,0.0014691191161779397,3,2,1
triplet,"[0,2,6]",510510,9699690,19,26,25,3,0001000000000010000000001,78,0.0009167303284950344,4,3,1
triplet,"[0,2,6]",510510,9699690,19,26,25,3,0001000000000010000100000,121,0.0014221073044602456,4,3,1
triplet,"[0,2,6]",510510,9699690,19,26,25,3,0001000000000010000100001,48,0.0005641417406123288,5,4,1
triplet,"[0,2,6]",510510,9699690,19,26,25,3,0001000000000100000000000,30,0.00035258858788270555,3,2,1
triplet,"[0,2,6]",510510,9699690,19,26,25,3,0001000000000100000000001,93,0.001093024622436387,4,3,1
triplet,"[0,2,6]",510510,9699690,19,26,25,3,0001000000000100000100000,6,7.05177175765411e-05,5,4,1
triplet,"[0,2,6]",510510,9699690,19,26,25,3,0001000000000100000100001,33,0.00038784744667097606,6,5,1
triplet,"[0,2,6]",510510,9699690,19,26,25,3,0001000000000110000000000,123,0.0014456132103190928,5,4,1
triplet,"[0,2,6]",510510,9699690,19,26,25,3,0001000000000110000000001,96,0.0011282834812246577,6,5,1
triplet,"[0,2,6]",510510,9699690,19,26,25,3,0001000000000110000100000,33,0.00038784744667097606,7,6,1
triplet,"[0,2,6]",510510,9699690,19,26,25,3,0001000000000110000100001,48,0.0005641417406123288,8,7,1
triplet,"[0,2,6]",510510,9699690,19,26,25,4,0000000000000000000000010,60,0.0007051771757654111,2,1,1
triplet,"[0,2,6]",510510,9699690,19,26,25,4,0000000000000000001000000,193,0.002268319915378739,2,1,1
triplet,"[0,2,6]",510510,9699690,19,26,25,4,0000000000000000001000010,94,0.0011047775753658107,3,2,1
triplet,"[0,2,6]",510510,9699690,19,26,25,4,0000000000000100000000000,35,0.00041135335252982314,2,1,1
triplet,"[0,2,6]",510510,9699690,19,26,25,4,0000000000000100000000010,24,0.0002820708703061644,3,2,1
triplet,"[0,2,6]",510510,9699690,19,26,25,4,0000000000000100001000000,101,0.0011870482458717752,3,2,1
triplet,"[0,2,6]",510510,9699690,19,26,25,4,0000000000000100001000010,12,0.0001410354351530822,4,3,1
triplet,"[0,2,6]",510510,9699690,19,26,25,4,0000000000001000000000000,75,0.0008814714697067638,2,1,1
triplet,"[0,2,6]",510510,9699690,19,26,25,4,0000000000001000000000010,124,0.0014573661632485161,3,2,1
triplet,"[0,2,6]",510510,9699690,19,26,25,4,0000000000001000001000000,61,0.0007169301286948346,4,3,1
triplet,"[0,2,6]",510510,9699690,19,26,25,4,0000000000001000001000010,122,0.0014338602573896692,5,4,1
triplet,"[0,2,6]",510510,9699690,19,26,25,4,0000000000001100000000000,75,0.0008814714697067638,4,3,1
triplet,"[0,2,6]",510510,9699690,19,26,25,4,0000000000001100000000010,84,0.0009872480460715754,5,4,1
triplet,"[0,2,6]",510510,9699690,19,26,25,4,0000000000001100001000000,45,0.0005288828818240583,6,5,1
triplet,"[0,2,6]",510510,9699690,19,26,25,4,0000000000001100001000010,72,0.0008462126109184933,7,6,1
triplet,"[0,2,6]",510510,9699690,19,26,25,4,0010000000000000000000000,74,0.0008697185167773403,2,1,1
triplet,"[0,2,6]",510510,9699690,19,26,25,4,0010000000000000000000010,81,0.000951989187283305,3,2,1
triplet,"[0,2,6]",510510,9699690,19,26,25,4,0010000000000000001000000,80,0.0009402362343538815,3,2,1
triplet,"[0,2,6]",510510,9699690,19,26,25,4,0010000000000000001000010,51,0.0005994005994005994,4,3,1
triplet,"[0,2,6]",510510,9699690,19,26,25,4,0010000000000100000000000,125,0.0014691191161779397,3,2,1
triplet,"[0,2,6]",510510,9699690,19,26,25,4,0010000000000100000000010,78,0.0009167303284950344,4,3,1
triplet,"[0,2,6]",510510,9699690,19,26,25,4,0010000000000100001000000,121,0.0014221073044602456,4,3,1
triplet,"[0,2,6]",510510,9699690,19,26,25,4,0010000000000100001000010,48,0.0005641417406123288,5,4,1
triplet,"[0,2,6]",510510,9699690,19,26,25,4,0010000000001000000000000,30,0.00035258858788270555,3,2,1
triplet,"[0,2,6]",510510,9699690,19,26,25,4,0010000000001000000000010,93,0.001093024622436387,4,3,1
triplet,"[0,2,6]",510510,9699690,19,26,25,4,0010000000001000001000000,6,7.05177175765411e-05,5,4,1
triplet,"[0,2,6]",510510,9699690,19,26,25,4,0010000000001000001000010,33,0.00038784744667097606,6,5,1
triplet,"[0,2,6]",510510,9699690,19,26,25,4,0010000000001100000000000,123,0.0014456132103190928,5,4,1
triplet,"[0,2,6]",510510,9699690,19,26,25,4,0010000000001100000000010,96,0.0011282834812246577,6,5,1
triplet,"[0,2,6]",510510,9699690,19,26,25,4,0010000000001100001000000,33,0.00038784744667097606,7,6,1
triplet,"[0,2,6]",510510,9699690,19,26,25,4,0010000000001100001000010,48,0.0005641417406123288,8,7,1
triplet,"[0,2,6]",510510,9699690,19,26,25,5,0000000000000000000000100,60,0.0007051771757654111,2,1,1
triplet,"[0,2,6]",510510,9699690,19,26,25,5,0000000000000000010000000,193,0.002268319915378739,2,1,1
triplet,"[0,2,6]",510510,9699690,19,26,25,5,0000000000000000010000100,94,0.0011047775753658107,3,2,1
triplet,"[0,2,6]",510510,9699690,19,26,25,5,0000000000001000000000000,35,0.00041135335252982314,2,1,1
triplet,"[0,2,6]",510510,9699690,19,26,25,5,0000000000001000000000100,24,0.0002820708703061644,3,2,1
triplet,"[0,2,6]",510510,9699690,19,26,25,5,0000000000001000010000000,101,0.0011870482458717752,3,2,1
triplet,"[0,2,6]",510510,9699690,19,26,25,5,0000000000001000010000100,12,0.0001410354351530822,4,3,1
triplet,"[0,2,6]",510510,9699690,19,26,25,5,0000000000010000000000000,75,0.0008814714697067638,2,1,1
triplet,"[0,2,6]",510510,9699690,19,26,25,5,0000000000010000000000100,124,0.0014573661632485161,3,2,1
triplet,"[0,2,6]",510510,9699690,19,26,25,5,0000000000010000010000000,61,0.0007169301286948346,4,3,1
triplet,"[0,2,6]",510510,9699690,19,26,25,5,0000000000010000010000100,122,0.0014338602573896692,5,4,1
triplet,"[0,2,6]",510510,9699690,19,26,25,5,0000000000011000000000000,75,0.0008814714697067638,4,3,1
triplet,"[0,2,6]",510510,9699690,19,26,25,5,0000000000011000000000100,84,0.0009872480460715754,5,4,1
triplet,"[0,2,6]",510510,9699690,19,26,25,5,0000000000011000010000000,45,0.0005288828818240583,6,5,1
triplet,"[0,2,6]",510510,9699690,19,26,25,5,0000000000011000010000100,72,0.0008462126109184933,7,6,1
triplet,"[0,2,6]",510510,9699690,19,26,25,5,0100000000000000000000000,74,0.0008697185167773403,2,1,1
triplet,"[0,2,6]",510510,9699690,19,26,25,5,0100000000000000000000100,81,0.000951989187283305,3,2,1
triplet,"[0,2,6]",510510,9699690,19,26,25,5,0100000000000000010000000,80,0.0009402362343538815,3,2,1
triplet,"[0,2,6]",510510,9699690,19,26,25,5,0100000000000000010000100,51,0.0005994005994005994,4,3,1
triplet,"[0,2,6]",510510,9699690,19,26,25,5,0100000000001000000000000,125,0.0014691191161779397,3,2,1
triplet,"[0,2,6]",510510,9699690,19,26,25,5,0100000000001000000000100,78,0.0009167303284950344,4,3,1
triplet,"[0,2,6]",510510,9699690,19,26,25,5,0100000000001000010000000,121,0.0014221073044602456,4,3,1
triplet,"[0,2,6]",510510,9699690,19,26,25,5,0100000000001000010000100,48,0.0005641417406123288,5,4,1
triplet,"[0,2,6]",510510,9699690,19,26,25,5,0100000000010000000000000,30,0.00035258858788270555,3,2,1
triplet,"[0,2,6]",510510,9699690,19,26,25,5,0100000000010000000000100,93,0.001093024622436387,4,3,1
triplet,"[0,2,6]",510510,9699690,19,26,25,5,0100000000010000010000000,6,7.05177175765411e-05,5,4,1
triplet,"[0,2,6]",510510,9699690,19,26,25,5,0100000000010000010000100,33,0.00038784744667097606,6,5,1
triplet,"[0,2,6]",510510,9699690,19,26,25,5,0100000000011000000000000,123,0.0014456132103190928,5,4,1
triplet,"[0,2,6]",510510,9699690,19,26,25,5,0100000000011000000000100,96,0.0011282834812246577,6,5,1
triplet,"[0,2,6]",510510,9699690,19,26,25,5,0100000000011000010000000,33,0.00038784744667097606,7,6,1
triplet,"[0,2,6]",510510,9699690,19,26,25,5,0100000000011000010000100,48,0.0005641417406123288,8,7,1
triplet,"[0,2,6]",510510,9699690,19,26,25,6,0000000000000000000000000,134,0.0015748956925427514,2,1,1
triplet,"[0,2,6]",510510,9699690,19,26,25,6,0000000000000000000001000,60,0.0007051771757654111,4,3,1
triplet,"[0,2,6]",510510,9699690,19,26,25,6,0000000000000000100000000,193,0.002268319915378739,4,3,1
triplet,"[0,2,6]",510510,9699690,19,26,25,6,0000000000000000100001000,94,0.0011047775753658107,6,5,1
triplet,"[0,2,6]",510510,9699690,19,26,25,6,0000000000010000000000000,35,0.00041135335252982314,4,3,1
triplet,"[0,2,6]",510510,9699690,19,26,25,6,0000000000010000000001000,24,0.0002820708703061644,6,5,1
triplet,"[0,2,6]",510510,9699690,19,26,25,6,0000000000010000100000000,101,0.0011870482458717752,6,5,1
triplet,"[0,2,6]",510510,9699690,19,26,25,6,0000000000010000100001000,12,0.0001410354351530822,8,7,1
triplet,"[0,2,6]",510510,9699690,19,26,25,6,0000000000100000000000000,75,0.0008814714697067638,4,3,1
triplet,"[0,2,6]",510510,9699690,19,26,25,6,0000000000100000000001000,124,0.0014573661632485161,6,5,1
triplet,"[0,2,6]",510510,9699690,19,26,25,6,0000000000100000100000000,61,0.0007169301286948346,8,7,1
triplet,"[0,2,6]",510510,9699690,19,26,25,6,0000000000100000100001000,122,0.0014338602573896692,10,9,1
triplet,"[0,2,6]",510510,9699690,19,26,25,6,0000000000110000000000000,75,0.0008814714697067638,8,7,1
triplet,"[0,2,6]",510510,9699690,19,26,25,6,0000000000110000000001000,84,0.0009872480460715754,10,9,1
triplet,"[0,2,6]",510510,9699690,19,26,25,6,0000000000110000100000000,45,0.0005288828818240583,12,11,1
triplet,"[0,2,6]",510510,9699690,19,26,25,6,0000000000110000100001000,72,0.0008462126109184933,14,13,1
triplet,"[0,2,6]",510510,9699690,19,26,25,6,1000000000000000000000000,74,0.0008697185167773403,4,3,1
triplet,"[0,2,6]",510510,9699690,19,26,25,6,1000000000000000000001000,81,0.000951989187283305,6,5,1
triplet,"[0,2,6]",510510,9699690,19,26,25,6,1000000000000000100000000,80,0.0009402362343538815,6,5,1
triplet,"[0,2,6]",510510,9699690,19,26,25,6,1000000000000000100001000,51,0.0005994005994005994,8,7,1
triplet,"[0,2,6]",510510,9699690,19,26,25,6,1000000000010000000000000,125,0.0014691191161779397,6,5,1
triplet,"[0,2,6]",510510,9699690,19,26,25,6,1000000000010000000001000,78,0.0009167303284950344,8,7,1
triplet,"[0,2,6]",510510,9699690,19,26,25,6,1000000000010000100000000,121,0.0014221073044602456,8,7,1
triplet,"[0,2,6]",510510,9699690,19,26,25,6,1000000000010000100001000,48,0.0005641417406123288,10,9,1
triplet,"[0,2,6]",510510,9699690,19,26,25,6,1000000000100000000000000,30,0.00035258858788270555,6,5,1
triplet,"[0,2,6]",510510,9699690,19,26,25,6,1000000000100000000001000,93,0.001093024622436387,8,7,1
triplet,"[0,2,6]",510510,9699690,19,26,25,6,1000000000100000100000000,6,7.05177175765411e-05,10,9,1
triplet,"[0,2,6]",510510,9699690,19,26,25,6,1000000000100000100001000,33,0.00038784744667097606,12,11,1
triplet,"[0,2,6]",510510,9699690,19,26,25,6,1000000000110000000000000,123,0.0014456132103190928,10,9,1
triplet,"[0,2,6]",510510,9699690,19,26,25,6,1000000000110000000001000,96,0.0011282834812246577,12,11,1
triplet,"[0,2,6]",510510,9699690,19,26,25,6,1000000000110000100000000,33,0.00038784744667097606,14,13,1
triplet,"[0,2,6]",510510,9699690,19,26,25,6,1000000000110000100001000,48,0.0005641417406123288,16,15,1
triplet,"[0,2,6]",510510,9699690,19,26,25,7,0000000000000000000000001,100,0.0011752952929423518,2,1,1
triplet,"[0,2,6]",510510,9699690,19,26,25,7,0000000000000000000010000,48,0.0005641417406123288,2,1,1
triplet,"[0,2,6]",510510,9699690,19,26,25,7,0000000000000000000010001,93,0.001093024622436387,3,2,1
triplet,"[0,2,6]",510510,9699690,19,26,25,7,0000000000000001000000000,131,0.0015396368337544809,2,1,1
triplet,"[0,2,6]",510510,9699690,19,26,25,7,0000000000000001000000001,142,0.0016689193159781395,3,2,1
triplet,"[0,2,6]",510510,9699690,19,26,25,7,0000000000000001000010000,80,0.0009402362343538815,3,2,1
triplet,"[0,2,6]",510510,9699690,19,26,25,7,0000000000000001000010001,65,0.0007639419404125286,4,3,1
triplet,"[0,2,6]",510510,9699690,19,26,25,7,0000000000100000000000000,72,0.0008462126109184933,2,1,1
triplet,"[0,2,6]",510510,9699690,19,26,25,7,0000000000100000000000001,88,0.0010342598577892696,3,2,1
triplet,"[0,2,6]",510510,9699690,19,26,25,7,0000000000100000000010000,30,0.00035258858788270555,3,2,1
triplet,"[0,2,6]",510510,9699690,19,26,25,7,0000000000100000000010001,72,0.0008462126109184933,4,3,1
triplet,"[0,2,6]",510510,9699690,19,26,25,7,0000000000100001000000000,152,0.0017864488452723746,3,2,1
triplet,"[0,2,6]",510510,9699690,19,26,25,7,0000000000100001000000001,70,0.0008227067050596463,4,3,1
triplet,"[0,2,6]",510510,9699690,19,26,25,7,0000000000100001000010000,32,0.0003760944937415526,4,3,1
triplet,"[0,2,6]",510510,9699690,19,26,25,7,0000000000100001000010001,28,0.00032908268202385847,5,4,1
triplet,"[0,2,6]",510510,9699690,19,26,25,7,0000000001000000000000000,60,0.0007051771757654111,2,1,1
triplet,"[0,2,6]",510510,9699690,19,26,25,7,0000000001000000000000001,45,0.0005288828818240583,3,2,1
triplet,"[0,2,6]",510510,9699690,19,26,25,7,0000000001000000000010000,141,0.001657166363048716,3,2,1
triplet,"[0,2,6]",510510,9699690,19,26,25,7,0000000001000000000010001,76,0.0008932244226361873,4,3,1
triplet,"[0,2,6]",510510,9699690,19,26,25,7,0000000001000001000000000,50,0.0005876476464711759,4,3,1
triplet,"[0,2,6]",510510,9699690,19,26,25,7,0000000001000001000000001,17,0.0001998001998001998,5,4,1
triplet,"[0,2,6]",510510,9699690,19,26,25,7,0000000001000001000010000,101,0.0011870482458717752,5,4,1
triplet,"[0,2,6]",510510,9699690,19,26,25,7,0000000001000001000010001,54,0.00063465945818887,6,5,1
triplet,"[0,2,6]",510510,9699690,19,26,25,7,0000000001100000000000000,90,0.0010577657636481165,4,3,1
triplet,"[0,2,6]",510510,9699690,19,26,25,7,0000000001100000000000001,108,0.00126931891637774,5,4,1
triplet,"[0,2,6]",510510,9699690,19,26,25,7,0000000001100000000010000,82,0.0009637421402127284,5,4,1
triplet,"[0,2,6]",510510,9699690,19,26,25,7,0000000001100000000010001,98,0.0011517893870835046,6,5,1
triplet,"[0,2,6]",510510,9699690,19,26,25,7,0000000001100001000000000,56,0.0006581653640477169,6,5,1
triplet,"[0,2,6]",510510,9699690,19,26,25,7,0000000001100001000000001,22,0.0002585649644473174,7,6,1
triplet,"[0,2,6]",510510,9699690,19,26,25,7,0000000001100001000010000,78,0.0009167303284950344,7,6,1
triplet,"[0,2,6]",510510,9699690,19,26,25,7,0000000001100001000010001,42,0.0004936240230357877,8,7,1
triplet,"[0,2,6]",510510,9699690,19,26,25,8,0000000000000000000000010,100,0.0011752952929423518,2,1,1
triplet,"[0,2,6]",510510,9699690,19,26,25,8,0000000000000000000100000,48,0.0005641417406123288,2,1,1
triplet,"[0,2,6]",510510,9699690,19,26,25,8,0000000000000000000100010,93,0.001093024622436387,3,2,1
triplet,"[0,2,6]",510510,9699690,19,26,25,8,0000000000000010000000000,131,0.0015396368337544809,2,1,1
triplet,"[0,2,6]",510510,9699690,19,26,25,8,0000000000000010000000010,142,0.0016689193159781395,3,2,1
triplet,"[0,2,6]",510510,9699690,19,26,25,8,0000000000000010000100000,80,0.0009402362343538815,3,2,1
triplet,"[0,2,6]",510510,9699690,19,26,25,8,0000000000000010000100010,65,0.0007639419404125286,4,3,1
triplet,"[0,2,6]",510510,9699690,19,26,25,8,0000000001000000000000000,72,0.0008462126109184933,2,1,1
triplet,"[0,2,6]",510510,9699690,19,26,25,8,0000000001000000000000010,88,0.0010342598577892696,3,2,1
triplet,"[0,2,6]",510510,9699690,19,26,25,8,0000000001000000000100000,30,0.00035258858788270555,3,2,1
triplet,"[0,2,6]",510510,9699690,19,26,25,8,0000000001000000000100010,72,0.0008462126109184933,4,3,1
triplet,"[0,2,6]",510510,9699690,19,26,25,8,0000000001000010000000000,152,0.0017864488452723746,3,2,1
triplet,"[0,2,6]",510510,9699690,19,26,25,8,0000000001000010000000010,70,0.0008227067050596463,4,3,1
triplet,"[0,2,6]",510510,9699690,19,26,25,8,0000000001000010000100000,32,0.0003760944937415526,4,3,1
triplet,"[0,2,6]",510510,9699690,19,26,25,8,0000000001000010000100010,28,0.00032908268202385847,5,4,1
triplet,"[0,2,6]",510510,9699690,19,26,25,8,0000000010000000000000000,60,0.0007051771757654111,2,1,1
triplet,"[0,2,6]",510510,9699690,19,26,25,8,0000000010000000000000010,45,0.0005288828818240583,3,2,1
triplet,"[0,2,6]",510510,9699690,19,26,25,8,0000000010000000000100000,141,0.001657166363048716,3,2,1
triplet,"[0,2,6]",510510,9699690,19,26,25,8,0000000010000000000100010,76,0.0008932244226361873,4,3,1
triplet,"[0,2,6]",510510,9699690,19,26,25,8,0000000010000010000000000,50,0.0005876476464711759,4,3,1
triplet,"[0,2,6]",510510,9699690,19,26,25,8,0000000010000010000000010,17,0.0001998001998001998,5,4,1
triplet,"[0,2,6]",510510,9699690,19,26,25,8,0000000010000010000100000,101,0.0011870482458717752,5,4,1
triplet,"[0,2,6]",510510,9699690,19,26,25,8,0000000010000010000100010,54,0.00063465945818887,6,5,1
triplet,"[0,2,6]",510510,9699690,19,26,25,8,0000000011000000000000000,90,0.0010577657636481165,4,3,1
triplet,"[0,2,6]",510510,9699690,19,26,25,8,0000000011000000000000010,108,0.00126931891637774,5,4,1
triplet,"[0,2,6]",510510,9699690,19,26,25,8,0000000011000000000100000,82,0.0009637421402127284,5,4,1
triplet,"[0,2,6]",510510,9699690,19,26,25,8,0000000011000000000100010,98,0.0011517893870835046,6,5,1
triplet,"[0,2,6]",510510,9699690,19,26,25,8,0000000011000010000000000,56,0.0006581653640477169,6,5,1
triplet,"[0,2,6]",510510,9699690,19,26,25,8,0000000011000010000000010,22,0.0002585649644473174,7,6,1
triplet,"[0,2,6]",510510,9699690,19,26,25,8,0000000011000010000100000,78,0.0009167303284950344,7,6,1
triplet,"[0,2,6]",510510,9699690,19,26,25,8,0000000011000010000100010,42,0.0004936240230357877,8,7,1
triplet,"[0,2,6]",510510,9699690,19,26,25,9,0000000000000000000000100,100,0.0011752952929423518,2,1,1
triplet,"[0,2,6]",510510,9699690,19,26,25,9,0000000000000000001000000,48,0.0005641417406123288,2,1,1
triplet,"[0,2,6]",510510,9699690,19,26,25,9,0000000000000000001000100,93,0.001093024622436387,3,2,1
triplet,"[0,2,6]",510510,9699690,19,26,25,9,0000000000000100000000000,131,0.0015396368337544809,2,1,1
triplet,"[0,2,6]",510510,9699690,19,26,25,9,0000000000000100000000100,142,0.0016689193159781395,3,2,1
triplet,"[0,2,6]",510510,9699690,19,26,25,9,0000000000000100001000000,80,0.0009402362343538815,3,2,1
triplet,"[0,2,6]",510510,9699690,19,26,25,9,0000000000000100001000100,65,0.0007639419404125286,4,3,1
triplet,"[0,2,6]",510510,9699690,19,26,25,9,0000000010000000000000000,72,0.0008462126109184933,2,1,1
triplet,"[0,2,6]",510510,9699690,19,26,25,9,0000000010000000000000100,88,0.0010342598577892696,3,2,1
triplet,"[0,2,6]",510510,9699690,19,26,25,9,0000000010000000001000000,30,0.00035258858788270555,3,2,1
triplet,"[0,2,6]",510510,9699690,19,26,25,9,0000000010000000001000100,72,0.0008462126109184933,4,3,1
triplet,"[0,2,6]",510510,9699690,19,26,25,9,0000000010000100000000000,152,0.0017864488452723746,3,2,1
triplet,"[0,2,6]",510510,9699690,19,26,25,9,0000000010000100000000100,70,0.0008227067050596463,4,3,1
triplet,"[0,2,6]",510510,9699690,19,26,25,9,0000000010000100001000000,32,0.0003760944937415526,4,3,1
triplet,"[0,2,6]",510510,9699690,19,26,25,9,0000000010000100001000100,28,0.00032908268202385847,5,4,1
triplet,"[0,2,6]",510510,9699690,19,26,25,9,0000000100000000000000000,60,0.0007051771757654111,2,1,1
triplet,"[0,2,6]",510510,9699690,19,26,25,9,0000000100000000000000100,45,0.0005288828818240583,3,2,1
triplet,"[0,2,6]",510510,9699690,19,26,25,9,0000000100000000001000000,141,0.001657166363048716,3,2,1
triplet,"[0,2,6]",510510,9699690,19,26,25,9,0000000100000000001000100,76,0.0008932244226361873,4,3,1
triplet,"[0,2,6]",510510,9699690,19,26,25,9,0000000100000100000000000,50,0.0005876476464711759,4,3,1
triplet,"[0,2,6]",510510,9699690,19,26,25,9,0000000100000100000000100,17,0.0001998001998001998,5,4,1
triplet,"[0,2,6]",510510,9699690,19,26,25,9,0000000100000100001000000,101,0.0011870482458717752,5,4,1
triplet,"[0,2,6]",510510,9699690,19,26,25,9,0000000100000100001000100,54,0.00063465945818887,6,5,1
triplet,"[0,2,6]",510510,9699690,19,26,25,9,0000000110000000000000000,90,0.0010577657636481165,4,3,1
triplet,"[0,2,6]",510510,9699690,19,26,25,9,0000000110000000000000100,108,0.00126931891637774,5,4,1
triplet,"[0,2,6]",510510,9699690,19,26,25,9,0000000110000000001000000,82,0.0009637421402127284,5,4,1
triplet,"[0,2,6]",510510,9699690,19,26,25,9,0000000110000000001000100,98,0.0011517893870835046,6,5,1
triplet,"[0,2,6]",510510,9699690,19,26,25,9,0000000110000100000000000,56,0.0006581653640477169,6,5,1
triplet,"[0,2,6]",510510,9699690,19,26,25,9,0000000110000100000000100,22,0.0002585649644473174,7,6,1
triplet,"[0,2,6]",510510,9699690,19,26,25,9,0000000110000100001000000,78,0.0009167303284950344,7,6,1
triplet,"[0,2,6]",510510,9699690,19,26,25,9,0000000110000100001000100,42,0.0004936240230357877,8,7,1
triplet,"[0,2,6]",510510,9699690,19,26,25,10,0000000000000000000001000,100,0.0011752952929423518,2,1,1
triplet,"[0,2,6]",510510,9699690,19,26,25,10,0000000000000000010000000,48,0.0005641417406123288,2,1,1
triplet,"[0,2,6]",510510,9699690,19,26,25,10,0000000000000000010001000,93,0.001093024622436387,3,2,1
triplet,"[0,2,6]",510510,9699690,19,26,25,10,0000000000001000000000000,131,0.0015396368337544809,2,1,1
triplet,"[0,2,6]",510510,9699690,19,26,25,10,0000000000001000000001000,142,0.0016689193159781395,3,2,1
triplet,"[0,2,6]",510510,9699690,19,26,25,10,0000000000001000010000000,80,0.0009402362343538815,3,2,1
triplet,"[0,2,6]",510510,9699690,19,26,25,10,0000000000001000010001000,65,0.0007639419404125286,4,3,1
triplet,"[0,2,6]",510510,9699690,19,26,25,10,0000000100000000000000000,72,0.0008462126109184933,2,1,1
triplet,"[0,2,6]",510510,9699690,19,26,25,10,0000000100000000000001000,88,0.0010342598577892696,3,2,1
triplet,"[0,2,6]",510510,9699690,19,26,25,10,0000000100000000010000000,30,0.00035258858788270555,3,2,1
triplet,"[0,2,6]",510510,9699690,19,26,25,10,0000000100000000010001000,72,0.0008462126109184933,4,3,1
triplet,"[0,2,6]",510510,9699690,19,26,25,10,0000000100001000000000000,152,0.0017864488452723746,3,2,1
triplet,"[0,2,6]",510510,9699690,19,26,25,10,0000000100001000000001000,70,0.0008227067050596463,4,3,1
triplet,"[0,2,6]",510510,9699690,19,26,25,10,0000000100001000010000000,32,0.0003760944937415526,4,3,1
triplet,"[0,2,6]",510510,9699690,19,26,25,10,0000000100001000010001000,28,0.00032908268202385847,5,4,1
triplet,"[0,2,6]",510510,9699690,19,26,25,10,0000001000000000000000000,60,0.0007051771757654111,2,1,1
triplet,"[0,2,6]",510510,9699690,19,26,25,10,0000001000000000000001000,45,0.0005288828818240583,3,2,1
triplet,"[0,2,6]",510510,9699690,19,26,25,10,0000001000000000010000000,141,0.001657166363048716,3,2,1
triplet,"[0,2,6]",510510,9699690,19,26,25,10,0000001000000000010001000,76,0.0008932244226361873,4,3,1
triplet,"[0,2,6]",510510,9699690,19,26,25,10,0000001000001000000000000,50,0.0005876476464711759,4,3,1
triplet,"[0,2,6]",510510,9699690,19,26,25,10,0000001000001000000001000,17,0.0001998001998001998,5,4,1
triplet,"[0,2,6]",510510,9699690,19,26,25,10,0000001000001000010000000,101,0.0011870482458717752,5,4,1
triplet,"[0,2,6]",510510,9699690,19,26,25,10,0000001000001000010001000,54,0.00063465945818887,6,5,1
triplet,"[0,2,6]",510510,9699690,19,26,25,10,0000001100000000000000000,90,0.0010577657636481165,4,3,1
triplet,"[0,2,6]",510510,9699690,19,26,25,10,0000001100000000000001000,108,0.00126931891637774,5,4,1
triplet,"[0,2,6]",510510,9699690,19,26,25,10,0000001100000000010000000,82,0.0009637421402127284,5,4,1
triplet,"[0,2,6]",510510,9699690,19,26,25,10,0000001100000000010001000,98,0.0011517893870835046,6,5,1
triplet,"[0,2,6]",510510,9699690,19,26,25,10,0000001100001000000000000,56,0.0006581653640477169,6,5,1
triplet,"[0,2,6]",510510,9699690,19,26,25,10,0000001100001000000001000,22,0.0002585649644473174,7,6,1
triplet,"[0,2,6]",510510,9699690,19,26,25,10,0000001100001000010000000,78,0.0009167303284950344,7,6,1
triplet,"[0,2,6]",510510,9699690,19,26,25,10,0000001100001000010001000,42,0.0004936240230357877,8,7,1
triplet,"[0,2,6]",510510,9699690,19,26,25,11,0000000000000000000000000,108,0.00126931891637774,2,1,1
triplet,"[0,2,6]",510510,9699690,19,26,25,11,0000000000000000000010000,100,0.0011752952929423518,4,3,1
triplet,"[0,2,6]",510510,9699690,19,26,25,11,0000000000000000100000000,48,0.0005641417406123288,4,3,1
triplet,"[0,2,6]",510510,9699690,19,26,25,11,0000000000000000100010000,93,0.001093024622436387,6,5,1
triplet,"[0,2,6]",510510,9699690,19,26,25,11,0000000000010000000000000,131,0.0015396368337544809,4,3,1
triplet,"[0,2,6]",510510,9699690,19,26,25,11,0000000000010000000010000,142,0.0016689193159781395,6,5,1
triplet,"[0,2,6]",510510,9699690,19,26,25,11,0000000000010000100000000,80,0.0009402362343538815,6,5,1
triplet,"[0,2,6]",510510,9699690,19,26,25,11,0000000000010000100010000,65,0.0007639419404125286,8,7,1
triplet,"[0,2,6]",510510,9699690,19,26,25,11,0000001000000000000000000,72,0.0008462126109184933,3,2,1
triplet,"[0,2,6]",510510,9699690,19,26,25,11,0000001000000000000010000,88,0.0010342598577892696,5,4,1
triplet,"[0,2,6]",510510,9699690,19,26,25,11,0000001000000000100000000,30,0.00035258858788270555,5,4,1
triplet,"[0,2,6]",510510,9699690,19,26,25,11,0000001000000000100010000,72,0.0008462126109184933,7,6,1
triplet,"[0,2,6]",510510,9699690,19,26,25,11,0000001000010000000000000,152,0.0017864488452723746,5,4,1
triplet,"[0,2,6]",510510,9699690,19,26,25,11,0000001000010000000010000,70,0.0008227067050596463,7,6,1
triplet,"[0,2,6]",510510,9699690,19,26,25,11,0000001000010000100000000,32,0.0003760944937415526,7,6,1
triplet,"[0,2,6]",510510,9699690,19,26,25,11,0000001000010000100010000,28,0.00032908268202385847,9,8,1
triplet,"[0,2,6]",510510,9699690,19,26,25,11,0000010000000000000000000,60,0.0007051771757654111,4,3,1
triplet,"[0,2,6]",510510,9699690,19,26,25,11,0000010000000000000010000,45,0.0005288828818240583,6,5,1
triplet,"[0,2,6]",510510,9699690,19,26,25,11,0000010000000000100000000,141,0.001657166363048716,6,5,1
triplet,"[0,2,6]",510510,9699690,19,26,25,11,0000010000000000100010000,76,0.0008932244226361873,8,7,1
triplet,"[0,2,6]",510510,9699690,19,26,25,11,0000010000010000000000000,50,0.0005876476464711759,8,7,1
triplet,"[0,2,6]",510510,9699690,19,26,25,11,0000010000010000000010000,17,0.0001998001998001998,10,9,1
triplet,"[0,2,6]",510510,9699690,19,26,25,11,0000010000010000100000000,101,0.0011870482458717752,10,9,1
triplet,"[0,2,6]",510510,9699690,19,26,25,11,0000010000010000100010000,54,0.00063465945818887,12,11,1
triplet,"[0,2,6]",510510,9699690,19,26,25,11,0000011000000000000000000,90,0.0010577657636481165,6,5,1
triplet,"[0,2,6]",510510,9699690,19,26,25,11,0000011000000000000010000,108,0.00126931891637774,8,7,1
triplet,"[0,2,6]",510510,9699690,19,26,25,11,0000011000000000100000000,82,0.0009637421402127284,8,7,1
triplet,"[0,2,6]",510510,9699690,19,26,25,11,0000011000000000100010000,98,0.0011517893870835046,10,9,1
triplet,"[0,2,6]",510510,9699690,19,26,25,11,0000011000010000000000000,56,0.0006581653640477169,10,9,1
triplet,"[0,2,6]",510510,9699690,19,26,25,11,0000011000010000000010000,22,0.0002585649644473174,12,11,1
triplet,"[0,2,6]",510510,9699690,19,26,25,11,0000011000010000100000000,78,0.0009167303284950344,12,11,1
triplet,"[0,2,6]",510510,9699690,19,26,25,11,0000011000010000100010000,42,0.0004936240230357877,14,13,1
triplet,"[0,2,6]",510510,9699690,19,26,25,12,0000000000000000000000000,31,0.00036434154081212903,2,1,1
triplet,"[0,2,6]",510510,9699690,19,26,25,12,0000000000000000000000001,77,0.0009049773755656109,4,3,1
triplet,"[0,2,6]",510510,9699690,19,26,25,12,0000000000000000000100000,42,0.0004936240230357877,4,3,1
triplet,"[0,2,6]",510510,9699690,19,26,25,12,0000000000000000000100001,58,0.000681671269906564,6,5,1
triplet,"[0,2,6]",510510,9699690,19,26,25,12,0000000000000001000000000,17,0.0001998001998001998,4,3,1
triplet,"[0,2,6]",510510,9699690,19,26,25,12,0000000000000001000000001,31,0.00036434154081212903,6,5,1
triplet,"[0,2,6]",510510,9699690,19,26,25,12,0000000000000001000100000,47,0.0005523887876829053,6,5,1
triplet,"[0,2,6]",510510,9699690,19,26,25,12,0000000000000001000100001,46,0.0005406358347534819,8,7,1
triplet,"[0,2,6]",510510,9699690,19,26,25,12,0000000000100000000000000,47,0.0005523887876829053,4,3,1
triplet,"[0,2,6]",510510,9699690,19,26,25,12,0000000000100000000000001,84,0.0009872480460715754,6,5,1
triplet,"[0,2,6]",510510,9699690,19,26,25,12,0000000000100000000100000,47,0.0005523887876829053,6,5,1
triplet,"[0,2,6]",510510,9699690,19,26,25,12,0000000000100000000100001,95,0.001116530528295234,8,7,1
triplet,"[0,2,6]",510510,9699690,19,26,25,12,0000000000100001000000000,32,0.0003760944937415526,6,5,1
triplet,"[0,2,6]",510510,9699690,19,26,25,12,0000000000100001000000001,48,0.0005641417406123288,8,7,1
triplet,"[0,2,6]",510510,9699690,19,26,25,12,0000000000100001000100000,51,0.0005994005994005994,8,7,1
triplet,"[0,2,6]",510510,9699690,19,26,25,12,0000000000100001000100001,14,0.00016454134101192923,5,4,1
triplet,"[0,2,6]",510510,9699690,19,26,25,12,0000010000000000000000000,35,0.00041135335252982314,4,3,1
triplet,"[0,2,6]",510510,9699690,19,26,25,12,0000010000000000000000001,37,0.00043485925838867017,4,3,1
triplet,"[0,2,6]",510510,9699690,19,26,25,12,0000010000000000000100000,43,0.0005053769759652113,6,5,1
triplet,"[0,2,6]",510510,9699690,19,26,25,12,0000010000000000000100001,45,0.0005288828818240583,6,5,1
triplet,"[0,2,6]",510510,9699690,19,26,25,12,0000010000000001000000000,17,0.0001998001998001998,6,5,1
triplet,"[0,2,6]",510510,9699690,19,26,25,12,0000010000000001000000001,13,0.00015278838808250572,6,5,1
triplet,"[0,2,6]",510510,9699690,19,26,25,12,0000010000000001000100000,37,0.00043485925838867017,8,7,1
triplet,"[0,2,6]",510510,9699690,19,26,25,12,0000010000000001000100001,35,0.00041135335252982314,8,7,1
triplet,"[0,2,6]",510510,9699690,19,26,25,12,0000010000100000000000000,70,0.0008227067050596463,6,5,1
triplet,"[0,2,6]",510510,9699690,19,26,25,12,0000010000100000000000001,82,0.0009637421402127284,6,5,1
triplet,"[0,2,6]",510510,9699690,19,26,25,12,0000010000100000000100000,28,0.00032908268202385847,8,7,1
triplet,"[0,2,6]",510510,9699690,19,26,25,12,0000010000100000000100001,42,0.0004936240230357877,4,3,1
triplet,"[0,2,6]",510510,9699690,19,26,25,12,0000010000100001000000000,14,0.00016454134101192923,8,7,1
triplet,"[0,2,6]",510510,9699690,19,26,25,12,0000010000100001000000001,18,0.0002115531527296233,8,7,1
triplet,"[0,2,6]",510510,9699690,19,26,25,12,0000010000100001000100000,18,0.0002115531527296233,10,9,1
triplet,"[0,2,6]",510510,9699690,19,26,25,12,0000010000100001000100001,10,0.00011752952929423518,5,4,1
triplet,"[0,2,6]",510510,9699690,19,26,25,12,0000100000000000000000000,33,0.00038784744667097606,4,3,1
triplet,"[0,2,6]",510510,9699690,19,26,25,12,0000100000000000000000001,27,0.000317329729094435,8,7,1
triplet,"[0,2,6]",510510,9699690,19,26,25,12,0000100000000000000100000,35,0.00041135335252982314,6,5,1
triplet,"[0,2,6]",510510,9699690,19,26,25,12,0000100000000000000100001,10,0.00011752952929423518,10,9,1
triplet,"[0,2,6]",510510,9699690,19,26,25,12,0000100000000001000000000,75,0.0008814714697067638,6,5,1
triplet,"[0,2,6]",510510,9699690,19,26,25,12,0000100000000001000000001,66,0.0007756948933419521,10,9,1
triplet,"[0,2,6]",510510,9699690,19,26,25,12,0000100000000001000100000,45,0.0005288828818240583,8,7,1
triplet,"[0,2,6]",510510,9699690,19,26,25,12,0000100000000001000100001,31,0.00036434154081212903,12,11,1
triplet,"[0,2,6]",510510,9699690,19,26,25,12,0000100000100000000000000,25,0.00029382382323558796,8,7,1
triplet,"[0,2,6]",510510,9699690,19,26,25,12,0000100000100000000000001,25,0.00029382382323558796,12,11,1
triplet,"[0,2,6]",510510,9699690,19,26,25,12,0000100000100000000100000,15,0.00017629429394135277,10,9,1
triplet,"[0,2,6]",510510,9699690,19,26,25,12,0000100000100000000100001,2,2.3505905858847036e-05,7,6,1
triplet,"[0,2,6]",510510,9699690,19,26,25,12,0000100000100001000000000,65,0.0007639419404125286,10,9,1
triplet,"[0,2,6]",510510,9699690,19,26,25,12,0000100000100001000000001,36,0.0004231063054592466,14,13,1
triplet,"[0,2,6]",510510,9699690,19,26,25,12,0000100000100001000100000,46,0.0005406358347534819,12,11,1
triplet,"[0,2,6]",510510,9699690,19,26,25,12,0000100000100001000100001,8,9.402362343538814e-05,8,7,1
triplet,"[0,2,6]",510510,9699690,19,26,25,12,0000110000000000000000000,61,0.0007169301286948346,8,7,1
triplet,"[0,2,6]",510510,9699690,19,26,25,12,0000110000000000000000001,29,0.000340835634953282,8,7,1
triplet,"[0,2,6]",510510,9699690,19,26,25,12,0000110000000000000100000,77,0.0009049773755656109,10,9,1
triplet,"[0,2,6]",510510,9699690,19,26,25,12,0000110000000000000100001,31,0.00036434154081212903,10,9,1
triplet,"[0,2,6]",510510,9699690,19,26,25,12,0000110000000001000000000,61,0.0007169301286948346,10,9,1
triplet,"[0,2,6]",510510,9699690,19,26,25,12,0000110000000001000000001,21,0.00024681201151789385,10,9,1
triplet,"[0,2,6]",510510,9699690,19,26,25,12,0000110000000001000100000,63,0.0007404360345536817,12,11,1
triplet,"[0,2,6]",510510,9699690,19,26,25,12,0000110000000001000100001,35,0.00041135335252982314,12,11,1
triplet,"[0,2,6]",510510,9699690,19,26,25,12,0000110000100000000000000,28,0.00032908268202385847,12,11,1
triplet,"[0,2,6]",510510,9699690,19,26,25,12,0000110000100000000000001,28,0.00032908268202385847,12,11,1
triplet,"[0,2,6]",510510,9699690,19,26,25,12,0000110000100000000100000,14,0.00016454134101192923,14,13,1
triplet,"[0,2,6]",510510,9699690,19,26,25,12,0000110000100000000100001,8,9.402362343538814e-05,7,6,1
triplet,"[0,2,6]",510510,9699690,19,26,25,12,0000110000100001000000000,60,0.0007051771757654111,14,13,1
triplet,"[0,2,6]",510510,9699690,19,26,25,12,0000110000100001000000001,18,0.0002115531527296233,14,13,1
triplet,"[0,2,6]",510510,9699690,19,26,25,12,0000110000100001000100000,32,0.0003760944937415526,16,15,1
triplet,"[0,2,6]",510510,9699690,19,26,25,12,0000110000100001000100001,10,0.00011752952929423518,8,7,1
triplet,"[0,2,6]",510510,9699690,19,26,25,13,0000000000000000000000001,20,0.00023505905858847037,2,1,1
triplet,"[0,2,6]",510510,9699690,19,26,25,13,0000000000000000000000010,23,0.00027031791737674093,2,1,1
triplet,"[0,2,6]",510510,9699690,19,26,25,13,0000000000000000000000011,54,0.00063465945818887,4,3,1
triplet,"[0,2,6]",510510,9699690,19,26,25,13,0000000000000000001000000,17,0.0001998001998001998,2,1,1
triplet,"[0,2,6]",510510,9699690,19,26,25,13,0000000000000000001000001,25,0.00029382382323558796,4,3,1
triplet,"[0,2,6]",510510,9699690,19,26,25,13,0000000000000000001000010,23,0.00027031791737674093,3,2,1
triplet,"[0,2,6]",510510,9699690,19,26,25,13,0000000000000000001000011,35,0.00041135335252982314,6,5,1
triplet,"[0,2,6]",510510,9699690,19,26,25,13,0000000000000010000000000,9,0.00010577657636481166,2,1,1
triplet,"[0,2,6]",510510,9699690,19,26,25,13,0000000000000010000000001,8,9.402362343538814e-05,3,2,1
triplet,"[0,2,6]",510510,9699690,19,26,25,13,0000000000000010000000010,6,7.05177175765411e-05,3,2,1
triplet,"[0,2,6]",510510,9699690,19,26,25,13,0000000000000010000000011,25,0.00029382382323558796,5,4,1
triplet,"[0,2,6]",510510,9699690,19,26,25,13,0000000000000010001000000,30,0.00035258858788270555,3,2,1
triplet,"[0,2,6]",510510,9699690,19,26,25,13,0000000000000010001000001,17,0.0001998001998001998,5,4,1
triplet,"[0,2,6]",510510,9699690,19,26,25,13,0000000000000010001000010,18,0.0002115531527296233,4,3,1
triplet,"[0,2,6]",510510,9699690,19,26,25,13,0000000000000010001000011,28,0.00032908268202385847,7,6,1
triplet,"[0,2,6]",510510,9699690,19,26,25,13,0000000001000000000000000,23,0.00027031791737674093,2,1,1
triplet,"[0,2,6]",510510,9699690,19,26,25,13,0000000001000000000000001,24,0.0002820708703061644,3,2,1
triplet,"[0,2,6]",510510,9699690,19,26,25,13,0000000001000000000000010,24,0.0002820708703061644,3,2,1
triplet,"[0,2,6]",510510,9699690,19,26,25,13,0000000001000000000000011,60,0.0007051771757654111,5,4,1
triplet,"[0,2,6]",510510,9699690,19,26,25,13,0000000001000000001000000,25,0.00029382382323558796,3,2,1
triplet,"[0,2,6]",510510,9699690,19,26,25,13,0000000001000000001000001,22,0.0002585649644473174,5,4,1
triplet,"[0,2,6]",510510,9699690,19,26,25,13,0000000001000000001000010,60,0.0007051771757654111,4,3,1
triplet,"[0,2,6]",510510,9699690,19,26,25,13,0000000001000000001000011,35,0.00041135335252982314,7,6,1
triplet,"[0,2,6]",510510,9699690,19,26,25,13,0000000001000010000000000,16,0.0001880472468707763,3,2,1
triplet,"[0,2,6]",510510,9699690,19,26,25,13,0000000001000010000000001,16,0.0001880472468707763,4,3,1
triplet,"[0,2,6]",510510,9699690,19,26,25,13,0000000001000010000000010,21,0.00024681201151789385,4,3,1
triplet,"[0,2,6]",510510,9699690,19,26,25,13,0000000001000010000000011,27,0.000317329729094435,6,5,1
triplet,"[0,2,6]",510510,9699690,19,26,25,13,0000000001000010001000000,24,0.0002820708703061644,4,3,1
triplet,"[0,2,6]",510510,9699690,19,26,25,13,0000000001000010001000001,27,0.000317329729094435,6,5,1
triplet,"[0,2,6]",510510,9699690,19,26,25,13,0000000001000010001000010,14,0.00016454134101192923,5,4,1
triplet,"[0,2,6]",510510,9699690,19,26,25,13,0000100000000000000000000,15,0.00017629429394135277,2,1,1
triplet,"[0,2,6]",510510,9699690,19,26,25,13,0000100000000000000000001,20,0.00023505905858847037,4,3,1
triplet,"[0,2,6]",510510,9699690,19,26,25,13,0000100000000000000000010,12,0.0001410354351530822,2,1,1
triplet,"[0,2,6]",510510,9699690,19,26,25,13,0000100000000000000000011,25,0.00029382382323558796,4,3,1
triplet,"[0,2,6]",510510,9699690,19,26,25,13,0000100000000000001000000,34,0.0003996003996003996,3,2,1
triplet,"[0,2,6]",510510,9699690,19,26,25,13,0000100000000000001000001,9,0.00010577657636481166,6,5,1
triplet,"[0,2,6]",510510,9699690,19,26,25,13,0000100000000000001000010,31,0.00036434154081212903,3,2,1
triplet,"[0,2,6]",510510,9699690,19,26,25,13,0000100000000000001000011,14,0.00016454134101192923,6,5,1
triplet,"[0,2,6]",510510,9699690,19,26,25,13,0000100000000010000000000,13,0.00015278838808250572,3,2,1
triplet,"[0,2,6]",510510,9699690,19,26,25,13,0000100000000010000000001,4,4.701181171769407e-05,5,4,1
triplet,"[0,2,6]",510510,9699690,19,26,25,13,0000100000000010000000010,6,7.05177175765411e-05,3,2,1
triplet,"[0,2,6]",510510,9699690,19,26,25,13,0000100000000010000000011,7,8.227067050596462e-05,5,4,1
triplet,"[0,2,6]",510510,9699690,19,26,25,13,0000100000000010001000000,30,0.00035258858788270555,4,3,1
triplet,"[0,2,6]",510510,9699690,19,26,25,13,0000100000000010001000001,7,8.227067050596462e-05,7,6,1
triplet,"[0,2,6]",510510,9699690,19,26,25,13,0000100000000010001000010,23,0.00027031791737674093,4,3,1
triplet,"[0,2,6]",510510,9699690,19,26,25,13,0000100000000010001000011,12,0.0001410354351530822,7,6,1
triplet,"[0,2,6]",510510,9699690,19,26,25,13,0000100001000000000000000,50,0.0005876476464711759,3,2,1
triplet,"[0,2,6]",510510,9699690,19,26,25,13,0000100001000000000000001,20,0.00023505905858847037,5,4,1
triplet,"[0,2,6]",510510,9699690,19,26,25,13,0000100001000000000000010,49,0.0005758946935417523,3,2,1
triplet,"[0,2,6]",510510,9699690,19,26,25,13,0000100001000000000000011,33,0.00038784744667097606,5,4,1
triplet,"[0,2,6]",510510,9699690,19,26,25,13,0000100001000000001000000,24,0.0002820708703061644,4,3,1
triplet,"[0,2,6]",510510,9699690,19,26,25,13,0000100001000000001000001,4,4.701181171769407e-05,7,6,1
triplet,"[0,2,6]",510510,9699690,19,26,25,13,0000100001000000001000010,42,0.0004936240230357877,4,3,1
triplet,"[0,2,6]",510510,9699690,19,26,25,13,0000100001000010000000000,10,0.00011752952929423518,4,3,1
triplet,"[0,2,6]",510510,9699690,19,26,25,13,0000100001000010000000001,4,4.701181171769407e-05,6,5,1
triplet,"[0,2,6]",510510,9699690,19,26,25,13,0000100001000010000000010,13,0.00015278838808250572,4,3,1
triplet,"[0,2,6]",510510,9699690,19,26,25,13,0000100001000010000000011,5,5.876476464711759e-05,6,5,1
triplet,"[0,2,6]",510510,9699690,19,26,25,13,0000100001000010001000000,13,0.00015278838808250572,5,4,1
triplet,"[0,2,6]",510510,9699690,19,26,25,13,0000100001000010001000001,5,5.876476464711759e-05,8,7,1
triplet,"[0,2,6]",510510,9699690,19,26,25,13,0000100001000010001000010,10,0.00011752952929423518,5,4,1
triplet,"[0,2,6]",510510,9699690,19,26,25,13,0001000000000000000000000,9,0.00010577657636481166,2,1,1
triplet,"[0,2,6]",510510,9699690,19,26,25,13,0001000000000000000000001,24,0.0002820708703061644,3,2,1
triplet,"[0,2,6]",510510,9699690,19,26,25,13,0001000000000000000000010,4,4.701181171769407e-05,4,3,1
triplet,"[0,2,6]",510510,9699690,19,26,25,13,0001000000000000000000011,23,0.00027031791737674093,6,5,1
triplet,"[0,2,6]",510510,9699690,19,26,25,13,0001000000000000001000000,12,0.0001410354351530822,3,2,1
triplet,"[0,2,6]",510510,9699690,19,26,25,13,0001000000000000001000001,23,0.00027031791737674093,5,4,1
triplet,"[0,2,6]",510510,9699690,19,26,25,13,0001000000000000001000010,2,2.3505905858847036e-05,5,4,1
triplet,"[0,2,6]",510510,9699690,19,26,25,13,0001000000000000001000011,8,9.402362343538814e-05,8,7,1
triplet,"[0,2,6]",510510,9699690,19,26,25,13,0001000000000010000000000,37,0.00043485925838867017,3,2,1
triplet,"[0,2,6]",510510,9699690,19,26,25,13,0001000000000010000000001,38,0.00044661221131809365,4,3,1
triplet,"[0,2,6]",510510,9699690,19,26,25,13,0001000000000010000000010,21,0.00024681201151789385,5,4,1
triplet,"[0,2,6]",510510,9699690,19,26,25,13,0001000000000010000000011,45,0.0005288828818240583,7,6,1
triplet,"[0,2,6]",510510,9699690,19,26,25,13,0001000000000010001000000,28,0.00032908268202385847,4,3,1
triplet,"[0,2,6]",510510,9699690,19,26,25,13,0001000000000010001000001,17,0.0001998001998001998,6,5,1
triplet,"[0,2,6]",510510,9699690,19,26,25,13,0001000000000010001000010,13,0.00015278838808250572,6,5,1
triplet,"[0,2,6]",510510,9699690,19,26,25,13,0001000000000010001000011,18,0.0002115531527296233,9,8,1
triplet,"[0,2,6]",510510,9699690,19,26,25,13,0001000001000000000000000,7,8.227067050596462e-05,4,3,1
triplet,"[0,2,6]",510510,9699690,19,26,25,13,0001000001000000000000001,18,0.0002115531527296233,5,4,1
triplet,"[0,2,6]",510510,9699690,19,26,25,13,0001000001000000000000010,6,7.05177175765411e-05,6,5,1
triplet,"[0,2,6]",510510,9699690,19,26,25,13,0001000001000000000000011,19,0.00022330610565904683,8,7,1
triplet,"[0,2,6]",510510,9699690,19,26,25,13,0001000001000000001000000,4,4.701181171769407e-05,5,4,1
triplet,"[0,2,6]",510510,9699690,19,26,25,13,0001000001000000001000001,11,0.0001292824822236587,7,6,1
triplet,"[0,2,6]",510510,9699690,19,26,25,13,0001000001000000001000010,2,2.3505905858847036e-05,7,6,1
triplet,"[0,2,6]",510510,9699690,19,26,25,13,0001000001000010000000000,35,0.00041135335252982314,5,4,1
triplet,"[0,2,6]",510510,9699690,19,26,25,13,0001000001000010000000001,30,0.00035258858788270555,6,5,1
triplet,"[0,2,6]",510510,9699690,19,26,25,13,0001000001000010000000010,17,0.0001998001998001998,7,6,1
triplet,"[0,2,6]",510510,9699690,19,26,25,13,0001000001000010000000011,19,0.00022330610565904683,9,8,1
triplet,"[0,2,6]",510510,9699690,19,26,25,13,0001000001000010001000000,27,0.000317329729094435,6,5,1
triplet,"[0,2,6]",510510,9699690,19,26,25,13,0001000001000010001000001,19,0.00022330610565904683,8,7,1
triplet,"[0,2,6]",510510,9699690,19,26,25,13,0001000001000010001000010,8,9.402362343538814e-05,8,7,1
triplet,"[0,2,6]",510510,9699690,19,26,25,13,0001100000000000000000000,35,0.00041135335252982314,4,3,1
triplet,"[0,2,6]",510510,9699690,19,26,25,13,0001100000000000000000001,26,0.00030557677616501144,6,5,1
triplet,"[0,2,6]",510510,9699690,19,26,25,13,0001100000000000000000010,6,7.05177175765411e-05,4,3,1
triplet,"[0,2,6]",510510,9699690,19,26,25,13,0001100000000000000000011,23,0.00027031791737674093,6,5,1
triplet,"[0,2,6]",510510,9699690,19,26,25,13,0001100000000000001000000,48,0.0005641417406123288,5,4,1
triplet,"[0,2,6]",510510,9699690,19,26,25,13,0001100000000000001000001,29,0.000340835634953282,8,7,1
triplet,"[0,2,6]",510510,9699690,19,26,25,13,0001100000000000001000010,13,0.00015278838808250572,5,4,1
triplet,"[0,2,6]",510510,9699690,19,26,25,13,0001100000000000001000011,18,0.0002115531527296233,8,7,1
triplet,"[0,2,6]",510510,9699690,19,26,25,13,0001100000000010000000000,43,0.0005053769759652113,5,4,1
triplet,"[0,2,6]",510510,9699690,19,26,25,13,0001100000000010000000001,18,0.0002115531527296233,7,6,1
triplet,"[0,2,6]",510510,9699690,19,26,25,13,0001100000000010000000010,8,9.402362343538814e-05,5,4,1
triplet,"[0,2,6]",510510,9699690,19,26,25,13,0001100000000010000000011,13,0.00015278838808250572,7,6,1
triplet,"[0,2,6]",510510,9699690,19,26,25,13,0001100000000010001000000,50,0.0005876476464711759,6,5,1
triplet,"[0,2,6]",510510,9699690,19,26,25,13,0001100000000010001000001,13,0.00015278838808250572,9,8,1
triplet,"[0,2,6]",510510,9699690,19,26,25,13,0001100000000010001000010,23,0.00027031791737674093,6,5,1
triplet,"[0,2,6]",510510,9699690,19,26,25,13,0001100000000010001000011,12,0.0001410354351530822,9,8,1
triplet,"[0,2,6]",510510,9699690,19,26,25,13,0001100001000000000000000,12,0.0001410354351530822,6,5,1
triplet,"[0,2,6]",510510,9699690,19,26,25,13,0001100001000000000000001,16,0.0001880472468707763,8,7,1
triplet,"[0,2,6]",510510,9699690,19,26,25,13,0001100001000000000000010,15,0.00017629429394135277,6,5,1
triplet,"[0,2,6]",510510,9699690,19,26,25,13,0001100001000000000000011,13,0.00015278838808250572,8,7,1
triplet,"[0,2,6]",510510,9699690,19,26,25,13,0001100001000000001000000,7,8.227067050596462e-05,7,6,1
triplet,"[0,2,6]",510510,9699690,19,26,25,13,0001100001000000001000001,7,8.227067050596462e-05,10,9,1
triplet,"[0,2,6]",510510,9699690,19,26,25,13,0001100001000000001000010,8,9.402362343538814e-05,7,6,1
triplet,"[0,2,6]",510510,9699690,19,26,25,13,0001100001000010000000000,42,0.0004936240230357877,7,6,1
triplet,"[0,2,6]",510510,9699690,19,26,25,13,0001100001000010000000001,18,0.0002115531527296233,9,8,1
triplet,"[0,2,6]",510510,9699690,19,26,25,13,0001100001000010000000010,13,0.00015278838808250572,7,6,1
triplet,"[0,2,6]",510510,9699690,19,26,25,13,0001100001000010000000011,5,5.876476464711759e-05,9,8,1
triplet,"[0,2,6]",510510,9699690,19,26,25,13,0001100001000010001000000,27,0.000317329729094435,8,7,1
triplet,"[0,2,6]",510510,9699690,19,26,25,13,0001100001000010001000001,5,5.876476464711759e-05,11,10,1
triplet,"[0,2,6]",510510,9699690,19,26,25,13,0001100001000010001000010,10,0.00011752952929423518,8,7,1
triplet,"[0,2,6]",510510,9699690,19,26,25,14,0000000000000000000000010,20,0.00023505905858847037,2,1,1
triplet,"[0,2,6]",510510,9699690,19,26,25,14,0000000000000000000000100,23,0.00027031791737674093,2,1,1
triplet,"[0,2,6]",510510,9699690,19,26,25,14,0000000000000000000000110,54,0.00063465945818887,4,3,1
triplet,"[0,2,6]",510510,9699690,19,26,25,14,0000000000000000010000000,17,0.0001998001998001998,2,1,1
triplet,"[0,2,6]",510510,9699690,19,26,25,14,0000000000000000010000010,25,0.00029382382323558796,4,3,1
triplet,"[0,2,6]",510510,9699690,19,26,25,14,0000000000000000010000100,23,0.00027031791737674093,3,2,1
triplet,"[0,2,6]",510510,9699690,19,26,25,14,0000000000000000010000110,35,0.00041135335252982314,6,5,1
triplet,"[0,2,6]",510510,9699690,19,26,25,14,0000000000000100000000000,9,0.00010577657636481166,2,1,1
triplet,"[0,2,6]",510510,9699690,19,26,25,14,0000000000000100000000010,8,9.402362343538814e-05,3,2,1
triplet,"[0,2,6]",510510,9699690,19,26,25,14,0000000000000100000000100,6,7.05177175765411e-05,3,2,1
triplet,"[0,2,6]",510510,9699690,19,26,25,14,0000000000000100000000110,25,0.00029382382323558796,5,4,1
triplet,"[0,2,6]",510510,9699690,19,26,25,14,0000000000000100010000000,30,0.00035258858788270555,3,2,1
triplet,"[0,2,6]",510510,9699690,19,26,25,14,0000000000000100010000010,17,0.0001998001998001998,5,4,1
triplet,"[0,2,6]",510510,9699690,19,26,25,14,0000000000000100010000100,18,0.0002115531527296233,4,3,1
triplet,"[0,2,6]",510510,9699690,19,26,25,14,0000000000000100010000110,28,0.00032908268202385847,7,6,1
triplet,"[0,2,6]",510510,9699690,19,26,25,14,0000000010000000000000000,23,0.00027031791737674093,2,1,1
triplet,"[0,2,6]",510510,9699690,19,26,25,14,0000000010000000000000010,24,0.0002820708703061644,3,2,1
triplet,"[0,2,6]",510510,9699690,19,26,25,14,0000000010000000000000100,24,0.0002820708703061644,3,2,1
triplet,"[0,2,6]",510510,9699690,19,26,25,14,0000000010000000000000110,60,0.0007051771757654111,5,4,1
triplet,"[0,2,6]",510510,9699690,19,26,25,14,0000000010000000010000000,25,0.00029382382323558796,3,2,1
triplet,"[0,2,6]",510510,9699690,19,26,25,14,0000000010000000010000010,22,0.0002585649644473174,5,4,1
triplet,"[0,2,6]",510510,9699690,19,26,25,14,0000000010000000010000100,60,0.0007051771757654111,4,3,1
triplet,"[0,2,6]",510510,9699690,19,26,25,14,0000000010000000010000110,35,0.00041135335252982314,7,6,1
triplet,"[0,2,6]",510510,9699690,19,26,25,14,0000000010000100000000000,16,0.0001880472468707763,3,2,1
triplet,"[0,2,6]",510510,9699690,19,26,25,14,0000000010000100000000010,16,0.0001880472468707763,4,3,1
triplet,"[0,2,6]",510510,9699690,19,26,25,14,0000000010000100000000100,21,0.00024681201151789385,4,3,1
triplet,"[0,2,6]",510510,9699690,19,26,25,14,0000000010000100000000110,27,0.000317329729094435,6,5,1
triplet,"[0,2,6]",510510,9699690,19,26,25,14,0000000010000100010000000,24,0.0002820708703061644,4,3,1
triplet,"[0,2,6]",510510,9699690,19,26,25,14,0000000010000100010000010,27,0.000317329729094435,6,5,1
triplet,"[0,2,6]",510510,9699690,19,26,25,14,0000000010000100010000100,14,0.00016454134101192923,5,4,1
triplet,"[0,2,6]",510510,9699690,19,26,25,14,0001000000000000000000000,15,0.00017629429394135277,2,1,1
triplet,"[0,2,6]",510510,9699690,19,26,25,14,0001000000000000000000010,20,0.00023505905858847037,4,3,1
triplet,"[0,2,6]",510510,9699690,19,26,25,14,0001000000000000000000100,12,0.0001410354351530822,2,1,1
triplet,"[0,2,6]",510510,9699690,19,26,25,14,0001000000000000000000110,25,0.00029382382323558796,4,3,1
triplet,"[0,2,6]",510510,9699690,19,26,25,14,0001000000000000010000000,34,0.0003996003996003996,3,2,1
triplet,"[0,2,6]",510510,9699690,19,26,25,14,0001000000000000010000010,9,0.00010577657636481166,6,5,1
triplet,"[0,2,6]",510510,9699690,19,26,25,14,0001000000000000010000100,31,0.00036434154081212903,3,2,1
triplet,"[0,2,6]",510510,9699690,19,26,25,14,0001000000000000010000110,14,0.00016454134101192923,6,5,1
triplet,"[0,2,6]",510510,9699690,19,26,25,14,0001000000000100000000000,13,0.00015278838808250572,3,2,1
triplet,"[0,2,6]",510510,9699690,19,26,25,14,0001000000000100000000010,4,4.701181171769407e-05,5,4,1
triplet,"[0,2,6]",510510,9699690,19,26,25,14,0001000000000100000000100,6,7.05177175765411e-05,3,2,1
triplet,"[0,2,6]",510510,9699690,19,26,25,14,0001000000000100000000110,7,8.227067050596462e-05,5,4,1
triplet,"[0,2,6]",510510,9699690,19,26,25,14,0001000000000100010000000,30,0.00035258858788270555,4,3,1
triplet,"[0,2,6]",510510,9699690,19,26,25,14,0001000000000100010000010,7,8.227067050596462e-05,7,6,1
triplet,"[0,2,6]",510510,9699690,19,26,25,14,0001000000000100010000100,23,0.00027031791737674093,4,3,1
triplet,"[0,2,6]",510510,9699690,19,26,25,14,0001000000000100010000110,12,0.0001410354351530822,7,6,1
triplet,"[0,2,6]",510510,9699690,19,26,25,14,0001000010000000000000000,50,0.0005876476464711759,3,2,1
triplet,"[0,2,6]",510510,9699690,19,26,25,14,0001000010000000000000010,20,0.00023505905858847037,5,4,1
triplet,"[0,2,6]",510510,9699690,19,26,25,14,0001000010000000000000100,49,0.0005758946935417523,3,2,1
triplet,"[0,2,6]",510510,9699690,19,26,25,14,0001000010000000000000110,33,0.00038784744667097606,5,4,1
triplet,"[0,2,6]",510510,9699690,19,26,25,14,0001000010000000010000000,24,0.0002820708703061644,4,3,1
triplet,"[0,2,6]",510510,9699690,19,26,25,14,0001000010000000010000010,4,4.701181171769407e-05,7,6,1
triplet,"[0,2,6]",510510,9699690,19,26,25,14,0001000010000000010000100,42,0.0004936240230357877,4,3,1
triplet,"[0,2,6]",510510,9699690,19,26,25,14,0001000010000100000000000,10,0.00011752952929423518,4,3,1
triplet,"[0,2,6]",510510,9699690,19,26,25,14,0001000010000100000000010,4,4.701181171769407e-05,6,5,1
triplet,"[0,2,6]",510510,9699690,19,26,25,14,0001000010000100000000100,13,0.00015278838808250572,4,3,1
triplet,"[0,2,6]",510510,9699690,19,26,25,14,0001000010000100000000110,5,5.876476464711759e-05,6,5,1
triplet,"[0,2,6]",510510,9699690,19,26,25,14,0001000010000100010000000,13,0.00015278838808250572,5,4,1
triplet,"[0,2,6]",510510,9699690,19,26,25,14,0001000010000100010000010,5,5.876476464711759e-05,8,7,1
triplet,"[0,2,6]",510510,9699690,19,26,25,14,0001000010000100010000100,10,0.00011752952929423518,5,4,1
triplet,"[0,2,6]",510510,9699690,19,26,25,14,0010000000000000000000000,9,0.00010577657636481166,2,1,1
triplet,"[0,2,6]",510510,9699690,19,26,25,14,0010000000000000000000010,24,0.0002820708703061644,3,2,1
triplet,"[0,2,6]",510510,9699690,19,26,25,14,0010000000000000000000100,4,4.701181171769407e-05,4,3,1
triplet,"[0,2,6]",510510,9699690,19,26,25,14,0010000000000000000000110,23,0.00027031791737674093,6,5,1
triplet,"[0,2,6]",510510,9699690,19,26,25,14,0010000000000000010000000,12,0.0001410354351530822,3,2,1
triplet,"[0,2,6]",510510,9699690,19,26,25,14,0010000000000000010000010,23,0.00027031791737674093,5,4,1
triplet,"[0,2,6]",510510,9699690,19,26,25,14,0010000000000000010000100,2,2.3505905858847036e-05,5,4,1
triplet,"[0,2,6]",510510,9699690,19,26,25,14,0010000000000000010000110,8,9.402362343538814e-05,8,7,1
triplet,"[0,2,6]",510510,9699690,19,26,25,14,0010000000000100000000000,37,0.00043485925838867017,3,2,1
triplet,"[0,2,6]",510510,9699690,19,26,25,14,0010000000000100000000010,38,0.00044661221131809365,4,3,1
triplet,"[0,2,6]",510510,9699690,19,26,25,14,0010000000000100000000100,21,0.00024681201151789385,5,4,1
triplet,"[0,2,6]",510510,9699690,19,26,25,14,0010000000000100000000110,45,0.0005288828818240583,7,6,1
triplet,"[0,2,6]",510510,9699690,19,26,25,14,0010000000000100010000000,28,0.00032908268202385847,4,3,1
triplet,"[0,2,6]",510510,9699690,19,26,25,14,0010000000000100010000010,17,0.0001998001998001998,6,5,1
triplet,"[0,2,6]",510510,9699690,19,26,25,14,0010000000000100010000100,13,0.00015278838808250572,6,5,1
triplet,"[0,2,6]",510510,9699690,19,26,25,14,0010000000000100010000110,18,0.0002115531527296233,9,8,1
triplet,"[0,2,6]",510510,9699690,19,26,25,14,0010000010000000000000000,7,8.227067050596462e-05,4,3,1
triplet,"[0,2,6]",510510,9699690,19,26,25,14,0010000010000000000000010,18,0.0002115531527296233,5,4,1
triplet,"[0,2,6]",510510,9699690,19,26,25,14,0010000010000000000000100,6,7.05177175765411e-05,6,5,1
triplet,"[0,2,6]",510510,9699690,19,26,25,14,0010000010000000000000110,19,0.00022330610565904683,8,7,1
triplet,"[0,2,6]",510510,9699690,19,26,25,14,0010000010000000010000000,4,4.701181171769407e-05,5,4,1
triplet,"[0,2,6]",510510,9699690,19,26,25,14,0010000010000000010000010,11,0.0001292824822236587,7,6,1
triplet,"[0,2,6]",510510,9699690,19,26,25,14,0010000010000000010000100,2,2.3505905858847036e-05,7,6,1
triplet,"[0,2,6]",510510,9699690,19,26,25,14,0010000010000100000000000,35,0.00041135335252982314,5,4,1
triplet,"[0,2,6]",510510,9699690,19,26,25,14,0010000010000100000000010,30,0.00035258858788270555,6,5,1
triplet,"[0,2,6]",510510,9699690,19,26,25,14,0010000010000100000000100,17,0.0001998001998001998,7,6,1
triplet,"[0,2,6]",510510,9699690,19,26,25,14,0010000010000100000000110,19,0.00022330610565904683,9,8,1
triplet,"[0,2,6]",510510,9699690,19,26,25,14,0010000010000100010000000,27,0.000317329729094435,6,5,1
triplet,"[0,2,6]",510510,9699690,19,26,25,14,0010000010000100010000010,19,0.00022330610565904683,8,7,1
triplet,"[0,2,6]",510510,9699690,19,26,25,14,0010000010000100010000100,8,9.402362343538814e-05,8,7,1
triplet,"[0,2,6]",510510,9699690,19,26,25,14,0011000000000000000000000,35,0.00041135335252982314,4,3,1
triplet,"[0,2,6]",510510,9699690,19,26,25,14,0011000000000000000000010,26,0.00030557677616501144,6,5,1
triplet,"[0,2,6]",510510,9699690,19,26,25,14,0011000000000000000000100,6,7.05177175765411e-05,4,3,1
triplet,"[0,2,6]",510510,9699690,19,26,25,14,0011000000000000000000110,23,0.00027031791737674093,6,5,1
triplet,"[0,2,6]",510510,9699690,19,26,25,14,0011000000000000010000000,48,0.0005641417406123288,5,4,1
triplet,"[0,2,6]",510510,9699690,19,26,25,14,0011000000000000010000010,29,0.000340835634953282,8,7,1
triplet,"[0,2,6]",510510,9699690,19,26,25,14,0011000000000000010000100,13,0.00015278838808250572,5,4,1
triplet,"[0,2,6]",510510,9699690,19,26,25,14,0011000000000000010000110,18,0.0002115531527296233,8,7,1
triplet,"[0,2,6]",510510,9699690,19,26,25,14,0011000000000100000000000,43,0.0005053769759652113,5,4,1
triplet,"[0,2,6]",510510,9699690,19,26,25,14,0011000000000100000000010,18,0.0002115531527296233,7,6,1
triplet,"[0,2,6]",510510,9699690,19,26,25,14,0011000000000100000000100,8,9.402362343538814e-05,5,4,1
triplet,"[0,2,6]",510510,9699690,19,26,25,14,0011000000000100000000110,13,0.00015278838808250572,7,6,1
triplet,"[0,2,6]",510510,9699690,19,26,25,14,0011000000000100010000000,50,0.0005876476464711759,6,5,1
triplet,"[0,2,6]",510510,9699690,19,26,25,14,0011000000000100010000010,13,0.00015278838808250572,9,8,1
triplet,"[0,2,6]",510510,9699690,19,26,25,14,0011000000000100010000100,23,0.00027031791737674093,6,5,1
triplet,"[0,2,6]",510510,9699690,19,26,25,14,0011000000000100010000110,12,0.0001410354351530822,9,8,1
triplet,"[0,2,6]",510510,9699690,19,26,25,14,0011000010000000000000000,12,0.0001410354351530822,6,5,1
triplet,"[0,2,6]",510510,9699690,19,26,25,14,0011000010000000000000010,16,0.0001880472468707763,8,7,1
triplet,"[0,2,6]",510510,9699690,19,26,25,14,0011000010000000000000100,15,0.00017629429394135277,6,5,1
triplet,"[0,2,6]",510510,9699690,19,26,25,14,0011000010000000000000110,13,0.00015278838808250572,8,7,1
triplet,"[0,2,6]",510510,9699690,19,26,25,14,0011000010000000010000000,7,8.227067050596462e-05,7,6,1
triplet,"[0,2,6]",510510,9699690,19,26,25,14,0011000010000000010000010,7,8.227067050596462e-05,10,9,1
triplet,"[0,2,6]",510510,9699690,19,26,25,14,0011000010000000010000100,8,9.402362343538814e-05,7,6,1
triplet,"[0,2,6]",510510,9699690,19,26,25,14,0011000010000100000000000,42,0.0004936240230357877,7,6,1
triplet,"[0,2,6]",510510,9699690,19,26,25,14,0011000010000100000000010,18,0.0002115531527296233,9,8,1
triplet,"[0,2,6]",510510,9699690,19,26,25,14,0011000010000100000000100,13,0.00015278838808250572,7,6,1
triplet,"[0,2,6]",510510,9699690,19,26,25,14,0011000010000100000000110,5,5.876476464711759e-05,9,8,1
triplet,"[0,2,6]",510510,9699690,19,26,25,14,0011000010000100010000000,27,0.000317329729094435,8,7,1
triplet,"[0,2,6]",510510,9699690,19,26,25,14,0011000010000100010000010,5,5.876476464711759e-05,11,10,1
triplet,"[0,2,6]",510510,9699690,19,26,25,14,0011000010000100010000100,10,0.00011752952929423518,8,7,1
triplet,"[0,2,6]",510510,9699690,19,26,25,15,0000000000000000000000100,20,0.00023505905858847037,2,1,1
triplet,"[0,2,6]",510510,9699690,19,26,25,15,0000000000000000000001000,23,0.00027031791737674093,2,1,1
triplet,"[0,2,6]",510510,9699690,19,26,25,15,0000000000000000000001100,54,0.00063465945818887,4,3,1
triplet,"[0,2,6]",510510,9699690,19,26,25,15,0000000000000000100000000,17,0.0001998001998001998,2,1,1
triplet,"[0,2,6]",510510,9699690,19,26,25,15,0000000000000000100000100,25,0.00029382382323558796,4,3,1
triplet,"[0,2,6]",510510,9699690,19,26,25,15,0000000000000000100001000,23,0.00027031791737674093,3,2,1
triplet,"[0,2,6]",510510,9699690,19,26,25,15,0000000000000000100001100,35,0.00041135335252982314,6,5,1
triplet,"[0,2,6]",510510,9699690,19,26,25,15,0000000000001000000000000,9,0.00010577657636481166,2,1,1
triplet,"[0,2,6]",510510,9699690,19,26,25,15,0000000000001000000000100,8,9.402362343538814e-05,3,2,1
triplet,"[0,2,6]",510510,9699690,19,26,25,15,0000000000001000000001000,6,7.05177175765411e-05,3,2,1
triplet,"[0,2,6]",510510,9699690,19,26,25,15,0000000000001000000001100,25,0.00029382382323558796,5,4,1
triplet,"[0,2,6]",510510,9699690,19,26,25,15,0000000000001000100000000,30,0.00035258858788270555,3,2,1
triplet,"[0,2,6]",510510,9699690,19,26,25,15,0000000000001000100000100,17,0.0001998001998001998,5,4,1
triplet,"[0,2,6]",510510,9699690,19,26,25,15,0000000000001000100001000,18,0.0002115531527296233,4,3,1
triplet,"[0,2,6]",510510,9699690,19,26,25,15,0000000000001000100001100,28,0.00032908268202385847,7,6,1
triplet,"[0,2,6]",510510,9699690,19,26,25,15,0000000100000000000000000,23,0.00027031791737674093,2,1,1
triplet,"[0,2,6]",510510,9699690,19,26,25,15,0000000100000000000000100,24,0.0002820708703061644,3,2,1
triplet,"[0,2,6]",510510,9699690,19,26,25,15,0000000100000000000001000,24,0.0002820708703061644,3,2,1
triplet,"[0,2,6]",510510,9699690,19,26,25,15,0000000100000000000001100,60,0.0007051771757654111,5,4,1
triplet,"[0,2,6]",510510,9699690,19,26,25,15,0000000100000000100000000,25,0.00029382382323558796,3,2,1
triplet,"[0,2,6]",510510,9699690,19,26,25,15,0000000100000000100000100,22,0.0002585649644473174,5,4,1
triplet,"[0,2,6]",510510,9699690,19,26,25,15,0000000100000000100001000,60,0.0007051771757654111,4,3,1
triplet,"[0,2,6]",510510,9699690,19,26,25,15,0000000100000000100001100,35,0.00041135335252982314,7,6,1
triplet,"[0,2,6]",510510,9699690,19,26,25,15,0000000100001000000000000,16,0.0001880472468707763,3,2,1
triplet,"[0,2,6]",510510,9699690,19,26,25,15,0000000100001000000000100,16,0.0001880472468707763,4,3,1
triplet,"[0,2,6]",510510,9699690,19,26,25,15,0000000100001000000001000,21,0.00024681201151789385,4,3,1
triplet,"[0,2,6]",510510,9699690,19,26,25,15,0000000100001000000001100,27,0.000317329729094435,6,5,1
triplet,"[0,2,6]",510510,9699690,19,26,25,15,0000000100001000100000000,24,0.0002820708703061644,4,3,1
triplet,"[0,2,6]",510510,9699690,19,26,25,15,0000000100001000100000100,27,0.000317329729094435,6,5,1
triplet,"[0,2,6]",510510,9699690,19,26,25,15,0000000100001000100001000,14,0.00016454134101192923,5,4,1
triplet,"[0,2,6]",510510,9699690,19,26,25,15,0010000000000000000000000,15,0.00017629429394135277,2,1,1
triplet,"[0,2,6]",510510,9699690,19,26,25,15,0010000000000000000000100,20,0.00023505905858847037,4,3,1
triplet,"[0,2,6]",510510,9699690,19,26,25,15,0010000000000000000001000,12,0.0001410354351530822,2,1,1
triplet,"[0,2,6]",510510,9699690,19,26,25,15,0010000000000000000001100,25,0.00029382382323558796,4,3,1
triplet,"[0,2,6]",510510,9699690,19,26,25,15,0010000000000000100000000,34,0.0003996003996003996,3,2,1
triplet,"[0,2,6]",510510,9699690,19,26,25,15,0010000000000000100000100,9,0.00010577657636481166,6,5,1
triplet,"[0,2,6]",510510,9699690,19,26,25,15,0010000000000000100001000,31,0.00036434154081212903,3,2,1
triplet,"[0,2,6]",510510,9699690,19,26,25,15,0010000000000000100001100,14,0.00016454134101192923,6,5,1
triplet,"[0,2,6]",510510,9699690,19,26,25,15,0010000000001000000000000,13,0.00015278838808250572,3,2,1
triplet,"[0,2,6]",510510,9699690,19,26,25,15,0010000000001000000000100,4,4.701181171769407e-05,5,4,1
triplet,"[0,2,6]",510510,9699690,19,26,25,15,0010000000001000000001000,6,7.05177175765411e-05,3,2,1
triplet,"[0,2,6]",510510,9699690,19,26,25,15,0010000000001000000001100,7,8.227067050596462e-05,5,4,1
triplet,"[0,2,6]",510510,9699690,19,26,25,15,0010000000001000100000000,30,0.00035258858788270555,4,3,1
triplet,"[0,2,6]",510510,9699690,19,26,25,15,0010000000001000100000100,7,8.227067050596462e-05,7,6,1
triplet,"[0,2,6]",510510,9699690,19,26,25,15,0010000000001000100001000,23,0.00027031791737674093,4,3,1
triplet,"[0,2,6]",510510,9699690,19,26,25,15,0010000000001000100001100,12,0.0001410354351530822,7,6,1
triplet,"[0,2,6]",510510,9699690,19,26,25,15,0010000100000000000000000,50,0.0005876476464711759,3,2,1
triplet,"[0,2,6]",510510,9699690,19,26,25,15,0010000100000000000000100,20,0.00023505905858847037,5,4,1
triplet,"[0,2,6]",510510,9699690,19,26,25,15,0010000100000000000001000,49,0.0005758946935417523,3,2,1
triplet,"[0,2,6]",510510,9699690,19,26,25,15,0010000100000000000001100,33,0.00038784744667097606,5,4,1
triplet,"[0,2,6]",510510,9699690,19,26,25,15,0010000100000000100000000,24,0.0002820708703061644,4,3,1
triplet,"[0,2,6]",510510,9699690,19,26,25,15,0010000100000000100000100,4,4.701181171769407e-05,7,6,1
triplet,"[0,2,6]",510510,9699690,19,26,25,15,0010000100000000100001000,42,0.0004936240230357877,4,3,1
triplet,"[0,2,6]",510510,9699690,19,26,25,15,0010000100001000000000000,10,0.00011752952929423518,4,3,1
triplet,"[0,2,6]",510510,9699690,19,26,25,15,0010000100001000000000100,4,4.701181171769407e-05,6,5,1
triplet,"[0,2,6]",510510,9699690,19,26,25,15,0010000100001000000001000,13,0.00015278838808250572,4,3,1
triplet,"[0,2,6]",510510,9699690,19,26,25,15,0010000100001000000001100,5,5.876476464711759e-05,6,5,1
triplet,"[0,2,6]",510510,9699690,19,26,25,15,0010000100001000100000000,13,0.00015278838808250572,5,4,1
triplet,"[0,2,6]",510510,9699690,19,26,25,15,0010000100001000100000100,5,5.876476464711759e-05,8,7,1
triplet,"[0,2,6]",510510,9699690,19,26,25,15,0010000100001000100001000,10,0.00011752952929423518,5,4,1
triplet,"[0,2,6]",510510,9699690,19,26,25,15,0100000000000000000000000,9,0.00010577657636481166,2,1,1
triplet,"[0,2,6]",510510,9699690,19,26,25,15,0100000000000000000000100,24,0.0002820708703061644,3,2,1
triplet,"[0,2,6]",510510,9699690,19,26,25,15,0100000000000000000001000,4,4.701181171769407e-05,4,3,1
triplet,"[0,2,6]",510510,9699690,19,26,25,15,0100000000000000000001100,23,0.00027031791737674093,6,5,1
triplet,"[0,2,6]",510510,9699690,19,26,25,15,0100000000000000100000000,12,0.0001410354351530822,3,2,1
triplet,"[0,2,6]",510510,9699690,19,26,25,15,0100000000000000100000100,23,0.00027031791737674093,5,4,1
triplet,"[0,2,6]",510510,9699690,19,26,25,15,0100000000000000100001000,2,2.3505905858847036e-05,5,4,1
triplet,"[0,2,6]",510510,9699690,19,26,25,15,0100000000000000100001100,8,9.402362343538814e-05,8,7,1
triplet,"[0,2,6]",510510,9699690,19,26,25,15,0100000000001000000000000,37,0.00043485925838867017,3,2,1
triplet,"[0,2,6]",510510,9699690,19,26,25,15,0100000000001000000000100,38,0.00044661221131809365,4,3,1
triplet,"[0,2,6]",510510,9699690,19,26,25,15,0100000000001000000001000,21,0.00024681201151789385,5,4,1
triplet,"[0,2,6]",510510,9699690,19,26,25,15,0100000000001000000001100,45,0.0005288828818240583,7,6,1
triplet,"[0,2,6]",510510,9699690,19,26,25,15,0100000000001000100000000,28,0.00032908268202385847,4,3,1
triplet,"[0,2,6]",510510,9699690,19,26,25,15,0100000000001000100000100,17,0.0001998001998001998,6,5,1
triplet,"[0,2,6]",510510,9699690,19,26,25,15,0100000000001000100001000,13,0.00015278838808250572,6,5,1
triplet,"[0,2,6]",510510,9699690,19,26,25,15,0100000000001000100001100,18,0.0002115531527296233,9,8,1
triplet,"[0,2,6]",510510,9699690,19,26,25,15,0100000100000000000000000,7,8.227067050596462e-05,4,3,1
triplet,"[0,2,6]",510510,9699690,19,26,25,15,0100000100000000000000100,18,0.0002115531527296233,5,4,1
triplet,"[0,2,6]",510510,9699690,19,26,25,15,0100000100000000000001000,6,7.05177175765411e-05,6,5,1
triplet,"[0,2,6]",510510,9699690,19,26,25,15,0100000100000000000001100,19,0.00022330610565904683,8,7,1
triplet,"[0,2,6]",510510,9699690,19,26,25,15,0100000100000000100000000,4,4.701181171769407e-05,5,4,1
triplet,"[0,2,6]",510510,9699690,19,26,25,15,0100000100000000100000100,11,0.0001292824822236587,7,6,1
triplet,"[0,2,6]",510510,9699690,19,26,25,15,0100000100000000100001000,2,2.3505905858847036e-05,7,6,1
triplet,"[0,2,6]",510510,9699690,19,26,25,15,0100000100001000000000000,35,0.00041135335252982314,5,4,1
triplet,"[0,2,6]",510510,9699690,19,26,25,15,0100000100001000000000100,30,0.00035258858788270555,6,5,1
triplet,"[0,2,6]",510510,9699690,19,26,25,15,0100000100001000000001000,17,0.0001998001998001998,7,6,1
triplet,"[0,2,6]",510510,9699690,19,26,25,15,0100000100001000000001100,19,0.00022330610565904683,9,8,1
triplet,"[0,2,6]",510510,9699690,19,26,25,15,0100000100001000100000000,27,0.000317329729094435,6,5,1
triplet,"[0,2,6]",510510,9699690,19,26,25,15,0100000100001000100000100,19,0.00022330610565904683,8,7,1
triplet,"[0,2,6]",510510,9699690,19,26,25,15,0100000100001000100001000,8,9.402362343538814e-05,8,7,1
triplet,"[0,2,6]",510510,9699690,19,26,25,15,0110000000000000000000000,35,0.00041135335252982314,4,3,1
triplet,"[0,2,6]",510510,9699690,19,26,25,15,0110000000000000000000100,26,0.00030557677616501144,6,5,1
triplet,"[0,2,6]",510510,9699690,19,26,25,15,0110000000000000000001000,6,7.05177175765411e-05,4,3,1
triplet,"[0,2,6]",510510,9699690,19,26,25,15,0110000000000000000001100,23,0.00027031791737674093,6,5,1
triplet,"[0,2,6]",510510,9699690,19,26,25,15,0110000000000000100000000,48,0.0005641417406123288,5,4,1
triplet,"[0,2,6]",510510,9699690,19,26,25,15,0110000000000000100000100,29,0.000340835634953282,8,7,1
triplet,"[0,2,6]",510510,9699690,19,26,25,15,0110000000000000100001000,13,0.00015278838808250572,5,4,1
triplet,"[0,2,6]",510510,9699690,19,26,25,15,0110000000000000100001100,18,0.0002115531527296233,8,7,1
triplet,"[0,2,6]",510510,9699690,19,26,25,15,0110000000001000000000000,43,0.0005053769759652113,5,4,1
triplet,"[0,2,6]",510510,9699690,19,26,25,15,0110000000001000000000100,18,0.0002115531527296233,7,6,1
triplet,"[0,2,6]",510510,9699690,19,26,25,15,0110000000001000000001000,8,9.402362343538814e-05,5,4,1
triplet,"[0,2,6]",510510,9699690,19,26,25,15,0110000000001000000001100,13,0.00015278838808250572,7,6,1
triplet,"[0,2,6]",510510,9699690,19,26,25,15,0110000000001000100000000,50,0.0005876476464711759,6,5,1
triplet,"[0,2,6]",510510,9699690,19,26,25,15,0110000000001000100000100,13,0.00015278838808250572,9,8,1
triplet,"[0,2,6]",510510,9699690,19,26,25,15,0110000000001000100001000,23,0.00027031791737674093,6,5,1
triplet,"[0,2,6]",510510,9699690,19,26,25,15,0110000000001000100001100,12,0.0001410354351530822,9,8,1
triplet,"[0,2,6]",510510,9699690,19,26,25,15,0110000100000000000000000,12,0.0001410354351530822,6,5,1
triplet,"[0,2,6]",510510,9699690,19,26,25,15,0110000100000000000000100,16,0.0001880472468707763,8,7,1
triplet,"[0,2,6]",510510,9699690,19,26,25,15,0110000100000000000001000,15,0.00017629429394135277,6,5,1
triplet,"[0,2,6]",510510,9699690,19,26,25,15,0110000100000000000001100,13,0.00015278838808250572,8,7,1
triplet,"[0,2,6]",510510,9699690,19,26,25,15,0110000100000000100000000,7,8.227067050596462e-05,7,6,1
triplet,"[0,2,6]",510510,9699690,19,26,25,15,0110000100000000100000100,7,8.227067050596462e-05,10,9,1
triplet,"[0,2,6]",510510,9699690,19,26,25,15,0110000100000000100001000,8,9.402362343538814e-05,7,6,1
triplet,"[0,2,6]",510510,9699690,19,26,25,15,0110000100001000000000000,42,0.0004936240230357877,7,6,1
triplet,"[0,2,6]",510510,9699690,19,26,25,15,0110000100001000000000100,18,0.0002115531527296233,9,8,1
triplet,"[0,2,6]",510510,9699690,19,26,25,15,0110000100001000000001000,13,0.00015278838808250572,7,6,1
triplet,"[0,2,6]",510510,9699690,19,26,25,15,0110000100001000000001100,5,5.876476464711759e-05,9,8,1
triplet,"[0,2,6]",510510,9699690,19,26,25,15,0110000100001000100000000,27,0.000317329729094435,8,7,1
triplet,"[0,2,6]",510510,9699690,19,26,25,15,0110000100001000100000100,5,5.876476464711759e-05,11,10,1
triplet,"[0,2,6]",510510,9699690,19,26,25,15,0110000100001000100001000,10,0.00011752952929423518,8,7,1
triplet,"[0,2,6]",510510,9699690,19,26,25,16,0000000000000000000000000,11,0.0001292824822236587,2,1,1
triplet,"[0,2,6]",510510,9699690,19,26,25,16,0000000000000000000001000,20,0.00023505905858847037,4,3,1
triplet,"[0,2,6]",510510,9699690,19,26,25,16,0000000000000000000010000,23,0.00027031791737674093,4,3,1
triplet,"[0,2,6]",510510,9699690,19,26,25,16,0000000000000000000011000,54,0.00063465945818887,8,7,1
triplet,"[0,2,6]",510510,9699690,19,26,25,16,0000000000000001000000000,17,0.0001998001998001998,4,3,1
triplet,"[0,2,6]",510510,9699690,19,26,25,16,0000000000000001000001000,25,0.00029382382323558796,8,7,1
triplet,"[0,2,6]",510510,9699690,19,26,25,16,0000000000000001000010000,23,0.00027031791737674093,6,5,1
triplet,"[0,2,6]",510510,9699690,19,26,25,16,0000000000000001000011000,35,0.00041135335252982314,12,11,1
triplet,"[0,2,6]",510510,9699690,19,26,25,16,0000000000010000000000000,9,0.00010577657636481166,4,3,1
triplet,"[0,2,6]",510510,9699690,19,26,25,16,0000000000010000000001000,8,9.402362343538814e-05,6,5,1
triplet,"[0,2,6]",510510,9699690,19,26,25,16,0000000000010000000010000,6,7.05177175765411e-05,6,5,1
triplet,"[0,2,6]",510510,9699690,19,26,25,16,0000000000010000000011000,25,0.00029382382323558796,10,9,1
triplet,"[0,2,6]",510510,9699690,19,26,25,16,0000000000010001000000000,30,0.00035258858788270555,6,5,1
triplet,"[0,2,6]",510510,9699690,19,26,25,16,0000000000010001000001000,17,0.0001998001998001998,10,9,1
triplet,"[0,2,6]",510510,9699690,19,26,25,16,0000000000010001000010000,18,0.0002115531527296233,8,7,1
triplet,"[0,2,6]",510510,9699690,19,26,25,16,0000000000010001000011000,28,0.00032908268202385847,14,13,1
triplet,"[0,2,6]",510510,9699690,19,26,25,16,0000001000000000000000000,23,0.00027031791737674093,3,2,1
triplet,"[0,2,6]",510510,9699690,19,26,25,16,0000001000000000000001000,24,0.0002820708703061644,5,4,1
triplet,"[0,2,6]",510510,9699690,19,26,25,16,0000001000000000000010000,24,0.0002820708703061644,5,4,1
triplet,"[0,2,6]",510510,9699690,19,26,25,16,0000001000000000000011000,60,0.0007051771757654111,9,8,1
triplet,"[0,2,6]",510510,9699690,19,26,25,16,0000001000000001000000000,25,0.00029382382323558796,5,4,1
triplet,"[0,2,6]",510510,9699690,19,26,25,16,0000001000000001000001000,22,0.0002585649644473174,9,8,1
triplet,"[0,2,6]",510510,9699690,19,26,25,16,0000001000000001000010000,60,0.0007051771757654111,7,6,1
triplet,"[0,2,6]",510510,9699690,19,26,25,16,0000001000000001000011000,35,0.00041135335252982314,13,12,1
triplet,"[0,2,6]",510510,9699690,19,26,25,16,0000001000010000000000000,16,0.0001880472468707763,5,4,1
triplet,"[0,2,6]",510510,9699690,19,26,25,16,0000001000010000000001000,16,0.0001880472468707763,7,6,1
triplet,"[0,2,6]",510510,9699690,19,26,25,16,0000001000010000000010000,21,0.00024681201151789385,7,6,1
triplet,"[0,2,6]",510510,9699690,19,26,25,16,0000001000010000000011000,27,0.000317329729094435,11,10,1
triplet,"[0,2,6]",510510,9699690,19,26,25,16,0000001000010001000000000,24,0.0002820708703061644,7,6,1
triplet,"[0,2,6]",510510,9699690,19,26,25,16,0000001000010001000001000,27,0.000317329729094435,11,10,1
triplet,"[0,2,6]",510510,9699690,19,26,25,16,0000001000010001000010000,14,0.00016454134101192923,5,4,1
triplet,"[0,2,6]",510510,9699690,19,26,25,16,0100000000000000000000000,15,0.00017629429394135277,4,3,1
triplet,"[0,2,6]",510510,9699690,19,26,25,16,0100000000000000000001000,20,0.00023505905858847037,8,7,1
triplet,"[0,2,6]",510510,9699690,19,26,25,16,0100000000000000000010000,12,0.0001410354351530822,4,3,1
triplet,"[0,2,6]",510510,9699690,19,26,25,16,0100000000000000000011000,25,0.00029382382323558796,8,7,1
triplet,"[0,2,6]",510510,9699690,19,26,25,16,0100000000000001000000000,34,0.0003996003996003996,6,5,1
triplet,"[0,2,6]",510510,9699690,19,26,25,16,0100000000000001000001000,9,0.00010577657636481166,12,11,1
triplet,"[0,2,6]",510510,9699690,19,26,25,16,0100000000000001000010000,31,0.00036434154081212903,6,5,1
triplet,"[0,2,6]",510510,9699690,19,26,25,16,0100000000000001000011000,14,0.00016454134101192923,12,11,1
triplet,"[0,2,6]",510510,9699690,19,26,25,16,0100000000010000000000000,13,0.00015278838808250572,6,5,1
triplet,"[0,2,6]",510510,9699690,19,26,25,16,0100000000010000000001000,4,4.701181171769407e-05,10,9,1
triplet,"[0,2,6]",510510,9699690,19,26,25,16,0100000000010000000010000,6,7.05177175765411e-05,6,5,1
triplet,"[0,2,6]",510510,9699690,19,26,25,16,0100000000010000000011000,7,8.227067050596462e-05,10,9,1
triplet,"[0,2,6]",510510,9699690,19,26,25,16,0100000000010001000000000,30,0.00035258858788270555,8,7,1
triplet,"[0,2,6]",510510,9699690,19,26,25,16,0100000000010001000001000,7,8.227067050596462e-05,14,13,1
triplet,"[0,2,6]",510510,9699690,19,26,25,16,0100000000010001000010000,23,0.00027031791737674093,8,7,1
triplet,"[0,2,6]",510510,9699690,19,26,25,16,0100000000010001000011000,12,0.0001410354351530822,14,13,1
triplet,"[0,2,6]",510510,9699690,19,26,25,16,0100001000000000000000000,50,0.0005876476464711759,5,4,1
triplet,"[0,2,6]",510510,9699690,19,26,25,16,0100001000000000000001000,20,0.00023505905858847037,9,8,1
triplet,"[0,2,6]",510510,9699690,19,26,25,16,0100001000000000000010000,49,0.0005758946935417523,5,4,1
triplet,"[0,2,6]",510510,9699690,19,26,25,16,0100001000000000000011000,33,0.00038784744667097606,9,8,1
triplet,"[0,2,6]",510510,9699690,19,26,25,16,0100001000000001000000000,24,0.0002820708703061644,7,6,1
triplet,"[0,2,6]",510510,9699690,19,26,25,16,0100001000000001000001000,4,4.701181171769407e-05,13,12,1
triplet,"[0,2,6]",510510,9699690,19,26,25,16,0100001000000001000010000,42,0.0004936240230357877,7,6,1
triplet,"[0,2,6]",510510,9699690,19,26,25,16,0100001000010000000000000,10,0.00011752952929423518,7,6,1
triplet,"[0,2,6]",510510,9699690,19,26,25,16,0100001000010000000001000,4,4.701181171769407e-05,6,5,1
triplet,"[0,2,6]",510510,9699690,19,26,25,16,0100001000010000000010000,13,0.00015278838808250572,7,6,1
triplet,"[0,2,6]",510510,9699690,19,26,25,16,0100001000010000000011000,5,5.876476464711759e-05,6,5,1
triplet,"[0,2,6]",510510,9699690,19,26,25,16,0100001000010001000000000,13,0.00015278838808250572,9,8,1
triplet,"[0,2,6]",510510,9699690,19,26,25,16,0100001000010001000001000,5,5.876476464711759e-05,8,7,1
triplet,"[0,2,6]",510510,9699690,19,26,25,16,0100001000010001000010000,10,0.00011752952929423518,5,4,1
triplet,"[0,2,6]",510510,9699690,19,26,25,16,1000000000000000000000000,9,0.00010577657636481166,4,3,1
triplet,"[0,2,6]",510510,9699690,19,26,25,16,1000000000000000000001000,24,0.0002820708703061644,6,5,1
triplet,"[0,2,6]",510510,9699690,19,26,25,16,1000000000000000000010000,4,4.701181171769407e-05,8,7,1
triplet,"[0,2,6]",510510,9699690,19,26,25,16,1000000000000000000011000,23,0.00027031791737674093,12,11,1
triplet,"[0,2,6]",510510,9699690,19,26,25,16,1000000000000001000000000,12,0.0001410354351530822,6,5,1
triplet,"[0,2,6]",510510,9699690,19,26,25,16,1000000000000001000001000,23,0.00027031791737674093,10,9,1
triplet,"[0,2,6]",510510,9699690,19,26,25,16,1000000000000001000010000,2,2.3505905858847036e-05,5,4,1
triplet,"[0,2,6]",510510,9699690,19,26,25,16,1000000000000001000011000,8,9.402362343538814e-05,16,15,1
triplet,"[0,2,6]",510510,9699690,19,26,25,16,1000000000010000000000000,37,0.00043485925838867017,6,5,1
triplet,"[0,2,6]",510510,9699690,19,26,25,16,1000000000010000000001000,38,0.00044661221131809365,8,7,1
triplet,"[0,2,6]",510510,9699690,19,26,25,16,1000000000010000000010000,21,0.00024681201151789385,10,9,1
triplet,"[0,2,6]",510510,9699690,19,26,25,16,1000000000010000000011000,45,0.0005288828818240583,14,13,1
triplet,"[0,2,6]",510510,9699690,19,26,25,16,1000000000010001000000000,28,0.00032908268202385847,8,7,1
triplet,"[0,2,6]",510510,9699690,19,26,25,16,1000000000010001000001000,17,0.0001998001998001998,12,11,1
triplet,"[0,2,6]",510510,9699690,19,26,25,16,1000000000010001000010000,13,0.00015278838808250572,12,11,1
triplet,"[0,2,6]",510510,9699690,19,26,25,16,1000000000010001000011000,18,0.0002115531527296233,18,17,1
triplet,"[0,2,6]",510510,9699690,19,26,25,16,1000001000000000000000000,7,8.227067050596462e-05,6,5,1
triplet,"[0,2,6]",510510,9699690,19,26,25,16,1000001000000000000001000,18,0.0002115531527296233,8,7,1
triplet,"[0,2,6]",510510,9699690,19,26,25,16,1000001000000000000010000,6,7.05177175765411e-05,10,9,1
triplet,"[0,2,6]",510510,9699690,19,26,25,16,1000001000000000000011000,19,0.00022330610565904683,14,13,1
triplet,"[0,2,6]",510510,9699690,19,26,25,16,1000001000000001000000000,4,4.701181171769407e-05,8,7,1
triplet,"[0,2,6]",510510,9699690,19,26,25,16,1000001000000001000001000,11,0.0001292824822236587,12,11,1
triplet,"[0,2,6]",510510,9699690,19,26,25,16,1000001000000001000010000,2,2.3505905858847036e-05,7,6,1
triplet,"[0,2,6]",510510,9699690,19,26,25,16,1000001000010000000000000,35,0.00041135335252982314,8,7,1
triplet,"[0,2,6]",510510,9699690,19,26,25,16,1000001000010000000001000,30,0.00035258858788270555,10,9,1
triplet,"[0,2,6]",510510,9699690,19,26,25,16,1000001000010000000010000,17,0.0001998001998001998,12,11,1
triplet,"[0,2,6]",510510,9699690,19,26,25,16,1000001000010000000011000,19,0.00022330610565904683,16,15,1
triplet,"[0,2,6]",510510,9699690,19,26,25,16,1000001000010001000000000,27,0.000317329729094435,10,9,1
triplet,"[0,2,6]",510510,9699690,19,26,25,16,1000001000010001000001000,19,0.00022330610565904683,14,13,1
triplet,"[0,2,6]",510510,9699690,19,26,25,16,1000001000010001000010000,8,9.402362343538814e-05,8,7,1
triplet,"[0,2,6]",510510,9699690,19,26,25,16,1100000000000000000000000,35,0.00041135335252982314,8,7,1
triplet,"[0,2,6]",510510,9699690,19,26,25,16,1100000000000000000001000,26,0.00030557677616501144,12,11,1
triplet,"[0,2,6]",510510,9699690,19,26,25,16,1100000000000000000010000,6,7.05177175765411e-05,8,7,1
triplet,"[0,2,6]",510510,9699690,19,26,25,16,1100000000000000000011000,23,0.00027031791737674093,12,11,1
triplet,"[0,2,6]",510510,9699690,19,26,25,16,1100000000000001000000000,48,0.0005641417406123288,10,9,1
triplet,"[0,2,6]",510510,9699690,19,26,25,16,1100000000000001000001000,29,0.000340835634953282,16,15,1
triplet,"[0,2,6]",510510,9699690,19,26,25,16,1100000000000001000010000,13,0.00015278838808250572,10,9,1
triplet,"[0,2,6]",510510,9699690,19,26,25,16,1100000000000001000011000,18,0.0002115531527296233,16,15,1
triplet,"[0,2,6]",510510,9699690,19,26,25,16,1100000000010000000000000,43,0.0005053769759652113,10,9,1
triplet,"[0,2,6]",510510,9699690,19,26,25,16,1100000000010000000001000,18,0.0002115531527296233,14,13,1
triplet,"[0,2,6]",510510,9699690,19,26,25,16,1100000000010000000010000,8,9.402362343538814e-05,10,9,1
triplet,"[0,2,6]",510510,9699690,19,26,25,16,1100000000010000000011000,13,0.00015278838808250572,14,13,1
triplet,"[0,2,6]",510510,9699690,19,26,25,16,1100000000010001000000000,50,0.0005876476464711759,12,11,1
triplet,"[0,2,6]",510510,9699690,19,26,25,16,1100000000010001000001000,13,0.00015278838808250572,18,17,1
triplet,"[0,2,6]",510510,9699690,19,26,25,16,1100000000010001000010000,23,0.00027031791737674093,12,11,1
triplet,"[0,2,6]",510510,9699690,19,26,25,16,1100000000010001000011000,12,0.0001410354351530822,18,17,1
triplet,"[0,2,6]",510510,9699690,19,26,25,16,1100001000000000000000000,12,0.0001410354351530822,10,9,1
triplet,"[0,2,6]",510510,9699690,19,26,25,16,1100001000000000000001000,16,0.0001880472468707763,14,13,1
triplet,"[0,2,6]",510510,9699690,19,26,25,16,1100001000000000000010000,15,0.00017629429394135277,10,9,1
triplet,"[0,2,6]",510510,9699690,19,26,25,16,1100001000000000000011000,13,0.00015278838808250572,14,13,1
triplet,"[0,2,6]",510510,9699690,19,26,25,16,1100001000000001000000000,7,8.227067050596462e-05,12,11,1
triplet,"[0,2,6]",510510,9699690,19,26,25,16,1100001000000001000001000,7,8.227067050596462e-05,18,17,1
triplet,"[0,2,6]",510510,9699690,19,26,25,16,1100001000000001000010000,8,9.402362343538814e-05,7,6,1
triplet,"[0,2,6]",510510,9699690,19,26,25,16,1100001000010000000000000,42,0.0004936240230357877,12,11,1
triplet,"[0,2,6]",510510,9699690,19,26,25,16,1100001000010000000001000,18,0.0002115531527296233,16,15,1
triplet,"[0,2,6]",510510,9699690,19,26,25,16,1100001000010000000010000,13,0.00015278838808250572,12,11,1
triplet,"[0,2,6]",510510,9699690,19,26,25,16,1100001000010000000011000,5,5.876476464711759e-05,16,15,1
triplet,"[0,2,6]",510510,9699690,19,26,25,16,1100001000010001000000000,27,0.000317329729094435,14,13,1
triplet,"[0,2,6]",510510,9699690,19,26,25,16,1100001000010001000001000,5,5.876476464711759e-05,20,19,1
triplet,"[0,2,6]",510510,9699690,19,26,25,16,1100001000010001000010000,10,0.00011752952929423518,8,7,1
triplet,"[0,2,6]",510510,9699690,19,26,25,17,0000000000000000000000001,16,0.0001880472468707763,2,1,1
triplet,"[0,2,6]",510510,9699690,19,26,25,17,0000000000000000000010000,10,0.00011752952929423518,2,1,1
triplet,"[0,2,6]",510510,9699690,19,26,25,17,0000000000000000000010001,34,0.0003996003996003996,3,2,1
triplet,"[0,2,6]",510510,9699690,19,26,25,17,0000000000000000000100000,10,0.00011752952929423518,2,1,1
triplet,"[0,2,6]",510510,9699690,19,26,25,17,0000000000000000000100001,17,0.0001998001998001998,3,2,1
triplet,"[0,2,6]",510510,9699690,19,26,25,17,0000000000000000000110000,38,0.00044661221131809365,4,3,1
triplet,"[0,2,6]",510510,9699690,19,26,25,17,0000000000000000000110001,39,0.0004583651642475172,5,4,1
triplet,"[0,2,6]",510510,9699690,19,26,25,17,0000000000000010000000000,11,0.0001292824822236587,2,1,1
triplet,"[0,2,6]",510510,9699690,19,26,25,17,0000000000000010000000001,18,0.0002115531527296233,3,2,1
triplet,"[0,2,6]",510510,9699690,19,26,25,17,0000000000000010000010000,15,0.00017629429394135277,4,3,1
triplet,"[0,2,6]",510510,9699690,19,26,25,17,0000000000000010000010001,33,0.00038784744667097606,5,4,1
triplet,"[0,2,6]",510510,9699690,19,26,25,17,0000000000000010000100000,5,5.876476464711759e-05,3,2,1
triplet,"[0,2,6]",510510,9699690,19,26,25,17,0000000000000010000100001,20,0.00023505905858847037,4,3,1
triplet,"[0,2,6]",510510,9699690,19,26,25,17,0000000000000010000110000,20,0.00023505905858847037,6,5,1
triplet,"[0,2,6]",510510,9699690,19,26,25,17,0000000000000010000110001,23,0.00027031791737674093,7,6,1
triplet,"[0,2,6]",510510,9699690,19,26,25,17,0000000000100000000000000,13,0.00015278838808250572,2,1,1
triplet,"[0,2,6]",510510,9699690,19,26,25,17,0000000000100000000000001,33,0.00038784744667097606,3,2,1
triplet,"[0,2,6]",510510,9699690,19,26,25,17,0000000000100000000010000,15,0.00017629429394135277,3,2,1
triplet,"[0,2,6]",510510,9699690,19,26,25,17,0000000000100000000010001,31,0.00036434154081212903,4,3,1
triplet,"[0,2,6]",510510,9699690,19,26,25,17,0000000000100000000100000,13,0.00015278838808250572,3,2,1
triplet,"[0,2,6]",510510,9699690,19,26,25,17,0000000000100000000100001,14,0.00016454134101192923,4,3,1
triplet,"[0,2,6]",510510,9699690,19,26,25,17,0000000000100000000110000,24,0.0002820708703061644,5,4,1
triplet,"[0,2,6]",510510,9699690,19,26,25,17,0000000000100000000110001,46,0.0005406358347534819,6,5,1
triplet,"[0,2,6]",510510,9699690,19,26,25,17,0000000000100010000000000,22,0.0002585649644473174,3,2,1
triplet,"[0,2,6]",510510,9699690,19,26,25,17,0000000000100010000000001,36,0.0004231063054592466,4,3,1
triplet,"[0,2,6]",510510,9699690,19,26,25,17,0000000000100010000010000,12,0.0001410354351530822,5,4,1
triplet,"[0,2,6]",510510,9699690,19,26,25,17,0000000000100010000010001,22,0.0002585649644473174,6,5,1
triplet,"[0,2,6]",510510,9699690,19,26,25,17,0000000000100010000100000,21,0.00024681201151789385,4,3,1
triplet,"[0,2,6]",510510,9699690,19,26,25,17,0000000000100010000100001,10,0.00011752952929423518,5,4,1
triplet,"[0,2,6]",510510,9699690,19,26,25,17,0000000000100010000110000,30,0.00035258858788270555,7,6,1
triplet,"[0,2,6]",510510,9699690,19,26,25,17,0000000000100010000110001,16,0.0001880472468707763,8,7,1
triplet,"[0,2,6]",510510,9699690,19,26,25,17,0000010000000000000000000,13,0.00015278838808250572,2,1,1
triplet,"[0,2,6]",510510,9699690,19,26,25,17,0000010000000000000000001,17,0.0001998001998001998,2,1,1
triplet,"[0,2,6]",510510,9699690,19,26,25,17,0000010000000000000010000,18,0.0002115531527296233,3,2,1
triplet,"[0,2,6]",510510,9699690,19,26,25,17,0000010000000000000010001,24,0.0002820708703061644,3,2,1
triplet,"[0,2,6]",510510,9699690,19,26,25,17,0000010000000000000100000,12,0.0001410354351530822,3,2,1
triplet,"[0,2,6]",510510,9699690,19,26,25,17,0000010000000000000100001,18,0.0002115531527296233,3,2,1
triplet,"[0,2,6]",510510,9699690,19,26,25,17,0000010000000000000110000,47,0.0005523887876829053,5,4,1
triplet,"[0,2,6]",510510,9699690,19,26,25,17,0000010000000000000110001,32,0.0003760944937415526,5,4,1
triplet,"[0,2,6]",510510,9699690,19,26,25,17,0000010000000010000000000,21,0.00024681201151789385,3,2,1
triplet,"[0,2,6]",510510,9699690,19,26,25,17,0000010000000010000000001,8,9.402362343538814e-05,3,2,1
triplet,"[0,2,6]",510510,9699690,19,26,25,17,0000010000000010000010000,20,0.00023505905858847037,5,4,1
triplet,"[0,2,6]",510510,9699690,19,26,25,17,0000010000000010000010001,13,0.00015278838808250572,5,4,1
triplet,"[0,2,6]",510510,9699690,19,26,25,17,0000010000000010000100000,22,0.0002585649644473174,4,3,1
triplet,"[0,2,6]",510510,9699690,19,26,25,17,0000010000000010000100001,40,0.00047011811717694073,4,3,1
triplet,"[0,2,6]",510510,9699690,19,26,25,17,0000010000000010000110000,20,0.00023505905858847037,7,6,1
triplet,"[0,2,6]",510510,9699690,19,26,25,17,0000010000000010000110001,15,0.00017629429394135277,7,6,1
triplet,"[0,2,6]",510510,9699690,19,26,25,17,0000010000100000000000000,25,0.00029382382323558796,3,2,1
triplet,"[0,2,6]",510510,9699690,19,26,25,17,0000010000100000000000001,26,0.00030557677616501144,3,2,1
triplet,"[0,2,6]",510510,9699690,19,26,25,17,0000010000100000000010000,15,0.00017629429394135277,4,3,1
triplet,"[0,2,6]",510510,9699690,19,26,25,17,0000010000100000000010001,31,0.00036434154081212903,4,3,1
triplet,"[0,2,6]",510510,9699690,19,26,25,17,0000010000100000000100000,10,0.00011752952929423518,4,3,1
triplet,"[0,2,6]",510510,9699690,19,26,25,17,0000010000100000000100001,28,0.00032908268202385847,4,3,1
triplet,"[0,2,6]",510510,9699690,19,26,25,17,0000010000100000000110000,19,0.00022330610565904683,6,5,1
triplet,"[0,2,6]",510510,9699690,19,26,25,17,0000010000100000000110001,27,0.000317329729094435,6,5,1
triplet,"[0,2,6]",510510,9699690,19,26,25,17,0000010000100010000000000,25,0.00029382382323558796,4,3,1
triplet,"[0,2,6]",510510,9699690,19,26,25,17,0000010000100010000000001,26,0.00030557677616501144,4,3,1
triplet,"[0,2,6]",510510,9699690,19,26,25,17,0000010000100010000010000,24,0.0002820708703061644,6,5,1
triplet,"[0,2,6]",510510,9699690,19,26,25,17,0000010000100010000010001,22,0.0002585649644473174,6,5,1
triplet,"[0,2,6]",510510,9699690,19,26,25,17,0000010000100010000100000,22,0.0002585649644473174,5,4,1
triplet,"[0,2,6]",510510,9699690,19,26,25,17,1000000000000000000000000,21,0.00024681201151789385,2,1,1
triplet,"[0,2,6]",510510,9699690,19,26,25,17,1000000000000000000000001,29,0.000340835634953282,3,2,1
triplet,"[0,2,6]",510510,9699690,19,26,25,17,1000000000000000000010000,26,0.00030557677616501144,4,3,1
triplet,"[0,2,6]",510510,9699690,19,26,25,17,1000000000000000000010001,20,0.00023505905858847037,5,4,1
triplet,"[0,2,6]",510510,9699690,19,26,25,17,1000000000000000000100000,10,0.00011752952929423518,2,1,1
triplet,"[0,2,6]",510510,9699690,19,26,25,17,1000000000000000000100001,8,9.402362343538814e-05,3,2,1
triplet,"[0,2,6]",510510,9699690,19,26,25,17,1000000000000000000110000,35,0.00041135335252982314,4,3,1
triplet,"[0,2,6]",510510,9699690,19,26,25,17,1000000000000000000110001,13,0.00015278838808250572,5,4,1
triplet,"[0,2,6]",510510,9699690,19,26,25,17,1000000000000010000000000,47,0.0005523887876829053,3,2,1
triplet,"[0,2,6]",510510,9699690,19,26,25,17,1000000000000010000000001,35,0.00041135335252982314,4,3,1
triplet,"[0,2,6]",510510,9699690,19,26,25,17,1000000000000010000010000,22,0.0002585649644473174,6,5,1
triplet,"[0,2,6]",510510,9699690,19,26,25,17,1000000000000010000010001,16,0.0001880472468707763,7,6,1
triplet,"[0,2,6]",510510,9699690,19,26,25,17,1000000000000010000100000,25,0.00029382382323558796,3,2,1
triplet,"[0,2,6]",510510,9699690,19,26,25,17,1000000000000010000100001,19,0.00022330610565904683,4,3,1
triplet,"[0,2,6]",510510,9699690,19,26,25,17,1000000000000010000110000,26,0.00030557677616501144,6,5,1
triplet,"[0,2,6]",510510,9699690,19,26,25,17,1000000000000010000110001,6,7.05177175765411e-05,7,6,1
triplet,"[0,2,6]",510510,9699690,19,26,25,17,1000000000100000000000000,27,0.000317329729094435,3,2,1
triplet,"[0,2,6]",510510,9699690,19,26,25,17,1000000000100000000000001,29,0.000340835634953282,4,3,1
triplet,"[0,2,6]",510510,9699690,19,26,25,17,1000000000100000000010000,12,0.0001410354351530822,5,4,1
triplet,"[0,2,6]",510510,9699690,19,26,25,17,1000000000100000000010001,10,0.00011752952929423518,6,5,1
triplet,"[0,2,6]",510510,9699690,19,26,25,17,1000000000100000000100000,6,7.05177175765411e-05,3,2,1
triplet,"[0,2,6]",510510,9699690,19,26,25,17,1000000000100000000100001,8,9.402362343538814e-05,4,3,1
triplet,"[0,2,6]",510510,9699690,19,26,25,17,1000000000100000000110000,11,0.0001292824822236587,5,4,1
triplet,"[0,2,6]",510510,9699690,19,26,25,17,1000000000100000000110001,9,0.00010577657636481166,6,5,1
triplet,"[0,2,6]",510510,9699690,19,26,25,17,1000000000100010000000000,54,0.00063465945818887,4,3,1
triplet,"[0,2,6]",510510,9699690,19,26,25,17,1000000000100010000000001,26,0.00030557677616501144,5,4,1
triplet,"[0,2,6]",510510,9699690,19,26,25,17,1000000000100010000010000,14,0.00016454134101192923,7,6,1
triplet,"[0,2,6]",510510,9699690,19,26,25,17,1000000000100010000010001,6,7.05177175765411e-05,8,7,1
triplet,"[0,2,6]",510510,9699690,19,26,25,17,1000000000100010000100000,34,0.0003996003996003996,4,3,1
triplet,"[0,2,6]",510510,9699690,19,26,25,17,1000000000100010000100001,12,0.0001410354351530822,5,4,1
triplet,"[0,2,6]",510510,9699690,19,26,25,17,1000000000100010000110000,20,0.00023505905858847037,7,6,1
triplet,"[0,2,6]",510510,9699690,19,26,25,17,1000000000100010000110001,4,4.701181171769407e-05,8,7,1
triplet,"[0,2,6]",510510,9699690,19,26,25,17,1000010000000000000000000,44,0.0005171299288946348,3,2,1
triplet,"[0,2,6]",510510,9699690,19,26,25,17,1000010000000000000000001,18,0.0002115531527296233,3,2,1
triplet,"[0,2,6]",510510,9699690,19,26,25,17,1000010000000000000010000,25,0.00029382382323558796,5,4,1
triplet,"[0,2,6]",510510,9699690,19,26,25,17,1000010000000000000010001,11,0.0001292824822236587,5,4,1
triplet,"[0,2,6]",510510,9699690,19,26,25,17,1000010000000000000100000,45,0.0005288828818240583,3,2,1
triplet,"[0,2,6]",510510,9699690,19,26,25,17,1000010000000000000100001,19,0.00022330610565904683,3,2,1
triplet,"[0,2,6]",510510,9699690,19,26,25,17,1000010000000000000110000,39,0.0004583651642475172,5,4,1
triplet,"[0,2,6]",510510,9699690,19,26,25,17,1000010000000000000110001,7,8.227067050596462e-05,5,4,1
triplet,"[0,2,6]",510510,9699690,19,26,25,17,1000010000000010000000000,24,0.0002820708703061644,4,3,1
triplet,"[0,2,6]",510510,9699690,19,26,25,17,1000010000000010000000001,7,8.227067050596462e-05,4,3,1
triplet,"[0,2,6]",510510,9699690,19,26,25,17,1000010000000010000010000,9,0.00010577657636481166,7,6,1
triplet,"[0,2,6]",510510,9699690,19,26,25,17,1000010000000010000010001,2,2.3505905858847036e-05,7,6,1
triplet,"[0,2,6]",510510,9699690,19,26,25,17,1000010000000010000100000,35,0.00041135335252982314,4,3,1
triplet,"[0,2,6]",510510,9699690,19,26,25,17,1000010000000010000100001,15,0.00017629429394135277,4,3,1
triplet,"[0,2,6]",510510,9699690,19,26,25,17,1000010000100000000000000,34,0.0003996003996003996,4,3,1
triplet,"[0,2,6]",510510,9699690,19,26,25,17,1000010000100000000000001,18,0.0002115531527296233,4,3,1
triplet,"[0,2,6]",510510,9699690,19,26,25,17,1000010000100000000010000,11,0.0001292824822236587,6,5,1
triplet,"[0,2,6]",510510,9699690,19,26,25,17,1000010000100000000010001,11,0.0001292824822236587,6,5,1
triplet,"[0,2,6]",510510,9699690,19,26,25,17,1000010000100000000100000,14,0.00016454134101192923,4,3,1
triplet,"[0,2,6]",510510,9699690,19,26,25,17,1000010000100000000100001,12,0.0001410354351530822,4,3,1
triplet,"[0,2,6]",510510,9699690,19,26,25,17,1000010000100000000110000,7,8.227067050596462e-05,6,5,1
triplet,"[0,2,6]",510510,9699690,19,26,25,17,1000010000100000000110001,3,3.525885878827055e-05,6,5,1
triplet,"[0,2,6]",510510,9699690,19,26,25,17,1000010000100010000000000,30,0.00035258858788270555,5,4,1
triplet,"[0,2,6]",510510,9699690,19,26,25,17,1000010000100010000000001,10,0.00011752952929423518,5,4,1
triplet,"[0,2,6]",510510,9699690,19,26,25,17,1000010000100010000010000,8,9.402362343538814e-05,8,7,1
triplet,"[0,2,6]",510510,9699690,19,26,25,17,1000010000100010000010001,2,2.3505905858847036e-05,8,7,1
triplet,"[0,2,6]",510510,9699690,19,26,25,17,1000010000100010000100000,20,0.00023505905858847037,5,4,1
triplet,"[0,2,6]",510510,9699690,19,26,25,18,0000000000000000000000010,45,0.0005288828818240583,2,1,1
triplet,"[0,2,6]",510510,9699690,19,26,25,18,0000000000000000000100000,36,0.0004231063054592466,2,1,1
triplet,"[0,2,6]",510510,9699690,19,26,25,18,0000000000000000000100010,54,0.00063465945818887,3,2,1
triplet,"[0,2,6]",510510,9699690,19,26,25,18,0000000000000000001000000,20,0.00023505905858847037,2,1,1
triplet,"[0,2,6]",510510,9699690,19,26,25,18,0000000000000000001000010,25,0.00029382382323558796,3,2,1
triplet,"[0,2,6]",510510,9699690,19,26,25,18,0000000000000000001100000,73,0.0008579655638479167,4,3,1
triplet,"[0,2,6]",510510,9699690,19,26,25,18,0000000000000000001100010,52,0.0006111535523300229,5,4,1
triplet,"[0,2,6]",510510,9699690,19,26,25,18,0000000000000100000000000,58,0.000681671269906564,2,1,1
triplet,"[0,2,6]",510510,9699690,19,26,25,18,0000000000000100000000010,53,0.0006229065052594465,3,2,1
triplet,"[0,2,6]",510510,9699690,19,26,25,18,0000000000000100000100000,37,0.00043485925838867017,4,3,1
triplet,"[0,2,6]",510510,9699690,19,26,25,18,0000000000000100000100010,49,0.0005758946935417523,5,4,1
triplet,"[0,2,6]",510510,9699690,19,26,25,18,0000000000000100001000000,30,0.00035258858788270555,3,2,1
triplet,"[0,2,6]",510510,9699690,19,26,25,18,0000000000000100001000010,39,0.0004583651642475172,4,3,1
triplet,"[0,2,6]",510510,9699690,19,26,25,18,0000000000000100001100000,46,0.0005406358347534819,6,5,1
triplet,"[0,2,6]",510510,9699690,19,26,25,18,0000000000000100001100010,29,0.000340835634953282,7,6,1
triplet,"[0,2,6]",510510,9699690,19,26,25,18,0000000001000000000000000,40,0.00047011811717694073,2,1,1
triplet,"[0,2,6]",510510,9699690,19,26,25,18,0000000001000000000000010,62,0.0007286830816242581,3,2,1
triplet,"[0,2,6]",510510,9699690,19,26,25,18,0000000001000000000100000,27,0.000317329729094435,3,2,1
triplet,"[0,2,6]",510510,9699690,19,26,25,18,0000000001000000000100010,41,0.0004818710701063642,4,3,1
triplet,"[0,2,6]",510510,9699690,19,26,25,18,0000000001000000001000000,19,0.00022330610565904683,3,2,1
triplet,"[0,2,6]",510510,9699690,19,26,25,18,0000000001000000001000010,22,0.0002585649644473174,4,3,1
triplet,"[0,2,6]",510510,9699690,19,26,25,18,0000000001000000001100000,35,0.00041135335252982314,5,4,1
triplet,"[0,2,6]",510510,9699690,19,26,25,18,0000000001000000001100010,55,0.0006464124111182935,6,5,1
triplet,"[0,2,6]",510510,9699690,19,26,25,18,0000000001000100000000000,76,0.0008932244226361873,3,2,1
triplet,"[0,2,6]",510510,9699690,19,26,25,18,0000000001000100000000010,62,0.0007286830816242581,4,3,1
triplet,"[0,2,6]",510510,9699690,19,26,25,18,0000000001000100000100000,26,0.00030557677616501144,5,4,1
triplet,"[0,2,6]",510510,9699690,19,26,25,18,0000000001000100000100010,28,0.00032908268202385847,6,5,1
triplet,"[0,2,6]",510510,9699690,19,26,25,18,0000000001000100001000000,55,0.0006464124111182935,4,3,1
triplet,"[0,2,6]",510510,9699690,19,26,25,18,0000000001000100001000010,22,0.0002585649644473174,5,4,1
triplet,"[0,2,6]",510510,9699690,19,26,25,18,0000000001000100001100000,50,0.0005876476464711759,7,6,1
triplet,"[0,2,6]",510510,9699690,19,26,25,18,0000000001000100001100010,20,0.00023505905858847037,8,7,1
triplet,"[0,2,6]",510510,9699690,19,26,25,18,0000100000000000000000000,57,0.0006699183169771405,2,1,1
triplet,"[0,2,6]",510510,9699690,19,26,25,18,0000100000000000000000010,35,0.00041135335252982314,2,1,1
triplet,"[0,2,6]",510510,9699690,19,26,25,18,0000100000000000000100000,43,0.0005053769759652113,3,2,1
triplet,"[0,2,6]",510510,9699690,19,26,25,18,0000100000000000000100010,35,0.00041135335252982314,3,2,1
triplet,"[0,2,6]",510510,9699690,19,26,25,18,0000100000000000001000000,57,0.0006699183169771405,3,2,1
triplet,"[0,2,6]",510510,9699690,19,26,25,18,0000100000000000001000010,37,0.00043485925838867017,3,2,1
triplet,"[0,2,6]",510510,9699690,19,26,25,18,0000100000000000001100000,86,0.0010107539519304226,5,4,1
triplet,"[0,2,6]",510510,9699690,19,26,25,18,0000100000000000001100010,39,0.0004583651642475172,5,4,1
triplet,"[0,2,6]",510510,9699690,19,26,25,18,0000100000000100000000000,45,0.0005288828818240583,3,2,1
triplet,"[0,2,6]",510510,9699690,19,26,25,18,0000100000000100000000010,15,0.00017629429394135277,3,2,1
triplet,"[0,2,6]",510510,9699690,19,26,25,18,0000100000000100000100000,29,0.000340835634953282,5,4,1
triplet,"[0,2,6]",510510,9699690,19,26,25,18,0000100000000100000100010,15,0.00017629429394135277,5,4,1
triplet,"[0,2,6]",510510,9699690,19,26,25,18,0000100000000100001000000,57,0.0006699183169771405,4,3,1
triplet,"[0,2,6]",510510,9699690,19,26,25,18,0000100000000100001000010,55,0.0006464124111182935,4,3,1
triplet,"[0,2,6]",510510,9699690,19,26,25,18,0000100000000100001100000,20,0.00023505905858847037,7,6,1
triplet,"[0,2,6]",510510,9699690,19,26,25,18,0000100000000100001100010,15,0.00017629429394135277,7,6,1
triplet,"[0,2,6]",510510,9699690,19,26,25,18,0000100001000000000000000,59,0.0006934242228359875,3,2,1
triplet,"[0,2,6]",510510,9699690,19,26,25,18,0000100001000000000000010,44,0.0005171299288946348,3,2,1
triplet,"[0,2,6]",510510,9699690,19,26,25,18,0000100001000000000100000,26,0.00030557677616501144,4,3,1
triplet,"[0,2,6]",510510,9699690,19,26,25,18,0000100001000000000100010,42,0.0004936240230357877,4,3,1
triplet,"[0,2,6]",510510,9699690,19,26,25,18,0000100001000000001000000,24,0.0002820708703061644,4,3,1
triplet,"[0,2,6]",510510,9699690,19,26,25,18,0000100001000000001000010,40,0.00047011811717694073,4,3,1
triplet,"[0,2,6]",510510,9699690,19,26,25,18,0000100001000000001100000,26,0.00030557677616501144,6,5,1
triplet,"[0,2,6]",510510,9699690,19,26,25,18,0000100001000000001100010,30,0.00035258858788270555,6,5,1
triplet,"[0,2,6]",510510,9699690,19,26,25,18,0000100001000100000000000,55,0.0006464124111182935,4,3,1
triplet,"[0,2,6]",510510,9699690,19,26,25,18,0000100001000100000000010,36,0.0004231063054592466,4,3,1
triplet,"[0,2,6]",510510,9699690,19,26,25,18,0000100001000100000100000,32,0.0003760944937415526,6,5,1
triplet,"[0,2,6]",510510,9699690,19,26,25,18,0000100001000100000100010,24,0.0002820708703061644,6,5,1
triplet,"[0,2,6]",510510,9699690,19,26,25,18,0000100001000100001000000,42,0.0004936240230357877,5,4,1
triplet,"[0,2,6]",510510,9699690,19,26,25,19,0000000000000000000000100,45,0.0005288828818240583,2,1,1
triplet,"[0,2,6]",510510,9699690,19,26,25,19,0000000000000000001000000,36,0.0004231063054592466,2,1,1
triplet,"[0,2,6]",510510,9699690,19,26,25,19,0000000000000000001000100,54,0.00063465945818887,3,2,1
triplet,"[0,2,6]",510510,9699690,19,26,25,19,0000000000000000010000000,20,0.00023505905858847037,2,1,1
triplet,"[0,2,6]",510510,9699690,19,26,25,19,0000000000000000010000100,25,0.00029382382323558796,3,2,1
triplet,"[0,2,6]",510510,9699690,19,26,25,19,0000000000000000011000000,73,0.0008579655638479167,4,3,1
triplet,"[0,2,6]",510510,9699690,19,26,25,19,0000000000000000011000100,52,0.0006111535523300229,5,4,1
triplet,"[0,2,6]",510510,9699690,19,26,25,19,0000000000001000000000000,58,0.000681671269906564,2,1,1
triplet,"[0,2,6]",510510,9699690,19,26,25,19,0000000000001000000000100,53,0.0006229065052594465,3,2,1
triplet,"[0,2,6]",510510,9699690,19,26,25,19,0000000000001000001000000,37,0.00043485925838867017,4,3,1
triplet,"[0,2,6]",510510,9699690,19,26,25,19,0000000000001000001000100,49,0.0005758946935417523,5,4,1
triplet,"[0,2,6]",510510,9699690,19,26,25,19,0000000000001000010000000,30,0.00035258858788270555,3,2,1
triplet,"[0,2,6]",510510,9699690,19,26,25,19,0000000000001000010000100,39,0.0004583651642475172,4,3,1
triplet,"[0,2,6]",510510,9699690,19,26,25,19,0000000000001000011000000,46,0.0005406358347534819,6,5,1
triplet,"[0,2,6]",510510,9699690,19,26,25,19,0000000000001000011000100,29,0.000340835634953282,7,6,1
triplet,"[0,2,6]",510510,9699690,19,26,25,19,0000000010000000000000000,40,0.00047011811717694073,2,1,1
triplet,"[0,2,6]",510510,9699690,19,26,25,19,0000000010000000000000100,62,0.0007286830816242581,3,2,1
triplet,"[0,2,6]",510510,9699690,19,26,25,19,0000000010000000001000000,27,0.000317329729094435,3,2,1
triplet,"[0,2,6]",510510,9699690,19,26,25,19,0000000010000000001000100,41,0.0004818710701063642,4,3,1
triplet,"[0,2,6]",510510,9699690,19,26,25,19,0000000010000000010000000,19,0.00022330610565904683,3,2,1
triplet,"[0,2,6]",510510,9699690,19,26,25,19,0000000010000000010000100,22,0.0002585649644473174,4,3,1
triplet,"[0,2,6]",510510,9699690,19,26,25,19,0000000010000000011000000,35,0.00041135335252982314,5,4,1
triplet,"[0,2,6]",510510,9699690,19,26,25,19,0000000010000000011000100,55,0.0006464124111182935,6,5,1
triplet,"[0,2,6]",510510,9699690,19,26,25,19,0000000010001000000000000,76,0.0008932244226361873,3,2,1
triplet,"[0,2,6]",510510,9699690,19,26,25,19,0000000010001000000000100,62,0.0007286830816242581,4,3,1
triplet,"[0,2,6]",510510,9699690,19,26,25,19,0000000010001000001000000,26,0.00030557677616501144,5,4,1
triplet,"[0,2,6]",510510,9699690,19,26,25,19,0000000010001000001000100,28,0.00032908268202385847,6,5,1
triplet,"[0,2,6]",510510,9699690,19,26,25,19,0000000010001000010000000,55,0.0006464124111182935,4,3,1
triplet,"[0,2,6]",510510,9699690,19,26,25,19,0000000010001000010000100,22,0.0002585649644473174,5,4,1
triplet,"[0,2,6]",510510,9699690,19,26,25,19,0000000010001000011000000,50,0.0005876476464711759,7,6,1
triplet,"[0,2,6]",510510,9699690,19,26,25,19,0000000010001000011000100,20,0.00023505905858847037,8,7,1
triplet,"[0,2,6]",510510,9699690,19,26,25,19,0001000000000000000000000,57,0.0006699183169771405,2,1,1
triplet,"[0,2,6]",510510,9699690,19,26,25,19,0001000000000000000000100,35,0.00041135335252982314,2,1,1
triplet,"[0,2,6]",510510,9699690,19,26,25,19,0001000000000000001000000,43,0.0005053769759652113,3,2,1
triplet,"[0,2,6]",510510,9699690,19,26,25,19,0001000000000000001000100,35,0.00041135335252982314,3,2,1
triplet,"[0,2,6]",510510,9699690,19,26,25,19,0001000000000000010000000,57,0.0006699183169771405,3,2,1
triplet,"[0,2,6]",510510,9699690,19,26,25,19,0001000000000000010000100,37,0.00043485925838867017,3,2,1
triplet,"[0,2,6]",510510,9699690,19,26,25,19,0001000000000000011000000,86,0.0010107539519304226,5,4,1
triplet,"[0,2,6]",510510,9699690,19,26,25,19,0001000000000000011000100,39,0.0004583651642475172,5,4,1
triplet,"[0,2,6]",510510,9699690,19,26,25,19,0001000000001000000000000,45,0.0005288828818240583,3,2,1
triplet,"[0,2,6]",510510,9699690,19,26,25,19,0001000000001000000000100,15,0.00017629429394135277,3,2,1
triplet,"[0,2,6]",510510,9699690,19,26,25,19,0001000000001000001000000,29,0.000340835634953282,5,4,1
triplet,"[0,2,6]",510510,9699690,19,26,25,19,0001000000001000001000100,15,0.00017629429394135277,5,4,1
triplet,"[0,2,6]",510510,9699690,19,26,25,19,0001000000001000010000000,57,0.0006699183169771405,4,3,1
triplet,"[0,2,6]",510510,9699690,19,26,25,19,0001000000001000010000100,55,0.0006464124111182935,4,3,1
triplet,"[0,2,6]",510510,9699690,19,26,25,19,0001000000001000011000000,20,0.00023505905858847037,7,6,1
triplet,"[0,2,6]",510510,9699690,19,26,25,19,0001000000001000011000100,15,0.00017629429394135277,7,6,1
triplet,"[0,2,6]",510510,9699690,19,26,25,19,0001000010000000000000000,59,0.0006934242228359875,3,2,1
triplet,"[0,2,6]",510510,9699690,19,26,25,19,0001000010000000000000100,44,0.0005171299288946348,3,2,1
triplet,"[0,2,6]",510510,9699690,19,26,25,19,0001000010000000001000000,26,0.00030557677616501144,4,3,1
triplet,"[0,2,6]",510510,9699690,19,26,25,19,0001000010000000001000100,42,0.0004936240230357877,4,3,1
triplet,"[0,2,6]",510510,9699690,19,26,25,19,0001000010000000010000000,24,0.0002820708703061644,4,3,1
triplet,"[0,2,6]",510510,9699690,19,26,25,19,0001000010000000010000100,40,0.00047011811717694073,4,3,1
triplet,"[0,2,6]",510510,9699690,19,26,25,19,0001000010000000011000000,26,0.00030557677616501144,6,5,1
triplet,"[0,2,6]",510510,9699690,19,26,25,19,0001000010000000011000100,30,0.00035258858788270555,6,5,1
triplet,"[0,2,6]",510510,9699690,19,26,25,19,0001000010001000000000000,55,0.0006464124111182935,4,3,1
triplet,"[0,2,6]",510510,9699690,19,26,25,19,0001000010001000000000100,36,0.0004231063054592466,4,3,1
triplet,"[0,2,6]",510510,9699690,19,26,25,19,0001000010001000001000000,32,0.0003760944937415526,6,5,1
triplet,"[0,2,6]",510510,9699690,19,26,25,19,0001000010001000001000100,24,0.0002820708703061644,6,5,1
triplet,"[0,2,6]",510510,9699690,19,26,25,19,0001000010001000010000000,42,0.0004936240230357877,5,4,1
triplet,"[0,2,6]",510510,9699690,19,26,25,20,0000000000000000000001000,45,0.0005288828818240583,2,1,1
triplet,"[0,2,6]",510510,9699690,19,26,25,20,0000000000000000010000000,36,0.0004231063054592466,2,1,1
triplet,"[0,2,6]",510510,9699690,19,26,25,20,0000000000000000010001000,54,0.00063465945818887,3,2,1
triplet,"[0,2,6]",510510,9699690,19,26,25,20,0000000000000000100000000,20,0.00023505905858847037,2,1,1
triplet,"[0,2,6]",510510,9699690,19,26,25,20,0000000000000000100001000,25,0.00029382382323558796,3,2,1
triplet,"[0,2,6]",510510,9699690,19,26,25,20,0000000000000000110000000,73,0.0008579655638479167,4,3,1
triplet,"[0,2,6]",510510,9699690,19,26,25,20,0000000000000000110001000,52,0.0006111535523300229,5,4,1
triplet,"[0,2,6]",510510,9699690,19,26,25,20,0000000000010000000000000,58,0.000681671269906564,2,1,1
triplet,"[0,2,6]",510510,9699690,19,26,25,20,0000000000010000000001000,53,0.0006229065052594465,3,2,1
triplet,"[0,2,6]",510510,9699690,19,26,25,20,0000000000010000010000000,37,0.00043485925838867017,4,3,1
triplet,"[0,2,6]",510510,9699690,19,26,25,20,0000000000010000010001000,49,0.0005758946935417523,5,4,1
triplet,"[0,2,6]",510510,9699690,19,26,25,20,0000000000010000100000000,30,0.00035258858788270555,3,2,1
triplet,"[0,2,6]",510510,9699690,19,26,25,20,0000000000010000100001000,39,0.0004583651642475172,4,3,1
triplet,"[0,2,6]",510510,9699690,19,26,25,20,0000000000010000110000000,46,0.0005406358347534819,6,5,1
triplet,"[0,2,6]",510510,9699690,19,26,25,20,0000000000010000110001000,29,0.000340835634953282,7,6,1
triplet,"[0,2,6]",510510,9699690,19,26,25,20,0000000100000000000000000,40,0.00047011811717694073,2,1,1
triplet,"[0,2,6]",510510,9699690,19,26,25,20,0000000100000000000001000,62,0.0007286830816242581,3,2,1
triplet,"[0,2,6]",510510,9699690,19,26,25,20,0000000100000000010000000,27,0.000317329729094435,3,2,1
triplet,"[0,2,6]",510510,9699690,19,26,25,20,0000000100000000010001000,41,0.0004818710701063642,4,3,1
triplet,"[0,2,6]",510510,9699690,19,26,25,20,0000000100000000100000000,19,0.00022330610565904683,3,2,1
triplet,"[0,2,6]",510510,9699690,19,26,25,20,0000000100000000100001000,22,0.0002585649644473174,4,3,1
triplet,"[0,2,6]",510510,9699690,19,26,25,20,0000000100000000110000000,35,0.00041135335252982314,5,4,1
triplet,"[0,2,6]",510510,9699690,19,26,25,20,0000000100000000110001000,55,0.0006464124111182935,6,5,1
triplet,"[0,2,6]",510510,9699690,19,26,25,20,0000000100010000000000000,76,0.0008932244226361873,3,2,1
triplet,"[0,2,6]",510510,9699690,19,26,25,20,0000000100010000000001000,62,0.0007286830816242581,4,3,1
triplet,"[0,2,6]",510510,9699690,19,26,25,20,0000000100010000010000000,26,0.00030557677616501144,5,4,1
triplet,"[0,2,6]",510510,9699690,19,26,25,20,0000000100010000010001000,28,0.00032908268202385847,6,5,1
triplet,"[0,2,6]",510510,9699690,19,26,25,20,0000000100010000100000000,55,0.0006464124111182935,4,3,1
triplet,"[0,2,6]",510510,9699690,19,26,25,20,0000000100010000100001000,22,0.0002585649644473174,5,4,1
triplet,"[0,2,6]",510510,9699690,19,26,25,20,0000000100010000110000000,50,0.0005876476464711759,7,6,1
triplet,"[0,2,6]",510510,9699690,19,26,25,20,0000000100010000110001000,20,0.00023505905858847037,8,7,1
triplet,"[0,2,6]",510510,9699690,19,26,25,20,0010000000000000000000000,57,0.0006699183169771405,2,1,1
triplet,"[0,2,6]",510510,9699690,19,26,25,20,0010000000000000000001000,35,0.00041135335252982314,2,1,1
triplet,"[0,2,6]",510510,9699690,19,26,25,20,0010000000000000010000000,43,0.0005053769759652113,3,2,1
triplet,"[0,2,6]",510510,9699690,19,26,25,20,0010000000000000010001000,35,0.00041135335252982314,3,2,1
triplet,"[0,2,6]",510510,9699690,19,26,25,20,0010000000000000100000000,57,0.0006699183169771405,3,2,1
triplet,"[0,2,6]",510510,9699690,19,26,25,20,0010000000000000100001000,37,0.00043485925838867017,3,2,1
triplet,"[0,2,6]",510510,9699690,19,26,25,20,0010000000000000110000000,86,0.0010107539519304226,5,4,1
triplet,"[0,2,6]",510510,9699690,19,26,25,20,0010000000000000110001000,39,0.0004583651642475172,5,4,1
triplet,"[0,2,6]",510510,9699690,19,26,25,20,0010000000010000000000000,45,0.0005288828818240583,3,2,1
triplet,"[0,2,6]",510510,9699690,19,26,25,20,0010000000010000000001000,15,0.00017629429394135277,3,2,1
triplet,"[0,2,6]",510510,9699690,19,26,25,20,0010000000010000010000000,29,0.000340835634953282,5,4,1
triplet,"[0,2,6]",510510,9699690,19,26,25,20,0010000000010000010001000,15,0.00017629429394135277,5,4,1
triplet,"[0,2,6]",510510,9699690,19,26,25,20,0010000000010000100000000,57,0.0006699183169771405,4,3,1
triplet,"[0,2,6]",510510,9699690,19,26,25,20,0010000000010000100001000,55,0.0006464124111182935,4,3,1
triplet,"[0,2,6]",510510,9699690,19,26,25,20,0010000000010000110000000,20,0.00023505905858847037,7,6,1
triplet,"[0,2,6]",510510,9699690,19,26,25,20,0010000000010000110001000,15,0.00017629429394135277,7,6,1
triplet,"[0,2,6]",510510,9699690,19,26,25,20,0010000100000000000000000,59,0.0006934242228359875,3,2,1
triplet,"[0,2,6]",510510,9699690,19,26,25,20,0010000100000000000001000,44,0.0005171299288946348,3,2,1
triplet,"[0,2,6]",510510,9699690,19,26,25,20,0010000100000000010000000,26,0.00030557677616501144,4,3,1
triplet,"[0,2,6]",510510,9699690,19,26,25,20,0010000100000000010001000,42,0.0004936240230357877,4,3,1
triplet,"[0,2,6]",510510,9699690,19,26,25,20,0010000100000000100000000,24,0.0002820708703061644,4,3,1
triplet,"[0,2,6]",510510,9699690,19,26,25,20,0010000100000000100001000,40,0.00047011811717694073,4,3,1
triplet,"[0,2,6]",510510,9699690,19,26,25,20,0010000100000000110000000,26,0.00030557677616501144,6,5,1
triplet,"[0,2,6]",510510,9699690,19,26,25,20,0010000100000000110001000,30,0.00035258858788270555,6,5,1
triplet,"[0,2,6]",510510,9699690,19,26,25,20,0010000100010000000000000,55,0.0006464124111182935,4,3,1
triplet,"[0,2,6]",510510,9699690,19,26,25,20,0010000100010000000001000,36,0.0004231063054592466,4,3,1
triplet,"[0,2,6]",510510,9699690,19,26,25,20,0010000100010000010000000,32,0.0003760944937415526,6,5,1
triplet,"[0,2,6]",510510,9699690,19,26,25,20,0010000100010000010001000,24,0.0002820708703061644,6,5,1
triplet,"[0,2,6]",510510,9699690,19,26,25,20,0010000100010000100000000,42,0.0004936240230357877,5,4,1
triplet,"[0,2,6]",510510,9699690,19,26,25,21,0000000000000000000010000,45,0.0005288828818240583,2,1,1
triplet,"[0,2,6]",510510,9699690,19,26,25,21,0000000000000000100000000,36,0.0004231063054592466,2,1,1
triplet,"[0,2,6]",510510,9699690,19,26,25,21,0000000000000000100010000,54,0.00063465945818887,3,2,1
triplet,"[0,2,6]",510510,9699690,19,26,25,21,0000000000000001000000000,20,0.00023505905858847037,2,1,1
triplet,"[0,2,6]",510510,9699690,19,26,25,21,0000000000000001000010000,25,0.00029382382323558796,3,2,1
triplet,"[0,2,6]",510510,9699690,19,26,25,21,0000000000000001100000000,73,0.0008579655638479167,4,3,1
triplet,"[0,2,6]",510510,9699690,19,26,25,21,0000000000000001100010000,52,0.0006111535523300229,5,4,1
triplet,"[0,2,6]",510510,9699690,19,26,25,21,0000000000100000000000000,58,0.000681671269906564,2,1,1
triplet,"[0,2,6]",510510,9699690,19,26,25,21,0000000000100000000010000,53,0.0006229065052594465,3,2,1
triplet,"[0,2,6]",510510,9699690,19,26,25,21,0000000000100000100000000,37,0.00043485925838867017,4,3,1
triplet,"[0,2,6]",510510,9699690,19,26,25,21,0000000000100000100010000,49,0.0005758946935417523,5,4,1
triplet,"[0,2,6]",510510,9699690,19,26,25,21,0000000000100001000000000,30,0.00035258858788270555,3,2,1
triplet,"[0,2,6]",510510,9699690,19,26,25,21,0000000000100001000010000,39,0.0004583651642475172,4,3,1
triplet,"[0,2,6]",510510,9699690,19,26,25,21,0000000000100001100000000,46,0.0005406358347534819,6,5,1
triplet,"[0,2,6]",510510,9699690,19,26,25,21,0000000000100001100010000,29,0.000340835634953282,7,6,1
triplet,"[0,2,6]",510510,9699690,19,26,25,21,0000001000000000000000000,40,0.00047011811717694073,2,1,1
triplet,"[0,2,6]",510510,9699690,19,26,25,21,0000001000000000000010000,62,0.0007286830816242581,3,2,1
triplet,"[0,2,6]",510510,9699690,19,26,25,21,0000001000000000100000000,27,0.000317329729094435,3,2,1
triplet,"[0,2,6]",510510,9699690,19,26,25,21,0000001000000000100010000,41,0.0004818710701063642,4,3,1
triplet,"[0,2,6]",510510,9699690,19,26,25,21,0000001000000001000000000,19,0.00022330610565904683,3,2,1
triplet,"[0,2,6]",510510,9699690,19,26,25,21,0000001000000001000010000,22,0.0002585649644473174,4,3,1
triplet,"[0,2,6]",510510,9699690,19,26,25,21,0000001000000001100000000,35,0.00041135335252982314,5,4,1
triplet,"[0,2,6]",510510,9699690,19,26,25,21,0000001000000001100010000,55,0.0006464124111182935,6,5,1
triplet,"[0,2,6]",510510,9699690,19,26,25,21,0000001000100000000000000,76,0.0008932244226361873,3,2,1
triplet,"[0,2,6]",510510,9699690,19,26,25,21,0000001000100000000010000,62,0.0007286830816242581,4,3,1
triplet,"[0,2,6]",510510,9699690,19,26,25,21,0000001000100000100000000,26,0.00030557677616501144,5,4,1
triplet,"[0,2,6]",510510,9699690,19,26,25,21,0000001000100000100010000,28,0.00032908268202385847,6,5,1
triplet,"[0,2,6]",510510,9699690,19,26,25,21,0000001000100001000000000,55,0.0006464124111182935,4,3,1
triplet,"[0,2,6]",510510,9699690,19,26,25,21,0000001000100001000010000,22,0.0002585649644473174,5,4,1
triplet,"[0,2,6]",510510,9699690,19,26,25,21,0000001000100001100000000,50,0.0005876476464711759,7,6,1
triplet,"[0,2,6]",510510,9699690,19,26,25,21,0000001000100001100010000,20,0.00023505905858847037,8,7,1
triplet,"[0,2,6]",510510,9699690,19,26,25,21,0100000000000000000000000,57,0.0006699183169771405,2,1,1
triplet,"[0,2,6]",510510,9699690,19,26,25,21,0100000000000000000010000,35,0.00041135335252982314,2,1,1
triplet,"[0,2,6]",510510,9699690,19,26,25,21,0100000000000000100000000,43,0.0005053769759652113,3,2,1
triplet,"[0,2,6]",510510,9699690,19,26,25,21,0100000000000000100010000,35,0.00041135335252982314,3,2,1
triplet,"[0,2,6]",510510,9699690,19,26,25,21,0100000000000001000000000,57,0.0006699183169771405,3,2,1
triplet,"[0,2,6]",510510,9699690,19,26,25,21,0100000000000001000010000,37,0.00043485925838867017,3,2,1
triplet,"[0,2,6]",510510,9699690,19,26,25,21,0100000000000001100000000,86,0.0010107539519304226,5,4,1
triplet,"[0,2,6]",510510,9699690,19,26,25,21,0100000000000001100010000,39,0.0004583651642475172,5,4,1
triplet,"[0,2,6]",510510,9699690,19,26,25,21,0100000000100000000000000,45,0.0005288828818240583,3,2,1
triplet,"[0,2,6]",510510,9699690,19,26,25,21,0100000000100000000010000,15,0.00017629429394135277,3,2,1
triplet,"[0,2,6]",510510,9699690,19,26,25,21,0100000000100000100000000,29,0.000340835634953282,5,4,1
triplet,"[0,2,6]",510510,9699690,19,26,25,21,0100000000100000100010000,15,0.00017629429394135277,5,4,1
triplet,"[0,2,6]",510510,9699690,19,26,25,21,0100000000100001000000000,57,0.0006699183169771405,4,3,1
triplet,"[0,2,6]",510510,9699690,19,26,25,21,0100000000100001000010000,55,0.0006464124111182935,4,3,1
triplet,"[0,2,6]",510510,9699690,19,26,25,21,0100000000100001100000000,20,0.00023505905858847037,7,6,1
triplet,"[0,2,6]",510510,9699690,19,26,25,21,0100000000100001100010000,15,0.00017629429394135277,7,6,1
triplet,"[0,2,6]",510510,9699690,19,26,25,21,0100001000000000000000000,59,0.0006934242228359875,3,2,1
triplet,"[0,2,6]",510510,9699690,19,26,25,21,0100001000000000000010000,44,0.0005171299288946348,3,2,1
triplet,"[0,2,6]",510510,9699690,19,26,25,21,0100001000000000100000000,26,0.00030557677616501144,4,3,1
triplet,"[0,2,6]",510510,9699690,19,26,25,21,0100001000000000100010000,42,0.0004936240230357877,4,3,1
triplet,"[0,2,6]",510510,9699690,19,26,25,21,0100001000000001000000000,24,0.0002820708703061644,4,3,1
triplet,"[0,2,6]",510510,9699690,19,26,25,21,0100001000000001000010000,40,0.00047011811717694073,4,3,1
triplet,"[0,2,6]",510510,9699690,19,26,25,21,0100001000000001100000000,26,0.00030557677616501144,6,5,1
triplet,"[0,2,6]",510510,9699690,19,26,25,21,0100001000000001100010000,30,0.00035258858788270555,6,5,1
triplet,"[0,2,6]",510510,9699690,19,26,25,21,0100001000100000000000000,55,0.0006464124111182935,4,3,1
triplet,"[0,2,6]",510510,9699690,19,26,25,21,0100001000100000000010000,36,0.0004231063054592466,4,3,1
triplet,"[0,2,6]",510510,9699690,19,26,25,21,0100001000100000100000000,32,0.0003760944937415526,6,5,1
triplet,"[0,2,6]",510510,9699690,19,26,25,21,0100001000100000100010000,24,0.0002820708703061644,6,5,1
triplet,"[0,2,6]",510510,9699690,19,26,25,21,0100001000100001000000000,42,0.0004936240230357877,5,4,1
triplet,"[0,2,6]",510510,9699690,19,26,25,22,0000000000000000000100000,45,0.0005288828818240583,2,1,1
triplet,"[0,2,6]",510510,9699690,19,26,25,22,0000000000000001000000000,36,0.0004231063054592466,2,1,1
triplet,"[0,2,6]",510510,9699690,19,26,25,22,0000000000000001000100000,54,0.00063465945818887,3,2,1
triplet,"[0,2,6]",510510,9699690,19,26,25,22,0000000000000010000000000,20,0.00023505905858847037,2,1,1
triplet,"[0,2,6]",510510,9699690,19,26,25,22,0000000000000010000100000,25,0.00029382382323558796,3,2,1
triplet,"[0,2,6]",510510,9699690,19,26,25,22,0000000000000011000000000,73,0.0008579655638479167,4,3,1
triplet,"[0,2,6]",510510,9699690,19,26,25,22,0000000000000011000100000,52,0.0006111535523300229,5,4,1
triplet,"[0,2,6]",510510,9699690,19,26,25,22,0000000001000000000000000,58,0.000681671269906564,2,1,1
triplet,"[0,2,6]",510510,9699690,19,26,25,22,0000000001000000000100000,53,0.0006229065052594465,3,2,1
triplet,"[0,2,6]",510510,9699690,19,26,25,22,0000000001000001000000000,37,0.00043485925838867017,4,3,1
triplet,"[0,2,6]",510510,9699690,19,26,25,22,0000000001000001000100000,49,0.0005758946935417523,5,4,1
triplet,"[0,2,6]",510510,9699690,19,26,25,22,0000000001000010000000000,30,0.00035258858788270555,3,2,1
triplet,"[0,2,6]",510510,9699690,19,26,25,22,0000000001000010000100000,39,0.0004583651642475172,4,3,1
triplet,"[0,2,6]",510510,9699690,19,26,25,22,0000000001000011000000000,46,0.0005406358347534819,6,5,1
triplet,"[0,2,6]",510510,9699690,19,26,25,22,0000000001000011000100000,29,0.000340835634953282,7,6,1
triplet,"[0,2,6]",510510,9699690,19,26,25,22,0000010000000000000000000,40,0.00047011811717694073,2,1,1
triplet,"[0,2,6]",510510,9699690,19,26,25,22,0000010000000000000100000,62,0.0007286830816242581,3,2,1
triplet,"[0,2,6]",510510,9699690,19,26,25,22,0000010000000001000000000,27,0.000317329729094435,3,2,1
triplet,"[0,2,6]",510510,9699690,19,26,25,22,0000010000000001000100000,41,0.0004818710701063642,4,3,1
triplet,"[0,2,6]",510510,9699690,19,26,25,22,0000010000000010000000000,19,0.00022330610565904683,3,2,1
triplet,"[0,2,6]",510510,9699690,19,26,25,22,0000010000000010000100000,22,0.0002585649644473174,4,3,1
triplet,"[0,2,6]",510510,9699690,19,26,25,22,0000010000000011000000000,35,0.00041135335252982314,5,4,1
triplet,"[0,2,6]",510510,9699690,19,26,25,22,0000010000000011000100000,55,0.0006464124111182935,6,5,1
triplet,"[0,2,6]",510510,9699690,19,26,25,22,0000010001000000000000000,76,0.0008932244226361873,3,2,1
triplet,"[0,2,6]",510510,9699690,19,26,25,22,0000010001000000000100000,62,0.0007286830816242581,4,3,1
triplet,"[0,2,6]",510510,9699690,19,26,25,22,0000010001000001000000000,26,0.00030557677616501144,5,4,1
triplet,"[0,2,6]",510510,9699690,19,26,25,22,0000010001000001000100000,28,0.00032908268202385847,6,5,1
triplet,"[0,2,6]",510510,9699690,19,26,25,22,0000010001000010000000000,55,0.0006464124111182935,4,3,1
triplet,"[0,2,6]",510510,9699690,19,26,25,22,0000010001000010000100000,22,0.0002585649644473174,5,4,1
triplet,"[0,2,6]",510510,9699690,19,26,25,22,0000010001000011000000000,50,0.0005876476464711759,7,6,1
triplet,"[0,2,6]",510510,9699690,19,26,25,22,0000010001000011000100000,20,0.00023505905858847037,8,7,1
triplet,"[0,2,6]",510510,9699690,19,26,25,22,1000000000000000000000000,57,0.0006699183169771405,2,1,1
triplet,"[0,2,6]",510510,9699690,19,26,25,22,1000000000000000000100000,35,0.00041135335252982314,2,1,1
triplet,"[0,2,6]",510510,9699690,19,26,25,22,1000000000000001000000000,43,0.0005053769759652113,3,2,1
triplet,"[0,2,6]",510510,9699690,19,26,25,22,1000000000000001000100000,35,0.00041135335252982314,3,2,1
triplet,"[0,2,6]",510510,9699690,19,26,25,22,1000000000000010000000000,57,0.0006699183169771405,3,2,1
triplet,"[0,2,6]",510510,9699690,19,26,25,22,1000000000000010000100000,37,0.00043485925838867017,3,2,1
triplet,"[0,2,6]",510510,9699690,19,26,25,22,1000000000000011000000000,86,0.0010107539519304226,5,4,1
triplet,"[0,2,6]",510510,9699690,19,26,25,22,1000000000000011000100000,39,0.0004583651642475172,5,4,1
triplet,"[0,2,6]",510510,9699690,19,26,25,22,1000000001000000000000000,45,0.0005288828818240583,3,2,1
triplet,"[0,2,6]",510510,9699690,19,26,25,22,1000000001000000000100000,15,0.00017629429394135277,3,2,1
triplet,"[0,2,6]",510510,9699690,19,26,25,22,1000000001000001000000000,29,0.000340835634953282,5,4,1
triplet,"[0,2,6]",510510,9699690,19,26,25,22,1000000001000001000100000,15,0.00017629429394135277,5,4,1
triplet,"[0,2,6]",510510,9699690,19,26,25,22,1000000001000010000000000,57,0.0006699183169771405,4,3,1
triplet,"[0,2,6]",510510,9699690,19,26,25,22,1000000001000010000100000,55,0.0006464124111182935,4,3,1
triplet,"[0,2,6]",510510,9699690,19,26,25,22,1000000001000011000000000,20,0.00023505905858847037,7,6,1
triplet,"[0,2,6]",510510,9699690,19,26,25,22,1000000001000011000100000,15,0.00017629429394135277,7,6,1
triplet,"[0,2,6]",510510,9699690,19,26,25,22,1000010000000000000000000,59,0.0006934242228359875,3,2,1
triplet,"[0,2,6]",510510,9699690,19,26,25,22,1000010000000000000100000,44,0.0005171299288946348,3,2,1
triplet,"[0,2,6]",510510,9699690,19,26,25,22,1000010000000001000000000,26,0.00030557677616501144,4,3,1
triplet,"[0,2,6]",510510,9699690,19,26,25,22,1000010000000001000100000,42,0.0004936240230357877,4,3,1
triplet,"[0,2,6]",510510,9699690,19,26,25,22,1000010000000010000000000,24,0.0002820708703061644,4,3,1
triplet,"[0,2,6]",510510,9699690,19,26,25,22,1000010000000010000100000,40,0.00047011811717694073,4,3,1
triplet,"[0,2,6]",510510,9699690,19,26,25,22,1000010000000011000000000,26,0.00030557677616501144,6,5,1
triplet,"[0,2,6]",510510,9699690,19,26,25,22,1000010000000011000100000,30,0.00035258858788270555,6,5,1
triplet,"[0,2,6]",510510,9699690,19,26,25,22,1000010001000000000000000,55,0.0006464124111182935,4,3,1
triplet,"[0,2,6]",510510,9699690,19,26,25,22,1000010001000000000100000,36,0.0004231063054592466,4,3,1
triplet,"[0,2,6]",510510,9699690,19,26,25,22,1000010001000001000000000,32,0.0003760944937415526,6,5,1
triplet,"[0,2,6]",510510,9699690,19,26,25,22,1000010001000001000100000,24,0.0002820708703061644,6,5,1
triplet,"[0,2,6]",510510,9699690,19,26,25,22,1000010001000010000000000,42,0.0004936240230357877,5,4,1
triplet,"[0,2,6]",510510,9699690,19,26,25,23,0000000000000000001000000,80,0.0009402362343538815,2,1,1
triplet,"[0,2,6]",510510,9699690,19,26,25,23,0000000000000010000000000,79,0.0009284832814244579,2,1,1
triplet,"[0,2,6]",510510,9699690,19,26,25,23,0000000000000010001000000,89,0.0010460128107186932,3,2,1
triplet,"[0,2,6]",510510,9699690,19,26,25,23,0000000000000100000000000,77,0.0009049773755656109,2,1,1
triplet,"[0,2,6]",510510,9699690,19,26,25,23,0000000000000100001000000,62,0.0007286830816242581,3,2,1
triplet,"[0,2,6]",510510,9699690,19,26,25,23,0000000000000110000000000,159,0.0018687195157783393,4,3,1
triplet,"[0,2,6]",510510,9699690,19,26,25,23,0000000000000110001000000,91,0.0010695187165775401,5,4,1
triplet,"[0,2,6]",510510,9699690,19,26,25,23,0000000010000000000000000,103,0.0012105541517306224,2,1,1
triplet,"[0,2,6]",510510,9699690,19,26,25,23,0000000010000000001000000,68,0.0007992007992007992,3,2,1
triplet,"[0,2,6]",510510,9699690,19,26,25,23,0000000010000010000000000,66,0.0007756948933419521,4,3,1
triplet,"[0,2,6]",510510,9699690,19,26,25,23,0000000010000010001000000,64,0.0007521889874831051,5,4,1
triplet,"[0,2,6]",510510,9699690,19,26,25,23,0000000010000100000000000,87,0.001022506904859846,3,2,1
triplet,"[0,2,6]",510510,9699690,19,26,25,23,0000000010000100001000000,94,0.0011047775753658107,4,3,1
triplet,"[0,2,6]",510510,9699690,19,26,25,23,0000000010000110000000000,66,0.0007756948933419521,6,5,1
triplet,"[0,2,6]",510510,9699690,19,26,25,23,0000000010000110001000000,44,0.0005171299288946348,7,6,1
triplet,"[0,2,6]",510510,9699690,19,26,25,23,0000100000000000000000000,99,0.0011635423400129282,2,1,1
triplet,"[0,2,6]",510510,9699690,19,26,25,23,0000100000000000001000000,106,0.001245813010518893,3,2,1
triplet,"[0,2,6]",510510,9699690,19,26,25,23,0000100000000010000000000,53,0.0006229065052594465,3,2,1
triplet,"[0,2,6]",510510,9699690,19,26,25,23,0000100000000010001000000,83,0.0009754950931421519,4,3,1
triplet,"[0,2,6]",510510,9699690,19,26,25,23,0000100000000100000000000,43,0.0005053769759652113,3,2,1
triplet,"[0,2,6]",510510,9699690,19,26,25,23,0000100000000100001000000,62,0.0007286830816242581,4,3,1
triplet,"[0,2,6]",510510,9699690,19,26,25,23,0000100000000110000000000,61,0.0007169301286948346,5,4,1
triplet,"[0,2,6]",510510,9699690,19,26,25,23,0000100000000110001000000,85,0.000999000999000999,6,5,1
triplet,"[0,2,6]",510510,9699690,19,26,25,23,0000100010000000000000000,131,0.0015396368337544809,3,2,1
triplet,"[0,2,6]",510510,9699690,19,26,25,23,0000100010000000001000000,98,0.0011517893870835046,4,3,1
triplet,"[0,2,6]",510510,9699690,19,26,25,23,0000100010000010000000000,58,0.000681671269906564,5,4,1
triplet,"[0,2,6]",510510,9699690,19,26,25,23,0000100010000010001000000,52,0.0006111535523300229,6,5,1
triplet,"[0,2,6]",510510,9699690,19,26,25,23,0000100010000100000000000,97,0.0011400364341540813,4,3,1
triplet,"[0,2,6]",510510,9699690,19,26,25,23,0000100010000100001000000,22,0.0002585649644473174,5,4,1
triplet,"[0,2,6]",510510,9699690,19,26,25,23,0000100010000110000000000,50,0.0005876476464711759,7,6,1
triplet,"[0,2,6]",510510,9699690,19,26,25,23,0000100010000110001000000,20,0.00023505905858847037,8,7,1
triplet,"[0,2,6]",510510,9699690,19,26,25,24,0000000000000000010000000,80,0.0009402362343538815,2,1,1
triplet,"[0,2,6]",510510,9699690,19,26,25,24,0000000000000100000000000,79,0.0009284832814244579,2,1,1
triplet,"[0,2,6]",510510,9699690,19,26,25,24,0000000000000100010000000,89,0.0010460128107186932,3,2,1
triplet,"[0,2,6]",510510,9699690,19,26,25,24,0000000000001000000000000,77,0.0009049773755656109,2,1,1
triplet,"[0,2,6]",510510,9699690,19,26,25,24,0000000000001000010000000,62,0.0007286830816242581,3,2,1
triplet,"[0,2,6]",510510,9699690,19,26,25,24,0000000000001100000000000,159,0.0018687195157783393,4,3,1
triplet,"[0,2,6]",510510,9699690,19,26,25,24,0000000000001100010000000,91,0.0010695187165775401,5,4,1
triplet,"[0,2,6]",510510,9699690,19,26,25,24,0000000100000000000000000,103,0.0012105541517306224,2,1,1
triplet,"[0,2,6]",510510,9699690,19,26,25,24,0000000100000000010000000,68,0.0007992007992007992,3,2,1
triplet,"[0,2,6]",510510,9699690,19,26,25,24,0000000100000100000000000,66,0.0007756948933419521,4,3,1
triplet,"[0,2,6]",510510,9699690,19,26,25,24,0000000100000100010000000,64,0.0007521889874831051,5,4,1
triplet,"[0,2,6]",510510,9699690,19,26,25,24,0000000100001000000000000,87,0.001022506904859846,3,2,1
triplet,"[0,2,6]",510510,9699690,19,26,25,24,0000000100001000010000000,94,0.0011047775753658107,4,3,1
triplet,"[0,2,6]",510510,9699690,19,26,25,24,0000000100001100000000000,66,0.0007756948933419521,6,5,1
triplet,"[0,2,6]",510510,9699690,19,26,25,24,0000000100001100010000000,44,0.0005171299288946348,7,6,1
triplet,"[0,2,6]",510510,9699690,19,26,25,24,0001000000000000000000000,99,0.0011635423400129282,2,1,1
triplet,"[0,2,6]",510510,9699690,19,26,25,24,0001000000000000010000000,106,0.001245813010518893,3,2,1
triplet,"[0,2,6]",510510,9699690,19,26,25,24,0001000000000100000000000,53,0.0006229065052594465,3,2,1
triplet,"[0,2,6]",510510,9699690,19,26,25,24,0001000000000100010000000,83,0.0009754950931421519,4,3,1
triplet,"[0,2,6]",510510,9699690,19,26,25,24,0001000000001000000000000,43,0.0005053769759652113,3,2,1
triplet,"[0,2,6]",510510,9699690,19,26,25,24,0001000000001000010000000,62,0.0007286830816242581,4,3,1
triplet,"[0,2,6]",510510,9699690,19,26,25,24,0001000000001100000000000,61,0.0007169301286948346,5,4,1
triplet,"[0,2,6]",510510,9699690,19,26,25,24,0001000000001100010000000,85,0.000999000999000999,6,5,1
triplet,"[0,2,6]",510510,9699690,19,26,25,24,0001000100000000000000000,131,0.0015396368337544809,3,2,1
triplet,"[0,2,6]",510510,9699690,19,26,25,24,0001000100000000010000000,98,0.0011517893870835046,4,3,1
triplet,"[0,2,6]",510510,9699690,19,26,25,24,0001000100000100000000000,58,0.000681671269906564,5,4,1
triplet,"[0,2,6]",510510,9699690,19,26,25,24,0001000100000100010000000,52,0.0006111535523300229,6,5,1
triplet,"[0,2,6]",510510,9699690,19,26,25,24,0001000100001000000000000,97,0.0011400364341540813,4,3,1
triplet,"[0,2,6]",510510,9699690,19,26,25,24,0001000100001000010000000,22,0.0002585649644473174,5,4,1
triplet,"[0,2,6]",510510,9699690,19,26,25,24,0001000100001100000000000,50,0.0005876476464711759,7,6,1
triplet,"[0,2,6]",510510,9699690,19,26,25,24,0001000100001100010000000,20,0.00023505905858847037,8,7,1
triplet,"[0,2,6]",510510,9699690,19,26,25,25,0000000000000000100000000,80,0.0009402362343538815,2,1,1
triplet,"[0,2,6]",510510,9699690,19,26,25,25,0000000000001000000000000,79,0.0009284832814244579,2,1,1
triplet,"[0,2,6]",510510,9699690,19,26,25,25,0000000000001000100000000,89,0.0010460128107186932,3,2,1
triplet,"[0,2,6]",510510,9699690,19,26,25,25,0000000000010000000000000,77,0.0009049773755656109,2,1,1
triplet,"[0,2,6]",510510,9699690,19,26,25,25,0000000000010000100000000,62,0.0007286830816242581,3,2,1
triplet,"[0,2,6]",510510,9699690,19,26,25,25,0000000000011000000000000,159,0.0018687195157783393,4,3,1
triplet,"[0,2,6]",510510,9699690,19,26,25,25,0000000000011000100000000,91,0.0010695187165775401,5,4,1
triplet,"[0,2,6]",510510,9699690,19,26,25,25,0000001000000000000000000,103,0.0012105541517306224,2,1,1
triplet,"[0,2,6]",510510,9699690,19,26,25,25,0000001000000000100000000,68,0.0007992007992007992,3,2,1
triplet,"[0,2,6]",510510,9699690,19,26,25,25,0000001000001000000000000,66,0.0007756948933419521,4,3,1
triplet,"[0,2,6]",510510,9699690,19,26,25,25,0000001000001000100000000,64,0.0007521889874831051,5,4,1
triplet,"[0,2,6]",510510,9699690,19,26,25,25,0000001000010000000000000,87,0.001022506904859846,3,2,1
triplet,"[0,2,6]",510510,9699690,19,26,25,25,0000001000010000100000000,94,0.0011047775753658107,4,3,1
triplet,"[0,2,6]",510510,9699690,19,26,25,25,0000001000011000000000000,66,0.0007756948933419521,6,5,1
triplet,"[0,2,6]",510510,9699690,19,26,25,25,0000001000011000100000000,44,0.0005171299288946348,7,6,1
triplet,"[0,2,6]",510510,9699690,19,26,25,25,0010000000000000000000000,99,0.0011635423400129282,2,1,1
triplet,"[0,2,6]",510510,9699690,19,26,25,25,0010000000000000100000000,106,0.001245813010518893,3,2,1
triplet,"[0,2,6]",510510,9699690,19,26,25,25,0010000000001000000000000,53,0.0006229065052594465,3,2,1
triplet,"[0,2,6]",510510,9699690,19,26,25,25,0010000000001000100000000,83,0.0009754950931421519,4,3,1
triplet,"[0,2,6]",510510,9699690,19,26,25,25,0010000000010000000000000,43,0.0005053769759652113,3,2,1
triplet,"[0,2,6]",510510,9699690,19,26,25,25,0010000000010000100000000,62,0.0007286830816242581,4,3,1
triplet,"[0,2,6]",510510,9699690,19,26,25,25,0010000000011000000000000,61,0.0007169301286948346,5,4,1
triplet,"[0,2,6]",510510,9699690,19,26,25,25,0010000000011000100000000,85,0.000999000999000999,6,5,1
triplet,"[0,2,6]",510510,9699690,19,26,25,25,0010001000000000000000000,131,0.0015396368337544809,3,2,1
triplet,"[0,2,6]",510510,9699690,19,26,25,25,0010001000000000100000000,98,0.0011517893870835046,4,3,1
triplet,"[0,2,6]",510510,9699690,19,26,25,25,0010001000001000000000000,58,0.000681671269906564,5,4,1
triplet,"[0,2,6]",510510,9699690,19,26,25,25,0010001000001000100000000,52,0.0006111535523300229,6,5,1
triplet,"[0,2,6]",510510,9699690,19,26,25,25,0010001000010000000000000,97,0.0011400364341540813,4,3,1
triplet,"[0,2,6]",510510,9699690,19,26,25,25,0010001000010000100000000,22,0.0002585649644473174,5,4,1
triplet,"[0,2,6]",510510,9699690,19,26,25,25,0010001000011000000000000,50,0.0005876476464711759,7,6,1
triplet,"[0,2,6]",510510,9699690,19,26,25,25,0010001000011000100000000,20,0.00023505905858847037,8,7,1
triplet,"[0,2,6]",510510,9699690,19,26,25,26,0000000000000000000000000,82,0.0009637421402127284,2,1,1
triplet,"[0,2,6]",510510,9699690,19,26,25,26,0000000000000001000000000,80,0.0009402362343538815,4,3,1
triplet,"[0,2,6]",510510,9699690,19,26,25,26,0000000000010000000000000,79,0.0009284832814244579,4,3,1
triplet,"[0,2,6]",510510,9699690,19,26,25,26,0000000000010001000000000,89,0.0010460128107186932,6,5,1
triplet,"[0,2,6]",510510,9699690,19,26,25,26,0000000000100000000000000,77,0.0009049773755656109,4,3,1
triplet,"[0,2,6]",510510,9699690,19,26,25,26,0000000000100001000000000,62,0.0007286830816242581,6,5,1
triplet,"[0,2,6]",510510,9699690,19,26,25,26,0000000000110000000000000,159,0.0018687195157783393,8,7,1
triplet,"[0,2,6]",510510,9699690,19,26,25,26,0000000000110001000000000,91,0.0010695187165775401,10,9,1
triplet,"[0,2,6]",510510,9699690,19,26,25,26,0000010000000000000000000,103,0.0012105541517306224,4,3,1
triplet,"[0,2,6]",510510,9699690,19,26,25,26,0000010000000001000000000,68,0.0007992007992007992,6,5,1
triplet,"[0,2,6]",510510,9699690,19,26,25,26,0000010000010000000000000,66,0.0007756948933419521,8,7,1
triplet,"[0,2,6]",510510,9699690,19,26,25,26,0000010000010001000000000,64,0.0007521889874831051,10,9,1
triplet,"[0,2,6]",510510,9699690,19,26,25,26,0000010000100000000000000,87,0.001022506904859846,6,5,1
triplet,"[0,2,6]",510510,9699690,19,26,25,26,0000010000100001000000000,94,0.0011047775753658107,8,7,1
triplet,"[0,2,6]",510510,9699690,19,26,25,26,0000010000110000000000000,66,0.0007756948933419521,12,11,1
triplet,"[0,2,6]",510510,9699690,19,26,25,26,0000010000110001000000000,44,0.0005171299288946348,14,13,1
triplet,"[0,2,6]",510510,9699690,19,26,25,26,0100000000000000000000000,99,0.0011635423400129282,4,3,1
triplet,"[0,2,6]",510510,9699690,19,26,25,26,0100000000000001000000000,106,0.001245813010518893,6,5,1
triplet,"[0,2,6]",510510,9699690,19,26,25,26,0100000000010000000000000,53,0.0006229065052594465,6,5,1
triplet,"[0,2,6]",510510,9699690,19,26,25,26,0100000000010001000000000,83,0.0009754950931421519,8,7,1
triplet,"[0,2,6]",510510,9699690,19,26,25,26,0100000000100000000000000,43,0.0005053769759652113,6,5,1
triplet,"[0,2,6]",510510,9699690,19,26,25,26,0100000000100001000000000,62,0.0007286830816242581,8,7,1
triplet,"[0,2,6]",510510,9699690,19,26,25,26,0100000000110000000000000,61,0.0007169301286948346,10,9,1
triplet,"[0,2,6]",510510,9699690,19,26,25,26,0100000000110001000000000,85,0.000999000999000999,12,11,1
triplet,"[0,2,6]",510510,9699690,19,26,25,26,0100010000000000000000000,131,0.0015396368337544809,6,5,1
triplet,"[0,2,6]",510510,9699690,19,26,25,26,0100010000000001000000000,98,0.0011517893870835046,8,7,1
triplet,"[0,2,6]",510510,9699690,19,26,25,26,0100010000010000000000000,58,0.000681671269906564,10,9,1
triplet,"[0,2,6]",510510,9699690,19,26,25,26,0100010000010001000000000,52,0.0006111535523300229,12,11,1
triplet,"[0,2,6]",510510,9699690,19,26,25,26,0100010000100000000000000,97,0.0011400364341540813,8,7,1
triplet,"[0,2,6]",510510,9699690,19,26,25,26,0100010000100001000000000,22,0.0002585649644473174,5,4,1
triplet,"[0,2,6]",510510,9699690,19,26,25,26,0100010000110000000000000,50,0.0005876476464711759,14,13,1
triplet,"[0,2,6]",510510,9699690,19,26,25,26,0100010000110001000000000,20,0.00023505905858847037,8,7,1
triplet,"[0,2,6]",510510,9699690,19,26,25,27,0000000000000000000000000,20,0.00023505905858847037,2,1,1
triplet,"[0,2,6]",510510,9699690,19,26,25,27,0000000000000000000000001,62,0.0007286830816242581,4,3,1
triplet,"[0,2,6]",510510,9699690,19,26,25,27,0000000000000010000000000,18,0.0002115531527296233,4,3,1
triplet,"[0,2,6]",510510,9699690,19,26,25,27,0000000000000010000000001,62,0.0007286830816242581,6,5,1
triplet,"[0,2,6]",510510,9699690,19,26,25,27,0000000000100000000000000,16,0.0001880472468707763,4,3,1
triplet,"[0,2,6]",510510,9699690,19,26,25,27,0000000000100000000000001,63,0.0007404360345536817,6,5,1
triplet,"[0,2,6]",510510,9699690,19,26,25,27,0000000000100010000000000,37,0.00043485925838867017,6,5,1
triplet,"[0,2,6]",510510,9699690,19,26,25,27,0000000000100010000000001,52,0.0006111535523300229,8,7,1
triplet,"[0,2,6]",510510,9699690,19,26,25,27,0000000001000000000000000,40,0.00047011811717694073,2,1,1
triplet,"[0,2,6]",510510,9699690,19,26,25,27,0000000001000000000000001,37,0.00043485925838867017,6,5,1
triplet,"[0,2,6]",510510,9699690,19,26,25,27,0000000001000010000000000,22,0.0002585649644473174,6,5,1
triplet,"[0,2,6]",510510,9699690,19,26,25,27,0000000001000010000000001,40,0.00047011811717694073,8,7,1
triplet,"[0,2,6]",510510,9699690,19,26,25,27,0000000001100000000000000,55,0.0006464124111182935,8,7,1
triplet,"[0,2,6]",510510,9699690,19,26,25,27,0000000001100000000000001,104,0.0012223071046600458,10,9,1
triplet,"[0,2,6]",510510,9699690,19,26,25,27,0000000001100010000000000,41,0.0004818710701063642,10,9,1
triplet,"[0,2,6]",510510,9699690,19,26,25,27,0000000001100010000000001,50,0.0005876476464711759,12,11,1
triplet,"[0,2,6]",510510,9699690,19,26,25,27,0000100000000000000000000,40,0.00047011811717694073,4,3,1
triplet,"[0,2,6]",510510,9699690,19,26,25,27,0000100000000000000000001,63,0.0007404360345536817,8,7,1
triplet,"[0,2,6]",510510,9699690,19,26,25,27,0000100000000010000000000,32,0.0003760944937415526,6,5,1
triplet,"[0,2,6]",510510,9699690,19,26,25,27,0000100000000010000000001,36,0.0004231063054592466,10,9,1
triplet,"[0,2,6]",510510,9699690,19,26,25,27,0000100000100000000000000,31,0.00036434154081212903,8,7,1
triplet,"[0,2,6]",510510,9699690,19,26,25,27,0000100000100000000000001,35,0.00041135335252982314,12,11,1
triplet,"[0,2,6]",510510,9699690,19,26,25,27,0000100000100010000000000,44,0.0005171299288946348,10,9,1
triplet,"[0,2,6]",510510,9699690,19,26,25,27,0000100000100010000000001,20,0.00023505905858847037,14,13,1
triplet,"[0,2,6]",510510,9699690,19,26,25,27,0000100001000000000000000,52,0.0006111535523300229,6,5,1
triplet,"[0,2,6]",510510,9699690,19,26,25,27,0000100001000000000000001,35,0.00041135335252982314,10,9,1
triplet,"[0,2,6]",510510,9699690,19,26,25,27,0000100001000010000000000,62,0.0007286830816242581,8,7,1
triplet,"[0,2,6]",510510,9699690,19,26,25,27,0000100001000010000000001,32,0.0003760944937415526,12,11,1
triplet,"[0,2,6]",510510,9699690,19,26,25,27,0000100001100000000000000,32,0.0003760944937415526,12,11,1
triplet,"[0,2,6]",510510,9699690,19,26,25,27,0000100001100000000000001,34,0.0003996003996003996,16,15,1
triplet,"[0,2,6]",510510,9699690,19,26,25,27,0000100001100010000000000,34,0.0003996003996003996,14,13,1
triplet,"[0,2,6]",510510,9699690,19,26,25,27,0000100001100010000000001,10,0.00011752952929423518,18,17,1
triplet,"[0,2,6]",510510,9699690,19,26,25,27,1000000000000000000000000,46,0.0005406358347534819,4,3,1
triplet,"[0,2,6]",510510,9699690,19,26,25,27,1000000000000000000000001,53,0.0006229065052594465,6,5,1
triplet,"[0,2,6]",510510,9699690,19,26,25,27,1000000000000010000000000,54,0.00063465945818887,6,5,1
triplet,"[0,2,6]",510510,9699690,19,26,25,27,1000000000000010000000001,52,0.0006111535523300229,8,7,1
triplet,"[0,2,6]",510510,9699690,19,26,25,27,1000000000100000000000000,19,0.00022330610565904683,6,5,1
triplet,"[0,2,6]",510510,9699690,19,26,25,27,1000000000100000000000001,34,0.0003996003996003996,8,7,1
triplet,"[0,2,6]",510510,9699690,19,26,25,27,1000000000100010000000000,53,0.0006229065052594465,8,7,1
triplet,"[0,2,6]",510510,9699690,19,26,25,27,1000000000100010000000001,30,0.00035258858788270555,10,9,1
triplet,"[0,2,6]",510510,9699690,19,26,25,27,1000000001000000000000000,31,0.00036434154081212903,6,5,1
triplet,"[0,2,6]",510510,9699690,19,26,25,27,1000000001000000000000001,12,0.0001410354351530822,8,7,1
triplet,"[0,2,6]",510510,9699690,19,26,25,27,1000000001000010000000000,38,0.00044661221131809365,8,7,1
triplet,"[0,2,6]",510510,9699690,19,26,25,27,1000000001000010000000001,24,0.0002820708703061644,10,9,1
triplet,"[0,2,6]",510510,9699690,19,26,25,27,1000000001100000000000000,25,0.00029382382323558796,10,9,1
triplet,"[0,2,6]",510510,9699690,19,26,25,27,1000000001100000000000001,36,0.0004231063054592466,12,11,1
triplet,"[0,2,6]",510510,9699690,19,26,25,27,1000000001100010000000000,61,0.0007169301286948346,12,11,1
triplet,"[0,2,6]",510510,9699690,19,26,25,27,1000000001100010000000001,24,0.0002820708703061644,14,13,1
triplet,"[0,2,6]",510510,9699690,19,26,25,27,1000100000000000000000000,83,0.0009754950931421519,6,5,1
triplet,"[0,2,6]",510510,9699690,19,26,25,27,1000100000000000000000001,48,0.0005641417406123288,10,9,1
triplet,"[0,2,6]",510510,9699690,19,26,25,27,1000100000000010000000000,74,0.0008697185167773403,8,7,1
triplet,"[0,2,6]",510510,9699690,19,26,25,27,1000100000000010000000001,24,0.0002820708703061644,12,11,1
triplet,"[0,2,6]",510510,9699690,19,26,25,27,1000100000100000000000000,40,0.00047011811717694073,10,9,1
triplet,"[0,2,6]",510510,9699690,19,26,25,27,1000100000100000000000001,18,0.0002115531527296233,14,13,1
triplet,"[0,2,6]",510510,9699690,19,26,25,27,1000100000100010000000000,46,0.0005406358347534819,12,11,1
triplet,"[0,2,6]",510510,9699690,19,26,25,27,1000100000100010000000001,6,7.05177175765411e-05,16,15,1
triplet,"[0,2,6]",510510,9699690,19,26,25,27,1000100001000000000000000,85,0.000999000999000999,8,7,1
triplet,"[0,2,6]",510510,9699690,19,26,25,27,1000100001000000000000001,12,0.0001410354351530822,6,5,1
triplet,"[0,2,6]",510510,9699690,19,26,25,27,1000100001000010000000000,22,0.0002585649644473174,10,9,1
triplet,"[0,2,6]",510510,9699690,19,26,25,27,1000100001100000000000000,38,0.00044661221131809365,14,13,1
triplet,"[0,2,6]",510510,9699690,19,26,25,27,1000100001100000000000001,12,0.0001410354351530822,9,8,1
triplet,"[0,2,6]",510510,9699690,19,26,25,27,1000100001100010000000000,20,0.00023505905858847037,16,15,1
triplet,"[0,2,6]",510510,9699690,19,26,25,28,0000000000000000000000001,16,0.0001880472468707763,2,1,1
triplet,"[0,2,6]",510510,9699690,19,26,25,28,0000000000000000000000010,54,0.00063465945818887,2,1,1
triplet,"[0,2,6]",510510,9699690,19,26,25,28,0000000000000000000000011,61,0.0007169301286948346,4,3,1
triplet,"[0,2,6]",510510,9699690,19,26,25,28,0000000000000100000000000,24,0.0002820708703061644,2,1,1
triplet,"[0,2,6]",510510,9699690,19,26,25,28,0000000000000100000000001,48,0.0005641417406123288,3,2,1
triplet,"[0,2,6]",510510,9699690,19,26,25,28,0000000000000100000000010,33,0.00038784744667097606,3,2,1
triplet,"[0,2,6]",510510,9699690,19,26,25,28,0000000000000100000000011,81,0.000951989187283305,5,4,1
triplet,"[0,2,6]",510510,9699690,19,26,25,28,0000000001000000000000000,22,0.0002585649644473174,2,1,1
triplet,"[0,2,6]",510510,9699690,19,26,25,28,0000000001000000000000001,13,0.00015278838808250572,3,2,1
triplet,"[0,2,6]",510510,9699690,19,26,25,28,0000000001000000000000010,70,0.0008227067050596463,3,2,1
triplet,"[0,2,6]",510510,9699690,19,26,25,28,0000000001000000000000011,27,0.000317329729094435,5,4,1
triplet,"[0,2,6]",510510,9699690,19,26,25,28,0000000001000100000000000,39,0.0004583651642475172,3,2,1
triplet,"[0,2,6]",510510,9699690,19,26,25,28,0000000001000100000000001,51,0.0005994005994005994,4,3,1
triplet,"[0,2,6]",510510,9699690,19,26,25,28,0000000001000100000000010,27,0.000317329729094435,4,3,1
triplet,"[0,2,6]",510510,9699690,19,26,25,28,0000000001000100000000011,55,0.0006464124111182935,6,5,1
triplet,"[0,2,6]",510510,9699690,19,26,25,28,0000000010000000000000000,69,0.0008109537521302227,2,1,1
triplet,"[0,2,6]",510510,9699690,19,26,25,28,0000000010000000000000001,2,2.3505905858847036e-05,3,2,1
triplet,"[0,2,6]",510510,9699690,19,26,25,28,0000000010000000000000010,34,0.0003996003996003996,3,2,1
triplet,"[0,2,6]",510510,9699690,19,26,25,28,0000000010000000000000011,15,0.00017629429394135277,5,4,1
triplet,"[0,2,6]",510510,9699690,19,26,25,28,0000000010000100000000000,16,0.0001880472468707763,3,2,1
triplet,"[0,2,6]",510510,9699690,19,26,25,28,0000000010000100000000001,44,0.0005171299288946348,4,3,1
triplet,"[0,2,6]",510510,9699690,19,26,25,28,0000000010000100000000010,21,0.00024681201151789385,4,3,1
triplet,"[0,2,6]",510510,9699690,19,26,25,28,0000000010000100000000011,43,0.0005053769759652113,6,5,1
triplet,"[0,2,6]",510510,9699690,19,26,25,28,0000000011000000000000000,65,0.0007639419404125286,4,3,1
triplet,"[0,2,6]",510510,9699690,19,26,25,28,0000000011000000000000001,15,0.00017629429394135277,5,4,1
triplet,"[0,2,6]",510510,9699690,19,26,25,28,0000000011000000000000010,99,0.0011635423400129282,5,4,1
triplet,"[0,2,6]",510510,9699690,19,26,25,28,0000000011000000000000011,41,0.0004818710701063642,7,6,1
triplet,"[0,2,6]",510510,9699690,19,26,25,28,0000000011000100000000000,59,0.0006934242228359875,5,4,1
triplet,"[0,2,6]",510510,9699690,19,26,25,28,0000000011000100000000001,43,0.0005053769759652113,6,5,1
triplet,"[0,2,6]",510510,9699690,19,26,25,28,0000000011000100000000010,37,0.00043485925838867017,6,5,1
triplet,"[0,2,6]",510510,9699690,19,26,25,28,0000000011000100000000011,37,0.00043485925838867017,8,7,1
triplet,"[0,2,6]",510510,9699690,19,26,25,28,0001000000000000000000000,70,0.0008227067050596463,2,1,1
triplet,"[0,2,6]",510510,9699690,19,26,25,28,0001000000000000000000001,53,0.0006229065052594465,3,2,1
triplet,"[0,2,6]",510510,9699690,19,26,25,28,0001000000000000000000010,38,0.00044661221131809365,4,3,1
triplet,"[0,2,6]",510510,9699690,19,26,25,28,0001000000000000000000011,73,0.0008579655638479167,6,5,1
triplet,"[0,2,6]",510510,9699690,19,26,25,28,0001000000000100000000000,41,0.0004818710701063642,3,2,1
triplet,"[0,2,6]",510510,9699690,19,26,25,28,0001000000000100000000001,65,0.0007639419404125286,4,3,1
triplet,"[0,2,6]",510510,9699690,19,26,25,28,0001000000000100000000010,19,0.00022330610565904683,5,4,1
triplet,"[0,2,6]",510510,9699690,19,26,25,28,0001000000000100000000011,41,0.0004818710701063642,7,6,1
triplet,"[0,2,6]",510510,9699690,19,26,25,28,0001000001000000000000000,34,0.0003996003996003996,4,3,1
triplet,"[0,2,6]",510510,9699690,19,26,25,28,0001000001000000000000001,37,0.00043485925838867017,5,4,1
triplet,"[0,2,6]",510510,9699690,19,26,25,28,0001000001000000000000010,30,0.00035258858788270555,6,5,1
triplet,"[0,2,6]",510510,9699690,19,26,25,28,0001000001000000000000011,23,0.00027031791737674093,8,7,1
triplet,"[0,2,6]",510510,9699690,19,26,25,28,0001000001000100000000000,49,0.0005758946935417523,5,4,1
triplet,"[0,2,6]",510510,9699690,19,26,25,28,0001000001000100000000001,41,0.0004818710701063642,6,5,1
triplet,"[0,2,6]",510510,9699690,19,26,25,28,0001000001000100000000010,11,0.0001292824822236587,7,6,1
triplet,"[0,2,6]",510510,9699690,19,26,25,28,0001000001000100000000011,15,0.00017629429394135277,9,8,1
triplet,"[0,2,6]",510510,9699690,19,26,25,28,0001000010000000000000000,124,0.0014573661632485161,3,2,1
triplet,"[0,2,6]",510510,9699690,19,26,25,28,0001000010000000000000001,13,0.00015278838808250572,4,3,1
triplet,"[0,2,6]",510510,9699690,19,26,25,28,0001000010000000000000010,24,0.0002820708703061644,5,4,1
triplet,"[0,2,6]",510510,9699690,19,26,25,28,0001000010000000000000011,23,0.00027031791737674093,7,6,1
triplet,"[0,2,6]",510510,9699690,19,26,25,28,0001000010000100000000000,27,0.000317329729094435,4,3,1
triplet,"[0,2,6]",510510,9699690,19,26,25,28,0001000010000100000000001,57,0.0006699183169771405,5,4,1
triplet,"[0,2,6]",510510,9699690,19,26,25,28,0001000010000100000000010,9,0.00010577657636481166,6,5,1
triplet,"[0,2,6]",510510,9699690,19,26,25,28,0001000010000100000000011,23,0.00027031791737674093,8,7,1
triplet,"[0,2,6]",510510,9699690,19,26,25,28,0001000011000000000000000,47,0.0005523887876829053,6,5,1
triplet,"[0,2,6]",510510,9699690,19,26,25,28,0001000011000000000000001,23,0.00027031791737674093,7,6,1
triplet,"[0,2,6]",510510,9699690,19,26,25,28,0001000011000000000000010,33,0.00038784744667097606,8,7,1
triplet,"[0,2,6]",510510,9699690,19,26,25,28,0001000011000000000000011,13,0.00015278838808250572,10,9,1
triplet,"[0,2,6]",510510,9699690,19,26,25,28,0001000011000100000000000,31,0.00036434154081212903,7,6,1
triplet,"[0,2,6]",510510,9699690,19,26,25,28,0001000011000100000000001,23,0.00027031791737674093,8,7,1
triplet,"[0,2,6]",510510,9699690,19,26,25,28,0001000011000100000000010,5,5.876476464711759e-05,9,8,1
triplet,"[0,2,6]",510510,9699690,19,26,25,28,0001000011000100000000011,5,5.876476464711759e-05,11,10,1
triplet,"[0,2,6]",510510,9699690,19,26,25,29,0000000000000000000000010,16,0.0001880472468707763,2,1,1
triplet,"[0,2,6]",510510,9699690,19,26,25,29,0000000000000000000000100,54,0.00063465945818887,2,1,1
triplet,"[0,2,6]",510510,9699690,19,26,25,29,0000000000000000000000110,61,0.0007169301286948346,4,3,1
triplet,"[0,2,6]",510510,9699690,19,26,25,29,0000000000001000000000000,24,0.0002820708703061644,2,1,1
triplet,"[0,2,6]",510510,9699690,19,26,25,29,0000000000001000000000010,48,0.0005641417406123288,3,2,1
triplet,"[0,2,6]",510510,9699690,19,26,25,29,0000000000001000000000100,33,0.00038784744667097606,3,2,1
triplet,"[0,2,6]",510510,9699690,19,26,25,29,0000000000001000000000110,81,0.000951989187283305,5,4,1
triplet,"[0,2,6]",510510,9699690,19,26,25,29,0000000010000000000000000,22,0.0002585649644473174,2,1,1
triplet,"[0,2,6]",510510,9699690,19,26,25,29,0000000010000000000000010,13,0.00015278838808250572,3,2,1
triplet,"[0,2,6]",510510,9699690,19,26,25,29,0000000010000000000000100,70,0.0008227067050596463,3,2,1
triplet,"[0,2,6]",510510,9699690,19,26,25,29,0000000010000000000000110,27,0.000317329729094435,5,4,1
triplet,"[0,2,6]",510510,9699690,19,26,25,29,0000000010001000000000000,39,0.0004583651642475172,3,2,1
triplet,"[0,2,6]",510510,9699690,19,26,25,29,0000000010001000000000010,51,0.0005994005994005994,4,3,1
triplet,"[0,2,6]",510510,9699690,19,26,25,29,0000000010001000000000100,27,0.000317329729094435,4,3,1
triplet,"[0,2,6]",510510,9699690,19,26,25,29,0000000010001000000000110,55,0.0006464124111182935,6,5,1
triplet,"[0,2,6]",510510,9699690,19,26,25,29,0000000100000000000000000,69,0.0008109537521302227,2,1,1
triplet,"[0,2,6]",510510,9699690,19,26,25,29,0000000100000000000000010,2,2.3505905858847036e-05,3,2,1
triplet,"[0,2,6]",510510,9699690,19,26,25,29,0000000100000000000000100,34,0.0003996003996003996,3,2,1
triplet,"[0,2,6]",510510,9699690,19,26,25,29,0000000100000000000000110,15,0.00017629429394135277,5,4,1
triplet,"[0,2,6]",510510,9699690,19,26,25,29,0000000100001000000000000,16,0.0001880472468707763,3,2,1
triplet,"[0,2,6]",510510,9699690,19,26,25,29,0000000100001000000000010,44,0.0005171299288946348,4,3,1
triplet,"[0,2,6]",510510,9699690,19,26,25,29,0000000100001000000000100,21,0.00024681201151789385,4,3,1
triplet,"[0,2,6]",510510,9699690,19,26,25,29,0000000100001000000000110,43,0.0005053769759652113,6,5,1
triplet,"[0,2,6]",510510,9699690,19,26,25,29,0000000110000000000000000,65,0.0007639419404125286,4,3,1
triplet,"[0,2,6]",510510,9699690,19,26,25,29,0000000110000000000000010,15,0.00017629429394135277,5,4,1
triplet,"[0,2,6]",510510,9699690,19,26,25,29,0000000110000000000000100,99,0.0011635423400129282,5,4,1
triplet,"[0,2,6]",510510,9699690,19,26,25,29,0000000110000000000000110,41,0.0004818710701063642,7,6,1
triplet,"[0,2,6]",510510,9699690,19,26,25,29,0000000110001000000000000,59,0.0006934242228359875,5,4,1
triplet,"[0,2,6]",510510,9699690,19,26,25,29,0000000110001000000000010,43,0.0005053769759652113,6,5,1
triplet,"[0,2,6]",510510,9699690,19,26,25,29,0000000110001000000000100,37,0.00043485925838867017,6,5,1
triplet,"[0,2,6]",510510,9699690,19,26,25,29,0000000110001000000000110,37,0.00043485925838867017,8,7,1
triplet,"[0,2,6]",510510,9699690,19,26,25,29,0010000000000000000000000,70,0.0008227067050596463,2,1,1
triplet,"[0,2,6]",510510,9699690,19,26,25,29,0010000000000000000000010,53,0.0006229065052594465,3,2,1
triplet,"[0,2,6]",510510,9699690,19,26,25,29,0010000000000000000000100,38,0.00044661221131809365,4,3,1
triplet,"[0,2,6]",510510,9699690,19,26,25,29,0010000000000000000000110,73,0.0008579655638479167,6,5,1
triplet,"[0,2,6]",510510,9699690,19,26,25,29,0010000000001000000000000,41,0.0004818710701063642,3,2,1
triplet,"[0,2,6]",510510,9699690,19,26,25,29,0010000000001000000000010,65,0.0007639419404125286,4,3,1
triplet,"[0,2,6]",510510,9699690,19,26,25,29,0010000000001000000000100,19,0.00022330610565904683,5,4,1
triplet,"[0,2,6]",510510,9699690,19,26,25,29,0010000000001000000000110,41,0.0004818710701063642,7,6,1
triplet,"[0,2,6]",510510,9699690,19,26,25,29,0010000010000000000000000,34,0.0003996003996003996,4,3,1
triplet,"[0,2,6]",510510,9699690,19,26,25,29,0010000010000000000000010,37,0.00043485925838867017,5,4,1
triplet,"[0,2,6]",510510,9699690,19,26,25,29,0010000010000000000000100,30,0.00035258858788270555,6,5,1
triplet,"[0,2,6]",510510,9699690,19,26,25,29,0010000010000000000000110,23,0.00027031791737674093,8,7,1
triplet,"[0,2,6]",510510,9699690,19,26,25,29,0010000010001000000000000,49,0.0005758946935417523,5,4,1
triplet,"[0,2,6]",510510,9699690,19,26,25,29,0010000010001000000000010,41,0.0004818710701063642,6,5,1
triplet,"[0,2,6]",510510,9699690,19,26,25,29,0010000010001000000000100,11,0.0001292824822236587,7,6,1
triplet,"[0,2,6]",510510,9699690,19,26,25,29,0010000010001000000000110,15,0.00017629429394135277,9,8,1
triplet,"[0,2,6]",510510,9699690,19,26,25,29,0010000100000000000000000,124,0.0014573661632485161,3,2,1
triplet,"[0,2,6]",510510,9699690,19,26,25,29,0010000100000000000000010,13,0.00015278838808250572,4,3,1
triplet,"[0,2,6]",510510,9699690,19,26,25,29,0010000100000000000000100,24,0.0002820708703061644,5,4,1
triplet,"[0,2,6]",510510,9699690,19,26,25,29,0010000100000000000000110,23,0.00027031791737674093,7,6,1
triplet,"[0,2,6]",510510,9699690,19,26,25,29,0010000100001000000000000,27,0.000317329729094435,4,3,1
triplet,"[0,2,6]",510510,9699690,19,26,25,29,0010000100001000000000010,57,0.0006699183169771405,5,4,1
triplet,"[0,2,6]",510510,9699690,19,26,25,29,0010000100001000000000100,9,0.00010577657636481166,6,5,1
triplet,"[0,2,6]",510510,9699690,19,26,25,29,0010000100001000000000110,23,0.00027031791737674093,8,7,1
triplet,"[0,2,6]",510510,9699690,19,26,25,29,0010000110000000000000000,47,0.0005523887876829053,6,5,1
triplet,"[0,2,6]",510510,9699690,19,26,25,29,0010000110000000000000010,23,0.00027031791737674093,7,6,1
triplet,"[0,2,6]",510510,9699690,19,26,25,29,0010000110000000000000100,33,0.00038784744667097606,8,7,1
triplet,"[0,2,6]",510510,9699690,19,26,25,29,0010000110000000000000110,13,0.00015278838808250572,10,9,1
triplet,"[0,2,6]",510510,9699690,19,26,25,29,0010000110001000000000000,31,0.00036434154081212903,7,6,1
triplet,"[0,2,6]",510510,9699690,19,26,25,29,0010000110001000000000010,23,0.00027031791737674093,8,7,1
triplet,"[0,2,6]",510510,9699690,19,26,25,29,0010000110001000000000100,5,5.876476464711759e-05,9,8,1
triplet,"[0,2,6]",510510,9699690,19,26,25,29,0010000110001000000000110,5,5.876476464711759e-05,11,10,1
triplet,"[0,2,6]",510510,9699690,19,26,25,30,0000000000000000000000100,16,0.0001880472468707763,2,1,1
triplet,"[0,2,6]",510510,9699690,19,26,25,30,0000000000000000000001000,54,0.00063465945818887,2,1,1
triplet,"[0,2,6]",510510,9699690,19,26,25,30,0000000000000000000001100,61,0.0007169301286948346,4,3,1
triplet,"[0,2,6]",510510,9699690,19,26,25,30,0000000000010000000000000,24,0.0002820708703061644,2,1,1
triplet,"[0,2,6]",510510,9699690,19,26,25,30,0000000000010000000000100,48,0.0005641417406123288,3,2,1
triplet,"[0,2,6]",510510,9699690,19,26,25,30,0000000000010000000001000,33,0.00038784744667097606,3,2,1
triplet,"[0,2,6]",510510,9699690,19,26,25,30,0000000000010000000001100,81,0.000951989187283305,5,4,1
triplet,"[0,2,6]",510510,9699690,19,26,25,30,0000000100000000000000000,22,0.0002585649644473174,2,1,1
triplet,"[0,2,6]",510510,9699690,19,26,25,30,0000000100000000000000100,13,0.00015278838808250572,3,2,1
triplet,"[0,2,6]",510510,9699690,19,26,25,30,0000000100000000000001000,70,0.0008227067050596463,3,2,1
triplet,"[0,2,6]",510510,9699690,19,26,25,30,0000000100000000000001100,27,0.000317329729094435,5,4,1
triplet,"[0,2,6]",510510,9699690,19,26,25,30,0000000100010000000000000,39,0.0004583651642475172,3,2,1
triplet,"[0,2,6]",510510,9699690,19,26,25,30,0000000100010000000000100,51,0.0005994005994005994,4,3,1
triplet,"[0,2,6]",510510,9699690,19,26,25,30,0000000100010000000001000,27,0.000317329729094435,4,3,1
triplet,"[0,2,6]",510510,9699690,19,26,25,30,0000000100010000000001100,55,0.0006464124111182935,6,5,1
triplet,"[0,2,6]",510510,9699690,19,26,25,30,0000001000000000000000000,69,0.0008109537521302227,2,1,1
triplet,"[0,2,6]",510510,9699690,19,26,25,30,0000001000000000000000100,2,2.3505905858847036e-05,3,2,1
triplet,"[0,2,6]",510510,9699690,19,26,25,30,0000001000000000000001000,34,0.0003996003996003996,3,2,1
triplet,"[0,2,6]",510510,9699690,19,26,25,30,0000001000000000000001100,15,0.00017629429394135277,5,4,1
triplet,"[0,2,6]",510510,9699690,19,26,25,30,0000001000010000000000000,16,0.0001880472468707763,3,2,1
triplet,"[0,2,6]",510510,9699690,19,26,25,30,0000001000010000000000100,44,0.0005171299288946348,4,3,1
triplet,"[0,2,6]",510510,9699690,19,26,25,30,0000001000010000000001000,21,0.00024681201151789385,4,3,1
triplet,"[0,2,6]",510510,9699690,19,26,25,30,0000001000010000000001100,43,0.0005053769759652113,6,5,1
triplet,"[0,2,6]",510510,9699690,19,26,25,30,0000001100000000000000000,65,0.0007639419404125286,4,3,1
triplet,"[0,2,6]",510510,9699690,19,26,25,30,0000001100000000000000100,15,0.00017629429394135277,5,4,1
triplet,"[0,2,6]",510510,9699690,19,26,25,30,0000001100000000000001000,99,0.0011635423400129282,5,4,1
triplet,"[0,2,6]",510510,9699690,19,26,25,30,0000001100000000000001100,41,0.0004818710701063642,7,6,1
triplet,"[0,2,6]",510510,9699690,19,26,25,30,0000001100010000000000000,59,0.0006934242228359875,5,4,1
triplet,"[0,2,6]",510510,9699690,19,26,25,30,0000001100010000000000100,43,0.0005053769759652113,6,5,1
triplet,"[0,2,6]",510510,9699690,19,26,25,30,0000001100010000000001000,37,0.00043485925838867017,6,5,1
triplet,"[0,2,6]",510510,9699690,19,26,25,30,0000001100010000000001100,37,0.00043485925838867017,8,7,1
triplet,"[0,2,6]",510510,9699690,19,26,25,30,0100000000000000000000000,70,0.0008227067050596463,2,1,1
triplet,"[0,2,6]",510510,9699690,19,26,25,30,0100000000000000000000100,53,0.0006229065052594465,3,2,1
triplet,"[0,2,6]",510510,9699690,19,26,25,30,0100000000000000000001000,38,0.00044661221131809365,4,3,1
triplet,"[0,2,6]",510510,9699690,19,26,25,30,0100000000000000000001100,73,0.0008579655638479167,6,5,1
triplet,"[0,2,6]",510510,9699690,19,26,25,30,0100000000010000000000000,41,0.0004818710701063642,3,2,1
triplet,"[0,2,6]",510510,9699690,19,26,25,30,0100000000010000000000100,65,0.0007639419404125286,4,3,1
triplet,"[0,2,6]",510510,9699690,19,26,25,30,0100000000010000000001000,19,0.00022330610565904683,5,4,1
triplet,"[0,2,6]",510510,9699690,19,26,25,30,0100000000010000000001100,41,0.0004818710701063642,7,6,1
triplet,"[0,2,6]",510510,9699690,19,26,25,30,0100000100000000000000000,34,0.0003996003996003996,4,3,1
triplet,"[0,2,6]",510510,9699690,19,26,25,30,0100000100000000000000100,37,0.00043485925838867017,5,4,1
triplet,"[0,2,6]",510510,9699690,19,26,25,30,0100000100000000000001000,30,0.00035258858788270555,6,5,1
triplet,"[0,2,6]",510510,9699690,19,26,25,30,0100000100000000000001100,23,0.00027031791737674093,8,7,1
triplet,"[0,2,6]",510510,9699690,19,26,25,30,0100000100010000000000000,49,0.0005758946935417523,5,4,1
triplet,"[0,2,6]",510510,9699690,19,26,25,30,0100000100010000000000100,41,0.0004818710701063642,6,5,1
triplet,"[0,2,6]",510510,9699690,19,26,25,30,0100000100010000000001000,11,0.0001292824822236587,7,6,1
triplet,"[0,2,6]",510510,9699690,19,26,25,30,0100000100010000000001100,15,0.00017629429394135277,9,8,1
triplet,"[0,2,6]",510510,9699690,19,26,25,30,0100001000000000000000000,124,0.0014573661632485161,3,2,1
triplet,"[0,2,6]",510510,9699690,19,26,25,30,0100001000000000000000100,13,0.00015278838808250572,4,3,1
triplet,"[0,2,6]",510510,9699690,19,26,25,30,0100001000000000000001000,24,0.0002820708703061644,5,4,1
triplet,"[0,2,6]",510510,9699690,19,26,25,30,0100001000000000000001100,23,0.00027031791737674093,7,6,1
triplet,"[0,2,6]",510510,9699690,19,26,25,30,0100001000010000000000000,27,0.000317329729094435,4,3,1
triplet,"[0,2,6]",510510,9699690,19,26,25,30,0100001000010000000000100,57,0.0006699183169771405,5,4,1
triplet,"[0,2,6]",510510,9699690,19,26,25,30,0100001000010000000001000,9,0.00010577657636481166,6,5,1
triplet,"[0,2,6]",510510,9699690,19,26,25,30,0100001000010000000001100,23,0.00027031791737674093,8,7,1
triplet,"[0,2,6]",510510,9699690,19,26,25,30,0100001100000000000000000,47,0.0005523887876829053,6,5,1
triplet,"[0,2,6]",510510,9699690,19,26,25,30,0100001100000000000000100,23,0.00027031791737674093,7,6,1
triplet,"[0,2,6]",510510,9699690,19,26,25,30,0100001100000000000001000,33,0.00038784744667097606,8,7,1
triplet,"[0,2,6]",510510,9699690,19,26,25,30,0100001100000000000001100,13,0.00015278838808250572,10,9,1
triplet,"[0,2,6]",510510,9699690,19,26,25,30,0100001100010000000000000,31,0.00036434154081212903,7,6,1
triplet,"[0,2,6]",510510,9699690,19,26,25,30,0100001100010000000000100,23,0.00027031791737674093,8,7,1
triplet,"[0,2,6]",510510,9699690,19,26,25,30,0100001100010000000001000,5,5.876476464711759e-05,9,8,1
triplet,"[0,2,6]",510510,9699690,19,26,25,30,0100001100010000000001100,5,5.876476464711759e-05,11,10,1
triplet,"[0,2,6]",510510,9699690,19,26,25,31,0000000000000000000001000,16,0.0001880472468707763,2,1,1
triplet,"[0,2,6]",510510,9699690,19,26,25,31,0000000000000000000010000,54,0.00063465945818887,2,1,1
triplet,"[0,2,6]",510510,9699690,19,26,25,31,0000000000000000000011000,61,0.0007169301286948346,4,3,1
triplet,"[0,2,6]",510510,9699690,19,26,25,31,0000000000100000000000000,24,0.0002820708703061644,2,1,1
triplet,"[0,2,6]",510510,9699690,19,26,25,31,0000000000100000000001000,48,0.0005641417406123288,3,2,1
triplet,"[0,2,6]",510510,9699690,19,26,25,31,0000000000100000000010000,33,0.00038784744667097606,3,2,1
triplet,"[0,2,6]",510510,9699690,19,26,25,31,0000000000100000000011000,81,0.000951989187283305,5,4,1
triplet,"[0,2,6]",510510,9699690,19,26,25,31,0000001000000000000000000,22,0.0002585649644473174,2,1,1
triplet,"[0,2,6]",510510,9699690,19,26,25,31,0000001000000000000001000,13,0.00015278838808250572,3,2,1
triplet,"[0,2,6]",510510,9699690,19,26,25,31,0000001000000000000010000,70,0.0008227067050596463,3,2,1
triplet,"[0,2,6]",510510,9699690,19,26,25,31,0000001000000000000011000,27,0.000317329729094435,5,4,1
triplet,"[0,2,6]",510510,9699690,19,26,25,31,0000001000100000000000000,39,0.0004583651642475172,3,2,1
triplet,"[0,2,6]",510510,9699690,19,26,25,31,0000001000100000000001000,51,0.0005994005994005994,4,3,1
triplet,"[0,2,6]",510510,9699690,19,26,25,31,0000001000100000000010000,27,0.000317329729094435,4,3,1
triplet,"[0,2,6]",510510,9699690,19,26,25,31,0000001000100000000011000,55,0.0006464124111182935,6,5,1
triplet,"[0,2,6]",510510,9699690,19,26,25,31,0000010000000000000000000,69,0.0008109537521302227,2,1,1
triplet,"[0,2,6]",510510,9699690,19,26,25,31,0000010000000000000001000,2,2.3505905858847036e-05,3,2,1
triplet,"[0,2,6]",510510,9699690,19,26,25,31,0000010000000000000010000,34,0.0003996003996003996,3,2,1
triplet,"[0,2,6]",510510,9699690,19,26,25,31,0000010000000000000011000,15,0.00017629429394135277,5,4,1
triplet,"[0,2,6]",510510,9699690,19,26,25,31,0000010000100000000000000,16,0.0001880472468707763,3,2,1
triplet,"[0,2,6]",510510,9699690,19,26,25,31,0000010000100000000001000,44,0.0005171299288946348,4,3,1
triplet,"[0,2,6]",510510,9699690,19,26,25,31,0000010000100000000010000,21,0.00024681201151789385,4,3,1
triplet,"[0,2,6]",510510,9699690,19,26,25,31,0000010000100000000011000,43,0.0005053769759652113,6,5,1
triplet,"[0,2,6]",510510,9699690,19,26,25,31,0000011000000000000000000,65,0.0007639419404125286,4,3,1
triplet,"[0,2,6]",510510,9699690,19,26,25,31,0000011000000000000001000,15,0.00017629429394135277,5,4,1
triplet,"[0,2,6]",510510,9699690,19,26,25,31,0000011000000000000010000,99,0.0011635423400129282,5,4,1
triplet,"[0,2,6]",510510,9699690,19,26,25,31,0000011000000000000011000,41,0.0004818710701063642,7,6,1
triplet,"[0,2,6]",510510,9699690,19,26,25,31,0000011000100000000000000,59,0.0006934242228359875,5,4,1
triplet,"[0,2,6]",510510,9699690,19,26,25,31,0000011000100000000001000,43,0.0005053769759652113,6,5,1
triplet,"[0,2,6]",510510,9699690,19,26,25,31,0000011000100000000010000,37,0.00043485925838867017,6,5,1
triplet,"[0,2,6]",510510,9699690,19,26,25,31,0000011000100000000011000,37,0.00043485925838867017,8,7,1
triplet,"[0,2,6]",510510,9699690,19,26,25,31,1000000000000000000000000,70,0.0008227067050596463,2,1,1
triplet,"[0,2,6]",510510,9699690,19,26,25,31,1000000000000000000001000,53,0.0006229065052594465,3,2,1
triplet,"[0,2,6]",510510,9699690,19,26,25,31,1000000000000000000010000,38,0.00044661221131809365,4,3,1
triplet,"[0,2,6]",510510,9699690,19,26,25,31,1000000000000000000011000,73,0.0008579655638479167,6,5,1
triplet,"[0,2,6]",510510,9699690,19,26,25,31,1000000000100000000000000,41,0.0004818710701063642,3,2,1
triplet,"[0,2,6]",510510,9699690,19,26,25,31,1000000000100000000001000,65,0.0007639419404125286,4,3,1
triplet,"[0,2,6]",510510,9699690,19,26,25,31,1000000000100000000010000,19,0.00022330610565904683,5,4,1
triplet,"[0,2,6]",510510,9699690,19,26,25,31,1000000000100000000011000,41,0.0004818710701063642,7,6,1
triplet,"[0,2,6]",510510,9699690,19,26,25,31,1000001000000000000000000,34,0.0003996003996003996,4,3,1
triplet,"[0,2,6]",510510,9699690,19,26,25,31,1000001000000000000001000,37,0.00043485925838867017,5,4,1
triplet,"[0,2,6]",510510,9699690,19,26,25,31,1000001000000000000010000,30,0.00035258858788270555,6,5,1
triplet,"[0,2,6]",510510,9699690,19,26,25,31,1000001000000000000011000,23,0.00027031791737674093,8,7,1
triplet,"[0,2,6]",510510,9699690,19,26,25,31,1000001000100000000000000,49,0.0005758946935417523,5,4,1
triplet,"[0,2,6]",510510,9699690,19,26,25,31,1000001000100000000001000,41,0.0004818710701063642,6,5,1
triplet,"[0,2,6]",510510,9699690,19,26,25,31,1000001000100000000010000,11,0.0001292824822236587,7,6,1
triplet,"[0,2,6]",510510,9699690,19,26,25,31,1000001000100000000011000,15,0.00017629429394135277,9,8,1
triplet,"[0,2,6]",510510,9699690,19,26,25,31,1000010000000000000000000,124,0.0014573661632485161,3,2,1
triplet,"[0,2,6]",510510,9699690,19,26,25,31,1000010000000000000001000,13,0.00015278838808250572,4,3,1
triplet,"[0,2,6]",510510,9699690,19,26,25,31,1000010000000000000010000,24,0.0002820708703061644,5,4,1
triplet,"[0,2,6]",510510,9699690,19,26,25,31,1000010000000000000011000,23,0.00027031791737674093,7,6,1
triplet,"[0,2,6]",510510,9699690,19,26,25,31,1000010000100000000000000,27,0.000317329729094435,4,3,1
triplet,"[0,2,6]",510510,9699690,19,26,25,31,1000010000100000000001000,57,0.0006699183169771405,5,4,1
triplet,"[0,2,6]",510510,9699690,19,26,25,31,1000010000100000000010000,9,0.00010577657636481166,6,5,1
triplet,"[0,2,6]",510510,9699690,19,26,25,31,1000010000100000000011000,23,0.00027031791737674093,8,7,1
triplet,"[0,2,6]",510510,9699690,19,26,25,31,1000011000000000000000000,47,0.0005523887876829053,6,5,1
triplet,"[0,2,6]",510510,9699690,19,26,25,31,1000011000000000000001000,23,0.00027031791737674093,7,6,1
triplet,"[0,2,6]",510510,9699690,19,26,25,31,1000011000000000000010000,33,0.00038784744667097606,8,7,1
triplet,"[0,2,6]",510510,9699690,19,26,25,31,1000011000000000000011000,13,0.00015278838808250572,10,9,1
triplet,"[0,2,6]",510510,9699690,19,26,25,31,1000011000100000000000000,31,0.00036434154081212903,7,6,1
triplet,"[0,2,6]",510510,9699690,19,26,25,31,1000011000100000000001000,23,0.00027031791737674093,8,7,1
triplet,"[0,2,6]",510510,9699690,19,26,25,31,1000011000100000000010000,5,5.876476464711759e-05,9,8,1
triplet,"[0,2,6]",510510,9699690,19,26,25,31,1000011000100000000011000,5,5.876476464711759e-05,11,10,1
triplet,"[0,2,6]",510510,9699690,19,26,25,32,0000000000000000000000000,120,0.0014103543515308222,2,1,1
triplet,"[0,2,6]",510510,9699690,19,26,25,32,0000000000000000000010000,69,0.0008109537521302227,4,3,1
triplet,"[0,2,6]",510510,9699690,19,26,25,32,0000000000000000000100000,92,0.0010812716695069637,4,3,1
triplet,"[0,2,6]",510510,9699690,19,26,25,32,0000000000000000000110000,134,0.0015748956925427514,8,7,1
triplet,"[0,2,6]",510510,9699690,19,26,25,32,0000000001000000000000000,65,0.0007639419404125286,4,3,1
triplet,"[0,2,6]",510510,9699690,19,26,25,32,0000000001000000000010000,113,0.0013280836810248575,6,5,1
triplet,"[0,2,6]",510510,9699690,19,26,25,32,0000000001000000000100000,52,0.0006111535523300229,6,5,1
triplet,"[0,2,6]",510510,9699690,19,26,25,32,0000000001000000000110000,122,0.0014338602573896692,10,9,1
triplet,"[0,2,6]",510510,9699690,19,26,25,32,0000010000000000000000000,56,0.0006581653640477169,4,3,1
triplet,"[0,2,6]",510510,9699690,19,26,25,32,0000010000000000000010000,50,0.0005876476464711759,6,5,1
triplet,"[0,2,6]",510510,9699690,19,26,25,32,0000010000000000000100000,100,0.0011752952929423518,6,5,1
triplet,"[0,2,6]",510510,9699690,19,26,25,32,0000010000000000000110000,50,0.0005876476464711759,10,9,1
triplet,"[0,2,6]",510510,9699690,19,26,25,32,0000010001000000000000000,88,0.0010342598577892696,6,5,1
triplet,"[0,2,6]",510510,9699690,19,26,25,32,0000010001000000000010000,92,0.0010812716695069637,8,7,1
triplet,"[0,2,6]",510510,9699690,19,26,25,32,0000010001000000000100000,38,0.00044661221131809365,8,7,1
triplet,"[0,2,6]",510510,9699690,19,26,25,32,0000010001000000000110000,70,0.0008227067050596463,12,11,1
triplet,"[0,2,6]",510510,9699690,19,26,25,32,0000100000000000000000000,193,0.002268319915378739,4,3,1
triplet,"[0,2,6]",510510,9699690,19,26,25,32,0000100000000000000010000,15,0.00017629429394135277,6,5,1
triplet,"[0,2,6]",510510,9699690,19,26,25,32,0000100000000000000100000,58,0.000681671269906564,6,5,1
triplet,"[0,2,6]",510510,9699690,19,26,25,32,0000100000000000000110000,38,0.00044661221131809365,10,9,1
triplet,"[0,2,6]",510510,9699690,19,26,25,32,0000100001000000000000000,43,0.0005053769759652113,6,5,1
triplet,"[0,2,6]",510510,9699690,19,26,25,32,0000100001000000000010000,101,0.0011870482458717752,8,7,1
triplet,"[0,2,6]",510510,9699690,19,26,25,32,0000100001000000000100000,30,0.00035258858788270555,8,7,1
triplet,"[0,2,6]",510510,9699690,19,26,25,32,0000100001000000000110000,66,0.0007756948933419521,12,11,1
triplet,"[0,2,6]",510510,9699690,19,26,25,32,0000110000000000000000000,112,0.0013163307280954339,8,7,1
triplet,"[0,2,6]",510510,9699690,19,26,25,32,0000110000000000000010000,38,0.00044661221131809365,10,9,1
triplet,"[0,2,6]",510510,9699690,19,26,25,32,0000110000000000000100000,132,0.0015513897866839042,10,9,1
triplet,"[0,2,6]",510510,9699690,19,26,25,32,0000110000000000000110000,54,0.00063465945818887,14,13,1
triplet,"[0,2,6]",510510,9699690,19,26,25,32,0000110001000000000000000,90,0.0010577657636481165,10,9,1
triplet,"[0,2,6]",510510,9699690,19,26,25,32,0000110001000000000010000,66,0.0007756948933419521,12,11,1
triplet,"[0,2,6]",510510,9699690,19,26,25,32,0000110001000000000100000,42,0.0004936240230357877,12,11,1
triplet,"[0,2,6]",510510,9699690,19,26,25,32,0000110001000000000110000,42,0.0004936240230357877,16,15,1
triplet,"[0,2,6]",510510,9699690,19,26,25,33,0000000000000000000000001,78,0.0009167303284950344,2,1,1
triplet,"[0,2,6]",510510,9699690,19,26,25,33,0000000000000000000100000,19,0.00022330610565904683,2,1,1
triplet,"[0,2,6]",510510,9699690,19,26,25,33,0000000000000000000100001,50,0.0005876476464711759,3,2,1
triplet,"[0,2,6]",510510,9699690,19,26,25,33,0000000000000000001000000,38,0.00044661221131809365,2,1,1
triplet,"[0,2,6]",510510,9699690,19,26,25,33,0000000000000000001000001,54,0.00063465945818887,4,3,1
triplet,"[0,2,6]",510510,9699690,19,26,25,33,0000000000000000001100000,62,0.0007286830816242581,4,3,1
triplet,"[0,2,6]",510510,9699690,19,26,25,33,0000000000000000001100001,72,0.0008462126109184933,6,5,1
triplet,"[0,2,6]",510510,9699690,19,26,25,33,0000000010000000000000000,23,0.00027031791737674093,2,1,1
triplet,"[0,2,6]",510510,9699690,19,26,25,33,0000000010000000000000001,42,0.0004936240230357877,3,2,1
triplet,"[0,2,6]",510510,9699690,19,26,25,33,0000000010000000000100000,49,0.0005758946935417523,3,2,1
triplet,"[0,2,6]",510510,9699690,19,26,25,33,0000000010000000000100001,64,0.0007521889874831051,4,3,1
triplet,"[0,2,6]",510510,9699690,19,26,25,33,0000000010000000001000000,32,0.0003760944937415526,3,2,1
triplet,"[0,2,6]",510510,9699690,19,26,25,33,0000000010000000001000001,20,0.00023505905858847037,5,4,1
triplet,"[0,2,6]",510510,9699690,19,26,25,33,0000000010000000001100000,79,0.0009284832814244579,5,4,1
triplet,"[0,2,6]",510510,9699690,19,26,25,33,0000000010000000001100001,43,0.0005053769759652113,7,6,1
triplet,"[0,2,6]",510510,9699690,19,26,25,33,0000100000000000000000000,31,0.00036434154081212903,2,1,1
triplet,"[0,2,6]",510510,9699690,19,26,25,33,0000100000000000000000001,25,0.00029382382323558796,4,3,1
triplet,"[0,2,6]",510510,9699690,19,26,25,33,0000100000000000000100000,19,0.00022330610565904683,3,2,1
triplet,"[0,2,6]",510510,9699690,19,26,25,33,0000100000000000000100001,31,0.00036434154081212903,5,4,1
triplet,"[0,2,6]",510510,9699690,19,26,25,33,0000100000000000001000000,63,0.0007404360345536817,3,2,1
triplet,"[0,2,6]",510510,9699690,19,26,25,33,0000100000000000001000001,37,0.00043485925838867017,6,5,1
triplet,"[0,2,6]",510510,9699690,19,26,25,33,0000100000000000001100000,45,0.0005288828818240583,5,4,1
triplet,"[0,2,6]",510510,9699690,19,26,25,33,0000100000000000001100001,5,5.876476464711759e-05,8,7,1
triplet,"[0,2,6]",510510,9699690,19,26,25,33,0000100010000000000000000,55,0.0006464124111182935,3,2,1
triplet,"[0,2,6]",510510,9699690,19,26,25,33,0000100010000000000000001,33,0.00038784744667097606,5,4,1
triplet,"[0,2,6]",510510,9699690,19,26,25,33,0000100010000000000100000,63,0.0007404360345536817,4,3,1
triplet,"[0,2,6]",510510,9699690,19,26,25,33,0000100010000000000100001,29,0.000340835634953282,6,5,1
triplet,"[0,2,6]",510510,9699690,19,26,25,33,0000100010000000001000000,35,0.00041135335252982314,4,3,1
triplet,"[0,2,6]",510510,9699690,19,26,25,33,0000100010000000001000001,3,3.525885878827055e-05,7,6,1
triplet,"[0,2,6]",510510,9699690,19,26,25,33,0000100010000000001100000,64,0.0007521889874831051,6,5,1
triplet,"[0,2,6]",510510,9699690,19,26,25,33,0000100010000000001100001,6,7.05177175765411e-05,9,8,1
triplet,"[0,2,6]",510510,9699690,19,26,25,33,0001000000000000000000000,68,0.0007992007992007992,2,1,1
triplet,"[0,2,6]",510510,9699690,19,26,25,33,0001000000000000000000001,125,0.0014691191161779397,3,2,1
triplet,"[0,2,6]",510510,9699690,19,26,25,33,0001000000000000000100000,4,4.701181171769407e-05,3,2,1
triplet,"[0,2,6]",510510,9699690,19,26,25,33,0001000000000000000100001,11,0.0001292824822236587,4,3,1
triplet,"[0,2,6]",510510,9699690,19,26,25,33,0001000000000000001000000,23,0.00027031791737674093,3,2,1
triplet,"[0,2,6]",510510,9699690,19,26,25,33,0001000000000000001000001,35,0.00041135335252982314,5,4,1
triplet,"[0,2,6]",510510,9699690,19,26,25,33,0001000000000000001100000,13,0.00015278838808250572,5,4,1
triplet,"[0,2,6]",510510,9699690,19,26,25,33,0001000000000000001100001,25,0.00029382382323558796,7,6,1
triplet,"[0,2,6]",510510,9699690,19,26,25,33,0001000010000000000000000,17,0.0001998001998001998,3,2,1
triplet,"[0,2,6]",510510,9699690,19,26,25,33,0001000010000000000000001,26,0.00030557677616501144,4,3,1
triplet,"[0,2,6]",510510,9699690,19,26,25,33,0001000010000000000100000,47,0.0005523887876829053,4,3,1
triplet,"[0,2,6]",510510,9699690,19,26,25,33,0001000010000000000100001,54,0.00063465945818887,5,4,1
triplet,"[0,2,6]",510510,9699690,19,26,25,33,0001000010000000001000000,20,0.00023505905858847037,4,3,1
triplet,"[0,2,6]",510510,9699690,19,26,25,33,0001000010000000001000001,10,0.00011752952929423518,6,5,1
triplet,"[0,2,6]",510510,9699690,19,26,25,33,0001000010000000001100000,40,0.00047011811717694073,6,5,1
triplet,"[0,2,6]",510510,9699690,19,26,25,33,0001000010000000001100001,26,0.00030557677616501144,8,7,1
triplet,"[0,2,6]",510510,9699690,19,26,25,33,0001100000000000000000000,53,0.0006229065052594465,4,3,1
triplet,"[0,2,6]",510510,9699690,19,26,25,33,0001100000000000000000001,59,0.0006934242228359875,6,5,1
triplet,"[0,2,6]",510510,9699690,19,26,25,33,0001100000000000000100000,17,0.0001998001998001998,5,4,1
triplet,"[0,2,6]",510510,9699690,19,26,25,33,0001100000000000000100001,21,0.00024681201151789385,7,6,1
triplet,"[0,2,6]",510510,9699690,19,26,25,33,0001100000000000001000000,75,0.0008814714697067638,5,4,1
triplet,"[0,2,6]",510510,9699690,19,26,25,33,0001100000000000001000001,57,0.0006699183169771405,8,7,1
triplet,"[0,2,6]",510510,9699690,19,26,25,33,0001100000000000001100000,39,0.0004583651642475172,7,6,1
triplet,"[0,2,6]",510510,9699690,19,26,25,33,0001100000000000001100001,15,0.00017629429394135277,10,9,1
triplet,"[0,2,6]",510510,9699690,19,26,25,33,0001100010000000000000000,60,0.0007051771757654111,5,4,1
triplet,"[0,2,6]",510510,9699690,19,26,25,33,0001100010000000000000001,30,0.00035258858788270555,7,6,1
triplet,"[0,2,6]",510510,9699690,19,26,25,33,0001100010000000000100000,44,0.0005171299288946348,6,5,1
triplet,"[0,2,6]",510510,9699690,19,26,25,33,0001100010000000000100001,22,0.0002585649644473174,8,7,1
triplet,"[0,2,6]",510510,9699690,19,26,25,33,0001100010000000001000000,36,0.0004231063054592466,6,5,1
triplet,"[0,2,6]",510510,9699690,19,26,25,33,0001100010000000001000001,6,7.05177175765411e-05,9,8,1
triplet,"[0,2,6]",510510,9699690,19,26,25,33,0001100010000000001100000,36,0.0004231063054592466,8,7,1
triplet,"[0,2,6]",510510,9699690,19,26,25,33,0001100010000000001100001,6,7.05177175765411e-05,11,10,1
triplet,"[0,2,6]",510510,9699690,19,26,25,34,0000000000000000000000010,78,0.0009167303284950344,2,1,1
triplet,"[0,2,6]",510510,9699690,19,26,25,34,0000000000000000001000000,19,0.00022330610565904683,2,1,1
triplet,"[0,2,6]",510510,9699690,19,26,25,34,0000000000000000001000010,50,0.0005876476464711759,3,2,1
triplet,"[0,2,6]",510510,9699690,19,26,25,34,0000000000000000010000000,38,0.00044661221131809365,2,1,1
triplet,"[0,2,6]",510510,9699690,19,26,25,34,0000000000000000010000010,54,0.00063465945818887,4,3,1
triplet,"[0,2,6]",510510,9699690,19,26,25,34,0000000000000000011000000,62,0.0007286830816242581,4,3,1
triplet,"[0,2,6]",510510,9699690,19,26,25,34,0000000000000000011000010,72,0.0008462126109184933,6,5,1
triplet,"[0,2,6]",510510,9699690,19,26,25,34,0000000100000000000000000,23,0.00027031791737674093,2,1,1
triplet,"[0,2,6]",510510,9699690,19,26,25,34,0000000100000000000000010,42,0.0004936240230357877,3,2,1
triplet,"[0,2,6]",510510,9699690,19,26,25,34,0000000100000000001000000,49,0.0005758946935417523,3,2,1
triplet,"[0,2,6]",510510,9699690,19,26,25,34,0000000100000000001000010,64,0.0007521889874831051,4,3,1
triplet,"[0,2,6]",510510,9699690,19,26,25,34,0000000100000000010000000,32,0.0003760944937415526,3,2,1
triplet,"[0,2,6]",510510,9699690,19,26,25,34,0000000100000000010000010,20,0.00023505905858847037,5,4,1
triplet,"[0,2,6]",510510,9699690,19,26,25,34,0000000100000000011000000,79,0.0009284832814244579,5,4,1
triplet,"[0,2,6]",510510,9699690,19,26,25,34,0000000100000000011000010,43,0.0005053769759652113,7,6,1
triplet,"[0,2,6]",510510,9699690,19,26,25,34,0001000000000000000000000,31,0.00036434154081212903,2,1,1
triplet,"[0,2,6]",510510,9699690,19,26,25,34,0001000000000000000000010,25,0.00029382382323558796,4,3,1
triplet,"[0,2,6]",510510,9699690,19,26,25,34,0001000000000000001000000,19,0.00022330610565904683,3,2,1
triplet,"[0,2,6]",510510,9699690,19,26,25,34,0001000000000000001000010,31,0.00036434154081212903,5,4,1
triplet,"[0,2,6]",510510,9699690,19,26,25,34,0001000000000000010000000,63,0.0007404360345536817,3,2,1
triplet,"[0,2,6]",510510,9699690,19,26,25,34,0001000000000000010000010,37,0.00043485925838867017,6,5,1
triplet,"[0,2,6]",510510,9699690,19,26,25,34,0001000000000000011000000,45,0.0005288828818240583,5,4,1
triplet,"[0,2,6]",510510,9699690,19,26,25,34,0001000000000000011000010,5,5.876476464711759e-05,8,7,1
triplet,"[0,2,6]",510510,9699690,19,26,25,34,0001000100000000000000000,55,0.0006464124111182935,3,2,1
triplet,"[0,2,6]",510510,9699690,19,26,25,34,0001000100000000000000010,33,0.00038784744667097606,5,4,1
triplet,"[0,2,6]",510510,9699690,19,26,25,34,0001000100000000001000000,63,0.0007404360345536817,4,3,1
triplet,"[0,2,6]",510510,9699690,19,26,25,34,0001000100000000001000010,29,0.000340835634953282,6,5,1
triplet,"[0,2,6]",510510,9699690,19,26,25,34,0001000100000000010000000,35,0.00041135335252982314,4,3,1
triplet,"[0,2,6]",510510,9699690,19,26,25,34,0001000100000000010000010,3,3.525885878827055e-05,7,6,1
triplet,"[0,2,6]",510510,9699690,19,26,25,34,0001000100000000011000000,64,0.0007521889874831051,6,5,1
triplet,"[0,2,6]",510510,9699690,19,26,25,34,0001000100000000011000010,6,7.05177175765411e-05,9,8,1
triplet,"[0,2,6]",510510,9699690,19,26,25,34,0010000000000000000000000,68,0.0007992007992007992,2,1,1
triplet,"[0,2,6]",510510,9699690,19,26,25,34,0010000000000000000000010,125,0.0014691191161779397,3,2,1
triplet,"[0,2,6]",510510,9699690,19,26,25,34,0010000000000000001000000,4,4.701181171769407e-05,3,2,1
triplet,"[0,2,6]",510510,9699690,19,26,25,34,0010000000000000001000010,11,0.0001292824822236587,4,3,1
triplet,"[0,2,6]",510510,9699690,19,26,25,34,0010000000000000010000000,23,0.00027031791737674093,3,2,1
triplet,"[0,2,6]",510510,9699690,19,26,25,34,0010000000000000010000010,35,0.00041135335252982314,5,4,1
triplet,"[0,2,6]",510510,9699690,19,26,25,34,0010000000000000011000000,13,0.00015278838808250572,5,4,1
triplet,"[0,2,6]",510510,9699690,19,26,25,34,0010000000000000011000010,25,0.00029382382323558796,7,6,1
triplet,"[0,2,6]",510510,9699690,19,26,25,34,0010000100000000000000000,17,0.0001998001998001998,3,2,1
triplet,"[0,2,6]",510510,9699690,19,26,25,34,0010000100000000000000010,26,0.00030557677616501144,4,3,1
triplet,"[0,2,6]",510510,9699690,19,26,25,34,0010000100000000001000000,47,0.0005523887876829053,4,3,1
triplet,"[0,2,6]",510510,9699690,19,26,25,34,0010000100000000001000010,54,0.00063465945818887,5,4,1
triplet,"[0,2,6]",510510,9699690,19,26,25,34,0010000100000000010000000,20,0.00023505905858847037,4,3,1
triplet,"[0,2,6]",510510,9699690,19,26,25,34,0010000100000000010000010,10,0.00011752952929423518,6,5,1
triplet,"[0,2,6]",510510,9699690,19,26,25,34,0010000100000000011000000,40,0.00047011811717694073,6,5,1
triplet,"[0,2,6]",510510,9699690,19,26,25,34,0010000100000000011000010,26,0.00030557677616501144,8,7,1
triplet,"[0,2,6]",510510,9699690,19,26,25,34,0011000000000000000000000,53,0.0006229065052594465,4,3,1
triplet,"[0,2,6]",510510,9699690,19,26,25,34,0011000000000000000000010,59,0.0006934242228359875,6,5,1
triplet,"[0,2,6]",510510,9699690,19,26,25,34,0011000000000000001000000,17,0.0001998001998001998,5,4,1
triplet,"[0,2,6]",510510,9699690,19,26,25,34,0011000000000000001000010,21,0.00024681201151789385,7,6,1
triplet,"[0,2,6]",510510,9699690,19,26,25,34,0011000000000000010000000,75,0.0008814714697067638,5,4,1
triplet,"[0,2,6]",510510,9699690,19,26,25,34,0011000000000000010000010,57,0.0006699183169771405,8,7,1
triplet,"[0,2,6]",510510,9699690,19,26,25,34,0011000000000000011000000,39,0.0004583651642475172,7,6,1
triplet,"[0,2,6]",510510,9699690,19,26,25,34,0011000000000000011000010,15,0.00017629429394135277,10,9,1
triplet,"[0,2,6]",510510,9699690,19,26,25,34,0011000100000000000000000,60,0.0007051771757654111,5,4,1
triplet,"[0,2,6]",510510,9699690,19,26,25,34,0011000100000000000000010,30,0.00035258858788270555,7,6,1
triplet,"[0,2,6]",510510,9699690,19,26,25,34,0011000100000000001000000,44,0.0005171299288946348,6,5,1
triplet,"[0,2,6]",510510,9699690,19,26,25,34,0011000100000000001000010,22,0.0002585649644473174,8,7,1
triplet,"[0,2,6]",510510,9699690,19,26,25,34,0011000100000000010000000,36,0.0004231063054592466,6,5,1
triplet,"[0,2,6]",510510,9699690,19,26,25,34,0011000100000000010000010,6,7.05177175765411e-05,9,8,1
triplet,"[0,2,6]",510510,9699690,19,26,25,34,0011000100000000011000000,36,0.0004231063054592466,8,7,1
triplet,"[0,2,6]",510510,9699690,19,26,25,34,0011000100000000011000010,6,7.05177175765411e-05,11,10,1
quadruplet,"[0,2,6,8]",2310,30030,13,21,20,0,00000000000000001000,2,0.005194805194805195,2,1,1
quadruplet,"[0,2,6,8]",2310,30030,13,21,20,0,01000000000000000000,2,0.005194805194805195,2,1,1
quadruplet,"[0,2,6,8]",2310,30030,13,21,20,0,01000000000000001000,5,0.012987012987012988,3,2,1
quadruplet,"[0,2,6,8]",2310,30030,13,21,20,1,00000000000000010000,2,0.005194805194805195,2,1,1
quadruplet,"[0,2,6,8]",2310,30030,13,21,20,1,10000000000000000000,2,0.005194805194805195,2,1,1
quadruplet,"[0,2,6,8]",2310,30030,13,21,20,1,10000000000000010000,5,0.012987012987012988,3,2,1
quadruplet,"[0,2,6,8]",2310,30030,13,21,20,2,00000000000000100000,7,0.01818181818181818,2,1,1
quadruplet,"[0,2,6,8]",2310,30030,13,21,20,3,00000000000001000000,7,0.01818181818181818,2,1,1
quadruplet,"[0,2,6,8]",2310,30030,13,21,20,4,00000000000010000000,7,0.01818181818181818,2,1,1
quadruplet,"[0,2,6,8]",2310,30030,13,21,20,5,00000000000100000000,7,0.01818181818181818,2,1,1
quadruplet,"[0,2,6,8]",2310,30030,13,21,20,6,00000000001000000000,7,0.01818181818181818,2,1,1
quadruplet,"[0,2,6,8]",2310,30030,13,21,20,7,00000000010000000000,7,0.01818181818181818,2,1,1
quadruplet,"[0,2,6,8]",2310,30030,13,21,20,8,00000000100000000000,7,0.01818181818181818,2,1,1
quadruplet,"[0,2,6,8]",2310,30030,13,21,20,9,00000001000000000000,7,0.01818181818181818,2,1,1
quadruplet,"[0,2,6,8]",2310,30030,13,21,20,10,00000010000000000000,7,0.01818181818181818,2,1,1
quadruplet,"[0,2,6,8]",2310,30030,13,21,20,11,00000000000000000000,4,0.01038961038961039,2,1,1
quadruplet,"[0,2,6,8]",2310,30030,13,21,20,11,00000100000000000000,7,0.01818181818181818,4,3,1
quadruplet,"[0,2,6,8]",2310,30030,13,21,20,12,00000000000000000001,2,0.005194805194805195,2,1,1
quadruplet,"[0,2,6,8]",2310,30030,13,21,20,12,00001000000000000000,2,0.005194805194805195,2,1,1
quadruplet,"[0,2,6,8]",2310,30030,13,21,20,12,00001000000000000001,5,0.012987012987012988,3,2,1
quadruplet,"[0,2,6,8]",2310,30030,13,21,20,13,00000000000000000010,2,0.005194805194805195,2,1,1
quadruplet,"[0,2,6,8]",2310,30030,13,21,20,13,00010000000000000000,2,0.005194805194805195,2,1,1
quadruplet,"[0,2,6,8]",2310,30030,13,21,20,13,00010000000000000010,5,0.012987012987012988,3,2,1
quadruplet,"[0,2,6,8]",2310,30030,13,21,20,14,00000000000000000100,2,0.005194805194805195,2,1,1
quadruplet,"[0,2,6,8]",2310,30030,13,21,20,14,00100000000000000000,2,0.005194805194805195,2,1,1
quadruplet,"[0,2,6,8]",2310,30030,13,21,20,14,00100000000000000100,5,0.012987012987012988,3,2,1
quadruplet,"[0,2,6,8]",2310,30030,13,21,20,15,00000000000000001000,2,0.005194805194805195,2,1,1
quadruplet,"[0,2,6,8]",2310,30030,13,21,20,15,01000000000000000000,2,0.005194805194805195,2,1,1
quadruplet,"[0,2,6,8]",2310,30030,13,21,20,15,01000000000000001000,5,0.012987012987012988,3,2,1
quadruplet,"[0,2,6,8]",2310,30030,13,21,20,16,00000000000000000000,2,0.005194805194805195,2,1,1
quadruplet,"[0,2,6,8]",2310,30030,13,21,20,16,00000000000000010000,2,0.005194805194805195,4,3,1
quadruplet,"[0,2,6,8]",2310,30030,13,21,20,16,10000000000000000000,2,0.005194805194805195,4,3,1
quadruplet,"[0,2,6,8]",2310,30030,13,21,20,16,10000000000000010000,5,0.012987012987012988,6,5,1
quadruplet,"[0,2,6,8]",2310,30030,13,21,20,17,00000000000000000001,3,0.007792207792207792,2,1,1
quadruplet,"[0,2,6,8]",2310,30030,13,21,20,17,00000000000000100000,3,0.007792207792207792,2,1,1
quadruplet,"[0,2,6,8]",2310,30030,13,21,20,17,00000000000000100001,4,0.01038961038961039,4,3,1
quadruplet,"[0,2,6,8]",2310,30030,13,21,20,18,00000000000000000010,3,0.007792207792207792,2,1,1
quadruplet,"[0,2,6,8]",2310,30030,13,21,20,18,00000000000001000000,3,0.007792207792207792,2,1,1
quadruplet,"[0,2,6,8]",2310,30030,13,21,20,18,00000000000001000010,4,0.01038961038961039,4,3,1
quadruplet,"[0,2,6,8]",2310,30030,13,21,20,19,00000000000000000100,3,0.007792207792207792,2,1,1
quadruplet,"[0,2,6,8]",2310,30030,13,21,20,19,00000000000010000000,3,0.007792207792207792,2,1,1
quadruplet,"[0,2,6,8]",2310,30030,13,21,20,19,00000000000010000100,4,0.01038961038961039,4,3,1
quadruplet,"[0,2,6,8]",2310,30030,13,21,20,20,00000000000000001000,3,0.007792207792207792,2,1,1
quadruplet,"[0,2,6,8]",2310,30030,13,21,20,20,00000000000100000000,3,0.007792207792207792,2,1,1
quadruplet,"[0,2,6,8]",2310,30030,13,21,20,20,00000000000100001000,4,0.01038961038961039,4,3,1
quadruplet,"[0,2,6,8]",2310,30030,13,21,20,21,00000000000000010000,3,0.007792207792207792,2,1,1
quadruplet,"[0,2,6,8]",2310,30030,13,21,20,21,00000000001000000000,3,0.007792207792207792,2,1,1
quadruplet,"[0,2,6,8]",2310,30030,13,21,20,21,00000000001000010000,4,0.01038961038961039,4,3,1
quadruplet,"[0,2,6,8]",2310,30030,13,21,20,22,00000000000000100000,3,0.007792207792207792,2,1,1
quadruplet,"[0,2,6,8]",2310,30030,13,21,20,22,00000000010000000000,3,0.007792207792207792,2,1,1
quadruplet,"[0,2,6,8]",2310,30030,13,21,20,22,00000000010000100000,4,0.01038961038961039,4,3,1
quadruplet,"[0,2,6,8]",2310,30030,13,21,20,23,00000000000001000000,3,0.007792207792207792,2,1,1
quadruplet,"[0,2,6,8]",2310,30030,13,21,20,23,00000000100000000000,3,0.007792207792207792,2,1,1
quadruplet,"[0,2,6,8]",2310,30030,13,21,20,23,00000000100001000000,4,0.01038961038961039,4,3,1
quadruplet,"[0,2,6,8]",2310,30030,13,21,20,24,00000000000010000000,3,0.007792207792207792,2,1,1
quadruplet,"[0,2,6,8]",2310,30030,13,21,20,24,00000001000000000000,3,0.007792207792207792,2,1,1
quadruplet,"[0,2,6,8]",2310,30030,13,21,20,24,00000001000010000000,4,0.01038961038961039,4,3,1
quadruplet,"[0,2,6,8]",2310,30030,13,21,20,25,00000000000100000000,3,0.007792207792207792,2,1,1
quadruplet,"[0,2,6,8]",2310,30030,13,21,20,25,00000010000000000000,3,0.007792207792207792,2,1,1
quadruplet,"[0,2,6,8]",2310,30030,13,21,20,25,00000010000100000000,4,0.01038961038961039,4,3,1
quadruplet,"[0,2,6,8]",2310,30030,13,21,20,26,00000000001000000000,3,0.007792207792207792,2,1,1
quadruplet,"[0,2,6,8]",2310,30030,13,21,20,26,00000100000000000000,3,0.007792207792207792,2,1,1
quadruplet,"[0,2,6,8]",2310,30030,13,21,20,26,00000100001000000000,4,0.01038961038961039,4,3,1
quadruplet,"[0,2,6,8]",2310,30030,13,21,20,27,00000000010000000000,3,0.007792207792207792,2,1,1
quadruplet,"[0,2,6,8]",2310,30030,13,21,20,27,00001000000000000000,3,0.007792207792207792,2,1,1
quadruplet,"[0,2,6,8]",2310,30030,13,21,20,27,00001000010000000000,4,0.01038961038961039,4,3,1
quadruplet,"[0,2,6,8]",2310,30030,13,21,20,28,00000000100000000000,3,0.007792207792207792,2,1,1
quadruplet,"[0,2,6,8]",2310,30030,13,21,20,28,00010000000000000000,3,0.007792207792207792,2,1,1
quadruplet,"[0,2,6,8]",2310,30030,13,21,20,28,00010000100000000000,4,0.01038961038961039,4,3,1
quadruplet,"[0,2,6,8]",2310,30030,13,21,20,29,00000001000000000000,3,0.007792207792207792,2,1,1
quadruplet,"[0,2,6,8]",2310,30030,13,21,20,29,00100000000000000000,3,0.007792207792207792,2,1,1
quadruplet,"[0,2,6,8]",2310,30030,13,21,20,29,00100001000000000000,4,0.01038961038961039,4,3,1
quadruplet,"[0,2,6,8]",2310,30030,13,21,20,30,00000010000000000000,3,0.007792207792207792,2,1,1
quadruplet,"[0,2,6,8]",2310,30030,13,21,20,30,01000000000000000000,3,0.007792207792207792,2,1,1
quadruplet,"[0,2,6,8]",2310,30030,13,21,20,30,01000010000000000000,4,0.01038961038961039,4,3,1
quadruplet,"[0,2,6,8]",2310,30030,13,21,20,31,00000000000000000000,1,0.0025974025974025974,2,1,1
quadruplet,"[0,2,6,8]",2310,30030,13,21,20,31,00000100000000000000,3,0.007792207792207792,3,2,1
quadruplet,"[0,2,6,8]",2310,30030,13,21,20,31,10000000000000000000,3,0.007792207792207792,4,3,1
quadruplet,"[0,2,6,8]",2310,30030,13,21,20,31,10000100000000000000,4,0.01038961038961039,8,7,1
quadruplet,"[0,2,6,8]",2310,30030,13,21,20,32,00000000000000000001,2,0.005194805194805195,2,1,1
quadruplet,"[0,2,6,8]",2310,30030,13,21,20,32,00001000000000000000,2,0.005194805194805195,2,1,1
quadruplet,"[0,2,6,8]",2310,30030,13,21,20,32,00001000000000000001,5,0.012987012987012988,3,2,1
quadruplet,"[0,2,6,8]",2310,30030,13,21,20,33,00000000000000000010,2,0.005194805194805195,2,1,1
quadruplet,"[0,2,6,8]",2310,30030,13,21,20,33,00010000000000000000,2,0.005194805194805195,2,1,1
quadruplet,"[0,2,6,8]",2310,30030,13,21,20,33,00010000000000000010,5,0.012987012987012988,3,2,1
quadruplet,"[0,2,6,8]",2310,30030,13,21,20,34,00000000000000000100,2,0.005194805194805195,2,1,1
quadruplet,"[0,2,6,8]",2310,30030,13,21,20,34,00100000000000000000,2,0.005194805194805195,2,1,1
quadruplet,"[0,2,6,8]",2310,30030,13,21,20,34,00100000000000000100,5,0.012987012987012988,3,2,1
double_twins_p17,"[0,2,34,36]",2310,30030,13,21,20,0,00000000000000000100,2,0.005194805194805195,2,1,1
double_twins_p17,"[0,2,34,36]",2310,30030,13,21,20,0,00100000000000000000,2,0.005194805194805195,2,1,1
double_twins_p17,"[0,2,34,36]",2310,30030,13,21,20,0,00100000000000000100,5,0.012987012987012988,3,2,1
double_twins_p17,"[0,2,34,36]",2310,30030,13,21,20,1,00000000000000001000,2,0.005194805194805195,2,1,1
double_twins_p17,"[0,2,34,36]",2310,30030,13,21,20,1,01000000000000000000,2,0.005194805194805195,2,1,1
double_twins_p17,"[0,2,34,36]",2310,30030,13,21,20,1,01000000000000001000,5,0.012987012987012988,3,2,1
double_twins_p17,"[0,2,34,36]",2310,30030,13,21,20,2,00000000000000000000,2,0.005194805194805195,2,1,1
double_twins_p17,"[0,2,34,36]",2310,30030,13,21,20,2,00000000000000010000,2,0.005194805194805195,2,1,1
double_twins_p17,"[0,2,34,36]",2310,30030,13,21,20,2,10000000000000000000,2,0.005194805194805195,4,3,1
double_twins_p17,"[0,2,34,36]",2310,30030,13,21,20,2,10000000000000010000,5,0.012987012987012988,6,5,1
double_twins_p17,"[0,2,34,36]",2310,30030,13,21,20,3,00000000000000000001,3,0.007792207792207792,2,1,1
double_twins_p17,"[0,2,34,36]",2310,30030,13,21,20,3,00000000000000100000,3,0.007792207792207792,2,1,1
double_twins_p17,"[0,2,34,36]",2310,30030,13,21,20,3,00000000000000100001,4,0.01038961038961039,3,2,1
double_twins_p17,"[0,2,34,36]",2310,30030,13,21,20,4,00000000000000000010,3,0.007792207792207792,2,1,1
double_twins_p17,"[0,2,34,36]",2310,30030,13,21,20,4,00000000000001000000,3,0.007792207792207792,2,1,1
double_twins_p17,"[0,2,34,36]",2310,30030,13,21,20,4,00000000000001000010,4,0.01038961038961039,3,2,1
double_twins_p17,"[0,2,34,36]",2310,30030,13,21,20,5,00000000000000000100,3,0.007792207792207792,2,1,1
double_twins_p17,"[0,2,34,36]",2310,30030,13,21,20,5,00000000000010000000,3,0.007792207792207792,2,1,1
double_twins_p17,"[0,2,34,36]",2310,30030,13,21,20,5,00000000000010000100,4,0.01038961038961039,3,2,1
double_twins_p17,"[0,2,34,36]",2310,30030,13,21,20,6,00000000000000001000,3,0.007792207792207792,2,1,1
double_twins_p17,"[0,2,34,36]",2310,30030,13,21,20,6,00000000000100000000,3,0.007792207792207792,2,1,1
double_twins_p17,"[0,2,34,36]",2310,30030,13,21,20,6,00000000000100001000,4,0.01038961038961039,3,2,1
double_twins_p17,"[0,2,34,36]",2310,30030,13,21,20,7,00000000000000010000,3,0.007792207792207792,2,1,1
double_twins_p17,"[0,2,34,36]",2310,30030,13,21,20,7,00000000001000000000,3,0.007792207792207792,2,1,1
double_twins_p17,"[0,2,34,36]",2310,30030,13,21,20,7,00000000001000010000,4,0.01038961038961039,3,2,1
double_twins_p17,"[0,2,34,36]",2310,30030,13,21,20,8,00000000000000100000,3,0.007792207792207792,2,1,1
double_twins_p17,"[0,2,34,36]",2310,30030,13,21,20,8,00000000010000000000,3,0.007792207792207792,2,1,1
double_twins_p17,"[0,2,34,36]",2310,30030,13,21,20,8,00000000010000100000,4,0.01038961038961039,3,2,1
double_twins_p17,"[0,2,34,36]",2310,30030,13,21,20,9,00000000000001000000,3,0.007792207792207792,2,1,1
double_twins_p17,"[0,2,34,36]",2310,30030,13,21,20,9,00000000100000000000,3,0.007792207792207792,2,1,1
double_twins_p17,"[0,2,34,36]",2310,30030,13,21,20,9,00000000100001000000,4,0.01038961038961039,3,2,1
double_twins_p17,"[0,2,34,36]",2310,30030,13,21,20,10,00000000000010000000,3,0.007792207792207792,2,1,1
double_twins_p17,"[0,2,34,36]",2310,30030,13,21,20,10,00000001000000000000,3,0.007792207792207792,2,1,1
double_twins_p17,"[0,2,34,36]",2310,30030,13,21,20,10,00000001000010000000,4,0.01038961038961039,3,2,1
double_twins_p17,"[0,2,34,36]",2310,30030,13,21,20,11,00000000000100000000,3,0.007792207792207792,2,1,1
double_twins_p17,"[0,2,34,36]",2310,30030,13,21,20,11,00000010000000000000,3,0.007792207792207792,2,1,1
double_twins_p17,"[0,2,34,36]",2310,30030,13,21,20,11,00000010000100000000,4,0.01038961038961039,3,2,1
double_twins_p17,"[0,2,34,36]",2310,30030,13,21,20,12,00000000001000000000,3,0.007792207792207792,2,1,1
double_twins_p17,"[0,2,34,36]",2310,30030,13,21,20,12,00000100000000000000,3,0.007792207792207792,2,1,1
double_twins_p17,"[0,2,34,36]",2310,30030,13,21,20,12,00000100001000000000,4,0.01038961038961039,3,2,1
double_twins_p17,"[0,2,34,36]",2310,30030,13,21,20,13,00000000010000000000,3,0.007792207792207792,2,1,1
double_twins_p17,"[0,2,34,36]",2310,30030,13,21,20,13,00001000000000000000,3,0.007792207792207792,2,1,1
double_twins_p17,"[0,2,34,36]",2310,30030,13,21,20,13,00001000010000000000,4,0.01038961038961039,3,2,1
double_twins_p17,"[0,2,34,36]",2310,30030,13,21,20,14,00000000100000000000,3,0.007792207792207792,2,1,1
double_twins_p17,"[0,2,34,36]",2310,30030,13,21,20,14,00010000000000000000,3,0.007792207792207792,2,1,1
double_twins_p17,"[0,2,34,36]",2310,30030,13,21,20,14,00010000100000000000,4,0.01038961038961039,3,2,1
double_twins_p17,"[0,2,34,36]",2310,30030,13,21,20,15,00000001000000000000,3,0.007792207792207792,2,1,1
double_twins_p17,"[0,2,34,36]",2310,30030,13,21,20,15,00100000000000000000,3,0.007792207792207792,2,1,1
double_twins_p17,"[0,2,34,36]",2310,30030,13,21,20,15,00100001000000000000,4,0.01038961038961039,3,2,1
double_twins_p17,"[0,2,34,36]",2310,30030,13,21,20,16,00000010000000000000,3,0.007792207792207792,2,1,1
double_twins_p17,"[0,2,34,36]",2310,30030,13,21,20,16,01000000000000000000,3,0.007792207792207792,2,1,1
double_twins_p17,"[0,2,34,36]",2310,30030,13,21,20,16,01000010000000000000,4,0.01038961038961039,3,2,1
double_twins_p17,"[0,2,34,36]",2310,30030,13,21,20,17,00000100000000000000,3,0.007792207792207792,4,3,1
double_twins_p17,"[0,2,34,36]",2310,30030,13,21,20,17,10000000000000000000,3,0.007792207792207792,4,3,1
double_twins_p17,"[0,2,34,36]",2310,30030,13,21,20,17,10000100000000000000,4,0.01038961038961039,5,4,1
double_twins_p17,"[0,2,34,36]",2310,30030,13,21,20,18,00000000000000000001,2,0.005194805194805195,2,1,1
double_twins_p17,"[0,2,34,36]",2310,30030,13,21,20,18,00001000000000000000,2,0.005194805194805195,2,1,1
double_twins_p17,"[0,2,34,36]",2310,30030,13,21,20,18,00001000000000000001,5,0.012987012987012988,3,2,1
double_twins_p17,"[0,2,34,36]",2310,30030,13,21,20,19,00000000000000000010,2,0.005194805194805195,2,1,1
double_twins_p17,"[0,2,34,36]",2310,30030,13,21,20,19,00010000000000000000,2,0.005194805194805195,2,1,1
double_twins_p17,"[0,2,34,36]",2310,30030,13,21,20,19,00010000000000000010,5,0.012987012987012988,3,2,1
double_twins_p17,"[0,2,34,36]",2310,30030,13,21,20,20,00000000000000000100,2,0.005194805194805195,2,1,1
double_twins_p17,"[0,2,34,36]",2310,30030,13,21,20,20,00100000000000000000,2,0.005194805194805195,2,1,1
double_twins_p17,"[0,2,34,36]",2310,30030,13,21,20,20,00100000000000000100,5,0.012987012987012988,3,2,1
double_twins_p17,"[0,2,34,36]",2310,30030,13,21,20,21,00000000000000001000,2,0.005194805194805195,2,1,1
double_twins_p17,"[0,2,34,36]",2310,30030,13,21,20,21,01000000000000000000,2,0.005194805194805195,2,1,1
double_twins_p17,"[0,2,34,36]",2310,30030,13,21,20,21,01000000000000001000,5,0.012987012987012988,3,2,1
double_twins_p17,"[0,2,34,36]",2310,30030,13,21,20,22,00000000000000010000,2,0.005194805194805195,2,1,1
double_twins_p17,"[0,2,34,36]",2310,30030,13,21,20,22,10000000000000000000,2,0.005194805194805195,2,1,1
double_twins_p17,"[0,2,34,36]",2310,30030,13,21,20,22,10000000000000010000,5,0.012987012987012988,3,2,1
double_twins_p17,"[0,2,34,36]",2310,30030,13,21,20,23,00000000000000100000,7,0.01818181818181818,2,1,1
double_twins_p17,"[0,2,34,36]",2310,30030,13,21,20,24,00000000000001000000,7,0.01818181818181818,2,1,1
double_twins_p17,"[0,2,34,36]",2310,30030,13,21,20,25,00000000000010000000,7,0.01818181818181818,2,1,1
double_twins_p17,"[0,2,34,36]",2310,30030,13,21,20,26,00000000000100000000,7,0.01818181818181818,2,1,1
double_twins_p17,"[0,2,34,36]",2310,30030,13,21,20,27,00000000001000000000,7,0.01818181818181818,2,1,1
double_twins_p17,"[0,2,34,36]",2310,30030,13,21,20,28,00000000010000000000,7,0.01818181818181818,2,1,1
double_twins_p17,"[0,2,34,36]",2310,30030,13,21,20,29,00000000100000000000,7,0.01818181818181818,2,1,1
double_twins_p17,"[0,2,34,36]",2310,30030,13,21,20,30,00000001000000000000,7,0.01818181818181818,2,1,1
double_twins_p17,"[0,2,34,36]",2310,30030,13,21,20,31,00000010000000000000,7,0.01818181818181818,2,1,1
double_twins_p17,"[0,2,34,36]",2310,30030,13,21,20,32,00000000000000000000,4,0.01038961038961039,2,1,1
double_twins_p17,"[0,2,34,36]",2310,30030,13,21,20,32,00000100000000000000,7,0.01818181818181818,4,3,1
double_twins_p17,"[0,2,34,36]",2310,30030,13,21,20,33,00000000000000000001,2,0.005194805194805195,2,1,1
double_twins_p17,"[0,2,34,36]",2310,30030,13,21,20,33,00001000000000000000,2,0.005194805194805195,2,1,1
double_twins_p17,"[0,2,34,36]",2310,30030,13,21,20,33,00001000000000000001,5,0.012987012987012988,3,2,1
double_twins_p17,"[0,2,34,36]",2310,30030,13,21,20,34,00000000000000000010,2,0.005194805194805195,2,1,1
double_twins_p17,"[0,2,34,36]",2310,30030,13,21,20,34,00010000000000000000,2,0.005194805194805195,2,1,1
double_twins_p17,"[0,2,34,36]",2310,30030,13,21,20,34,00010000000000000010,5,0.012987012987012988,3,2,1
triplet,"[0,2,6]",30030,510510,17,16,15,0,000000100000000,16,0.003196803196803197,2,1,1
triplet,"[0,2,6]",30030,510510,17,16,15,0,001000000000000,8,0.0015984015984015984,2,1,1
triplet,"[0,2,6]",30030,510510,17,16,15,0,001000100000000,24,0.004795204795204795,3,2,1
triplet,"[0,2,6]",30030,510510,17,16,15,0,010000000000000,16,0.003196803196803197,2,1,1
triplet,"[0,2,6]",30030,510510,17,16,15,0,010000100000000,16,0.003196803196803197,4,3,1
triplet,"[0,2,6]",30030,510510,17,16,15,0,011000000000000,24,0.004795204795204795,4,3,1
triplet,"[0,2,6]",30030,510510,17,16,15,0,011000100000000,24,0.004795204795204795,6,5,1
triplet,"[0,2,6]",30030,510510,17,16,15,1,000000000000000,15,0.002997002997002997,2,1,1
triplet,"[0,2,6]",30030,510510,17,16,15,1,000001000000000,16,0.003196803196803197,4,3,1
triplet,"[0,2,6]",30030,510510,17,16,15,1,010000000000000,8,0.0015984015984015984,4,3,1
triplet,"[0,2,6]",30030,510510,17,16,15,1,010001000000000,24,0.004795204795204795,6,5,1
triplet,"[0,2,6]",30030,510510,17,16,15,1,100000000000000,16,0.003196803196803197,4,3,1
triplet,"[0,2,6]",30030,510510,17,16,15,1,100001000000000,16,0.003196803196803197,8,7,1
triplet,"[0,2,6]",30030,510510,17,16,15,1,110000000000000,24,0.004795204795204795,8,7,1
triplet,"[0,2,6]",30030,510510,17,16,15,1,110001000000000,24,0.004795204795204795,12,11,1
triplet,"[0,2,6]",30030,510510,17,16,15,2,000000000000000,17,0.0033966033966033966,2,1,1
triplet,"[0,2,6]",30030,510510,17,16,15,2,000000000000001,14,0.002797202797202797,4,3,1
triplet,"[0,2,6]",30030,510510,17,16,15,2,000010000000000,14,0.002797202797202797,4,3,1
triplet,"[0,2,6]",30030,510510,17,16,15,2,000010000000001,18,0.0035964035964035964,6,5,1
triplet,"[0,2,6]",30030,510510,17,16,15,2,100000000000000,8,0.0015984015984015984,4,3,1
triplet,"[0,2,6]",30030,510510,17,16,15,2,100000000000001,24,0.004795204795204795,6,5,1
triplet,"[0,2,6]",30030,510510,17,16,15,2,100010000000000,24,0.004795204795204795,6,5,1
triplet,"[0,2,6]",30030,510510,17,16,15,2,100010000000001,24,0.004795204795204795,8,7,1
triplet,"[0,2,6]",30030,510510,17,16,15,3,000000000000001,6,0.0011988011988011988,2,1,1
triplet,"[0,2,6]",30030,510510,17,16,15,3,000000000000010,20,0.003996003996003996,2,1,1
triplet,"[0,2,6]",30030,510510,17,16,15,3,000000000000011,18,0.0035964035964035964,4,3,1
triplet,"[0,2,6]",30030,510510,17,16,15,3,000100000000000,12,0.0023976023976023976,2,1,1
triplet,"[0,2,6]",30030,510510,17,16,15,3,000100000000001,26,0.005194805194805195,4,3,1
triplet,"[0,2,6]",30030,510510,17,16,15,3,000100000000010,12,0.0023976023976023976,3,2,1
triplet,"[0,2,6]",30030,510510,17,16,15,3,000100000000011,30,0.005994005994005994,6,5,1
triplet,"[0,2,6]",30030,510510,17,16,15,4,000000000000010,6,0.0011988011988011988,2,1,1
triplet,"[0,2,6]",30030,510510,17,16,15,4,000000000000100,20,0.003996003996003996,2,1,1
triplet,"[0,2,6]",30030,510510,17,16,15,4,000000000000110,18,0.0035964035964035964,4,3,1
triplet,"[0,2,6]",30030,510510,17,16,15,4,001000000000000,12,0.0023976023976023976,2,1,1
triplet,"[0,2,6]",30030,510510,17,16,15,4,001000000000010,26,0.005194805194805195,4,3,1
triplet,"[0,2,6]",30030,510510,17,16,15,4,001000000000100,12,0.0023976023976023976,3,2,1
triplet,"[0,2,6]",30030,510510,17,16,15,4,001000000000110,30,0.005994005994005994,6,5,1
triplet,"[0,2,6]",30030,510510,17,16,15,5,000000000000100,6,0.0011988011988011988,2,1,1
triplet,"[0,2,6]",30030,510510,17,16,15,5,000000000001000,20,0.003996003996003996,2,1,1
triplet,"[0,2,6]",30030,510510,17,16,15,5,000000000001100,18,0.0035964035964035964,4,3,1
triplet,"[0,2,6]",30030,510510,17,16,15,5,010000000000000,12,0.0023976023976023976,2,1,1
triplet,"[0,2,6]",30030,510510,17,16,15,5,010000000000100,26,0.005194805194805195,4,3,1
triplet,"[0,2,6]",30030,510510,17,16,15,5,010000000001000,12,0.0023976023976023976,3,2,1
triplet,"[0,2,6]",30030,510510,17,16,15,5,010000000001100,30,0.005994005994005994,6,5,1
triplet,"[0,2,6]",30030,510510,17,16,15,6,000000000001000,6,0.0011988011988011988,2,1,1
triplet,"[0,2,6]",30030,510510,17,16,15,6,000000000010000,20,0.003996003996003996,2,1,1
triplet,"[0,2,6]",30030,510510,17,16,15,6,000000000011000,18,0.0035964035964035964,4,3,1
triplet,"[0,2,6]",30030,510510,17,16,15,6,100000000000000,12,0.0023976023976023976,2,1,1
triplet,"[0,2,6]",30030,510510,17,16,15,6,100000000001000,26,0.005194805194805195,4,3,1
triplet,"[0,2,6]",30030,510510,17,16,15,6,100000000010000,12,0.0023976023976023976,3,2,1
triplet,"[0,2,6]",30030,510510,17,16,15,6,100000000011000,30,0.005994005994005994,6,5,1
triplet,"[0,2,6]",30030,510510,17,16,15,7,000000000000000,31,0.006193806193806194,2,1,1
triplet,"[0,2,6]",30030,510510,17,16,15,7,000000000010000,32,0.006393606393606394,4,3,1
triplet,"[0,2,6]",30030,510510,17,16,15,7,000000000100000,32,0.006393606393606394,4,3,1
triplet,"[0,2,6]",30030,510510,17,16,15,7,000000000110000,48,0.00959040959040959,8,7,1
triplet,"[0,2,6]",30030,510510,17,16,15,8,000000000000001,23,0.004595404595404595,2,1,1
triplet,"[0,2,6]",30030,510510,17,16,15,8,000000000100000,10,0.001998001998001998,2,1,1
triplet,"[0,2,6]",30030,510510,17,16,15,8,000000000100001,22,0.004395604395604396,4,3,1
triplet,"[0,2,6]",30030,510510,17,16,15,8,000000001000000,15,0.002997002997002997,2,1,1
triplet,"[0,2,6]",30030,510510,17,16,15,8,000000001000001,17,0.0033966033966033966,4,3,1
triplet,"[0,2,6]",30030,510510,17,16,15,8,000000001100000,30,0.005994005994005994,4,3,1
triplet,"[0,2,6]",30030,510510,17,16,15,8,000000001100001,18,0.0035964035964035964,7,6,1
triplet,"[0,2,6]",30030,510510,17,16,15,9,000000000000010,23,0.004595404595404595,2,1,1
triplet,"[0,2,6]",30030,510510,17,16,15,9,000000001000000,10,0.001998001998001998,2,1,1
triplet,"[0,2,6]",30030,510510,17,16,15,9,000000001000010,22,0.004395604395604396,4,3,1
triplet,"[0,2,6]",30030,510510,17,16,15,9,000000010000000,15,0.002997002997002997,2,1,1
triplet,"[0,2,6]",30030,510510,17,16,15,9,000000010000010,17,0.0033966033966033966,4,3,1
triplet,"[0,2,6]",30030,510510,17,16,15,9,000000011000000,30,0.005994005994005994,4,3,1
triplet,"[0,2,6]",30030,510510,17,16,15,9,000000011000010,18,0.0035964035964035964,7,6,1
triplet,"[0,2,6]",30030,510510,17,16,15,10,000000000000100,23,0.004595404595404595,2,1,1
triplet,"[0,2,6]",30030,510510,17,16,15,10,000000010000000,10,0.001998001998001998,2,1,1
triplet,"[0,2,6]",30030,510510,17,16,15,10,000000010000100,22,0.004395604395604396,4,3,1
triplet,"[0,2,6]",30030,510510,17,16,15,10,000000100000000,15,0.002997002997002997,2,1,1
triplet,"[0,2,6]",30030,510510,17,16,15,10,000000100000100,17,0.0033966033966033966,4,3,1
triplet,"[0,2,6]",30030,510510,17,16,15,10,000000110000000,30,0.005994005994005994,4,3,1
triplet,"[0,2,6]",30030,510510,17,16,15,10,000000110000100,18,0.0035964035964035964,7,6,1
triplet,"[0,2,6]",30030,510510,17,16,15,11,000000000001000,23,0.004595404595404595,2,1,1
triplet,"[0,2,6]",30030,510510,17,16,15,11,000000100000000,10,0.001998001998001998,2,1,1
triplet,"[0,2,6]",30030,510510,17,16,15,11,000000100001000,22,0.004395604395604396,4,3,1
triplet,"[0,2,6]",30030,510510,17,16,15,11,000001000000000,15,0.002997002997002997,2,1,1
triplet,"[0,2,6]",30030,510510,17,16,15,11,000001000001000,17,0.0033966033966033966,4,3,1
triplet,"[0,2,6]",30030,510510,17,16,15,11,000001100000000,30,0.005994005994005994,4,3,1
triplet,"[0,2,6]",30030,510510,17,16,15,11,000001100001000,18,0.0035964035964035964,7,6,1
triplet,"[0,2,6]",30030,510510,17,16,15,12,000000000000000,8,0.0015984015984015984,2,1,1
triplet,"[0,2,6]",30030,510510,17,16,15,12,000000000010000,23,0.004595404595404595,4,3,1
triplet,"[0,2,6]",30030,510510,17,16,15,12,000001000000000,10,0.001998001998001998,4,3,1
triplet,"[0,2,6]",30030,510510,17,16,15,12,000001000010000,22,0.004395604395604396,8,7,1
triplet,"[0,2,6]",30030,510510,17,16,15,12,000010000000000,15,0.002997002997002997,4,3,1
triplet,"[0,2,6]",30030,510510,17,16,15,12,000010000010000,17,0.0033966033966033966,8,7,1
triplet,"[0,2,6]",30030,510510,17,16,15,12,000011000000000,30,0.005994005994005994,8,7,1
triplet,"[0,2,6]",30030,510510,17,16,15,12,000011000010000,18,0.0035964035964035964,12,11,1
triplet,"[0,2,6]",30030,510510,17,16,15,13,000000000000001,3,0.0005994005994005994,2,1,1
triplet,"[0,2,6]",30030,510510,17,16,15,13,000000000100000,14,0.002797202797202797,2,1,1
triplet,"[0,2,6]",30030,510510,17,16,15,13,000000000100001,9,0.0017982017982017982,4,3,1
triplet,"[0,2,6]",30030,510510,17,16,15,13,000010000000000,4,0.0007992007992007992,2,1,1
triplet,"[0,2,6]",30030,510510,17,16,15,13,000010000000001,6,0.0011988011988011988,3,2,1
triplet,"[0,2,6]",30030,510510,17,16,15,13,000010000100000,16,0.003196803196803197,4,3,1
triplet,"[0,2,6]",30030,510510,17,16,15,13,000010000100001,6,0.0011988011988011988,6,5,1
triplet,"[0,2,6]",30030,510510,17,16,15,13,000100000000000,2,0.0003996003996003996,2,1,1
triplet,"[0,2,6]",30030,510510,17,16,15,13,000100000000001,13,0.0025974025974025974,4,3,1
triplet,"[0,2,6]",30030,510510,17,16,15,13,000100000100000,4,0.0007992007992007992,4,3,1
triplet,"[0,2,6]",30030,510510,17,16,15,13,000100000100001,13,0.0025974025974025974,7,6,1
triplet,"[0,2,6]",30030,510510,17,16,15,13,000110000000000,12,0.0023976023976023976,4,3,1
triplet,"[0,2,6]",30030,510510,17,16,15,13,000110000000001,18,0.0035964035964035964,6,5,1
triplet,"[0,2,6]",30030,510510,17,16,15,13,000110000100000,6,0.0011988011988011988,7,6,1
triplet,"[0,2,6]",30030,510510,17,16,15,13,000110000100001,12,0.0023976023976023976,8,7,1
triplet,"[0,2,6]",30030,510510,17,16,15,14,000000000000010,3,0.0005994005994005994,2,1,1
triplet,"[0,2,6]",30030,510510,17,16,15,14,000000001000000,14,0.002797202797202797,2,1,1
triplet,"[0,2,6]",30030,510510,17,16,15,14,000000001000010,9,0.0017982017982017982,4,3,1
triplet,"[0,2,6]",30030,510510,17,16,15,14,000100000000000,4,0.0007992007992007992,2,1,1
triplet,"[0,2,6]",30030,510510,17,16,15,14,000100000000010,6,0.0011988011988011988,3,2,1
triplet,"[0,2,6]",30030,510510,17,16,15,14,000100001000000,16,0.003196803196803197,4,3,1
triplet,"[0,2,6]",30030,510510,17,16,15,14,000100001000010,6,0.0011988011988011988,6,5,1
triplet,"[0,2,6]",30030,510510,17,16,15,14,001000000000000,2,0.0003996003996003996,2,1,1
triplet,"[0,2,6]",30030,510510,17,16,15,14,001000000000010,13,0.0025974025974025974,4,3,1
triplet,"[0,2,6]",30030,510510,17,16,15,14,001000001000000,4,0.0007992007992007992,4,3,1
triplet,"[0,2,6]",30030,510510,17,16,15,14,001000001000010,13,0.0025974025974025974,7,6,1
triplet,"[0,2,6]",30030,510510,17,16,15,14,001100000000000,12,0.0023976023976023976,4,3,1
triplet,"[0,2,6]",30030,510510,17,16,15,14,001100000000010,18,0.0035964035964035964,6,5,1
triplet,"[0,2,6]",30030,510510,17,16,15,14,001100001000000,6,0.0011988011988011988,7,6,1
triplet,"[0,2,6]",30030,510510,17,16,15,14,001100001000010,12,0.0023976023976023976,8,7,1
triplet,"[0,2,6]",30030,510510,17,16,15,15,000000000000100,3,0.0005994005994005994,2,1,1
triplet,"[0,2,6]",30030,510510,17,16,15,15,000000010000000,14,0.002797202797202797,2,1,1
triplet,"[0,2,6]",30030,510510,17,16,15,15,000000010000100,9,0.0017982017982017982,4,3,1
triplet,"[0,2,6]",30030,510510,17,16,15,15,001000000000000,4,0.0007992007992007992,2,1,1
triplet,"[0,2,6]",30030,510510,17,16,15,15,001000000000100,6,0.0011988011988011988,3,2,1
triplet,"[0,2,6]",30030,510510,17,16,15,15,001000010000000,16,0.003196803196803197,4,3,1
triplet,"[0,2,6]",30030,510510,17,16,15,15,001000010000100,6,0.0011988011988011988,6,5,1
triplet,"[0,2,6]",30030,510510,17,16,15,15,010000000000000,2,0.0003996003996003996,2,1,1
triplet,"[0,2,6]",30030,510510,17,16,15,15,010000000000100,13,0.0025974025974025974,4,3,1
triplet,"[0,2,6]",30030,510510,17,16,15,15,010000010000000,4,0.0007992007992007992,4,3,1
triplet,"[0,2,6]",30030,510510,17,16,15,15,010000010000100,13,0.0025974025974025974,7,6,1
triplet,"[0,2,6]",30030,510510,17,16,15,15,011000000000000,12,0.0023976023976023976,4,3,1
triplet,"[0,2,6]",30030,510510,17,16,15,15,011000000000100,18,0.0035964035964035964,6,5,1
triplet,"[0,2,6]",30030,510510,17,16,15,15,011000010000000,6,0.0011988011988011988,7,6,1
triplet,"[0,2,6]",30030,510510,17,16,15,15,011000010000100,12,0.0023976023976023976,8,7,1
triplet,"[0,2,6]",30030,510510,17,16,15,16,000000000000000,5,0.000999000999000999,2,1,1
triplet,"[0,2,6]",30030,510510,17,16,15,16,000000000001000,3,0.0005994005994005994,3,2,1
triplet,"[0,2,6]",30030,510510,17,16,15,16,000000100000000,14,0.002797202797202797,4,3,1
triplet,"[0,2,6]",30030,510510,17,16,15,16,000000100001000,9,0.0017982017982017982,8,7,1
triplet,"[0,2,6]",30030,510510,17,16,15,16,010000000000000,4,0.0007992007992007992,4,3,1
triplet,"[0,2,6]",30030,510510,17,16,15,16,010000000001000,6,0.0011988011988011988,4,3,1
triplet,"[0,2,6]",30030,510510,17,16,15,16,010000100000000,16,0.003196803196803197,8,7,1
triplet,"[0,2,6]",30030,510510,17,16,15,16,010000100001000,6,0.0011988011988011988,12,11,1
triplet,"[0,2,6]",30030,510510,17,16,15,16,100000000000000,2,0.0003996003996003996,4,3,1
triplet,"[0,2,6]",30030,510510,17,16,15,16,100000000001000,13,0.0025974025974025974,8,7,1
triplet,"[0,2,6]",30030,510510,17,16,15,16,100000100000000,4,0.0007992007992007992,8,7,1
triplet,"[0,2,6]",30030,510510,17,16,15,16,100000100001000,13,0.0025974025974025974,14,13,1
triplet,"[0,2,6]",30030,510510,17,16,15,16,110000000000000,12,0.0023976023976023976,8,7,1
triplet,"[0,2,6]",30030,510510,17,16,15,16,110000000001000,18,0.0035964035964035964,12,11,1
triplet,"[0,2,6]",30030,510510,17,16,15,16,110000100000000,6,0.0011988011988011988,14,13,1
triplet,"[0,2,6]",30030,510510,17,16,15,16,110000100001000,12,0.0023976023976023976,16,15,1
triplet,"[0,2,6]",30030,510510,17,16,15,17,000000000000001,3,0.0005994005994005994,2,1,1
triplet,"[0,2,6]",30030,510510,17,16,15,17,000000000010000,9,0.0017982017982017982,2,1,1
triplet,"[0,2,6]",30030,510510,17,16,15,17,000000000010001,7,0.0013986013986013986,3,2,1
triplet,"[0,2,6]",30030,510510,17,16,15,17,000001000000000,7,0.0013986013986013986,2,1,1
triplet,"[0,2,6]",30030,510510,17,16,15,17,000001000000001,11,0.002197802197802198,3,2,1
triplet,"[0,2,6]",30030,510510,17,16,15,17,000001000010000,11,0.002197802197802198,4,3,1
triplet,"[0,2,6]",30030,510510,17,16,15,17,000001000010001,11,0.002197802197802198,5,4,1
triplet,"[0,2,6]",30030,510510,17,16,15,17,100000000000000,6,0.0011988011988011988,2,1,1
triplet,"[0,2,6]",30030,510510,17,16,15,17,100000000000001,10,0.001998001998001998,3,2,1
triplet,"[0,2,6]",30030,510510,17,16,15,17,100000000010000,4,0.0007992007992007992,3,2,1
triplet,"[0,2,6]",30030,510510,17,16,15,17,100000000010001,20,0.003996003996003996,4,3,1
triplet,"[0,2,6]",30030,510510,17,16,15,17,100001000000000,14,0.002797202797202797,4,3,1
triplet,"[0,2,6]",30030,510510,17,16,15,17,100001000000001,8,0.0015984015984015984,5,4,1
triplet,"[0,2,6]",30030,510510,17,16,15,17,100001000010000,8,0.0015984015984015984,6,5,1
triplet,"[0,2,6]",30030,510510,17,16,15,17,100001000010001,10,0.001998001998001998,7,6,1
triplet,"[0,2,6]",30030,510510,17,16,15,18,000000000000010,13,0.0025974025974025974,2,1,1
triplet,"[0,2,6]",30030,510510,17,16,15,18,000000000100000,13,0.0025974025974025974,2,1,1
triplet,"[0,2,6]",30030,510510,17,16,15,18,000000000100010,27,0.005394605394605395,3,2,1
triplet,"[0,2,6]",30030,510510,17,16,15,18,000010000000000,21,0.004195804195804196,2,1,1
triplet,"[0,2,6]",30030,510510,17,16,15,18,000010000000010,19,0.003796203796203796,3,2,1
triplet,"[0,2,6]",30030,510510,17,16,15,18,000010000100000,19,0.003796203796203796,4,3,1
triplet,"[0,2,6]",30030,510510,17,16,15,18,000010000100010,21,0.004195804195804196,5,4,1
triplet,"[0,2,6]",30030,510510,17,16,15,19,000000000000100,13,0.0025974025974025974,2,1,1
triplet,"[0,2,6]",30030,510510,17,16,15,19,000000001000000,13,0.0025974025974025974,2,1,1
triplet,"[0,2,6]",30030,510510,17,16,15,19,000000001000100,27,0.005394605394605395,3,2,1
triplet,"[0,2,6]",30030,510510,17,16,15,19,000100000000000,21,0.004195804195804196,2,1,1
triplet,"[0,2,6]",30030,510510,17,16,15,19,000100000000100,19,0.003796203796203796,3,2,1
triplet,"[0,2,6]",30030,510510,17,16,15,19,000100001000000,19,0.003796203796203796,4,3,1
triplet,"[0,2,6]",30030,510510,17,16,15,19,000100001000100,21,0.004195804195804196,5,4,1
triplet,"[0,2,6]",30030,510510,17,16,15,20,000000000001000,13,0.0025974025974025974,2,1,1
triplet,"[0,2,6]",30030,510510,17,16,15,20,000000010000000,13,0.0025974025974025974,2,1,1
triplet,"[0,2,6]",30030,510510,17,16,15,20,000000010001000,27,0.005394605394605395,3,2,1
triplet,"[0,2,6]",30030,510510,17,16,15,20,001000000000000,21,0.004195804195804196,2,1,1
triplet,"[0,2,6]",30030,510510,17,16,15,20,001000000001000,19,0.003796203796203796,3,2,1
triplet,"[0,2,6]",30030,510510,17,16,15,20,001000010000000,19,0.003796203796203796,4,3,1
triplet,"[0,2,6]",30030,510510,17,16,15,20,001000010001000,21,0.004195804195804196,5,4,1
triplet,"[0,2,6]",30030,510510,17,16,15,21,000000000000000,10,0.001998001998001998,2,1,1
triplet,"[0,2,6]",30030,510510,17,16,15,21,000000000010000,13,0.0025974025974025974,4,3,1
triplet,"[0,2,6]",30030,510510,17,16,15,21,000000100000000,13,0.0025974025974025974,4,3,1
triplet,"[0,2,6]",30030,510510,17,16,15,21,000000100010000,27,0.005394605394605395,6,5,1
triplet,"[0,2,6]",30030,510510,17,16,15,21,010000000000000,21,0.004195804195804196,4,3,1
triplet,"[0,2,6]",30030,510510,17,16,15,21,010000000010000,19,0.003796203796203796,6,5,1
triplet,"[0,2,6]",30030,510510,17,16,15,21,010000100000000,19,0.003796203796203796,8,7,1
triplet,"[0,2,6]",30030,510510,17,16,15,21,010000100010000,21,0.004195804195804196,10,9,1
triplet,"[0,2,6]",30030,510510,17,16,15,22,000000000000000,4,0.0007992007992007992,2,1,1
triplet,"[0,2,6]",30030,510510,17,16,15,22,000000000000001,6,0.0011988011988011988,4,3,1
triplet,"[0,2,6]",30030,510510,17,16,15,22,000000000100000,9,0.0017982017982017982,4,3,1
triplet,"[0,2,6]",30030,510510,17,16,15,22,000000000100001,4,0.0007992007992007992,7,6,1
triplet,"[0,2,6]",30030,510510,17,16,15,22,000001000000000,6,0.0011988011988011988,4,3,1
triplet,"[0,2,6]",30030,510510,17,16,15,22,000001000000001,7,0.0013986013986013986,6,5,1
triplet,"[0,2,6]",30030,510510,17,16,15,22,000001000100000,12,0.0023976023976023976,6,5,1
triplet,"[0,2,6]",30030,510510,17,16,15,22,000001000100001,15,0.002997002997002997,9,8,1
triplet,"[0,2,6]",30030,510510,17,16,15,22,100000000000000,6,0.0011988011988011988,4,3,1
triplet,"[0,2,6]",30030,510510,17,16,15,22,100000000000001,15,0.002997002997002997,6,5,1
triplet,"[0,2,6]",30030,510510,17,16,15,22,100000000100000,4,0.0007992007992007992,6,5,1
triplet,"[0,2,6]",30030,510510,17,16,15,22,100000000100001,15,0.002997002997002997,9,8,1
triplet,"[0,2,6]",30030,510510,17,16,15,22,100001000000000,7,0.0013986013986013986,8,7,1
triplet,"[0,2,6]",30030,510510,17,16,15,22,100001000000001,12,0.0023976023976023976,10,9,1
triplet,"[0,2,6]",30030,510510,17,16,15,22,100001000100000,15,0.002997002997002997,10,9,1
triplet,"[0,2,6]",30030,510510,17,16,15,22,100001000100001,6,0.0011988011988011988,7,6,1
triplet,"[0,2,6]",30030,510510,17,16,15,23,000000000000001,7,0.0013986013986013986,2,1,1
triplet,"[0,2,6]",30030,510510,17,16,15,23,000000000000010,5,0.000999000999000999,2,1,1
triplet,"[0,2,6]",30030,510510,17,16,15,23,000000000000011,16,0.003196803196803197,4,3,1
triplet,"[0,2,6]",30030,510510,17,16,15,23,000000001000000,6,0.0011988011988011988,2,1,1
triplet,"[0,2,6]",30030,510510,17,16,15,23,000000001000001,7,0.0013986013986013986,4,3,1
triplet,"[0,2,6]",30030,510510,17,16,15,23,000000001000010,11,0.002197802197802198,4,3,1
triplet,"[0,2,6]",30030,510510,17,16,15,23,000000001000011,8,0.0015984015984015984,5,4,1
triplet,"[0,2,6]",30030,510510,17,16,15,23,000010000000000,5,0.000999000999000999,2,1,1
triplet,"[0,2,6]",30030,510510,17,16,15,23,000010000000001,8,0.0015984015984015984,3,2,1
triplet,"[0,2,6]",30030,510510,17,16,15,23,000010000000010,5,0.000999000999000999,3,2,1
triplet,"[0,2,6]",30030,510510,17,16,15,23,000010000000011,14,0.002797202797202797,5,4,1
triplet,"[0,2,6]",30030,510510,17,16,15,23,000010001000000,17,0.0033966033966033966,3,2,1
triplet,"[0,2,6]",30030,510510,17,16,15,23,000010001000001,10,0.001998001998001998,5,4,1
triplet,"[0,2,6]",30030,510510,17,16,15,23,000010001000010,11,0.002197802197802198,5,4,1
triplet,"[0,2,6]",30030,510510,17,16,15,23,000010001000011,10,0.001998001998001998,6,5,1
triplet,"[0,2,6]",30030,510510,17,16,15,24,000000000000010,7,0.0013986013986013986,2,1,1
triplet,"[0,2,6]",30030,510510,17,16,15,24,000000000000100,5,0.000999000999000999,2,1,1
triplet,"[0,2,6]",30030,510510,17,16,15,24,000000000000110,16,0.003196803196803197,4,3,1
triplet,"[0,2,6]",30030,510510,17,16,15,24,000000010000000,6,0.0011988011988011988,2,1,1
triplet,"[0,2,6]",30030,510510,17,16,15,24,000000010000010,7,0.0013986013986013986,4,3,1
triplet,"[0,2,6]",30030,510510,17,16,15,24,000000010000100,11,0.002197802197802198,4,3,1
triplet,"[0,2,6]",30030,510510,17,16,15,24,000000010000110,8,0.0015984015984015984,5,4,1
triplet,"[0,2,6]",30030,510510,17,16,15,24,000100000000000,5,0.000999000999000999,2,1,1
triplet,"[0,2,6]",30030,510510,17,16,15,24,000100000000010,8,0.0015984015984015984,3,2,1
triplet,"[0,2,6]",30030,510510,17,16,15,24,000100000000100,5,0.000999000999000999,3,2,1
triplet,"[0,2,6]",30030,510510,17,16,15,24,000100000000110,14,0.002797202797202797,5,4,1
triplet,"[0,2,6]",30030,510510,17,16,15,24,000100010000000,17,0.0033966033966033966,3,2,1
triplet,"[0,2,6]",30030,510510,17,16,15,24,000100010000010,10,0.001998001998001998,5,4,1
triplet,"[0,2,6]",30030,510510,17,16,15,24,000100010000100,11,0.002197802197802198,5,4,1
triplet,"[0,2,6]",30030,510510,17,16,15,24,000100010000110,10,0.001998001998001998,6,5,1
triplet,"[0,2,6]",30030,510510,17,16,15,25,000000000000100,7,0.0013986013986013986,2,1,1
triplet,"[0,2,6]",30030,510510,17,16,15,25,000000000001000,5,0.000999000999000999,2,1,1
triplet,"[0,2,6]",30030,510510,17,16,15,25,000000000001100,16,0.003196803196803197,4,3,1
triplet,"[0,2,6]",30030,510510,17,16,15,25,000000100000000,6,0.0011988011988011988,2,1,1
triplet,"[0,2,6]",30030,510510,17,16,15,25,000000100000100,7,0.0013986013986013986,4,3,1
triplet,"[0,2,6]",30030,510510,17,16,15,25,000000100001000,11,0.002197802197802198,4,3,1
triplet,"[0,2,6]",30030,510510,17,16,15,25,000000100001100,8,0.0015984015984015984,5,4,1
triplet,"[0,2,6]",30030,510510,17,16,15,25,001000000000000,5,0.000999000999000999,2,1,1
triplet,"[0,2,6]",30030,510510,17,16,15,25,001000000000100,8,0.0015984015984015984,3,2,1
triplet,"[0,2,6]",30030,510510,17,16,15,25,001000000001000,5,0.000999000999000999,3,2,1
triplet,"[0,2,6]",30030,510510,17,16,15,25,001000000001100,14,0.002797202797202797,5,4,1
triplet,"[0,2,6]",30030,510510,17,16,15,25,001000100000000,17,0.0033966033966033966,3,2,1
triplet,"[0,2,6]",30030,510510,17,16,15,25,001000100000100,10,0.001998001998001998,5,4,1
triplet,"[0,2,6]",30030,510510,17,16,15,25,001000100001000,11,0.002197802197802198,5,4,1
triplet,"[0,2,6]",30030,510510,17,16,15,25,001000100001100,10,0.001998001998001998,6,5,1
triplet,"[0,2,6]",30030,510510,17,16,15,26,000000000000000,3,0.0005994005994005994,2,1,1
triplet,"[0,2,6]",30030,510510,17,16,15,26,000000000001000,7,0.0013986013986013986,4,3,1
triplet,"[0,2,6]",30030,510510,17,16,15,26,000000000010000,5,0.000999000999000999,4,3,1
triplet,"[0,2,6]",30030,510510,17,16,15,26,000000000011000,16,0.003196803196803197,8,7,1
triplet,"[0,2,6]",30030,510510,17,16,15,26,000001000000000,6,0.0011988011988011988,4,3,1
triplet,"[0,2,6]",30030,510510,17,16,15,26,000001000001000,7,0.0013986013986013986,8,7,1
triplet,"[0,2,6]",30030,510510,17,16,15,26,000001000010000,11,0.002197802197802198,8,7,1
triplet,"[0,2,6]",30030,510510,17,16,15,26,000001000011000,8,0.0015984015984015984,10,9,1
triplet,"[0,2,6]",30030,510510,17,16,15,26,010000000000000,5,0.000999000999000999,4,3,1
triplet,"[0,2,6]",30030,510510,17,16,15,26,010000000001000,8,0.0015984015984015984,6,5,1
triplet,"[0,2,6]",30030,510510,17,16,15,26,010000000010000,5,0.000999000999000999,6,5,1
triplet,"[0,2,6]",30030,510510,17,16,15,26,010000000011000,14,0.002797202797202797,10,9,1
triplet,"[0,2,6]",30030,510510,17,16,15,26,010001000000000,17,0.0033966033966033966,6,5,1
triplet,"[0,2,6]",30030,510510,17,16,15,26,010001000001000,10,0.001998001998001998,10,9,1
triplet,"[0,2,6]",30030,510510,17,16,15,26,010001000010000,11,0.002197802197802198,10,9,1
triplet,"[0,2,6]",30030,510510,17,16,15,26,010001000011000,10,0.001998001998001998,12,11,1
triplet,"[0,2,6]",30030,510510,17,16,15,27,000000000000001,2,0.0003996003996003996,2,1,1
triplet,"[0,2,6]",30030,510510,17,16,15,27,000000000010000,2,0.0003996003996003996,2,1,1
triplet,"[0,2,6]",30030,510510,17,16,15,27,000000000010001,5,0.000999000999000999,3,2,1
triplet,"[0,2,6]",30030,510510,17,16,15,27,000000000100000,3,0.0005994005994005994,2,1,1
triplet,"[0,2,6]",30030,510510,17,16,15,27,000000000100001,2,0.0003996003996003996,4,3,1
triplet,"[0,2,6]",30030,510510,17,16,15,27,000000000110000,11,0.002197802197802198,4,3,1
triplet,"[0,2,6]",30030,510510,17,16,15,27,000000000110001,5,0.000999000999000999,6,5,1
triplet,"[0,2,6]",30030,510510,17,16,15,27,000010000000000,4,0.0007992007992007992,2,1,1
triplet,"[0,2,6]",30030,510510,17,16,15,27,000010000000001,2,0.0003996003996003996,3,2,1
triplet,"[0,2,6]",30030,510510,17,16,15,27,000010000010000,3,0.0005994005994005994,4,3,1
triplet,"[0,2,6]",30030,510510,17,16,15,27,000010000010001,4,0.0007992007992007992,5,4,1
triplet,"[0,2,6]",30030,510510,17,16,15,27,000010000100000,3,0.0005994005994005994,4,3,1
triplet,"[0,2,6]",30030,510510,17,16,15,27,000010000100001,8,0.0015984015984015984,6,5,1
triplet,"[0,2,6]",30030,510510,17,16,15,27,000010000110000,4,0.0007992007992007992,5,4,1
triplet,"[0,2,6]",30030,510510,17,16,15,27,000010000110001,4,0.0007992007992007992,7,6,1
triplet,"[0,2,6]",30030,510510,17,16,15,27,100000000000000,3,0.0005994005994005994,2,1,1
triplet,"[0,2,6]",30030,510510,17,16,15,27,100000000000001,2,0.0003996003996003996,3,2,1
triplet,"[0,2,6]",30030,510510,17,16,15,27,100000000010000,1,0.0001998001998001998,3,2,1
triplet,"[0,2,6]",30030,510510,17,16,15,27,100000000010001,7,0.0013986013986013986,4,3,1
triplet,"[0,2,6]",30030,510510,17,16,15,27,100000000100000,1,0.0001998001998001998,3,2,1
triplet,"[0,2,6]",30030,510510,17,16,15,27,100000000100001,4,0.0007992007992007992,5,4,1
triplet,"[0,2,6]",30030,510510,17,16,15,27,100000000110000,3,0.0005994005994005994,5,4,1
triplet,"[0,2,6]",30030,510510,17,16,15,27,100000000110001,11,0.002197802197802198,7,6,1
triplet,"[0,2,6]",30030,510510,17,16,15,27,100010000000000,7,0.0013986013986013986,3,2,1
triplet,"[0,2,6]",30030,510510,17,16,15,27,100010000000001,10,0.001998001998001998,4,3,1
triplet,"[0,2,6]",30030,510510,17,16,15,27,100010000010000,2,0.0003996003996003996,5,4,1
triplet,"[0,2,6]",30030,510510,17,16,15,27,100010000010001,8,0.0015984015984015984,6,5,1
triplet,"[0,2,6]",30030,510510,17,16,15,27,100010000100000,9,0.0017982017982017982,5,4,1
triplet,"[0,2,6]",30030,510510,17,16,15,27,100010000100001,2,0.0003996003996003996,7,6,1
triplet,"[0,2,6]",30030,510510,17,16,15,27,100010000110000,6,0.0011988011988011988,6,5,1
triplet,"[0,2,6]",30030,510510,17,16,15,27,100010000110001,4,0.0007992007992007992,8,7,1
triplet,"[0,2,6]",30030,510510,17,16,15,28,000000000000010,4,0.0007992007992007992,2,1,1
triplet,"[0,2,6]",30030,510510,17,16,15,28,000000000100000,3,0.0005994005994005994,2,1,1
triplet,"[0,2,6]",30030,510510,17,16,15,28,000000000100010,12,0.0023976023976023976,3,2,1
triplet,"[0,2,6]",30030,510510,17,16,15,28,000000001000000,4,0.0007992007992007992,2,1,1
triplet,"[0,2,6]",30030,510510,17,16,15,28,000000001000010,6,0.0011988011988011988,4,3,1
triplet,"[0,2,6]",30030,510510,17,16,15,28,000000001100000,14,0.002797202797202797,4,3,1
triplet,"[0,2,6]",30030,510510,17,16,15,28,000000001100010,16,0.003196803196803197,6,5,1
triplet,"[0,2,6]",30030,510510,17,16,15,28,000100000000000,11,0.002197802197802198,2,1,1
triplet,"[0,2,6]",30030,510510,17,16,15,28,000100000000010,12,0.0023976023976023976,3,2,1
triplet,"[0,2,6]",30030,510510,17,16,15,28,000100000100000,5,0.000999000999000999,4,3,1
triplet,"[0,2,6]",30030,510510,17,16,15,28,000100000100010,12,0.0023976023976023976,5,4,1
triplet,"[0,2,6]",30030,510510,17,16,15,28,000100001000000,12,0.0023976023976023976,4,3,1
triplet,"[0,2,6]",30030,510510,17,16,15,28,000100001000010,10,0.001998001998001998,6,5,1
triplet,"[0,2,6]",30030,510510,17,16,15,28,000100001100000,10,0.001998001998001998,5,4,1
triplet,"[0,2,6]",30030,510510,17,16,15,28,000100001100010,8,0.0015984015984015984,7,6,1
triplet,"[0,2,6]",30030,510510,17,16,15,29,000000000000100,4,0.0007992007992007992,2,1,1
triplet,"[0,2,6]",30030,510510,17,16,15,29,000000001000000,3,0.0005994005994005994,2,1,1
triplet,"[0,2,6]",30030,510510,17,16,15,29,000000001000100,12,0.0023976023976023976,3,2,1
triplet,"[0,2,6]",30030,510510,17,16,15,29,000000010000000,4,0.0007992007992007992,2,1,1
triplet,"[0,2,6]",30030,510510,17,16,15,29,000000010000100,6,0.0011988011988011988,4,3,1
triplet,"[0,2,6]",30030,510510,17,16,15,29,000000011000000,14,0.002797202797202797,4,3,1
triplet,"[0,2,6]",30030,510510,17,16,15,29,000000011000100,16,0.003196803196803197,6,5,1
triplet,"[0,2,6]",30030,510510,17,16,15,29,001000000000000,11,0.002197802197802198,2,1,1
triplet,"[0,2,6]",30030,510510,17,16,15,29,001000000000100,12,0.0023976023976023976,3,2,1
triplet,"[0,2,6]",30030,510510,17,16,15,29,001000001000000,5,0.000999000999000999,4,3,1
triplet,"[0,2,6]",30030,510510,17,16,15,29,001000001000100,12,0.0023976023976023976,5,4,1
triplet,"[0,2,6]",30030,510510,17,16,15,29,001000010000000,12,0.0023976023976023976,4,3,1
triplet,"[0,2,6]",30030,510510,17,16,15,29,001000010000100,10,0.001998001998001998,6,5,1
triplet,"[0,2,6]",30030,510510,17,16,15,29,001000011000000,10,0.001998001998001998,5,4,1
triplet,"[0,2,6]",30030,510510,17,16,15,29,001000011000100,8,0.0015984015984015984,7,6,1
triplet,"[0,2,6]",30030,510510,17,16,15,30,000000000001000,4,0.0007992007992007992,2,1,1
triplet,"[0,2,6]",30030,510510,17,16,15,30,000000010000000,3,0.0005994005994005994,2,1,1
triplet,"[0,2,6]",30030,510510,17,16,15,30,000000010001000,12,0.0023976023976023976,3,2,1
triplet,"[0,2,6]",30030,510510,17,16,15,30,000000100000000,4,0.0007992007992007992,2,1,1
triplet,"[0,2,6]",30030,510510,17,16,15,30,000000100001000,6,0.0011988011988011988,4,3,1
triplet,"[0,2,6]",30030,510510,17,16,15,30,000000110000000,14,0.002797202797202797,4,3,1
triplet,"[0,2,6]",30030,510510,17,16,15,30,000000110001000,16,0.003196803196803197,6,5,1
triplet,"[0,2,6]",30030,510510,17,16,15,30,010000000000000,11,0.002197802197802198,2,1,1
triplet,"[0,2,6]",30030,510510,17,16,15,30,010000000001000,12,0.0023976023976023976,3,2,1
triplet,"[0,2,6]",30030,510510,17,16,15,30,010000010000000,5,0.000999000999000999,4,3,1
triplet,"[0,2,6]",30030,510510,17,16,15,30,010000010001000,12,0.0023976023976023976,5,4,1
triplet,"[0,2,6]",30030,510510,17,16,15,30,010000100000000,12,0.0023976023976023976,4,3,1
triplet,"[0,2,6]",30030,510510,17,16,15,30,010000100001000,10,0.001998001998001998,6,5,1
triplet,"[0,2,6]",30030,510510,17,16,15,30,010000110000000,10,0.001998001998001998,5,4,1
triplet,"[0,2,6]",30030,510510,17,16,15,30,010000110001000,8,0.0015984015984015984,7,6,1
triplet,"[0,2,6]",30030,510510,17,16,15,31,000000000010000,4,0.0007992007992007992,2,1,1
triplet,"[0,2,6]",30030,510510,17,16,15,31,000000100000000,3,0.0005994005994005994,2,1,1
triplet,"[0,2,6]",30030,510510,17,16,15,31,000000100010000,12,0.0023976023976023976,3,2,1
triplet,"[0,2,6]",30030,510510,17,16,15,31,000001000000000,4,0.0007992007992007992,2,1,1
triplet,"[0,2,6]",30030,510510,17,16,15,31,000001000010000,6,0.0011988011988011988,4,3,1
triplet,"[0,2,6]",30030,510510,17,16,15,31,000001100000000,14,0.002797202797202797,4,3,1
triplet,"[0,2,6]",30030,510510,17,16,15,31,000001100010000,16,0.003196803196803197,6,5,1
triplet,"[0,2,6]",30030,510510,17,16,15,31,100000000000000,11,0.002197802197802198,2,1,1
triplet,"[0,2,6]",30030,510510,17,16,15,31,100000000010000,12,0.0023976023976023976,3,2,1
triplet,"[0,2,6]",30030,510510,17,16,15,31,100000100000000,5,0.000999000999000999,4,3,1
triplet,"[0,2,6]",30030,510510,17,16,15,31,100000100010000,12,0.0023976023976023976,5,4,1
triplet,"[0,2,6]",30030,510510,17,16,15,31,100001000000000,12,0.0023976023976023976,4,3,1
triplet,"[0,2,6]",30030,510510,17,16,15,31,100001000010000,10,0.001998001998001998,6,5,1
triplet,"[0,2,6]",30030,510510,17,16,15,31,100001100000000,10,0.001998001998001998,5,4,1
triplet,"[0,2,6]",30030,510510,17,16,15,31,100001100010000,8,0.0015984015984015984,7,6,1
triplet,"[0,2,6]",30030,510510,17,16,15,32,000000000100000,16,0.003196803196803197,2,1,1
triplet,"[0,2,6]",30030,510510,17,16,15,32,000001000000000,8,0.0015984015984015984,2,1,1
triplet,"[0,2,6]",30030,510510,17,16,15,32,000001000100000,24,0.004795204795204795,3,2,1
triplet,"[0,2,6]",30030,510510,17,16,15,32,000010000000000,16,0.003196803196803197,2,1,1
triplet,"[0,2,6]",30030,510510,17,16,15,32,000010000100000,16,0.003196803196803197,4,3,1
triplet,"[0,2,6]",30030,510510,17,16,15,32,000011000000000,24,0.004795204795204795,4,3,1
triplet,"[0,2,6]",30030,510510,17,16,15,32,000011000100000,24,0.004795204795204795,6,5,1
triplet,"[0,2,6]",30030,510510,17,16,15,33,000000001000000,16,0.003196803196803197,2,1,1
triplet,"[0,2,6]",30030,510510,17,16,15,33,000010000000000,8,0.0015984015984015984,2,1,1
triplet,"[0,2,6]",30030,510510,17,16,15,33,000010001000000,24,0.004795204795204795,3,2,1
triplet,"[0,2,6]",30030,510510,17,16,15,33,000100000000000,16,0.003196803196803197,2,1,1
triplet,"[0,2,6]",30030,510510,17,16,15,33,000100001000000,16,0.003196803196803197,4,3,1
triplet,"[0,2,6]",30030,510510,17,16,15,33,000110000000000,24,0.004795204795204795,4,3,1
triplet,"[0,2,6]",30030,510510,17,16,15,33,000110001000000,24,0.004795204795204795,6,5,1
triplet,"[0,2,6]",30030,510510,17,16,15,34,000000010000000,16,0.003196803196803197,2,1,1
triplet,"[0,2,6]",30030,510510,17,16,15,34,000100000000000,8,0.0015984015984015984,2,1,1
triplet,"[0,2,6]",30030,510510,17,16,15,34,000100010000000,24,0.004795204795204795,3,2,1
triplet,"[0,2,6]",30030,510510,17,16,15,34,001000000000000,16,0.003196803196803197,2,1,1
triplet,"[0,2,6]",30030,510510,17,16,15,34,001000010000000,16,0.003196803196803197,4,3,1
triplet,"[0,2,6]",30030,510510,17,16,15,34,001100000000000,24,0.004795204795204795,4,3,1
triplet,"[0,2,6]",30030,510510,17,16,15,34,001100010000000,24,0.004795204795204795,6,5,1
double_twins_p13,"[0,2,26,28]",30030,510510,17,16,15,0,000000000001000,14,0.002797202797202797,2,1,1
double_twins_p13,"[0,2,26,28]",30030,510510,17,16,15,0,000000100000000,23,0.004595404595404595,2,1,1
double_twins_p13,"[0,2,26,28]",30030,510510,17,16,15,0,000000100001000,27,0.005394605394605395,3,2,1
double_twins_p13,"[0,2,26,28]",30030,510510,17,16,15,0,010000000000000,14,0.002797202797202797,2,1,1
double_twins_p13,"[0,2,26,28]",30030,510510,17,16,15,0,010000000001000,36,0.007192807192807193,4,3,1
double_twins_p13,"[0,2,26,28]",30030,510510,17,16,15,0,010000100000000,27,0.005394605394605395,3,2,1
double_twins_p13,"[0,2,26,28]",30030,510510,17,16,15,1,000000000000000,2,0.0003996003996003996,2,1,1
double_twins_p13,"[0,2,26,28]",30030,510510,17,16,15,1,000000000010000,14,0.002797202797202797,4,3,1
double_twins_p13,"[0,2,26,28]",30030,510510,17,16,15,1,000001000000000,23,0.004595404595404595,4,3,1
double_twins_p13,"[0,2,26,28]",30030,510510,17,16,15,1,000001000010000,27,0.005394605394605395,3,2,1
double_twins_p13,"[0,2,26,28]",30030,510510,17,16,15,1,100000000000000,14,0.002797202797202797,4,3,1
double_twins_p13,"[0,2,26,28]",30030,510510,17,16,15,1,100000000010000,36,0.007192807192807193,8,7,1
double_twins_p13,"[0,2,26,28]",30030,510510,17,16,15,1,100001000000000,27,0.005394605394605395,6,5,1
double_twins_p13,"[0,2,26,28]",30030,510510,17,16,15,2,000000000000001,14,0.002797202797202797,2,1,1
double_twins_p13,"[0,2,26,28]",30030,510510,17,16,15,2,000000000100000,23,0.004595404595404595,2,1,1
double_twins_p13,"[0,2,26,28]",30030,510510,17,16,15,2,000000000100001,27,0.005394605394605395,3,2,1
double_twins_p13,"[0,2,26,28]",30030,510510,17,16,15,2,000010000000000,14,0.002797202797202797,2,1,1
double_twins_p13,"[0,2,26,28]",30030,510510,17,16,15,2,000010000000001,36,0.007192807192807193,4,3,1
double_twins_p13,"[0,2,26,28]",30030,510510,17,16,15,2,000010000100000,27,0.005394605394605395,3,2,1
double_twins_p13,"[0,2,26,28]",30030,510510,17,16,15,3,000000000000010,14,0.002797202797202797,2,1,1
double_twins_p13,"[0,2,26,28]",30030,510510,17,16,15,3,000000001000000,23,0.004595404595404595,2,1,1
double_twins_p13,"[0,2,26,28]",30030,510510,17,16,15,3,000000001000010,27,0.005394605394605395,3,2,1
double_twins_p13,"[0,2,26,28]",30030,510510,17,16,15,3,000100000000000,14,0.002797202797202797,2,1,1
double_twins_p13,"[0,2,26,28]",30030,510510,17,16,15,3,000100000000010,36,0.007192807192807193,4,3,1
double_twins_p13,"[0,2,26,28]",30030,510510,17,16,15,3,000100001000000,27,0.005394605394605395,3,2,1
double_twins_p13,"[0,2,26,28]",30030,510510,17,16,15,4,000000000000100,14,0.002797202797202797,2,1,1
double_twins_p13,"[0,2,26,28]",30030,510510,17,16,15,4,000000010000000,23,0.004595404595404595,2,1,1
double_twins_p13,"[0,2,26,28]",30030,510510,17,16,15,4,000000010000100,27,0.005394605394605395,3,2,1
double_twins_p13,"[0,2,26,28]",30030,510510,17,16,15,4,001000000000000,14,0.002797202797202797,2,1,1
double_twins_p13,"[0,2,26,28]",30030,510510,17,16,15,4,001000000000100,36,0.007192807192807193,4,3,1
double_twins_p13,"[0,2,26,28]",30030,510510,17,16,15,4,001000010000000,27,0.005394605394605395,3,2,1
double_twins_p13,"[0,2,26,28]",30030,510510,17,16,15,5,000000000001000,14,0.002797202797202797,2,1,1
double_twins_p13,"[0,2,26,28]",30030,510510,17,16,15,5,000000100000000,23,0.004595404595404595,2,1,1
double_twins_p13,"[0,2,26,28]",30030,510510,17,16,15,5,000000100001000,27,0.005394605394605395,3,2,1
double_twins_p13,"[0,2,26,28]",30030,510510,17,16,15,5,010000000000000,14,0.002797202797202797,2,1,1
double_twins_p13,"[0,2,26,28]",30030,510510,17,16,15,5,010000000001000,36,0.007192807192807193,4,3,1
double_twins_p13,"[0,2,26,28]",30030,510510,17,16,15,5,010000100000000,27,0.005394605394605395,3,2,1
double_twins_p13,"[0,2,26,28]",30030,510510,17,16,15,6,000000000010000,14,0.002797202797202797,2,1,1
double_twins_p13,"[0,2,26,28]",30030,510510,17,16,15,6,000001000000000,23,0.004595404595404595,2,1,1
double_twins_p13,"[0,2,26,28]",30030,510510,17,16,15,6,000001000010000,27,0.005394605394605395,3,2,1
double_twins_p13,"[0,2,26,28]",30030,510510,17,16,15,6,100000000000000,14,0.002797202797202797,2,1,1
double_twins_p13,"[0,2,26,28]",30030,510510,17,16,15,6,100000000010000,36,0.007192807192807193,4,3,1
double_twins_p13,"[0,2,26,28]",30030,510510,17,16,15,6,100001000000000,27,0.005394605394605395,3,2,1
double_twins_p13,"[0,2,26,28]",30030,510510,17,16,15,7,000000000100000,50,0.00999000999000999,2,1,1
double_twins_p13,"[0,2,26,28]",30030,510510,17,16,15,7,000010000000000,50,0.00999000999000999,2,1,1
double_twins_p13,"[0,2,26,28]",30030,510510,17,16,15,7,000010000100000,27,0.005394605394605395,3,2,1
double_twins_p13,"[0,2,26,28]",30030,510510,17,16,15,8,000000001000000,50,0.00999000999000999,2,1,1
double_twins_p13,"[0,2,26,28]",30030,510510,17,16,15,8,000100000000000,50,0.00999000999000999,2,1,1
double_twins_p13,"[0,2,26,28]",30030,510510,17,16,15,8,000100001000000,27,0.005394605394605395,3,2,1
double_twins_p13,"[0,2,26,28]",30030,510510,17,16,15,9,000000010000000,50,0.00999000999000999,2,1,1
double_twins_p13,"[0,2,26,28]",30030,510510,17,16,15,9,001000000000000,50,0.00999000999000999,2,1,1
double_twins_p13,"[0,2,26,28]",30030,510510,17,16,15,9,001000010000000,27,0.005394605394605395,3,2,1
double_twins_p13,"[0,2,26,28]",30030,510510,17,16,15,10,000000100000000,50,0.00999000999000999,2,1,1
double_twins_p13,"[0,2,26,28]",30030,510510,17,16,15,10,010000000000000,50,0.00999000999000999,2,1,1
double_twins_p13,"[0,2,26,28]",30030,510510,17,16,15,10,010000100000000,27,0.005394605394605395,3,2,1
double_twins_p13,"[0,2,26,28]",30030,510510,17,16,15,11,000001000000000,50,0.00999000999000999,2,1,1
double_twins_p13,"[0,2,26,28]",30030,510510,17,16,15,11,100000000000000,50,0.00999000999000999,2,1,1
double_twins_p13,"[0,2,26,28]",30030,510510,17,16,15,11,100001000000000,27,0.005394605394605395,3,2,1
double_twins_p13,"[0,2,26,28]",30030,510510,17,16,15,12,000010000000000,77,0.015384615384615385,2,1,1
double_twins_p13,"[0,2,26,28]",30030,510510,17,16,15,13,000100000000000,77,0.015384615384615385,2,1,1
double_twins_p13,"[0,2,26,28]",30030,510510,17,16,15,14,001000000000000,77,0.015384615384615385,2,1,1
double_twins_p13,"[0,2,26,28]",30030,510510,17,16,15,15,010000000000000,77,0.015384615384615385,2,1,1
double_twins_p13,"[0,2,26,28]",30030,510510,17,16,15,16,100000000000000,77,0.015384615384615385,2,1,1
double_twins_p13,"[0,2,26,28]",30030,510510,17,16,15,21,000000000000000,143,0.02857142857142857,2,1,1
double_twins_p13,"[0,2,26,28]",30030,510510,17,16,15,22,000000000000001,77,0.015384615384615385,2,1,1
double_twins_p13,"[0,2,26,28]",30030,510510,17,16,15,23,000000000000010,77,0.015384615384615385,2,1,1
double_twins_p13,"[0,2,26,28]",30030,510510,17,16,15,24,000000000000100,77,0.015384615384615385,2,1,1
double_twins_p13,"[0,2,26,28]",30030,510510,17,16,15,25,000000000001000,77,0.015384615384615385,2,1,1
double_twins_p13,"[0,2,26,28]",30030,510510,17,16,15,26,000000000000000,66,0.013186813186813187,2,1,1
double_twins_p13,"[0,2,26,28]",30030,510510,17,16,15,26,000000000010000,77,0.015384615384615385,4,3,1
double_twins_p13,"[0,2,26,28]",30030,510510,17,16,15,27,000000000000001,50,0.00999000999000999,2,1,1
double_twins_p13,"[0,2,26,28]",30030,510510,17,16,15,27,000000000100000,50,0.00999000999000999,2,1,1
double_twins_p13,"[0,2,26,28]",30030,510510,17,16,15,27,000000000100001,27,0.005394605394605395,3,2,1
double_twins_p13,"[0,2,26,28]",30030,510510,17,16,15,28,000000000000010,50,0.00999000999000999,2,1,1
double_twins_p13,"[0,2,26,28]",30030,510510,17,16,15,28,000000001000000,50,0.00999000999000999,2,1,1
double_twins_p13,"[0,2,26,28]",30030,510510,17,16,15,28,000000001000010,27,0.005394605394605395,3,2,1
double_twins_p13,"[0,2,26,28]",30030,510510,17,16,15,29,000000000000100,50,0.00999000999000999,2,1,1
double_twins_p13,"[0,2,26,28]",30030,510510,17,16,15,29,000000010000000,50,0.00999000999000999,2,1,1
double_twins_p13,"[0,2,26,28]",30030,510510,17,16,15,29,000000010000100,27,0.005394605394605395,3,2,1
double_twins_p13,"[0,2,26,28]",30030,510510,17,16,15,30,000000000001000,50,0.00999000999000999,2,1,1
double_twins_p13,"[0,2,26,28]",30030,510510,17,16,15,30,000000100000000,50,0.00999000999000999,2,1,1
double_twins_p13,"[0,2,26,28]",30030,510510,17,16,15,30,000000100001000,27,0.005394605394605395,3,2,1
double_twins_p13,"[0,2,26,28]",30030,510510,17,16,15,31,000000000000000,16,0.003196803196803197,2,1,1
double_twins_p13,"[0,2,26,28]",30030,510510,17,16,15,31,000000000010000,50,0.00999000999000999,4,3,1
double_twins_p13,"[0,2,26,28]",30030,510510,17,16,15,31,000001000000000,50,0.00999000999000999,4,3,1
double_twins_p13,"[0,2,26,28]",30030,510510,17,16,15,31,000001000010000,27,0.005394605394605395,3,2,1
double_twins_p13,"[0,2,26,28]",30030,510510,17,16,15,32,000000000000001,14,0.002797202797202797,2,1,1
double_twins_p13,"[0,2,26,28]",30030,510510,17,16,15,32,000000000100000,23,0.004595404595404595,2,1,1
double_twins_p13,"[0,2,26,28]",30030,510510,17,16,15,32,000000000100001,27,0.005394605394605395,3,2,1
double_twins_p13,"[0,2,26,28]",30030,510510,17,16,15,32,000010000000000,14,0.002797202797202797,2,1,1
double_twins_p13,"[0,2,26,28]",30030,510510,17,16,15,32,000010000000001,36,0.007192807192807193,4,3,1
double_twins_p13,"[0,2,26,28]",30030,510510,17,16,15,32,000010000100000,27,0.005394605394605395,3,2,1
double_twins_p13,"[0,2,26,28]",30030,510510,17,16,15,33,000000000000010,14,0.002797202797202797,2,1,1
double_twins_p13,"[0,2,26,28]",30030,510510,17,16,15,33,000000001000000,23,0.004595404595404595,2,1,1
double_twins_p13,"[0,2,26,28]",30030,510510,17,16,15,33,000000001000010,27,0.005394605394605395,3,2,1
double_twins_p13,"[0,2,26,28]",30030,510510,17,16,15,33,000100000000000,14,0.002797202797202797,2,1,1
double_twins_p13,"[0,2,26,28]",30030,510510,17,16,15,33,000100000000010,36,0.007192807192807193,4,3,1
double_twins_p13,"[0,2,26,28]",30030,510510,17,16,15,33,000100001000000,27,0.005394605394605395,3,2,1
double_twins_p13,"[0,2,26,28]",30030,510510,17,16,15,34,000000000000100,14,0.002797202797202797,2,1,1
double_twins_p13,"[0,2,26,28]",30030,510510,17,16,15,34,000000010000000,23,0.004595404595404595,2,1,1
double_twins_p13,"[0,2,26,28]",30030,510510,17,16,15,34,000000010000100,27,0.005394605394605395,3,2,1
double_twins_p13,"[0,2,26,28]",30030,510510,17,16,15,34,001000000000000,14,0.002797202797202797,2,1,1
double_twins_p13,"[0,2,26,28]",30030,510510,17,16,15,34,001000000000100,36,0.007192807192807193,4,3,1
double_twins_p13,"[0,2,26,28]",30030,510510,17,16,15,34,001000010000000,27,0.005394605394605395,3,2,1
double_twins_p19,"[0,2,38,40]",30030,510510,17,13,12,0,000000000001,13,0.0025974025974025974,2,1,1
double_twins_p19,"[0,2,38,40]",30030,510510,17,13,12,0,000000000100,17,0.0033966033966033966,2,1,1
double_twins_p19,"[0,2,38,40]",30030,510510,17,13,12,0,000000000101,10,0.001998001998001998,3,2,1
double_twins_p19,"[0,2,38,40]",30030,510510,17,13,12,0,000000100000,17,0.0033966033966033966,2,1,1
double_twins_p19,"[0,2,38,40]",30030,510510,17,13,12,0,000000100001,6,0.0011988011988011988,4,3,1
double_twins_p19,"[0,2,38,40]",30030,510510,17,13,12,0,000000100100,12,0.0023976023976023976,3,2,1
double_twins_p19,"[0,2,38,40]",30030,510510,17,13,12,0,000000100101,4,0.0007992007992007992,5,4,1
double_twins_p19,"[0,2,38,40]",30030,510510,17,13,12,0,000010000000,13,0.0025974025974025974,2,1,1
double_twins_p19,"[0,2,38,40]",30030,510510,17,13,12,0,000010000001,10,0.001998001998001998,3,2,1
double_twins_p19,"[0,2,38,40]",30030,510510,17,13,12,0,000010000100,6,0.0011988011988011988,4,3,1
double_twins_p19,"[0,2,38,40]",30030,510510,17,13,12,0,000010000101,10,0.001998001998001998,5,4,1
double_twins_p19,"[0,2,38,40]",30030,510510,17,13,12,0,000010100000,10,0.001998001998001998,3,2,1
double_twins_p19,"[0,2,38,40]",30030,510510,17,13,12,0,000010100001,10,0.001998001998001998,5,4,1
double_twins_p19,"[0,2,38,40]",30030,510510,17,13,12,0,000010100100,4,0.0007992007992007992,5,4,1
double_twins_p19,"[0,2,38,40]",30030,510510,17,13,12,1,000000000010,13,0.0025974025974025974,2,1,1
double_twins_p19,"[0,2,38,40]",30030,510510,17,13,12,1,000000001000,17,0.0033966033966033966,2,1,1
double_twins_p19,"[0,2,38,40]",30030,510510,17,13,12,1,000000001010,10,0.001998001998001998,3,2,1
double_twins_p19,"[0,2,38,40]",30030,510510,17,13,12,1,000001000000,17,0.0033966033966033966,2,1,1
double_twins_p19,"[0,2,38,40]",30030,510510,17,13,12,1,000001000010,6,0.0011988011988011988,4,3,1
double_twins_p19,"[0,2,38,40]",30030,510510,17,13,12,1,000001001000,12,0.0023976023976023976,3,2,1
double_twins_p19,"[0,2,38,40]",30030,510510,17,13,12,1,000001001010,4,0.0007992007992007992,5,4,1
double_twins_p19,"[0,2,38,40]",30030,510510,17,13,12,1,000100000000,13,0.0025974025974025974,2,1,1
double_twins_p19,"[0,2,38,40]",30030,510510,17,13,12,1,000100000010,10,0.001998001998001998,3,2,1
double_twins_p19,"[0,2,38,40]",30030,510510,17,13,12,1,000100001000,6,0.0011988011988011988,4,3,1
double_twins_p19,"[0,2,38,40]",30030,510510,17,13,12,1,000100001010,10,0.001998001998001998,5,4,1
double_twins_p19,"[0,2,38,40]",30030,510510,17,13,12,1,000101000000,10,0.001998001998001998,3,2,1
double_twins_p19,"[0,2,38,40]",30030,510510,17,13,12,1,000101000010,10,0.001998001998001998,5,4,1
double_twins_p19,"[0,2,38,40]",30030,510510,17,13,12,1,000101001000,4,0.0007992007992007992,5,4,1
double_twins_p19,"[0,2,38,40]",30030,510510,17,13,12,2,000000000100,13,0.0025974025974025974,2,1,1
double_twins_p19,"[0,2,38,40]",30030,510510,17,13,12,2,000000010000,17,0.0033966033966033966,2,1,1
double_twins_p19,"[0,2,38,40]",30030,510510,17,13,12,2,000000010100,10,0.001998001998001998,3,2,1
double_twins_p19,"[0,2,38,40]",30030,510510,17,13,12,2,000010000000,17,0.0033966033966033966,2,1,1
double_twins_p19,"[0,2,38,40]",30030,510510,17,13,12,2,000010000100,6,0.0011988011988011988,4,3,1
double_twins_p19,"[0,2,38,40]",30030,510510,17,13,12,2,000010010000,12,0.0023976023976023976,3,2,1
double_twins_p19,"[0,2,38,40]",30030,510510,17,13,12,2,000010010100,4,0.0007992007992007992,5,4,1
double_twins_p19,"[0,2,38,40]",30030,510510,17,13,12,2,001000000000,13,0.0025974025974025974,2,1,1
double_twins_p19,"[0,2,38,40]",30030,510510,17,13,12,2,001000000100,10,0.001998001998001998,3,2,1
double_twins_p19,"[0,2,38,40]",30030,510510,17,13,12,2,001000010000,6,0.0011988011988011988,4,3,1
double_twins_p19,"[0,2,38,40]",30030,510510,17,13,12,2,001000010100,10,0.001998001998001998,5,4,1
double_twins_p19,"[0,2,38,40]",30030,510510,17,13,12,2,001010000000,10,0.001998001998001998,3,2,1
double_twins_p19,"[0,2,38,40]",30030,510510,17,13,12,2,001010000100,10,0.001998001998001998,5,4,1
double_twins_p19,"[0,2,38,40]",30030,510510,17,13,12,2,001010010000,4,0.0007992007992007992,5,4,1
double_twins_p19,"[0,2,38,40]",30030,510510,17,13,12,3,000000001000,13,0.0025974025974025974,2,1,1
double_twins_p19,"[0,2,38,40]",30030,510510,17,13,12,3,000000100000,17,0.0033966033966033966,2,1,1
double_twins_p19,"[0,2,38,40]",30030,510510,17,13,12,3,000000101000,10,0.001998001998001998,3,2,1
double_twins_p19,"[0,2,38,40]",30030,510510,17,13,12,3,000100000000,17,0.0033966033966033966,2,1,1
double_twins_p19,"[0,2,38,40]",30030,510510,17,13,12,3,000100001000,6,0.0011988011988011988,4,3,1
double_twins_p19,"[0,2,38,40]",30030,510510,17,13,12,3,000100100000,12,0.0023976023976023976,3,2,1
double_twins_p19,"[0,2,38,40]",30030,510510,17,13,12,3,000100101000,4,0.0007992007992007992,5,4,1
double_twins_p19,"[0,2,38,40]",30030,510510,17,13,12,3,010000000000,13,0.0025974025974025974,2,1,1
double_twins_p19,"[0,2,38,40]",30030,510510,17,13,12,3,010000001000,10,0.001998001998001998,3,2,1
double_twins_p19,"[0,2,38,40]",30030,510510,17,13,12,3,010000100000,6,0.0011988011988011988,4,3,1
double_twins_p19,"[0,2,38,40]",30030,510510,17,13,12,3,010000101000,10,0.001998001998001998,5,4,1
double_twins_p19,"[0,2,38,40]",30030,510510,17,13,12,3,010100000000,10,0.001998001998001998,3,2,1
double_twins_p19,"[0,2,38,40]",30030,510510,17,13,12,3,010100001000,10,0.001998001998001998,5,4,1
double_twins_p19,"[0,2,38,40]",30030,510510,17,13,12,3,010100100000,4,0.0007992007992007992,5,4,1
double_twins_p19,"[0,2,38,40]",30030,510510,17,13,12,4,000000010000,13,0.0025974025974025974,4,3,1
double_twins_p19,"[0,2,38,40]",30030,510510,17,13,12,4,000001000000,17,0.0033966033966033966,4,3,1
double_twins_p19,"[0,2,38,40]",30030,510510,17,13,12,4,000001010000,10,0.001998001998001998,6,5,1
double_twins_p19,"[0,2,38,40]",30030,510510,17,13,12,4,001000000000,17,0.0033966033966033966,4,3,1
double_twins_p19,"[0,2,38,40]",30030,510510,17,13,12,4,001000010000,6,0.0011988011988011988,4,3,1
double_twins_p19,"[0,2,38,40]",30030,510510,17,13,12,4,001001000000,12,0.0023976023976023976,6,5,1
double_twins_p19,"[0,2,38,40]",30030,510510,17,13,12,4,001001010000,4,0.0007992007992007992,9,8,1
double_twins_p19,"[0,2,38,40]",30030,510510,17,13,12,4,100000000000,13,0.0025974025974025974,4,3,1
double_twins_p19,"[0,2,38,40]",30030,510510,17,13,12,4,100000010000,10,0.001998001998001998,6,5,1
double_twins_p19,"[0,2,38,40]",30030,510510,17,13,12,4,100001000000,6,0.0011988011988011988,7,6,1
double_twins_p19,"[0,2,38,40]",30030,510510,17,13,12,4,100001010000,10,0.001998001998001998,9,8,1
double_twins_p19,"[0,2,38,40]",30030,510510,17,13,12,4,101000000000,10,0.001998001998001998,6,5,1
double_twins_p19,"[0,2,38,40]",30030,510510,17,13,12,4,101000010000,10,0.001998001998001998,9,8,1
double_twins_p19,"[0,2,38,40]",30030,510510,17,13,12,4,101001000000,4,0.0007992007992007992,9,8,1
double_twins_p19,"[0,2,38,40]",30030,510510,17,13,12,5,000000000001,6,0.0011988011988011988,2,1,1
double_twins_p19,"[0,2,38,40]",30030,510510,17,13,12,5,000000100000,15,0.002997002997002997,2,1,1
double_twins_p19,"[0,2,38,40]",30030,510510,17,13,12,5,000000100001,8,0.0015984015984015984,4,3,1
double_twins_p19,"[0,2,38,40]",30030,510510,17,13,12,5,000010000000,8,0.0015984015984015984,2,1,1
double_twins_p19,"[0,2,38,40]",30030,510510,17,13,12,5,000010000001,15,0.002997002997002997,3,2,1
double_twins_p19,"[0,2,38,40]",30030,510510,17,13,12,5,000010100000,11,0.002197802197802198,3,2,1
double_twins_p19,"[0,2,38,40]",30030,510510,17,13,12,5,000010100001,9,0.0017982017982017982,5,4,1
double_twins_p19,"[0,2,38,40]",30030,510510,17,13,12,5,010000000000,10,0.001998001998001998,2,1,1
double_twins_p19,"[0,2,38,40]",30030,510510,17,13,12,5,010000000001,17,0.0033966033966033966,3,2,1
double_twins_p19,"[0,2,38,40]",30030,510510,17,13,12,5,010000100000,14,0.002797202797202797,4,3,1
double_twins_p19,"[0,2,38,40]",30030,510510,17,13,12,5,010000100001,2,0.0003996003996003996,5,4,1
double_twins_p19,"[0,2,38,40]",30030,510510,17,13,12,5,010010000000,11,0.002197802197802198,3,2,1
double_twins_p19,"[0,2,38,40]",30030,510510,17,13,12,5,010010000001,5,0.000999000999000999,4,3,1
double_twins_p19,"[0,2,38,40]",30030,510510,17,13,12,5,010010100000,3,0.0005994005994005994,5,4,1
double_twins_p19,"[0,2,38,40]",30030,510510,17,13,12,5,010010100001,1,0.0001998001998001998,6,5,1
double_twins_p19,"[0,2,38,40]",30030,510510,17,13,12,6,000000000010,6,0.0011988011988011988,2,1,1
double_twins_p19,"[0,2,38,40]",30030,510510,17,13,12,6,000001000000,15,0.002997002997002997,2,1,1
double_twins_p19,"[0,2,38,40]",30030,510510,17,13,12,6,000001000010,8,0.0015984015984015984,4,3,1
double_twins_p19,"[0,2,38,40]",30030,510510,17,13,12,6,000100000000,8,0.0015984015984015984,2,1,1
double_twins_p19,"[0,2,38,40]",30030,510510,17,13,12,6,000100000010,15,0.002997002997002997,3,2,1
double_twins_p19,"[0,2,38,40]",30030,510510,17,13,12,6,000101000000,11,0.002197802197802198,3,2,1
double_twins_p19,"[0,2,38,40]",30030,510510,17,13,12,6,000101000010,9,0.0017982017982017982,5,4,1
double_twins_p19,"[0,2,38,40]",30030,510510,17,13,12,6,100000000000,10,0.001998001998001998,2,1,1
double_twins_p19,"[0,2,38,40]",30030,510510,17,13,12,6,100000000010,17,0.0033966033966033966,3,2,1
double_twins_p19,"[0,2,38,40]",30030,510510,17,13,12,6,100001000000,14,0.002797202797202797,4,3,1
double_twins_p19,"[0,2,38,40]",30030,510510,17,13,12,6,100001000010,2,0.0003996003996003996,5,4,1
double_twins_p19,"[0,2,38,40]",30030,510510,17,13,12,6,100100000000,11,0.002197802197802198,3,2,1
double_twins_p19,"[0,2,38,40]",30030,510510,17,13,12,6,100100000010,5,0.000999000999000999,4,3,1
double_twins_p19,"[0,2,38,40]",30030,510510,17,13,12,6,100101000000,3,0.0005994005994005994,5,4,1
double_twins_p19,"[0,2,38,40]",30030,510510,17,13,12,6,100101000010,1,0.0001998001998001998,6,5,1
double_twins_p19,"[0,2,38,40]",30030,510510,17,13,12,7,000000000100,23,0.004595404595404595,2,1,1
double_twins_p19,"[0,2,38,40]",30030,510510,17,13,12,7,000010000000,29,0.005794205794205794,2,1,1
double_twins_p19,"[0,2,38,40]",30030,510510,17,13,12,7,000010000100,10,0.001998001998001998,4,3,1
double_twins_p19,"[0,2,38,40]",30030,510510,17,13,12,7,001000000000,19,0.003796203796203796,2,1,1
double_twins_p19,"[0,2,38,40]",30030,510510,17,13,12,7,001000000100,20,0.003996003996003996,3,2,1
double_twins_p19,"[0,2,38,40]",30030,510510,17,13,12,7,001010000000,14,0.002797202797202797,3,2,1
double_twins_p19,"[0,2,38,40]",30030,510510,17,13,12,7,001010000100,10,0.001998001998001998,5,4,1
double_twins_p19,"[0,2,38,40]",30030,510510,17,13,12,8,000000001000,23,0.004595404595404595,2,1,1
double_twins_p19,"[0,2,38,40]",30030,510510,17,13,12,8,000100000000,29,0.005794205794205794,2,1,1
double_twins_p19,"[0,2,38,40]",30030,510510,17,13,12,8,000100001000,10,0.001998001998001998,4,3,1
double_twins_p19,"[0,2,38,40]",30030,510510,17,13,12,8,010000000000,19,0.003796203796203796,2,1,1
double_twins_p19,"[0,2,38,40]",30030,510510,17,13,12,8,010000001000,20,0.003996003996003996,3,2,1
double_twins_p19,"[0,2,38,40]",30030,510510,17,13,12,8,010100000000,14,0.002797202797202797,3,2,1
double_twins_p19,"[0,2,38,40]",30030,510510,17,13,12,8,010100001000,10,0.001998001998001998,5,4,1
double_twins_p19,"[0,2,38,40]",30030,510510,17,13,12,9,000000010000,23,0.004595404595404595,2,1,1
double_twins_p19,"[0,2,38,40]",30030,510510,17,13,12,9,001000000000,29,0.005794205794205794,2,1,1
double_twins_p19,"[0,2,38,40]",30030,510510,17,13,12,9,001000010000,10,0.001998001998001998,4,3,1
double_twins_p19,"[0,2,38,40]",30030,510510,17,13,12,9,100000000000,19,0.003796203796203796,2,1,1
double_twins_p19,"[0,2,38,40]",30030,510510,17,13,12,9,100000010000,20,0.003996003996003996,3,2,1
double_twins_p19,"[0,2,38,40]",30030,510510,17,13,12,9,101000000000,14,0.002797202797202797,3,2,1
double_twins_p19,"[0,2,38,40]",30030,510510,17,13,12,9,101000010000,10,0.001998001998001998,5,4,1
double_twins_p19,"[0,2,38,40]",30030,510510,17,13,12,10,000000100000,43,0.008591408591408592,2,1,1
double_twins_p19,"[0,2,38,40]",30030,510510,17,13,12,10,010000000000,43,0.008591408591408592,2,1,1
double_twins_p19,"[0,2,38,40]",30030,510510,17,13,12,10,010000100000,20,0.003996003996003996,4,3,1
double_twins_p19,"[0,2,38,40]",30030,510510,17,13,12,11,000001000000,43,0.008591408591408592,2,1,1
double_twins_p19,"[0,2,38,40]",30030,510510,17,13,12,11,100000000000,43,0.008591408591408592,2,1,1
double_twins_p19,"[0,2,38,40]",30030,510510,17,13,12,11,100001000000,20,0.003996003996003996,4,3,1
double_twins_p19,"[0,2,38,40]",30030,510510,17,13,12,12,000010000000,63,0.012587412587412588,2,1,1
double_twins_p19,"[0,2,38,40]",30030,510510,17,13,12,13,000100000000,63,0.012587412587412588,2,1,1
double_twins_p19,"[0,2,38,40]",30030,510510,17,13,12,14,001000000000,63,0.012587412587412588,2,1,1
double_twins_p19,"[0,2,38,40]",30030,510510,17,13,12,15,010000000000,63,0.012587412587412588,2,1,1
double_twins_p19,"[0,2,38,40]",30030,510510,17,13,12,16,100000000000,63,0.012587412587412588,2,1,1
double_twins_p19,"[0,2,38,40]",30030,510510,17,13,12,22,000000000000,143,0.02857142857142857,2,1,1
double_twins_p19,"[0,2,38,40]",30030,510510,17,13,12,23,000000000001,63,0.012587412587412588,2,1,1
double_twins_p19,"[0,2,38,40]",30030,510510,17,13,12,24,000000000010,63,0.012587412587412588,2,1,1
double_twins_p19,"[0,2,38,40]",30030,510510,17,13,12,25,000000000100,63,0.012587412587412588,2,1,1
double_twins_p19,"[0,2,38,40]",30030,510510,17,13,12,26,000000001000,63,0.012587412587412588,2,1,1
double_twins_p19,"[0,2,38,40]",30030,510510,17,13,12,27,000000000000,80,0.015984015984015984,2,1,1
double_twins_p19,"[0,2,38,40]",30030,510510,17,13,12,27,000000010000,63,0.012587412587412588,4,3,1
double_twins_p19,"[0,2,38,40]",30030,510510,17,13,12,28,000000000001,43,0.008591408591408592,2,1,1
double_twins_p19,"[0,2,38,40]",30030,510510,17,13,12,28,000000100000,43,0.008591408591408592,2,1,1
double_twins_p19,"[0,2,38,40]",30030,510510,17,13,12,28,000000100001,20,0.003996003996003996,4,3,1
double_twins_p19,"[0,2,38,40]",30030,510510,17,13,12,29,000000000000,37,0.007392607392607393,2,1,1
double_twins_p19,"[0,2,38,40]",30030,510510,17,13,12,29,000000000010,43,0.008591408591408592,4,3,1
double_twins_p19,"[0,2,38,40]",30030,510510,17,13,12,29,000001000000,43,0.008591408591408592,4,3,1
double_twins_p19,"[0,2,38,40]",30030,510510,17,13,12,29,000001000010,20,0.003996003996003996,8,7,1
double_twins_p19,"[0,2,38,40]",30030,510510,17,13,12,30,000000000001,19,0.003796203796203796,2,1,1
double_twins_p19,"[0,2,38,40]",30030,510510,17,13,12,30,000000000100,29,0.005794205794205794,2,1,1
double_twins_p19,"[0,2,38,40]",30030,510510,17,13,12,30,000000000101,14,0.002797202797202797,3,2,1
double_twins_p19,"[0,2,38,40]",30030,510510,17,13,12,30,000010000000,23,0.004595404595404595,2,1,1
double_twins_p19,"[0,2,38,40]",30030,510510,17,13,12,30,000010000001,20,0.003996003996003996,3,2,1
double_twins_p19,"[0,2,38,40]",30030,510510,17,13,12,30,000010000100,10,0.001998001998001998,4,3,1
double_twins_p19,"[0,2,38,40]",30030,510510,17,13,12,30,000010000101,10,0.001998001998001998,5,4,1
double_twins_p19,"[0,2,38,40]",30030,510510,17,13,12,31,000000000010,19,0.003796203796203796,2,1,1
double_twins_p19,"[0,2,38,40]",30030,510510,17,13,12,31,000000001000,29,0.005794205794205794,2,1,1
double_twins_p19,"[0,2,38,40]",30030,510510,17,13,12,31,000000001010,14,0.002797202797202797,3,2,1
double_twins_p19,"[0,2,38,40]",30030,510510,17,13,12,31,000100000000,23,0.004595404595404595,2,1,1
double_twins_p19,"[0,2,38,40]",30030,510510,17,13,12,31,000100000010,20,0.003996003996003996,3,2,1
double_twins_p19,"[0,2,38,40]",30030,510510,17,13,12,31,000100001000,10,0.001998001998001998,4,3,1
double_twins_p19,"[0,2,38,40]",30030,510510,17,13,12,31,000100001010,10,0.001998001998001998,5,4,1
double_twins_p19,"[0,2,38,40]",30030,510510,17,13,12,32,000000000000,18,0.0035964035964035964,2,1,1
double_twins_p19,"[0,2,38,40]",30030,510510,17,13,12,32,000000000100,19,0.003796203796203796,4,3,1
double_twins_p19,"[0,2,38,40]",30030,510510,17,13,12,32,000000010000,29,0.005794205794205794,4,3,1
double_twins_p19,"[0,2,38,40]",30030,510510,17,13,12,32,000000010100,14,0.002797202797202797,6,5,1
double_twins_p19,"[0,2,38,40]",30030,510510,17,13,12,32,001000000000,23,0.004595404595404595,4,3,1
double_twins_p19,"[0,2,38,40]",30030,510510,17,13,12,32,001000000100,20,0.003996003996003996,6,5,1
double_twins_p19,"[0,2,38,40]",30030,510510,17,13,12,32,001000010000,10,0.001998001998001998,7,6,1
double_twins_p19,"[0,2,38,40]",30030,510510,17,13,12,32,001000010100,10,0.001998001998001998,9,8,1
double_twins_p19,"[0,2,38,40]",30030,510510,17,13,12,33,000000000001,10,0.001998001998001998,2,1,1
double_twins_p19,"[0,2,38,40]",30030,510510,17,13,12,33,000000001000,8,0.0015984015984015984,2,1,1
double_twins_p19,"[0,2,38,40]",30030,510510,17,13,12,33,000000001001,11,0.002197802197802198,3,2,1
double_twins_p19,"[0,2,38,40]",30030,510510,17,13,12,33,000000100000,15,0.002997002997002997,2,1,1
double_twins_p19,"[0,2,38,40]",30030,510510,17,13,12,33,000000100001,14,0.002797202797202797,4,3,1
double_twins_p19,"[0,2,38,40]",30030,510510,17,13,12,33,000000101000,11,0.002197802197802198,3,2,1
double_twins_p19,"[0,2,38,40]",30030,510510,17,13,12,33,000000101001,3,0.0005994005994005994,5,4,1
double_twins_p19,"[0,2,38,40]",30030,510510,17,13,12,33,010000000000,6,0.0011988011988011988,2,1,1
double_twins_p19,"[0,2,38,40]",30030,510510,17,13,12,33,010000000001,17,0.0033966033966033966,3,2,1
double_twins_p19,"[0,2,38,40]",30030,510510,17,13,12,33,010000001000,15,0.002997002997002997,3,2,1
double_twins_p19,"[0,2,38,40]",30030,510510,17,13,12,33,010000001001,5,0.000999000999000999,4,3,1
double_twins_p19,"[0,2,38,40]",30030,510510,17,13,12,33,010000100000,8,0.0015984015984015984,4,3,1
double_twins_p19,"[0,2,38,40]",30030,510510,17,13,12,33,010000100001,2,0.0003996003996003996,5,4,1
double_twins_p19,"[0,2,38,40]",30030,510510,17,13,12,33,010000101000,9,0.0017982017982017982,5,4,1
double_twins_p19,"[0,2,38,40]",30030,510510,17,13,12,33,010000101001,1,0.0001998001998001998,6,5,1
double_twins_p19,"[0,2,38,40]",30030,510510,17,13,12,34,000000000000,8,0.0015984015984015984,2,1,1
double_twins_p19,"[0,2,38,40]",30030,510510,17,13,12,34,000000000010,10,0.001998001998001998,4,3,1
double_twins_p19,"[0,2,38,40]",30030,510510,17,13,12,34,000000010000,8,0.0015984015984015984,4,3,1
double_twins_p19,"[0,2,38,40]",30030,510510,17,13,12,34,000000010010,11,0.002197802197802198,6,5,1
double_twins_p19,"[0,2,38,40]",30030,510510,17,13,12,34,000001000000,15,0.002997002997002997,4,3,1
double_twins_p19,"[0,2,38,40]",30030,510510,17,13,12,34,000001000010,14,0.002797202797202797,8,7,1
double_twins_p19,"[0,2,38,40]",30030,510510,17,13,12,34,000001010000,11,0.002197802197802198,6,5,1
double_twins_p19,"[0,2,38,40]",30030,510510,17,13,12,34,000001010010,3,0.0005994005994005994,5,4,1
double_twins_p19,"[0,2,38,40]",30030,510510,17,13,12,34,100000000000,6,0.0011988011988011988,4,3,1
double_twins_p19,"[0,2,38,40]",30030,510510,17,13,12,34,100000000010,17,0.0033966033966033966,6,5,1
double_twins_p19,"[0,2,38,40]",30030,510510,17,13,12,34,100000010000,15,0.002997002997002997,6,5,1
double_twins_p19,"[0,2,38,40]",30030,510510,17,13,12,34,100000010010,5,0.000999000999000999,8,7,1
double_twins_p19,"[0,2,38,40]",30030,510510,17,13,12,34,100001000000,8,0.0015984015984015984,7,6,1
double_twins_p19,"[0,2,38,40]",30030,510510,17,13,12,34,100001000010,2,0.0003996003996003996,6,5,1
double_twins_p19,"[0,2,38,40]",30030,510510,17,13,12,34,100001010000,9,0.0017982017982017982,9,8,1
double_twins_p19,"[0,2,38,40]",30030,510510,17,13,12,34,100001010010,1,0.0001998001998001998,6,5,1
