{
  "schema": 1,
  "config": {
    "depths": 3,
    "k0": 8,
    "regions_budget": 256,
    "memory_budget_bytes": 536870912,
    "threads": 1,
    "min_support": 64,
    "entropy_gain_bits": 0.25,
    "split_children": 2,
    "top_m": 3,
    "radius_quantile": "95/100",
    "batch_size": 7915,
    "bytes_per_observation": 1224,
    "memory_reserve_bytes": 67108864
  },
  "inputs": {
    "artifact_kappa": "blake3:3acdf6e83fe31cc8c6023af65037809440b0c07f64304d722f4b77619cac54ab",
    "corpus_kappa": "blake3:54d7bf197297e2444e1aaca8e00e3eec000e10f4ba12a953d37faa7f7f84c3bd",
    "train_observations": 7915,
    "held_out_observations": 2085
  },
  "regions": {
    "total": 54,
    "per_depth": [
      8,
      16,
      30
    ],
    "splits": 23,
    "leaves": 31,
    "split_gains_bits": [
      0.39267421481281417,
      0.489580074145195,
      0.42591761034560705,
      0.6632556382828776,
      0.5022507100953728,
      0.2509553229538177,
      0.5272921183782131,
      0.5503538843380955,
      0.47668859921770856,
      0.8317846287626205,
      0.803893536991537,
      0.4079992099558485,
      0.6822846598404704,
      0.7661396153113369,
      0.7535055773960044,
      0.3187472581424604,
      0.7425037331859841,
      0.6068257555504974,
      0.3847774906736472,
      0.7849993149960648,
      0.5864045167084022,
      0.6767954187965204,
      0.7052202070589502
    ],
    "support_min": 30,
    "support_max": 1370,
    "radius_min": 102,
    "radius_max": 144
  },
  "edges": {
    "refinement": 54,
    "neighbor": 1017,
    "coactivation_min": 39,
    "degree_cap": 8
  },
  "reference_classifier": {
    "kappa": "blake3:d25436d91bdaee6a60e6c69c7e70f14db7012ca50d0a1eb906b9454924b337a8",
    "semantics": "exact compiler-side membership (nearest prototype by cosine); the shipped binary path is top-M masked-Hamming within calibrated radii with nearest-region fallback"
  },
  "recall": [
    {
      "depth": 1,
      "evaluated": 2085,
      "reference_top1_recall": 0.7717026378896883,
      "reference_topm_recall": 0.920863309352518,
      "coassignment_evaluated": 494,
      "class_coassignment_recall_top1": 0.9091404209825262,
      "class_coassignment_recall_topm": 0.9816408007197479,
      "class_coassignment_precision_top1": 0.008177786549360666,
      "class_coassignment_precision_topm": 0.004105369820576663,
      "frontier_width_mean": 2.4613908872901678,
      "frontier_width_max": 3
    },
    {
      "depth": 2,
      "evaluated": 2085,
      "reference_top1_recall": 0.7501199040767386,
      "reference_topm_recall": 0.8906474820143885,
      "coassignment_evaluated": 494,
      "class_coassignment_recall_top1": 0.892632586711534,
      "class_coassignment_recall_topm": 0.9702107103422893,
      "class_coassignment_precision_top1": 0.016232414448815007,
      "class_coassignment_precision_topm": 0.0077182510073162845,
      "frontier_width_mean": 2.5563549160671464,
      "frontier_width_max": 3
    },
    {
      "depth": 3,
      "evaluated": 2085,
      "reference_top1_recall": 0.7184652278177458,
      "reference_topm_recall": 0.8594724220623501,
      "coassignment_evaluated": 494,
      "class_coassignment_recall_top1": 0.9221865853444801,
      "class_coassignment_recall_topm": 0.9664867296446246,
      "class_coassignment_precision_top1": 0.03416105528171128,
      "class_coassignment_precision_topm": 0.012851061441322573,
      "frontier_width_mean": 2.617745803357314,
      "frontier_width_max": 3
    }
  ],
  "determinism": {
    "note": "single-threaded v1: threads=1 is recorded but never used; reductions are ordered (batch-id order, f64 accumulators), seeding is content-addressed; identical inputs produce byte-identical artifacts regardless of thread count",
    "cover_kappa": "blake3:d25436d91bdaee6a60e6c69c7e70f14db7012ca50d0a1eb906b9454924b337a8"
  },
  "artifact": {
    "bytes": 36940,
    "kappa": "blake3:222693ac30b31c5686540f4675b8a2f9667678920f23709c342383854bcace42",
    "node_count": 55,
    "edge_count": 1071
  }
}